timestamp_us,time_s,x,y,vx,vy,xy_valid,v_xy_valid,heading_good_for_control,xy_reset_counter,vxy_reset_counter,heading_reset_counter,target_x,target_y,target_timestamp_us,roll,pitch,manual_valid,nav_state,arming_state,landed,position_enabled,error_m,speed_m_s,qualified
21233721,0.109128,-0.1623905599117279,0.4624646008014679,0.06386316567659378,0.10334020853042603,1.0,1.0,0.0,5.0,8.0,3.0,nan,nan,nan,-0.0020040469244122505,-0.0019999975338578224,1.0,1.0,2.0,0.0,0.0,nan,0.12148128509917897,False
21239884,0.115291,-0.1618741750717163,0.46337151527404785,0.06560183316469193,0.10045604407787323,1.0,1.0,0.0,5.0,8.0,3.0,nan,nan,21233777.0,-0.0020040469244122505,-0.0019999975338578224,1.0,1.0,2.0,0.0,0.0,nan,0.11997923698016955,False
21331723,0.20713,-0.1569741666316986,0.47197628021240234,0.06709636747837067,0.10396479070186615,1.0,1.0,0.0,5.0,8.0,3.0,nan,nan,21239918.0,-0.0020040469244122505,-0.0019999975338578224,1.0,1.0,2.0,0.0,0.0,nan,0.12373601025762626,False
21436593,0.312,-0.15073148906230927,0.4810028672218323,0.07176953554153442,0.10411211848258972,1.0,1.0,0.0,5.0,8.0,3.0,nan,nan,21331789.0,-0.0020040469244122505,-0.0019999975338578224,1.0,1.0,2.0,0.0,0.0,nan,0.12645236038437707,False
21534353,0.40976,-0.14433927834033966,0.4902583658695221,0.07597663253545761,0.10606992244720459,1.0,1.0,0.0,5.0,8.0,3.0,nan,nan,21436652.0,-0.0020040469244122505,-0.0019999975338578224,1.0,1.0,2.0,0.0,0.0,nan,0.1304732813237406,False
21631913,0.50732,-0.13813462853431702,0.4997388422489166,0.08076531440019608,0.10685084760189056,1.0,1.0,0.0,5.0,8.0,3.0,nan,nan,21534406.0,-0.0020040469244122505,-0.0019999975338578224,1.0,1.0,2.0,0.0,0.0,nan,0.13394080649079637,False
21729509,0.604916,-0.13200464844703674,0.5092016458511353,0.07950509339570999,0.10911627858877182,1.0,1.0,0.0,5.0,8.0,3.0,nan,nan,21631964.0,-0.0020040469244122505,-0.0019999975338578224,1.0,1.0,2.0,0.0,0.0,nan,0.13500897054982322,False
21830246,0.705653,-0.12470656633377075,0.5196757912635803,0.08400176465511322,0.10846028476953506,1.0,1.0,0.0,5.0,8.0,3.0,nan,nan,21729561.0,-0.0020040469244122505,-0.0019999975338578224,1.0,1.0,2.0,0.0,0.0,nan,0.13718574939643574,False
21936709,0.812116,-0.11760614067316055,0.5301491618156433,0.08465461432933807,0.10944955050945282,1.0,1.0,0.0,5.0,8.0,3.0,nan,nan,21830299.0,-0.0020040469244122505,-0.0019999975338578224,1.0,1.0,2.0,0.0,0.0,nan,0.13836765458000014,False
22034434,0.909841,-0.11065740138292313,0.5406988859176636,0.08676978945732117,0.11096587777137756,1.0,1.0,0.0,5.0,8.0,3.0,nan,nan,21936761.0,-0.0020040469244122505,-0.0019999975338578224,1.0,1.0,2.0,0.0,0.0,nan,0.14086313354472899,False
22139670,1.015077,-0.10317125171422958,0.551453173160553,0.08993566036224365,0.11154089123010635,1.0,1.0,0.0,5.0,8.0,3.0,nan,nan,22034485.0,-0.0020040469244122505,-0.0019999975338578224,1.0,1.0,2.0,0.0,0.0,nan,0.1432822159976571,False
22234573,1.10998,-0.09583907574415207,0.5614035129547119,0.0906003788113594,0.11203860491514206,1.0,1.0,0.0,5.0,8.0,3.0,nan,nan,22139703.0,-0.0020040469244122505,-0.0019999975338578224,1.0,1.0,2.0,0.0,0.0,nan,0.14408704880069242,False
22336371,1.211778,-0.08693543821573257,0.572249710559845,0.09309536218643188,0.11009683459997177,1.0,1.0,0.0,5.0,8.0,3.0,nan,nan,22234608.0,-0.0020040469244122505,-0.0019999975338578224,1.0,1.0,2.0,0.0,0.0,nan,0.14418064866533398,False
22429443,1.30485,-0.07845320552587509,0.5821387767791748,0.09768902510404587,0.11317284405231476,1.0,1.0,0.0,5.0,8.0,3.0,nan,nan,22336406.0,-0.0020040469244122505,-0.0019999975338578224,1.0,1.0,2.0,0.0,0.0,nan,0.1495033051697134,False
22536142,1.411549,-0.0683743953704834,0.5932505130767822,0.10342290997505188,0.11278561502695084,1.0,1.0,0.0,5.0,8.0,3.0,nan,nan,22429498.0,-0.0020040469244122505,-0.0019999975338578224,1.0,1.0,2.0,0.0,0.0,nan,0.15302579280864792,False
22633726,1.509133,-0.058842845261096954,0.6035396456718445,0.10367477685213089,0.11615640670061111,1.0,1.0,0.0,5.0,8.0,3.0,nan,nan,22536189.0,-0.0020040469244122505,-0.0019999975338578224,1.0,1.0,2.0,0.0,0.0,nan,0.15569447701487973,False
22729978,1.605385,-0.04909022897481918,0.6138405799865723,0.10748470574617386,0.11632808297872543,1.0,1.0,0.0,5.0,8.0,3.0,nan,nan,22633790.0,-0.0020040469244122505,-0.0019999975338578224,1.0,1.0,2.0,0.0,0.0,nan,0.15838303210523155,False
22834953,1.71036,-0.03824770450592041,0.6249226927757263,0.11350233107805252,0.11562294512987137,1.0,1.0,0.0,5.0,8.0,3.0,nan,nan,22730030.0,-0.0020040469244122505,-0.0019999975338578224,1.0,1.0,2.0,0.0,0.0,nan,0.16202297553327766,False
22929827,1.805234,-0.027514850720763206,0.6356040835380554,0.11585542559623718,0.11620514839887619,1.0,1.0,0.0,5.0,8.0,3.0,nan,nan,22834987.0,-0.0020040469244122505,-0.0019999975338578224,1.0,1.0,2.0,0.0,0.0,nan,0.1640917918559307,False
23031902,1.907309,-0.015956996008753777,0.6469646096229553,0.11794371157884598,0.11814817041158676,1.0,1.0,0.0,5.0,8.0,3.0,nan,nan,22929878.0,-0.0020040469244122505,-0.0019999975338578224,1.0,1.0,2.0,0.0,0.0,nan,0.1669422333401568,False
23132404,2.007811,-0.005054107867181301,0.6573766469955444,0.11942614614963531,0.1191587895154953,1.0,1.0,0.0,5.0,8.0,3.0,nan,nan,23031954.0,-0.0020040469244122505,-0.0019999975338578224,1.0,1.0,2.0,0.0,0.0,nan,0.1687051318216259,False
23236160,2.111567,0.007683927193284035,0.6687403321266174,0.12481441348791122,0.12040276825428009,1.0,1.0,0.0,5.0,8.0,3.0,nan,nan,23132456.0,-0.0020040469244122505,-0.0019999975338578224,1.0,1.0,2.0,0.0,0.0,nan,0.1734227909405945,False
23329264,2.204671,0.01915505714714527,0.6784763932228088,0.12712237238883972,0.11836965382099152,1.0,1.0,0.0,5.0,8.0,3.0,nan,nan,23236194.0,-0.0020040469244122505,-0.0019999975338578224,1.0,1.0,2.0,0.0,0.0,nan,0.1736993739409219,False
23427060,2.302467,0.03125660866498947,0.6885875463485718,0.12911385297775269,0.11905328929424286,1.0,1.0,0.0,5.0,8.0,3.0,nan,nan,23329315.0,-0.0020040469244122505,-0.0019999975338578224,1.0,1.0,2.0,0.0,0.0,nan,0.17562480668327984,False
23528964,2.404371,0.04495391249656677,0.6996451020240784,0.1317318081855774,0.12026789039373398,1.0,1.0,0.0,5.0,8.0,3.0,nan,nan,23427114.0,-0.0020040469244122505,-0.0019999975338578224,1.0,1.0,2.0,0.0,0.0,nan,0.17837498352515962,False
23631268,2.506675,0.0587247833609581,0.7106080055236816,0.13459619879722595,0.12219864130020142,1.0,1.0,0.0,5.0,8.0,3.0,nan,nan,23529015.0,-0.0020040469244122505,-0.0019999975338578224,1.0,1.0,2.0,0.0,0.0,nan,0.18179286197834518,False
23733271,2.608678,0.07221520692110062,0.7219608426094055,0.13655443489551544,0.12274596840143204,1.0,1.0,0.0,5.0,8.0,3.0,nan,nan,23631334.0,-0.0020040469244122505,-0.0019999975338578224,1.0,1.0,2.0,0.0,0.0,nan,0.1836128711404484,False
23832660,2.708067,0.08654909580945969,0.7337027788162231,0.14196476340293884,0.1243472546339035,1.0,1.0,0.0,5.0,8.0,3.0,nan,nan,23733325.0,-0.0020040469244122505,-0.0019999975338578224,1.0,1.0,2.0,0.0,0.0,nan,0.18872263717699908,False
23925589,2.800996,0.0996207445859909,0.7444575428962708,0.14260856807231903,0.12647078931331635,1.0,1.0,0.0,5.0,8.0,3.0,nan,nan,23832714.0,-0.0020040469244122505,-0.0019999975338578224,1.0,1.0,2.0,0.0,0.0,nan,0.19060971705862872,False
24030884,2.906291,0.11522528529167175,0.7573509216308594,0.14753738045692444,0.1275455355644226,1.0,1.0,0.0,5.0,8.0,3.0,nan,nan,23925665.0,-0.0020040469244122505,-0.0019999975338578224,1.0,1.0,2.0,0.0,0.0,nan,0.19502600409818857,False
24128765,3.004172,0.12970656156539917,0.7695685029029846,0.14691463112831116,0.12969329953193665,1.0,1.0,0.0,5.0,8.0,3.0,nan,nan,24030940.0,-0.0020040469244122505,-0.0019999975338578224,1.0,1.0,2.0,0.0,0.0,nan,0.19597005072982038,False
24227661,3.103068,0.14476147294044495,0.781965434551239,0.1487789899110794,0.13426432013511658,1.0,1.0,0.0,5.0,8.0,3.0,nan,nan,24128816.0,-0.0020040469244122505,-0.0019999975338578224,1.0,1.0,2.0,0.0,0.0,nan,0.20040482903439763,False
24329647,3.205054,0.1602385938167572,0.7942638397216797,0.15490196645259857,0.13143496215343475,1.0,1.0,0.0,5.0,8.0,3.0,nan,nan,24227735.0,-0.0020040469244122505,-0.0019999975338578224,1.0,1.0,2.0,0.0,0.0,nan,0.203149620937763,False
24435105,3.310512,0.17673708498477936,0.8072673678398132,0.15298905968666077,0.13343442976474762,1.0,1.0,0.0,5.0,8.0,3.0,nan,nan,24329703.0,-0.0020040469244122505,-0.0019999975338578224,1.0,1.0,2.0,0.0,0.0,nan,0.20300344684377164,False
24536979,3.412386,0.19345100224018097,0.8201546669006348,0.1526583731174469,0.1377434879541397,1.0,1.0,0.0,5.0,8.0,3.0,nan,nan,24435163.0,-0.0020040469244122505,-0.0019999975338578224,1.0,1.0,2.0,0.0,0.0,nan,0.2056157760402588,False
24636141,3.511548,0.20994845032691956,0.8321695327758789,0.15974017977714539,0.13636450469493866,1.0,1.0,0.0,5.0,8.0,3.0,nan,nan,24537012.0,-0.0020040469244122505,-0.0019999975338578224,1.0,1.0,2.0,0.0,0.0,nan,0.21002905317105697,False
24732470,3.607877,0.22567445039749146,0.8438457250595093,0.15885241329669952,0.14063848555088043,1.0,1.0,0.0,5.0,8.0,3.0,nan,nan,24636200.0,-0.0020040469244122505,-0.0019999975338578224,1.0,1.0,2.0,0.0,0.0,nan,0.21216331640561864,False
24837570,3.712977,0.24414487183094025,0.8573048710823059,0.16634532809257507,0.13975955545902252,1.0,1.0,0.0,5.0,8.0,3.0,nan,nan,24732521.0,-0.004008054733276367,-0.0019999975338578224,1.0,1.0,2.0,0.0,0.0,nan,0.2172636682014046,False
24935138,3.810545,0.261421799659729,0.8700505495071411,0.1652345359325409,0.14381082355976105,1.0,1.0,0.0,5.0,8.0,3.0,nan,nan,24837623.0,-0.004008054733276367,-0.0019999975338578224,1.0,1.0,2.0,0.0,0.0,nan,0.2190525161639986,False
25030092,3.905499,0.27850499749183655,0.8830645084381104,0.16950121521949768,0.14625029265880585,1.0,1.0,0.0,5.0,8.0,3.0,nan,nan,24935190.0,-0.0020040469244122505,-0.0019999975338578224,1.0,1.0,2.0,0.0,0.0,nan,0.2238745409010878,False
25136525,4.011932,0.2964538633823395,0.8962493538856506,0.1747797131538391,0.14944803714752197,1.0,1.0,0.0,5.0,8.0,3.0,nan,nan,25030144.0,-0.0020040469244122505,-0.0019999975338578224,1.0,1.0,2.0,0.0,0.0,nan,0.22996230981920796,False
25235494,4.110901,0.3147164583206177,0.9094910025596619,0.17256447672843933,0.1438968926668167,1.0,1.0,0.0,5.0,8.0,3.0,nan,nan,25136576.0,0.12048183381557465,-0.19600000977516174,1.0,1.0,2.0,0.0,0.0,nan,0.2246882603691734,False
25336393,4.2118,0.3314450681209564,0.9205948114395142,0.13357380032539368,0.1233920007944107,1.0,1.0,0.0,5.0,8.0,3.0,nan,nan,25235528.0,0.12048183381557465,-0.19600000977516174,1.0,1.0,2.0,0.0,0.0,nan,0.18184484043660956,False
25429315,4.304722,0.34023019671440125,0.9275821447372437,0.05976137891411781,0.08513016998767853,1.0,1.0,0.0,5.0,8.0,3.0,nan,nan,25336427.0,0.10040150582790375,-0.15000000596046448,1.0,1.0,2.0,0.0,0.0,nan,0.10401234663177159,False
25526898,4.402305,0.3384999632835388,0.9313353300094604,-0.03438316285610199,0.03955148905515671,1.0,1.0,0.0,5.0,8.0,3.0,nan,nan,25429367.0,0.10040150582790375,-0.15000000596046448,1.0,1.0,2.0,0.0,0.0,nan,0.05240727215253063,False
25640010,4.515417,0.32754281163215637,0.9319749474525452,-0.13425466418266296,-0.012379930354654789,1.0,1.0,0.0,5.0,8.0,3.0,nan,nan,25526949.0,0.03012038767337799,-0.10400000214576721,1.0,1.0,2.0,0.0,0.0,nan,0.13482424681927843,False
25737220,4.612627,0.31464752554893494,0.9284263253211975,-0.1900826245546341,-0.05306516960263252,1.0,1.0,0.0,5.0,8.0,3.0,nan,nan,25640044.0,0.03012038767337799,-0.10400000214576721,1.0,1.0,2.0,0.0,0.0,nan,0.19735074457050863,False
25833407,4.708814,0.30142709612846375,0.9226836562156677,-0.23065371811389923,-0.0970117598772049,1.0,1.0,0.0,5.0,8.0,3.0,nan,nan,25737270.0,0.004015970975160599,-0.12400000542402267,1.0,1.0,2.0,0.0,0.0,nan,0.2502247374546301,False
25936942,4.812349,0.2823823094367981,0.9106271862983704,-0.2722822427749634,-0.15100987255573273,1.0,1.0,0.0,5.0,8.0,3.0,nan,nan,25833486.0,0.004015970975160599,-0.12400000542402267,1.0,1.0,2.0,0.0,0.0,nan,0.3113544625340429,False
26028614,4.904021,0.2636834681034088,0.8957480192184448,-0.3080606460571289,-0.19820623099803925,1.0,1.0,0.0,5.0,8.0,3.0,nan,nan,25936976.0,0.0020079389214515686,-0.1080000028014183,1.0,1.0,2.0,0.0,0.0,nan,0.3663155356459561,False
26139727,5.015134,0.24057157337665558,0.8739355802536011,-0.33857521414756775,-0.25525712966918945,1.0,1.0,0.0,5.0,8.0,3.0,nan,nan,26028669.0,0.0020079389214515686,-0.1080000028014183,1.0,1.0,2.0,0.0,0.0,nan,0.42401577551079955,False
26237419,5.112826,0.21740789711475372,0.8490228652954102,-0.3533782660961151,-0.30293238162994385,1.0,1.0,0.0,5.0,8.0,3.0,nan,nan,26139760.0,0.0020079389214515686,-0.09400000423192978,1.0,1.0,2.0,0.0,0.0,nan,0.46545056320632666,False
26336702,5.212109,0.1911861002445221,0.818879246711731,-0.3732128143310547,-0.3437937796115875,1.0,1.0,0.0,5.0,8.0,3.0,nan,nan,26237471.0,0.0020079389214515686,-0.09400000423192978,1.0,1.0,2.0,0.0,0.0,nan,0.5074268101712079,False
26431259,5.306666,0.16792821884155273,0.7895800471305847,-0.3865310251712799,-0.37843552231788635,1.0,1.0,0.0,5.0,8.0,3.0,nan,nan,26336736.0,0.0020079389214515686,-0.017999999225139618,1.0,1.0,2.0,0.0,0.0,nan,0.5409433223286633,False
26529047,5.404454,0.14096462726593018,0.7542487382888794,-0.39523205161094666,-0.406994104385376,1.0,1.0,0.0,5.0,8.0,3.0,nan,nan,26431310.0,0.0020079389214515686,-0.017999999225139618,1.0,1.0,2.0,0.0,0.0,nan,0.5673205228308353,False
26628243,5.50365,0.11700329929590225,0.7211194634437561,-0.39283493161201477,-0.4113932251930237,1.0,1.0,0.0,5.0,8.0,3.0,nan,nan,26529098.0,-3.888271749019623e-08,-0.0019999975338578224,1.0,1.0,2.0,0.0,0.0,nan,0.5688265721899199,False
26730267,5.605674,0.0918082520365715,0.6873612403869629,-0.37774720788002014,-0.4017100930213928,1.0,1.0,0.0,5.0,8.0,3.0,nan,nan,26628308.0,-3.888271749019623e-08,2.3283064365386963e-10,1.0,1.0,2.0,0.0,0.0,nan,0.5514199415113741,False
26835177,5.710584,0.06798974424600601,0.6567474603652954,-0.3614240884780884,-0.3856498897075653,1.0,1.0,0.0,5.0,8.0,3.0,nan,nan,26730320.0,-3.888271749019623e-08,2.3283064365386963e-10,1.0,1.0,2.0,0.0,0.0,nan,0.528538748970853,False
26933113,5.80852,0.04560808837413788,0.628145158290863,-0.3410804271697998,-0.3642737865447998,1.0,1.0,0.0,5.0,8.0,3.0,nan,nan,26835228.0,-3.888271749019623e-08,2.3283064365386963e-10,1.0,1.0,2.0,0.0,0.0,nan,0.49903030906150325,False
27029040,5.904447,0.023724079132080078,0.6010429859161377,-0.32694578170776367,-0.3433087468147278,1.0,1.0,0.0,5.0,8.0,3.0,nan,nan,26933165.0,-0.0020040469244122505,0.006012024357914925,1.0,1.0,2.0,0.0,0.0,nan,0.4740827352013565,False
27137353,6.01276,4.418091066327179e-06,0.572256863117218,-0.3071327209472656,-0.3202719986438751,1.0,1.0,0.0,5.0,8.0,3.0,nan,nan,27029092.0,-0.0020040469244122505,0.006012024357914925,1.0,1.0,2.0,0.0,0.0,nan,0.44373940707560927,False
27226084,6.101491,-0.01819751039147377,0.5501546263694763,-0.2913435995578766,-0.3040679395198822,1.0,1.0,0.0,5.0,8.0,3.0,nan,nan,27137389.0,-0.0020040469244122505,0.006012024357914925,1.0,1.0,2.0,0.0,0.0,nan,0.42111566682706914,False
27328017,6.203424,-0.04067469760775566,0.5250347256660461,-0.26321548223495483,-0.26456698775291443,1.0,1.0,0.0,5.0,8.0,3.0,nan,nan,27226150.0,-0.004008054733276367,0.08216433227062225,1.0,1.0,2.0,0.0,0.0,nan,0.3731997871071614,False
27434726,6.310133,-0.0615871362388134,0.5039098262786865,-0.2321518510580063,-0.22103899717330933,1.0,1.0,0.0,5.0,8.0,3.0,nan,nan,27328068.0,-0.008016071282327175,0.014028056524693966,1.0,1.0,2.0,0.0,0.0,nan,0.3205506515685797,False
27538256,6.413663,-0.0812116339802742,0.48434677720069885,-0.20563462376594543,-0.1901784986257553,1.0,1.0,0.0,5.0,8.0,3.0,nan,nan,27434781.0,-0.008016071282327175,0.014028056524693966,1.0,1.0,2.0,0.0,0.0,nan,0.2800954477154321,False
27634331,6.509738,-0.09817762672901154,0.467536598443985,-0.18218687176704407,-0.17206451296806335,1.0,1.0,0.0,5.0,8.0,3.0,nan,nan,27538289.0,-0.010020079091191292,-0.0019999975338578224,1.0,1.0,2.0,0.0,0.0,nan,0.25059579578915164,False
27735192,6.610599,-0.11563396453857422,0.4493519961833954,-0.15785284340381622,-0.16239558160305023,1.0,1.0,0.0,5.0,8.0,3.0,nan,nan,27634383.0,-0.004008054733276367,-0.0019999975338578224,1.0,1.0,2.0,0.0,0.0,nan,0.22647261444789007,False
27833091,6.708498,-0.13010208308696747,0.4313625395298004,-0.13887269794940948,-0.15361960232257843,1.0,1.0,0.0,5.0,8.0,3.0,nan,nan,27735226.0,-0.004008054733276367,-0.0019999975338578224,1.0,1.0,2.0,0.0,0.0,nan,0.20708599289545168,False
27939333,6.81474,-0.14649716019630432,0.4124525189399719,-0.1270168274641037,-0.1468810886144638,1.0,1.0,0.0,5.0,8.0,3.0,nan,nan,27833171.0,-0.004008054733276367,-0.0019999975338578224,1.0,1.0,2.0,0.0,0.0,nan,0.19418374971046332,False
28032410,6.907817,-0.15993858873844147,0.39723479747772217,-0.11816677451133728,-0.1401248276233673,1.0,1.0,0.0,5.0,8.0,3.0,nan,nan,27939367.0,-0.0020040469244122505,2.3283064365386963e-10,1.0,1.0,2.0,0.0,0.0,nan,0.18329853767799575,False
28130126,7.005533,-0.17475605010986328,0.381387323141098,-0.11464215070009232,-0.13309809565544128,1.0,1.0,0.0,5.0,8.0,3.0,nan,nan,28032448.0,-0.0020040469244122505,2.3283064365386963e-10,1.0,1.0,2.0,0.0,0.0,nan,0.17566424162090494,False
28232281,7.107688,-0.19061605632305145,0.366478830575943,-0.10178782045841217,-0.1259278804063797,1.0,1.0,0.0,5.0,8.0,3.0,nan,nan,28130180.0,-0.0020040469244122505,-0.0019999975338578224,1.0,1.0,2.0,0.0,0.0,nan,0.16192155958153756,False
28334531,7.209938,-0.20627884566783905,0.35197508335113525,-0.10173963755369186,-0.1171930730342865,1.0,1.0,0.0,5.0,8.0,3.0,nan,nan,28232335.0,-0.0020040469244122505,-0.0019999975338578224,1.0,1.0,2.0,0.0,0.0,nan,0.15519397609693553,False
28436710,7.312117,-0.22243675589561462,0.33792543411254883,-0.0908658504486084,-0.11412669718265533,1.0,1.0,0.0,5.0,8.0,3.0,nan,nan,28334583.0,-0.0020040469244122505,-0.0019999975338578224,1.0,1.0,2.0,0.0,0.0,nan,0.14588182130605024,False
28534206,7.409613,-0.23709020018577576,0.32524606585502625,-0.0881042554974556,-0.10821107029914856,1.0,1.0,0.0,5.0,8.0,3.0,nan,nan,28436776.0,-0.0020040469244122505,-0.0019999975338578224,1.0,1.0,2.0,0.0,0.0,nan,0.13954209247409258,False
28636371,7.511778,-0.25295713543891907,0.31288981437683105,-0.09078860282897949,-0.09819167107343674,1.0,1.0,0.0,5.0,8.0,3.0,nan,nan,28534240.0,-0.0020040469244122505,-0.0019999975338578224,1.0,1.0,2.0,0.0,0.0,nan,0.13373172649686452,False
28729615,7.605022,-0.2682112455368042,0.30256885290145874,-0.09635891765356064,-0.08922901749610901,1.0,1.0,0.0,5.0,8.0,3.0,nan,nan,28636407.0,-0.0020040469244122505,-0.0019999975338578224,1.0,1.0,2.0,0.0,0.0,nan,0.1313272956193289,False
28827298,7.702705,-0.28434810042381287,0.29181379079818726,-0.10039322823286057,-0.08068676292896271,1.0,1.0,0.0,5.0,8.0,3.0,nan,nan,28729676.0,-0.05410825461149216,0.006012024357914925,1.0,1.0,2.0,0.0,0.0,nan,0.12879888969618436,False
28938190,7.813597,-0.3023255169391632,0.28017309308052063,-0.09237845242023468,-0.07811741530895233,1.0,1.0,0.0,5.0,8.0,3.0,nan,nan,28827376.0,-0.05410825461149216,0.006012024357914925,1.0,1.0,2.0,0.0,0.0,nan,0.12097978775857107,False
29036020,7.911427,-0.31674009561538696,0.26966702938079834,-0.07237406820058823,-0.07838164269924164,1.0,1.0,0.0,5.0,8.0,3.0,nan,nan,28938227.0,-0.018036112189292908,0.006012024357914925,1.0,1.0,2.0,0.0,0.0,nan,0.10668499266595549,False
29133564,8.008971,-0.32822397351264954,0.25859132409095764,-0.0545036606490612,-0.07922512292861938,1.0,1.0,0.0,5.0,8.0,3.0,nan,nan,29036056.0,-0.018036112189292908,0.006012024357914925,1.0,1.0,2.0,0.0,0.0,nan,0.0961627221287068,False
29235710,8.111117,-0.3386767506599426,0.24673977494239807,-0.03723907098174095,-0.07762201130390167,1.0,1.0,0.0,5.0,8.0,3.0,nan,nan,29133608.0,-0.012024086900055408,0.004008016549050808,1.0,1.0,2.0,0.0,0.0,nan,0.08609253769314841,False
29334942,8.210349,-0.3482826054096222,0.23580540716648102,-0.027446232736110687,-0.07377520948648453,1.0,1.0,0.0,5.0,8.0,3.0,nan,nan,29235746.0,-0.012024086900055408,0.004008016549050808,1.0,1.0,2.0,0.0,0.0,nan,0.07871516516008481,False
29436955,8.312362,-0.35693037509918213,0.22536353766918182,-0.015624186024069786,-0.0693320706486702,1.0,1.0,0.0,5.0,8.0,3.0,nan,nan,29334993.0,-0.008016071282327175,2.3283064365386963e-10,1.0,1.0,2.0,0.0,0.0,nan,0.07107074791605146,False
29530110,8.405517,-0.36347681283950806,0.2159402221441269,-0.006573351100087166,-0.06455855816602707,1.0,1.0,0.0,5.0,8.0,3.0,nan,nan,29436990.0,-0.008016071282327175,2.3283064365386963e-10,1.0,1.0,2.0,0.0,0.0,nan,0.06489234451891315,False
29627717,8.503124,-0.36944612860679626,0.20651599764823914,0.0008202522876672447,-0.06030211225152016,1.0,1.0,0.0,5.0,8.0,3.0,nan,nan,29530162.0,-0.008016071282327175,2.3283064365386963e-10,1.0,1.0,2.0,0.0,0.0,nan,0.060307690685437135,False
29729921,8.605328,-0.3749209940433502,0.19682608544826508,0.004546848125755787,-0.05696387588977814,1.0,1.0,0.0,5.0,8.0,3.0,nan,nan,29627787.0,-0.0020040469244122505,-0.0019999975338578224,1.0,1.0,2.0,0.0,0.0,nan,0.05714505214158734,False
29829206,8.704613,-0.3794150650501251,0.1887889951467514,0.004013770259916782,-0.04916336014866829,1.0,1.0,0.0,5.0,8.0,3.0,nan,nan,29729973.0,-0.0020040469244122505,-0.0019999975338578224,1.0,1.0,2.0,0.0,0.0,nan,0.049326933138064216,False
29934294,8.809701,-0.38381341099739075,0.18048985302448273,0.009197482839226723,-0.044993575662374496,1.0,1.0,0.0,5.0,8.0,3.0,nan,nan,29829258.0,-0.0020040469244122505,-0.0019999975338578224,1.0,1.0,2.0,0.0,0.0,nan,0.04592401922157607,False
30032275,8.907682,-0.387770414352417,0.17349077761173248,0.00759124243631959,-0.039600178599357605,1.0,1.0,0.0,5.0,8.0,3.0,nan,nan,29934348.0,-0.0020040469244122505,-0.0019999975338578224,1.0,1.0,2.0,0.0,0.0,nan,0.04032122402442663,False
30134028,9.009435,-0.3916398882865906,0.16640952229499817,0.00938913319259882,-0.03657222166657448,1.0,1.0,0.0,5.0,8.0,3.0,nan,nan,30032309.0,-0.0020040469244122505,-0.0019999975338578224,1.0,1.0,2.0,0.0,0.0,nan,0.037758220558408474,False
30233067,9.108474,-0.3953310549259186,0.15951544046401978,0.0071264468133449554,-0.03352559357881546,1.0,1.0,0.0,5.0,8.0,3.0,nan,nan,30134062.0,-0.0020040469244122505,-0.0019999975338578224,1.0,1.0,2.0,0.0,0.0,nan,0.034274650530608575,False
30338560,9.213967,-0.3983747065067291,0.15345163643360138,0.009359673596918583,-0.031242191791534424,1.0,1.0,0.0,5.0,8.0,3.0,nan,nan,30233120.0,-0.0020040469244122505,-0.0019999975338578224,1.0,1.0,2.0,0.0,0.0,nan,0.03261407729462656,False
30435982,9.311389,-0.40124568343162537,0.14754658937454224,0.007291746325790882,-0.02840581163764,1.0,1.0,0.0,5.0,8.0,3.0,nan,nan,30338595.0,-0.0020040469244122505,-0.0019999975338578224,1.0,1.0,2.0,0.0,0.0,nan,0.02932677444371898,False
30533742,9.409149,-0.40437552332878113,0.1417817771434784,0.010799642652273178,-0.02626851387321949,1.0,1.0,0.0,5.0,8.0,3.0,nan,nan,30436017.0,-0.0020040469244122505,-0.0019999975338578224,1.0,1.0,2.0,0.0,0.0,nan,0.028401885545229613,False
30634421,9.509828,-0.40675434470176697,0.13696950674057007,0.013029790483415127,-0.02364211343228817,1.0,1.0,0.0,5.0,8.0,3.0,nan,nan,30533797.0,-0.0020040469244122505,-0.0019999975338578224,1.0,1.0,2.0,0.0,0.0,nan,0.026994906326692006,False
30727383,9.60279,-0.4083726406097412,0.1332317739725113,0.010087852366268635,-0.016838286072015762,1.0,1.0,0.0,5.0,8.0,3.0,nan,nan,30634455.0,-0.0020040469244122505,-0.0019999975338578224,1.0,1.0,2.0,0.0,0.0,nan,0.019628872693220865,False
30829604,9.705011,-0.4097696840763092,0.1297553926706314,0.014082368463277817,-0.015207557007670403,1.0,1.0,0.0,5.0,8.0,3.0,nan,nan,30727434.0,-0.0020040469244122505,-0.0019999975338578224,1.0,1.0,2.0,0.0,0.0,nan,0.02072638153844194,False
30937966,9.813373,-0.4114592373371124,0.12592022120952606,0.0161308404058218,-0.013571355491876602,1.0,1.0,0.0,5.0,8.0,3.0,nan,nan,30829660.0,-0.0020040469244122505,-0.0019999975338578224,1.0,1.0,2.0,0.0,0.0,nan,0.021080457824368577,False
31039761,9.915168,-0.4123876988887787,0.12314138561487198,0.019952619448304176,-0.009366556070744991,1.0,1.0,0.0,5.0,8.0,3.0,nan,nan,30938000.0,-0.0020040469244122505,-0.0019999975338578224,1.0,1.0,2.0,0.0,0.0,nan,0.022041764799472296,False
31131364,10.006771,-0.41243496537208557,0.12141601741313934,0.018963297829031944,-0.0038349642418324947,1.0,1.0,0.0,5.0,8.0,3.0,nan,nan,31039794.0,-0.0020040469244122505,-0.0019999975338578224,1.0,1.0,2.0,0.0,0.0,nan,0.019347186236988095,False
31229086,10.104493,-0.4124537408351898,0.11981751024723053,0.02342069149017334,-0.0023518858943134546,1.0,1.0,0.0,5.0,8.0,3.0,nan,nan,31131416.0,-0.0020040469244122505,-0.0019999975338578224,1.0,1.0,2.0,0.0,0.0,nan,0.02353848247312788,False
31326814,10.202221,-0.41169705986976624,0.11908256262540817,0.026586471125483513,0.0033420564141124487,1.0,1.0,0.0,5.0,8.0,3.0,nan,nan,31229137.0,-0.0020040469244122505,-0.0019999975338578224,1.0,1.0,2.0,0.0,0.0,nan,0.026795704655434585,False
31437856,10.313263,-0.4104527235031128,0.11861392110586166,0.02986302226781845,0.008789422921836376,1.0,1.0,0.0,5.0,8.0,3.0,nan,nan,31326881.0,-0.0020040469244122505,-0.0019999975338578224,1.0,1.0,2.0,0.0,0.0,nan,0.031129633057058726,False
31532734,10.408141,-0.4089450240135193,0.11881734430789948,0.029667729511857033,0.01260374765843153,1.0,1.0,0.0,5.0,8.0,3.0,nan,nan,31437907.0,-0.0020040469244122505,-0.0019999975338578224,1.0,1.0,2.0,0.0,0.0,nan,0.03223396701348022,False
31625639,10.501046,-0.40736180543899536,0.11978481709957123,0.032894887030124664,0.017101632431149483,1.0,1.0,0.0,5.0,8.0,3.0,nan,nan,31532790.0,-0.0020040469244122505,-0.0019999975338578224,1.0,1.0,2.0,0.0,0.0,nan,0.03707478151702054,False
31738375,10.613782,-0.4055171608924866,0.12189231812953949,0.034988123923540115,0.022488830611109734,1.0,1.0,0.0,5.0,8.0,3.0,nan,nan,31625690.0,-0.0020040469244122505,-0.0019999975338578224,1.0,1.0,2.0,0.0,0.0,nan,0.04159226271729138,False
31836213,10.71162,-0.40399980545043945,0.12382964789867401,0.03296367824077606,0.026796933263540268,1.0,1.0,0.0,5.0,8.0,3.0,nan,nan,31738423.0,-0.0020040469244122505,-0.0019999975338578224,1.0,1.0,2.0,0.0,0.0,nan,0.04248152204773323,False
31932139,10.807546,-0.4020121693611145,0.1260606348514557,0.03166284039616585,0.02950209006667137,1.0,1.0,0.0,5.0,8.0,3.0,nan,nan,31836268.0,-0.0020040469244122505,-0.0019999975338578224,1.0,1.0,2.0,0.0,0.0,nan,0.04327711612682922,False
32037295,10.912702,-0.3995712101459503,0.1288071870803833,0.03468466177582741,0.03313096612691879,1.0,1.0,0.0,5.0,8.0,3.0,nan,nan,31932197.0,-0.0020040469244122505,-0.0019999975338578224,1.0,1.0,2.0,0.0,0.0,nan,0.047965473822392114,False
32132137,11.007544,-0.39689144492149353,0.13153819739818573,0.038851670920848846,0.03465092554688454,1.0,1.0,0.0,5.0,8.0,3.0,nan,nan,32037344.0,-0.0020040469244122505,-0.0019999975338578224,1.0,1.0,2.0,0.0,0.0,nan,0.052058995136265045,False
32225237,11.100644,-0.39375728368759155,0.13412068784236908,0.03847968205809593,0.03829620033502579,1.0,1.0,0.0,5.0,8.0,3.0,nan,nan,32132174.0,-0.0020040469244122505,-0.0019999975338578224,1.0,1.0,2.0,0.0,0.0,nan,0.05428890210155828,False
32336157,11.211564,-0.3895277678966522,0.13774457573890686,0.04111625626683235,0.042869288474321365,1.0,1.0,0.0,5.0,8.0,3.0,nan,nan,32225298.0,-0.0020040469244122505,-0.0019999975338578224,1.0,1.0,2.0,0.0,0.0,nan,0.059399683700289294,False
32435373,11.31078,-0.3842080235481262,0.1423574984073639,0.04828646406531334,0.0504307895898819,1.0,1.0,0.0,5.0,8.0,3.0,nan,nan,32336211.0,-0.0020040469244122505,-0.0019999975338578224,1.0,1.0,2.0,0.0,0.0,nan,0.06982010563290303,False
32537576,11.412983,-0.3785521686077118,0.1477549523115158,0.05113627389073372,0.05634838342666626,1.0,1.0,0.0,5.0,8.0,3.0,nan,nan,32435427.0,-0.0020040469244122505,-0.0019999975338578224,1.0,1.0,2.0,0.0,0.0,nan,0.07609243603819457,False
32635120,11.510527,-0.3728790283203125,0.15294761955738068,0.05516119673848152,0.060882385820150375,1.0,1.0,0.0,5.0,8.0,3.0,nan,nan,32537636.0,-0.0020040469244122505,-0.0019999975338578224,1.0,1.0,2.0,0.0,0.0,nan,0.08215486917264923,False
32734196,11.609603,-0.36564308404922485,0.16025952994823456,0.061183683574199677,0.06750249117612839,1.0,1.0,0.0,5.0,8.0,3.0,nan,nan,32635174.0,-0.0020040469244122505,-0.0019999975338578224,1.0,1.0,2.0,0.0,0.0,nan,0.09110449742296525,False
32830681,11.706088,-0.3586845099925995,0.1678018569946289,0.06544461101293564,0.07623466104269028,1.0,1.0,0.0,5.0,8.0,3.0,nan,nan,32734250.0,-0.0020040469244122505,-0.0019999975338578224,1.0,1.0,2.0,0.0,0.0,nan,0.10047248705455805,False
32935539,11.810946,-0.35089513659477234,0.17648057639598846,0.06956220418214798,0.08553607761859894,1.0,1.0,0.0,5.0,8.0,3.0,nan,nan,32830746.0,-0.0020040469244122505,-0.0019999975338578224,1.0,1.0,2.0,0.0,0.0,nan,0.11025117153596976,False
33030177,11.905584,-0.3423677682876587,0.18628348410129547,0.07156158983707428,0.08999021351337433,1.0,1.0,0.0,5.0,8.0,3.0,nan,nan,32935573.0,-0.0020040469244122505,-0.0019999975338578224,1.0,1.0,2.0,0.0,0.0,nan,0.11497521327743798,False
33137193,12.0126,-0.3331899642944336,0.19662201404571533,0.07793799042701721,0.09518285095691681,1.0,1.0,0.0,5.0,8.0,3.0,nan,nan,33030228.0,-0.0020040469244122505,-0.0019999975338578224,1.0,1.0,2.0,0.0,0.0,nan,0.12302075218469632,False
33234496,12.109903,-0.3237318694591522,0.2074912041425705,0.08125877380371094,0.10094837844371796,1.0,1.0,0.0,5.0,8.0,3.0,nan,nan,33137245.0,-0.0020040469244122505,-0.0019999975338578224,1.0,1.0,2.0,0.0,0.0,nan,0.1295899819835575,False
33330528,12.205935,-0.3150502145290375,0.21716731786727905,0.08924318850040436,0.10064544528722763,1.0,1.0,0.0,5.0,8.0,3.0,nan,nan,33234547.0,-0.0020040469244122505,-0.0019999975338578224,1.0,1.0,2.0,0.0,0.0,nan,0.1345133909719885,False
33434656,12.310063,-0.3045789301395416,0.22878208756446838,0.09296152740716934,0.10674780607223511,1.0,1.0,0.0,5.0,8.0,3.0,nan,nan,33330580.0,-0.0020040469244122505,-0.0019999975338578224,1.0,1.0,2.0,0.0,0.0,nan,0.1415518974761886,False
33527446,12.402853,-0.29508230090141296,0.23932336270809174,0.09505771100521088,0.10869806259870529,1.0,1.0,0.0,5.0,8.0,3.0,nan,nan,33434718.0,-0.0020040469244122505,-0.0019999975338578224,1.0,1.0,2.0,0.0,0.0,nan,0.14439957491025465,False
33637147,12.512554,-0.283545583486557,0.2509685456752777,0.09872809797525406,0.11001472920179367,1.0,1.0,0.0,5.0,8.0,3.0,nan,nan,33527497.0,-0.0020040469244122505,-0.0019999975338578224,1.0,1.0,2.0,0.0,0.0,nan,0.1478190717436534,False
33734993,12.6104,-0.2727776765823364,0.2619485855102539,0.10318540781736374,0.1129438504576683,1.0,1.0,0.0,5.0,8.0,3.0,nan,nan,33637183.0,-0.0020040469244122505,-0.0019999975338578224,1.0,1.0,2.0,0.0,0.0,nan,0.15298216151773975,False
33833781,12.709188,-0.2610419988632202,0.2741078734397888,0.10871166735887527,0.11809130012989044,1.0,1.0,0.0,5.0,8.0,3.0,nan,nan,33735027.0,-0.0020040469244122505,-0.0019999975338578224,1.0,1.0,2.0,0.0,0.0,nan,0.16051100207248914,False
33930017,12.805424,-0.24971765279769897,0.2855055034160614,0.11198209971189499,0.12047799676656723,1.0,1.0,0.0,5.0,8.0,3.0,nan,nan,33833832.0,-0.0020040469244122505,-0.0019999975338578224,1.0,1.0,2.0,0.0,0.0,nan,0.16448385440756724,False
34033808,12.909215,-0.23670898377895355,0.29947298765182495,0.11664733290672302,0.12393646687269211,1.0,1.0,0.0,5.0,8.0,3.0,nan,nan,33930069.0,-0.0020040469244122505,-0.0019999975338578224,1.0,1.0,2.0,0.0,0.0,nan,0.17019649848083765,False
34126753,13.00216,-0.22532759606838226,0.31187552213668823,0.12062482535839081,0.12636232376098633,1.0,1.0,0.0,5.0,8.0,3.0,nan,nan,34033842.0,-0.0020040469244122505,-0.0019999975338578224,1.0,1.0,2.0,0.0,0.0,nan,0.1746934038795358,False
34228996,13.104403,-0.21187789738178253,0.3256063759326935,0.12572000920772552,0.12767313420772552,1.0,1.0,0.0,5.0,8.0,3.0,nan,nan,34126826.0,-0.0020040469244122505,-0.0019999975338578224,1.0,1.0,2.0,0.0,0.0,nan,0.17918133249201626,False
34326638,13.202045,-0.19874310493469238,0.33913227915763855,0.12688329815864563,0.1330278515815735,1.0,1.0,0.0,5.0,8.0,3.0,nan,nan,34229048.0,-0.0020040469244122505,-0.0019999975338578224,1.0,1.0,2.0,0.0,0.0,nan,0.1838362876257702,False
34425762,13.301169,-0.18531551957130432,0.35266387462615967,0.1307670921087265,0.1343395859003067,1.0,1.0,0.0,5.0,8.0,3.0,nan,nan,34326690.0,-0.0020040469244122505,-0.0019999975338578224,1.0,1.0,2.0,0.0,0.0,nan,0.18747574968096017,False
34536876,13.412283,-0.1697426736354828,0.3677248954772949,0.1340542584657669,0.1394941508769989,1.0,1.0,0.0,5.0,8.0,3.0,nan,nan,34425842.0,-0.0020040469244122505,-0.0019999975338578224,1.0,1.0,2.0,0.0,0.0,nan,0.19346617880575812,False
34633120,13.508527,-0.1560247838497162,0.38128533959388733,0.13580305874347687,0.14166833460330963,1.0,1.0,0.0,5.0,8.0,3.0,nan,nan,34536909.0,-0.0020040469244122505,-0.0019999975338578224,1.0,1.0,2.0,0.0,0.0,nan,0.19624573318510527,False
34730782,13.606189,-0.1421876698732376,0.39491376280784607,0.13829092681407928,0.14599019289016724,1.0,1.0,0.0,5.0,8.0,3.0,nan,nan,34633191.0,-0.0020040469244122505,-0.0019999975338578224,1.0,1.0,2.0,0.0,0.0,nan,0.20109081744128762,False
34829831,13.705238,-0.12817716598510742,0.4092322885990143,0.1440572291612625,0.14734211564064026,1.0,1.0,0.0,5.0,8.0,3.0,nan,nan,34730834.0,-0.0020040469244122505,-0.0019999975338578224,1.0,1.0,2.0,0.0,0.0,nan,0.2060635443621222,False
34931818,13.807225,-0.11379072815179825,0.42432931065559387,0.14449946582317352,0.14782963693141937,1.0,1.0,0.0,5.0,8.0,3.0,nan,nan,34829884.0,-0.0020040469244122505,-0.0019999975338578224,1.0,1.0,2.0,0.0,0.0,nan,0.2067213031558619,False
35025197,13.900604,-0.10080057382583618,0.43843939900398254,0.14369599521160126,0.15199369192123413,1.0,1.0,0.0,5.0,8.0,3.0,nan,nan,34931852.0,-0.0020040469244122505,-0.0019999975338578224,1.0,1.0,2.0,0.0,0.0,nan,0.20916649211501245,False
35136336,14.011743,-0.08459121733903885,0.45560362935066223,0.14526747167110443,0.15551796555519104,1.0,1.0,0.0,5.0,8.0,3.0,nan,nan,35025248.0,-0.0020040469244122505,-0.0019999975338578224,1.0,1.0,2.0,0.0,0.0,nan,0.2128108924283264,False
35232249,14.107656,-0.07015042006969452,0.4707876443862915,0.15006646513938904,0.15854808688163757,1.0,1.0,0.0,5.0,8.0,3.0,nan,nan,35136370.0,-0.0020040469244122505,-0.0019999975338578224,1.0,1.0,2.0,0.0,0.0,nan,0.21830584008051357,False
35337828,14.213235,-0.053781066089868546,0.4881863296031952,0.14924944937229156,0.16377964615821838,1.0,1.0,0.0,5.0,8.0,3.0,nan,nan,35232300.0,-0.0020040469244122505,-0.0019999975338578224,1.0,1.0,2.0,0.0,0.0,nan,0.22158332661471494,False
35435164,14.310571,-0.038712337613105774,0.5048055052757263,0.15446500480175018,0.16565163433551788,1.0,1.0,0.0,5.0,8.0,3.0,nan,nan,35337880.0,-0.0020040469244122505,-0.003999997861683369,1.0,1.0,2.0,0.0,0.0,nan,0.22649481598136598,False
35534374,14.409781,-0.023613346740603447,0.5215771198272705,0.15687553584575653,0.17348693311214447,1.0,1.0,0.0,5.0,8.0,3.0,nan,nan,35435217.0,-0.0020040469244122505,-0.003999997861683369,1.0,1.0,2.0,0.0,0.0,nan,0.2338966645926165,False
35638008,14.513415,-0.006795268040150404,0.5404934883117676,0.15410815179347992,0.17630551755428314,1.0,1.0,0.0,5.0,8.0,3.0,nan,nan,35534453.0,0.06827299296855927,-0.05000000074505806,1.0,1.0,2.0,0.0,0.0,nan,0.23416438236693018,False
35734176,14.609583,0.005924949888139963,0.5567410588264465,0.1144256442785263,0.1644221693277359,1.0,1.0,0.0,5.0,8.0,3.0,nan,nan,35638068.0,0.06827299296855927,-0.05000000074505806,1.0,1.0,2.0,0.0,0.0,nan,0.20031943948352715,False
35827375,14.702782,0.012856711633503437,0.5737109184265137,0.06799160689115524,0.16125303506851196,1.0,1.0,0.0,5.0,8.0,3.0,nan,nan,35734229.0,0.0020079389214515686,-0.09000000357627869,1.0,1.0,2.0,0.0,0.0,nan,0.1750011426432643,False
35938507,14.813914,0.016304846853017807,0.5913816094398499,0.024834655225276947,0.13799837231636047,1.0,1.0,0.0,5.0,8.0,3.0,nan,nan,35827428.0,0.0020079389214515686,-0.09000000357627869,1.0,1.0,2.0,0.0,0.0,nan,0.14021523049270795,False
36035882,14.911289,0.018071148544549942,0.6035852432250977,-0.0048227435909211636,0.11077690124511719,1.0,1.0,0.0,5.0,8.0,3.0,nan,nan,35938580.0,-0.0020040469244122505,-0.10400000214576721,1.0,1.0,2.0,0.0,0.0,nan,0.11088183216927026,False
36138040,15.013447,0.017313366755843163,0.6135327219963074,-0.03808046132326126,0.07185842096805573,1.0,1.0,0.0,5.0,8.0,3.0,nan,nan,36035936.0,-0.0020040469244122505,-0.029999999329447746,1.0,1.0,2.0,0.0,0.0,nan,0.08132499123033896,False
36235941,15.111348,0.01436612755060196,0.6183443665504456,-0.05977880582213402,0.032517820596694946,1.0,1.0,0.0,5.0,8.0,3.0,nan,nan,36138094.0,-0.0020040469244122505,-0.029999999329447746,1.0,1.0,2.0,0.0,0.0,nan,0.0680508213167133,False
36334886,15.210293,0.009514453820884228,0.6203106641769409,-0.07248907536268234,0.008286232128739357,1.0,1.0,0.0,5.0,8.0,3.0,nan,nan,36235995.0,-0.0020040469244122505,-0.029999999329447746,1.0,1.0,2.0,0.0,0.0,nan,0.07296113821636825,False
36434003,15.30941,0.005734739359468222,0.6228302121162415,-0.08167091757059097,-0.0032288841903209686,1.0,1.0,0.0,5.0,8.0,3.0,nan,nan,36334939.0,-0.0020040469244122505,-0.04600000008940697,1.0,1.0,2.0,0.0,0.0,nan,0.08173472010068163,False
36536582,15.411989,0.0022682184353470802,0.6241364479064941,-0.08533625304698944,-0.017744824290275574,1.0,1.0,0.0,5.0,8.0,3.0,nan,nan,36434083.0,-0.0020040469244122505,-0.04600000008940697,1.0,1.0,2.0,0.0,0.0,nan,0.08716165942197618,False
36627743,15.50315,-0.0008289969991892576,0.6239479780197144,-0.08800984919071198,-0.031091220676898956,1.0,1.0,0.0,5.0,8.0,3.0,nan,nan,36536653.0,-0.004008054733276367,-0.06599999964237213,1.0,1.0,2.0,0.0,0.0,nan,0.093340224757344,False
36733004,15.608411,-0.005224186927080154,0.6219329833984375,-0.09568407386541367,-0.05078906938433647,1.0,1.0,0.0,5.0,8.0,3.0,nan,nan,36627797.0,-0.008016071282327175,-0.06199999898672104,1.0,1.0,2.0,0.0,0.0,nan,0.108328073740877,False
36838144,15.713551,-0.011355153284966946,0.6172645688056946,-0.1084582656621933,-0.07538525015115738,1.0,1.0,0.0,5.0,8.0,3.0,nan,nan,36733058.0,-0.008016071282327175,-0.06199999898672104,1.0,1.0,2.0,0.0,0.0,nan,0.1320838041956828,False
36934393,15.8098,-0.017724325880408287,0.6111663579940796,-0.11366244405508041,-0.09665735810995102,1.0,1.0,0.0,5.0,8.0,3.0,nan,nan,36838193.0,-0.008016071282327175,-0.06199999898672104,1.0,1.0,2.0,0.0,0.0,nan,0.14920387416340636,False
37031923,15.90733,-0.025259988382458687,0.6025094389915466,-0.11929881572723389,-0.12081917375326157,1.0,1.0,0.0,5.0,8.0,3.0,nan,nan,36934446.0,-0.008016071282327175,-0.0279999990016222,1.0,1.0,2.0,0.0,0.0,nan,0.16979246208339555,False
37136956,16.012363,-0.032751552760601044,0.5922229886054993,-0.12247970700263977,-0.13704843819141388,1.0,1.0,0.0,5.0,8.0,3.0,nan,nan,37031974.0,-0.008016071282327175,-0.0279999990016222,1.0,1.0,2.0,0.0,0.0,nan,0.18380302782641605,False
37231733,16.10714,-0.040097687393426895,0.5812601447105408,-0.12273421138525009,-0.14292486011981964,1.0,1.0,0.0,5.0,8.0,3.0,nan,nan,37136993.0,-0.004008054733276367,-0.02199999801814556,1.0,1.0,2.0,0.0,0.0,nan,0.188391088655035,False
37338468,16.213875,-0.04791934788227081,0.5690358281135559,-0.11797482520341873,-0.1482553333044052,1.0,1.0,0.0,5.0,8.0,3.0,nan,nan,37231768.0,-0.004008054733276367,-0.02199999801814556,1.0,1.0,2.0,0.0,0.0,nan,0.18946689218693985,False
37434606,16.310013,-0.055334433913230896,0.5563598871231079,-0.11530494689941406,-0.1475616693496704,1.0,1.0,0.0,5.0,8.0,3.0,nan,nan,37338522.0,-0.010020079091191292,-0.02199999801814556,1.0,1.0,2.0,0.0,0.0,nan,0.18726899647495887,False
37532177,16.407584,-0.0620453841984272,0.5438332557678223,-0.10312144458293915,-0.1476457267999649,1.0,1.0,0.0,5.0,8.0,3.0,nan,nan,37434643.0,-0.010020079091191292,-0.02199999801814556,1.0,1.0,2.0,0.0,0.0,nan,0.18009245674142507,False
37631200,16.506607,-0.06835544109344482,0.5308482050895691,-0.1020965725183487,-0.1519838273525238,1.0,1.0,0.0,5.0,8.0,3.0,nan,nan,37532232.0,-0.008016071282327175,-0.011999998241662979,1.0,1.0,2.0,0.0,0.0,nan,0.1830923097694608,False
37736463,16.61187,-0.07535252720117569,0.5157591104507446,-0.09535781294107437,-0.15790307521820068,1.0,1.0,0.0,5.0,8.0,3.0,nan,nan,37631251.0,-0.008016071282327175,-0.011999998241662979,1.0,1.0,2.0,0.0,0.0,nan,0.1844627161576823,False
37833029,16.708436,-0.08142882585525513,0.5016125440597534,-0.08881278336048126,-0.1565258651971817,1.0,1.0,0.0,5.0,8.0,3.0,nan,nan,37736496.0,-0.004008054733276367,-0.005999997723847628,1.0,1.0,2.0,0.0,0.0,nan,0.17996682184214421,False
37936166,16.811573,-0.08711092174053192,0.48720723390579224,-0.08001527935266495,-0.1529291570186615,1.0,1.0,0.0,5.0,8.0,3.0,nan,nan,37833081.0,-0.0020040469244122505,-0.003999997861683369,1.0,1.0,2.0,0.0,0.0,nan,0.1725971378566963,False
38035790,16.911197,-0.09218951314687729,0.4742542803287506,-0.06919568032026291,-0.1455165296792984,1.0,1.0,0.0,5.0,8.0,3.0,nan,nan,37936200.0,-0.0020040469244122505,-0.003999997861683369,1.0,1.0,2.0,0.0,0.0,nan,0.16113070031775495,False
38131572,17.006979,-0.09705781936645508,0.46301010251045227,-0.06341742724180222,-0.13778823614120483,1.0,1.0,0.0,5.0,8.0,3.0,nan,nan,38035843.0,-0.0020040469244122505,-0.003999997861683369,1.0,1.0,2.0,0.0,0.0,nan,0.15168179883187602,False
38235251,17.110658,-0.10262790322303772,0.45069655776023865,-0.053508296608924866,-0.12427984923124313,1.0,1.0,0.0,5.0,8.0,3.0,nan,nan,38131626.0,-0.0020040469244122505,-0.057999998331069946,1.0,1.0,2.0,0.0,0.0,nan,0.13530934458096086,False
38328356,17.203763,-0.10724938660860062,0.44069698452949524,-0.05421362444758415,-0.11666569113731384,1.0,1.0,0.0,5.0,8.0,3.0,nan,nan,38235285.0,-0.0020040469244122505,-0.057999998331069946,1.0,1.0,2.0,0.0,0.0,nan,0.12864680549586455,False
38430824,17.306231,-0.11302699148654938,0.4290887713432312,-0.05432860925793648,-0.12415803223848343,1.0,1.0,0.0,5.0,8.0,3.0,nan,nan,38328408.0,-0.0020040469244122505,-0.04399999976158142,1.0,1.0,2.0,0.0,0.0,nan,0.13552422201670752,False
38535691,17.411098,-0.11983170360326767,0.4168168008327484,-0.06076320260763168,-0.1269671618938446,1.0,1.0,0.0,5.0,8.0,3.0,nan,nan,38430876.0,-0.0020040469244122505,-0.029999999329447746,1.0,1.0,2.0,0.0,0.0,nan,0.14075804414140544,False
38634750,17.510157,-0.12729601562023163,0.4035292863845825,-0.06764058023691177,-0.13764825463294983,1.0,1.0,0.0,5.0,8.0,3.0,nan,nan,38535772.0,-0.0020040469244122505,-0.029999999329447746,1.0,1.0,2.0,0.0,0.0,nan,0.15336978222023886,False
38732403,17.60781,-0.13533635437488556,0.3898386061191559,-0.06978365778923035,-0.14084839820861816,1.0,1.0,0.0,5.0,8.0,3.0,nan,nan,38634802.0,-0.0020040469244122505,-0.029999999329447746,1.0,1.0,2.0,0.0,0.0,nan,0.15718788176057938,False
38830026,17.705433,-0.1441410928964615,0.3756285011768341,-0.07968943566083908,-0.14792610704898834,1.0,1.0,0.0,5.0,8.0,3.0,nan,nan,38732455.0,-0.0020040469244122505,-0.013999998569488525,1.0,1.0,2.0,0.0,0.0,nan,0.16802541266907148,False
38926101,17.801508,-0.15328392386436462,0.36072883009910583,-0.08639702945947647,-0.1540098935365677,1.0,1.0,0.0,5.0,8.0,3.0,nan,nan,38830103.0,-0.0020040469244122505,-0.011999998241662979,1.0,1.0,2.0,0.0,0.0,nan,0.17658848775208014,False
39037655,17.913062,-0.16408193111419678,0.3434530198574066,-0.08652960509061813,-0.15428118407726288,1.0,1.0,0.0,5.0,8.0,3.0,nan,nan,38926152.0,-0.0020040469244122505,-0.011999998241662979,1.0,1.0,2.0,0.0,0.0,nan,0.17688995538871222,False
39135060,18.010467,-0.17401084303855896,0.32799044251441956,-0.08763974905014038,-0.15097346901893616,1.0,1.0,0.0,5.0,8.0,3.0,nan,nan,39037706.0,-0.0020040469244122505,-0.011999998241662979,1.0,1.0,2.0,0.0,0.0,nan,0.1745672190337672,False
39234147,18.109554,-0.18368656933307648,0.31142687797546387,-0.09087058901786804,-0.1456548124551773,1.0,1.0,0.0,5.0,8.0,3.0,nan,nan,39135112.0,-0.0020040469244122505,-0.011999998241662979,1.0,1.0,2.0,0.0,0.0,nan,0.1716764058914537,False
39336521,18.211928,-0.19311341643333435,0.2961377203464508,-0.08547591418027878,-0.1466452181339264,1.0,1.0,0.0,5.0,8.0,3.0,nan,nan,39234199.0,-0.0020040469244122505,-0.011999998241662979,1.0,1.0,2.0,0.0,0.0,nan,0.16973789178171514,False
39428004,18.303411,-0.2019856572151184,0.2820793688297272,-0.08560962975025177,-0.14039884507656097,1.0,1.0,0.0,5.0,8.0,3.0,nan,nan,39336573.0,-0.0020040469244122505,-0.011999998241662979,1.0,1.0,2.0,0.0,0.0,nan,0.1644410058495367,False
39527167,18.402574,-0.21060796082019806,0.2689552903175354,-0.0803225114941597,-0.13047587871551514,1.0,1.0,0.0,5.0,8.0,3.0,nan,nan,39428056.0,-0.0020040469244122505,-0.003999997861683369,1.0,1.0,2.0,0.0,0.0,nan,0.15321769081706993,False
39638263,18.51367,-0.22014831006526947,0.25491347908973694,-0.08004428446292877,-0.12008429318666458,1.0,1.0,0.0,5.0,8.0,3.0,nan,nan,39527255.0,-0.0020040469244122505,-0.005999997723847628,1.0,1.0,2.0,0.0,0.0,nan,0.14431675212990028,False
39737369,18.612776,-0.22864945232868195,0.24253281950950623,-0.07333376258611679,-0.1138039380311966,1.0,1.0,0.0,5.0,8.0,3.0,nan,nan,39638298.0,-0.0020040469244122505,-0.0019999975338578224,1.0,1.0,2.0,0.0,0.0,nan,0.135385291100789,False
39833370,18.708777,-0.23658770322799683,0.23148483037948608,-0.0688861533999443,-0.10659288614988327,1.0,1.0,0.0,5.0,8.0,3.0,nan,nan,39737402.0,-0.0020040469244122505,-0.0019999975338578224,1.0,1.0,2.0,0.0,0.0,nan,0.12691471746020094,False
39932717,18.808124,-0.24519816040992737,0.21992096304893494,-0.06705824285745621,-0.09748349338769913,1.0,1.0,0.0,5.0,8.0,3.0,nan,nan,39833422.0,-0.0020040469244122505,-0.0019999975338578224,1.0,1.0,2.0,0.0,0.0,nan,0.11832091707808538,False
40030300,18.905707,-0.25322800874710083,0.20922188460826874,-0.06147218123078346,-0.08967539668083191,1.0,1.0,0.0,5.0,8.0,3.0,nan,nan,39932775.0,-0.0020040469244122505,0.05410821735858917,1.0,1.0,2.0,0.0,0.0,nan,0.1087221496988302,False
40132364,19.007771,-0.26173636317253113,0.19883932173252106,-0.0571473129093647,-0.08198825269937515,1.0,1.0,0.0,5.0,8.0,3.0,nan,nan,40030358.0,-0.0020040469244122505,0.05410821735858917,1.0,1.0,2.0,0.0,0.0,nan,0.09993942642149513,False
40237618,19.113025,-0.2688906788825989,0.19115057587623596,-0.03874019533395767,-0.050080422312021255,1.0,1.0,0.0,5.0,8.0,3.0,nan,nan,40132418.0,-0.004008054733276367,0.06613226234912872,1.0,1.0,2.0,0.0,0.0,nan,0.0633154912597509,False
40335121,19.210528,-0.2728748619556427,0.18835562467575073,-0.011320115998387337,-0.0042649973183870316,1.0,1.0,0.0,5.0,8.0,3.0,nan,nan,40237692.0,-0.004008054733276367,0.06613226234912872,1.0,1.0,2.0,0.0,0.0,nan,0.012096909867515484,False
40432705,19.308112,-0.27412062883377075,0.18870526552200317,0.01371137797832489,0.03682918846607208,1.0,1.0,0.0,5.0,8.0,3.0,nan,nan,40335174.0,-0.0020040469244122505,0.004008016549050808,1.0,1.0,2.0,0.0,0.0,nan,0.03929874055404257,False
40534898,19.410305,-0.27386337518692017,0.1906675398349762,0.02907145395874977,0.060288842767477036,1.0,1.0,0.0,5.0,8.0,3.0,nan,nan,40432760.0,-0.0020040469244122505,2.3283064365386963e-10,1.0,1.0,2.0,0.0,0.0,nan,0.06693201026054182,False
40632687,19.508094,-0.2734529376029968,0.19296610355377197,0.03790024667978287,0.07120998203754425,1.0,1.0,0.0,5.0,8.0,3.0,nan,nan,40534952.0,-0.0020040469244122505,2.3283064365386963e-10,1.0,1.0,2.0,0.0,0.0,nan,0.08066777696314537,False
40731825,19.607232,-0.27298861742019653,0.19562670588493347,0.04348716884851456,0.07801628112792969,1.0,1.0,0.0,5.0,8.0,3.0,nan,nan,40632742.0,-0.0020040469244122505,2.3283064365386963e-10,1.0,1.0,2.0,0.0,0.0,nan,0.08931782563123317,False
40840258,19.715665,-0.27285489439964294,0.19869118928909302,0.04370574653148651,0.08300769329071045,1.0,1.0,0.0,5.0,8.0,3.0,nan,nan,40731878.0,-0.0020040469244122505,2.3283064365386963e-10,1.0,1.0,2.0,0.0,0.0,nan,0.09381081720846057,False
40933157,19.808564,-0.2723420262336731,0.2022123634815216,0.04236572980880737,0.08766906708478928,1.0,1.0,0.0,5.0,8.0,3.0,nan,nan,40840292.0,-0.0020040469244122505,-0.0019999975338578224,1.0,1.0,2.0,0.0,0.0,nan,0.09736899088390591,False
41038216,19.913623,-0.2714449167251587,0.20672905445098877,0.05017890781164169,0.08604137599468231,1.0,1.0,0.0,5.0,8.0,3.0,nan,nan,40933190.0,-0.0020040469244122505,-0.0019999975338578224,1.0,1.0,2.0,0.0,0.0,nan,0.0996044234571313,False
41135742,20.011149,-0.27105429768562317,0.210433229804039,0.04473305493593216,0.08801042288541794,1.0,1.0,0.0,5.0,8.0,3.0,nan,nan,41038269.0,-0.0020040469244122505,-0.0019999975338578224,1.0,1.0,2.0,0.0,0.0,nan,0.09872629204204532,False
41235097,20.110504,-0.27063044905662537,0.21395422518253326,0.048396896570920944,0.08617237955331802,1.0,1.0,0.0,5.0,8.0,3.0,nan,nan,41135782.0,-0.0020040469244122505,-0.0019999975338578224,1.0,1.0,2.0,0.0,0.0,nan,0.09883288215759733,False
41337153,20.21256,-0.26906949281692505,0.21954108774662018,0.04708659276366234,0.09379458427429199,1.0,1.0,0.0,5.0,8.0,3.0,nan,nan,41235158.0,-0.0020040469244122505,-0.0019999975338578224,1.0,2.0,2.0,0.0,1.0,nan,0.10495032757108594,False
41434869,20.310276,-0.267367422580719,0.22567354142665863,0.041372161358594894,0.09142939746379852,1.0,1.0,0.0,5.0,8.0,3.0,-0.2705358564853668,0.21484717726707458,41337187.0,-0.0020040469244122505,-0.0019999975338578224,1.0,2.0,2.0,0.0,1.0,0.011280475802201245,0.10035432455093732,True
41532713,20.40812,-0.26689088344573975,0.23032376170158386,0.04007312282919884,0.08263242989778519,1.0,1.0,0.0,5.0,8.0,3.0,-0.2705358564853668,0.21484717726707458,41434924.0,-0.0020040469244122505,-0.0019999975338578224,1.0,2.0,2.0,0.0,1.0,0.015900015541442186,0.09183666829810651,True
41636145,20.511552,-0.26691314578056335,0.23477716743946075,0.03196830675005913,0.07532570511102676,1.0,1.0,0.0,5.0,8.0,3.0,-0.2705358564853668,0.21484717726707458,41532792.0,-0.0020040469244122505,-0.0019999975338578224,1.0,2.0,2.0,0.0,1.0,0.02025656785149219,0.0818286898767128,True
41733754,20.609161,-0.2674640417098999,0.23846019804477692,0.02555728890001774,0.0680297315120697,1.0,1.0,0.0,5.0,8.0,3.0,-0.2705358564853668,0.21484717726707458,41636179.0,-0.0020040469244122505,-0.0019999975338578224,1.0,2.0,2.0,0.0,1.0,0.02381198849871591,0.07267199863443456,True
41828647,20.704054,-0.2678287923336029,0.24177901446819305,0.022859839722514153,0.058568064123392105,1.0,1.0,0.0,5.0,8.0,3.0,-0.2705358564853668,0.21484717726707458,41733787.0,-0.0020040469244122505,-0.0019999975338578224,1.0,2.0,2.0,0.0,1.0,0.027067546090277818,0.06287122081923338,True
41934983,20.81039,-0.26745277643203735,0.2457321733236313,0.02206166461110115,0.052360739558935165,1.0,1.0,0.0,5.0,8.0,3.0,-0.2705358564853668,0.21484717726707458,41828701.0,-0.0020040469244122505,-0.0019999975338578224,1.0,2.0,2.0,0.0,1.0,0.03103849809557094,0.05681869492140198,True
42034225,20.909632,-0.267286479473114,0.24868899583816528,0.02092149294912815,0.043053582310676575,1.0,1.0,0.0,5.0,8.0,3.0,-0.2705358564853668,0.21484717726707458,41935038.0,-0.0020040469244122505,-0.0019999975338578224,1.0,2.0,2.0,0.0,1.0,0.03399745777505101,0.047867732524140116,True
42132226,21.007633,-0.26731711626052856,0.2513696849346161,0.023098697885870934,0.03792637959122658,1.0,1.0,0.0,5.0,8.0,3.0,-0.2705358564853668,0.21484717726707458,42034283.0,-0.0020040469244122505,-0.0019999975338578224,1.0,2.0,2.0,0.0,1.0,0.036664067627046236,0.044406757514150325,True
42227981,21.103388,-0.26671624183654785,0.25409331917762756,0.021894222125411034,0.03200675919651985,1.0,1.0,0.0,5.0,8.0,3.0,-0.2705358564853668,0.21484717726707458,42132260.0,-0.0020040469244122505,-0.0019999975338578224,1.0,2.0,2.0,0.0,1.0,0.039431575050062805,0.03877872608455371,True
42325760,21.201167,-0.26591071486473083,0.2567358613014221,0.017592763528227806,0.031883470714092255,1.0,1.0,0.0,5.0,8.0,3.0,-0.2705358564853668,0.21484717726707458,42228036.0,-0.0020040469244122505,2.3283064365386963e-10,1.0,2.0,2.0,0.0,1.0,0.04214325313902975,0.03641512094359321,True
42432476,21.307883,-0.26477882266044617,0.259818971157074,0.01867237128317356,0.025645552203059196,1.0,1.0,0.0,5.0,8.0,3.0,-0.2705358564853668,0.21484717726707458,42325814.0,-0.0020040469244122505,2.3283064365386963e-10,1.0,2.0,2.0,0.0,1.0,0.04533878785483647,0.03172304835819722,True
42529963,21.40537,-0.2636304497718811,0.26258978247642517,0.015985535457730293,0.023614460602402687,1.0,1.0,0.0,5.0,8.0,3.0,-0.2705358564853668,0.21484717726707458,42432531.0,-0.0020040469244122505,2.3283064365386963e-10,1.0,2.0,2.0,0.0,1.0,0.04823941328472563,0.02851631275976579,True
42632131,21.507538,-0.26296094059944153,0.26474812626838684,0.014850350096821785,0.01769336313009262,1.0,1.0,0.0,5.0,8.0,3.0,-0.2705358564853668,0.21484717726707458,42530031.0,-0.0020040469244122505,2.3283064365386963e-10,1.0,2.0,2.0,0.0,1.0,0.05047260704491507,0.02309952373646469,True
42731277,21.606684,-0.2626084089279175,0.266522079706192,0.014637063257396221,0.013086472637951374,1.0,1.0,0.0,5.0,8.0,3.0,-0.2705358564853668,0.21484717726707458,42632165.0,-0.0020040469244122505,2.3283064365386963e-10,1.0,2.0,2.0,0.0,1.0,0.052279441149159334,0.019634138303090066,True
42836160,21.711567,-0.26227307319641113,0.26832249760627747,0.011866820976138115,0.010427922010421753,1.0,1.0,0.0,5.0,8.0,3.0,-0.2705358564853668,0.21484717726707458,42731382.0,-0.0020040469244122505,2.3283064365386963e-10,1.0,2.0,2.0,0.0,1.0,0.05410992028325869,0.01579756302519949,True
42931021,21.806428,-0.2612234950065613,0.270689457654953,0.010378089733421803,0.008558975532650948,1.0,1.0,0.0,5.0,8.0,3.0,-0.2705358564853668,0.21484717726707458,42836193.0,-0.0020040469244122505,2.3283064365386963e-10,1.0,2.0,2.0,0.0,1.0,0.05661342910679737,0.013452167434412663,True
43037922,21.913329,-0.2600122392177582,0.27254563570022583,0.01235670130699873,0.004149751737713814,1.0,1.0,0.0,5.0,8.0,3.0,-0.2705358564853668,0.21484717726707458,42931074.0,-0.0020040469244122505,2.3283064365386963e-10,1.0,2.0,2.0,0.0,1.0,0.05865030797836609,0.013034895729350616,True
43136804,22.012211,-0.2584640681743622,0.2740274965763092,0.014449864625930786,0.0023103589192032814,1.0,1.0,0.0,5.0,8.0,3.0,-0.2705358564853668,0.21484717726707458,43037976.0,-0.0020040469244122505,2.3283064365386963e-10,1.0,2.0,2.0,0.0,1.0,0.06039899226451279,0.014633398308091938,True
43234467,22.109874,-0.25697061419487,0.2746349275112152,0.010232998058199883,-0.002193670952692628,1.0,1.0,0.0,5.0,8.0,3.0,-0.2705358564853668,0.21484717726707458,43136838.0,-0.0020040469244122505,-0.0019999975338578224,1.0,2.0,2.0,0.0,1.0,0.06130734766449794,0.010465488116079917,True
43330618,22.206025,-0.25583019852638245,0.27447423338890076,0.009617616422474384,-0.005282700527459383,1.0,1.0,0.0,5.0,8.0,3.0,-0.2705358564853668,0.21484717726707458,43234521.0,-0.0020040469244122505,-0.0019999975338578224,1.0,2.0,2.0,0.0,1.0,0.06141369715105946,0.010972942655125316,True
43428279,22.303686,-0.25530216097831726,0.27427729964256287,0.011625215411186218,-0.009276843629777431,1.0,1.0,0.0,5.0,8.0,3.0,-0.2705358564853668,0.21484717726707458,43330677.0,-0.0020040469244122505,2.3283064365386963e-10,1.0,2.0,2.0,0.0,1.0,0.061351486733142946,0.01487297754613459,True
43525780,22.401187,-0.2550593316555023,0.2735736668109894,0.007480026688426733,-0.01400833297520876,1.0,1.0,0.0,5.0,8.0,3.0,-0.2705358564853668,0.21484717726707458,43428373.0,-0.0020040469244122505,2.3283064365386963e-10,1.0,2.0,2.0,0.0,1.0,0.06073156835584724,0.015880308309472374,True
43635445,22.510852,-0.254601389169693,0.27253130078315735,0.009523396380245686,-0.014190231449902058,1.0,1.0,0.0,5.0,8.0,3.0,-0.2705358564853668,0.21484717726707458,43525837.0,-0.0020040469244122505,-0.0019999975338578224,1.0,2.0,2.0,0.0,1.0,0.059844509810449364,0.01708969710723587,True
43734504,22.609911,-0.25390782952308655,0.272072434425354,0.00894248392432928,-0.015378188341856003,1.0,1.0,0.0,5.0,8.0,3.0,-0.2705358564853668,0.21484717726707458,43635528.0,-0.0020040469244122505,-0.0019999975338578224,1.0,2.0,2.0,0.0,1.0,0.05959212479421697,0.017789229758887356,True
43832112,22.707519,-0.253251314163208,0.2715948224067688,0.00963407289236784,-0.018372759222984314,1.0,1.0,0.0,5.0,8.0,3.0,-0.2705358564853668,0.21484717726707458,43734558.0,-0.0020040469244122505,2.3283064365386963e-10,1.0,2.0,2.0,0.0,1.0,0.05932158656161481,0.020745448704745144,True
43929763,22.80517,-0.25254330039024353,0.27096131443977356,0.006789209321141243,-0.016410594806075096,1.0,1.0,0.0,5.0,8.0,3.0,-0.2705358564853668,0.21484717726707458,43832173.0,-0.0020040469244122505,2.3283064365386963e-10,1.0,2.0,2.0,0.0,1.0,0.05892816360173321,0.017759532231887473,True
44030592,22.905999,-0.25192132592201233,0.2703801095485687,0.006656327750533819,-0.0156899094581604,1.0,1.0,0.0,5.0,8.0,3.0,-0.2705358564853668,0.21484717726707458,43929831.0,-0.0020040469244122505,2.3283064365386963e-10,1.0,2.0,2.0,0.0,1.0,0.058569679151204784,0.017043472590050356,True
44123576,22.998983,-0.2514357268810272,0.2700774371623993,0.008679166436195374,-0.015222306363284588,1.0,1.0,0.0,5.0,8.0,3.0,-0.2705358564853668,0.21484717726707458,44030654.0,-0.0020040469244122505,2.3283064365386963e-10,1.0,2.0,2.0,0.0,1.0,0.05843968308442203,0.017522743536469248,True
44234675,23.110082,-0.2511443495750427,0.2696799337863922,0.005115526262670755,-0.016233010217547417,1.0,1.0,0.0,5.0,8.0,3.0,-0.2705358564853668,0.21484717726707458,44123641.0,-0.0020040469244122505,-0.0019999975338578224,1.0,2.0,2.0,0.0,1.0,0.058160654464680134,0.017019965618856964,True
44333928,23.209335,-0.2512660026550293,0.2690596580505371,-0.0015780573012307286,-0.01554077584296465,1.0,1.0,0.0,5.0,8.0,3.0,-0.2705358564853668,0.21484717726707458,44234735.0,-0.0020040469244122505,-0.0019999975338578224,1.0,2.0,2.0,0.0,1.0,0.05753538336832272,0.015620690722475789,True
44434652,23.310059,-0.2518976330757141,0.2682200074195862,-0.003548168344423175,-0.01711076870560646,1.0,1.0,0.0,5.0,8.0,3.0,-0.2705358564853668,0.21484717726707458,44333983.0,-0.0020040469244122505,-0.0019999975338578224,1.0,2.0,2.0,0.0,1.0,0.05653355083803756,0.017474779091511516,True
44527672,23.403079,-0.25259286165237427,0.2673017978668213,-0.0015568335074931383,-0.017319414764642715,1.0,1.0,0.0,5.0,8.0,3.0,-0.2705358564853668,0.21484717726707458,44434685.0,-0.0020040469244122505,-0.0019999975338578224,1.0,2.0,2.0,0.0,1.0,0.05543859924132435,0.0173892454798872,True
44625593,23.501,-0.2532525062561035,0.26652124524116516,-0.005028568673878908,-0.019267795607447624,1.0,1.0,0.0,5.0,8.0,3.0,-0.2705358564853668,0.21484717726707458,44527726.0,-0.0020040469244122505,-0.0019999975338578224,1.0,2.0,2.0,0.0,1.0,0.05448782888075381,0.019913172787838062,True
44736416,23.611823,-0.2537473738193512,0.26575303077697754,-0.006290360353887081,-0.017294928431510925,1.0,1.0,0.0,5.0,8.0,3.0,-0.2705358564853668,0.21484717726707458,44625650.0,-0.0020040469244122505,-0.0019999975338578224,1.0,2.0,2.0,0.0,1.0,0.05360278977626823,0.018403347055164703,True
44835635,23.711042,-0.2540013790130615,0.264987051486969,-0.005042620934545994,-0.018162664026021957,1.0,1.0,0.0,5.0,8.0,3.0,-0.2705358564853668,0.21484717726707458,44736474.0,-0.0020040469244122505,-0.0019999975338578224,1.0,2.0,2.0,0.0,1.0,0.05279579464378771,0.01884967878802378,True
44933385,23.808792,-0.25433140993118286,0.26436033844947815,-0.002227557823061943,-0.020542142912745476,1.0,1.0,0.0,5.0,8.0,3.0,-0.2705358564853668,0.21484717726707458,44835689.0,-0.0020040469244122505,-0.0019999975338578224,1.0,2.0,2.0,0.0,1.0,0.05209738206860379,0.020662566377455237,True
45032549,23.907956,-0.25484225153923035,0.2632320523262024,-0.0065363612957298756,-0.018330292776226997,1.0,1.0,0.0,5.0,8.0,3.0,-0.2705358564853668,0.21484717726707458,44933445.0,-0.0020040469244122505,-0.0019999975338578224,1.0,2.0,2.0,0.0,1.0,0.05086634811634119,0.01946082352446872,True
45134661,24.010068,-0.25512510538101196,0.2620163559913635,-0.0011863457038998604,-0.02149740234017372,1.0,1.0,0.0,5.0,8.0,3.0,-0.2705358564853668,0.21484717726707458,45032603.0,-0.0020040469244122505,-0.0019999975338578224,1.0,2.0,2.0,0.0,1.0,0.04962280394258558,0.02153011201792662,True
45226113,24.10152,-0.25544995069503784,0.2609017491340637,-0.007037163246423006,-0.02015524171292782,1.0,1.0,0.0,5.0,8.0,3.0,-0.2705358564853668,0.21484717726707458,45134694.0,-0.0020040469244122505,-0.0019999975338578224,1.0,2.0,2.0,0.0,1.0,0.04846244054281985,0.021348429334809443,True
45337417,24.212824,-0.2563382685184479,0.25941112637519836,-0.0034996583126485348,-0.018497901037335396,1.0,1.0,0.0,5.0,8.0,3.0,-0.2705358564853668,0.21484717726707458,45226168.0,-0.0020040469244122505,-0.0019999975338578224,1.0,2.0,2.0,0.0,1.0,0.04677089975818134,0.018826044488748663,True
45436520,24.311927,-0.25753524899482727,0.2576005160808563,-0.007895451970398426,-0.017896926030516624,1.0,1.0,0.0,5.0,8.0,3.0,-0.2705358564853668,0.21484717726707458,45337450.0,-0.0020040469244122505,-0.0019999975338578224,1.0,2.0,2.0,0.0,1.0,0.044686281729957006,0.019561138084443142,True
45532935,24.408342,-0.25816938281059265,0.25614333152770996,-0.006386676337569952,-0.01849900744855404,1.0,1.0,0.0,5.0,8.0,3.0,-0.2705358564853668,0.21484717726707458,45436553.0,-0.0020040469244122505,-0.0019999975338578224,1.0,2.0,2.0,0.0,1.0,0.043108027417954026,0.019570460168900825,True
45630241,24.505648,-0.2586793899536133,0.25430071353912354,-0.005664804484695196,-0.017198918387293816,1.0,1.0,0.0,5.0,8.0,3.0,-0.2705358564853668,0.21484717726707458,45532989.0,-0.0020040469244122505,-0.0019999975338578224,1.0,2.0,2.0,0.0,1.0,0.04119656931090833,0.018107810567338508,True
45735339,24.610746,-0.2587246298789978,0.25208452343940735,-0.004598485771566629,-0.01824053004384041,1.0,1.0,0.0,5.0,8.0,3.0,-0.2705358564853668,0.21484717726707458,45630295.0,-0.0020040469244122505,-0.0019999975338578224,1.0,2.0,2.0,0.0,1.0,0.03906565017896342,0.018811246839897277,True
45838104,24.713511,-0.2586497962474823,0.2496996372938156,-0.0005780247738584876,-0.019049961119890213,1.0,1.0,0.0,5.0,8.0,3.0,-0.2705358564853668,0.21484717726707458,45735372.0,-0.0020040469244122505,-0.0019999975338578224,1.0,2.0,2.0,0.0,1.0,0.0368235304919857,0.019058728480896174,True
45935312,24.810719,-0.2586575448513031,0.24763862788677216,0.0010254372609779239,-0.019277002662420273,1.0,1.0,0.0,5.0,8.0,3.0,-0.2705358564853668,0.21484717726707458,45838151.0,-0.0020040469244122505,-0.0019999975338578224,1.0,2.0,2.0,0.0,1.0,0.034876546862038935,0.019304257385954017,True
46034591,24.909998,-0.2586180865764618,0.24615833163261414,-0.000951476686168462,-0.017154254019260406,1.0,1.0,0.0,5.0,8.0,3.0,-0.2705358564853668,0.21484717726707458,45935346.0,-0.0020040469244122505,-0.0019999975338578224,1.0,2.0,2.0,0.0,1.0,0.033502561503626085,0.017180621026075687,True
46130550,25.005957,-0.25840821862220764,0.245076522231102,0.0019135460024699569,-0.015871262177824974,1.0,1.0,0.0,5.0,8.0,3.0,-0.2705358564853668,0.21484717726707458,46034661.0,-0.0020040469244122505,-0.0019999975338578224,1.0,2.0,2.0,0.0,1.0,0.032571350863820514,0.015986200968986543,True
46235552,25.110959,-0.2581113278865814,0.2439326047897339,0.005728968884795904,-0.016293196007609367,1.0,1.0,0.0,5.0,8.0,3.0,-0.2705358564853668,0.21484717726707458,46130604.0,-0.0020040469244122505,-0.0019999975338578224,1.0,2.0,2.0,0.0,1.0,0.031628009818480574,0.017271054415562977,True
46334928,25.210335,-0.2573157548904419,0.24312373995780945,0.006724699400365353,-0.011955750174820423,1.0,1.0,0.0,5.0,8.0,3.0,-0.2705358564853668,0.21484717726707458,46235606.0,-0.0020040469244122505,-0.0019999975338578224,1.0,2.0,2.0,0.0,1.0,0.031214340995497494,0.013717198849181735,True
46436875,25.312282,-0.25597530603408813,0.24269236624240875,0.006364782806485891,-0.008784810081124306,1.0,1.0,0.0,5.0,8.0,3.0,-0.2705358564853668,0.21484717726707458,46334984.0,-0.0020040469244122505,-0.0019999975338578224,1.0,2.0,2.0,0.0,1.0,0.0314223515752132,0.010848195625778587,True
46530254,25.405661,-0.25497400760650635,0.2423173189163208,0.011483859270811081,-0.010907256044447422,1.0,1.0,0.0,5.0,8.0,3.0,-0.2705358564853668,0.21484717726707458,46436908.0,-0.0020040469244122505,-0.0019999975338578224,1.0,2.0,2.0,0.0,1.0,0.031571820073574196,0.015838158294793257,True
46632125,25.507532,-0.254352331161499,0.2418806105852127,0.00853293389081955,-0.007184826303273439,1.0,1.0,0.0,5.0,8.0,3.0,-0.2705358564853668,0.21484717726707458,46530309.0,-0.0020040469244122505,-0.0019999975338578224,1.0,2.0,2.0,0.0,1.0,0.03150734849006642,0.01115494015193747,True
46736236,25.611643,-0.25402069091796875,0.2417861968278885,0.007105708122253418,-0.003686100710183382,1.0,1.0,0.0,5.0,8.0,3.0,-0.2705358564853668,0.21484717726707458,46632184.0,-0.0020040469244122505,-0.0019999975338578224,1.0,2.0,2.0,0.0,1.0,0.031598440920660706,0.008004900147051968,True
46829183,25.70459,-0.2538454532623291,0.24206221103668213,0.005670658778399229,-0.00036433280911296606,1.0,1.0,0.0,5.0,8.0,3.0,-0.2705358564853668,0.21484717726707458,46736269.0,-0.0020040469244122505,-0.0019999975338578224,1.0,2.0,2.0,0.0,1.0,0.03192534452168789,0.005682350691116519,True
46935740,25.811147,-0.2534800171852112,0.24233295023441315,0.0044376421719789505,0.0014111660420894623,1.0,1.0,0.0,5.0,8.0,3.0,-0.2705358564853668,0.21484717726707458,46829255.0,-0.0020040469244122505,-0.0019999975338578224,1.0,2.0,2.0,0.0,1.0,0.032347633141310554,0.0046566143972711005,True
47028796,25.904203,-0.2531253695487976,0.24244852364063263,0.0068042282946407795,-0.002017571125179529,1.0,1.0,0.0,5.0,8.0,3.0,-0.2705358564853668,0.21484717726707458,46935774.0,-0.0020040469244122505,-0.0019999975338578224,1.0,2.0,2.0,0.0,1.0,0.032633715341676514,0.0070970498047250846,True
47133894,26.009301,-0.25295931100845337,0.24246062338352203,0.004551921039819717,-0.001812240807339549,1.0,1.0,0.0,5.0,8.0,3.0,-0.2705358564853668,0.21484717726707458,47028851.0,-0.0020040469244122505,-0.0019999975338578224,1.0,2.0,2.0,0.0,1.0,0.032732817741953614,0.004899408321066955,True
47231548,26.106955,-0.25313800573349,0.24229834973812103,0.0019342806190252304,-0.0036538385320454836,1.0,1.0,0.0,5.0,8.0,3.0,-0.2705358564853668,0.21484717726707458,47133947.0,-0.0020040469244122505,-0.0019999975338578224,1.0,2.0,2.0,0.0,1.0,0.032500032012595305,0.004134244493422821,True
47335190,26.210597,-0.2536894679069519,0.24164479970932007,0.0006246204720810056,-0.009450183250010014,1.0,1.0,0.0,5.0,8.0,3.0,-0.2705358564853668,0.21484717726707458,47231630.0,-0.0020040469244122505,-0.0019999975338578224,1.0,2.0,2.0,0.0,1.0,0.03165301528594215,0.009470803249614709,True
47437578,26.312985,-0.254630982875824,0.24067948758602142,-0.0016943607479333878,-0.014511603862047195,1.0,1.0,0.0,5.0,8.0,3.0,-0.2705358564853668,0.21484717726707458,47335223.0,-0.0020040469244122505,-0.0019999975338578224,1.0,2.0,2.0,0.0,1.0,0.03033600601512829,0.0146101849746374,True
47530469,26.405876,-0.2551670968532562,0.23972788453102112,-0.0049713109619915485,-0.02028803899884224,1.0,1.0,0.0,5.0,8.0,3.0,-0.2705358564853668,0.21484717726707458,47437611.0,-0.0020040469244122505,-0.0019999975338578224,1.0,2.0,2.0,0.0,1.0,0.029244629705020956,0.02088823733825717,True
47623584,26.498991,-0.25552088022232056,0.23822453618049622,-0.0041613224893808365,-0.022181948646903038,1.0,1.0,0.0,5.0,8.0,3.0,-0.2705358564853668,0.21484717726707458,47530548.0,-0.0020040469244122505,-0.0019999975338578224,1.0,2.0,2.0,0.0,1.0,0.027783995787985148,0.022568904506742683,True
47734886,26.610293,-0.2557377815246582,0.2368534803390503,-0.004339194856584072,-0.022492550313472748,1.0,1.0,0.0,5.0,8.0,3.0,-0.2705358564853668,0.21484717726707458,47623638.0,-0.0020040469244122505,-0.0019999975338578224,1.0,2.0,2.0,0.0,1.0,0.026519057250181402,0.022907279009247446,True
47836976,26.712383,-0.25561803579330444,0.2364087849855423,-0.0015264787944033742,-0.02194027602672577,1.0,1.0,0.0,5.0,8.0,3.0,-0.2705358564853668,0.21484717726707458,47734932.0,-0.0020040469244122505,-0.0019999975338578224,1.0,2.0,2.0,0.0,1.0,0.026219159056034023,0.021993313748470935,True
47936144,26.811551,-0.25534793734550476,0.2363075315952301,-0.0031466602813452482,-0.017707176506519318,1.0,1.0,0.0,5.0,8.0,3.0,-0.2705358564853668,0.21484717726707458,47837031.0,-0.0020040469244122505,-0.0019999975338578224,1.0,2.0,2.0,0.0,1.0,0.026291057333035724,0.01798459259364041,True
48033812,26.909219,-0.25487184524536133,0.2362341284751892,0.0005089031765237451,-0.017811356112360954,1.0,1.0,0.0,5.0,8.0,3.0,-0.2705358564853668,0.21484717726707458,47936201.0,-0.0020040469244122505,-0.0019999975338578224,1.0,2.0,2.0,0.0,1.0,0.026509676159947596,0.017818624778708762,True
48131321,27.006728,-0.2547765076160431,0.2354726493358612,0.0013305068714544177,-0.015849782153964043,1.0,1.0,0.0,5.0,8.0,3.0,-0.2705358564853668,0.21484717726707458,48033869.0,-0.0020040469244122505,-0.0019999975338578224,1.0,2.0,2.0,0.0,1.0,0.025957025539251454,0.015905528688575695,True
48236534,27.111941,-0.25488507747650146,0.23444144427776337,0.002136786701157689,-0.01569771207869053,1.0,1.0,0.0,5.0,8.0,3.0,-0.2705358564853668,0.21484717726707458,48131378.0,-0.0020040469244122505,-0.0019999975338578224,1.0,2.0,2.0,0.0,1.0,0.025077523467649417,0.015842475245734514,True
48331470,27.206877,-0.2551952004432678,0.23288919031620026,0.001146020833402872,-0.012548251077532768,1.0,1.0,0.0,5.0,8.0,3.0,-0.2705358564853668,0.21484717726707458,48236615.0,-0.0020040469244122505,-0.0019999975338578224,1.0,2.0,2.0,0.0,1.0,0.023682271062269545,0.012600474945627872,True
48437907,27.313314,-0.2555880844593048,0.23094910383224487,0.0003861669101752341,-0.009541752748191357,1.0,1.0,0.0,5.0,8.0,3.0,-0.2705358564853668,0.21484717726707458,48331505.0,-0.0020040469244122505,-0.0019999975338578224,1.0,2.0,2.0,0.0,1.0,0.021970615095014037,0.009549563884813358,True
48537120,27.412527,-0.2558458149433136,0.22912684082984924,0.0011458306107670069,-0.009809360839426517,1.0,1.0,0.0,5.0,8.0,3.0,-0.2705358564853668,0.21484717726707458,48437964.0,-0.0020040469244122505,-0.0019999975338578224,1.0,2.0,2.0,0.0,1.0,0.02048673014351689,0.009876056291184513,True
48633107,27.508514,-0.2559313476085663,0.22785136103630066,0.000662928563542664,-0.007139117456972599,1.0,1.0,0.0,5.0,8.0,3.0,-0.2705358564853668,0.21484717726707458,48537156.0,-0.0020040469244122505,-0.0019999975338578224,1.0,2.0,2.0,0.0,1.0,0.01955506264465416,0.007169830705449861,True
48730929,27.606336,-0.25631535053253174,0.2263687700033188,0.0007088017300702631,-0.006836437154561281,1.0,1.0,0.0,5.0,8.0,3.0,-0.2705358564853668,0.21484717726707458,48633161.0,-0.0020040469244122505,-0.0019999975338578224,1.0,2.0,2.0,0.0,1.0,0.01830218262214901,0.006873083213581554,True
48828590,27.703997,-0.25736090540885925,0.22514089941978455,-0.002401794074103236,-0.00875055231153965,1.0,1.0,0.0,5.0,8.0,3.0,-0.2705358564853668,0.21484717726707458,48730984.0,-0.0020040469244122505,-0.0019999975338578224,1.0,1.0,2.0,0.0,0.0,0.016719451295588612,0.009074182086082985,False
48930798,27.806205,-0.25911128520965576,0.2236333042383194,-0.008092823438346386,-0.006582339759916067,1.0,1.0,0.0,5.0,8.0,3.0,nan,nan,48828645.0,-0.0020040469244122505,-0.0019999975338578224,1.0,1.0,2.0,0.0,0.0,nan,0.010431729862262564,False
49028129,27.903536,-0.2607087790966034,0.22242672741413116,-0.009519844315946102,-0.002691142028197646,1.0,1.0,0.0,5.0,8.0,3.0,nan,nan,48930849.0,-0.0020040469244122505,-0.0019999975338578224,1.0,1.0,2.0,0.0,0.0,nan,0.009892910654392016,False
49127366,28.002773,-0.26179203391075134,0.22228588163852692,-0.011613883078098297,0.005541478283703327,1.0,1.0,0.0,5.0,8.0,3.0,nan,nan,49028180.0,-0.0020040469244122505,-0.0019999975338578224,1.0,1.0,2.0,0.0,0.0,nan,0.012868187973467497,False
49240341,28.115748,-0.26230672001838684,0.22328563034534454,-0.0051656984724104404,0.012559067457914352,1.0,1.0,0.0,5.0,8.0,3.0,nan,nan,49127417.0,-0.0020040469244122505,-0.0019999975338578224,1.0,1.0,2.0,0.0,0.0,nan,0.013579934319440093,False
49336087,28.211494,-0.26264214515686035,0.22501133382320404,-0.0031609125435352325,0.022662052884697914,1.0,1.0,0.0,5.0,8.0,3.0,nan,nan,49240374.0,-0.0020040469244122505,-0.0019999975338578224,1.0,1.0,2.0,0.0,0.0,nan,0.022881433719431205,False
49433812,28.309219,-0.2626280188560486,0.22751709818840027,-0.0009034615941345692,0.03307108208537102,1.0,1.0,0.0,5.0,8.0,3.0,nan,nan,49336139.0,-0.0020040469244122505,-0.0019999975338578224,1.0,1.0,2.0,0.0,0.0,nan,0.033083420517676584,False
49533093,28.4085,-0.2623271346092224,0.2309889793395996,0.0008936294470913708,0.04336777701973915,1.0,1.0,0.0,5.0,8.0,3.0,nan,nan,49433863.0,-0.0020040469244122505,-0.0019999975338578224,1.0,1.0,2.0,0.0,0.0,nan,0.043376983035044336,False
49636457,28.511864,-0.2622055113315582,0.23481160402297974,0.00849897414445877,0.051142364740371704,1.0,1.0,0.0,5.0,8.0,3.0,nan,nan,49533172.0,-0.0020040469244122505,-0.0019999975338578224,1.0,1.0,2.0,0.0,0.0,nan,0.05184374632243887,False
49734140,28.609547,-0.261924684047699,0.23892775177955627,0.008310015313327312,0.06189456582069397,1.0,1.0,0.0,5.0,8.0,3.0,nan,nan,49636491.0,-0.0020040469244122505,-0.0019999975338578224,1.0,1.0,2.0,0.0,0.0,nan,0.06244992900428272,False
49828884,28.704291,-0.2615675628185272,0.2437070608139038,0.010424768552184105,0.06860722601413727,1.0,1.0,0.0,5.0,8.0,3.0,nan,nan,49734175.0,-0.0020040469244122505,-0.04800000041723251,1.0,1.0,2.0,0.0,0.0,nan,0.06939472069777008,False
49935514,28.810921,-0.26111048460006714,0.24956762790679932,0.010602472350001335,0.07911280542612076,1.0,1.0,0.0,5.0,8.0,3.0,nan,nan,49828937.0,-0.0020040469244122505,-0.04800000041723251,1.0,1.0,2.0,0.0,0.0,nan,0.07982010024000086,False
50028667,28.904074,-0.2609487771987915,0.2551046907901764,0.0037707253359258175,0.07249151170253754,1.0,1.0,0.0,5.0,8.0,3.0,nan,nan,49935566.0,-0.0020040469244122505,-0.011999998241662979,1.0,1.0,2.0,0.0,0.0,nan,0.07258951465933719,False
50132289,29.007696,-0.2617539167404175,0.260033518075943,-8.901400724425912e-05,0.07002774626016617,1.0,1.0,0.0,5.0,8.0,3.0,nan,nan,50028719.0,-0.0020040469244122505,-0.011999998241662979,1.0,1.0,2.0,0.0,0.0,nan,0.07002780283410084,False
50234514,29.109921,-0.26396554708480835,0.26503127813339233,-0.006042950786650181,0.06749601662158966,1.0,1.0,0.0,5.0,8.0,3.0,nan,nan,50132341.0,-0.008016071282327175,-0.011999998241662979,1.0,1.0,2.0,0.0,0.0,nan,0.06776599083605127,False
50333610,29.209017,-0.2663189470767975,0.2696658670902252,-0.008306335657835007,0.06601826846599579,1.0,1.0,0.0,5.0,8.0,3.0,nan,nan,50234567.0,-0.008016071282327175,-0.011999998241662979,1.0,1.0,2.0,0.0,0.0,nan,0.06653876301306566,False
50435723,29.31113,-0.26826074719429016,0.2737503945827484,-0.006270735524594784,0.061978984624147415,1.0,1.0,0.0,5.0,8.0,3.0,nan,nan,50333693.0,-0.03206416592001915,-0.01599999889731407,1.0,1.0,2.0,0.0,0.0,nan,0.06229539837788756,False
50533384,29.408791,-0.26970136165618896,0.277305006980896,0.005545142572373152,0.05675995349884033,1.0,1.0,0.0,5.0,8.0,3.0,nan,nan,50435760.0,-0.03206416592001915,-0.01599999889731407,1.0,1.0,2.0,0.0,0.0,nan,0.057030175585723576,False
50638645,29.514052,-0.2703358232975006,0.2838769853115082,0.007755286525934935,0.05701926350593567,1.0,1.0,0.0,5.0,8.0,3.0,nan,nan,50533418.0,-0.16833671927452087,-0.07999999821186066,1.0,1.0,2.0,0.0,0.0,nan,0.057544251492731006,False
50736179,29.611586,-0.2687235474586487,0.28768593072891235,0.04279884696006775,0.018336111679673195,1.0,1.0,0.0,5.0,8.0,3.0,nan,nan,50638699.0,-0.16833671927452087,-0.07999999821186066,1.0,1.0,2.0,0.0,0.0,nan,0.04656129607990684,False
50832708,29.708115,-0.2636854648590088,0.2852098047733307,0.06960032135248184,-0.022795015946030617,1.0,1.0,0.0,5.0,8.0,3.0,nan,nan,50736212.0,-0.004008054733276367,-0.0820000022649765,1.0,1.0,2.0,0.0,0.0,nan,0.07323808766173875,False
50929850,29.805257,-0.25704139471054077,0.27975329756736755,0.08324648439884186,-0.050097156316041946,1.0,1.0,0.0,5.0,8.0,3.0,nan,nan,50832750.0,-0.004008054733276367,-0.0820000022649765,1.0,1.0,2.0,0.0,0.0,nan,0.09715813005467203,False
51036578,29.911985,-0.2518058121204376,0.2739340364933014,0.07097278535366058,-0.08460252732038498,1.0,1.0,0.0,5.0,8.0,3.0,nan,nan,50929921.0,-3.888271749019623e-08,-0.09000000357627869,1.0,1.0,2.0,0.0,0.0,nan,0.11042972376064908,False
51134507,30.009914,-0.2487953156232834,0.2643410265445709,0.052455510944128036,-0.11976777762174606,1.0,1.0,0.0,5.0,8.0,3.0,nan,nan,51036620.0,-3.888271749019623e-08,-0.09000000357627869,1.0,1.0,2.0,0.0,0.0,nan,0.13075129515557982,False
51236448,30.111855,-0.24666641652584076,0.2508215606212616,0.0377754382789135,-0.14934879541397095,1.0,1.0,0.0,5.0,8.0,3.0,nan,nan,51134567.0,-3.888271749019623e-08,-0.005999997723847628,1.0,1.0,2.0,0.0,0.0,nan,0.15405208998507017,False
51327996,30.203403,-0.24457524716854095,0.23789849877357483,0.03438359126448631,-0.15836383402347565,1.0,1.0,0.0,5.0,8.0,3.0,nan,nan,51236490.0,-3.888271749019623e-08,-0.005999997723847628,1.0,1.0,2.0,0.0,0.0,nan,0.16205349510226,False
51430576,30.305983,-0.24090470373630524,0.2258554846048355,0.03293260559439659,-0.15937845408916473,1.0,1.0,0.0,5.0,8.0,3.0,nan,nan,51328073.0,-0.0020040469244122505,-0.0019999975338578224,1.0,1.0,2.0,0.0,0.0,nan,0.16274534751902456,False
51538260,30.413667,-0.2356220781803131,0.2140040248632431,0.03357130289077759,-0.14998996257781982,1.0,1.0,0.0,5.0,8.0,3.0,nan,nan,51430638.0,-0.0020040469244122505,-0.0019999975338578224,1.0,1.0,2.0,0.0,0.0,nan,0.15370107758854562,False
51634410,30.509817,-0.23089317977428436,0.20472943782806396,0.04036502167582512,-0.13954681158065796,1.0,1.0,0.0,5.0,8.0,3.0,nan,nan,51538300.0,-0.0020040469244122505,-0.0019999975338578224,1.0,1.0,2.0,0.0,0.0,nan,0.1452675035829331,False
51732089,30.607496,-0.22569429874420166,0.1943957358598709,0.043290767818689346,-0.12917517125606537,1.0,1.0,0.0,5.0,8.0,3.0,nan,nan,51634470.0,-0.0020040469244122505,-0.0019999975338578224,1.0,1.0,2.0,0.0,0.0,nan,0.13623624865418707,False
51834407,30.709814,-0.21987284719944,0.18482361733913422,0.046055618673563004,-0.11711497604846954,1.0,1.0,0.0,5.0,8.0,3.0,nan,nan,51732146.0,-3.888271749019623e-08,-0.01599999889731407,1.0,1.0,2.0,0.0,0.0,nan,0.125845292427799,False
51936554,30.811961,-0.21422575414180756,0.17392407357692719,0.05276627838611603,-0.1142575815320015,1.0,1.0,0.0,5.0,8.0,3.0,nan,nan,51834448.0,-3.888271749019623e-08,-0.01599999889731407,1.0,1.0,2.0,0.0,0.0,nan,0.1258533872101306,False
52038858,30.914265,-0.2086075097322464,0.16318170726299286,0.0484917052090168,-0.11041074991226196,1.0,1.0,0.0,5.0,8.0,3.0,nan,nan,51936594.0,0.02610432356595993,-0.011999998241662979,1.0,1.0,2.0,0.0,0.0,nan,0.12059012882597912,False
52136348,31.011755,-0.2042485624551773,0.15410517156124115,0.03636926785111427,-0.09664690494537354,1.0,1.0,0.0,5.0,8.0,3.0,nan,nan,52038897.0,0.02610432356595993,-0.011999998241662979,1.0,1.0,2.0,0.0,0.0,nan,0.10326348763985342,False
52238314,31.113721,-0.20168644189834595,0.14627651870250702,0.027581484988331795,-0.08262670040130615,1.0,1.0,0.0,5.0,8.0,3.0,nan,nan,52136387.0,0.004015970975160599,-0.0019999975338578224,1.0,1.0,2.0,0.0,0.0,nan,0.08710860998413865,False
52332889,31.208296,-0.19936130940914154,0.13992127776145935,0.024737821891903877,-0.07207997143268585,1.0,1.0,0.0,5.0,8.0,3.0,nan,nan,52238352.0,0.004015970975160599,-0.0019999975338578224,1.0,1.0,2.0,0.0,0.0,nan,0.07620683770956756,False
52436823,31.31223,-0.19519321620464325,0.1340254247188568,0.022219572216272354,-0.05876971036195755,1.0,1.0,0.0,5.0,8.0,3.0,nan,nan,52332946.0,-3.888271749019623e-08,2.3283064365386963e-10,1.0,1.0,2.0,0.0,0.0,nan,0.06282983563166884,False
52535757,31.411164,-0.19150488078594208,0.1293424367904663,0.02858184464275837,-0.04676993563771248,1.0,1.0,0.0,5.0,8.0,3.0,nan,nan,52436889.0,-3.888271749019623e-08,2.3283064365386963e-10,1.0,1.0,2.0,0.0,0.0,nan,0.054811939600223444,False
52638065,31.513472,-0.1867448389530182,0.12636364996433258,0.03654176741838455,-0.03254658728837967,1.0,1.0,0.0,5.0,8.0,3.0,nan,nan,52535805.0,-0.0020040469244122505,2.3283064365386963e-10,1.0,2.0,2.0,0.0,1.0,nan,0.048934457289106906,False
52735574,31.610981,-0.18172356486320496,0.12477199733257294,0.04201025143265724,-0.016233129426836967,1.0,1.0,0.0,5.0,8.0,3.0,-0.18829815089702606,0.12703418731689453,52638104.0,-0.0020040469244122505,-0.0019999975338578224,1.0,2.0,2.0,0.0,1.0,0.006952890409123422,0.04503749234164265,True
52837700,31.713107,-0.1769898235797882,0.12380775064229965,0.043762195855379105,-0.0010468960972502828,1.0,1.0,0.0,5.0,8.0,3.0,-0.18829815089702606,0.12703418731689453,52735612.0,-0.0020040469244122505,-0.0019999975338578224,1.0,2.0,2.0,0.0,1.0,0.01175959864659329,0.0437747161900908,True
52930881,31.806288,-0.17447419464588165,0.1227763369679451,0.040071357041597366,0.009361281991004944,1.0,1.0,0.0,5.0,8.0,3.0,-0.18829815089702606,0.12703418731689453,52837738.0,-0.0020040469244122505,-0.0019999975338578224,1.0,2.0,2.0,0.0,1.0,0.014464821327192514,0.04115030079683851,True
53028381,31.903788,-0.17241530120372772,0.12134835869073868,0.039020389318466187,0.016612457111477852,1.0,1.0,0.0,5.0,8.0,3.0,-0.18829815089702606,0.12703418731689453,52930966.0,-0.0020040469244122505,-0.0019999975338578224,1.0,2.0,2.0,0.0,1.0,0.01686990105323444,0.04240948613040909,True
53135121,32.010528,-0.17081578075885773,0.12065137177705765,0.030462609604001045,0.028860878199338913,1.0,1.0,0.0,5.0,8.0,3.0,-0.18829815089702606,0.12703418731689453,53028440.0,-0.0020040469244122505,-0.0019999975338578224,1.0,2.0,2.0,0.0,1.0,0.018611114954873154,0.04196332773175708,True
53232693,32.1081,-0.16907013952732086,0.12047437578439713,0.02655298262834549,0.03253225237131119,1.0,1.0,0.0,5.0,8.0,3.0,-0.18829815089702606,0.12703418731689453,53135186.0,-0.0020040469244122505,-0.0019999975338578224,1.0,2.0,2.0,0.0,1.0,0.020316189322198155,0.041992955728454025,True
53335118,32.210525,-0.16749383509159088,0.12003827840089798,0.020852340385317802,0.035155877470970154,1.0,1.0,0.0,5.0,8.0,3.0,-0.18829815089702606,0.12703418731689453,53232800.0,-0.0020040469244122505,-0.0019999975338578224,1.0,2.0,2.0,0.0,1.0,0.021949084210809346,0.04087488006464389,True
53432507,32.307914,-0.1670207530260086,0.11942613124847412,0.020505350083112717,0.033876631408929825,1.0,1.0,0.0,5.0,8.0,3.0,-0.18829815089702606,0.12703418731689453,53335177.0,-0.0020040469244122505,-0.0019999975338578224,1.0,2.0,2.0,0.0,1.0,0.0225966850954251,0.03959918607304324,True
53528828,32.404235,-0.16683384776115417,0.11936893314123154,0.014945745468139648,0.03804286941885948,1.0,1.0,0.0,5.0,8.0,3.0,-0.18829815089702606,0.12703418731689453,53432546.0,-0.0020040469244122505,-0.0019999975338578224,1.0,2.0,2.0,0.0,1.0,0.02279193784402982,0.04087340481558652,True
53626573,32.50198,-0.1668841689825058,0.11909563094377518,0.012284533120691776,0.036701321601867676,1.0,1.0,0.0,5.0,8.0,3.0,-0.18829815089702606,0.12703418731689453,53528887.0,-0.0020040469244122505,-0.0019999975338578224,1.0,2.0,2.0,0.0,1.0,0.022838110664514147,0.038702671242655744,True
53732978,32.608385,-0.16527627408504486,0.11877010762691498,0.009185079485177994,0.03818117454648018,1.0,1.0,0.0,5.0,8.0,3.0,-0.18829815089702606,0.12703418731689453,53626638.0,-0.0020040469244122505,-0.0019999975338578224,1.0,2.0,2.0,0.0,1.0,0.024460209015222462,0.03927044403744149,True
53830610,32.706017,-0.16262860596179962,0.11924765259027481,0.011135702021420002,0.03693069890141487,1.0,1.0,0.0,5.0,8.0,3.0,-0.18829815089702606,0.12703418731689453,53733037.0,-0.0020040469244122505,-0.0019999975338578224,1.0,2.0,2.0,0.0,1.0,0.02682453466941159,0.03857305252189439,True
53932766,32.808173,-0.15927517414093018,0.12015589326620102,0.012553171254694462,0.03980175778269768,1.0,1.0,0.0,5.0,8.0,3.0,-0.18829815089702606,0.12703418731689453,53830672.0,-0.0020040469244122505,-0.0019999975338578224,1.0,2.0,2.0,0.0,1.0,0.029826902434424662,0.04173442261661496,True
54031953,32.90736,-0.15705189108848572,0.12144577503204346,0.0059370556846261024,0.043499454855918884,1.0,1.0,0.0,5.0,8.0,3.0,-0.18829815089702606,0.12703418731689453,53932804.0,-0.0020040469244122505,-0.0019999975338578224,1.0,2.0,2.0,0.0,1.0,0.03174207151224189,0.043902747100431835,True
54129511,33.004918,-0.15610289573669434,0.12230823934078217,0.004399477504193783,0.041920535266399384,1.0,1.0,0.0,5.0,8.0,3.0,-0.18829815089702606,0.12703418731689453,54031991.0,-0.0020040469244122505,-0.0019999975338578224,1.0,2.0,2.0,0.0,1.0,0.03254026796312205,0.04215076131378105,True
54231960,33.107367,-0.1552075445652008,0.12313500791788101,0.002201590919867158,0.04431849345564842,1.0,1.0,0.0,5.0,8.0,3.0,-0.18829815089702606,0.12703418731689453,54129571.0,-0.0020040469244122505,-0.0019999975338578224,1.0,2.0,2.0,0.0,1.0,0.033319541224235444,0.044373143507720904,True
54338462,33.213869,-0.15546272695064545,0.12345264106988907,-0.00029313573031686246,0.041416071355342865,1.0,1.0,0.0,5.0,8.0,3.0,-0.18829815089702606,0.12703418731689453,54231999.0,-0.0020040469244122505,-0.0019999975338578224,1.0,2.0,2.0,0.0,1.0,0.03303017619174903,0.041417108724140075,True
54435906,33.311313,-0.15581516921520233,0.12323977053165436,-0.006115551106631756,0.039718493819236755,1.0,1.0,0.0,5.0,8.0,3.0,-0.18829815089702606,0.12703418731689453,54338522.0,-0.0020040469244122505,-0.0019999975338578224,1.0,2.0,2.0,0.0,1.0,0.032703848361955945,0.04018654895119228,True
54533775,33.409182,-0.15642686188220978,0.12266554683446884,-0.009267250075936317,0.04178505018353462,1.0,1.0,0.0,5.0,8.0,3.0,-0.18829815089702606,0.12703418731689453,54435967.0,-0.0020040469244122505,-0.0019999975338578224,1.0,2.0,2.0,0.0,1.0,0.03216930342936629,0.04280037783490291,True
54628329,33.503736,-0.157515287399292,0.12333830446004868,-0.010931854136288166,0.04392336308956146,1.0,1.0,0.0,5.0,8.0,3.0,-0.18829815089702606,0.12703418731689453,54533836.0,-0.0020040469244122505,-0.0019999975338578224,1.0,2.0,2.0,0.0,1.0,0.03100393902735031,0.04526331030707466,True
54734857,33.610264,-0.15782010555267334,0.12517356872558594,-0.012893320992588997,0.04673904553055763,1.0,1.0,0.0,5.0,8.0,3.0,-0.18829815089702606,0.12703418731689453,54628392.0,-0.0020040469244122505,-0.0019999975338578224,1.0,2.0,2.0,0.0,1.0,0.03053478589338304,0.048484802807946696,True
54840170,33.715577,-0.1584942787885666,0.12682035565376282,-0.009667291305959225,0.044600959867239,1.0,1.0,0.0,5.0,8.0,3.0,-0.18829815089702606,0.12703418731689453,54734918.0,-0.0020040469244122505,-0.0019999975338578224,1.0,2.0,2.0,0.0,1.0,0.02980463917979156,0.045636631583338166,True
54937835,33.813242,-0.15790848433971405,0.13020598888397217,-0.010947111994028091,0.0482831634581089,1.0,1.0,0.0,5.0,8.0,3.0,-0.18829815089702606,0.12703418731689453,54840212.0,-0.0020040469244122505,-0.0019999975338578224,1.0,2.0,2.0,0.0,1.0,0.030554740362921173,0.04950861677054062,True
55033892,33.909299,-0.15670007467269897,0.1351352334022522,-0.008605945855379105,0.050811171531677246,1.0,1.0,0.0,5.0,8.0,3.0,-0.18829815089702606,0.12703418731689453,54937896.0,-0.0020040469244122505,-0.0019999975338578224,1.0,2.0,2.0,0.0,1.0,0.03262001484909952,0.05153481790486161,True
55137761,34.013168,-0.15596792101860046,0.14014209806919098,-0.0076256017200648785,0.04777410626411438,1.0,1.0,0.0,5.0,8.0,3.0,-0.18829815089702606,0.12703418731689453,55033954.0,-0.0020040469244122505,-0.0019999975338578224,1.0,2.0,2.0,0.0,1.0,0.034886402627413625,0.048378869673938736,True
55230589,34.105996,-0.15571439266204834,0.1434607207775116,-0.0066063483245670795,0.04502437636256218,1.0,1.0,0.0,5.0,8.0,3.0,-0.18829815089702606,0.12703418731689453,55137800.0,-0.0020040469244122505,-0.0019999975338578224,1.0,2.0,2.0,0.0,1.0,0.03649016719951075,0.04550646443114602,True
55335859,34.211266,-0.15609973669052124,0.1459733247756958,-0.009033218957483768,0.03978054225444794,1.0,1.0,0.0,5.0,8.0,3.0,-0.18829815089702606,0.12703418731689453,55230652.0,-0.0020040469244122505,-0.0019999975338578224,1.0,2.0,2.0,0.0,1.0,0.03735543876193962,0.040793266439349544,True
55433548,34.308955,-0.1567615121603012,0.14708857238292694,-0.006926336325705051,0.03304731100797653,1.0,1.0,0.0,5.0,8.0,3.0,-0.18829815089702606,0.12703418731689453,55335922.0,-0.0020040469244122505,2.3283064365386963e-10,1.0,2.0,2.0,0.0,1.0,0.03737295737812835,0.03376535057947286,True
55537158,34.412565,-0.15818491578102112,0.14696817100048065,-0.012282760813832283,0.026815466582775116,1.0,1.0,0.0,5.0,8.0,3.0,-0.18829815089702606,0.12703418731689453,55433680.0,-0.0020040469244122505,2.3283064365386963e-10,1.0,2.0,2.0,0.0,1.0,0.03611330273803922,0.029494668353140418,True
55633338,34.508745,-0.15925981104373932,0.14712052047252655,-0.013650058768689632,0.024029428139328957,1.0,1.0,0.0,5.0,8.0,3.0,-0.18829815089702606,0.12703418731689453,55537198.0,-0.0020040469244122505,2.3283064365386963e-10,1.0,2.0,2.0,0.0,1.0,0.03530844036592417,0.027635801437480605,True
55732285,34.607692,-0.1609536111354828,0.14729176461696625,-0.013793585821986198,0.019549014046788216,1.0,1.0,0.0,5.0,8.0,3.0,-0.18829815089702606,0.12703418731689453,55633397.0,-0.0020040469244122505,2.3283064365386963e-10,1.0,2.0,2.0,0.0,1.0,0.03403076979498116,0.023925445868991067,True
55829975,34.705382,-0.16247746348381042,0.14689645171165466,-0.01827126368880272,0.01627839170396328,1.0,1.0,0.0,5.0,8.0,3.0,-0.18829815089702606,0.12703418731689453,55732345.0,-0.0020040469244122505,2.3283064365386963e-10,1.0,2.0,2.0,0.0,1.0,0.03257633259558768,0.02447090340084365,True
55938166,34.813573,-0.1640956699848175,0.14633537828922272,-0.01551099307835102,0.012256159447133541,1.0,1.0,0.0,5.0,8.0,3.0,-0.18829815089702606,0.12703418731689453,55830038.0,-0.0020040469244122505,2.3283064365386963e-10,1.0,2.0,2.0,0.0,1.0,0.03095635726722546,0.019768772108307943,True
56031449,34.906856,-0.16526411473751068,0.1461772471666336,-0.014216802082955837,0.0066602518782019615,1.0,1.0,0.0,5.0,8.0,3.0,-0.18829815089702606,0.12703418731689453,55938204.0,-0.0020040469244122505,2.3283064365386963e-10,1.0,2.0,2.0,0.0,1.0,0.029950351620783258,0.015699567399996416,True
56134845,35.010252,-0.1673199087381363,0.14633136987686157,-0.017271075397729874,0.005973716266453266,1.0,1.0,0.0,5.0,8.0,3.0,-0.18829815089702606,0.12703418731689453,56031487.0,-0.0020040469244122505,2.3283064365386963e-10,1.0,2.0,2.0,0.0,1.0,0.028503822530139993,0.01827499196788219,True
56238615,35.114022,-0.17284612357616425,0.14508666098117828,-0.012557437643408775,0.0028090470004826784,1.0,1.0,0.0,5.0,8.0,3.0,-0.18829815089702606,0.12703418731689453,56134903.0,-0.0020040469244122505,2.3283064365386963e-10,1.0,2.0,2.0,0.0,1.0,0.023762511519709328,0.012867788668571632,True
56331773,35.20718,-0.17732617259025574,0.14379172027111053,-0.019110888242721558,0.004044280853122473,1.0,1.0,0.0,5.0,8.0,3.0,-0.18829815089702606,0.12703418731689453,56238657.0,-0.0020040469244122505,2.3283064365386963e-10,1.0,2.0,2.0,0.0,1.0,0.020029958029808097,0.019534130567924596,True
56429781,35.305188,-0.18139368295669556,0.1421526074409485,-0.015885990113019943,-0.00010203075362369418,1.0,1.0,0.0,5.0,8.0,3.0,-0.18829815089702606,0.12703418731689453,56331833.0,-0.0020040469244122505,2.3283064365386963e-10,1.0,2.0,2.0,0.0,1.0,0.01662041830359427,0.015886317765475184,True
56537488,35.412895,-0.18479271233081818,0.14102500677108765,-0.015532930381596088,0.002634981879964471,1.0,1.0,0.0,5.0,8.0,3.0,-0.18829815089702606,0.12703418731689453,56429841.0,-0.0020040469244122505,2.3283064365386963e-10,1.0,2.0,2.0,0.0,1.0,0.014423284249479595,0.015754842295219965,True
56630611,35.506018,-0.18629536032676697,0.14054463803768158,-0.0059472802095115185,0.0010278041008859873,1.0,1.0,0.0,5.0,8.0,3.0,-0.18829815089702606,0.12703418731689453,56537526.0,-0.0020040469244122505,2.3283064365386963e-10,1.0,2.0,2.0,0.0,1.0,0.013658090962763941,0.006035438936833461,True
56733171,35.608578,-0.18817849457263947,0.14012634754180908,-0.003129612421616912,0.0017093949718400836,1.0,1.0,0.0,5.0,8.0,3.0,-0.18829815089702606,0.12703418731689453,56630675.0,-0.0020040469244122505,2.3283064365386963e-10,1.0,2.0,2.0,0.0,1.0,0.013092707015388389,0.0035660209028118488,True
56825911,35.701318,-0.1900249421596527,0.1394294649362564,-0.002168844686821103,0.003571387380361557,1.0,1.0,0.0,5.0,8.0,3.0,-0.18829815089702606,0.12703418731689453,56733209.0,-0.0020040469244122505,2.3283064365386963e-10,1.0,2.0,2.0,0.0,1.0,0.012514979637447965,0.0041783603358444225,True
56937207,35.812614,-0.1917121857404709,0.13774661719799042,0.0017545607406646013,6.950633542146534e-05,1.0,1.0,0.0,5.0,8.0,3.0,-0.18829815089702606,0.12703418731689453,56826014.0,-0.0020040469244122505,2.3283064365386963e-10,1.0,2.0,2.0,0.0,1.0,0.011243299687798566,0.0017559369360387734,True
57031808,35.907215,-0.19393636286258698,0.13458818197250366,-0.002732276450842619,0.00017018563812598586,1.0,1.0,0.0,5.0,8.0,3.0,-0.18829815089702606,0.12703418731689453,56937267.0,-0.0020040469244122505,2.3283064365386963e-10,1.0,2.0,2.0,0.0,1.0,0.00942614817545139,0.002737571506874932,True
57135442,36.010849,-0.19642095267772675,0.13140344619750977,-0.00046891928650438786,-0.0002781169896479696,1.0,1.0,0.0,5.0,8.0,3.0,-0.18829815089702606,0.12703418731689453,57031867.0,-0.0020040469244122505,2.3283064365386963e-10,1.0,2.0,2.0,0.0,1.0,0.009223357953283029,0.0005451920369802122,True
57237643,36.11305,-0.1986561119556427,0.12872706353664398,0.00011063244892284274,0.0014546357560902834,1.0,1.0,0.0,5.0,8.0,3.0,-0.18829815089702606,0.12703418731689453,57135501.0,-0.0020040469244122505,2.3283064365386963e-10,1.0,2.0,2.0,0.0,1.0,0.010495388853549538,0.0014588367700503768,True
57335698,36.211105,-0.20093530416488647,0.12620124220848083,0.0009465031325817108,0.0012565436773002148,1.0,1.0,0.0,5.0,8.0,3.0,-0.18829815089702606,0.12703418731689453,57237681.0,-0.0020040469244122505,2.3283064365386963e-10,1.0,2.0,2.0,0.0,1.0,0.01266457422375602,0.0015731402330848123,True
57432740,36.308147,-0.20259682834148407,0.12484748661518097,0.003643109230324626,0.0010733534581959248,1.0,1.0,0.0,5.0,8.0,3.0,-0.18829815089702606,0.12703418731689453,57335761.0,-0.0020040469244122505,2.3283064365386963e-10,1.0,2.0,2.0,0.0,1.0,0.014464917442540996,0.0037979379287052125,True
57534925,36.410332,-0.20395787060260773,0.12423309683799744,0.002221464877948165,0.0039797620847821236,1.0,1.0,0.0,5.0,8.0,3.0,-0.18829815089702606,0.12703418731689453,57432798.0,-0.0020040469244122505,2.3283064365386963e-10,1.0,2.0,2.0,0.0,1.0,0.01590826606291052,0.004557785915927448,True
57634305,36.509712,-0.20410992205142975,0.12373200803995132,0.005557116586714983,0.00792987085878849,1.0,1.0,0.0,5.0,8.0,3.0,-0.18829815089702606,0.12703418731689453,57534963.0,-0.0020040469244122505,-0.0019999975338578224,1.0,2.0,2.0,0.0,1.0,0.01615290980029003,0.009683201773969481,True
57731907,36.607314,-0.20425713062286377,0.1235131099820137,0.004689316730946302,0.009242089465260506,1.0,1.0,0.0,5.0,8.0,3.0,-0.18829815089702606,0.12703418731689453,57634343.0,-0.0020040469244122505,-0.0019999975338578224,1.0,2.0,2.0,0.0,1.0,0.016342797174532592,0.010363682216616455,True
57833896,36.709303,-0.20667164027690887,0.12117278575897217,0.004442689940333366,0.011811786331236362,1.0,1.0,0.0,5.0,8.0,3.0,-0.18829815089702606,0.12703418731689453,57731966.0,-0.0020040469244122505,-0.0019999975338578224,1.0,2.0,2.0,0.0,1.0,0.019285775592801063,0.01261965887972894,True
57931819,36.807226,-0.20947925746440887,0.11938446015119553,0.0017915110802277923,0.012342195957899094,1.0,1.0,0.0,5.0,8.0,3.0,-0.18829815089702606,0.12703418731689453,57833934.0,-0.0020040469244122505,-0.0019999975338578224,1.0,2.0,2.0,0.0,1.0,0.02252015988239117,0.012471540121964074,True
58032313,36.90772,-0.2120860368013382,0.11783573776483536,0.005273784510791302,0.00951901450753212,1.0,1.0,0.0,5.0,8.0,3.0,-0.18829815089702606,0.12703418731689453,57931857.0,-0.0020040469244122505,-0.0019999975338578224,1.0,2.0,2.0,0.0,1.0,0.0255044111862703,0.010882299401361333,True
58134530,37.009937,-0.21437793970108032,0.11623134464025497,0.0049733007326722145,0.010431434027850628,1.0,1.0,0.0,5.0,8.0,3.0,-0.18829815089702606,0.12703418731689453,58032351.0,-0.0020040469244122505,-0.0019999975338578224,1.0,2.0,2.0,0.0,1.0,0.028228652003953338,0.011556320177937177,True
58233556,37.108963,-0.21608972549438477,0.1145208477973938,0.003442520974203944,0.01178065687417984,1.0,1.0,0.0,5.0,8.0,3.0,-0.18829815089702606,0.12703418731689453,58134568.0,-0.0020040469244122505,-0.0019999975338578224,1.0,2.0,2.0,0.0,1.0,0.03047876776595229,0.012273338056331488,True
58331068,37.206475,-0.2175978422164917,0.11344972252845764,0.002996964380145073,0.014819071628153324,1.0,1.0,0.0,5.0,8.0,3.0,-0.18829815089702606,0.12703418731689453,58233594.0,-0.0020040469244122505,-0.0019999975338578224,1.0,2.0,2.0,0.0,1.0,0.03229565907369366,0.015119083286237865,True
58433285,37.308692,-0.21875064074993134,0.11366502195596695,0.007045380305498838,0.018395453691482544,1.0,1.0,0.0,5.0,8.0,3.0,-0.18829815089702606,0.12703418731689453,58331106.0,-0.0020040469244122505,-0.0019999975338578224,1.0,2.0,2.0,0.0,1.0,0.033257912151683916,0.019698479640941572,True
58531046,37.406453,-0.218976229429245,0.11488658934831619,0.008295412175357342,0.023445898666977882,1.0,1.0,0.0,5.0,8.0,3.0,-0.18829815089702606,0.12703418731689453,58433345.0,-0.0020040469244122505,-0.0019999975338578224,1.0,2.0,2.0,0.0,1.0,0.03299558514157918,0.024870143293943082,True
58623963,37.49937,-0.21879661083221436,0.11654231697320938,0.01238857302814722,0.026995502412319183,1.0,1.0,0.0,5.0,8.0,3.0,-0.18829815089702606,0.12703418731689453,58531106.0,-0.0020040469244122505,-0.0019999975338578224,1.0,2.0,2.0,0.0,1.0,0.03225268053553046,0.029702422328275982,True
58735281,37.610688,-0.21808116137981415,0.1192002221941948,0.0145252151414752,0.03187751770019531,1.0,1.0,0.0,5.0,8.0,3.0,-0.18829815089702606,0.12703418731689453,58624004.0,-0.0020040469244122505,-0.0019999975338578224,1.0,2.0,2.0,0.0,1.0,0.03079608291587651,0.03503081514370463,True
58831270,37.706677,-0.2166416049003601,0.12065953761339188,0.018299445509910583,0.032288067042827606,1.0,1.0,0.0,5.0,8.0,3.0,-0.18829815089702606,0.12703418731689453,58735342.0,-0.0020040469244122505,-0.0019999975338578224,1.0,2.0,2.0,0.0,1.0,0.029051463709794025,0.03711319144633505,True
58935180,37.810587,-0.21568574011325836,0.12163904309272766,0.021494459360837936,0.03458713740110397,1.0,1.0,0.0,5.0,8.0,3.0,-0.18829815089702606,0.12703418731689453,58831331.0,-0.0020040469244122505,-0.0019999975338578224,1.0,2.0,2.0,0.0,1.0,0.02791393244021066,0.04072200703326837,True
59028164,37.903571,-0.2150961458683014,0.12181280553340912,0.024578886106610298,0.03276531398296356,1.0,1.0,0.0,5.0,8.0,3.0,-0.18829815089702606,0.12703418731689453,58935241.0,-0.0020040469244122505,-0.0019999975338578224,1.0,2.0,2.0,0.0,1.0,0.02730192964259873,0.040959583037964487,True
59136354,38.011761,-0.21452005207538605,0.12164106220006943,0.02510088123381138,0.031877148896455765,1.0,1.0,0.0,5.0,8.0,3.0,-0.18829815089702606,0.12703418731689453,59028222.0,-0.0020040469244122505,-0.0019999975338578224,1.0,2.0,2.0,0.0,1.0,0.02677076577039601,0.04057347483862721,True
59232492,38.107899,-0.2147790789604187,0.12222404032945633,0.022858876734972,0.03459374979138374,1.0,1.0,0.0,5.0,8.0,3.0,-0.18829815089702606,0.12703418731689453,59136394.0,-0.0020040469244122505,-0.0019999975338578224,1.0,2.0,2.0,0.0,1.0,0.026914253939861247,0.041463909249050634,True
59333015,38.208422,-0.21499285101890564,0.12298883497714996,0.024748509749770164,0.034717857837677,1.0,1.0,0.0,5.0,8.0,3.0,-0.18829815089702606,0.12703418731689453,59232554.0,-0.0020040469244122505,-0.0019999975338578224,1.0,2.0,2.0,0.0,1.0,0.026999479442199516,0.042635881457659806,True
59430704,38.306111,-0.21562132239341736,0.1230836734175682,0.021043401211500168,0.03415948525071144,1.0,1.0,0.0,5.0,8.0,3.0,-0.18829815089702606,0.12703418731689453,59333076.0,-0.0020040469244122505,-0.0019999975338578224,1.0,2.0,2.0,0.0,1.0,0.027607286369543464,0.04012100655693647,True
59524268,38.399675,-0.21507467329502106,0.12341334670782089,0.025382092222571373,0.0289725624024868,1.0,1.0,0.0,5.0,8.0,3.0,-0.18829815089702606,0.12703418731689453,59430765.0,-0.0020040469244122505,-0.0019999975338578224,1.0,2.0,2.0,0.0,1.0,0.02702022646919608,0.03851830704692393,True
59636702,38.512109,-0.21330204606056213,0.1244145855307579,0.03203868865966797,0.027359850704669952,1.0,1.0,0.0,5.0,8.0,3.0,-0.18829815089702606,0.12703418731689453,59524307.0,-0.0020040469244122505,2.3283064365386963e-10,1.0,2.0,2.0,0.0,1.0,0.025140745551137357,0.042131211727328303,True
59738737,38.614144,-0.2119368016719818,0.12458762526512146,0.030274448916316032,0.02636297605931759,1.0,1.0,0.0,5.0,8.0,3.0,-0.18829815089702606,0.12703418731689453,59636783.0,-0.0020040469244122505,2.3283064365386963e-10,1.0,2.0,2.0,0.0,1.0,0.02376492113038653,0.040144099988551014,True
59836345,38.711752,-0.21084406971931458,0.1254182755947113,0.0318988561630249,0.024651270359754562,1.0,1.0,0.0,5.0,8.0,3.0,-0.18829815089702606,0.12703418731689453,59738779.0,-0.0020040469244122505,-0.0019999975338578224,1.0,2.0,2.0,0.0,1.0,0.022603752481283115,0.04031404413922108,True
59935498,38.810905,-0.2093503177165985,0.1264936774969101,0.02892487309873104,0.025217929854989052,1.0,1.0,0.0,5.0,8.0,3.0,-0.18829815089702606,0.12703418731689453,59836383.0,-0.0020040469244122505,-0.0019999975338578224,1.0,2.0,2.0,0.0,1.0,0.021059104412690648,0.0383743699615882,True
60037589,38.912996,-0.20765425264835358,0.1280488520860672,0.027041098102927208,0.022217417135834694,1.0,1.0,0.0,5.0,8.0,3.0,-0.18829815089702606,0.12703418731689453,59935571.0,-0.0020040469244122505,-0.0019999975338578224,1.0,2.0,2.0,0.0,1.0,0.019382678339216804,0.03499763721738675,True
60135190,39.010597,-0.2061387449502945,0.12942591309547424,0.02616017870604992,0.02508077584207058,1.0,1.0,0.0,5.0,8.0,3.0,-0.18829815089702606,0.12703418731689453,60037632.0,-0.0020040469244122505,-0.0019999975338578224,1.0,2.0,2.0,0.0,1.0,0.018000198564833658,0.03624086459747696,True
60231318,39.106725,-0.20489807426929474,0.1313159167766571,0.024344224482774734,0.02503262460231781,1.0,1.0,0.0,5.0,8.0,3.0,-0.18829815089702606,0.12703418731689453,60135231.0,-0.0020040469244122505,-0.0019999975338578224,1.0,2.0,2.0,0.0,1.0,0.017143239575173375,0.034918097888463166,True
60338044,39.213451,-0.20375525951385498,0.13297201693058014,0.02460338920354843,0.02385680563747883,1.0,1.0,0.0,5.0,8.0,3.0,-0.18829815089702606,0.12703418731689453,60231356.0,-0.0020040469244122505,-0.0019999975338578224,1.0,2.0,2.0,0.0,1.0,0.01655838238819265,0.03427059870392878,True
60435911,39.311318,-0.2023870199918747,0.13313257694244385,0.021895991638302803,0.02077808789908886,1.0,1.0,0.0,5.0,8.0,3.0,-0.18829815089702606,0.12703418731689453,60338103.0,-0.0020040469244122505,-0.0019999975338578224,1.0,2.0,2.0,0.0,1.0,0.015352087427994555,0.03018548304345798,True
60531734,39.407141,-0.20139308273792267,0.13316652178764343,0.02107725664973259,0.02079257182776928,1.0,1.0,0.0,5.0,8.0,3.0,-0.18829815089702606,0.12703418731689453,60435962.0,-0.0020040469244122505,-0.0019999975338578224,1.0,2.0,2.0,0.0,1.0,0.014459694532695461,0.02960712399223608,True
60636927,39.512334,-0.2008356899023056,0.1330590695142746,0.01579337753355503,0.020645085722208023,1.0,1.0,0.0,5.0,8.0,3.0,-0.18829815089702606,0.12703418731689453,60531793.0,-0.0020040469244122505,-0.0019999975338578224,1.0,2.0,2.0,0.0,1.0,0.013910035578718451,0.025993274868602423,True
60734511,39.609918,-0.2014227956533432,0.1332981288433075,0.016752010211348534,0.016395190730690956,1.0,1.0,0.0,5.0,8.0,3.0,-0.18829815089702606,0.12703418731689453,60636986.0,-0.0020040469244122505,-0.0019999975338578224,1.0,2.0,2.0,0.0,1.0,0.014542807962214303,0.023439968541294168,True
60829247,39.704654,-0.20101413130760193,0.1337723731994629,0.015100800432264805,0.019445186480879784,1.0,1.0,0.0,5.0,8.0,3.0,-0.18829815089702606,0.12703418731689453,60734570.0,-0.0020040469244122505,-0.0019999975338578224,1.0,2.0,2.0,0.0,1.0,0.014390945305649407,0.024620102578406914,True
60936026,39.811433,-0.19964256882667542,0.13488034904003143,0.01556959468871355,0.01896403171122074,1.0,1.0,0.0,5.0,8.0,3.0,-0.18829815089702606,0.12703418731689453,60829307.0,-0.0020040469244122505,-0.0019999975338578224,1.0,2.0,2.0,0.0,1.0,0.01379340682892259,0.024536641528844227,True
61027468,39.902875,-0.19825300574302673,0.1363428831100464,0.01575123332440853,0.022035641595721245,1.0,1.0,0.0,5.0,8.0,3.0,-0.18829815089702606,0.12703418731689453,60936085.0,-0.0020040469244122505,-0.0019999975338578224,1.0,2.0,2.0,0.0,1.0,0.01362904810962182,0.027086359145795845,True
61138744,40.014151,-0.19554732739925385,0.14049032330513,0.015984322875738144,0.021708929911255836,1.0,1.0,0.0,5.0,8.0,3.0,-0.18829815089702606,0.12703418731689453,61027528.0,-0.0020040469244122505,-0.0019999975338578224,1.0,2.0,2.0,0.0,1.0,0.01528457247339085,0.026958787355659455,True
61233307,40.108714,-0.1932907998561859,0.1441820114850998,0.018680008128285408,0.021424971520900726,1.0,1.0,0.0,5.0,8.0,3.0,-0.18829815089702606,0.12703418731689453,61138783.0,-0.0020040469244122505,-0.0019999975338578224,1.0,2.0,2.0,0.0,1.0,0.017859854907951642,0.028424850190356607,True
61326446,40.201853,-0.19157986342906952,0.14796490967273712,0.01384995598345995,0.02080455794930458,1.0,1.0,0.0,5.0,8.0,3.0,-0.18829815089702606,0.12703418731689453,61233367.0,-0.0020040469244122505,-0.0019999975338578224,1.0,2.0,2.0,0.0,1.0,0.021186429040315875,0.02499301726902437,True
61431775,40.307182,-0.19004248082637787,0.15021908283233643,0.015625163912773132,0.015423900447785854,1.0,1.0,0.0,5.0,8.0,3.0,-0.18829815089702606,0.12703418731689453,61326505.0,-0.0020040469244122505,-0.0019999975338578224,1.0,2.0,2.0,0.0,1.0,0.023250420791125267,0.021955465204004137,True
61529398,40.404805,-0.1885393261909485,0.15032725036144257,0.02104709856212139,0.0072611477226018906,1.0,1.0,0.0,5.0,8.0,3.0,-0.18829815089702606,0.12703418731689453,61431835.0,-0.0020040469244122505,-0.0019999975338578224,1.0,2.0,2.0,0.0,1.0,0.02329431156998824,0.022264425079779153,True
61635828,40.511235,-0.18741793930530548,0.1493372619152069,0.01870284043252468,-0.0015132214175537229,1.0,1.0,0.0,5.0,8.0,3.0,-0.18829815089702606,0.12703418731689453,61529456.0,-0.0020040469244122505,-0.0019999975338578224,1.0,2.0,2.0,0.0,1.0,0.02232043702493493,0.018763956920197385,True
61736463,40.61187,-0.1863321214914322,0.1481565535068512,0.015765871852636337,-0.008752947673201561,1.0,1.0,0.0,5.0,8.0,3.0,-0.18829815089702606,0.12703418731689453,61635867.0,-0.0020040469244122505,-0.0019999975338578224,1.0,2.0,2.0,0.0,1.0,0.021213665998273006,0.01803265948892607,True
61829834,40.705241,-0.18580400943756104,0.14624112844467163,0.01676168479025364,-0.01463404018431902,1.0,1.0,0.0,5.0,8.0,3.0,-0.18829815089702606,0.12703418731689453,61736522.0,-0.0020040469244122505,-0.0019999975338578224,1.0,2.0,2.0,0.0,1.0,0.019368204075383907,0.022251049618480564,True
61927496,40.802903,-0.1839527040719986,0.14544889330863953,0.01685330457985401,-0.015823686495423317,1.0,1.0,0.0,5.0,8.0,3.0,-0.18829815089702606,0.12703418731689453,61829893.0,-0.0020040469244122505,-0.0019999975338578224,1.0,2.0,2.0,0.0,1.0,0.01892047316722154,0.023117589181546817,True
62038497,40.913904,-0.18068091571331024,0.14766980707645416,0.01882932148873806,-0.017657795920968056,1.0,1.0,0.0,5.0,8.0,3.0,-0.18829815089702606,0.12703418731689453,61927569.0,-0.0020040469244122505,-0.0019999975338578224,1.0,2.0,2.0,0.0,1.0,0.021996615073805473,0.025813583720839868,True
62136094,41.011501,-0.17789064347743988,0.14856545627117157,0.019940827041864395,-0.019286297261714935,1.0,1.0,0.0,5.0,8.0,3.0,-0.18829815089702606,0.12703418731689453,62038556.0,-0.0020040469244122505,-0.0019999975338578224,1.0,2.0,2.0,0.0,1.0,0.023914676528654023,0.02774162657777628,True
62233879,41.109286,-0.1753167062997818,0.14851857721805573,0.022078974172472954,-0.01980670541524887,1.0,1.0,0.0,5.0,8.0,3.0,-0.18829815089702606,0.12703418731689453,62136153.0,-0.0020040469244122505,-0.0019999975338578224,1.0,2.0,2.0,0.0,1.0,0.025101731280061927,0.029661198221163903,True
62328637,41.204044,-0.17201988399028778,0.14863859117031097,0.01905522122979164,-0.018651822581887245,1.0,1.0,0.0,5.0,8.0,3.0,-0.18829815089702606,0.12703418731689453,62233938.0,-0.0020040469244122505,-0.0019999975338578224,1.0,2.0,2.0,0.0,1.0,0.02705054970510814,0.026664432147385043,True
62435170,41.310577,-0.16919945180416107,0.14944829046726227,0.01878446340560913,-0.014710466377437115,1.0,1.0,0.0,5.0,8.0,3.0,-0.18829815089702606,0.12703418731689453,62328702.0,-0.0020040469244122505,-0.0019999975338578224,1.0,2.0,2.0,0.0,1.0,0.02944745026441384,0.023859042027675303,True
62537331,41.412738,-0.16737046837806702,0.14964397251605988,0.0162064116448164,-0.014042929746210575,1.0,1.0,0.0,5.0,8.0,3.0,-0.18829815089702606,0.12703418731689453,62435221.0,-0.0020040469244122505,-0.0019999975338578224,1.0,2.0,2.0,0.0,1.0,0.030808607277297367,0.02144415198272588,True
62630575,41.505982,-0.16606315970420837,0.14932391047477722,0.013829583302140236,-0.014965131878852844,1.0,1.0,0.0,5.0,8.0,3.0,-0.18829815089702606,0.12703418731689453,62537368.0,-0.0020040469244122505,-0.0019999975338578224,1.0,2.0,2.0,0.0,1.0,0.03148375123456117,0.020376764867424214,True
62734061,41.609468,-0.16471423208713531,0.14820744097232819,0.011075839400291443,-0.019269151613116264,1.0,1.0,0.0,5.0,8.0,3.0,-0.18829815089702606,0.12703418731689453,62630641.0,-0.0020040469244122505,-0.0019999975338578224,1.0,2.0,2.0,0.0,1.0,0.03169397256244243,0.02222553536611232,True
62831671,41.707078,-0.1632644683122635,0.1463489532470703,0.007214502897113562,-0.020618045702576637,1.0,1.0,0.0,5.0,8.0,3.0,-0.18829815089702606,0.12703418731689453,62734099.0,-0.0020040469244122505,-0.0019999975338578224,1.0,2.0,2.0,0.0,1.0,0.03161875150432294,0.021843828891611447,True
62938260,41.813667,-0.16089972853660583,0.14338459074497223,0.002441277028992772,-0.0218630563467741,1.0,1.0,0.0,5.0,8.0,3.0,-0.18829815089702606,0.12703418731689453,62831709.0,-0.0020040469244122505,-0.0019999975338578224,1.0,2.0,2.0,0.0,1.0,0.031906257068181315,0.021998933300378613,True
63034347,41.909754,-0.1591467261314392,0.14036549627780914,0.0018396624363958836,-0.02440069057047367,1.0,1.0,0.0,5.0,8.0,3.0,-0.18829815089702606,0.12703418731689453,62938297.0,-0.0020040469244122505,-0.0019999975338578224,1.0,2.0,2.0,0.0,1.0,0.03205509888418741,0.024469941932826256,True
63138179,42.013586,-0.15734286606311798,0.13730758428573608,-8.628117939224467e-05,-0.02446894906461239,1.0,1.0,0.0,5.0,8.0,3.0,-0.18829815089702606,0.12703418731689453,63034405.0,-0.0020040469244122505,-0.0019999975338578224,1.0,2.0,2.0,0.0,1.0,0.03261552305923948,0.024469101184320458,True
63231449,42.106856,-0.1562708169221878,0.1346128284931183,-0.005843187682330608,-0.02269548363983631,1.0,1.0,0.0,5.0,8.0,3.0,-0.18829815089702606,0.12703418731689453,63138222.0,-0.0020040469244122505,-0.0019999975338578224,1.0,2.0,2.0,0.0,1.0,0.03291179003964663,0.02343561008245823,True
63332089,42.207496,-0.15537463128566742,0.13251301646232605,-0.0067260353825986385,-0.02387116849422455,1.0,1.0,0.0,5.0,8.0,3.0,-0.18829815089702606,0.12703418731689453,63231520.0,-0.0020040469244122505,-0.0019999975338578224,1.0,2.0,2.0,0.0,1.0,0.0333762746933259,0.024800649935992153,True
63438567,42.313974,-0.1545455902814865,0.130693256855011,-0.008223561570048332,-0.024469228461384773,1.0,1.0,0.0,5.0,8.0,3.0,-0.18829815089702606,0.12703418731689453,63332176.0,-0.0020040469244122505,-0.0019999975338578224,1.0,2.0,2.0,0.0,1.0,0.03395031867288499,0.02581414547088124,True
63530109,42.405516,-0.1545204222202301,0.12909771502017975,-0.0092173395678401,-0.022783968597650528,1.0,1.0,0.0,5.0,8.0,3.0,-0.18829815089702606,0.12703418731689453,63438658.0,-0.0020040469244122505,-0.0019999975338578224,1.0,2.0,2.0,0.0,1.0,0.033840701841797986,0.024577806528809604,True
63629328,42.504735,-0.15470972657203674,0.12801750004291534,-0.013028071261942387,-0.019727466627955437,1.0,1.0,0.0,5.0,8.0,3.0,-0.18829815089702606,0.12703418731689453,63530173.0,-0.0020040469244122505,-0.0019999975338578224,1.0,2.0,2.0,0.0,1.0,0.03360281465223841,0.02364114168908398,True
63731383,42.60679,-0.15609419345855713,0.12676957249641418,-0.018975472077727318,-0.018421651795506477,1.0,1.0,0.0,5.0,8.0,3.0,-0.18829815089702606,0.12703418731689453,63629387.0,-0.0020040469244122505,-0.0019999975338578224,1.0,2.0,2.0,0.0,1.0,0.0322050445691655,0.026446659438339203,True
63838411,42.713818,-0.15820078551769257,0.12608693540096283,-0.02175918035209179,-0.015429092571139336,1.0,1.0,0.0,5.0,8.0,3.0,-0.18829815089702606,0.12703418731689453,63731420.0,-0.0020040469244122505,-0.0019999975338578224,1.0,2.0,2.0,0.0,1.0,0.030112268080789577,0.026674310247195604,True
63935839,42.811246,-0.1602175086736679,0.12575046718120575,-0.022831778973340988,-0.013367719948291779,1.0,1.0,0.0,5.0,8.0,3.0,-0.18829815089702606,0.12703418731689453,63838473.0,-0.0020040469244122505,-0.0019999975338578224,1.0,2.0,2.0,0.0,1.0,0.028109969851691723,0.02645724981367968,True
64031830,42.907237,-0.16235961019992828,0.12602195143699646,-0.026955295354127884,-0.009843079373240471,1.0,1.0,0.0,5.0,8.0,3.0,-0.18829815089702606,0.12703418731689453,63935879.0,-0.0020040469244122505,-0.0019999975338578224,1.0,2.0,2.0,0.0,1.0,0.025958284129956485,0.028696239460531764,True
64137138,43.012545,-0.16463933885097504,0.12732954323291779,-0.029186883941292763,-0.005273287184536457,1.0,1.0,0.0,5.0,8.0,3.0,-0.18829815089702606,0.12703418731689453,64031889.0,-0.0020040469244122505,-0.0019999975338578224,1.0,2.0,2.0,0.0,1.0,0.023660655581523922,0.029659429393248445,True
64234719,43.110126,-0.1669912189245224,0.12864962220191956,-0.03363678604364395,-0.0023648508358746767,1.0,1.0,0.0,5.0,8.0,3.0,-0.18829815089702606,0.12703418731689453,64137199.0,-0.0020040469244122505,-0.0019999975338578224,1.0,2.0,2.0,0.0,1.0,0.021368083207172667,0.03371981457276741,True
64333861,43.209268,-0.1691727489233017,0.12939633429050446,-0.03456718102097511,0.00015685551625210792,1.0,1.0,0.0,5.0,8.0,3.0,-0.18829815089702606,0.12703418731689453,64234806.0,-0.0020040469244122505,-0.0019999975338578224,1.0,2.0,2.0,0.0,1.0,0.019270722326406822,0.03456753690082417,True
64431497,43.306904,-0.17130935192108154,0.12995357811450958,-0.03413471579551697,0.00012800880358554423,1.0,1.0,0.0,5.0,8.0,3.0,-0.18829815089702606,0.12703418731689453,64333934.0,-0.0020040469244122505,-0.0019999975338578224,1.0,2.0,2.0,0.0,1.0,0.01723781115090466,0.03413495581796629,True
64533583,43.40899,-0.1730159968137741,0.12998339533805847,-0.03315308317542076,-0.0008336554747074842,1.0,1.0,0.0,5.0,8.0,3.0,-0.18829815089702606,0.12703418731689453,64431558.0,-0.0020040469244122505,-0.0019999975338578224,1.0,2.0,2.0,0.0,1.0,0.015564127388850043,0.033163562919066414,True
64637248,43.512655,-0.17586152255535126,0.13095082342624664,-0.033473797142505646,0.0003460677689872682,1.0,1.0,0.0,5.0,8.0,3.0,-0.18829815089702606,0.12703418731689453,64533645.0,-0.0020040469244122505,-0.0019999975338578224,1.0,2.0,2.0,0.0,1.0,0.013038779195999519,0.033475585999924645,True
64730308,43.605715,-0.17799372971057892,0.13160473108291626,-0.03252057731151581,-0.00035288342041894794,1.0,1.0,0.0,5.0,8.0,3.0,-0.18829815089702606,0.12703418731689453,64637290.0,-0.0020040469244122505,-0.0019999975338578224,1.0,2.0,2.0,0.0,1.0,0.01127257585047982,0.03252249183845978,True
64828106,43.703513,-0.18045790493488312,0.13301701843738556,-0.02918466180562973,0.000571755925193429,1.0,1.0,0.0,5.0,8.0,3.0,-0.18829815089702606,0.12703418731689453,64730396.0,-0.0020040469244122505,-0.0019999975338578224,1.0,2.0,2.0,0.0,1.0,0.009862237320365733,0.029190261895827116,True
64934797,43.810204,-0.18269513547420502,0.13455437123775482,-0.029520906507968903,0.0004659612604882568,1.0,1.0,0.0,5.0,8.0,3.0,-0.18829815089702606,0.12703418731689453,64828166.0,-0.0020040469244122505,-0.0019999975338578224,1.0,2.0,2.0,0.0,1.0,0.00937800341394351,0.02952458367104465,True
65032559,43.907966,-0.18500883877277374,0.135428324341774,-0.030566733330488205,-0.002404235303401947,1.0,1.0,0.0,5.0,8.0,3.0,-0.18829815089702606,0.12703418731689453,64934856.0,-0.0020040469244122505,-0.0019999975338578224,1.0,2.0,2.0,0.0,1.0,0.009015603731487172,0.030661140453207263,True
65134438,44.009845,-0.18696841597557068,0.13610678911209106,-0.025583820417523384,-0.003994295373558998,1.0,1.0,0.0,5.0,8.0,3.0,-0.18829815089702606,0.12703418731689453,65032619.0,-0.0020040469244122505,-0.0019999975338578224,1.0,2.0,2.0,0.0,1.0,0.00916953097467593,0.02589374949070376,True
65238034,44.113441,-0.18843384087085724,0.1370004415512085,-0.02420770190656185,-0.0022666538134217262,1.0,1.0,0.0,5.0,8.0,3.0,-0.18829815089702606,0.12703418731689453,65134497.0,-0.0020040469244122505,-0.0019999975338578224,1.0,2.0,2.0,0.0,1.0,0.009967177897076952,0.024313587787631374,True
65331442,44.206849,-0.18929991126060486,0.13805244863033295,-0.015917213633656502,-0.0041676838882267475,1.0,1.0,0.0,5.0,8.0,3.0,-0.18829815089702606,0.12703418731689453,65238072.0,-0.0020040469244122505,-0.0019999975338578224,1.0,2.0,2.0,0.0,1.0,0.011063706711462083,0.01645379223314933,True
65432211,44.307618,-0.19039858877658844,0.13927099108695984,-0.014745201915502548,-0.0022755125537514687,1.0,1.0,0.0,5.0,8.0,3.0,-0.18829815089702606,0.12703418731689453,65331543.0,-0.0020040469244122505,-0.0019999975338578224,1.0,2.0,2.0,0.0,1.0,0.012415764406309626,0.01491974989439235,True
65538536,44.413943,-0.19167780876159668,0.14090029895305634,-0.011370874010026455,-0.0004713701200671494,1.0,1.0,0.0,5.0,8.0,3.0,-0.18829815089702606,0.12703418731689453,65432270.0,-0.0020040469244122505,-0.0019999975338578224,1.0,2.0,2.0,0.0,1.0,0.014272040470376189,0.01138063994430837,True
65636291,44.511698,-0.1939035952091217,0.1432463377714157,-0.008483177050948143,-0.0013542667729780078,1.0,1.0,0.0,5.0,8.0,3.0,-0.18829815089702606,0.12703418731689453,65538575.0,-0.0020040469244122505,-0.0019999975338578224,1.0,2.0,2.0,0.0,1.0,0.01715385753397867,0.008590595518945442,True
65735596,44.611003,-0.19584329426288605,0.14518263936042786,-0.00855020061135292,-0.00022567296400666237,1.0,1.0,0.0,5.0,8.0,3.0,-0.18829815089702606,0.12703418731689453,65636350.0,-0.0020040469244122505,-0.0019999975338578224,1.0,2.0,2.0,0.0,1.0,0.019654401542346944,0.008553178285354714,True
65831398,44.706805,-0.19735346734523773,0.14728859066963196,-0.0051359026692807674,0.0029080258682370186,1.0,1.0,0.0,5.0,8.0,3.0,-0.18829815089702606,0.12703418731689453,65735660.0,-0.0020040469244122505,-0.0019999975338578224,1.0,2.0,2.0,0.0,1.0,0.02218647360786824,0.005902042924162868,True
65935113,44.81052,-0.1984768509864807,0.14970718324184418,0.0010734385577961802,0.0033168641384691,1.0,1.0,0.0,5.0,8.0,3.0,-0.18829815089702606,0.12703418731689453,65831457.0,-0.0020040469244122505,-0.0019999975338578224,1.0,2.0,2.0,0.0,1.0,0.024852981304540656,0.0034862383811819163,True
66034290,44.909697,-0.1987786740064621,0.15167945623397827,0.0031137848272919655,0.005611800588667393,1.0,1.0,0.0,5.0,8.0,3.0,-0.18829815089702606,0.12703418731689453,65935181.0,-0.0020040469244122505,-0.0019999975338578224,1.0,2.0,2.0,0.0,1.0,0.026781162122708504,0.006417784804560009,True
66136589,45.011996,-0.19805726408958435,0.15353484451770782,0.007036926224827766,0.004936402663588524,1.0,1.0,0.0,5.0,8.0,3.0,-0.18829815089702606,0.12703418731689453,66034350.0,-0.0020040469244122505,-0.0019999975338578224,1.0,2.0,2.0,0.0,1.0,0.02824048729006252,0.00859571997861451,True
66234073,45.10948,-0.1978389471769333,0.15580804646015167,0.010869122110307217,0.002727053128182888,1.0,1.0,0.0,5.0,8.0,3.0,-0.18829815089702606,0.12703418731689453,66136632.0,-0.0020040469244122505,-0.0019999975338578224,1.0,2.0,2.0,0.0,1.0,0.030314382125497696,0.011206008844039937,True
66331891,45.207298,-0.19753745198249817,0.15810666978359222,0.016320716589689255,0.0023183550219982862,1.0,1.0,0.0,5.0,8.0,3.0,-0.18829815089702606,0.12703418731689453,66234111.0,-0.0020040469244122505,-0.0019999975338578224,1.0,2.0,2.0,0.0,1.0,0.0324170302648352,0.016484555195970037,True
66438437,45.313844,-0.19744068384170532,0.15947091579437256,0.016166146844625473,-0.0002421065146336332,1.0,1.0,0.0,5.0,8.0,3.0,-0.18829815089702606,0.12703418731689453,66331950.0,-0.0020040469244122505,-0.0019999975338578224,1.0,2.0,2.0,0.0,1.0,0.033700552858464794,0.01616795965378508,True
66533002,45.408409,-0.1975887417793274,0.1604318618774414,0.015140329487621784,-0.0008327101822942495,1.0,1.0,0.0,5.0,8.0,3.0,-0.18829815089702606,0.12703418731689453,66438496.0,-0.0020040469244122505,-0.0019999975338578224,1.0,2.0,2.0,0.0,1.0,0.034665829645264525,0.015163211508168257,True
66626215,45.501622,-0.19854918122291565,0.1622018814086914,0.014745915308594704,-0.0009740966488607228,1.0,1.0,0.0,5.0,8.0,3.0,-0.18829815089702606,0.12703418731689453,66533061.0,-0.0020040469244122505,-0.0019999975338578224,1.0,2.0,2.0,0.0,1.0,0.0366312753050793,0.014778054086028015,True
66734452,45.609859,-0.199842631816864,0.16407233476638794,0.016291258856654167,-0.004995652940124273,1.0,1.0,0.0,5.0,8.0,3.0,-0.18829815089702606,0.12703418731689453,66626274.0,-0.0020040469244122505,-0.0019999975338578224,1.0,2.0,2.0,0.0,1.0,0.03879561065634768,0.017040001861287606,True
66831996,45.707403,-0.20064708590507507,0.1652946025133133,0.01252150721848011,-0.008373783901333809,1.0,1.0,0.0,5.0,8.0,3.0,-0.18829815089702606,0.12703418731689453,66734510.0,-0.0020040469244122505,-0.0019999975338578224,1.0,2.0,2.0,0.0,1.0,0.04020392476904923,0.015063479008804266,True
66934024,45.809431,-0.20118002593517303,0.16581763327121735,0.01082357857376337,-0.013350319117307663,1.0,1.0,0.0,5.0,8.0,3.0,-0.18829815089702606,0.12703418731689453,66832058.0,-0.0020040469244122505,-0.0019999975338578224,1.0,2.0,2.0,0.0,1.0,0.040866837222744715,0.017186648122201723,True
67031673,45.90708,-0.20165663957595825,0.16581960022449493,0.010467156767845154,-0.0172281451523304,1.0,1.0,0.0,5.0,8.0,3.0,-0.18829815089702606,0.12703418731689453,66934086.0,-0.0020040469244122505,-0.0019999975338578224,1.0,2.0,2.0,0.0,1.0,0.04102142701318685,0.020158629819320855,True
67130829,46.006236,-0.20211386680603027,0.1664080172777176,0.010657992213964462,-0.016202565282583237,1.0,1.0,0.0,5.0,8.0,3.0,-0.18829815089702606,0.12703418731689453,67031711.0,-0.0020040469244122505,-0.0019999975338578224,1.0,2.0,2.0,0.0,1.0,0.041727359032918916,0.019393708252144527,True
67233135,46.108542,-0.20202071964740753,0.16734200716018677,0.012993846088647842,-0.018710898235440254,1.0,1.0,0.0,5.0,8.0,3.0,-0.18829815089702606,0.12703418731689453,67130904.0,-0.0020040469244122505,-0.0019999975338578224,1.0,2.0,2.0,0.0,1.0,0.04257968099490941,0.02278020519996407,True
67330565,46.205972,-0.20179525017738342,0.16743165254592896,0.010572283528745174,-0.019698606804013252,1.0,1.0,0.0,5.0,8.0,3.0,-0.18829815089702606,0.12703418731689453,67233177.0,-0.0020040469244122505,-0.0019999975338578224,1.0,2.0,2.0,0.0,1.0,0.04259256843529008,0.022356392576426406,True
67435747,46.311154,-0.20197907090187073,0.1677750051021576,0.012678559869527817,-0.018501041457057,1.0,1.0,0.0,5.0,8.0,3.0,-0.18829815089702606,0.12703418731689453,67330625.0,-0.0020040469244122505,-0.0019999975338578224,1.0,2.0,2.0,0.0,1.0,0.042976526220612175,0.022428428731432415,True
67535041,46.410448,-0.20181910693645477,0.167484849691391,0.014438629150390625,-0.021376699209213257,1.0,1.0,0.0,5.0,8.0,3.0,-0.18829815089702606,0.12703418731689453,67435808.0,-0.0020040469244122505,-0.0019999975338578224,1.0,2.0,2.0,0.0,1.0,0.04265058427214881,0.025796071034630226,True
67635790,46.511197,-0.20143099129199982,0.1665460765361786,0.015366039238870144,-0.024848412722349167,1.0,1.0,0.0,5.0,8.0,3.0,-0.18829815089702606,0.12703418731689453,67535129.0,-0.0020040469244122505,-0.0019999975338578224,1.0,2.0,2.0,0.0,1.0,0.04163725358998634,0.02921572824200521,True
67728836,46.604243,-0.20143717527389526,0.16589650511741638,0.011617204174399376,-0.027172723785042763,1.0,1.0,0.0,5.0,8.0,3.0,-0.18829815089702606,0.12703418731689453,67635830.0,-0.0020040469244122505,-0.0019999975338578224,1.0,2.0,2.0,0.0,1.0,0.04102333124460666,0.029551926345467074,True
67826332,46.701739,-0.20132753252983093,0.16520455479621887,0.011432915925979614,-0.02738414891064167,1.0,1.0,0.0,5.0,8.0,3.0,-0.18829815089702606,0.12703418731689453,67728895.0,-0.0020040469244122505,-0.0019999975338578224,1.0,2.0,2.0,0.0,1.0,0.04033288657212541,0.02967495877218224,True
67928523,46.80393,-0.2009805142879486,0.16478271782398224,0.012775322422385216,-0.022693175822496414,1.0,1.0,0.0,5.0,8.0,3.0,-0.18829815089702606,0.12703418731689453,67826390.0,-0.0020040469244122505,-0.0019999975338578224,1.0,2.0,2.0,0.0,1.0,0.039822027781416955,0.02604206389491114,True
68030802,46.906209,-0.2004574090242386,0.16489046812057495,0.013577577657997608,-0.0233836118131876,1.0,1.0,0.0,5.0,8.0,3.0,-0.18829815089702606,0.12703418731689453,67928596.0,-0.0020040469244122505,-0.0019999975338578224,1.0,2.0,2.0,0.0,1.0,0.03976110605216216,0.02703967301001997,True
68132881,47.008288,-0.19911755621433258,0.16441045701503754,0.013844607397913933,-0.021965516731142998,1.0,1.0,0.0,5.0,8.0,3.0,-0.18829815089702606,0.12703418731689453,68030864.0,-0.0020040469244122505,-0.0019999975338578224,1.0,2.0,2.0,0.0,1.0,0.038910732041025436,0.02596453502892929,True
68230584,47.105991,-0.1982874870300293,0.16418367624282837,0.01681690849363804,-0.022515228018164635,1.0,1.0,0.0,5.0,8.0,3.0,-0.18829815089702606,0.12703418731689453,68132921.0,-0.0020040469244122505,-0.0019999975338578224,1.0,2.0,2.0,0.0,1.0,0.038469096218084003,0.02810238253232884,True
68332569,47.207976,-0.19708743691444397,0.16344903409481049,0.016150858253240585,-0.021630816161632538,1.0,1.0,0.0,5.0,8.0,3.0,-0.18829815089702606,0.12703418731689453,68230646.0,-0.0020040469244122505,-0.0019999975338578224,1.0,2.0,2.0,0.0,1.0,0.03746054744067515,0.026995229766286728,True
68425846,47.301253,-0.19657869637012482,0.1623038649559021,0.013702181167900562,-0.023470889776945114,1.0,1.0,0.0,5.0,8.0,3.0,-0.18829815089702606,0.12703418731689453,68332635.0,-0.0020040469244122505,-0.0019999975338578224,1.0,2.0,2.0,0.0,1.0,0.03622868468619261,0.027177793061237982,True
68536985,47.412392,-0.1953052282333374,0.16097649931907654,0.016964679583907127,-0.02718908153474331,1.0,1.0,0.0,5.0,8.0,3.0,-0.18829815089702606,0.12703418731689453,68425905.0,-0.0020040469244122505,-0.0019999975338578224,1.0,2.0,2.0,0.0,1.0,0.03465803913741394,0.03204756633642491,True
68634528,47.509935,-0.19473466277122498,0.15901139378547668,0.016489975154399872,-0.026449082419276237,1.0,1.0,0.0,5.0,8.0,3.0,-0.18829815089702606,0.12703418731689453,68537046.0,-0.0020040469244122505,-0.0019999975338578224,1.0,2.0,2.0,0.0,1.0,0.03261855942007611,0.031168465496626434,True
68732201,47.607608,-0.19402310252189636,0.15711084008216858,0.012858317233622074,-0.026266302913427353,1.0,1.0,0.0,5.0,8.0,3.0,-0.18829815089702606,0.12703418731689453,68634569.0,-0.0020040469244122505,-0.0019999975338578224,1.0,2.0,2.0,0.0,1.0,0.030616663970295197,0.029244742960408878,True
68831663,47.70707,-0.1935102939605713,0.15595781803131104,0.014247659593820572,-0.02504095248878002,1.0,1.0,0.0,5.0,8.0,3.0,-0.18829815089702606,0.12703418731689453,68732270.0,-0.0020040469244122505,-0.0019999975338578224,1.0,2.0,2.0,0.0,1.0,0.02938950236085668,0.028810503387596782,True
68933425,47.808832,-0.19320432841777802,0.15431685745716095,0.013206093572080135,-0.023247340694069862,1.0,1.0,0.0,5.0,8.0,3.0,-0.18829815089702606,0.12703418731689453,68831725.0,-0.0020040469244122505,-0.0019999975338578224,1.0,2.0,2.0,0.0,1.0,0.027720293430043567,0.026736487368027476,True
69026693,47.9021,-0.19222524762153625,0.15310344099998474,0.016038933768868446,-0.023234035819768906,1.0,1.0,0.0,5.0,8.0,3.0,-0.18829815089702606,0.12703418731689453,68933489.0,-0.0020040469244122505,-0.0019999975338578224,1.0,2.0,2.0,0.0,1.0,0.02636338514449484,0.028232389500650722,True
69127263,48.00267,-0.19162540137767792,0.15242645144462585,0.015066981315612793,-0.021208902820944786,1.0,1.0,0.0,5.0,8.0,3.0,-0.18829815089702606,0.12703418731689453,69026783.0,-0.0020040469244122505,-0.0019999975338578224,1.0,2.0,2.0,0.0,1.0,0.025609327857120126,0.026015985178987643,True
69233815,48.109222,-0.1907321661710739,0.1511177271604538,0.016351424157619476,-0.022331226617097855,1.0,1.0,0.0,5.0,8.0,3.0,-0.18829815089702606,0.12703418731689453,69127322.0,-0.0020040469244122505,-0.0019999975338578224,1.0,2.0,2.0,0.0,1.0,0.024206224855408676,0.027677658033268666,True
69331659,48.207066,-0.18948134779930115,0.15004925429821014,0.016959020867943764,-0.023876702412962914,1.0,1.0,0.0,5.0,8.0,3.0,-0.18829815089702606,0.12703418731689453,69233874.0,-0.0020040469244122505,-0.0019999975338578224,1.0,2.0,2.0,0.0,1.0,0.02304546079088022,0.02928660627175059,True
69430811,48.306218,-0.18796011805534363,0.1494724154472351,0.018233811482787132,-0.022177239879965782,1.0,1.0,0.0,5.0,8.0,3.0,-0.18829815089702606,0.12703418731689453,69331722.0,-0.0020040469244122505,-0.0019999975338578224,1.0,2.0,2.0,0.0,1.0,0.022440774225308338,0.02871065742687486,True
69534267,48.409674,-0.18621107935905457,0.14851263165473938,0.02046258933842182,-0.021141940727829933,1.0,1.0,0.0,5.0,8.0,3.0,-0.18829815089702606,0.12703418731689453,69430897.0,-0.0020040469244122505,-0.0019999975338578224,1.0,2.0,2.0,0.0,1.0,0.02157960701167911,0.029422767037992337,True
69637956,48.513363,-0.1847001165151596,0.14770770072937012,0.017140541225671768,-0.02098008804023266,1.0,1.0,0.0,5.0,8.0,3.0,-0.18829815089702606,0.12703418731689453,69534326.0,-0.0020040469244122505,-0.0019999975338578224,1.0,2.0,2.0,0.0,1.0,0.02098428002646031,0.027091737627639664,True
69737388,48.612795,-0.18206101655960083,0.14630654454231262,0.0166257843375206,-0.020055433735251427,1.0,1.0,0.0,5.0,8.0,3.0,-0.18829815089702606,0.12703418731689453,69637994.0,-0.0020040469244122505,-0.0019999975338578224,1.0,2.0,2.0,0.0,1.0,0.020256495199496228,0.02605066462005924,True
69833193,48.7086,-0.1798667460680008,0.1448967158794403,0.015153505839407444,-0.02239246666431427,1.0,1.0,0.0,5.0,8.0,3.0,-0.18829815089702606,0.12703418731689453,69737439.0,-0.0020040469244122505,-0.0019999975338578224,1.0,2.0,2.0,0.0,1.0,0.019752430585593114,0.027037960398990552,True
69932530,48.807937,-0.17802588641643524,0.14265896379947662,0.010840799659490585,-0.024514907971024513,1.0,1.0,0.0,5.0,8.0,3.0,-0.18829815089702606,0.12703418731689453,69833252.0,-0.0020040469244122505,-0.0019999975338578224,1.0,2.0,2.0,0.0,1.0,0.018699012211607816,0.026804918393552563,True
70033203,48.90861,-0.17705309391021729,0.1410142034292221,0.006058570928871632,-0.022818731144070625,1.0,1.0,0.0,5.0,8.0,3.0,-0.18829815089702606,0.12703418731689453,69932589.0,-0.0020040469244122505,-0.0019999975338578224,1.0,2.0,2.0,0.0,1.0,0.017941353269402938,0.02360933655835223,True
70126226,49.001633,-0.17673085629940033,0.1398036628961563,-0.00011637339048320428,-0.0219967570155859,1.0,1.0,0.0,5.0,8.0,3.0,-0.18829815089702606,0.12703418731689453,70033262.0,-0.0020040469244122505,-0.0019999975338578224,1.0,2.0,2.0,0.0,1.0,0.017229678200060047,0.021997064848946098,True
70237280,49.112687,-0.17667944729328156,0.1392120122909546,-0.0008727614767849445,-0.018805043771862984,1.0,1.0,0.0,5.0,8.0,3.0,-0.18829815089702606,0.12703418731689453,70126285.0,-0.0020040469244122505,-0.0019999975338578224,1.0,2.0,2.0,0.0,1.0,0.01683133074152209,0.018825285757646353,True
70332073,49.20748,-0.1765075922012329,0.13923580944538116,-0.005102894734591246,-0.014461925253272057,1.0,1.0,0.0,5.0,8.0,3.0,-0.18829815089702606,0.12703418731689453,70237338.0,-0.0020040469244122505,-0.0019999975338578224,1.0,2.0,2.0,0.0,1.0,0.016967523594364563,0.01533580179526154,True
70432754,49.308161,-0.17660099267959595,0.13851623237133026,-0.009268935769796371,-0.013722066767513752,1.0,1.0,0.0,5.0,8.0,3.0,-0.18829815089702606,0.12703418731689453,70332133.0,-0.0020040469244122505,-0.0019999975338578224,1.0,2.0,2.0,0.0,1.0,0.01639087761517622,0.01655923569120012,True
70535025,49.410432,-0.17661923170089722,0.1377989947795868,-0.011373840272426605,-0.013913062401115894,1.0,1.0,0.0,5.0,8.0,3.0,-0.18829815089702606,0.12703418731689453,70432796.0,-0.0020040469244122505,-0.0019999975338578224,1.0,2.0,2.0,0.0,1.0,0.015883268973940528,0.017970463208276465,True
70636962,49.512369,-0.17664115130901337,0.13732191920280457,-0.012427706271409988,-0.014291969127953053,1.0,1.0,0.0,5.0,8.0,3.0,-0.18829815089702606,0.12703418731689453,70535063.0,-0.0020040469244122505,-0.0019999975338578224,1.0,2.0,2.0,0.0,1.0,0.015547445666452678,0.018939595157310155,True
70734917,49.610324,-0.17581094801425934,0.13643792271614075,-0.010741805657744408,-0.015163077041506767,1.0,1.0,0.0,5.0,8.0,3.0,-0.18829815089702606,0.12703418731689453,70637000.0,-0.0020040469244122505,-0.0019999975338578224,1.0,2.0,2.0,0.0,1.0,0.01563203362632047,0.018582392046112346,True
70829351,49.704758,-0.17540951073169708,0.13563571870326996,-0.01174622867256403,-0.01715153641998768,1.0,1.0,0.0,5.0,8.0,3.0,-0.18829815089702606,0.12703418731689453,70734956.0,-0.0020040469244122505,-0.0019999975338578224,1.0,2.0,2.0,0.0,1.0,0.015495269842830521,0.020788195919663858,True
70937485,49.812892,-0.17616456747055054,0.1344311535358429,-0.012819791212677956,-0.018793869763612747,1.0,1.0,0.0,5.0,8.0,3.0,-0.18829815089702606,0.12703418731689453,70829412.0,-0.0020040469244122505,-0.0019999975338578224,1.0,2.0,2.0,0.0,1.0,0.014210522721262043,0.022749870052997938,True
71033564,49.908971,-0.1768677681684494,0.13298502564430237,-0.015369134023785591,-0.018874213099479675,1.0,1.0,0.0,5.0,8.0,3.0,-0.18829815089702606,0.12703418731689453,70937523.0,-0.0020040469244122505,-0.0019999975338578224,1.0,2.0,2.0,0.0,1.0,0.012886664662382183,0.024340217763316213,True
71137241,50.012648,-0.1792701929807663,0.12906670570373535,-0.020120875909924507,-0.019876999780535698,1.0,1.0,0.0,5.0,8.0,3.0,-0.18829815089702606,0.12703418731689453,71033628.0,-0.0020040469244122505,-0.0019999975338578224,1.0,2.0,2.0,0.0,1.0,0.009253926470996156,0.028283294851519626,True
71236415,50.111822,-0.18201200664043427,0.12361790239810944,-0.021576065570116043,-0.024317635223269463,1.0,1.0,0.0,5.0,8.0,3.0,-0.18829815089702606,0.12703418731689453,71137279.0,-0.0020040469244122505,-0.0019999975338578224,1.0,2.0,2.0,0.0,1.0,0.007154481970135959,0.03250959840320921,True
71332755,50.208162,-0.1847805231809616,0.11848214268684387,-0.02275841124355793,-0.027148179709911346,1.0,1.0,0.0,5.0,8.0,3.0,-0.18829815089702606,0.12703418731689453,71236453.0,-0.0020040469244122505,-0.0019999975338578224,1.0,2.0,2.0,0.0,1.0,0.009247225102872923,0.035425540841214354,True
71436251,50.311658,-0.18709804117679596,0.11410526931285858,-0.021503832191228867,-0.026407282799482346,1.0,1.0,0.0,5.0,8.0,3.0,-0.18829815089702606,0.12703418731689453,71332816.0,-0.0020040469244122505,-0.0019999975338578224,1.0,2.0,2.0,0.0,1.0,0.012984497837639919,0.034055240180629574,True
71529330,50.404737,-0.1884434074163437,0.11132553964853287,-0.023265639320015907,-0.022973131388425827,1.0,1.0,0.0,5.0,8.0,3.0,-0.18829815089702606,0.12703418731689453,71436290.0,-0.0020040469244122505,-0.0019999975338578224,1.0,2.0,2.0,0.0,1.0,0.015709319241301596,0.032696402535431116,True
71639206,50.514613,-0.18971672654151917,0.10830871760845184,-0.018218431621789932,-0.019735366106033325,1.0,1.0,0.0,5.0,8.0,3.0,-0.18829815089702606,0.12703418731689453,71529432.0,-0.0020040469244122505,-0.0019999975338578224,1.0,2.0,2.0,0.0,1.0,0.01877912598234949,0.026858814681534334,True
71736500,50.611907,-0.1916791796684265,0.10381872206926346,-0.01570821925997734,-0.01777401939034462,1.0,1.0,0.0,5.0,8.0,3.0,-0.18829815089702606,0.12703418731689453,71639244.0,-0.0020040469244122505,-0.0019999975338578224,1.0,2.0,2.0,0.0,1.0,0.023460374724564904,0.023720537886141403,True
71837104,50.712511,-0.1939256489276886,0.10006287693977356,-0.017299268394708633,-0.014133471995592117,1.0,1.0,0.0,5.0,8.0,3.0,-0.18829815089702606,0.12703418731689453,71736561.0,-0.0020040469244122505,-0.0019999975338578224,1.0,2.0,2.0,0.0,1.0,0.027552138166467302,0.02233874924077782,True
71925881,50.801288,-0.1954556405544281,0.09749987721443176,-0.013441627845168114,-0.011910904198884964,1.0,1.0,0.0,5.0,8.0,3.0,-0.18829815089702606,0.12703418731689453,71837142.0,-0.0020040469244122505,-0.0019999975338578224,1.0,2.0,2.0,0.0,1.0,0.030389227226506624,0.017959593479892975,True
72038473,50.91388,-0.19722819328308105,0.09645943343639374,-0.01622934825718403,-0.005097881890833378,1.0,1.0,0.0,5.0,8.0,3.0,-0.18829815089702606,0.12703418731689453,71925940.0,-0.0020040469244122505,-0.0019999975338578224,1.0,2.0,2.0,0.0,1.0,0.0318521778198907,0.017011177049982437,True
72136067,51.011474,-0.19748136401176453,0.09627451747655869,-0.012283386662602425,-0.0007218016544356942,1.0,1.0,0.0,5.0,8.0,3.0,-0.18829815089702606,0.12703418731689453,72038548.0,-0.0020040469244122505,-0.0019999975338578224,1.0,2.0,2.0,0.0,1.0,0.032101225705526745,0.012304575796480966,True
72234165,51.109572,-0.197388157248497,0.09665615111589432,-0.008951974101364613,0.001964820781722665,1.0,1.0,0.0,5.0,8.0,3.0,-0.18829815089702606,0.12703418731689453,72136126.0,-0.0020040469244122505,-0.0019999975338578224,1.0,2.0,2.0,0.0,1.0,0.03170888359591144,0.009165061975556523,True
72338865,51.214272,-0.19882576167583466,0.09551654011011124,-0.004670640919357538,0.005291878245770931,1.0,1.0,0.0,5.0,8.0,3.0,-0.18829815089702606,0.12703418731689453,72234224.0,-0.0020040469244122505,-0.0019999975338578224,1.0,2.0,2.0,0.0,1.0,0.03322939473058969,0.007058247797126469,True
72433728,51.309135,-0.20062214136123657,0.09390894323587418,-0.003911595791578293,0.005247738678008318,1.0,1.0,0.0,5.0,8.0,3.0,-0.18829815089702606,0.12703418731689453,72338906.0,-0.0020040469244122505,-0.0019999975338578224,1.0,2.0,2.0,0.0,1.0,0.035343493550993595,0.006545177069366229,True
72526643,51.40205,-0.20201320946216583,0.09249094873666763,-0.005573510657995939,0.007444705814123154,1.0,1.0,0.0,5.0,8.0,3.0,-0.18829815089702606,0.12703418731689453,72433766.0,-0.0020040469244122505,-0.0019999975338578224,1.0,2.0,2.0,0.0,1.0,0.03716635794715013,0.00929987449988619,True
72628956,51.504363,-0.20324444770812988,0.09112037718296051,-0.004253569059073925,0.008638323284685612,1.0,1.0,0.0,5.0,8.0,3.0,-0.18829815089702606,0.12703418731689453,72526703.0,-0.0020040469244122505,-0.0019999975338578224,1.0,2.0,2.0,0.0,1.0,0.03889978851744408,0.009628783874978846,True
72726576,51.601983,-0.20465496182441711,0.09072831273078918,-0.0033630328252911568,0.011800912208855152,1.0,1.0,0.0,5.0,8.0,3.0,-0.18829815089702606,0.12703418731689453,72629014.0,-0.0020040469244122505,-0.0019999975338578224,1.0,2.0,2.0,0.0,1.0,0.03982036907383493,0.012270758686613164,True
72833121,51.708528,-0.20633471012115479,0.09035049378871918,-0.0022592623718082905,0.013425841927528381,1.0,1.0,0.0,5.0,8.0,3.0,-0.18829815089702606,0.12703418731689453,72726653.0,-0.0020040469244122505,-0.0019999975338578224,1.0,2.0,2.0,0.0,1.0,0.04087799945587598,0.013614606051136692,True
72930788,51.806195,-0.20746442675590515,0.09029228240251541,-0.002755182096734643,0.01414616871625185,1.0,1.0,0.0,5.0,8.0,3.0,-0.18829815089702606,0.12703418731689453,72833185.0,-0.0020040469244122505,-0.0019999975338578224,1.0,2.0,2.0,0.0,1.0,0.04144048391411384,0.014411978272771216,True
73032867,51.908274,-0.20864632725715637,0.09052848815917969,-0.0007666373858228326,0.01656956970691681,1.0,1.0,0.0,5.0,8.0,3.0,-0.18829815089702606,0.12703418731689453,72930846.0,-0.0020040469244122505,-0.0019999975338578224,1.0,2.0,2.0,0.0,1.0,0.04179371187363654,0.016587295534646884,True
73130574,52.005981,-0.2088870406150818,0.0907764881849289,0.005532779265195131,0.015892239287495613,1.0,1.0,0.0,5.0,8.0,3.0,-0.18829815089702606,0.12703418731689453,73032905.0,-0.0020040469244122505,-0.0019999975338578224,1.0,2.0,2.0,0.0,1.0,0.04169560080112052,0.016827801875717228,True
73229616,52.105023,-0.20882733166217804,0.091217041015625,0.005211813375353813,0.01663721352815628,1.0,1.0,0.0,5.0,8.0,3.0,-0.18829815089702606,0.12703418731689453,73130638.0,-0.0020040469244122505,-0.0019999975338578224,1.0,2.0,2.0,0.0,1.0,0.041283352965267146,0.017434445005247035,True
73331965,52.207372,-0.20851103961467743,0.0912458673119545,0.009377393871545792,0.016574455425143242,1.0,1.0,0.0,5.0,8.0,3.0,-0.18829815089702606,0.12703418731689453,73229693.0,-0.0020040469244122505,-0.0019999975338578224,1.0,2.0,2.0,0.0,1.0,0.0411018821842522,0.019043321361100977,True
73438595,52.314002,-0.20769798755645752,0.09158527851104736,0.007106665521860123,0.01889760047197342,1.0,1.0,0.0,5.0,8.0,3.0,-0.18829815089702606,0.12703418731689453,73332003.0,-0.0020040469244122505,-0.0019999975338578224,1.0,2.0,2.0,0.0,1.0,0.04041013236724039,0.020189700305797642,True
73536091,52.411498,-0.20704598724842072,0.09203538298606873,0.008093399927020073,0.018018526956439018,1.0,1.0,0.0,5.0,8.0,3.0,-0.18829815089702606,0.12703418731689453,73438660.0,-0.0020040469244122505,-0.0019999975338578224,1.0,2.0,2.0,0.0,1.0,0.03970387477874302,0.019752732369437098,True
73633759,52.509166,-0.2067101001739502,0.09288620203733444,0.007707690820097923,0.01738498918712139,1.0,1.0,0.0,5.0,8.0,3.0,-0.18829815089702606,0.12703418731689453,73536129.0,-0.0020040469244122505,-0.0019999975338578224,1.0,2.0,2.0,0.0,1.0,0.03879542208597658,0.019017001520075384,True
73731479,52.606886,-0.2060750126838684,0.09367717057466507,0.011494774371385574,0.01883365958929062,1.0,1.0,0.0,5.0,8.0,3.0,-0.18829815089702606,0.12703418731689453,73633797.0,-0.0020040469244122505,-0.0019999975338578224,1.0,2.0,2.0,0.0,1.0,0.037798245738788885,0.022064373351045823,True
73836638,52.712045,-0.20528247952461243,0.09520220011472702,0.014437133446335793,0.019513588398694992,1.0,1.0,0.0,5.0,8.0,3.0,-0.18829815089702606,0.12703418731689453,73731543.0,-0.0020040469244122505,-0.0019999975338578224,1.0,2.0,2.0,0.0,1.0,0.03607967333788938,0.02427366792104134,True
73935822,52.811229,-0.20453575253486633,0.0968441516160965,0.012557240203022957,0.022683054208755493,1.0,1.0,0.0,5.0,8.0,3.0,-0.18829815089702606,0.12703418731689453,73836698.0,-0.0020040469244122505,-0.0019999975338578224,1.0,2.0,2.0,0.0,1.0,0.034279701903089134,0.025926920946262717,True
74031932,52.907339,-0.20374919474124908,0.09837695956230164,0.012820466421544552,0.025353271514177322,1.0,1.0,0.0,5.0,8.0,3.0,-0.18829815089702606,0.12703418731689453,73935860.0,-0.0020040469244122505,-0.0019999975338578224,1.0,2.0,2.0,0.0,1.0,0.03255720286595136,0.028410433571797997,True
74129904,53.005311,-0.20313964784145355,0.09992498904466629,0.013166068121790886,0.026373859494924545,1.0,1.0,0.0,5.0,8.0,3.0,-0.18829815089702606,0.12703418731689453,74031991.0,-0.0020040469244122505,-0.0019999975338578224,1.0,2.0,2.0,0.0,1.0,0.030905964837138367,0.029477547632828276,True
74234623,53.11003,-0.20276795327663422,0.10173588246107101,0.015321571379899979,0.02683715708553791,1.0,1.0,0.0,5.0,8.0,3.0,-0.18829815089702606,0.12703418731689453,74129966.0,-0.0020040469244122505,-0.0019999975338578224,1.0,2.0,2.0,0.0,1.0,0.029144114491318783,0.03090280812455735,True
74329369,53.204776,-0.2031116634607315,0.10301202535629272,0.012291203252971172,0.026893164962530136,1.0,1.0,0.0,5.0,8.0,3.0,-0.18829815089702606,0.12703418731689453,74234665.0,-0.0020040469244122505,-0.0019999975338578224,1.0,1.0,2.0,0.0,0.0,0.02822240988534543,0.029568834929832925,False
74436136,53.311543,-0.2034132331609726,0.10361667722463608,0.013015853241086006,0.026265226304531097,1.0,1.0,0.0,5.0,8.0,3.0,nan,nan,74329507.0,-0.0020040469244122505,-0.0019999975338578224,1.0,1.0,2.0,0.0,0.0,nan,0.029313385140950905,False
74533663,53.40907,-0.20340758562088013,0.10444271564483643,0.013716712594032288,0.02655666321516037,1.0,1.0,0.0,5.0,8.0,3.0,nan,nan,74436211.0,-0.0020040469244122505,-0.0019999975338578224,1.0,1.0,2.0,0.0,0.0,nan,0.029889873962777692,False
74638793,53.5142,-0.20066647231578827,0.11041667312383652,0.02017153613269329,0.03303708881139755,1.0,1.0,0.0,5.0,8.0,3.0,nan,nan,74533722.0,-0.0020040469244122505,-0.0019999975338578224,1.0,1.0,2.0,0.0,0.0,nan,0.038708398405058304,False
74733809,53.609216,-0.19732624292373657,0.11710985749959946,0.02635626308619976,0.042436134070158005,1.0,1.0,0.0,5.0,8.0,3.0,nan,nan,74638832.0,-0.0020040469244122505,-0.0019999975338578224,1.0,1.0,2.0,0.0,0.0,nan,0.049954760320608096,False
74826613,53.70202,-0.19372132420539856,0.12317189574241638,0.03374319523572922,0.049219582229852676,1.0,1.0,0.0,5.0,8.0,3.0,nan,nan,74733898.0,-0.0020040469244122505,-0.0019999975338578224,1.0,1.0,2.0,0.0,0.0,nan,0.05967554356348812,False
74924266,53.799673,-0.19043764472007751,0.1288602650165558,0.03772197291254997,0.052623506635427475,1.0,1.0,0.0,5.0,8.0,3.0,nan,nan,74826676.0,-0.0020040469244122505,-0.0019999975338578224,1.0,1.0,2.0,0.0,0.0,nan,0.06474705160101141,False
75035598,53.911005,-0.18651434779167175,0.13440364599227905,0.045280225574970245,0.05403435230255127,1.0,1.0,0.0,5.0,8.0,3.0,nan,nan,74924306.0,-0.0020040469244122505,-0.0019999975338578224,1.0,1.0,2.0,0.0,0.0,nan,0.07049829825518072,False
75129898,54.005305,-0.18286459147930145,0.1387401521205902,0.048234160989522934,0.056938838213682175,1.0,1.0,0.0,5.0,8.0,3.0,nan,nan,75035716.0,-0.0020040469244122505,-0.0019999975338578224,1.0,1.0,2.0,0.0,0.0,nan,0.07462282213563817,False
75236581,54.111988,-0.1797909140586853,0.1431666761636734,0.05184381455183029,0.05806294456124306,1.0,1.0,0.0,5.0,8.0,3.0,nan,nan,75129957.0,-0.0020040469244122505,-0.0019999975338578224,1.0,1.0,2.0,0.0,0.0,nan,0.07784013513867094,False
75335686,54.211093,-0.17705781757831573,0.14767791330814362,0.0567772351205349,0.05576607584953308,1.0,1.0,0.0,5.0,8.0,3.0,nan,nan,75236646.0,-0.0020040469244122505,-0.0019999975338578224,1.0,1.0,2.0,0.0,0.0,nan,0.07958335029130388,False
75433538,54.308945,-0.1742924302816391,0.15225769579410553,0.06313257664442062,0.05809156969189644,1.0,1.0,0.0,5.0,8.0,3.0,nan,nan,75335727.0,-0.0020040469244122505,-0.0019999975338578224,1.0,1.0,2.0,0.0,0.0,nan,0.0857924979414407,False
75535620,54.411027,-0.17063717544078827,0.1566629558801651,0.06769406795501709,0.05792205035686493,1.0,1.0,0.0,5.0,8.0,3.0,nan,nan,75433644.0,-0.0020040469244122505,-0.0019999975338578224,1.0,1.0,2.0,0.0,0.0,nan,0.08909237202949345,False
75634744,54.510151,-0.16710740327835083,0.1610594391822815,0.07196488231420517,0.058498598635196686,1.0,1.0,0.0,5.0,8.0,3.0,nan,nan,75535664.0,-0.0020040469244122505,-0.0019999975338578224,1.0,1.0,2.0,0.0,0.0,nan,0.09274173994906089,False
75732330,54.607737,-0.16317394375801086,0.16589321196079254,0.0771908164024353,0.05419706553220749,1.0,1.0,0.0,5.0,8.0,3.0,nan,nan,75634786.0,-0.0020040469244122505,-0.0019999975338578224,1.0,1.0,2.0,0.0,0.0,nan,0.09431725212906103,False
75837556,54.712963,-0.15848593413829803,0.17041313648223877,0.08058961480855942,0.058550767600536346,1.0,1.0,0.0,5.0,8.0,3.0,nan,nan,75732386.0,-0.0020040469244122505,-0.0019999975338578224,1.0,1.0,2.0,0.0,0.0,nan,0.0996136456596384,False
75935163,54.81057,-0.15402331948280334,0.17349494993686676,0.09008308500051498,0.048335932195186615,1.0,1.0,0.0,5.0,8.0,3.0,nan,nan,75837616.0,-0.0020040469244122505,-0.0019999975338578224,1.0,1.0,2.0,0.0,0.0,nan,0.1022317198543959,False
76026855,54.902262,-0.1478705108165741,0.17724543809890747,0.09613332897424698,0.04660855978727341,1.0,1.0,0.0,5.0,8.0,3.0,nan,nan,75935202.0,-0.0020040469244122505,-0.0019999975338578224,1.0,1.0,2.0,0.0,0.0,nan,0.10683620540394831,False
76133510,55.008917,-0.14014677703380585,0.18227894604206085,0.10248025506734848,0.0467655286192894,1.0,1.0,0.0,5.0,8.0,3.0,nan,nan,76026925.0,-0.0020040469244122505,-0.0019999975338578224,1.0,1.0,2.0,0.0,0.0,nan,0.11264642624473437,False
76235620,55.111027,-0.13448074460029602,0.18597887456417084,0.10500797629356384,0.05097440257668495,1.0,1.0,0.0,5.0,8.0,3.0,nan,nan,76133581.0,-0.0020040469244122505,-0.0019999975338578224,1.0,1.0,2.0,0.0,0.0,nan,0.11672645288588021,False
76333419,55.208826,-0.13038302958011627,0.188460111618042,0.11064063757658005,0.050436682999134064,1.0,1.0,0.0,5.0,8.0,3.0,nan,nan,76235689.0,-0.0020040469244122505,-0.0019999975338578224,1.0,1.0,2.0,0.0,0.0,nan,0.12159444755130588,False
76430909,55.306316,-0.12944602966308594,0.18934081494808197,0.11153099685907364,0.04858076199889183,1.0,1.0,0.0,5.0,8.0,3.0,nan,nan,76333477.0,-0.0020040469244122505,-0.0019999975338578224,1.0,1.0,2.0,0.0,0.0,nan,0.12165218327992172,False
76528515,55.403922,-0.11742287874221802,0.18184682726860046,0.11830046772956848,0.04273781552910805,1.0,1.0,0.0,5.0,8.0,3.0,nan,nan,76430991.0,-0.0020040469244122505,-0.0019999975338578224,1.0,1.0,2.0,0.0,0.0,nan,0.12578362986189714,False
76630725,55.506132,-0.1050097644329071,0.17619426548480988,0.1286706030368805,0.0380745567381382,1.0,1.0,0.0,5.0,8.0,3.0,nan,nan,76528589.0,-0.0020040469244122505,-0.0019999975338578224,1.0,1.0,2.0,0.0,0.0,nan,0.13418567716667895,False
76738983,55.61439,-0.09452284127473831,0.17329564690589905,0.13991574943065643,0.035347361117601395,1.0,1.0,0.0,5.0,8.0,3.0,nan,nan,76630781.0,-0.0020040469244122505,-0.0019999975338578224,1.0,1.0,2.0,0.0,0.0,nan,0.14431165190905534,False
76827376,55.702783,-0.09378217160701752,0.17090894281864166,0.1367815136909485,0.03510865196585655,1.0,1.0,0.0,5.0,8.0,3.0,nan,nan,76739023.0,-0.0020040469244122505,-0.0019999975338578224,1.0,1.0,2.0,0.0,0.0,nan,0.14121543800323946,False
76929968,55.805375,-0.09972886741161346,0.1702788770198822,0.12883825600147247,0.03561652824282646,1.0,1.0,0.0,5.0,8.0,3.0,nan,nan,76827432.0,-0.0020040469244122505,-0.0019999975338578224,1.0,1.0,2.0,0.0,0.0,nan,0.13367061492180327,False
77036117,55.911524,-0.10746876150369644,0.16900135576725006,0.11593760550022125,0.03647198528051376,1.0,1.0,0.0,5.0,8.0,3.0,nan,nan,76930026.0,-0.0020040469244122505,-0.0019999975338578224,1.0,1.0,2.0,0.0,0.0,nan,0.12153902286684283,False
77133947,56.009354,-0.11783506721258163,0.16396622359752655,0.10671035945415497,0.029394738376140594,1.0,1.0,0.0,5.0,8.0,3.0,nan,nan,77036174.0,-0.0020040469244122505,-0.0019999975338578224,1.0,1.0,2.0,0.0,0.0,nan,0.11068491974535968,False
77231590,56.106997,-0.12629351019859314,0.1557150036096573,0.09872964024543762,0.022249359637498856,1.0,1.0,0.0,5.0,8.0,3.0,nan,nan,77133986.0,-0.0020040469244122505,-0.0019999975338578224,1.0,1.0,2.0,0.0,0.0,nan,0.10120561183685567,False
77329312,56.204719,-0.11997789889574051,0.1482170671224594,0.10429374128580093,0.018201569095253944,1.0,1.0,0.0,5.0,8.0,3.0,nan,nan,77231660.0,-0.0020040469244122505,-0.0019999975338578224,1.0,1.0,2.0,0.0,0.0,nan,0.10587011660010053,False
77431246,56.306653,-0.10703402012586594,0.14766639471054077,0.11486921459436417,0.023697063326835632,1.0,1.0,0.0,5.0,8.0,3.0,nan,nan,77329369.0,-0.0020040469244122505,-0.0019999975338578224,1.0,1.0,2.0,0.0,0.0,nan,0.1172880525537113,False
77533796,56.409203,-0.09061344712972641,0.15378238260746002,0.12538717687129974,0.037312667816877365,1.0,1.0,0.0,5.0,8.0,3.0,nan,nan,77431303.0,-0.0020040469244122505,-0.0019999975338578224,1.0,1.0,2.0,0.0,0.0,nan,0.13082117299339294,False
77635581,56.510988,-0.07081953436136246,0.16544196009635925,0.13723888993263245,0.05442283675074577,1.0,1.0,0.0,5.0,8.0,3.0,nan,nan,77533853.0,-0.0020040469244122505,-0.0019999975338578224,1.0,1.0,2.0,0.0,0.0,nan,0.14763589695578622,False
77733230,56.608637,-0.04903407767415047,0.18051296472549438,0.14662891626358032,0.06859374791383743,1.0,1.0,0.0,5.0,8.0,3.0,nan,nan,77635620.0,-0.0020040469244122505,-0.0019999975338578224,1.0,1.0,2.0,0.0,0.0,nan,0.16188002142790545,False
77835698,56.711105,-0.024107210338115692,0.19760455191135406,0.15790145099163055,0.08184723556041718,1.0,1.0,0.0,5.0,8.0,3.0,nan,nan,77733268.0,-0.02004011906683445,-0.003999997861683369,1.0,1.0,2.0,0.0,0.0,nan,0.17785341771848165,False
77937619,56.813026,0.002615675562992692,0.21465973556041718,0.18480511009693146,0.09256602823734283,1.0,1.0,0.0,5.0,8.0,3.0,nan,nan,77835736.0,-0.02004011906683445,-0.003999997861683369,1.0,1.0,2.0,0.0,0.0,nan,0.2066915535322513,False
78033635,56.909042,0.029072105884552002,0.23032252490520477,0.20866024494171143,0.09953280538320541,1.0,1.0,0.0,5.0,8.0,3.0,nan,nan,77937663.0,-0.010020079091191292,-0.0019999975338578224,1.0,1.0,2.0,0.0,0.0,nan,0.23118364381284862,False
78131385,57.006792,0.0600258968770504,0.24690136313438416,0.22596295177936554,0.10517232865095139,1.0,1.0,0.0,5.0,8.0,3.0,nan,nan,78033691.0,-0.010020079091191292,-0.0019999975338578224,1.0,1.0,2.0,0.0,0.0,nan,0.24923979275129324,False
78236414,57.111821,0.09213165938854218,0.26295292377471924,0.23803111910820007,0.11265914142131805,1.0,1.0,0.0,5.0,8.0,3.0,nan,nan,78131442.0,-0.004008054733276367,2.3283064365386963e-10,1.0,1.0,2.0,0.0,0.0,nan,0.2633455824761271,False
78331132,57.206539,0.12244021892547607,0.2778630256652832,0.24447625875473022,0.12834201753139496,1.0,1.0,0.0,5.0,8.0,3.0,nan,nan,78236500.0,-0.004008054733276367,2.3283064365386963e-10,1.0,1.0,2.0,0.0,0.0,nan,0.2761164872997241,False
78429227,57.304634,0.15213459730148315,0.29313915967941284,0.25108394026756287,0.13763239979743958,1.0,1.0,0.0,5.0,8.0,3.0,nan,nan,78331170.0,-0.004008054733276367,2.3283064365386963e-10,1.0,1.0,2.0,0.0,0.0,nan,0.28633166526650056,False
78535455,57.410862,0.18179787695407867,0.31033754348754883,0.246786430478096,0.15405748784542084,1.0,1.0,0.0,5.0,8.0,3.0,nan,nan,78429284.0,-0.004008054733276367,2.3283064365386963e-10,1.0,1.0,2.0,0.0,0.0,nan,0.29092482161094835,False
78639179,57.514586,0.21261188387870789,0.33109354972839355,0.23427733778953552,0.18134774267673492,1.0,1.0,0.0,5.0,8.0,3.0,nan,nan,78535511.0,-0.0020040469244122505,-0.0019999975338578224,1.0,1.0,2.0,0.0,0.0,nan,0.2962648726658282,False
78727845,57.603252,0.23751522600650787,0.3504473567008972,0.2195085883140564,0.2012854367494583,1.0,1.0,0.0,5.0,8.0,3.0,nan,nan,78639219.0,-0.0020040469244122505,-0.0019999975338578224,1.0,1.0,2.0,0.0,0.0,nan,0.29782519603124596,False
78834407,57.709814,0.2641738951206207,0.3754318058490753,0.20005705952644348,0.21878190338611603,1.0,1.0,0.0,5.0,8.0,3.0,nan,nan,78727902.0,-0.0020040469244122505,-0.0019999975338578224,1.0,1.0,2.0,0.0,0.0,nan,0.2964596908782352,False
78932060,57.807467,0.28524690866470337,0.3995003402233124,0.18718531727790833,0.23011097311973572,1.0,1.0,0.0,5.0,8.0,3.0,nan,nan,78834464.0,-0.0020040469244122505,-0.0019999975338578224,1.0,1.0,2.0,0.0,0.0,nan,0.2966300776296007,False
79031226,57.906633,0.30197393894195557,0.42203381657600403,0.16983021795749664,0.22302164137363434,1.0,1.0,0.0,5.0,8.0,3.0,nan,nan,78932119.0,-0.0020040469244122505,-0.0019999975338578224,1.0,1.0,2.0,0.0,0.0,nan,0.280322948494198,False
79128816,58.004223,0.3136502206325531,0.4418962895870209,0.17262893915176392,0.20972326397895813,1.0,1.0,0.0,5.0,8.0,3.0,nan,nan,79031302.0,-0.0020040469244122505,-0.0019999975338578224,1.0,1.0,2.0,0.0,0.0,nan,0.27163320505168576,False
79236942,58.112349,0.32361850142478943,0.4578055143356323,0.167434424161911,0.19527417421340942,1.0,1.0,0.0,5.0,8.0,3.0,nan,nan,79128875.0,-0.0020040469244122505,-0.0019999975338578224,1.0,1.0,2.0,0.0,0.0,nan,0.257228088491828,False
79330053,58.20546,0.3310680091381073,0.46650823950767517,0.17408111691474915,0.1637968122959137,1.0,1.0,0.0,5.0,8.0,3.0,nan,nan,79236982.0,-0.0020040469244122505,-0.0019999975338578224,1.0,1.0,2.0,0.0,0.0,nan,0.2390264231933142,False
79436661,58.312068,0.3413856029510498,0.4722883105278015,0.14961834251880646,0.1274886578321457,1.0,1.0,0.0,5.0,8.0,3.0,nan,nan,79330113.0,-0.0020040469244122505,-0.005999997723847628,1.0,1.0,2.0,0.0,0.0,nan,0.1965680703825441,False
79538776,58.414183,0.3516083061695099,0.47386690974235535,0.12427795678377151,0.09159735590219498,1.0,1.0,0.0,5.0,8.0,3.0,nan,nan,79436720.0,-0.0020040469244122505,-0.005999997723847628,1.0,1.0,2.0,0.0,0.0,nan,0.15438615919382914,False
79636489,58.511896,0.36293113231658936,0.4744362235069275,0.12919273972511292,0.05799568071961403,1.0,1.0,0.0,5.0,8.0,3.0,nan,nan,79538816.0,-0.0020040469244122505,-0.19200000166893005,1.0,1.0,2.0,0.0,0.0,nan,0.14161307489004035,False
79729891,58.605298,0.3718571960926056,0.4711911380290985,0.08509651571512222,-0.0003714009653776884,1.0,1.0,0.0,5.0,8.0,3.0,nan,nan,79636528.0,-0.0020040469244122505,-0.19200000166893005,1.0,1.0,2.0,0.0,0.0,nan,0.08509732619495824,False
79834732,58.710139,0.3792072534561157,0.4647458791732788,0.05962710455060005,-0.05275990813970566,1.0,1.0,0.0,5.0,8.0,3.0,nan,nan,79729950.0,-3.888271749019623e-08,-0.19200000166893005,1.0,1.0,2.0,0.0,0.0,nan,0.07961783408256198,False
79938460,58.813867,0.38082873821258545,0.44965270161628723,-0.012187380343675613,-0.1975119262933731,1.0,1.0,0.0,5.0,8.0,3.0,nan,nan,79834791.0,-3.888271749019623e-08,-0.19200000166893005,1.0,1.0,2.0,0.0,0.0,nan,0.19788757734572493,False
80034486,58.909893,0.37243813276290894,0.4243580996990204,-0.11576908081769943,-0.35018792748451233,1.0,1.0,0.0,5.0,8.0,3.0,nan,nan,79938497.0,-3.888271749019623e-08,-0.0019999975338578224,1.0,1.0,2.0,0.0,0.0,nan,0.3688279607476541,False
80132169,59.007576,0.35529160499572754,0.3857654333114624,-0.19078658521175385,-0.43773090839385986,1.0,1.0,0.0,5.0,8.0,3.0,nan,nan,80034541.0,-3.888271749019623e-08,-0.0019999975338578224,1.0,1.0,2.0,0.0,0.0,nan,0.47750169555727817,False
80235960,59.111367,0.3379324972629547,0.34180915355682373,-0.19916805624961853,-0.4205683767795563,1.0,1.0,0.0,5.0,8.0,3.0,nan,nan,80132224.0,-0.0020040469244122505,-0.0019999975338578224,1.0,1.0,2.0,0.0,0.0,nan,0.46534468319434147,False
80329473,59.20488,0.3482551574707031,0.3245004415512085,-0.172666996717453,-0.38299649953842163,1.0,1.0,0.0,5.0,8.0,3.0,nan,nan,80235998.0,-0.0020040469244122505,-0.0019999975338578224,1.0,1.0,2.0,0.0,0.0,nan,0.42011928117394126,False
80437257,59.312664,0.3646939694881439,0.31686273217201233,-0.15228700637817383,-0.33696043491363525,1.0,1.0,0.0,5.0,8.0,3.0,nan,nan,80329528.0,-0.0020040469244122505,-0.0019999975338578224,1.0,1.0,2.0,0.0,0.0,nan,0.369775157371087,False
80530346,59.405753,0.378933846950531,0.31863269209861755,-0.12898068130016327,-0.2872293293476105,1.0,1.0,0.0,5.0,8.0,3.0,nan,nan,80437310.0,-0.0020040469244122505,-0.0019999975338578224,1.0,1.0,2.0,0.0,0.0,nan,0.31485981608667113,False
80628150,59.503557,0.39607569575309753,0.33008310198783875,-0.10249020159244537,-0.23419417440891266,1.0,1.0,0.0,5.0,8.0,3.0,nan,nan,80530402.0,-0.0020040469244122505,-0.0019999975338578224,1.0,1.0,2.0,0.0,0.0,nan,0.2556387152790678,False
80730071,59.605478,0.412654846906662,0.34490537643432617,-0.07667595148086548,-0.20225529372692108,1.0,1.0,0.0,5.0,8.0,3.0,nan,nan,80628206.0,-0.0020040469244122505,-0.0019999975338578224,1.0,1.0,2.0,0.0,0.0,nan,0.2163016536600198,False
80832385,59.707792,0.4270963966846466,0.36085987091064453,-0.06356830149888992,-0.14188088476657867,1.0,1.0,0.0,5.0,8.0,3.0,nan,nan,80730126.0,-0.0020040469244122505,-0.0019999975338578224,1.0,1.0,2.0,0.0,0.0,nan,0.15547062236191425,False
80935856,59.811263,0.44186267256736755,0.3805789053440094,-0.026412755250930786,-0.11962885409593582,1.0,1.0,0.0,5.0,8.0,3.0,nan,nan,80832454.0,-0.0020040469244122505,-0.0019999975338578224,1.0,1.0,2.0,0.0,0.0,nan,0.12250998478594417,False
81035260,59.910667,0.4532182216644287,0.3962620496749878,-0.022555137053132057,-0.0858805924654007,1.0,1.0,0.0,5.0,8.0,3.0,nan,nan,80935895.0,-0.0020040469244122505,-0.0019999975338578224,1.0,1.0,2.0,0.0,0.0,nan,0.08879307613600178,False
81137163,60.01257,0.4626278877258301,0.4107438623905182,-0.0204403605312109,-0.0533553883433342,1.0,1.0,0.0,5.0,8.0,3.0,nan,nan,81035316.0,-0.0020040469244122505,-0.0019999975338578224,1.0,1.0,2.0,0.0,0.0,nan,0.05713672902707931,False
81235185,60.110592,0.4708593785762787,0.42447739839553833,0.008181856013834476,-0.052799444645643234,1.0,1.0,0.0,5.0,8.0,3.0,nan,nan,81137201.0,-0.0020040469244122505,-0.0019999975338578224,1.0,1.0,2.0,0.0,0.0,nan,0.053429618403273885,False
81332565,60.207972,0.4783661365509033,0.4372822344303131,-0.00014456614735536277,-0.01752404123544693,1.0,1.0,0.0,5.0,8.0,3.0,nan,nan,81235223.0,-0.0020040469244122505,-0.0019999975338578224,1.0,1.0,2.0,0.0,0.0,nan,0.017524637530990636,False
81431530,60.306937,0.4837135970592499,0.4480258822441101,-0.001662189606577158,0.0008585114264860749,1.0,1.0,0.0,5.0,8.0,3.0,nan,nan,81332603.0,-0.0020040469244122505,-0.0019999975338578224,1.0,1.0,2.0,0.0,0.0,nan,0.0018708062854342461,False
81533809,60.409216,0.48827680945396423,0.45715421438217163,0.017943406477570534,-0.00905658770352602,1.0,1.0,0.0,5.0,8.0,3.0,nan,nan,81431586.0,-0.0020040469244122505,-0.0019999975338578224,1.0,1.0,2.0,0.0,0.0,nan,0.02009944319753607,False
81626987,60.502394,0.4917016923427582,0.46429604291915894,0.009686355479061604,0.024601832032203674,1.0,1.0,0.0,5.0,8.0,3.0,nan,nan,81533848.0,-0.0020040469244122505,-0.0019999975338578224,1.0,1.0,2.0,0.0,0.0,nan,0.02644003823385113,False
81724547,60.599954,0.49482375383377075,0.4717904329299927,0.008759550750255585,0.029785340651869774,1.0,1.0,0.0,5.0,8.0,3.0,nan,nan,81627042.0,-0.0020040469244122505,-0.0019999975338578224,1.0,1.0,2.0,0.0,0.0,nan,0.031046678519516854,False
81837459,60.712866,0.497659295797348,0.47833138704299927,0.013986139558255672,0.04291414096951485,1.0,1.0,0.0,5.0,8.0,3.0,nan,nan,81724585.0,-0.0020040469244122505,-0.0019999975338578224,1.0,1.0,2.0,0.0,0.0,nan,0.04513574630926575,False
81933273,60.80868,0.49935516715049744,0.4827992022037506,0.01330504473298788,0.0404784195125103,1.0,1.0,0.0,5.0,8.0,3.0,nan,nan,81837497.0,-0.0020040469244122505,-0.0019999975338578224,1.0,1.0,2.0,0.0,0.0,nan,0.04260899742516342,False
82035430,60.910837,0.5010561347007751,0.4867631793022156,0.020135825499892235,0.03154037147760391,1.0,1.0,0.0,5.0,8.0,3.0,nan,nan,81933330.0,-0.0020040469244122505,-0.0019999975338578224,1.0,1.0,2.0,0.0,0.0,nan,0.03741986773770534,False
82133151,61.008558,0.5020090341567993,0.4902331829071045,0.01183317694813013,0.04821055755019188,1.0,1.0,0.0,5.0,8.0,3.0,nan,nan,82035468.0,-0.0020040469244122505,-0.0019999975338578224,1.0,1.0,2.0,0.0,0.0,nan,0.04964153438388182,False
82226281,61.101688,0.5029357671737671,0.4928188920021057,0.013438636437058449,0.05197920277714729,1.0,1.0,0.0,5.0,8.0,3.0,nan,nan,82133190.0,-0.0020040469244122505,-0.0019999975338578224,1.0,1.0,2.0,0.0,0.0,nan,0.053688308509723344,False
82334574,61.209981,0.5032068490982056,0.49445247650146484,0.018155094236135483,0.04781746864318848,1.0,1.0,0.0,5.0,8.0,3.0,nan,nan,82226337.0,-0.0020040469244122505,-0.0019999975338578224,1.0,1.0,2.0,0.0,0.0,nan,0.05114799853528262,False
82427658,61.303065,0.5035828948020935,0.49568942189216614,0.01553298719227314,0.053951751440763474,1.0,1.0,0.0,5.0,8.0,3.0,nan,nan,82334612.0,-0.0020040469244122505,-0.0019999975338578224,1.0,1.0,2.0,0.0,0.0,nan,0.05614325582508771,False
82532966,61.408373,0.5038116574287415,0.49700427055358887,0.035553768277168274,0.03817909210920334,1.0,1.0,0.0,5.0,8.0,3.0,nan,nan,82427714.0,-0.0020040469244122505,-0.0019999975338578224,1.0,1.0,2.0,0.0,0.0,nan,0.052170044211114194,False
82631795,61.507202,0.5042850971221924,0.4976964592933655,0.022507617250084877,0.04734310135245323,1.0,1.0,0.0,5.0,8.0,3.0,nan,nan,82533024.0,-0.0020040469244122505,-0.0019999975338578224,1.0,1.0,2.0,0.0,0.0,nan,0.05242100800199265,False
82733972,61.609379,0.5046376585960388,0.49873071908950806,0.014633911661803722,0.05405944958329201,1.0,1.0,0.0,5.0,8.0,3.0,nan,nan,82631851.0,-0.0020040469244122505,-0.0019999975338578224,1.0,1.0,2.0,0.0,0.0,nan,0.0560051377980089,False
82836339,61.711746,0.5051369071006775,0.49972209334373474,0.027498899027705193,0.03465047851204872,1.0,1.0,0.0,5.0,8.0,3.0,nan,nan,82734010.0,-0.0020040469244122505,-0.0019999975338578224,1.0,1.0,2.0,0.0,0.0,nan,0.04423624202901819,False
82929356,61.804763,0.5053489208221436,0.500693142414093,0.017411598935723305,0.05787954106926918,1.0,1.0,0.0,5.0,8.0,3.0,nan,nan,82836377.0,-0.0020040469244122505,-0.0019999975338578224,1.0,1.0,2.0,0.0,0.0,nan,0.06044174924576305,False
83034358,61.909765,0.5052098631858826,0.5016807317733765,0.017370430752635002,0.052109964191913605,1.0,1.0,0.0,5.0,8.0,3.0,nan,nan,82929413.0,-0.0020040469244122505,-0.0019999975338578224,1.0,1.0,2.0,0.0,0.0,nan,0.05492886520414022,False
83132354,62.007761,0.5050431489944458,0.502587616443634,0.027648836374282837,0.03375769406557083,1.0,1.0,0.0,5.0,8.0,3.0,nan,nan,83034452.0,-0.0020040469244122505,-0.0019999975338578224,1.0,1.0,2.0,0.0,0.0,nan,0.043635307509819865,False
83238894,62.114301,0.5046340823173523,0.5038144588470459,0.01273870188742876,0.05305449664592743,1.0,1.0,0.0,5.0,8.0,3.0,nan,nan,83132412.0,-0.0020040469244122505,-0.0019999975338578224,1.0,1.0,2.0,0.0,0.0,nan,0.0545623875955727,False
83334824,62.210231,0.5046037435531616,0.5048918128013611,0.029440641403198242,0.04075123742222786,1.0,1.0,0.0,5.0,8.0,3.0,nan,nan,83238932.0,-0.0020040469244122505,-0.0019999975338578224,1.0,1.0,2.0,0.0,0.0,nan,0.0502733997027702,False
83438616,62.314023,0.5044954419136047,0.506049633026123,0.009659389965236187,0.05655524507164955,1.0,1.0,0.0,5.0,8.0,3.0,nan,nan,83334881.0,-0.0020040469244122505,-0.0019999975338578224,1.0,1.0,2.0,0.0,0.0,nan,0.05737420639638379,False
83536177,62.411584,0.5044261813163757,0.5069490075111389,0.026236839592456818,0.047089654952287674,1.0,1.0,0.0,5.0,8.0,3.0,nan,nan,83438657.0,-0.0020040469244122505,-0.0019999975338578224,1.0,1.0,2.0,0.0,0.0,nan,0.05390554104473696,False
83627785,62.503192,0.5045884251594543,0.507633626461029,0.028369557112455368,0.03423168510198593,1.0,1.0,0.0,5.0,8.0,3.0,nan,nan,83536215.0,-0.0020040469244122505,-0.0019999975338578224,1.0,1.0,2.0,0.0,0.0,nan,0.04445942010056353,False
83731505,62.606912,0.5046894550323486,0.5081513524055481,0.009352006018161774,0.05575786158442497,1.0,1.0,0.0,5.0,8.0,3.0,nan,nan,83627843.0,-0.0020040469244122505,-0.0019999975338578224,1.0,1.0,2.0,0.0,0.0,nan,0.05653670617423364,False
83835190,62.710597,0.5045433640480042,0.5088112950325012,0.028649024665355682,0.03679694980382919,1.0,1.0,0.0,5.0,8.0,3.0,nan,nan,83731564.0,-0.0020040469244122505,-0.0019999975338578224,1.0,1.0,2.0,0.0,0.0,nan,0.04663455938616429,False
83928320,62.803727,0.5045609474182129,0.5091732144355774,0.02655324898660183,0.031181342899799347,1.0,1.0,0.0,5.0,8.0,3.0,nan,nan,83835229.0,-0.0020040469244122505,-0.0019999975338578224,1.0,1.0,2.0,0.0,0.0,nan,0.040955477982552446,False
84026025,62.901432,0.5045260787010193,0.5091544389724731,0.020125851035118103,0.038130369037389755,1.0,1.0,0.0,5.0,8.0,3.0,nan,nan,83928395.0,-0.0020040469244122505,-0.0019999975338578224,1.0,1.0,2.0,0.0,0.0,nan,0.04311583146380568,False
84138698,63.014105,0.5051159858703613,0.5084871053695679,0.014803767204284668,0.04201532527804375,1.0,1.0,0.0,5.0,8.0,3.0,nan,nan,84026103.0,-0.0020040469244122505,-0.0019999975338578224,1.0,1.0,2.0,0.0,0.0,nan,0.0445470434670863,False
84227210,63.102617,0.5064284801483154,0.5070351362228394,0.00786763709038496,0.040354836732149124,1.0,1.0,0.0,5.0,8.0,3.0,nan,nan,84138764.0,-0.0020040469244122505,-0.0019999975338578224,1.0,1.0,2.0,0.0,0.0,nan,0.04111462709382652,False
84338708,63.214115,0.508737325668335,0.504543125629425,0.02309245802462101,0.016914835199713707,1.0,1.0,0.0,5.0,8.0,3.0,nan,nan,84227266.0,-0.0020040469244122505,-0.0019999975338578224,1.0,1.0,2.0,0.0,0.0,nan,0.02862469680978922,False
84437505,63.312912,0.5133906602859497,0.5000609755516052,0.02133822627365589,0.03318804129958153,1.0,1.0,0.0,5.0,8.0,3.0,nan,nan,84338764.0,-0.0020040469244122505,-0.0019999975338578224,1.0,1.0,2.0,0.0,0.0,nan,0.03945587390754978,False
84535345,63.410752,0.5176100134849548,0.49496445059776306,0.010413865558803082,0.020242638885974884,1.0,1.0,0.0,5.0,8.0,3.0,nan,nan,84437579.0,-0.0020040469244122505,-0.0019999975338578224,1.0,1.0,2.0,0.0,0.0,nan,0.022764292761797093,False
84633281,63.508688,0.5210418105125427,0.4893207848072052,0.028159750625491142,0.01327109057456255,1.0,1.0,0.0,5.0,8.0,3.0,nan,nan,84535401.0,-0.0020040469244122505,-0.0019999975338578224,1.0,1.0,2.0,0.0,0.0,nan,0.03113026502180943,False
84734861,63.610268,0.5231181979179382,0.48445335030555725,0.029848270118236542,0.0027665640227496624,1.0,1.0,0.0,5.0,8.0,3.0,nan,nan,84633353.0,-0.0020040469244122505,-0.0019999975338578224,1.0,1.0,2.0,0.0,0.0,nan,0.02997620899218554,False
84834138,63.709545,0.5240634679794312,0.48061928153038025,0.02951836958527565,0.0020781320054084063,1.0,1.0,0.0,5.0,8.0,3.0,nan,nan,84734931.0,-0.0020040469244122505,-0.0019999975338578224,1.0,1.0,2.0,0.0,0.0,nan,0.029591430779954343,False
84939269,63.814676,0.5243847370147705,0.47761526703834534,0.023287300020456314,-0.0007471090066246688,1.0,1.0,0.0,5.0,8.0,3.0,nan,nan,84834209.0,-0.0020040469244122505,-0.0019999975338578224,1.0,1.0,2.0,0.0,0.0,nan,0.02329928140759977,False
85033937,63.909344,0.5234731435775757,0.4753621518611908,0.0193828996270895,0.0004518209316302091,1.0,1.0,0.0,5.0,8.0,3.0,nan,nan,84939308.0,-0.0020040469244122505,-0.0019999975338578224,1.0,1.0,2.0,0.0,0.0,nan,0.01938816494947589,False
85126925,64.002332,0.5221536755561829,0.474202036857605,0.01424499973654747,0.0017507191514596343,1.0,1.0,0.0,5.0,8.0,3.0,nan,nan,85033975.0,-0.0020040469244122505,-0.0019999975338578224,1.0,1.0,2.0,0.0,0.0,nan,0.014352178755907587,False
85227736,64.103143,0.520355224609375,0.4736221134662628,0.01110796444118023,0.0031067493837326765,1.0,1.0,0.0,5.0,8.0,3.0,nan,nan,85126981.0,-0.0020040469244122505,-0.0019999975338578224,1.0,1.0,2.0,0.0,0.0,nan,0.011534243181060808,False
85334367,64.209774,0.5181968212127686,0.47363731265068054,0.005748432595282793,0.00640114676207304,1.0,1.0,0.0,5.0,8.0,3.0,nan,nan,85227793.0,-0.0020040469244122505,-0.0019999975338578224,1.0,1.0,2.0,0.0,0.0,nan,0.008603438682998085,False
85431897,64.307304,0.5159037113189697,0.47404512763023376,0.0029582688584923744,0.009018870070576668,1.0,1.0,0.0,5.0,8.0,3.0,nan,nan,85334440.0,-0.0020040469244122505,-0.0019999975338578224,1.0,1.0,2.0,0.0,0.0,nan,0.009491647485503735,False
85535688,64.411095,0.5134545564651489,0.4748983085155487,0.0008517648093402386,0.011015048250555992,1.0,1.0,0.0,5.0,8.0,3.0,nan,nan,85431954.0,-0.0020040469244122505,-0.0019999975338578224,1.0,1.0,2.0,0.0,0.0,nan,0.011047931537283666,False
85637696,64.513103,0.5114595293998718,0.47578904032707214,-0.0016877659363672137,0.011755460873246193,1.0,1.0,0.0,5.0,8.0,3.0,nan,nan,85535727.0,-0.0020040469244122505,-0.0019999975338578224,1.0,1.0,2.0,0.0,0.0,nan,0.011876001608217458,False
85737051,64.612458,0.5095585584640503,0.47670575976371765,-0.004383428953588009,0.012298311106860638,1.0,1.0,0.0,5.0,8.0,3.0,nan,nan,85637750.0,-0.0020040469244122505,-0.0019999975338578224,1.0,1.0,2.0,0.0,0.0,nan,0.013056144357056007,False
85830101,64.705508,0.5080394744873047,0.4774620831012726,-0.007103240583091974,0.014302547089755535,1.0,1.0,0.0,5.0,8.0,3.0,nan,nan,85737090.0,-0.0020040469244122505,-0.0019999975338578224,1.0,1.0,2.0,0.0,0.0,nan,0.015969310568586213,False
85928041,64.803448,0.5067644715309143,0.4780205190181732,-0.005844554863870144,0.015172767452895641,1.0,1.0,0.0,5.0,8.0,3.0,nan,nan,85830158.0,-0.0020040469244122505,-0.0019999975338578224,1.0,1.0,2.0,0.0,0.0,nan,0.016259510870147275,False
86029826,64.905233,0.5054892301559448,0.4785900115966797,-0.010977101512253284,0.017043836414813995,1.0,1.0,0.0,5.0,8.0,3.0,nan,nan,85928114.0,-0.0020040469244122505,-0.0019999975338578224,1.0,1.0,2.0,0.0,0.0,nan,0.020272866530050775,False
86131862,65.007269,0.5045190453529358,0.47901442646980286,0.0005138603155501187,0.01650087535381317,1.0,1.0,0.0,5.0,8.0,3.0,nan,nan,86029884.0,-0.0020040469244122505,-0.0019999975338578224,1.0,1.0,2.0,0.0,0.0,nan,0.01650887457902495,False
86235743,65.11115,0.5041658282279968,0.4790354073047638,-0.003307847771793604,0.013564650900661945,1.0,1.0,0.0,5.0,8.0,3.0,nan,nan,86131919.0,-0.0020040469244122505,-0.0019999975338578224,1.0,1.0,2.0,0.0,0.0,nan,0.013962149223460864,False
86334783,65.21019,0.503013014793396,0.4796246290206909,-0.006455353461205959,0.012474214658141136,1.0,1.0,0.0,5.0,8.0,3.0,nan,nan,86235784.0,-0.0020040469244122505,-0.0019999975338578224,1.0,1.0,2.0,0.0,0.0,nan,0.014045555156222446,False
86436901,65.312308,0.5018975138664246,0.4800126254558563,-0.010489312000572681,0.018833186477422714,1.0,1.0,0.0,5.0,8.0,3.0,nan,nan,86334852.0,-0.0020040469244122505,-0.0019999975338578224,1.0,1.0,2.0,0.0,0.0,nan,0.02155723959923292,False
86538999,65.414406,0.5009546875953674,0.48022928833961487,-0.011095681227743626,0.01912684366106987,1.0,1.0,0.0,5.0,8.0,3.0,nan,nan,86436943.0,-0.0020040469244122505,-0.0019999975338578224,1.0,1.0,2.0,0.0,0.0,nan,0.022112220384726426,False
86636846,65.512253,0.5002779364585876,0.4802257716655731,-0.010157817043364048,0.017768241465091705,1.0,1.0,0.0,5.0,8.0,3.0,nan,nan,86539041.0,-0.0020040469244122505,-0.0019999975338578224,1.0,1.0,2.0,0.0,0.0,nan,0.02046684274254975,False
86729883,65.60529,0.4998117685317993,0.4802857041358948,-0.0104441549628973,0.020348872989416122,1.0,1.0,0.0,5.0,8.0,3.0,nan,nan,86636886.0,-0.0020040469244122505,-0.0019999975338578224,1.0,1.0,2.0,0.0,0.0,nan,0.02287262566537566,False
86829069,65.704476,0.4995577931404114,0.4803677201271057,-0.009360670112073421,0.01915552094578743,1.0,1.0,0.0,5.0,8.0,3.0,nan,nan,86729939.0,-0.0020040469244122505,-0.0019999975338578224,1.0,1.0,2.0,0.0,0.0,nan,0.021320321940617257,False
86926672,65.802079,0.49955320358276367,0.4802706241607666,-0.010444547981023788,0.01859928108751774,1.0,1.0,0.0,5.0,8.0,3.0,nan,nan,86829125.0,-0.0020040469244122505,-0.0019999975338578224,1.0,1.0,2.0,0.0,0.0,nan,0.021331240927344175,False
87039448,65.914855,0.4997410774230957,0.47995615005493164,-0.008109841495752335,0.015311235561966896,1.0,1.0,0.0,5.0,8.0,3.0,nan,nan,86926728.0,-0.0020040469244122505,-0.0019999975338578224,1.0,1.0,2.0,0.0,0.0,nan,0.017326380566069367,False
87137337,66.012744,0.5000787377357483,0.479434609413147,-0.007898205891251564,0.014097918756306171,1.0,1.0,0.0,5.0,8.0,3.0,nan,nan,87039489.0,-0.0020040469244122505,-0.0019999975338578224,1.0,1.0,2.0,0.0,0.0,nan,0.016159609201958143,False
87239220,66.114627,0.5006864666938782,0.47866398096084595,-0.007255661301314831,0.013355243019759655,1.0,1.0,0.0,5.0,8.0,3.0,nan,nan,87137375.0,-0.0020040469244122505,-0.0019999975338578224,1.0,1.0,2.0,0.0,0.0,nan,0.015198918943011593,False
87336695,66.212102,0.5014670491218567,0.47782787680625916,-0.005349994637072086,0.0122241685166955,1.0,1.0,0.0,5.0,8.0,3.0,nan,nan,87239258.0,-0.0020040469244122505,-0.0019999975338578224,1.0,1.0,2.0,0.0,0.0,nan,0.013343640378145295,False
87428284,66.303691,0.5020901560783386,0.4771404564380646,-0.004529599100351334,0.010031720623373985,1.0,1.0,0.0,5.0,8.0,3.0,nan,nan,87336751.0,-0.0020040469244122505,-0.0019999975338578224,1.0,1.0,2.0,0.0,0.0,nan,0.011006938115358446,False
87525992,66.401399,0.5027343034744263,0.47633007168769836,-0.003911152947694063,0.00995386391878128,1.0,1.0,0.0,5.0,8.0,3.0,nan,nan,87428340.0,-0.0020040469244122505,-0.0019999975338578224,1.0,1.0,2.0,0.0,0.0,nan,0.010694696082351839,False
87632788,66.508195,0.5034483075141907,0.47551339864730835,-0.002578878775238991,0.009238367900252342,1.0,1.0,0.0,5.0,8.0,3.0,nan,nan,87526048.0,-0.0020040469244122505,-0.0019999975338578224,1.0,1.0,2.0,0.0,0.0,nan,0.009591561770524705,False
87739582,66.614989,0.5042287111282349,0.4747430682182312,-0.0005320302443578839,0.007256752345710993,1.0,1.0,0.0,5.0,8.0,3.0,nan,nan,87632844.0,-0.0020040469244122505,-0.0019999975338578224,1.0,1.0,2.0,0.0,0.0,nan,0.007276229159935351,False
87832587,66.707994,0.5049005150794983,0.47404927015304565,-8.183363388525322e-05,0.006360307335853577,1.0,1.0,0.0,5.0,8.0,3.0,nan,nan,87739622.0,-0.0020040469244122505,-0.0019999975338578224,1.0,1.0,2.0,0.0,0.0,nan,0.0063608337621846155,False
87930079,66.805486,0.5056148171424866,0.473446786403656,0.0014660770539194345,0.005784343462437391,1.0,1.0,0.0,5.0,8.0,3.0,nan,nan,87832676.0,-0.0020040469244122505,-0.0019999975338578224,1.0,1.0,2.0,0.0,0.0,nan,0.00596724486002303,False
88036719,66.912126,0.5063108205795288,0.4730173349380493,0.0023642189335078,0.0054216873832046986,1.0,1.0,0.0,5.0,8.0,3.0,nan,nan,87930135.0,-0.0020040469244122505,-0.0019999975338578224,1.0,1.0,2.0,0.0,0.0,nan,0.005914746422861911,False
88137454,67.012861,0.5069099068641663,0.4725838899612427,0.003059654263779521,0.0038466383703052998,1.0,1.0,0.0,5.0,8.0,3.0,nan,nan,88036783.0,-0.0020040469244122505,-0.0019999975338578224,1.0,1.0,2.0,0.0,0.0,nan,0.00491509012793959,False
88235141,67.110548,0.5074228644371033,0.4720494747161865,0.00334347877651453,0.0033595894929021597,1.0,1.0,0.0,5.0,8.0,3.0,nan,nan,88137511.0,-0.0020040469244122505,-0.0019999975338578224,1.0,1.0,2.0,0.0,0.0,nan,0.0047397987182813675,False
88332786,67.208193,0.5078786611557007,0.47156959772109985,0.004229097627103329,0.0026530742179602385,1.0,1.0,0.0,5.0,8.0,3.0,nan,nan,88235179.0,-0.0020040469244122505,-0.0019999975338578224,1.0,1.0,2.0,0.0,0.0,nan,0.004992401180351629,False
88439228,67.314635,0.5083020925521851,0.47115641832351685,0.004604488145560026,0.0015463948948308825,1.0,1.0,0.0,5.0,8.0,3.0,nan,nan,88332824.0,-0.0020040469244122505,-0.0019999975338578224,1.0,1.0,2.0,0.0,0.0,nan,0.004857226395110879,False
88534065,67.409472,0.5086395740509033,0.470814049243927,0.005086682271212339,0.0012488440843299031,1.0,1.0,0.0,5.0,8.0,3.0,nan,nan,88439266.0,-0.0020040469244122505,-0.0019999975338578224,1.0,1.0,2.0,0.0,0.0,nan,0.005237742650725761,False
88637754,67.513161,0.5089423060417175,0.4704330265522003,0.005472431890666485,0.00015608420653734356,1.0,1.0,0.0,5.0,8.0,3.0,nan,nan,88534122.0,-0.0020040469244122505,-0.0019999975338578224,1.0,1.0,2.0,0.0,0.0,nan,0.00547465734795466,False
88729622,67.605029,0.5091890096664429,0.4701562225818634,0.005966096185147762,9.38861194299534e-05,1.0,1.0,0.0,5.0,8.0,3.0,nan,nan,88637793.0,-0.0020040469244122505,-0.0019999975338578224,1.0,1.0,2.0,0.0,0.0,nan,0.005966834863967352,False
88837330,67.712737,0.5094124674797058,0.46987882256507874,0.0060461475513875484,-0.0005219405866228044,1.0,1.0,0.0,5.0,8.0,3.0,nan,nan,88729683.0,-0.0020040469244122505,-0.0019999975338578224,1.0,1.0,2.0,0.0,0.0,nan,0.006068634293571643,False
88929027,67.804434,0.5096216797828674,0.4697078764438629,0.006729849148541689,-0.0003111827536486089,1.0,1.0,0.0,5.0,8.0,3.0,nan,nan,88837382.0,-0.0020040469244122505,-0.0019999975338578224,1.0,1.0,2.0,0.0,0.0,nan,0.006737039725895612,False
89031484,67.906891,0.5098473429679871,0.4696245491504669,0.006467348895967007,-0.0015210560522973537,1.0,1.0,0.0,5.0,8.0,3.0,nan,nan,88929115.0,-0.0020040469244122505,-0.0019999975338578224,1.0,1.0,2.0,0.0,0.0,nan,0.006643810146022843,False
89139403,68.01481,0.5099970698356628,0.46947407722473145,0.006097609642893076,-0.0015686850529164076,1.0,1.0,0.0,5.0,8.0,3.0,nan,nan,89031522.0,-0.0020040469244122505,-0.0019999975338578224,1.0,1.0,2.0,0.0,0.0,nan,0.006296158841098752,False
89230951,68.106358,0.5100142955780029,0.46938639879226685,0.005428892560303211,-0.0015349360182881355,1.0,1.0,0.0,5.0,8.0,3.0,nan,nan,89139442.0,-0.0020040469244122505,-0.0019999975338578224,1.0,1.0,2.0,0.0,0.0,nan,0.005641711000357408,False
89339094,68.214501,0.5099887847900391,0.46931689977645874,0.005789864808320999,-0.0021247188560664654,1.0,1.0,0.0,5.0,8.0,3.0,nan,nan,89231008.0,-0.0020040469244122505,-0.0019999975338578224,1.0,1.0,2.0,0.0,0.0,nan,0.006167411508563244,False
89436747,68.312154,0.5100228190422058,0.4691920280456543,0.005698188673704863,-0.0017367684049531817,1.0,1.0,0.0,5.0,8.0,3.0,nan,nan,89339132.0,-0.0020040469244122505,2.3283064365386963e-10,1.0,1.0,2.0,0.0,0.0,nan,0.005956989059380754,False
89532852,68.408259,0.5101404190063477,0.46907153725624084,0.005431364756077528,-0.002623987151309848,1.0,1.0,0.0,5.0,8.0,3.0,nan,nan,89436786.0,-0.0020040469244122505,-0.0019999975338578224,1.0,1.0,2.0,0.0,0.0,nan,0.0060320006369197505,False
89630752,68.506159,0.5101755857467651,0.4689449965953827,0.005595206283032894,-0.0020474751945585012,1.0,1.0,0.0,5.0,8.0,3.0,nan,nan,89532891.0,-0.0020040469244122505,-0.0019999975338578224,1.0,1.0,2.0,0.0,0.0,nan,0.005958060760182221,False
89737177,68.612584,0.510199248790741,0.46885064244270325,0.005529577843844891,-0.0015800975961610675,1.0,1.0,0.0,5.0,8.0,3.0,nan,nan,89630810.0,-0.0020040469244122505,-0.0019999975338578224,1.0,1.0,2.0,0.0,0.0,nan,0.0057509077148337456,False
89835028,68.710435,0.5100462436676025,0.46859991550445557,0.005316955037415028,-0.0032201185822486877,1.0,1.0,0.0,5.0,8.0,3.0,nan,nan,89737215.0,-0.0020040469244122505,-0.0019999975338578224,1.0,1.0,2.0,0.0,0.0,nan,0.0062160417110598875,False
89937308,68.812715,0.5098642706871033,0.46829089522361755,0.004772425629198551,-0.002962215105071664,1.0,1.0,0.0,5.0,8.0,3.0,nan,nan,89835100.0,-0.0020040469244122505,-0.0019999975338578224,1.0,1.0,2.0,0.0,0.0,nan,0.005617006739798869,False
90036122,68.911529,0.5097607970237732,0.4680013358592987,0.005122430622577667,-0.0047114840708673,1.0,1.0,0.0,5.0,8.0,3.0,nan,nan,89937346.0,-0.0020040469244122505,-0.0019999975338578224,1.0,1.0,2.0,0.0,0.0,nan,0.00695969666243851,False
90132247,69.007654,0.5096931457519531,0.4676988422870636,0.004702996928244829,-0.004898800980299711,1.0,1.0,0.0,5.0,8.0,3.0,nan,nan,90036163.0,-0.0020040469244122505,-0.0019999975338578224,1.0,1.0,2.0,0.0,0.0,nan,0.006790907976969332,False
90239396,69.114803,0.509568989276886,0.4674120247364044,0.0042247651144862175,-0.005135298240929842,1.0,1.0,0.0,5.0,8.0,3.0,nan,nan,90132305.0,-0.0020040469244122505,-0.0019999975338578224,1.0,1.0,2.0,0.0,0.0,nan,0.006649806635976484,False
90336584,69.211991,0.5094812512397766,0.4673745334148407,0.0031908450182527304,-0.004446488805115223,1.0,1.0,0.0,5.0,8.0,3.0,nan,nan,90239434.0,-0.0020040469244122505,-0.0019999975338578224,1.0,1.0,2.0,0.0,0.0,nan,0.005472910982696802,False
90435850,69.311257,0.5093734264373779,0.4673611521720886,0.0034836134873330593,-0.005150142125785351,1.0,1.0,0.0,5.0,8.0,3.0,nan,nan,90336670.0,-0.0020040469244122505,-0.0019999975338578224,1.0,1.0,2.0,0.0,0.0,nan,0.00621767857362518,False
90538126,69.413533,0.5091679096221924,0.4672902524471283,0.0009910400258377194,-0.00253096385858953,1.0,1.0,0.0,5.0,8.0,3.0,nan,nan,90435891.0,-0.0020040469244122505,-0.0019999975338578224,1.0,1.0,2.0,0.0,0.0,nan,0.002718076228934507,False
90628125,69.503532,0.5088712573051453,0.46723759174346924,0.0019921164494007826,-0.00259142997674644,1.0,1.0,0.0,5.0,8.0,3.0,nan,nan,90538165.0,-0.0020040469244122505,-0.0019999975338578224,1.0,1.0,2.0,0.0,0.0,nan,0.003268644561948153,False
90734605,69.610012,0.5085919499397278,0.4673778712749481,0.001409931923262775,8.79269209690392e-05,1.0,1.0,0.0,5.0,8.0,3.0,nan,nan,90628184.0,-0.0020040469244122505,-0.0019999975338578224,1.0,1.0,2.0,0.0,0.0,nan,0.0014126709353797023,False
90824948,69.700355,0.5082079172134399,0.46756166219711304,-0.005168173462152481,0.00022276100935414433,1.0,1.0,0.0,5.0,8.0,3.0,nan,nan,90734670.0,-0.0020040469244122505,-0.0019999975338578224,1.0,1.0,2.0,0.0,0.0,nan,0.005172972008641226,False
90935955,69.811362,0.5077113509178162,0.46793052554130554,0.00034596072509884834,-0.00012893696839455515,1.0,1.0,0.0,5.0,8.0,3.0,nan,nan,90824986.0,-0.0020040469244122505,-0.0019999975338578224,1.0,1.0,2.0,0.0,0.0,nan,0.00036920666994205215,False
91030605,69.906012,0.5074099898338318,0.4684121608734131,0.0008362773805856705,-0.00029179666307754815,1.0,1.0,0.0,5.0,8.0,3.0,nan,nan,90936011.0,-0.0020040469244122505,-0.0019999975338578224,1.0,1.0,2.0,0.0,0.0,nan,0.0008857229532209395,False
91137388,70.012795,0.506946325302124,0.4686570465564728,-0.004116348456591368,0.0015947200590744615,1.0,1.0,0.0,5.0,8.0,3.0,nan,nan,91030666.0,-0.0020040469244122505,-0.0019999975338578224,1.0,1.0,1.0,0.0,0.0,nan,0.004414459953708561,False
91234950,70.110357,0.5065012574195862,0.46887680888175964,-0.005895581096410751,0.004826466087251902,1.0,1.0,0.0,5.0,8.0,3.0,nan,nan,91137444.0,-0.0020040469244122505,-0.0019999975338578224,1.0,1.0,1.0,0.0,0.0,nan,0.007619229052584551,False
91334069,70.209476,0.5059324502944946,0.46928372979164124,-0.011008786037564278,0.0029472517780959606,1.0,1.0,0.0,5.0,8.0,3.0,nan,nan,91235005.0,-0.0020040469244122505,-0.0019999975338578224,1.0,1.0,1.0,0.0,0.0,nan,0.011396475905487626,False
91436368,70.311775,0.505599319934845,0.469637006521225,-0.004504559561610222,0.0015082082245498896,1.0,1.0,0.0,5.0,8.0,3.0,nan,nan,91334122.0,-0.0020040469244122505,-0.0019999975338578224,1.0,1.0,1.0,1.0,0.0,nan,0.004750341976394332,False
91529631,70.405038,0.5046807527542114,0.4709337651729584,-0.008542375639081001,0.007580191362649202,1.0,1.0,0.0,5.0,8.0,3.0,nan,nan,91436418.0,-0.0020040469244122505,-0.0019999975338578224,1.0,1.0,1.0,1.0,0.0,nan,0.011420660342272076,False
91631464,70.506871,0.5013174414634705,0.4730773866176605,-0.024509204551577568,0.009800625033676624,1.0,1.0,0.0,5.0,8.0,3.0,nan,nan,91529684.0,-0.0020040469244122505,-0.0019999975338578224,1.0,1.0,1.0,1.0,0.0,nan,0.02639608605081063,False
91736618,70.612025,0.49978139996528625,0.4747777581214905,-0.004935432691127062,0.009791094809770584,1.0,1.0,0.0,5.0,8.0,3.0,nan,nan,91631497.0,-0.0020040469244122505,-0.0019999975338578224,1.0,1.0,1.0,1.0,0.0,nan,0.010964672061788359,False
91835862,70.711269,0.49464601278305054,0.4781951904296875,-0.02688124030828476,0.012749109417200089,1.0,1.0,0.0,5.0,8.0,3.0,nan,nan,91736676.0,-0.0020040469244122505,-0.0019999975338578224,1.0,1.0,1.0,1.0,0.0,nan,0.02975131713796035,False
91933538,70.808945,0.49226170778274536,0.4779271185398102,-0.02201651968061924,0.015621938742697239,1.0,1.0,0.0,5.0,8.0,3.0,nan,nan,91835897.0,-0.0020040469244122505,-0.0019999975338578224,1.0,1.0,1.0,1.0,0.0,nan,0.02699577946508823,False
