host_received_utc,host_elapsed_s,seq,cycle_start_us,cycle_end_us,valid_mask,raw_xy_valid,raw_xy_anchor_mask,raw_x_m,raw_y_m,xy_error_m,A1_slant_m,A2_slant_m,A3_slant_m,A4_slant_m
2026-09-06T07:16:36.956824+00:00,0.0,111247,2634845613,2634862019,15,True,15,1.21129,1.75875,0.8822317306694425,2.72006,4.60441,3.56858,4.87773
2026-09-06T07:16:36.978861+00:00,0.022036212,111248,2634867871,2634884019,15,True,15,1.20993,1.77241,0.8849083641824163,2.71936,4.61455,3.56254,4.85752
2026-09-06T07:16:37.000830+00:00,0.044005382,111249,2634890131,2634906019,15,True,15,1.21574,1.74824,0.8769191782598894,2.69802,4.59961,3.58186,4.85832
2026-09-06T07:16:37.023811+00:00,0.066986449,111250,2634912388,2634929019,15,True,15,1.2239,1.78055,0.8719171477267779,2.74831,4.60561,3.5603,4.86229
2026-09-06T07:16:37.045806+00:00,0.08898138,111251,2634934643,2634951019,15,True,15,1.21441,1.74325,0.877871522832356,2.70569,4.5964,3.58214,4.87721
2026-09-06T07:16:37.067776+00:00,0.11095215,111252,2634956895,2634973019,15,True,15,1.23361,1.73899,0.8584192752961688,2.72029,4.57081,3.58154,4.88206
2026-09-06T07:16:37.090794+00:00,0.133969378,111253,2634979153,2634996019,15,True,15,1.2088,1.76176,0.8849848233726947,2.70169,4.60889,3.56707,4.85536
2026-09-06T07:16:37.112818+00:00,0.155993525,111254,2635001414,2635018019,15,True,15,1.20869,1.76168,0.8850869666309632,2.72267,4.60941,3.56769,4.87857
2026-09-06T07:16:37.134795+00:00,0.177971304,111255,2635023669,2635040019,15,True,15,1.22319,1.78007,0.872567235804783,2.74283,4.60222,3.55552,4.86121
2026-09-06T07:16:37.156767+00:00,0.199942746,111256,2635045923,2635062019,15,True,15,1.22255,1.7666,0.8717620446543883,2.73083,4.59367,3.5606,4.86956
2026-09-06T07:16:37.178787+00:00,0.22196283,111257,2635068176,2635084019,15,True,15,1.22942,1.77096,0.8653737100235943,2.74099,4.60706,3.58197,4.85017
2026-09-06T07:16:37.228845+00:00,0.27202055,111258,2635117826,2635134019,15,True,15,1.20035,1.74832,0.8922694351483748,2.70138,4.61757,3.58337,4.87659
2026-09-06T07:16:37.260842+00:00,0.304018123,111259,2635140091,2635166019,15,True,15,1.23201,1.73937,0.8600416484101219,2.72003,4.58595,3.59815,4.8705
2026-09-06T07:16:37.277766+00:00,0.320941859,111260,2635166699,2635183019,15,True,15,1.22558,1.77102,0.8691988131607176,2.73215,4.59896,3.5661,4.85572
2026-09-06T07:16:37.299837+00:00,0.343012728,111261,2635188954,2635205019,15,True,15,1.21602,1.75868,0.8775144345251533,2.71664,4.60774,3.57958,4.86112
2026-09-06T07:16:37.322855+00:00,0.366030468,111262,2635211211,2635228019,15,True,15,1.23291,1.76442,0.8612374843793086,2.76304,4.58711,3.56944,4.89278
2026-09-06T07:16:37.344814+00:00,0.387989654,111263,2635233474,2635250019,15,True,15,1.22116,1.75735,0.872276314077139,2.71516,4.5951,3.57217,4.86209
2026-09-06T07:16:37.366841+00:00,0.410016682,111264,2635255731,2635272019,15,True,15,1.1843,1.76495,0.9096752126446009,2.71572,4.64,3.56905,4.88876
2026-09-06T07:16:37.388802+00:00,0.43197782,111265,2635277985,2635294019,15,True,15,1.2245,1.75295,0.8685689106225251,2.71735,4.59019,3.57606,4.86638
2026-09-06T07:16:37.411787+00:00,0.454963015,111266,2635300238,2635317019,15,True,15,1.20795,1.76795,0.8864239420277408,2.71474,4.61229,3.56246,4.86271
2026-09-06T07:16:37.433835+00:00,0.477010363,111267,2635322493,2635339019,15,True,15,1.22927,1.76957,0.8653779046173987,2.74641,4.59458,3.56746,4.86968
2026-09-06T07:16:37.455801+00:00,0.498976205,111268,2635344757,2635361019,15,True,15,1.22546,1.76883,0.8690915834939376,2.74034,4.60918,3.58185,4.85753
2026-09-06T07:16:37.477818+00:00,0.520989985,111269,2635367012,2635383019,15,True,15,1.22675,1.77175,0.8681121039358913,2.74172,4.6049,3.57447,4.85779
2026-09-06T07:16:37.500777+00:00,0.543953131,111270,2635389267,2635406019,15,True,15,1.23637,1.78052,0.8595280375298993,2.75176,4.58509,3.55135,4.85996
2026-09-06T07:16:37.522827+00:00,0.566002751,111271,2635411520,2635428019,15,True,15,1.23821,1.7973,0.8598287585909183,2.77879,4.59873,3.55031,4.8585
2026-09-06T07:16:37.550841+00:00,0.594017188,111272,2635439577,2635456019,15,True,15,1.22003,1.74211,0.8721842999045556,2.71674,4.58778,3.58037,4.88713
2026-09-06T07:16:37.572768+00:00,0.615944021,111273,2635461843,2635478019,15,True,15,1.23151,1.78184,0.8645093786073114,2.76501,4.61241,3.57811,4.85792
2026-09-06T07:16:37.594763+00:00,0.637938888,111274,2635484096,2635500019,15,True,15,1.24441,1.74634,0.848188330325288,2.74506,4.56777,3.58351,4.88374
2026-09-06T07:16:37.617793+00:00,0.660969396,111275,2635506350,2635523019,15,True,15,1.22729,1.75165,0.8656802334580591,2.72931,4.58719,3.57777,4.87803
2026-09-06T07:16:37.639844+00:00,0.683019528,111276,2635528602,2635545019,15,True,15,1.22071,1.73661,0.8711313312009847,2.69369,4.58741,3.58775,4.86558
2026-09-06T07:16:37.661811+00:00,0.704987003,111277,2635550858,2635567020,15,True,15,1.22091,1.73669,0.8709369576496337,2.71387,4.59183,3.59357,4.88332
2026-09-06T07:16:37.683878+00:00,0.727053071,111278,2635573121,2635589019,15,True,15,1.21973,1.75125,0.8731817882892426,2.72732,4.60963,3.5965,4.87051
2026-09-06T07:16:37.706837+00:00,0.750012921,111279,2635595377,2635612019,15,True,15,1.22144,1.76452,0.872662651887887,2.72706,4.59309,3.56093,4.87009
2026-09-06T07:16:37.745846+00:00,0.789021671,111280,2635634797,2635651019,15,True,15,1.22207,1.75094,0.870824304036124,2.70998,4.5912,3.57651,4.86405
2026-09-06T07:16:37.778812+00:00,0.821987939,111281,2635657063,2635684019,15,True,15,1.2077,1.73429,0.8839687178288606,2.69902,4.60732,3.59802,4.88155
2026-09-06T07:16:37.795863+00:00,0.839038175,111282,2635684804,2635701020,15,True,15,1.23688,1.74067,0.8552745660312832,2.7222,4.57116,3.58445,4.87562
2026-09-06T07:16:37.817841+00:00,0.861016753,111283,2635707058,2635723019,15,True,15,1.22669,1.76822,0.8678058103631248,2.76393,4.60873,3.58374,4.88268
2026-09-06T07:16:37.840786+00:00,0.883961819,111284,2635729311,2635746019,15,True,15,1.21486,1.77267,0.8800328110360429,2.73137,4.60555,3.55748,4.86913
2026-09-06T07:16:37.862751+00:00,0.905923117,111285,2635751564,2635768019,15,True,15,1.22453,1.77025,0.8701628487817668,2.72214,4.59226,3.55695,4.8537
2026-09-06T07:16:37.890859+00:00,0.934034676,111286,2635779579,2635796020,15,True,15,1.23781,1.73572,0.8540096688562722,2.70997,4.57458,3.5963,4.86143
2026-09-06T07:16:37.912824+00:00,0.956000198,111287,2635801841,2635818019,15,True,15,1.21314,1.75463,0.8800301679488036,2.74193,4.6191,3.59526,4.88833
2026-09-06T07:16:37.934783+00:00,0.977959256,111288,2635824095,2635840019,15,True,15,1.21778,1.75267,0.8752420564049694,2.72283,4.6037,3.58438,4.8738
2026-09-06T07:16:37.957855+00:00,1.001030917,111289,2635846349,2635863019,15,True,15,1.2286,1.74901,0.8641599042422646,2.73266,4.58572,3.58102,4.88292
2026-09-06T07:16:37.979814+00:00,1.022989943,111290,2635868603,2635885019,15,True,15,1.22783,1.74276,0.8644512285259359,2.71913,4.57148,3.56957,4.8885
2026-09-06T07:16:38.001852+00:00,1.045027819,111291,2635890861,2635907019,15,True,15,1.21672,1.75672,0.8766435517358236,2.71329,4.59084,3.56127,4.87372
2026-09-06T07:16:38.023791+00:00,1.066966237,111292,2635913121,2635929019,15,True,15,1.21732,1.77907,0.878285401962255,2.74423,4.61424,3.56409,4.86441
2026-09-06T07:16:38.046816+00:00,1.089990793,111293,2635935378,2635952019,15,True,15,1.21068,1.7661,0.8835252528366123,2.72426,4.60944,3.56495,4.87213
2026-09-06T07:16:38.068842+00:00,1.112016957,111294,2635957638,2635974019,15,True,15,1.20369,1.75955,0.8898728103498836,2.71121,4.61767,3.57405,4.87018
2026-09-06T07:16:38.090797+00:00,1.133972847,111295,2635979890,2635996019,15,True,15,1.2309,1.75174,0.8620901563061717,2.71463,4.5824,3.57655,4.85863
2026-09-06T07:16:38.113784+00:00,1.156959835,111296,2636002149,2636019019,15,True,15,1.21464,1.74922,0.8780925566248696,2.69739,4.59018,3.56696,4.86788
2026-09-06T07:16:38.135861+00:00,1.179036784,111297,2636024408,2636041019,15,True,15,1.22052,1.75514,0.8727207399850193,2.70663,4.57786,3.55187,4.87219
2026-09-06T07:16:38.157833+00:00,1.201008674,111298,2636046664,2636063019,15,True,15,1.26065,1.76308,0.8335008751645073,2.76713,4.5659,3.58277,4.86167
2026-09-06T07:16:38.179825+00:00,1.223000469,111299,2636068918,2636085019,15,True,15,1.23048,1.77274,0.8645087263874204,2.74376,4.58804,3.55672,4.86746
2026-09-06T07:16:38.201859+00:00,1.245035146,111300,2636091171,2636107020,15,True,15,1.25111,1.77178,0.8438957284522773,2.758,4.58197,3.57904,4.84772
2026-09-06T07:16:38.251818+00:00,1.294994208,111301,2636140816,2636157019,15,True,15,1.22405,1.75076,0.8688362216781709,2.71897,4.5807,3.566,4.88006
2026-09-06T07:16:38.273703+00:00,1.316879217,111302,2636163081,2636179019,15,True,15,1.21909,1.74673,0.8734627187235868,2.70146,4.58114,3.5647,4.87408
2026-09-06T07:16:38.296835+00:00,1.340011359,111303,2636185336,2636202019,15,True,15,1.22907,1.7486,0.8636587433124263,2.73102,4.57882,3.57336,4.88697
2026-09-06T07:16:38.318861+00:00,1.362036595,111304,2636207590,2636224019,15,True,15,1.23159,1.75939,0.8620733728633543,2.72451,4.58575,3.57218,4.85804
2026-09-06T07:16:38.340817+00:00,1.383992869,111305,2636229846,2636246020,15,True,15,1.21493,1.74784,0.8776957163504899,2.71627,4.59639,3.5771,4.88368
2026-09-06T07:16:38.362806+00:00,1.405981624,111306,2636252110,2636268019,15,True,15,1.24115,1.74695,0.8514861273091886,2.72576,4.57027,3.58139,4.86585
2026-09-06T07:16:38.385992+00:00,1.429165288,111307,2636274366,2636291019,15,True,15,1.21323,1.76883,0.8812584194207733,2.71818,4.60806,3.56329,4.85888
2026-09-06T07:16:38.407805+00:00,1.450979671,111308,2636296626,2636313019,15,True,15,1.22983,1.76551,0.8644098501289766,2.75085,4.58896,3.56612,4.88259
2026-09-06T07:16:38.429727+00:00,1.472902857,111309,2636318879,2636335019,15,True,15,1.22998,1.77226,0.8649545120987575,2.75332,4.61178,3.58719,4.85728
2026-09-06T07:16:38.452802+00:00,1.495977366,111310,2636341136,2636358019,15,True,15,1.2224,1.77656,0.8729568108446144,2.73235,4.60863,3.56713,4.8482
2026-09-06T07:16:38.474843+00:00,1.518018858,111311,2636363399,2636380019,15,True,15,1.25033,1.74708,0.8423451996064321,2.72128,4.54525,3.56214,4.86529
2026-09-06T07:16:38.496797+00:00,1.53997254,111312,2636385654,2636402019,15,True,15,1.23627,1.76326,0.8577803567930428,2.72875,4.58368,3.5712,4.85153
2026-09-06T07:16:38.518802+00:00,1.561978224,111313,2636407909,2636424019,15,True,15,1.26181,1.76645,0.8326897853342502,2.77435,4.56698,3.58152,4.86337
2026-09-06T07:16:38.540718+00:00,1.583893921,111314,2636430162,2636446019,15,True,15,1.24674,1.77481,0.8485731339725526,2.7728,4.60627,3.60026,4.84779
2026-09-06T07:16:38.568888+00:00,1.612063913,111315,2636457584,2636474019,15,True,15,1.23902,1.72826,0.8523473399970224,2.7112,4.56421,3.59414,4.87693
2026-09-06T07:16:38.590873+00:00,1.634048412,111316,2636479850,2636496019,15,True,15,1.21583,1.78022,0.8798961514292467,2.74008,4.61373,3.55989,4.86221
2026-09-06T07:16:38.613138+00:00,1.656312726,111317,2636502104,2636518019,15,True,15,1.21614,1.75798,0.8773324227452214,2.71103,4.59238,3.56084,4.86978
2026-09-06T07:16:38.635812+00:00,1.678986842,111318,2636524358,2636541019,15,True,15,1.22285,1.7458,0.8696428936638302,2.72143,4.59079,3.58352,4.88036
2026-09-06T07:16:38.657906+00:00,1.701078351,111319,2636546619,2636563019,15,True,15,1.22754,1.77553,0.8677345403405351,2.73386,4.59246,3.55476,4.85558
2026-09-06T07:16:38.679871+00:00,1.723047042,111320,2636568876,2636585019,15,True,15,1.22083,1.75021,0.872001108370855,2.71907,4.5836,3.56591,4.88457
2026-09-06T07:16:38.701862+00:00,1.745037365,111321,2636591140,2636607019,15,True,15,1.22442,1.75985,0.8692552898314738,2.7137,4.59206,3.56968,4.8543
2026-09-06T07:16:38.724853+00:00,1.768028288,111322,2636613396,2636630019,15,True,15,1.22783,1.76459,0.866309746568743,2.71879,4.5839,3.55796,4.8563
2026-09-06T07:16:38.763795+00:00,1.806970668,111323,2636653071,2636669019,15,True,15,1.22647,1.74193,0.865747876578395,2.71805,4.5953,3.59918,4.86848
2026-09-06T07:16:38.786895+00:00,1.830069978,111324,2636675337,2636692019,15,True,15,1.22705,1.73708,0.8648357236492951,2.68912,4.57974,3.58621,4.85428
2026-09-06T07:16:38.808806+00:00,1.851981931,111325,2636697595,2636714019,15,True,15,1.22072,1.74775,0.8719161547419566,2.7173,4.59477,3.5832,4.87456
2026-09-06T07:16:38.830878+00:00,1.87405392,111326,2636719849,2636736019,15,True,15,1.2345,1.77617,0.8608884474192925,2.7372,4.58231,3.55062,4.85403
2026-09-06T07:16:38.852839+00:00,1.896014035,111327,2636742102,2636758019,15,True,15,1.23066,1.76965,0.8640036794481836,2.75034,4.59767,3.57328,4.86827
2026-09-06T07:16:38.875852+00:00,1.919027038,111328,2636764355,2636781019,15,True,15,1.23896,1.77077,0.8558669724320478,2.76061,4.59047,3.57422,4.86862
2026-09-06T07:16:38.903899+00:00,1.947074564,111329,2636792587,2636809019,15,True,15,1.23305,1.73676,0.8588276894115605,2.71971,4.57174,3.58475,4.88376
2026-09-06T07:16:38.925886+00:00,1.969061047,111330,2636814849,2636831019,15,True,15,1.20472,1.76229,0.8890963516402481,2.71884,4.6243,3.58061,4.86776
2026-09-06T07:16:38.947726+00:00,1.990901542,111331,2636837104,2636853019,15,True,15,1.21947,1.74061,0.8726374121019564,2.71005,4.58315,3.57555,4.88656
2026-09-06T07:16:38.970822+00:00,2.013997428,111332,2636859357,2636876019,15,True,15,1.21804,1.73917,0.873965291358873,2.70974,4.59497,3.59049,4.87937
2026-09-06T07:16:38.992926+00:00,2.036101322,111333,2636881617,2636898019,15,True,15,1.25215,1.74031,0.8400178085017005,2.72687,4.55299,3.58307,4.86683
2026-09-06T07:16:39.015208+00:00,2.05838378,111334,2636903875,2636920019,15,True,15,1.21539,1.7352,0.8763502108746251,2.71394,4.59421,3.59081,4.89383
2026-09-06T07:16:39.036848+00:00,2.080023439,111335,2636926135,2636942019,15,True,15,1.2625,1.74173,0.8297992786812964,2.71386,4.53585,3.57398,4.84568
2026-09-06T07:16:39.059836+00:00,2.103011706,111336,2636948392,2636965019,15,True,15,1.22872,1.75816,0.864819185726126,2.73996,4.5975,3.58479,4.87134
2026-09-06T07:16:39.081819+00:00,2.124995085,111337,2636970648,2636987020,15,True,15,1.23629,1.7335,0.8553847170133448,2.71578,4.56749,3.58794,4.87973
2026-09-06T07:16:39.103852+00:00,2.147027234,111338,2636992902,2637009019,15,True,15,1.21462,1.74975,0.8781544322612053,2.70593,4.58454,3.55899,4.88221
2026-09-06T07:16:39.126902+00:00,2.170077519,111339,2637015161,2637032020,15,True,15,1.19556,1.72729,0.8956892640307798,2.68898,4.60564,3.58774,4.90332
2026-09-06T07:16:39.148873+00:00,2.192048321,111340,2637037421,2637054019,15,True,15,1.23546,1.75621,0.8579315681917759,2.72778,4.57914,3.57311,4.86292
2026-09-06T07:16:39.170819+00:00,2.21399522,111341,2637059677,2637076019,15,True,15,1.25339,1.78887,0.8436640142853077,2.80072,4.58705,3.56721,4.87129
2026-09-06T07:16:39.193055+00:00,2.236230093,111342,2637081932,2637098019,15,True,15,1.22819,1.76269,0.8657679320695587,2.72602,4.58244,3.55901,4.86677
2026-09-06T07:16:39.214807+00:00,2.257983066,111343,2637104185,2637120019,15,True,15,1.25535,1.76612,0.8390812099552699,2.76851,4.57862,3.5878,4.85936
2026-09-06T07:16:39.265910+00:00,2.309084877,111344,2637154097,2637171019,15,True,15,1.21652,1.7383,0.8754234406274484,2.70585,4.57684,3.56622,4.89599
2026-09-06T07:16:39.287904+00:00,2.331076256,111345,2637176363,2637193019,15,True,15,1.20741,1.76798,0.8869642543530148,2.70924,4.60688,3.55466,4.86279
2026-09-06T07:16:39.309738+00:00,2.352913168,111346,2637198626,2637215019,15,True,15,1.21236,1.73313,0.8792467040029207,2.70066,4.58125,3.57258,4.89937
2026-09-06T07:16:39.331814+00:00,2.374989861,111347,2637220880,2637237019,15,True,15,1.22125,1.74432,0.8711277890757474,2.69541,4.58322,3.57346,4.8632
2026-09-06T07:16:39.354848+00:00,2.398023602,111348,2637243136,2637260019,15,True,15,1.23239,1.75042,0.8604963035946172,2.70708,4.5663,3.55967,4.86352
2026-09-06T07:16:39.376887+00:00,2.420061318,111349,2637265398,2637282019,15,True,15,1.19974,1.75354,0.8932922249745598,2.70053,4.61314,3.57024,4.87628
2026-09-06T07:16:39.398864+00:00,2.442039673,111350,2637287655,2637304019,15,True,15,1.23582,1.74937,0.8569922224267849,2.71377,4.57022,3.57082,4.86122
2026-09-06T07:16:39.420803+00:00,2.463978443,111351,2637309910,2637326019,15,True,15,1.21473,1.72889,0.876634362205817,2.70274,4.5815,3.58154,4.90049
2026-09-06T07:16:39.442878+00:00,2.486054048,111352,2637332163,2637348019,15,True,15,1.23417,1.73902,0.8578626634257955,2.70182,4.56603,3.5762,4.86482
2026-09-06T07:16:39.465853+00:00,2.509027915,111353,2637354419,2637371019,15,True,15,1.20868,1.76391,0.8853055012254243,2.71363,4.60781,3.56281,4.86794
2026-09-06T07:16:39.487804+00:00,2.530980126,111354,2637376684,2637393019,15,True,15,1.2114,1.75152,0.8815061374715435,2.71572,4.60084,3.57325,4.88271
2026-09-06T07:16:39.509883+00:00,2.553058995,111355,2637398939,2637415019,15,True,15,1.23128,1.76193,0.8626195936216612,2.72778,4.60036,3.5873,4.84616
2026-09-06T07:16:39.531894+00:00,2.575069671,111356,2637421193,2637437019,15,True,15,1.25911,1.77719,0.8365548925205087,2.78584,4.57691,3.57692,4.86281
2026-09-06T07:16:39.554741+00:00,2.597916303,111357,2637443446,2637460019,15,True,15,1.22458,1.76561,0.8696440930058685,2.74817,4.59781,3.57003,4.88189
2026-09-06T07:16:39.582835+00:00,2.626010902,111358,2637471586,2637488020,15,True,15,1.20767,1.75278,0.885326582284752,2.70802,4.6144,3.58391,4.86783
2026-09-06T07:16:39.604822+00:00,2.647997545,111359,2637493852,2637510019,15,True,15,1.22091,1.72082,0.8700481024058382,2.70632,4.5806,3.5991,4.90009
2026-09-06T07:16:39.626740+00:00,2.669915674,111360,2637516106,2637532019,15,True,15,1.21726,1.73133,0.8742481778648439,2.7074,4.59811,3.60322,4.88266
2026-09-06T07:16:39.649830+00:00,2.693005992,111361,2637538360,2637555020,15,True,15,1.22727,1.75145,0.8656836347072755,2.72095,4.58069,3.56966,4.87502
2026-09-06T07:16:39.671831+00:00,2.715006652,111362,2637560620,2637577019,15,True,15,1.23383,1.73783,0.8581208410241531,2.74343,4.57689,3.59107,4.90285
2026-09-06T07:16:39.693833+00:00,2.737008687,111363,2637582876,2637599019,15,True,15,1.21204,1.75013,0.880756480816349,2.71329,4.61126,3.58928,4.87013
2026-09-06T07:16:39.715740+00:00,2.7589152,111364,2637605139,2637621019,15,True,15,1.21373,1.73826,0.8782046119783247,2.70811,4.58938,3.57846,4.8925
2026-09-06T07:16:39.738828+00:00,2.78200395,111365,2637627396,2637644019,15,True,15,1.22235,1.74468,0.8700574836756475,2.7338,4.59393,3.58824,4.89327
2026-09-06T07:16:39.778150+00:00,2.82132538,111366,2637667072,2637683020,15,True,15,1.20314,1.7415,0.8889898253635975,2.71094,4.59748,3.56997,4.90665
2026-09-06T07:16:39.800873+00:00,2.844048489,111367,2637689338,2637706019,15,True,15,1.21775,1.74515,0.8746797042346413,2.71778,4.58339,3.56772,4.89425
2026-09-06T07:16:39.822859+00:00,2.866034876,111368,2637711594,2637728019,15,True,15,1.21944,1.75477,0.8737649950072386,2.724,4.60603,3.58706,4.86755
2026-09-06T07:16:39.844840+00:00,2.888016111,111369,2637733848,2637750019,15,True,15,1.22352,1.77104,0.8712496037301823,2.73886,4.60598,3.57224,4.86085
2026-09-06T07:16:39.866872+00:00,2.910048004,111370,2637756100,2637772019,15,True,15,1.24309,1.77824,0.8525887905080618,2.76652,4.59747,3.5796,4.85331
2026-09-06T07:16:39.889811+00:00,2.93298651,111371,2637778354,2637795020,15,True,15,1.25367,1.76862,0.8410121124573651,2.76649,4.57263,3.57465,4.86384
2026-09-06T07:16:39.917908+00:00,2.961079637,111372,2637806587,2637823019,15,True,15,1.20967,1.76114,0.8840614280127822,2.73418,4.61153,3.57247,4.88791
2026-09-06T07:16:39.939812+00:00,2.982987942,111373,2637828849,2637845020,15,True,15,1.21689,1.75635,0.8764418945942736,2.72269,4.6014,3.57557,4.87424
2026-09-06T07:16:39.962879+00:00,3.006054707,111374,2637851336,2637868019,15,True,15,1.20169,1.76246,0.8921290869039076,2.70385,4.61474,3.5638,4.8662
2026-09-06T07:16:39.984879+00:00,3.028054951,111375,2637873595,2637890019,15,True,15,1.21117,1.7434,0.881113913691073,2.71483,4.58678,3.56506,4.90287
2026-09-06T07:16:40.006867+00:00,3.050042682,111376,2637895850,2637912019,15,True,15,1.21329,1.76454,0.8807766094192101,2.722,4.61203,3.57392,4.86323
2026-09-06T07:16:40.029869+00:00,3.07304535,111377,2637918109,2637935019,15,True,15,1.2209,1.75636,0.8724480841861019,2.71845,4.59168,3.56865,4.87044
2026-09-06T07:16:40.051868+00:00,3.095043994,111378,2637940369,2637957019,15,True,15,1.22489,1.7461,0.8676315589580635,2.71505,4.57898,3.57087,4.87988
2026-09-06T07:16:40.073841+00:00,3.117016973,111379,2637962630,2637979019,15,True,15,1.21192,1.75195,0.8810228651402866,2.70932,4.60286,3.57602,4.87223
2026-09-06T07:16:40.095880+00:00,3.139055169,111380,2637984884,2638001019,15,True,15,1.20455,1.74174,0.8875998704934559,2.70267,4.6,3.57488,4.89206
2026-09-06T07:16:40.117878+00:00,3.161053973,111381,2638007137,2638023019,15,True,15,1.22993,1.75073,0.8629734282120162,2.7383,4.59056,3.58693,4.88038
2026-09-06T07:16:40.140895+00:00,3.184070817,111382,2638029394,2638046019,15,True,15,1.22653,1.75025,0.8663229786863558,2.7271,4.58817,3.57972,4.8775
2026-09-06T07:16:40.162900+00:00,3.206074965,111383,2638051655,2638068020,15,True,15,1.2097,1.74896,0.882996926155465,2.70532,4.61124,3.58746,4.86716
2026-09-06T07:16:40.184885+00:00,3.228060264,111384,2638073911,2638090019,15,True,15,1.22607,1.77155,0.8687671997721828,2.73068,4.59558,3.56175,4.85577
2026-09-06T07:16:40.206840+00:00,3.250015611,111385,2638096165,2638112019,15,True,15,1.24897,1.75037,0.8439688369839256,2.73804,4.56477,3.581,4.86558
2026-09-06T07:16:40.229871+00:00,3.273046536,111386,2638118418,2638135019,15,True,15,1.2463,1.80415,0.8527853847832992,2.77509,4.59451,3.54756,4.83524
2026-09-06T07:16:40.280850+00:00,3.324025304,111387,2638169098,2638186019,15,True,15,1.20393,1.76294,0.8899433063403532,2.70907,4.61445,3.56596,4.86723
2026-09-06T07:16:40.302826+00:00,3.346002155,111388,2638191364,2638208019,15,True,15,1.19608,1.75895,0.8973996149430864,2.69869,4.61839,3.56506,4.87179
2026-09-06T07:16:40.324900+00:00,3.368076096,111389,2638213626,2638230019,15,True,15,1.21281,1.76359,0.8811637669582197,2.71772,4.6143,3.57737,4.85816
2026-09-06T07:16:40.346831+00:00,3.390006642,111390,2638235880,2638252019,15,True,15,1.21598,1.74314,0.8762976777328578,2.70906,4.59024,3.57657,4.88362
2026-09-06T07:16:40.369913+00:00,3.413089184,111391,2638258135,2638275019,15,True,15,1.22029,1.75293,0.8727624356031827,2.72646,4.58905,3.56874,4.88628
2026-09-06T07:16:40.391871+00:00,3.435045843,111392,2638280398,2638297019,15,True,15,1.22237,1.77156,0.8724477351108202,2.73525,4.60604,3.57006,4.85862
2026-09-06T07:16:40.413819+00:00,3.456995205,111393,2638302655,2638319019,15,True,15,1.2098,1.746,0.8826709692745082,2.71272,4.60123,3.57845,4.88737
2026-09-06T07:16:40.435785+00:00,3.478959256,111394,2638324910,2638341019,15,True,15,1.20611,1.74321,0.8861472993808647,2.70028,4.60817,3.58572,4.87716
2026-09-06T07:16:40.457897+00:00,3.501072143,111395,2638347165,2638363019,15,True,15,1.19117,1.734,0.9004506476759288,2.69627,4.61945,3.59097,4.90111
2026-09-06T07:16:40.480909+00:00,3.524084891,111396,2638369421,2638386019,15,True,15,1.19404,1.75716,0.899276368643144,2.70729,4.62407,3.57183,4.88177
2026-09-06T07:16:40.502871+00:00,3.546046766,111397,2638391684,2638408019,15,True,15,1.19533,1.74756,0.8972172326142648,2.69179,4.60316,3.5587,4.89057
2026-09-06T07:16:40.524906+00:00,3.568077922,111398,2638413941,2638430019,15,True,15,1.21106,1.76079,0.8826451992165367,2.72455,4.6112,3.57445,4.87492
2026-09-06T07:16:40.546900+00:00,3.590074198,111399,2638436195,2638452019,15,True,15,1.21729,1.766,0.8769371380549462,2.72552,4.59949,3.5615,4.86948
2026-09-06T07:16:40.569868+00:00,3.613043489,111400,2638458449,2638475019,15,True,15,1.23687,1.74648,0.8557163007095283,2.72179,4.57324,3.57978,4.86786
2026-09-06T07:16:40.597890+00:00,3.64106551,111401,2638486594,2638503019,15,True,15,1.23879,1.72951,0.8526486405313737,2.72918,4.569,3.59834,4.89179
2026-09-06T07:16:40.619912+00:00,3.66308777,111402,2638508859,2638525019,15,True,15,1.20551,1.74384,0.886790903031825,2.69239,4.614,3.59158,4.86357
2026-09-06T07:16:40.641853+00:00,3.685028717,111403,2638531117,2638547019,15,True,15,1.20936,1.74363,0.8829357771095244,2.70833,4.59865,3.5775,4.88801
2026-09-06T07:16:40.664911+00:00,3.70808665,111404,2638553372,2638570020,15,True,15,1.20969,1.74014,0.8823618961061271,2.71644,4.60602,3.59181,4.89262
2026-09-06T07:16:40.686705+00:00,3.729879785,111405,2638575631,2638592019,15,True,15,1.23534,1.73545,0.8564568979814452,2.71991,4.57854,3.59824,4.87411
2026-09-06T07:16:40.708857+00:00,3.752032576,111406,2638597886,2638614019,15,True,15,1.2184,1.75026,0.8744272568944771,2.72551,4.59963,3.58305,4.88158
2026-09-06T07:16:40.730918+00:00,3.774093365,111407,2638620151,2638636019,15,True,15,1.21853,1.74995,0.8742728197765272,2.71425,4.57944,3.55768,4.88804
2026-09-06T07:16:40.754220+00:00,3.797391464,111408,2638642406,2638659019,15,True,15,1.24347,1.72987,0.8479976755864368,2.73505,4.56519,3.59957,4.89202
2026-09-06T07:16:40.794873+00:00,3.838048639,111409,2638683674,2638700019,15,True,15,1.22288,1.73478,0.8688486305450448,2.71565,4.58364,3.58827,4.89071
2026-09-06T07:16:40.817274+00:00,3.860413019,111410,2638705940,2638722019,15,True,15,1.21846,1.74854,0.8742309209814073,2.70553,4.59881,3.58424,4.86154
2026-09-06T07:16:40.838889+00:00,3.882063719,111411,2638728196,2638744019,15,True,15,1.21531,1.75036,0.8775153136555509,2.71254,4.58532,3.56019,4.88683
2026-09-06T07:16:40.861883+00:00,3.905058707,111412,2638750450,2638767019,15,True,15,1.2192,1.77704,0.876190277051737,2.73188,4.59593,3.54558,4.86585
2026-09-06T07:16:40.883906+00:00,3.927081383,111413,2638772703,2638789019,15,True,15,1.23414,1.75993,0.8595842858614854,2.73883,4.59085,3.58162,4.86357
2026-09-06T07:16:40.905688+00:00,3.948862517,111414,2638794958,2638811019,15,True,15,1.22931,1.77787,0.8662365802712328,2.7574,4.60341,3.56841,4.86602
2026-09-06T07:16:40.933853+00:00,3.977028158,111415,2638822584,2638839019,15,True,15,1.21503,1.76191,0.8787956241356688,2.71869,4.59989,3.564,4.86988
2026-09-06T07:16:40.955892+00:00,3.999067443,111416,2638844846,2638861019,15,True,15,1.22736,1.7524,0.8656728767842965,2.70743,4.57937,3.56688,4.86014
2026-09-06T07:16:40.977904+00:00,4.021079655,111417,2638867101,2638883019,15,True,15,1.20652,1.74539,0.8858965867978044,2.70445,4.60558,3.58023,4.88137
2026-09-06T07:16:41.010672+00:00,4.053847327,111418,2638889353,2638916019,15,True,15,1.20458,1.76111,0.8891273297452957,2.71225,4.61464,3.56941,4.87095
2026-09-06T07:16:41.027925+00:00,4.071100992,111419,2638917027,2638933019,15,True,15,1.22593,1.7429,0.8663563786918175,2.71961,4.59546,3.59742,4.87027
2026-09-06T07:16:41.050849+00:00,4.094024426,111420,2638939288,2638956019,15,True,15,1.22719,1.7365,0.8646579358914135,2.71525,4.59128,3.60185,4.87268
2026-09-06T07:16:41.072849+00:00,4.11602467,111421,2638961545,2638978019,15,True,15,1.22868,1.74963,0.8641298972376779,2.72541,4.59602,3.59355,4.86435
2026-09-06T07:16:41.094916+00:00,4.138091859,111422,2638983799,2639000019,15,True,15,1.23046,1.73633,0.861383817180239,2.71312,4.57754,3.58909,4.87668
2026-09-06T07:16:41.116769+00:00,4.159944964,111423,2639006052,2639022019,15,True,15,1.20278,1.75371,0.8902766381861313,2.69622,4.61131,3.57191,4.86684
2026-09-06T07:16:41.150385+00:00,4.193521776,111424,2639028311,2639055020,15,True,15,1.21056,1.75098,0.8822997642524901,2.72618,4.61103,3.58586,4.88697
2026-09-06T07:16:41.166897+00:00,4.210072928,111425,2639055812,2639072019,15,True,15,1.22104,1.7713,0.87374319545276,2.72806,4.60169,3.56289,4.85763
2026-09-06T07:16:41.188903+00:00,4.232078164,111426,2639078069,2639094019,15,True,15,1.2312,1.77153,0.8636638124293501,2.75107,4.60459,3.58056,4.85971
2026-09-06T07:16:41.211891+00:00,4.255066944,111427,2639100322,2639117019,15,True,15,1.22728,1.76926,0.8673252826938691,2.73817,4.5946,3.56509,4.86476
2026-09-06T07:16:41.233903+00:00,4.277077876,111428,2639122577,2639139019,15,True,15,1.22715,1.76331,0.866862548850739,2.75036,4.59618,3.57443,4.88274
2026-09-06T07:16:41.261876+00:00,4.305051,111429,2639150599,2639167019,15,True,15,1.19609,1.7554,0.8970843037864388,2.71504,4.63004,3.58464,4.88212
2026-09-06T07:16:41.302917+00:00,4.34609196,111430,2639191789,2639208019,15,True,15,1.20158,1.74715,0.890954105944857,2.70399,4.61758,3.58657,4.87804
2026-09-06T07:16:41.324673+00:00,4.36784871,111431,2639214042,2639230019,15,True,15,1.16724,1.69014,0.9228157113963761,2.57457,4.60933,3.59959,4.86876
2026-09-06T07:16:41.347901+00:00,4.391076568,111432,2639236296,2639253020,15,True,15,1.20578,1.74348,0.8864957522740871,2.71047,4.61369,3.59202,4.88368
2026-09-06T07:16:41.369939+00:00,4.413114797,111433,2639258561,2639275019,15,True,15,1.21612,1.7535,0.8769655092419539,2.72332,4.61829,3.59977,4.86317
2026-09-06T07:16:41.391908+00:00,4.4350832,111434,2639280816,2639297019,15,True,15,1.20849,1.75,0.8842849541296062,2.72205,4.62038,3.59623,4.87867
2026-09-06T07:16:41.413918+00:00,4.457094068,111435,2639303073,2639319019,15,True,15,1.19694,1.76223,0.8968377425710852,2.7137,4.64096,3.59136,4.86219
2026-09-06T07:16:41.436916+00:00,4.480091392,111436,2639325327,2639342019,15,True,15,1.20121,1.73181,0.8902987926533427,2.66875,4.61239,3.5986,4.859
2026-09-06T07:16:41.458945+00:00,4.502119925,111437,2639347582,2639364020,15,True,15,1.22117,1.73245,0.8704117252197374,2.71471,4.60462,3.61556,4.87558
2026-09-06T07:16:41.480933+00:00,4.524108521,111438,2639369848,2639386019,15,True,15,1.20416,1.74723,0.8883875159523573,2.7021,4.6218,3.59549,4.86656
2026-09-06T07:16:41.502674+00:00,4.545849398,111439,2639392102,2639408019,15,True,15,1.21968,1.74424,0.8726876187960957,2.69304,4.58357,3.5718,4.86354
2026-09-06T07:16:41.525931+00:00,4.569106504,111440,2639414357,2639431019,15,True,15,1.21359,1.76631,0.8806497057286738,2.73618,4.6297,3.59488,4.86011
2026-09-06T07:16:41.547912+00:00,4.59108694,111441,2639436619,2639453019,15,True,15,1.22547,1.76179,0.8683903068321293,2.73341,4.61042,3.5923,4.85506
2026-09-06T07:16:41.569694+00:00,4.612869483,111442,2639458872,2639475020,15,True,15,1.23827,1.77176,0.8566585612132758,2.74665,4.59609,3.57923,4.84799
2026-09-06T07:16:41.597935+00:00,4.641110517,111443,2639486588,2639503019,15,True,15,1.20741,1.76907,0.8870730370155546,2.7119,4.61387,3.56235,4.85809
2026-09-06T07:16:41.619915+00:00,4.663090793,111444,2639508847,2639525019,15,True,15,1.21222,1.76215,0.8816157614856938,2.72044,4.6067,3.56854,4.87096
2026-09-06T07:16:41.641979+00:00,4.68515395,111445,2639531104,2639547019,15,True,15,1.19848,1.7556,0.8947196602288338,2.70407,4.61798,3.57212,4.87629
2026-09-06T07:16:41.664929+00:00,4.708104809,111446,2639553357,2639570019,15,True,15,1.13589,1.68119,0.9541107421049192,2.52337,4.61322,3.57211,4.88412
2026-09-06T07:16:41.686937+00:00,4.730110653,111447,2639575617,2639592019,15,True,15,1.23453,1.74581,0.8579975973159831,2.70823,4.56999,3.57319,4.86121
2026-09-06T07:16:41.708936+00:00,4.752111793,111448,2639597876,2639614019,15,True,15,1.21327,1.7585,0.8802373219194921,2.7356,4.61015,3.57906,4.88586
2026-09-06T07:16:41.730926+00:00,4.774101637,111449,2639620136,2639636020,15,True,15,1.22173,1.75787,0.8717548564820272,2.7231,4.61087,3.59257,4.85437
2026-09-06T07:16:41.753934+00:00,4.797109297,111450,2639642392,2639659020,15,True,15,1.21113,1.74265,0.8811001642265195,2.69825,4.60007,3.58302,4.87278
2026-09-06T07:16:41.775907+00:00,4.81908298,111451,2639664646,2639681019,15,True,15,1.21608,1.74565,0.8763823873743696,2.6999,4.59941,3.58531,4.86229
2026-09-06T07:16:41.814877+00:00,4.858053267,111452,2639703528,2639720019,15,True,15,1.19945,1.75049,0.8933354031941194,2.70281,4.61135,3.57136,4.8839
2026-09-06T07:16:41.836914+00:00,4.880089383,111453,2639725792,2639742019,15,True,15,1.22514,1.76309,0.8688421995391338,2.72619,4.60703,3.58585,4.84963
2026-09-06T07:16:41.858924+00:00,4.902099228,111454,2639748046,2639764020,15,True,15,1.22647,1.78592,0.8700017858027648,2.76706,4.62115,3.57722,4.85855
2026-09-06T07:16:41.881913+00:00,4.925088871,111455,2639770302,2639787019,15,True,15,1.2383,1.77119,0.8565678642699596,2.74255,4.58802,3.56962,4.85146
2026-09-06T07:16:41.904374+00:00,4.947544614,111456,2639792555,2639809019,15,True,15,1.23671,1.78425,0.8596347402240092,2.80266,4.61176,3.58152,4.88865
2026-09-06T07:16:41.925907+00:00,4.969082447,111457,2639814809,2639831019,15,True,15,1.25409,1.76997,0.8407378479645126,2.75419,4.57222,3.573,4.84814
2026-09-06T07:16:41.953955+00:00,4.997130645,111458,2639842587,2639859020,15,True,15,1.22322,1.74579,0.8692731978497898,2.71987,4.59663,3.59153,4.87236
2026-09-06T07:16:41.975911+00:00,5.019086696,111459,2639864847,2639881019,15,True,15,1.2072,1.7558,0.8860482379645025,2.72902,4.62222,3.58953,4.88201
2026-09-06T07:16:41.998441+00:00,5.041613065,111460,2639887102,2639903019,15,True,15,1.21935,1.74887,0.8733696235844248,2.72093,4.59287,3.57745,4.88218
2026-09-06T07:16:42.020921+00:00,5.064097032,111461,2639909356,2639926019,15,True,15,1.21838,1.73786,0.8735383242880644,2.69438,4.60144,3.60088,4.85672
2026-09-06T07:16:42.042910+00:00,5.086085532,111462,2639931613,2639948019,15,True,15,1.19524,1.7555,0.8979397015390285,2.69502,4.62661,3.57888,4.86481
2026-09-06T07:16:42.064902+00:00,5.108077296,111463,2639953869,2639970019,15,True,15,1.22583,1.73837,0.8661390453039279,2.70584,4.57309,3.57437,4.88037
2026-09-06T07:16:42.086915+00:00,5.130090629,111464,2639976129,2639992019,15,True,15,1.19115,1.77272,0.9036195664658883,2.71772,4.64587,3.57648,4.86419
2026-09-06T07:16:42.109930+00:00,5.153105425,111465,2639998386,2640015019,15,True,15,1.20773,1.75337,0.8853154860274386,2.7034,4.60582,3.57219,4.87014
2026-09-06T07:16:42.131934+00:00,5.175110118,111466,2640020639,2640037019,15,True,15,1.21808,1.74993,0.8747197787291652,2.72719,4.58241,3.56089,4.90058
2026-09-06T07:16:42.153923+00:00,5.197098265,111467,2640042891,2640059019,15,True,15,1.21461,1.74702,0.8779517825598395,2.7155,4.59675,3.57813,4.8839
2026-09-06T07:16:42.176878+00:00,5.220053669,111468,2640065149,2640082019,15,True,15,1.21006,1.77829,0.8854125183777333,2.75354,4.62582,3.56991,4.87953
2026-09-06T07:16:42.198946+00:00,5.242121722,111469,2640087411,2640104019,15,True,15,1.24067,1.7641,0.8534836020100209,2.74184,4.58639,3.57976,4.85388
2026-09-06T07:16:42.220936+00:00,5.264111758,111470,2640109667,2640126019,15,True,15,1.22427,1.76862,0.8702539498904902,2.75047,4.60576,3.57606,4.87484
2026-09-06T07:16:42.242920+00:00,5.286095042,111471,2640131921,2640148019,15,True,15,1.23923,1.78194,0.8568555050298736,2.75599,4.59503,3.5664,4.84816
2026-09-06T07:16:42.274919+00:00,5.318094472,111472,2640154173,2640180019,15,True,15,1.22379,1.77971,0.8719299560171103,2.7676,4.63452,3.5985,4.8577
2026-09-06T07:16:42.324886+00:00,5.368061344,111473,2640213809,2640230019,15,True,15,1.1972,1.74601,0.8952369295890332,2.72181,4.62865,3.59616,4.89735
2026-09-06T07:16:42.346939+00:00,5.390114134,111474,2640236075,2640252020,15,True,15,1.21827,1.72335,0.8728072040261812,2.69382,4.584,3.59662,4.88617
2026-09-06T07:16:42.369933+00:00,5.413109122,111475,2640258331,2640275019,15,True,15,1.22394,1.73692,0.8679284590333467,2.71117,4.59152,3.59711,4.8742
2026-09-06T07:16:42.391955+00:00,5.435131127,111476,2640280585,2640297019,15,True,15,1.22017,1.72311,0.8708976409429525,2.72024,4.58855,3.60536,4.90746
2026-09-06T07:16:42.413961+00:00,5.457136235,111477,2640302841,2640319020,15,True,15,1.22485,1.7369,0.8670191073442383,2.70595,4.58148,3.58559,4.87598
2026-09-06T07:16:42.435918+00:00,5.479094046,111478,2640325105,2640341019,15,True,15,1.20904,1.73533,0.8826958312465285,2.71336,4.58611,3.5714,4.91359
2026-09-06T07:16:42.458922+00:00,5.502097962,111479,2640347361,2640364019,15,True,15,1.21172,1.72975,0.8796879110798328,2.69745,4.59417,3.59247,4.88813
2026-09-06T07:16:42.480929+00:00,5.524104511,111480,2640369621,2640386019,15,True,15,1.232,1.73804,0.8599608372478365,2.729,4.57304,3.58335,4.89385
2026-09-06T07:16:42.502944+00:00,5.546119219,111481,2640391873,2640408019,15,True,15,1.21164,1.75508,0.8815629847038723,2.7126,4.59517,3.56178,4.8808
2026-09-06T07:16:42.525888+00:00,5.569063454,111482,2640414131,2640431019,15,True,15,1.21634,1.75363,0.87675719130213,2.71363,4.60139,3.57819,4.8678
2026-09-06T07:16:42.547939+00:00,5.591114387,111483,2640436396,2640453019,15,True,15,1.22909,1.75944,0.8645673725627169,2.73877,4.5844,3.56688,4.88039
2026-09-06T07:16:42.569954+00:00,5.613129768,111484,2640458653,2640475019,15,True,15,1.24312,1.79248,0.854316969748348,2.79691,4.6041,3.57024,4.86857
2026-09-06T07:16:42.591922+00:00,5.635097467,111485,2640480907,2640497019,15,True,15,1.23523,1.78508,0.8612047139327558,2.78551,4.60651,3.57163,4.87626
2026-09-06T07:16:42.613943+00:00,5.65711864,111486,2640503160,2640519019,15,True,15,1.1986,1.79767,0.8991330206927113,2.73964,4.61572,3.51594,4.87907
2026-09-06T07:16:42.641804+00:00,5.68497973,111487,2640530577,2640547019,15,True,15,1.22661,1.73542,0.8651668443138583,2.7413,4.59003,3.60079,4.90509
2026-09-06T07:16:42.663941+00:00,5.707116361,111488,2640552841,2640569019,15,True,15,1.21705,1.7418,0.8751348139001213,2.71835,4.60974,3.60471,4.87462
2026-09-06T07:16:42.685932+00:00,5.729107485,111489,2640575097,2640591020,15,True,15,1.20334,1.73367,0.8882828516300423,2.70263,4.60889,3.59475,4.89354
2026-09-06T07:16:42.708955+00:00,5.752130186,111490,2640597350,2640614019,15,True,15,1.19384,1.74624,0.8986047424758005,2.70781,4.63435,3.59854,4.88305
2026-09-06T07:16:42.730928+00:00,5.774103005,111491,2640619610,2640636019,15,True,15,1.19555,1.75282,0.8974093574840859,2.71076,4.62508,3.58071,4.88556
2026-09-06T07:16:42.752928+00:00,5.79610325,111492,2640641866,2640658019,15,True,15,1.20935,1.76075,0.8843443814487656,2.7087,4.59951,3.55699,4.87185
2026-09-06T07:16:42.784956+00:00,5.828131448,111493,2640664130,2640690019,15,True,15,1.20705,1.75116,0.8858128742008663,2.71563,4.61257,3.5827,4.88079
2026-09-06T07:16:42.801941+00:00,5.845117075,111494,2640690698,2640707019,15,True,15,1.19683,1.74523,0.8955487713128748,2.6772,4.61465,3.57857,4.86273
2026-09-06T07:16:42.841885+00:00,5.885060953,111495,2640730610,2640747019,15,True,15,1.21387,1.75041,0.8789546888207604,2.72742,4.60371,3.58178,4.889
2026-09-06T07:16:42.863887+00:00,5.907062925,111496,2640752877,2640769019,15,True,15,1.22779,1.74929,0.8649897041005747,2.72153,4.58129,3.57387,4.87604
2026-09-06T07:16:42.885955+00:00,5.929130467,111497,2640775135,2640791019,15,True,15,1.21821,1.74698,0.8743592651193214,2.7022,4.59165,3.57668,4.86657
2026-09-06T07:16:42.908928+00:00,5.952103599,111498,2640797389,2640814019,15,True,15,1.21241,1.76632,0.8818250112692425,2.738,4.62022,3.58101,4.87358
2026-09-06T07:16:42.930939+00:00,5.974114051,111499,2640819641,2640836019,15,True,15,1.21477,1.78473,0.881473723828453,2.75374,4.61026,3.54819,4.87889
2026-09-06T07:16:42.952945+00:00,5.996120247,111500,2640841895,2640858019,15,True,15,1.22824,1.74962,0.8645676618981303,2.71254,4.58306,3.57635,4.86312
2026-09-06T07:16:42.980902+00:00,6.024077724,111501,2640869587,2640886019,15,True,15,1.21985,1.75255,0.8731692418998733,2.71468,4.59285,3.57349,4.8708
2026-09-06T07:16:43.002954+00:00,6.046128465,111502,2640891850,2640908019,15,True,15,1.19108,1.74761,0.9014589721667869,2.70028,4.62338,3.57882,4.88951
2026-09-06T07:16:43.024971+00:00,6.06814695,111503,2640914104,2640930019,15,True,15,1.21803,1.73432,0.8736603134514008,2.70259,4.58832,3.58804,4.88221
2026-09-06T07:16:43.047937+00:00,6.091113105,111504,2640936357,2640953019,15,True,15,1.21162,1.74185,0.8805548517270232,2.70822,4.59686,3.58059,4.88659
2026-09-06T07:16:43.069957+00:00,6.113132486,111505,2640958617,2640975019,15,True,15,1.21633,1.75505,0.8768875477505653,2.72776,4.61708,3.59657,4.86742
2026-09-06T07:16:43.091917+00:00,6.135092634,111506,2640980874,2640997019,15,True,15,1.21016,1.71965,0.8807329607207851,2.69474,4.59367,3.6023,4.89811
2026-09-06T07:16:43.113970+00:00,6.157145743,111507,2641003135,2641019019,15,True,15,1.24008,1.75043,0.8528331556054792,2.73709,4.57652,3.5835,4.87168
2026-09-06T07:16:43.136952+00:00,6.180127963,111508,2641025392,2641042019,15,True,15,1.20685,1.76233,0.886979228279896,2.74126,4.62931,3.59,4.88369
2026-09-06T07:16:43.159014+00:00,6.202186513,111509,2641047648,2641064019,15,True,15,1.20765,1.75842,0.8858279849383852,2.7348,4.60915,3.57001,4.89748
2026-09-06T07:16:43.180949+00:00,6.22412458,111510,2641069901,2641086019,15,True,15,1.22857,1.74361,0.8637753625798781,2.71375,4.56761,3.56459,4.88384
2026-09-06T07:16:43.203914+00:00,6.247089807,111511,2641092160,2641109020,15,True,15,1.20022,1.74126,0.8918863358074277,2.69775,4.60851,3.5804,4.8879
2026-09-06T07:16:43.225964+00:00,6.269139685,111512,2641114421,2641131019,15,True,15,1.21889,1.76209,0.8749693710067797,2.71183,4.59971,3.56895,4.85429
2026-09-06T07:16:43.247947+00:00,6.291122809,111513,2641136677,2641153020,15,True,15,1.21377,1.7609,0.879956716492351,2.73643,4.6077,3.57358,4.88586
2026-09-06T07:16:43.269949+00:00,6.313124525,111514,2641158933,2641175019,15,True,15,1.23447,1.77691,0.8610012363521901,2.74704,4.59302,3.56349,4.85437
2026-09-06T07:16:43.291959+00:00,6.335134658,111515,2641181186,2641197019,15,True,15,1.23638,1.76789,0.8581327149689608,2.73425,4.60078,3.58747,4.83699
2026-09-06T07:16:43.343971+00:00,6.387147212,111516,2641232678,2641249020,15,True,15,1.20801,1.73141,0.8834870390673537,2.7031,4.59847,3.59073,4.89639
2026-09-06T07:16:43.365962+00:00,6.409137024,111517,2641254943,2641271020,15,True,15,1.23584,1.74021,0.856279481069119,2.71442,4.57345,3.58649,4.86733
2026-09-06T07:16:43.387950+00:00,6.431126132,111518,2641277198,2641293020,15,True,15,1.18993,1.75301,0.903026281455861,2.71552,4.63911,3.59076,4.88887
2026-09-06T07:16:43.410961+00:00,6.454136609,111519,2641299452,2641316019,15,True,15,1.2013,1.74651,0.8911853174845284,2.71663,4.6189,3.58869,4.89197
2026-09-06T07:16:43.432973+00:00,6.476149078,111520,2641321707,2641338019,15,True,15,1.22965,1.75041,0.8632263264057694,2.73173,4.59401,3.59134,4.87063
2026-09-06T07:16:43.454994+00:00,6.498168363,111521,2641343970,2641360019,15,True,15,1.20951,1.73623,0.8822836579014708,2.71449,4.6053,3.59551,4.89509
2026-09-06T07:16:43.477000+00:00,6.520175455,111522,2641366227,2641382019,15,True,15,1.21057,1.75713,0.8828058460386405,2.70298,4.59825,3.56166,4.86752
2026-09-06T07:16:43.499958+00:00,6.543133931,111523,2641388482,2641405019,15,True,15,1.22924,1.7335,0.8624210268772438,2.71159,4.57162,3.58338,4.88563
2026-09-06T07:16:43.521951+00:00,6.565126847,111524,2641410736,2641427019,15,True,15,1.19195,1.75764,0.9013998957732354,2.70145,4.61774,3.56011,4.88511
2026-09-06T07:16:43.543955+00:00,6.587130771,111525,2641432993,2641449019,15,True,15,1.19487,1.75178,0.898003388245278,2.70874,4.61272,3.56509,4.89735
2026-09-06T07:16:43.566985+00:00,6.610160864,111526,2641455256,2641472019,15,True,15,1.23308,1.77486,0.8621544559996195,2.75548,4.58899,3.55891,4.8725
2026-09-06T07:16:43.588952+00:00,6.632128052,111527,2641477513,2641494020,15,True,15,1.23516,1.75618,0.8582277191981157,2.73829,4.58516,3.58046,4.86968
2026-09-06T07:16:43.610985+00:00,6.654159817,111528,2641499767,2641516019,15,True,15,1.21797,1.75575,0.8753138770749609,2.73759,4.5939,3.56818,4.89629
2026-09-06T07:16:43.632969+00:00,6.676144541,111529,2641522021,2641538019,15,True,15,1.22441,1.78462,0.8718895529251396,2.74714,4.61047,3.56216,4.85153
2026-09-06T07:16:43.660920+00:00,6.704095905,111530,2641549586,2641566019,15,True,15,1.22885,1.72453,0.8623005528236659,2.70002,4.57207,3.59466,4.88146
2026-09-06T07:16:43.682969+00:00,6.726144055,111531,2641571851,2641588019,15,True,15,1.21318,1.74398,0.8791511546941174,2.72049,4.60408,3.58937,4.88826
2026-09-06T07:16:43.704982+00:00,6.748158027,111532,2641594105,2641610019,15,True,15,1.20477,1.75733,0.8886011938997156,2.71488,4.60487,3.56182,4.88621
2026-09-06T07:16:43.727977+00:00,6.771151672,111533,2641616359,2641633019,15,True,15,1.22088,1.7529,0.8721719924418576,2.72178,4.59435,3.57642,4.87489
2026-09-06T07:16:43.749962+00:00,6.793138188,111534,2641638620,2641655019,15,True,15,1.21249,1.76272,0.8814002487519502,2.72369,4.61137,3.57422,4.86909
2026-09-06T07:16:43.771914+00:00,6.815090079,111535,2641660877,2641677019,15,True,15,1.21201,1.74349,0.8802825797435728,2.69246,4.58943,3.56953,4.87384
2026-09-06T07:16:43.793961+00:00,6.837135764,111536,2641683139,2641699019,15,True,15,1.20159,1.76106,0.8921003596569166,2.71377,4.61962,3.57173,4.87411
2026-09-06T07:16:43.816965+00:00,6.860140769,111537,2641705395,2641722019,15,True,15,1.2002,1.74155,0.8919262539582518,2.69363,4.60233,3.57203,4.88897
2026-09-06T07:16:43.857845+00:00,6.901020222,111538,2641746677,2641763019,15,True,15,1.18875,1.76349,0.9051089120100408,2.7173,4.63806,3.57459,4.8846
2026-09-06T07:16:43.879975+00:00,6.923149846,111539,2641768943,2641785019,15,True,15,1.21057,1.7552,0.8826393175584237,2.69495,4.6087,3.57758,4.85048
2026-09-06T07:16:43.901987+00:00,6.945161546,111540,2641791202,2641807020,15,True,15,1.21065,1.73672,0.8811773833343658,2.68115,4.58841,3.57484,4.87137
2026-09-06T07:16:43.924974+00:00,6.968149238,111541,2641813455,2641830019,15,True,15,1.24326,1.77383,0.8519229404705567,2.76657,4.59382,3.58069,4.86056
2026-09-06T07:16:43.946966+00:00,6.990141515,111542,2641835708,2641852019,15,True,15,1.22972,1.75368,0.8634294532849802,2.72768,4.60094,3.59621,4.85636
2026-09-06T07:16:43.968969+00:00,7.012144863,111543,2641857961,2641874019,15,True,15,1.23056,1.75481,0.8626897760493047,2.71914,4.5935,3.58645,4.85105
2026-09-06T07:16:43.996955+00:00,7.040130404,111544,2641885589,2641902019,15,True,15,1.22882,1.74772,0.86383852125267,2.71744,4.59411,3.59369,4.85872
2026-09-06T07:16:44.018959+00:00,7.062134201,111545,2641907851,2641924019,15,True,15,1.21454,1.72855,0.8768051745399316,2.69802,4.59495,3.59889,4.88338
2026-09-06T07:16:44.040971+00:00,7.084146862,111546,2641930105,2641946019,15,True,15,1.23136,1.75537,0.8619415795168486,2.72236,4.58567,3.57682,4.8599
2026-09-06T07:16:44.063973+00:00,7.107148506,111547,2641952358,2641969019,15,True,15,1.22205,1.74035,0.8700455878860599,2.70504,4.59268,3.59165,4.86699
2026-09-06T07:16:44.085969+00:00,7.129144495,111548,2641974618,2641991019,15,True,15,1.21153,1.74371,0.8807772164401164,2.71186,4.59846,3.58019,4.88759
2026-09-06T07:16:44.107927+00:00,7.151103042,111549,2641996877,2642013019,15,True,15,1.21526,1.76454,0.8788157253941237,2.71898,4.60282,3.56479,4.86454
2026-09-06T07:16:44.129946+00:00,7.173121335,111550,2642019137,2642035019,15,True,15,1.21673,1.75424,0.8764200308641967,2.71898,4.60449,3.58196,4.86946
2026-09-06T07:16:44.152957+00:00,7.196132356,111551,2642041394,2642058019,15,True,15,1.20841,1.75638,0.8848925542120918,2.70672,4.60928,3.57381,4.86636
2026-09-06T07:16:44.174988+00:00,7.218163961,111552,2642063648,2642080019,15,True,15,1.2248,1.7402,0.8672918078709146,2.72589,4.58231,3.58242,4.89446
2026-09-06T07:16:44.196961+00:00,7.240137037,111553,2642085901,2642102019,15,True,15,1.21401,1.77099,0.8807029352738639,2.7357,4.62349,3.5816,4.86028
2026-09-06T07:16:44.219801+00:00,7.262976246,111554,2642108159,2642125019,15,True,15,1.20301,1.75402,0.8900731545777572,2.6973,4.60993,3.57006,4.86857
2026-09-06T07:16:44.241975+00:00,7.285150895,111555,2642130420,2642147019,15,True,15,1.21675,1.75655,0.876598805041394,2.73972,4.61107,3.58755,4.88429
2026-09-06T07:16:44.264004+00:00,7.3071793,111556,2642152676,2642169019,15,True,15,1.25779,1.7726,0.8373459524593164,2.77124,4.572,3.57459,4.8577
2026-09-06T07:16:44.286180+00:00,7.329345085,111557,2642174931,2642191019,15,True,15,1.23278,1.7675,0.8616741718306287,2.74367,4.60735,3.59138,4.84919
2026-09-06T07:16:44.307981+00:00,7.351156173,111558,2642197184,2642213019,15,True,15,1.22786,1.74787,0.8648073291201919,2.71098,4.57891,3.5727,4.86767
2026-09-06T07:16:44.359936+00:00,7.403111478,111559,2642248685,2642265020,15,True,15,1.23089,1.75103,0.8620413290556316,2.71594,4.58429,3.57986,4.85899
2026-09-06T07:16:44.382535+00:00,7.425683257,111560,2642270951,2642287019,15,True,15,1.19312,1.75981,0.9004239948490932,2.72331,4.63023,3.57519,4.89317
2026-09-06T07:16:44.404083+00:00,7.447258723,111561,2642293207,2642309019,15,True,15,1.21949,1.74559,0.8729774958153274,2.70769,4.59483,3.58429,4.86832
2026-09-06T07:16:44.426998+00:00,7.470173421,111562,2642315460,2642332019,15,True,15,1.20131,1.75524,0.8918693703115942,2.71229,4.61988,3.579,4.87815
2026-09-06T07:16:44.448993+00:00,7.492169154,111563,2642337716,2642354019,15,True,15,1.21059,1.74277,0.8816473336884764,2.70878,4.59562,3.57641,4.88962
2026-09-06T07:16:44.470974+00:00,7.51414911,111564,2642359979,2642376020,15,True,15,1.2353,1.73973,0.8567845487052154,2.7216,4.57744,3.59144,4.87316
2026-09-06T07:16:44.493981+00:00,7.537156451,111565,2642382236,2642399019,15,True,15,1.21743,1.76024,0.8762515977160896,2.74287,4.60139,3.57141,4.89214
2026-09-06T07:16:44.515976+00:00,7.559151511,111566,2642404490,2642421019,15,True,15,1.21996,1.76693,0.8743720183651806,2.73692,4.61451,3.58341,4.86172
2026-09-06T07:16:44.537996+00:00,7.581171724,111567,2642426742,2642443019,15,True,15,1.20355,1.77497,0.891522800269292,2.76404,4.64124,3.58495,4.89315
2026-09-06T07:16:44.559855+00:00,7.603030141,111568,2642448998,2642465019,15,True,15,1.21582,1.74595,0.8766641745275097,2.71468,4.60905,3.59693,4.86988
2026-09-06T07:16:44.582988+00:00,7.626163117,111569,2642471262,2642488019,15,True,15,1.24586,1.78415,0.8505407468781256,2.788,4.60189,3.58171,4.86251
2026-09-06T07:16:44.604998+00:00,7.64817341,111570,2642493518,2642510019,15,True,15,1.24195,1.76691,0.8524917305170764,2.77632,4.58275,3.57337,4.89112
2026-09-06T07:16:44.626974+00:00,7.67014943,111571,2642515772,2642532019,15,True,15,1.23642,1.76207,0.8575163562871554,2.74687,4.58639,3.57638,4.87017
2026-09-06T07:16:44.649015+00:00,7.69219006,111572,2642538024,2642554019,15,True,15,1.2087,1.78139,0.8871130830395861,2.7468,4.62975,3.56918,4.86813
2026-09-06T07:16:44.676779+00:00,7.719954956,111573,2642565579,2642582019,15,True,15,1.2322,1.77589,0.863142938394331,2.76173,4.59647,3.56603,4.87337
2026-09-06T07:16:44.698988+00:00,7.742163237,111574,2642587844,2642604020,15,True,15,1.20195,1.75396,0.8911245053863123,2.71653,4.61267,3.57219,4.88956
2026-09-06T07:16:44.720976+00:00,7.764151385,111575,2642610098,2642626019,15,True,15,1.21035,1.75467,0.8828135315002822,2.70978,4.60609,3.57457,4.8704
2026-09-06T07:16:44.744006+00:00,7.787181543,111576,2642632351,2642649019,15,True,15,1.20987,1.75589,0.8833957827610452,2.69722,4.60003,3.56455,4.86203
2026-09-06T07:16:44.765978+00:00,7.809153403,111577,2642654611,2642671019,15,True,15,1.19546,1.74967,0.8972489735296441,2.71667,4.6172,3.57437,4.90263
2026-09-06T07:16:44.787995+00:00,7.831170928,111578,2642676867,2642693019,15,True,15,1.20912,1.76113,0.8846081908393115,2.71122,4.60593,3.56448,4.86871
2026-09-06T07:16:44.809994+00:00,7.853169892,111579,2642699130,2642715019,15,True,15,1.20985,1.74132,0.882283494631969,2.71133,4.60706,3.59189,4.88453
2026-09-06T07:16:44.832979+00:00,7.876154768,111580,2642721387,2642738019,15,True,15,1.19885,1.75547,0.8943400043607576,2.70811,4.62283,3.57909,4.87553
2026-09-06T07:16:44.872048+00:00,7.915221986,111581,2642760798,2642777019,15,True,15,1.22705,1.73761,0.8648708658522379,2.7125,4.57196,3.57558,4.88703
2026-09-06T07:16:44.894980+00:00,7.938155469,111582,2642783064,2642800020,15,True,15,1.22383,1.73454,0.867885407470364,2.72275,4.59037,3.59847,4.89057
2026-09-06T07:16:44.916984+00:00,7.96015933,111583,2642805322,2642822019,15,True,15,1.21636,1.76241,0.8775182378161719,2.72515,4.59317,3.55657,4.88023
2026-09-06T07:16:44.938988+00:00,7.982162614,111584,2642827575,2642844019,15,True,15,1.25519,1.77756,0.8404913382658977,2.76678,4.57848,3.57301,4.84724
2026-09-06T07:16:44.960978+00:00,8.004153579,111585,2642849829,2642866019,15,True,15,1.22773,1.75921,0.8659005583783855,2.75665,4.60305,3.58921,4.88597
2026-09-06T07:16:44.984011+00:00,8.027186392,111586,2642872314,2642889019,15,True,15,1.25619,1.76198,0.8378304342168527,2.76797,4.57265,3.58653,4.86649
2026-09-06T07:16:45.012003+00:00,8.05517891,111587,2642900570,2642917019,15,True,15,1.21589,1.74065,0.876211569542425,2.72359,4.6085,3.60295,4.88509
2026-09-06T07:16:45.033998+00:00,8.077174067,111588,2642922832,2642939019,15,True,15,1.23069,1.74732,0.8619429554790733,2.72504,4.58493,3.58505,4.87241
2026-09-06T07:16:45.055995+00:00,8.099170887,111589,2642945086,2642961019,15,True,15,1.20213,1.7472,0.8904094434023035,2.70634,4.60803,3.57497,4.88848
2026-09-06T07:16:45.078999+00:00,8.12217442,111590,2642967339,2642984019,15,True,15,1.2219,1.73624,0.8699198512506768,2.709,4.59488,3.59942,4.87341
2026-09-06T07:16:45.100990+00:00,8.144165545,111591,2642989593,2643006019,15,True,15,1.22629,1.75355,0.8668359513771908,2.73567,4.59606,3.58535,4.87712
2026-09-06T07:16:45.123039+00:00,8.166212255,111592,2643011851,2643028019,15,True,15,1.20408,1.76721,0.8902021290134055,2.71006,4.61695,3.564,4.8617
2026-09-06T07:16:45.145002+00:00,8.188178354,111593,2643034111,2643050019,15,True,15,1.21572,1.73617,0.8760825231106941,2.6995,4.57327,3.56322,4.89591
2026-09-06T07:16:45.167992+00:00,8.211167871,111594,2643056368,2643073019,15,True,15,1.222,1.75109,0.8709063027099987,2.73448,4.59851,3.5856,4.88453
2026-09-06T07:16:45.189992+00:00,8.233167636,111595,2643078628,2643095019,15,True,15,1.21995,1.74981,0.872846171212316,2.69962,4.59506,3.57992,4.85427
2026-09-06T07:16:45.212004+00:00,8.255179241,111596,2643100883,2643117019,15,True,15,1.22121,1.74008,0.8708648979606423,2.72441,4.5845,3.58037,4.89818
2026-09-06T07:16:45.234999+00:00,8.278174518,111597,2643123142,2643140019,15,True,15,1.22344,1.73571,0.8683489147226474,2.72173,4.58949,3.59533,4.89
2026-09-06T07:16:45.256988+00:00,8.30016401,111598,2643145401,2643162019,15,True,15,1.22526,1.75151,0.8676917354106812,2.71285,4.58163,3.56796,4.86918
2026-09-06T07:16:45.279013+00:00,8.322188767,111599,2643167658,2643184019,15,True,15,1.23209,1.76083,0.8617093808239527,2.74226,4.58357,3.56827,4.87765
2026-09-06T07:16:45.300992+00:00,8.344167316,111600,2643189912,2643206019,15,True,15,1.23693,1.77582,0.8584345620372001,2.76035,4.60326,3.58147,4.85572
2026-09-06T07:16:45.323004+00:00,8.366180041,111601,2643212164,2643228019,15,True,15,1.23325,1.78081,0.8626605465651016,2.74389,4.61032,3.57914,4.83328
2026-09-06T07:16:45.372776+00:00,8.415951614,111602,2643261809,2643278019,15,True,15,1.225,1.75062,0.8678779778286805,2.71424,4.58253,3.56986,4.87125
2026-09-06T07:16:45.395018+00:00,8.438193401,111603,2643284075,2643300019,15,True,15,1.22648,1.76585,0.8677770525313514,2.73036,4.58963,3.56186,4.86548
2026-09-06T07:16:45.418002+00:00,8.461177573,111604,2643306330,2643323019,15,True,15,1.2154,1.7554,0.8778441319505415,2.71435,4.61253,3.58899,4.85833
2026-09-06T07:16:45.440012+00:00,8.483187962,111605,2643328583,2643345019,15,True,15,1.21241,1.74968,0.8803519242325764,2.71272,4.5954,3.56997,4.88413
2026-09-06T07:16:45.462072+00:00,8.505245776,111606,2643350839,2643367019,15,True,15,1.21653,1.75444,0.8766362726353502,2.70784,4.59727,3.57214,4.86408
2026-09-06T07:16:45.483999+00:00,8.527174403,111607,2643373102,2643389019,15,True,15,1.22813,1.74643,0.8644263079060006,2.7274,4.57845,3.5743,4.88722
2026-09-06T07:16:45.507007+00:00,8.550183056,111608,2643395357,2643412019,15,True,15,1.22341,1.743,0.8688769925023907,2.72044,4.58171,3.57619,4.8892
2026-09-06T07:16:45.528977+00:00,8.572152836,111609,2643417618,2643434019,15,True,15,1.21863,1.74355,0.873684313353513,2.70313,4.5974,3.58893,4.86449
2026-09-06T07:16:45.551010+00:00,8.594185146,111610,2643439872,2643456019,15,True,15,1.21905,1.74789,0.8735919840520515,2.71129,4.58261,3.56508,4.88261
2026-09-06T07:16:45.574029+00:00,8.617204807,111611,2643462128,2643479019,15,True,15,1.23045,1.73512,0.861315515302029,2.70741,4.56798,3.57839,4.88043
2026-09-06T07:16:45.595998+00:00,8.639173307,111612,2643484391,2643501019,15,True,15,1.22418,1.7675,0.8702301548441077,2.7251,4.6018,3.57223,4.85127
2026-09-06T07:16:45.618028+00:00,8.661203057,111613,2643506647,2643523019,15,True,15,1.25967,1.76381,0.8345489949667423,2.74605,4.56368,3.57765,4.84114
2026-09-06T07:16:45.640057+00:00,8.68322919,111614,2643528902,2643545019,15,True,15,1.25595,1.74754,0.8367801707139098,2.75483,4.56191,3.59065,4.87547
2026-09-06T07:16:45.662004+00:00,8.705180281,111615,2643551154,2643567020,15,True,15,1.23571,1.75411,0.857498510902497,2.73583,4.57894,3.57586,4.87357
2026-09-06T07:16:45.690056+00:00,8.733227233,111616,2643578584,2643595019,15,True,15,1.22453,1.74364,0.8678066434984235,2.70269,4.58454,3.58059,4.8639
2026-09-06T07:16:45.712016+00:00,8.755191541,111617,2643600848,2643617020,15,True,15,1.20765,1.73108,0.8838272958559268,2.68936,4.58665,3.5755,4.89339
2026-09-06T07:16:45.734017+00:00,8.777192937,111618,2643623103,2643639019,15,True,15,1.20885,1.76007,0.8847804967335118,2.71538,4.61223,3.5736,4.8689
2026-09-06T07:16:45.757001+00:00,8.80017695,111619,2643645358,2643662019,15,True,15,1.21964,1.75335,0.8734453343512687,2.70282,4.59074,3.56947,4.85929
2026-09-06T07:16:45.779014+00:00,8.822189963,111620,2643667618,2643684019,15,True,15,1.21117,1.74491,0.8812238518106507,2.7095,4.60017,3.58037,4.883
2026-09-06T07:16:45.801005+00:00,8.844180287,111621,2643689874,2643706019,15,True,15,1.22275,1.75183,0.8702195765437593,2.72119,4.58511,3.56851,4.88007
2026-09-06T07:16:45.823087+00:00,8.866259478,111622,2643712137,2643728019,15,True,15,1.23543,1.72564,0.8557878793836705,2.68881,4.56357,3.59162,4.86249
2026-09-06T07:16:45.846020+00:00,8.889195297,111623,2643734392,2643751019,15,True,15,1.23849,1.75372,0.8546952196543511,2.72215,4.5741,3.57406,4.85741
2026-09-06T07:16:45.885030+00:00,8.928205842,111624,2643774073,2643790019,15,True,15,1.2284,1.74745,0.8642361150171867,2.7131,4.58927,3.58725,4.85957
2026-09-06T07:16:45.908020+00:00,8.951195295,111625,2643796339,2643813020,15,True,15,1.23381,1.73875,0.8582032851253831,2.71698,4.57767,3.59088,4.87176
2026-09-06T07:16:45.930034+00:00,8.973209812,111626,2643818596,2643835019,15,True,15,1.2232,1.76359,0.870821180323492,2.73126,4.60112,3.57491,4.86446
2026-09-06T07:16:45.952008+00:00,8.99518372,111627,2643840850,2643857019,15,True,15,1.25021,1.76396,0.8439766144272006,2.75686,4.57398,3.5774,4.86305
2026-09-06T07:16:45.974018+00:00,9.017193693,111628,2643863103,2643879019,15,True,15,1.25366,1.78207,0.8425454768141597,2.79076,4.58738,3.57659,4.86527
2026-09-06T07:16:45.997012+00:00,9.040187594,111629,2643885357,2643902019,15,True,15,1.24517,1.75581,0.848224548689791,2.75348,4.57456,3.58134,4.87658
2026-09-06T07:16:46.025033+00:00,9.068208496,111630,2643913580,2643930019,15,True,15,1.22797,1.74197,0.864254593161066,2.71974,4.58912,3.59333,4.87307
2026-09-06T07:16:46.047033+00:00,9.090208613,111631,2643935841,2643952019,15,True,15,1.21972,1.73261,0.871868734672829,2.71105,4.57959,3.58138,4.89786
2026-09-06T07:16:46.069006+00:00,9.112181338,111632,2643958095,2643974019,15,True,15,1.224,1.73612,0.8678164865914912,2.71849,4.5831,3.58745,4.89085
2026-09-06T07:16:46.091994+00:00,9.135169862,111633,2643980348,2643997020,15,True,15,1.25259,1.71205,0.8380230966984141,2.70745,4.53857,3.60084,4.88382
2026-09-06T07:16:46.114011+00:00,9.157186492,111634,2644002601,2644019019,15,True,15,1.20247,1.74889,0.8901996028981365,2.71517,4.63222,3.60447,4.87312
2026-09-06T07:16:46.136012+00:00,9.179187313,111635,2644024859,2644041020,15,True,15,1.19439,1.72206,0.8965970754469366,2.68713,4.60598,3.59311,4.90815
2026-09-06T07:16:46.167991+00:00,9.211166135,111636,2644047119,2644073019,15,True,15,1.23031,1.72215,0.8607226722934628,2.70776,4.57694,3.60585,4.88467
2026-09-06T07:16:46.185030+00:00,9.228206324,111637,2644073695,2644090019,15,True,15,1.25138,1.73248,0.8402604684263087,2.72132,4.55302,3.59186,4.86941
2026-09-06T07:16:46.207060+00:00,9.25023361,111638,2644095949,2644112019,15,True,15,1.23928,1.74186,0.8529661060089081,2.73182,4.56892,3.58344,4.88244
2026-09-06T07:16:46.229016+00:00,9.272191198,111639,2644118201,2644134019,15,True,15,1.22574,1.7326,0.8658591730760838,2.7082,4.58922,3.60206,4.87336
2026-09-06T07:16:46.252023+00:00,9.295199147,111640,2644140459,2644157019,15,True,15,1.23458,1.73525,0.8572023908622746,2.7064,4.56697,3.58271,4.87166
2026-09-06T07:16:46.274028+00:00,9.317203712,111641,2644162720,2644179019,15,True,15,1.23551,1.74718,0.8571267773789357,2.71974,4.58314,3.58965,4.8584
2026-09-06T07:16:46.296010+00:00,9.33918578,111642,2644184976,2644201019,15,True,15,1.25586,1.74928,0.8370121014656836,2.74348,4.56126,3.5875,4.86186
2026-09-06T07:16:46.319016+00:00,9.36219117,111643,2644207231,2644224019,15,True,15,1.25601,1.75093,0.8370008273592086,2.73893,4.57196,3.59924,4.8448
2026-09-06T07:16:46.340993+00:00,9.384168278,111644,2644229483,2644246019,15,True,15,1.22379,1.77016,0.8708895393217213,2.7465,4.61998,3.59175,4.85645
2026-09-06T07:16:46.392012+00:00,9.435187306,111645,2644280080,2644297019,15,True,15,1.21907,1.74217,0.8731461354206406,2.70933,4.58925,3.58083,4.87943
2026-09-06T07:16:46.414023+00:00,9.457198815,111646,2644302346,2644319019,15,True,15,1.21974,1.73988,0.8723176497125343,2.7166,4.59437,3.59121,4.88343
2026-09-06T07:16:46.436033+00:00,9.479208372,111647,2644324600,2644341019,15,True,15,1.22363,1.745,0.8688049130270844,2.72409,4.59439,3.59022,4.87907
2026-09-06T07:16:46.458001+00:00,9.501176456,111648,2644346855,2644363019,15,True,15,1.24685,1.74515,0.8456633165746281,2.74701,4.57019,3.59149,4.87977
2026-09-06T07:16:46.481022+00:00,9.524197174,111649,2644369112,2644386020,15,True,15,1.20125,1.75533,0.8919367530268051,2.70724,4.61526,3.57282,4.87696
2026-09-06T07:16:46.503032+00:00,9.546208011,111650,2644391375,2644408019,15,True,15,1.20765,1.74221,0.8845403363329453,2.71356,4.60598,3.58631,4.8917
2026-09-06T07:16:46.525008+00:00,9.568183808,111651,2644413636,2644430019,15,True,15,1.23596,1.75727,0.8575284103165328,2.72993,4.58276,3.57713,4.85991
2026-09-06T07:16:46.547046+00:00,9.590221301,111652,2644435890,2644452019,15,True,15,1.20324,1.7157,0.8874783307777152,2.69234,4.59621,3.60086,4.91082
2026-09-06T07:16:46.569028+00:00,9.612204106,111653,2644458143,2644474020,15,True,15,1.23317,1.73217,0.8584167739507422,2.70224,4.5765,3.59673,4.86384
2026-09-06T07:16:46.592019+00:00,9.635194807,111654,2644480400,2644497019,15,True,15,1.2299,1.73704,0.8619893106065758,2.72041,4.57928,3.58963,4.88365
2026-09-06T07:16:46.614423+00:00,9.657598614,111655,2644502665,2644519019,15,True,15,1.22408,1.73321,0.8675533127710364,2.70308,4.58847,3.59804,4.87122
2026-09-06T07:16:46.636015+00:00,9.679190849,111656,2644524921,2644541019,15,True,15,1.25837,1.76292,0.8357536618525819,2.77537,4.58189,3.60016,4.86085
2026-09-06T07:16:46.658032+00:00,9.70120735,111657,2644547175,2644563019,15,True,15,1.26637,1.77149,0.8286958410659485,2.77231,4.57821,3.59588,4.83637
2026-09-06T07:16:46.681022+00:00,9.724197667,111658,2644569427,2644586019,15,True,15,1.24251,1.77086,0.8523466663863946,2.76954,4.59042,3.57902,4.87143
2026-09-06T07:16:46.709043+00:00,9.752218218,111659,2644597581,2644614019,15,True,15,1.24529,1.7266,0.8459944113881602,2.71877,4.55755,3.59649,4.88027
2026-09-06T07:16:46.731036+00:00,9.77421155,111660,2644619847,2644636019,15,True,15,1.22142,1.74204,0.8707928444813955,2.71049,4.58854,3.58337,4.87668
2026-09-06T07:16:46.753062+00:00,9.796225524,111661,2644642100,2644658019,15,True,15,1.22817,1.73298,0.863456906452198,2.71858,4.57654,3.58882,4.89146
2026-09-06T07:16:46.776038+00:00,9.819213185,111662,2644664354,2644681019,15,True,15,1.21556,1.7319,0.8759788374156078,2.71594,4.58808,3.58733,4.90448
2026-09-06T07:16:46.798043+00:00,9.841218806,111663,2644686613,2644703019,15,True,15,1.22192,1.73514,0.8698294694938773,2.69775,4.58764,3.59157,4.86873
2026-09-06T07:16:46.820054+00:00,9.863229547,111664,2644708870,2644725019,15,True,15,1.21646,1.74113,0.8756763149132216,2.72568,4.59209,3.58213,4.90122
2026-09-06T07:16:46.842045+00:00,9.8852208,111665,2644731132,2644747019,15,True,15,1.23109,1.75291,0.8619989885144876,2.71475,4.58209,3.57493,4.8576
2026-09-06T07:16:46.865029+00:00,9.908204876,111666,2644753388,2644770020,15,True,15,1.22309,1.71789,0.8677376332740212,2.69285,4.58029,3.6054,4.88375
2026-09-06T07:16:46.906053+00:00,9.949228878,111667,2644794946,2644811019,15,True,15,1.22412,1.70913,0.8663698582591615,2.6901,4.56587,3.59947,4.90016
2026-09-06T07:16:46.929074+00:00,9.972249884,111668,2644817212,2644834019,15,True,15,1.22818,1.72115,0.862801851469965,2.71976,4.56965,3.59488,4.91004
2026-09-06T07:16:46.951053+00:00,9.994228464,111669,2644839470,2644856019,15,True,15,1.22257,1.76101,0.871204582747359,2.71684,4.60286,3.57951,4.85034
2026-09-06T07:16:46.973097+00:00,10.016270726,111670,2644861723,2644878019,15,True,15,1.22854,1.75907,0.8650811502396754,2.73978,4.60969,3.59903,4.85913
2026-09-06T07:16:46.995055+00:00,10.038230874,111671,2644883976,2644900019,15,True,15,1.26936,1.76136,0.8246632398743136,2.7555,4.54995,3.57679,4.84707
2026-09-06T07:16:47.018032+00:00,10.061207367,111672,2644906229,2644923019,15,True,15,1.25003,1.76444,0.8442035977772185,2.75382,4.57145,3.57331,4.86193
2026-09-06T07:16:47.046056+00:00,10.089231662,111673,2644934572,2644951019,15,True,15,1.21948,1.72269,0.8715661228501255,2.70925,4.58303,3.59788,4.90226
2026-09-06T07:16:47.068031+00:00,10.111206466,111674,2644956834,2644973020,15,True,15,1.22661,1.73141,0.8649192333391597,2.71577,4.58701,3.60195,4.88317
2026-09-06T07:16:47.090031+00:00,10.133206679,111675,2644979089,2644995020,15,True,15,1.23243,1.72703,0.8588586180507243,2.71952,4.57077,3.59485,4.89468
2026-09-06T07:16:47.113048+00:00,10.156223333,111676,2645001342,2645018019,15,True,15,1.23023,1.73061,0.8612582800763078,2.71321,4.57037,3.58679,4.88924
2026-09-06T07:16:47.135038+00:00,10.178213274,111677,2645023594,2645040019,15,True,15,1.22309,1.73684,0.8687713932329952,2.71705,4.59464,3.60001,4.87961
2026-09-06T07:16:47.157058+00:00,10.200234224,111678,2645045852,2645062019,15,True,15,1.21834,1.72969,0.8730751695587269,2.70382,4.59526,3.60315,4.88065
2026-09-06T07:16:47.179035+00:00,10.22221018,111679,2645068112,2645084019,15,True,15,1.20513,1.75567,0.8880995810155524,2.72845,4.62814,3.59444,4.88012
2026-09-06T07:16:47.202032+00:00,10.245207346,111680,2645090369,2645107019,15,True,15,1.2231,1.73825,0.868854805188991,2.71276,4.5787,3.57788,4.8885
2026-09-06T07:16:47.224046+00:00,10.267222151,111681,2645112629,2645129019,15,True,15,1.23698,1.72805,0.8543722390738125,2.70643,4.57435,3.60445,4.86649
2026-09-06T07:16:47.246046+00:00,10.28922198,111682,2645134883,2645151019,15,True,15,1.22368,1.7183,0.8671662080593314,2.69823,4.56698,3.58878,4.90053
2026-09-06T07:16:47.278036+00:00,10.321212259,111683,2645157142,2645183019,15,True,15,1.21828,1.73534,0.8734748273419216,2.71498,4.59399,3.59438,4.88914
2026-09-06T07:16:47.295091+00:00,10.338264417,111684,2645183817,2645200019,15,True,15,1.25707,1.76606,0.8373641433092296,2.78132,4.56356,3.57103,4.88461
2026-09-06T07:16:47.317037+00:00,10.360213109,111685,2645206074,2645222019,15,True,15,1.24003,1.74072,0.8521360920064353,2.72222,4.57496,3.59361,4.86556
2026-09-06T07:16:47.340052+00:00,10.383227874,111686,2645228328,2645245019,15,True,15,1.23511,1.76443,0.859049088818561,2.74374,4.59863,3.58728,4.85559
2026-09-06T07:16:47.362048+00:00,10.405223383,111687,2645250581,2645267019,15,True,15,1.26168,1.77233,0.8334499692842996,2.7608,4.57675,3.58643,4.83351
2026-09-06T07:16:47.414053+00:00,10.457228836,111688,2645302685,2645319020,15,True,15,1.23146,1.74928,0.8613307436751574,2.72056,4.58212,3.58008,4.86665
2026-09-06T07:16:47.436044+00:00,10.479219352,111689,2645324950,2645341019,15,True,15,1.19149,1.75707,0.9018092952503871,2.72113,4.62239,3.5662,4.904
2026-09-06T07:16:47.459043+00:00,10.502218502,111690,2645347206,2645364019,15,True,15,1.20742,1.75765,0.8859892656798951,2.74143,4.61316,3.57582,4.90228
2026-09-06T07:16:47.481062+00:00,10.524237883,111691,2645369460,2645386019,15,True,15,1.21392,1.73676,0.8779167750988698,2.68351,4.58597,3.57624,4.86952
2026-09-06T07:16:47.503075+00:00,10.546250193,111692,2645391717,2645408019,15,True,15,1.18351,1.74541,0.9088468452935289,2.6925,4.62501,3.57311,4.89688
2026-09-06T07:16:47.525046+00:00,10.568222021,111693,2645413982,2645430019,15,True,15,1.2276,1.75215,0.8654128393431656,2.71161,4.58308,3.5723,4.86103
2026-09-06T07:16:47.548050+00:00,10.591225235,111694,2645436239,2645453019,15,True,15,1.23095,1.73127,0.8605785933893544,2.71422,4.57407,3.59168,4.88482
2026-09-06T07:16:47.570062+00:00,10.613237864,111695,2645458493,2645475019,15,True,15,1.22501,1.76516,0.8691719770563245,2.73782,4.59675,3.56985,4.87079
2026-09-06T07:16:47.592056+00:00,10.635231037,111696,2645480746,2645497019,15,True,15,1.21934,1.73941,0.8726845843144014,2.70326,4.57615,3.56789,4.88699
2026-09-06T07:16:47.614064+00:00,10.657239698,111697,2645503003,2645519019,15,True,15,1.21157,1.7763,0.8836927944144388,2.73213,4.61882,3.56546,4.86081
2026-09-06T07:16:47.637049+00:00,10.680224607,111698,2645525266,2645542019,15,True,15,1.2436,1.76736,0.8508964270697108,2.74523,4.56938,3.55795,4.86468
2026-09-06T07:16:47.659078+00:00,10.702254037,111699,2645547523,2645564019,15,True,15,1.21954,1.76611,0.8747088336698102,2.73069,4.59063,3.55306,4.8789
2026-09-06T07:16:47.681047+00:00,10.724222986,111700,2645569778,2645586019,15,True,15,1.21677,1.77295,0.8781630460227758,2.74071,4.61423,3.57104,4.86722
2026-09-06T07:16:47.703063+00:00,10.746238303,111701,2645592031,2645608020,15,True,15,1.23535,1.78574,0.8611664009353824,2.76298,4.59657,3.55814,4.85912
2026-09-06T07:16:47.731089+00:00,10.774262118,111702,2645619584,2645636019,15,True,15,1.22522,1.74948,0.8675666653347164,2.71563,4.59097,3.58244,4.86543
2026-09-06T07:16:47.753064+00:00,10.796239899,111703,2645641848,2645658019,15,True,15,1.2223,1.74148,0.8698753246299149,2.73232,4.59497,3.59353,4.89368
2026-09-06T07:16:47.785086+00:00,10.828261315,111704,2645664103,2645690019,15,True,15,1.21369,1.75073,0.8791597971927515,2.70547,4.60612,3.58423,4.86235
2026-09-06T07:16:47.802039+00:00,10.845214398,111705,2645690690,2645707019,15,True,15,1.21821,1.74148,0.8739551444439239,2.72143,4.58845,3.57946,4.89602
2026-09-06T07:16:47.824031+00:00,10.867206738,111706,2645712943,2645729019,15,True,15,1.19723,1.75356,0.8957953708855609,2.71481,4.61757,3.57242,4.89305
2026-09-06T07:16:47.847075+00:00,10.890250177,111707,2645735199,2645752019,15,True,15,1.2048,1.74063,0.8872739356591061,2.70669,4.6032,3.58076,4.894
2026-09-06T07:16:47.869071+00:00,10.91224687,111708,2645757464,2645774019,15,True,15,1.22902,1.74829,0.8636840188981152,2.71703,4.58394,3.58024,4.86694
2026-09-06T07:16:47.891058+00:00,10.934233899,111709,2645779720,2645796020,15,True,15,1.22428,1.73742,0.8676221382606599,2.72708,4.59086,3.5961,4.89138
2026-09-06T07:16:47.930081+00:00,10.973256604,111710,2645819069,2645835019,15,True,15,1.20697,1.73452,0.8847114847790774,2.69683,4.59558,3.58168,4.89146
2026-09-06T07:16:47.953061+00:00,10.996237225,111711,2645841335,2645858019,15,True,15,1.22923,1.74274,0.8630534748785846,2.71305,4.57422,3.57507,4.87632
2026-09-06T07:16:47.975085+00:00,11.018260895,111712,2645863592,2645880020,15,True,15,1.21892,1.76273,0.8749997824571156,2.73937,4.61004,3.58148,4.87473
2026-09-06T07:16:47.997042+00:00,11.040217267,111713,2645885847,2645902019,15,True,15,1.24505,1.78514,0.851466336445546,2.77408,4.60391,3.58194,4.84538
2026-09-06T07:16:48.019089+00:00,11.062263017,111714,2645908100,2645924019,15,True,15,1.24757,1.76909,0.8471276958050655,2.78051,4.59698,3.59667,4.86899
2026-09-06T07:16:48.042059+00:00,11.08523455,111715,2645930354,2645947019,15,True,15,1.25151,1.74802,0.8412444356428159,2.76232,4.56206,3.58403,4.89245
2026-09-06T07:16:48.070060+00:00,11.113236125,111716,2645958585,2645975019,15,True,15,1.19689,1.75792,0.8965026483508008,2.73607,4.63234,3.58557,4.89943
2026-09-06T07:16:48.092058+00:00,11.135234162,111717,2645980847,2645997019,15,True,15,1.22549,1.73677,0.8663719599571537,2.70573,4.5824,3.5878,4.87368
2026-09-06T07:16:48.114061+00:00,11.157236392,111718,2646003102,2646019019,15,True,15,1.22886,1.74761,0.8637900275529926,2.71479,4.57915,3.57473,4.8699
2026-09-06T07:16:48.137053+00:00,11.180228437,111719,2646025357,2646042019,15,True,15,1.23196,1.75058,0.8609379640833594,2.72904,4.58862,3.58746,4.8678
2026-09-06T07:16:48.159064+00:00,11.202239243,111720,2646047618,2646064020,15,True,15,1.21903,1.73949,0.872999313287244,2.6969,4.57166,3.5616,4.8847
2026-09-06T07:16:48.181075+00:00,11.224250368,111721,2646069877,2646086019,15,True,15,1.22129,1.75102,0.8716082287931888,2.70202,4.58418,3.56628,4.86334
2026-09-06T07:16:48.203072+00:00,11.246246934,111722,2646092137,2646108019,15,True,15,1.21148,1.74903,0.88122785436004,2.71785,4.60254,3.57868,4.88562
2026-09-06T07:16:48.226061+00:00,11.269236963,111723,2646114393,2646131019,15,True,15,1.22529,1.74821,0.8673960964864897,2.73164,4.5856,3.57725,4.88942
2026-09-06T07:16:48.248069+00:00,11.291244792,111724,2646136647,2646153020,15,True,15,1.20195,1.76365,0.8919810115691923,2.70866,4.60656,3.55205,4.87764
2026-09-06T07:16:48.270067+00:00,11.313242734,111725,2646158901,2646175019,15,True,15,1.23133,1.76852,0.863220689800702,2.75423,4.60488,3.58491,4.86553
2026-09-06T07:16:48.293092+00:00,11.336267484,111726,2646181159,2646198019,15,True,15,1.22216,1.75341,0.8709393168872329,2.71506,4.59329,3.57621,4.86526
2026-09-06T07:16:48.315099+00:00,11.358274609,111727,2646203419,2646220019,15,True,15,1.2278,1.76287,0.8661733526840916,2.72268,4.59132,3.56963,4.85531
2026-09-06T07:16:48.337054+00:00,11.38023015,111728,2646225675,2646242019,15,True,15,1.2339,1.74965,0.8589285956934952,2.72669,4.59094,3.59429,4.85984
2026-09-06T07:16:48.359073+00:00,11.402248571,111729,2646247929,2646264019,15,True,15,1.23534,1.75832,0.858241072193588,2.74832,4.58204,3.57401,4.88158
2026-09-06T07:16:48.381082+00:00,11.424258097,111730,2646270181,2646286019,15,True,15,1.23732,1.75488,0.8559615626884187,2.73265,4.59398,3.59639,4.85177
2026-09-06T07:16:48.432067+00:00,11.475242405,111731,2646320097,2646337019,15,True,15,1.2159,1.74789,0.8767324917556094,2.72114,4.60324,3.58718,4.88061
2026-09-06T07:16:48.454081+00:00,11.497256859,111732,2646342363,2646359019,15,True,15,1.22024,1.75064,0.872623897907913,2.72845,4.59019,3.57303,4.88963
2026-09-06T07:16:48.476068+00:00,11.519243536,111733,2646364625,2646381019,15,True,15,1.19591,1.75585,0.897301594002819,2.70969,4.61613,3.56583,4.8893
2026-09-06T07:16:48.498130+00:00,11.541303622,111734,2646386880,2646403019,15,True,15,1.23167,1.73903,0.8603574430432968,2.70798,4.57348,3.5822,4.86979
2026-09-06T07:16:48.521083+00:00,11.564258707,111735,2646409136,2646426019,15,True,15,1.21435,1.7572,0.879046507586487,2.71106,4.59976,3.56883,4.86725
2026-09-06T07:16:48.543076+00:00,11.586251176,111736,2646431399,2646448019,15,True,15,1.21229,1.74858,0.8803851773513679,2.71942,4.59394,3.56931,4.89421
2026-09-06T07:16:48.565076+00:00,11.608251709,111737,2646453654,2646470019,15,True,15,1.22902,1.7443,0.863377698576932,2.72335,4.5879,3.59031,4.87393
2026-09-06T07:16:48.587068+00:00,11.630243346,111738,2646475909,2646492020,15,True,15,1.2098,1.73604,0.8819821549215153,2.71369,4.60229,3.59232,4.8966
2026-09-06T07:16:48.609089+00:00,11.65226436,111739,2646498162,2646514019,15,True,15,1.22661,1.7467,0.8659625754615495,2.71991,4.59624,3.59461,4.86497
2026-09-06T07:16:48.632090+00:00,11.675265782,111740,2646520419,2646537019,15,True,15,1.23252,1.74308,0.8597970904812365,2.72602,4.582,3.58919,4.87642
2026-09-06T07:16:48.654074+00:00,11.697250091,111741,2646542682,2646559019,15,True,15,1.2112,1.76923,0.8833184210124907,2.7193,4.60743,3.55912,4.86453
2026-09-06T07:16:48.676081+00:00,11.71925616,111742,2646564938,2646581019,15,True,15,1.23664,1.75122,0.8563267939285795,2.72559,4.57808,3.57969,4.86366
2026-09-06T07:16:48.698075+00:00,11.741250774,111743,2646587191,2646603019,15,True,15,1.22763,1.77433,0.8675137842132538,2.75699,4.61012,3.57918,4.86593
2026-09-06T07:16:48.721083+00:00,11.764258435,111744,2646609443,2646626019,15,True,15,1.21731,1.76742,0.877057633511048,2.72996,4.61763,3.58314,4.85592
2026-09-06T07:16:48.749074+00:00,11.792249322,111745,2646637580,2646654019,15,True,15,1.21976,1.76127,0.8740265845499208,2.73206,4.59858,3.56974,4.87696
2026-09-06T07:16:48.771073+00:00,11.814249023,111746,2646659845,2646676019,15,True,15,1.21952,1.75278,0.8735172344035348,2.73551,4.58884,3.56756,4.89829
2026-09-06T07:16:48.793097+00:00,11.836272597,111747,2646682100,2646698019,15,True,15,1.2131,1.75157,0.8798158187370807,2.70175,4.59782,3.57167,4.86651
2026-09-06T07:16:48.816086+00:00,11.85926141,111748,2646704355,2646721019,15,True,15,1.21129,1.74785,0.8813256416331025,2.71667,4.59242,3.56688,4.89529
2026-09-06T07:16:48.838086+00:00,11.881261304,111749,2646726613,2646743019,15,True,15,1.22182,1.74412,0.870544592080153,2.70995,4.59007,3.58327,4.87191
2026-09-06T07:16:48.860086+00:00,11.903261421,111750,2646748870,2646765019,15,True,15,1.21247,1.74971,0.8802944876573975,2.7108,4.5931,3.56706,4.88399
2026-09-06T07:16:48.882090+00:00,11.925265218,111751,2646771133,2646787019,15,True,15,1.24175,1.74208,0.8505186587606411,2.72642,4.5806,3.60147,4.86016
2026-09-06T07:16:48.905095+00:00,11.948270128,111752,2646793388,2646810019,15,True,15,1.23418,1.75588,0.8591773081267915,2.73184,4.59585,3.59315,4.85464
2026-09-06T07:16:48.943062+00:00,11.986238249,111753,2646831196,2646848019,15,True,15,1.23177,1.74032,0.8603471597558742,2.71163,4.57442,3.58192,4.87156
2026-09-06T07:16:48.965079+00:00,12.008254558,111754,2646853462,2646870019,15,True,15,1.23012,1.74733,0.8625119960325187,2.72223,4.59286,3.59437,4.86296
2026-09-06T07:16:48.987094+00:00,12.030269652,111755,2646875719,2646892020,15,True,15,1.22648,1.75803,0.8670383332356186,2.71913,4.60071,3.58596,4.84963
2026-09-06T07:16:49.009102+00:00,12.052277482,111756,2646897972,2646914019,15,True,15,1.25603,1.77298,0.83913720052206,2.77211,4.57777,3.57902,4.85653
2026-09-06T07:16:49.032126+00:00,12.075301592,111757,2646920226,2646937019,15,True,15,1.26897,1.77739,0.8267859898425952,2.79134,4.56251,3.57207,4.86218
2026-09-06T07:16:49.054101+00:00,12.097276461,111758,2646942479,2646959019,15,True,15,1.24244,1.76343,0.8516563382609207,2.74483,4.57468,3.56809,4.86526
2026-09-06T07:16:49.082090+00:00,12.125265844,111759,2646970583,2646987019,15,True,15,1.21123,1.76236,0.8826210299443356,2.71653,4.60672,3.56693,4.86839
2026-09-06T07:16:49.104099+00:00,12.147274473,111760,2646992845,2647009019,15,True,15,1.22752,1.72794,0.8638113185181124,2.69149,4.56459,3.57899,4.87862
2026-09-06T07:16:49.126104+00:00,12.169280031,111761,2647015098,2647031019,15,True,15,1.2258,1.73593,0.8660079704598566,2.70652,4.59066,3.59983,4.86694
2026-09-06T07:16:49.149068+00:00,12.192243884,111762,2647037353,2647054019,15,True,15,1.22748,1.73852,0.8645029443558881,2.70457,4.58083,3.58638,4.86816
2026-09-06T07:16:49.171103+00:00,12.214278018,111763,2647059611,2647076019,15,True,15,1.23932,1.71857,0.8515539368119907,2.7076,4.55718,3.59777,4.88781
2026-09-06T07:16:49.193128+00:00,12.23630252,111764,2647081869,2647098019,15,True,15,1.22076,1.73944,0.8712699301594194,2.69893,4.59717,3.59675,4.85944
2026-09-06T07:16:49.215094+00:00,12.258269709,111765,2647104129,2647120019,15,True,15,1.24141,1.74019,0.85072194294023,2.72347,4.56869,3.58822,4.8705
2026-09-06T07:16:49.238128+00:00,12.281303036,111766,2647126385,2647143019,15,True,15,1.21862,1.72561,0.8725728488212315,2.69403,4.58303,3.59304,4.88452
2026-09-06T07:16:49.260091+00:00,12.30326696,111767,2647148639,2647165020,15,True,15,1.22571,1.73687,0.8661589929106547,2.70337,4.58671,3.59349,4.86646
2026-09-06T07:16:49.282104+00:00,12.325279782,111768,2647170892,2647187019,15,True,15,1.20644,1.76454,0.8875952259898652,2.71573,4.61455,3.56758,4.86792
2026-09-06T07:16:49.305103+00:00,12.348279028,111769,2647193149,2647210019,15,True,15,1.23051,1.74516,0.8619564291192449,2.71131,4.58215,3.58396,4.86206
2026-09-06T07:16:49.327085+00:00,12.370260777,111770,2647215410,2647232019,15,True,15,1.22208,1.7686,0.8724305625091315,2.73445,4.59803,3.56305,4.86862
2026-09-06T07:16:49.349071+00:00,12.39224547,111771,2647237667,2647254019,15,True,15,1.25518,1.76602,0.839240056717981,2.74844,4.56576,3.57124,4.84912
2026-09-06T07:16:49.371098+00:00,12.414273684,111772,2647259921,2647276019,15,True,15,1.25705,1.77205,0.8380208261135279,2.77137,4.57278,3.57524,4.85914
2026-09-06T07:16:49.393108+00:00,12.436283082,111773,2647282174,2647298019,15,True,15,1.26042,1.78217,0.8358478840674298,2.78767,4.58343,3.58086,4.85143
2026-09-06T07:16:49.421100+00:00,12.464276241,111774,2647309598,2647326019,15,True,15,1.23618,1.73156,0.8553753714013513,2.70765,4.57871,3.60449,4.86216
2026-09-06T07:16:49.462073+00:00,12.505249395,111775,2647350787,2647367019,15,True,15,1.228,1.74814,0.8646889958823345,2.72108,4.5815,3.57587,4.87598
2026-09-06T07:16:49.484079+00:00,12.527253704,111776,2647373041,2647389019,15,True,15,1.23038,1.75313,0.8627250670404795,2.72222,4.57631,3.56628,4.87264
2026-09-06T07:16:49.507106+00:00,12.550281207,111777,2647395293,2647412019,15,True,15,1.23754,1.74826,0.8551885635343819,2.73778,4.58273,3.59061,4.87385
2026-09-06T07:16:49.529121+00:00,12.572296781,111778,2647417559,2647434019,15,True,15,1.21077,1.75316,0.8822685410349844,2.70776,4.60073,3.57014,4.87375
2026-09-06T07:16:49.551099+00:00,12.594274498,111779,2647439813,2647456020,15,True,15,1.22251,1.75402,0.870642211531235,2.71964,4.59881,3.58301,4.86389
2026-09-06T07:16:49.573116+00:00,12.616291544,111780,2647462069,2647478019,15,True,15,1.21352,1.74947,0.8792287934889302,2.7123,4.58458,3.55786,4.89175
2026-09-06T07:16:49.596074+00:00,12.6392497,111781,2647484322,2647501019,15,True,15,1.20671,1.74648,0.8857882447289532,2.70737,4.60224,3.57484,4.88636
2026-09-06T07:16:49.618100+00:00,12.661275994,111782,2647506575,2647523019,15,True,15,1.20557,1.75184,0.8873428934183221,2.70098,4.60768,3.57349,4.87154
2026-09-06T07:16:49.640111+00:00,12.683286736,111783,2647528840,2647545019,15,True,15,1.22362,1.74543,0.8688471610703461,2.72587,4.59374,3.58883,4.88129
2026-09-06T07:16:49.662106+00:00,12.705281958,111784,2647551094,2647567019,15,True,15,1.21515,1.76456,0.8789271392442037,2.72537,4.61683,3.58269,4.85861
2026-09-06T07:16:49.685098+00:00,12.728274099,111785,2647573350,2647590020,15,True,15,1.24655,1.78023,0.849384456768547,2.78854,4.60238,3.5882,4.86488
2026-09-06T07:16:49.707215+00:00,12.750390732,111786,2647595611,2647612020,15,True,15,1.26872,1.78053,0.8274098859090334,2.78916,4.56634,3.57265,4.85369
2026-09-06T07:16:49.729093+00:00,12.772268286,111787,2647617863,2647634020,15,True,15,1.2279,1.77282,0.867082442677742,2.73731,4.59961,3.56792,4.85448
2026-09-06T07:16:49.757128+00:00,12.80030343,111788,2647645578,2647662019,15,True,15,1.22243,1.75494,0.8708006135160907,2.7337,4.5823,3.56051,4.89447
2026-09-06T07:16:49.779077+00:00,12.82225289,111789,2647667838,2647684019,15,True,15,1.22835,1.75135,0.8645990660415958,2.70406,4.57247,3.56074,4.86181
2026-09-06T07:16:49.801126+00:00,12.844302161,111790,2647690093,2647706019,15,True,15,1.20746,1.74164,0.8846899689721817,2.71768,4.60595,3.58673,4.89723
2026-09-06T07:16:49.824110+00:00,12.867285726,111791,2647712346,2647729019,15,True,15,1.19834,1.75309,0.8946506042584444,2.71714,4.61658,3.5733,4.89472
2026-09-06T07:16:49.846086+00:00,12.889262067,111792,2647734600,2647751019,15,True,15,1.21737,1.75624,0.8759541394958983,2.71164,4.60702,3.5836,4.8557
2026-09-06T07:16:49.868123+00:00,12.911298698,111793,2647756859,2647773019,15,True,15,1.23995,1.75907,0.8537195484466779,2.76535,4.5912,3.59123,4.88206
2026-09-06T07:16:49.890117+00:00,12.933292575,111794,2647779120,2647795019,15,True,15,1.24084,1.74246,0.8514540253002506,2.73693,4.58423,3.60437,4.87006
2026-09-06T07:16:49.913075+00:00,12.956250892,111795,2647801376,2647818019,15,True,15,1.20686,1.74447,0.8854900566917732,2.72897,4.61757,3.59727,4.89745
2026-09-06T07:16:49.935104+00:00,12.978280162,111796,2647823636,2647840019,15,True,15,1.22639,1.74734,0.8662314400320503,2.71954,4.58858,3.58371,4.87163
2026-09-06T07:16:49.974101+00:00,13.017276372,111797,2647862797,2647879019,15,True,15,1.22138,1.73244,0.870201504250596,2.72001,4.58733,3.59381,4.89733
2026-09-06T07:16:49.997120+00:00,13.040295842,111798,2647885350,2647902020,15,True,15,1.2225,1.73171,0.8690398000667172,2.68994,4.57891,3.58553,4.87029
2026-09-06T07:16:50.019088+00:00,13.062263191,111799,2647907613,2647924019,15,True,15,1.23217,1.7623,0.8617688778901219,2.74557,4.59837,3.58552,4.86593
2026-09-06T07:16:50.041104+00:00,13.084279917,111800,2647929865,2647946019,15,True,15,1.24823,1.75819,0.8453936414475802,2.75415,4.58219,3.59235,4.86167
2026-09-06T07:16:50.063070+00:00,13.10624525,111801,2647952118,2647968019,15,True,15,1.22594,1.77921,0.8697369186713875,2.75964,4.60258,3.56094,4.87502
2026-09-06T07:16:50.086078+00:00,13.129253776,111802,2647974368,2647991019,15,True,15,1.26854,1.77503,0.8269384695973454,2.80633,4.56472,3.57727,4.88039
2026-09-06T07:16:50.114128+00:00,13.157303801,111803,2648002557,2648019019,15,True,15,1.21523,1.76778,0.8791631710325448,2.73308,4.60388,3.56202,4.87639
2026-09-06T07:16:50.136113+00:00,13.17928859,111804,2648024817,2648041020,15,True,15,1.22682,1.74461,0.8655946883501537,2.71531,4.57494,3.57025,4.88139
2026-09-06T07:16:50.158083+00:00,13.201258339,111805,2648047071,2648063019,15,True,15,1.22327,1.7424,0.8689733326748293,2.72222,4.59163,3.58946,4.88271
2026-09-06T07:16:50.181080+00:00,13.224255377,111806,2648069325,2648086019,15,True,15,1.22822,1.75119,0.8647154355624743,2.71347,4.57846,3.56845,4.86707
2026-09-06T07:16:50.203075+00:00,13.246250599,111807,2648091578,2648108019,15,True,15,1.20251,1.72674,0.8887199377194144,2.69401,4.59705,3.5871,4.90324
2026-09-06T07:16:50.225132+00:00,13.268306878,111808,2648113836,2648130019,15,True,15,1.24444,1.745,0.8480546642758353,2.73235,4.57576,3.59541,4.86313
2026-09-06T07:16:50.247118+00:00,13.290293363,111809,2648136096,2648152019,15,True,15,1.21419,1.73001,0.8772366591747062,2.71733,4.58972,3.58989,4.909
2026-09-06T07:16:50.270123+00:00,13.313298081,111810,2648158354,2648175019,15,True,15,1.21745,1.73846,0.8745061887145225,2.72072,4.60383,3.60189,4.88511
2026-09-06T07:16:50.292101+00:00,13.335276854,111811,2648180613,2648197019,15,True,15,1.21766,1.72564,0.8735331048105732,2.69498,4.57003,3.57504,4.89966
2026-09-06T07:16:50.314110+00:00,13.357285484,111812,2648202866,2648219019,15,True,15,1.19985,1.74268,0.8923540804523726,2.69309,4.60402,3.5723,4.88645
2026-09-06T07:16:50.337118+00:00,13.380294171,111813,2648225123,2648242019,15,True,15,1.23922,1.75251,0.8538643384636694,2.72878,4.57109,3.57274,4.8673
2026-09-06T07:16:50.359124+00:00,13.40229912,111814,2648247384,2648264019,15,True,15,1.2181,1.73553,0.8736665215630045,2.70608,4.57718,3.57236,4.89526
2026-09-06T07:16:50.381114+00:00,13.424289254,111815,2648269642,2648286019,15,True,15,1.21971,1.7691,0.8748391246966494,2.7383,4.60601,3.56939,4.86983
2026-09-06T07:16:50.403120+00:00,13.446295996,111816,2648291898,2648308020,15,True,15,1.23229,1.75745,0.8611997135391997,2.74203,4.57517,3.56203,4.88799
2026-09-06T07:16:50.425116+00:00,13.468292209,111817,2648314151,2648330019,15,True,15,1.24629,1.76344,0.847825924173117,2.75909,4.57776,3.5774,4.87056
2026-09-06T07:16:50.475136+00:00,13.518311503,111818,2648363813,2648380019,15,True,15,1.21192,1.73585,0.8798543680064329,2.70303,4.58011,3.56707,4.90146
2026-09-06T07:16:50.497099+00:00,13.540274788,111819,2648386079,2648402020,15,True,15,1.21313,1.77718,0.8822386011165005,2.7395,4.61532,3.562,4.8684
2026-09-06T07:16:50.520087+00:00,13.563262641,111820,2648408334,2648425019,15,True,15,1.20952,1.75034,0.8832852008270035,2.7053,4.59312,3.56214,4.88335
2026-09-06T07:16:50.542096+00:00,13.585271655,111821,2648430589,2648447019,15,True,15,1.21591,1.7473,0.8766770318081795,2.72854,4.58931,3.57004,4.90248
2026-09-06T07:16:50.564180+00:00,13.607353631,111822,2648452846,2648469019,15,True,15,1.22441,1.73945,0.867629154996534,2.71205,4.57497,3.57343,4.88741
2026-09-06T07:16:50.586125+00:00,13.62930098,111823,2648475109,2648491019,15,True,15,1.21792,1.73297,0.8736872136525748,2.71855,4.58088,3.58006,4.9083
2026-09-06T07:16:50.609131+00:00,13.652307138,111824,2648497366,2648514019,15,True,15,1.23378,1.74423,0.8586257515937893,2.71775,4.56764,3.57114,4.87701
2026-09-06T07:16:50.631157+00:00,13.674331352,111825,2648519627,2648536019,15,True,15,1.21946,1.74929,0.8732931899997846,2.73839,4.58939,3.5726,4.90432
2026-09-06T07:16:50.653129+00:00,13.696304525,111826,2648541880,2648558019,15,True,15,1.22122,1.7292,0.8701720108116554,2.70342,4.58366,3.59296,4.88566
2026-09-06T07:16:50.676158+00:00,13.719333596,111827,2648564137,2648581019,15,True,15,1.21489,1.74565,0.8775690483375082,2.70153,4.59909,3.58324,4.86686
2026-09-06T07:16:50.698129+00:00,13.741304593,111828,2648586400,2648603019,15,True,15,1.21373,1.74819,0.8789192164243537,2.71651,4.59811,3.57718,4.88447
2026-09-06T07:16:50.720121+00:00,13.763296838,111829,2648608657,2648625019,15,True,15,1.24232,1.75773,0.851236356895075,2.73803,4.57417,3.57444,4.86359
2026-09-06T07:16:50.742123+00:00,13.785299292,111830,2648630911,2648647019,15,True,15,1.23548,1.74388,0.8569043615246686,2.73625,4.56434,3.56974,4.8976
2026-09-06T07:16:50.764146+00:00,13.807319602,111831,2648653165,2648669019,15,True,15,1.2521,1.7629,0.8419909856999657,2.75834,4.57023,3.57657,4.86537
2026-09-06T07:16:50.792120+00:00,13.835295193,111832,2648680575,2648697019,15,True,15,1.23399,1.73909,0.858047054770308,2.72665,4.57966,3.59325,4.87999
2026-09-06T07:16:50.814101+00:00,13.857276462,111833,2648702837,2648719019,15,True,15,1.22129,1.7252,0.8698851097127711,2.70418,4.5811,3.59479,4.89246
2026-09-06T07:16:50.836126+00:00,13.879301765,111834,2648725093,2648741019,15,True,15,1.20683,1.75795,0.8866033224616292,2.72054,4.60709,3.5668,4.88563
2026-09-06T07:16:50.859154+00:00,13.902329395,111835,2648747348,2648764019,15,True,15,1.21209,1.73818,0.8798357122213214,2.71913,4.60739,3.59935,4.89121
2026-09-06T07:16:50.881104+00:00,13.924279496,111836,2648769601,2648786019,15,True,15,1.22743,1.75214,0.8655814141373414,2.72834,4.59267,3.58436,4.87105
2026-09-06T07:16:50.903140+00:00,13.946315358,111837,2648791858,2648808020,15,True,15,1.20274,1.75606,0.8905141386861861,2.73603,4.62309,3.5841,4.8979
2026-09-06T07:16:50.925105+00:00,13.968281267,111838,2648814122,2648830019,15,True,15,1.21419,1.75948,0.8794090211613704,2.71914,4.60537,3.57296,4.86918
2026-09-06T07:16:50.948126+00:00,13.991301858,111839,2648836376,2648853019,15,True,15,1.22434,1.75288,0.8687224700673972,2.71705,4.58746,3.57243,4.869
2026-09-06T07:16:50.987140+00:00,14.030314868,111840,2648875798,2648892019,15,True,15,1.1911,1.7567,0.9021663372128222,2.70222,4.61746,3.55974,4.88883
2026-09-06T07:16:51.010151+00:00,14.053326019,111841,2648898064,2648915019,15,True,15,1.20994,1.74621,0.8825470909248978,2.71685,4.6032,3.58093,4.88962
2026-09-06T07:16:51.042115+00:00,14.085290602,111842,2648920321,2648947019,15,True,15,1.21974,1.75872,0.8738130841318409,2.72275,4.58538,3.55592,4.88137
2026-09-06T07:16:51.059109+00:00,14.102284519,111843,2648947700,2648964019,15,True,15,1.24146,1.78404,0.8548944105560639,2.78838,4.59873,3.57164,4.87506
2026-09-06T07:16:51.081132+00:00,14.124308061,111844,2648969953,2648986019,15,True,15,1.23269,1.77209,0.862241847859404,2.74569,4.59869,3.57437,4.85561
2026-09-06T07:16:51.103135+00:00,14.146310675,111845,2648992205,2649008019,15,True,15,1.23502,1.75964,0.8586811573570249,2.74706,4.58125,3.57089,4.88032
2026-09-06T07:16:51.131172+00:00,14.174347644,111846,2649019586,2649036019,15,True,15,1.22404,1.74037,0.8680617826514422,2.71261,4.58189,3.58062,4.88146
2026-09-06T07:16:51.153103+00:00,14.196278992,111847,2649041848,2649058020,15,True,15,1.23393,1.74182,0.8582992236394018,2.72588,4.58636,3.59828,4.87043
2026-09-06T07:16:51.185110+00:00,14.228285561,111848,2649064101,2649090019,15,True,15,1.22069,1.73556,0.8710836869669869,2.70698,4.59057,3.59309,4.87834
2026-09-06T07:16:51.202112+00:00,14.245287349,111849,2649090688,2649107019,15,True,15,1.21609,1.74066,0.8760127417452328,2.71044,4.598,3.58979,4.87992
2026-09-06T07:16:51.224167+00:00,14.267340365,111850,2649112941,2649129019,15,True,15,1.23706,1.72712,0.8542405621369192,2.72703,4.57198,3.6027,4.89235
2026-09-06T07:16:51.247124+00:00,14.290298682,111851,2649135200,2649152019,15,True,15,1.24545,1.7454,0.8470784275968783,2.74274,4.58128,3.60334,4.86718
2026-09-06T07:16:51.269136+00:00,14.31231224,111852,2649157460,2649174019,15,True,15,1.23173,1.74598,0.8608023892276321,2.74254,4.58549,3.58889,4.8906
2026-09-06T07:16:51.291157+00:00,14.334329926,111853,2649179717,2649196019,15,True,15,1.24844,1.75618,0.8450009621296296,2.74551,4.56595,3.57445,4.86862
2026-09-06T07:16:51.313112+00:00,14.356288027,111854,2649201972,2649218019,15,True,15,1.20885,1.76177,0.8849359611858927,2.73106,4.6176,3.57838,4.87976
2026-09-06T07:16:51.336114+00:00,14.37929009,111855,2649224224,2649241019,15,True,15,1.20232,1.75775,0.8910784729191923,2.70587,4.61515,3.57114,4.87111
2026-09-06T07:16:51.358120+00:00,14.401296096,111856,2649246483,2649263019,15,True,15,1.22361,1.72963,0.8678103300837111,2.71179,4.5828,3.59465,4.89047
2026-09-06T07:16:51.380116+00:00,14.423292341,111857,2649268743,2649285019,15,True,15,1.2575,1.77604,0.8380214386279147,2.75758,4.55573,3.549,4.85483
2026-09-06T07:16:51.402154+00:00,14.445329452,111858,2649291000,2649307020,15,True,15,1.23304,1.77578,0.862295917884342,2.76013,4.59922,3.57089,4.86735
2026-09-06T07:16:51.425116+00:00,14.468292346,111859,2649313254,2649330019,15,True,15,1.23292,1.76229,0.8610213531033941,2.74877,4.59541,3.58278,4.87081
2026-09-06T07:16:51.447174+00:00,14.490348177,111860,2649335507,2649352019,15,True,15,1.2566,1.77585,0.8388937849930704,2.77136,4.56228,3.55637,4.8664
2026-09-06T07:16:51.497258+00:00,14.540432304,111861,2649385811,2649402019,15,True,15,1.21806,1.74041,0.87403016635583,2.7101,4.60413,3.60068,4.86996
2026-09-06T07:16:51.519137+00:00,14.562312867,111862,2649408077,2649424019,15,True,15,1.22026,1.74274,0.8719999857798164,2.73005,4.59389,3.58773,4.89516
2026-09-06T07:16:51.542132+00:00,14.585307505,111863,2649430332,2649447019,15,True,15,1.20826,1.73967,0.8837567179376913,2.72859,4.61659,3.60395,4.89952
2026-09-06T07:16:51.564122+00:00,14.607297895,111864,2649452586,2649469019,15,True,15,1.22747,1.75435,0.8657285506439069,2.72798,4.59476,3.58432,4.86655
2026-09-06T07:16:51.586144+00:00,14.629319774,111865,2649474843,2649491020,15,True,15,1.20831,1.74533,0.8841070438583779,2.70937,4.59415,3.56811,4.89396
2026-09-06T07:16:51.608153+00:00,14.651328692,111866,2649497106,2649513019,15,True,15,1.21922,1.76125,0.8745623882262488,2.7219,4.60238,3.57391,4.86311
2026-09-06T07:16:51.631123+00:00,14.674298657,111867,2649519363,2649536020,15,True,15,1.22249,1.74736,0.8701212385064507,2.71667,4.59193,3.58253,4.87326
2026-09-06T07:16:51.653125+00:00,14.696300823,111868,2649541623,2649558019,15,True,15,1.22909,1.73652,0.8627633154579533,2.70734,4.58383,3.59496,4.86697
2026-09-06T07:16:51.675143+00:00,14.718318798,111869,2649563876,2649580019,15,True,15,1.21998,1.74352,0.8723357099190653,2.72007,4.60322,3.59832,4.8751
2026-09-06T07:16:51.698165+00:00,14.741340636,111870,2649586133,2649603019,15,True,15,1.22486,1.73597,0.8669485916131358,2.71752,4.58495,3.5912,4.88643
2026-09-06T07:16:51.720118+00:00,14.763293681,111871,2649608397,2649625019,15,True,15,1.20806,1.75271,0.884932148641917,2.72105,4.6194,3.59098,4.87685
2026-09-06T07:16:51.742234+00:00,14.785409994,111872,2649630653,2649647019,15,True,15,1.2467,1.77409,0.8485327442709562,2.76385,4.58016,3.56763,4.86303
2026-09-06T07:16:51.764147+00:00,14.807322174,111873,2649652907,2649669019,15,True,15,1.25088,1.77445,0.844418839735353,2.79203,4.58686,3.58162,4.87995
2026-09-06T07:16:51.786121+00:00,14.829296435,111874,2649675160,2649691019,15,True,15,1.2301,1.76747,0.8643373247176127,2.75886,4.60877,3.58951,4.87059
2026-09-06T07:16:51.814160+00:00,14.857335867,111875,2649702572,2649719019,15,True,15,1.21746,1.74757,0.87515241901054,2.74158,4.6071,3.59469,4.89693
2026-09-06T07:16:51.836115+00:00,14.879290928,111876,2649724838,2649741019,15,True,15,1.23311,1.73808,0.8588560755446747,2.68911,4.55981,3.56794,4.85963
2026-09-06T07:16:51.858133+00:00,14.901308615,111877,2649747092,2649763019,15,True,15,1.20024,1.74463,0.8921041948673931,2.71103,4.60643,3.57349,4.9014
2026-09-06T07:16:51.881125+00:00,14.924300693,111878,2649769346,2649786019,15,True,15,1.20309,1.74644,0.8893950875173529,2.70951,4.609,3.57852,4.88981
2026-09-06T07:16:51.903154+00:00,14.946329611,111879,2649791599,2649808019,15,True,15,1.23498,1.74587,0.8575535302825124,2.72582,4.58577,3.59392,4.86502
2026-09-06T07:16:51.925154+00:00,14.968329633,111880,2649813854,2649830019,15,True,15,1.22585,1.75881,0.8677362724929732,2.748,4.60697,3.59214,4.87673
2026-09-06T07:16:51.947139+00:00,14.990314071,111881,2649836120,2649852019,15,True,15,1.21797,1.75741,0.8754590961318522,2.72419,4.59328,3.56528,4.88039
2026-09-06T07:16:51.970145+00:00,15.013321349,111882,2649858377,2649875019,15,True,15,1.22058,1.72587,0.8706291939166753,2.69428,4.57403,3.58396,4.88898
2026-09-06T07:16:52.011154+00:00,15.05432964,111883,2649899946,2649916020,15,True,15,1.21573,1.73679,0.87611251389305,2.70593,4.58378,3.57593,4.89257
2026-09-06T07:16:52.034172+00:00,15.077347735,111884,2649922212,2649939019,15,True,15,1.22589,1.73525,0.8658745028004924,2.70662,4.56643,3.56986,4.89024
2026-09-06T07:16:52.056154+00:00,15.099329677,111885,2649944469,2649961019,15,True,15,1.2186,1.75166,0.8743415325832349,2.71311,4.6018,3.58435,4.864
2026-09-06T07:16:52.078154+00:00,15.121329571,111886,2649966723,2649983019,15,True,15,1.22032,1.75965,0.8733197724201598,2.73213,4.60893,3.58589,4.8676
2026-09-06T07:16:52.100180+00:00,15.143352442,111887,2649988975,2650005019,15,True,15,1.21282,1.78107,0.8829835204011452,2.74354,4.6163,3.55792,4.86905
2026-09-06T07:16:52.123142+00:00,15.166317735,111888,2650011229,2650028019,15,True,15,1.22534,1.77084,0.869418668536626,2.75992,4.62,3.59308,4.86782
2026-09-06T07:16:52.151165+00:00,15.19434056,111889,2650039580,2650056019,15,True,15,1.22415,1.74843,0.8685498761729229,2.72558,4.5882,3.57871,4.88234
2026-09-06T07:16:52.173160+00:00,15.216335206,111890,2650061843,2650078019,15,True,15,1.22731,1.75047,0.8655634332618263,2.72442,4.58399,3.57517,4.87664
2026-09-06T07:16:52.195139+00:00,15.238314907,111891,2650084098,2650100019,15,True,15,1.22781,1.74716,0.8648017470495765,2.72811,4.5871,3.58401,4.87986
2026-09-06T07:16:52.218130+00:00,15.26130545,111892,2650106352,2650123019,15,True,15,1.22517,1.73511,0.8665841222870401,2.71003,4.57264,3.57698,4.88979
2026-09-06T07:16:52.240153+00:00,15.283328768,111893,2650128611,2650145019,15,True,15,1.21173,1.741,0.8803858204787262,2.70887,4.60821,3.59638,4.87717
2026-09-06T07:16:52.262164+00:00,15.305340119,111894,2650150870,2650167019,15,True,15,1.22582,1.73217,0.8657533027947395,2.70631,4.58203,3.59356,4.87824
2026-09-06T07:16:52.294134+00:00,15.337309599,111895,2650173129,2650199020,15,True,15,1.2133,1.77386,0.8817100371437311,2.72994,4.601,3.54788,4.87393
2026-09-06T07:16:52.311145+00:00,15.354320892,111896,2650199696,2650216020,15,True,15,1.19947,1.75632,0.8937943965476622,2.72009,4.61238,3.56536,4.89669
2026-09-06T07:16:52.333130+00:00,15.37630565,111897,2650221950,2650238019,15,True,15,1.23156,1.74992,0.86128278747459,2.71877,4.57548,3.5709,4.8701
2026-09-06T07:16:52.355131+00:00,15.398307016,111898,2650244205,2650260019,15,True,15,1.23488,1.73404,0.8568258492832717,2.73606,4.56855,3.58665,4.90371
2026-09-06T07:16:52.378176+00:00,15.421352375,111899,2650266464,2650283019,15,True,15,1.21699,1.75296,0.8760534354136166,2.73556,4.60023,3.57846,4.89264
2026-09-06T07:16:52.400122+00:00,15.443297324,111900,2650288723,2650305020,15,True,15,1.24034,1.7954,0.8574609469824266,2.78458,4.59728,3.55384,4.86389
2026-09-06T07:16:52.422145+00:00,15.465320675,111901,2650310980,2650327019,15,True,15,1.23457,1.74355,0.8577873206104178,2.73816,4.57887,3.58744,4.88832
2026-09-06T07:16:52.445138+00:00,15.488313361,111902,2650333233,2650350019,15,True,15,1.23486,1.75407,0.8583418808959514,2.75192,4.58482,3.58226,4.88792
2026-09-06T07:16:52.467161+00:00,15.510336072,111903,2650355486,2650372019,15,True,15,1.25875,1.77442,0.8365953017439195,2.78186,4.57131,3.57276,4.86682
2026-09-06T07:16:52.520166+00:00,15.563341454,111904,2650407958,2650425019,15,True,15,1.22237,1.74312,0.8699229571059726,2.74109,4.59455,3.59103,4.90223
2026-09-06T07:16:52.541185+00:00,15.584357997,111905,2650430224,2650446019,15,True,15,1.22052,1.74088,0.8716087681982092,2.70989,4.58366,3.57732,4.88352
2026-09-06T07:16:52.564171+00:00,15.607346171,111906,2650452480,2650469019,15,True,15,1.21205,1.74973,0.8807147525731585,2.71041,4.59007,3.56255,4.88725
2026-09-06T07:16:52.586145+00:00,15.629320464,111907,2650474734,2650491019,15,True,15,1.19499,1.75276,0.8979626482766417,2.70516,4.61769,3.57045,4.88754
2026-09-06T07:16:52.608164+00:00,15.651340135,111908,2650496990,2650513019,15,True,15,1.2251,1.74251,0.8671559894851674,2.72207,4.58797,3.58718,4.88215
2026-09-06T07:16:52.631164+00:00,15.674339541,111909,2650519253,2650536019,15,True,15,1.22077,1.74465,0.8716308940142037,2.72042,4.58981,3.58081,4.88547
2026-09-06T07:16:52.653160+00:00,15.696335915,111910,2650541509,2650558019,15,True,15,1.23857,1.7402,0.853555554665307,2.72617,4.57975,3.59833,4.86895
2026-09-06T07:16:52.675158+00:00,15.718332961,111911,2650563763,2650580019,15,True,15,1.22845,1.75545,0.8648474460851461,2.74778,4.58272,3.56886,4.89705
2026-09-06T07:16:52.697155+00:00,15.740330775,111912,2650586015,2650602020,15,True,15,1.22047,1.74933,0.8722895561681339,2.72468,4.58414,3.56723,4.89183
2026-09-06T07:16:52.720642+00:00,15.763813362,111913,2650608272,2650625019,15,True,15,1.20456,1.74992,0.8881963746829862,2.69851,4.59724,3.56103,4.88249
2026-09-06T07:16:52.742161+00:00,15.785336508,111914,2650630535,2650647019,15,True,15,1.23109,1.77602,0.8642605096265823,2.76171,4.59892,3.56746,4.8732
2026-09-06T07:16:52.764148+00:00,15.80732325,111915,2650652792,2650669020,15,True,15,1.22497,1.75587,0.8683508264520741,2.74425,4.61048,3.59908,4.87371
2026-09-06T07:16:52.796156+00:00,15.839331963,111916,2650675045,2650701019,15,True,15,1.24463,1.77673,0.8508860850901253,2.78525,4.59004,3.57409,4.87993
2026-09-06T07:16:52.813218+00:00,15.856389625,111917,2650701691,2650718019,15,True,15,1.24413,1.75986,0.8496314945315998,2.74371,4.57359,3.57355,4.86487
2026-09-06T07:16:52.841196+00:00,15.884371329,111918,2650729572,2650746019,15,True,15,1.20331,1.75359,0.8897385257478736,2.70787,4.61161,3.5732,4.87848
2026-09-06T07:16:52.863168+00:00,15.906341302,111919,2650751838,2650768019,15,True,15,1.23519,1.72859,0.8561898879337455,2.71798,4.57029,3.59613,4.88633
2026-09-06T07:16:52.885183+00:00,15.928358733,111920,2650774092,2650790019,15,True,15,1.21973,1.75807,0.8737647268000693,2.7324,4.61092,3.58959,4.86871
2026-09-06T07:16:52.908142+00:00,15.951317114,111921,2650796346,2650813020,15,True,15,1.22745,1.73433,0.8642593658156097,2.70439,4.58295,3.59429,4.86992
2026-09-06T07:16:52.930142+00:00,15.973317872,111922,2650818598,2650835019,15,True,15,1.23175,1.74149,0.8604499303271516,2.71962,4.56281,3.56557,4.8903
2026-09-06T07:16:52.952218+00:00,15.995393736,111923,2650840853,2650857020,15,True,15,1.2107,1.75653,0.8826241164278255,2.70638,4.59272,3.55548,4.87679
2026-09-06T07:16:52.974163+00:00,16.017338173,111924,2650863116,2650879019,15,True,15,1.20693,1.73415,0.8847286857562603,2.7137,4.59824,3.58548,4.90802
2026-09-06T07:16:52.997217+00:00,16.040390316,111925,2650885373,2650902019,15,True,15,1.21752,1.73439,0.8741736798256968,2.71411,4.5912,3.59093,4.89323
2026-09-06T07:16:53.036183+00:00,16.079358463,111926,2650924799,2650941019,15,True,15,1.22194,1.73093,0.8695527749941344,2.71341,4.58897,3.59858,4.8887
2026-09-06T07:16:53.059158+00:00,16.102333837,111927,2650947065,2650964019,15,True,15,1.21821,1.7344,0.8734856404658291,2.71455,4.58205,3.58018,4.90087
2026-09-06T07:16:53.081162+00:00,16.124337283,111928,2650969323,2650986019,15,True,15,1.23142,1.75501,0.8618504026221719,2.72841,4.58278,3.57366,4.86961
2026-09-06T07:16:53.103164+00:00,16.146339546,111929,2650991577,2651008019,15,True,15,1.23196,1.7827,0.8641642966473446,2.75767,4.60081,3.5627,4.85886
2026-09-06T07:16:53.125182+00:00,16.16835768,111930,2651013830,2651030019,15,True,15,1.20884,1.76062,0.8848403980379738,2.72996,4.62577,3.59035,4.87188
2026-09-06T07:16:53.147166+00:00,16.190341478,111931,2651036083,2651052019,15,True,15,1.23457,1.75985,0.8591487108760624,2.73355,4.57294,3.55933,4.87368
2026-09-06T07:16:53.175289+00:00,16.218463889,111932,2651063574,2651080019,15,True,15,1.21737,1.75992,0.876282102578844,2.73903,4.59697,3.56603,4.89241
2026-09-06T07:16:53.197155+00:00,16.240330788,111933,2651085836,2651102019,15,True,15,1.24337,1.7416,0.8488680208960635,2.71651,4.56294,3.58186,4.86277
2026-09-06T07:16:53.219144+00:00,16.262319899,111934,2651108090,2651124019,15,True,15,1.21423,1.73931,0.8777760357858945,2.71934,4.59963,3.59097,4.89332
2026-09-06T07:16:53.242154+00:00,16.285329929,111935,2651130344,2651147019,15,True,15,1.23081,1.74758,0.8618436705690886,2.74074,4.59325,3.59553,4.8817
2026-09-06T07:16:53.264144+00:00,16.307319135,111936,2651152596,2651169019,15,True,15,1.222,1.75723,0.871428983279762,2.70538,4.58971,3.56657,4.85466
2026-09-06T07:16:53.286186+00:00,16.329361879,111937,2651174855,2651191019,15,True,15,1.23336,1.75151,0.8596195493938,2.74186,4.58794,3.58737,4.87909
2026-09-06T07:16:53.308152+00:00,16.351327916,111938,2651197116,2651213020,15,True,15,1.22239,1.74177,0.8698060962076546,2.70223,4.59851,3.59781,4.85634
2026-09-06T07:16:53.331144+00:00,16.374320091,111939,2651219372,2651236019,15,True,15,1.22827,1.73601,0.8635483269626546,2.7029,4.58553,3.59662,4.86261
2026-09-06T07:16:53.353211+00:00,16.396386419,111940,2651241633,2651258019,15,True,15,1.21655,1.74765,0.8760658793720937,2.72226,4.5873,3.56791,4.89573
2026-09-06T07:16:53.375161+00:00,16.418336552,111941,2651263886,2651280019,15,True,15,1.2421,1.76954,0.8526146970349501,2.74358,4.58706,3.57579,4.84722
2026-09-06T07:16:53.398168+00:00,16.441343703,111942,2651286144,2651303019,15,True,15,1.24066,1.7428,0.8516585440186693,2.70505,4.55595,3.56765,4.86101
2026-09-06T07:16:53.420170+00:00,16.463345837,111943,2651308404,2651325019,15,True,15,1.22886,1.74785,0.8638088458102288,2.71687,4.58188,3.57793,4.86942
2026-09-06T07:16:53.442154+00:00,16.485330179,111944,2651330659,2651347019,15,True,15,1.21693,1.75815,0.8765606923653374,2.72135,4.60314,3.57558,4.86935
2026-09-06T07:16:53.464172+00:00,16.50734809,111945,2651352913,2651369019,15,True,15,1.22646,1.77702,0.8689730789846136,2.72457,4.601,3.5624,4.83787
2026-09-06T07:16:53.486147+00:00,16.529322735,111946,2651375167,2651391019,15,True,15,1.21991,1.77275,0.8750195258392808,2.72746,4.60911,3.56906,4.8509
2026-09-06T07:16:53.536727+00:00,16.579883611,111947,2651424818,2651441019,15,True,15,1.21856,1.74018,0.8735154869834877,2.71004,4.59306,3.58751,4.87951
2026-09-06T07:16:53.558168+00:00,16.601344229,111948,2651447084,2651463019,15,True,15,1.20823,1.75316,0.8847998183205057,2.71055,4.60475,3.57178,4.87826
2026-09-06T07:16:53.581163+00:00,16.624338995,111949,2651469339,2651486019,15,True,15,1.21432,1.75838,0.8791808043855369,2.71593,4.60681,3.57639,4.86498
2026-09-06T07:16:53.603191+00:00,16.646366218,111950,2651491592,2651508019,15,True,15,1.20744,1.75052,0.8853729293354297,2.70346,4.61296,3.58456,4.86667
2026-09-06T07:16:53.625220+00:00,16.668394817,111951,2651513848,2651530020,15,True,15,1.22971,1.73278,0.861907542895408,2.70867,4.58154,3.59759,4.87279
2026-09-06T07:16:53.647192+00:00,16.690368375,111952,2651536111,2651552019,15,True,15,1.20369,1.75351,0.8893532122840733,2.69095,4.61202,3.57436,4.85863
2026-09-06T07:16:53.670185+00:00,16.713360997,111953,2651558368,2651575019,15,True,15,1.23171,1.75476,0.8615397737191242,2.71078,4.57829,3.5686,4.85376
2026-09-06T07:16:53.692153+00:00,16.735328571,111954,2651580628,2651597020,15,True,15,1.2279,1.75834,0.8656521042543591,2.71787,4.58853,3.5719,4.85653
2026-09-06T07:16:53.714175+00:00,16.757351058,111955,2651602881,2651619019,15,True,15,1.22986,1.74852,0.862864885135558,2.71819,4.59307,3.5928,4.85768
2026-09-06T07:16:53.737210+00:00,16.780384929,111956,2651625137,2651642019,15,True,15,1.21249,1.74339,0.8797966197934609,2.70326,4.60508,3.59041,4.87014
2026-09-06T07:16:53.759284+00:00,16.802455289,111957,2651647400,2651664019,15,True,15,1.22509,1.7404,0.867016417433949,2.69962,4.59207,3.59505,4.85523
2026-09-06T07:16:53.781158+00:00,16.824333644,111958,2651669656,2651686019,15,True,15,1.21668,1.77797,0.8787980105234648,2.73323,4.60597,3.55387,4.86218
2026-09-06T07:16:53.803181+00:00,16.846355875,111959,2651691911,2651708019,15,True,15,1.23686,1.74016,0.8552584902823237,2.71168,4.56758,3.5805,4.86775
2026-09-06T07:16:53.825242+00:00,16.868415323,111960,2651714163,2651730019,15,True,15,1.24068,1.75604,0.8527171535743842,2.72445,4.57194,3.57143,4.85538
2026-09-06T07:16:53.853215+00:00,16.89638925,111961,2651741581,2651758019,15,True,15,1.20592,1.74439,0.886421749789568,2.68544,4.60691,3.58237,4.86123
2026-09-06T07:16:53.875193+00:00,16.918367096,111962,2651763847,2651780019,15,True,15,1.22162,1.76578,0.8726064592930767,2.74153,4.59452,3.56144,4.88343
2026-09-06T07:16:53.897249+00:00,16.940421328,111963,2651786101,2651802019,15,True,15,1.21512,1.75306,0.8779252690292038,2.70927,4.59987,3.57526,4.8674
2026-09-06T07:16:53.920157+00:00,16.963332924,111964,2651808356,2651825019,15,True,15,1.22812,1.75576,0.8652032778486218,2.7183,4.58461,3.57043,4.86266
2026-09-06T07:16:53.942190+00:00,16.985365619,111965,2651830616,2651847020,15,True,15,1.2366,1.73781,0.8553558067260665,2.72003,4.58313,3.60288,4.86516
2026-09-06T07:16:53.964207+00:00,17.007382314,111966,2651852872,2651869019,15,True,15,1.22752,1.74894,0.8652308790143818,2.72014,4.58319,3.57636,4.87359
2026-09-06T07:16:53.986157+00:00,17.029332927,111967,2651875134,2651891019,15,True,15,1.21499,1.76339,0.8789746254585509,2.71449,4.60541,3.5692,4.8587
2026-09-06T07:16:54.009188+00:00,17.052364591,111968,2651897391,2651914019,15,True,15,1.21812,1.743,0.8741531527140994,2.69058,4.58145,3.56846,4.86717
2026-09-06T07:16:54.050210+00:00,17.093382707,111969,2651938674,2651955019,15,True,15,1.23668,1.7262,0.8545697527996178,2.69679,4.56586,3.59556,4.8661
2026-09-06T07:16:54.072273+00:00,17.115445611,111970,2651960940,2651977019,15,True,15,1.22746,1.72057,0.8634935879900902,2.70961,4.5697,3.59467,4.90075
2026-09-06T07:16:54.094230+00:00,17.137404577,111971,2651983198,2651999019,15,True,15,1.23001,1.75085,0.8629035418863453,2.71909,4.58112,3.57479,4.86748
2026-09-06T07:16:54.117184+00:00,17.160360143,111972,2652005452,2652022019,15,True,15,1.2374,1.75451,0.855849577963324,2.72621,4.57585,3.57376,4.86183
2026-09-06T07:16:54.139172+00:00,17.182347557,111973,2652027705,2652044019,15,True,15,1.2268,1.76812,0.8676862188602513,2.74672,4.59889,3.57138,4.87238
2026-09-06T07:16:54.161180+00:00,17.204355388,111974,2652049959,2652066019,15,True,15,1.23677,1.75825,0.856810653178402,2.74106,4.59107,3.58767,4.86201
2026-09-06T07:16:54.189185+00:00,17.232359748,111975,2652077588,2652094019,15,True,15,1.22616,1.74957,0.8666369081108881,2.71069,4.58077,3.57056,4.86754
2026-09-06T07:16:54.211188+00:00,17.254363611,111976,2652099850,2652116019,15,True,15,1.20063,1.75018,0.8921346475168418,2.69489,4.61501,3.57813,4.86954
2026-09-06T07:16:54.233186+00:00,17.276361681,111977,2652122104,2652138019,15,True,15,1.21912,1.75072,0.8737466983056358,2.71507,4.60408,3.5892,4.86381
2026-09-06T07:16:54.256208+00:00,17.299383392,111978,2652144358,2652161020,15,True,15,1.22458,1.74058,0.8675377298999737,2.71613,4.58973,3.59113,4.8767
2026-09-06T07:16:54.278189+00:00,17.321364791,111979,2652166619,2652183019,15,True,15,1.23809,1.74675,0.8545210416367756,2.72829,4.58413,3.59504,4.86214
2026-09-06T07:16:54.300211+00:00,17.34338683,111980,2652188878,2652205019,15,True,15,1.22586,1.74157,0.8663306554081991,2.71926,4.57677,3.5751,4.88882
2026-09-06T07:16:54.322179+00:00,17.365355139,111981,2652211138,2652227019,15,True,15,1.22577,1.75071,0.8671178679971944,2.70945,4.58224,3.57046,4.86452
2026-09-06T07:16:54.345190+00:00,17.38836533,111982,2652233394,2652250019,15,True,15,1.23241,1.76166,0.8614690729794076,2.73133,4.59186,3.5783,4.85614
2026-09-06T07:16:54.367213+00:00,17.410388426,111983,2652255647,2652272019,15,True,15,1.23344,1.72236,0.8576067882194028,2.70976,4.56699,3.5973,4.88959
2026-09-06T07:16:54.389188+00:00,17.432364095,111984,2652277900,2652294019,15,True,15,1.22476,1.75602,0.868573139119556,2.71431,4.58822,3.57004,4.86146
2026-09-06T07:16:54.412187+00:00,17.455362638,111985,2652300158,2652317019,15,True,15,1.24638,1.74764,0.8463272853925955,2.72478,4.56642,3.58291,4.85698
2026-09-06T07:16:54.434254+00:00,17.477426182,111986,2652322419,2652339019,15,True,15,1.21282,1.7643,0.8812214491261545,2.71456,4.61291,3.5747,4.85528
2026-09-06T07:16:54.456182+00:00,17.499357147,111987,2652344675,2652361019,15,True,15,1.23514,1.76593,0.8591679605874512,2.75407,4.59229,3.57731,4.87182
2026-09-06T07:16:54.478192+00:00,17.52136805,111988,2652366930,2652383019,15,True,15,1.2345,1.75242,0.8585597861535328,2.73236,4.57788,3.57494,4.87471
2026-09-06T07:16:54.500232+00:00,17.543405353,111989,2652389185,2652405019,15,True,15,1.23783,1.76876,0.8567800455776265,2.74992,4.58626,3.56978,4.86465
2026-09-06T07:16:54.552214+00:00,17.595390232,111990,2652440675,2652457019,15,True,15,1.21754,1.74879,0.8751677071853141,2.70748,4.58649,3.56682,4.877
2026-09-06T07:16:54.574168+00:00,17.61734411,111991,2652462941,2652479019,15,True,15,1.22511,1.74065,0.8670139183427218,2.71324,4.57045,3.56711,4.89042
2026-09-06T07:16:54.596196+00:00,17.639372101,111992,2652485197,2652501019,15,True,15,1.21072,1.74778,0.8818885682443104,2.69459,4.61063,3.58959,4.85482
2026-09-06T07:16:54.619207+00:00,17.662382388,111993,2652507452,2652524019,15,True,15,1.22403,1.76247,0.8698881202775446,2.72474,4.60422,3.58146,4.85352
2026-09-06T07:16:54.641188+00:00,17.68436417,111994,2652529707,2652546019,15,True,15,1.19898,1.7356,0.8927530455842757,2.70039,4.61482,3.59388,4.8926
2026-09-06T07:16:54.663224+00:00,17.706399362,111995,2652551970,2652568019,15,True,15,1.2097,1.75108,0.8831650221787544,2.70967,4.611,3.58449,4.87028
2026-09-06T07:16:54.686196+00:00,17.729371632,111996,2652574226,2652591019,15,True,15,1.23337,1.74575,0.8591495908164071,2.73198,4.59498,3.60358,4.86665
2026-09-06T07:16:54.708197+00:00,17.751372262,111997,2652596481,2652613019,15,True,15,1.1936,1.7502,0.8991445934887223,2.68673,4.61148,3.56371,4.87826
2026-09-06T07:16:54.730197+00:00,17.773372317,111998,2652618736,2652635019,15,True,15,1.20265,1.73857,0.8892808709288645,2.6956,4.60103,3.57755,4.89007
2026-09-06T07:16:54.752216+00:00,17.795391476,111999,2652640993,2652657019,15,True,15,1.20068,1.74507,0.8916973518520731,2.69186,4.62092,3.59222,4.86519
2026-09-06T07:16:54.775211+00:00,17.818386882,112000,2652663256,2652680019,15,True,15,1.24447,1.74376,0.8479306094840543,2.72388,4.56923,3.58869,4.86087
2026-09-06T07:16:54.797222+00:00,17.840397753,112001,2652685513,2652702019,15,True,15,1.21807,1.77522,0.8771138884432282,2.73624,4.60297,3.55543,4.86809
2026-09-06T07:16:54.819219+00:00,17.862394832,112002,2652707766,2652724019,15,True,15,1.23246,1.76589,0.8618305771437909,2.73988,4.59268,3.57412,4.86098
2026-09-06T07:16:54.841224+00:00,17.88439927,112003,2652730019,2652746019,15,True,15,1.2324,1.75077,0.8605150509433288,2.73663,4.58358,3.58137,4.87998
2026-09-06T07:16:54.869200+00:00,17.912376046,112004,2652757590,2652774019,15,True,15,1.21378,1.72485,0.8773670901623787,2.69851,4.59278,3.59969,4.89091
2026-09-06T07:16:54.891187+00:00,17.934362308,112005,2652779856,2652796019,15,True,15,1.20567,1.763,0.8882164988897694,2.72087,4.61256,3.56585,4.87855
2026-09-06T07:16:54.913195+00:00,17.956370939,112006,2652802110,2652818019,15,True,15,1.22996,1.76152,0.863894850083041,2.72275,4.58595,3.56747,4.85725
2026-09-06T07:16:54.936225+00:00,17.979400395,112007,2652824363,2652841019,15,True,15,1.21583,1.77148,0.8789435586543654,2.71811,4.59456,3.54612,4.86379
2026-09-06T07:16:54.958264+00:00,18.00143757,112008,2652846623,2652863019,15,True,15,1.21677,1.72691,0.874489097130433,2.70814,4.58679,3.59363,4.89916
2026-09-06T07:16:54.980203+00:00,18.023379191,112009,2652868879,2652885019,15,True,15,1.23966,1.74946,0.853172202547645,2.73364,4.59121,3.60287,4.85572
2026-09-06T07:16:55.003225+00:00,18.046401222,112010,2652891378,2652908019,15,True,15,1.23653,1.74146,0.8556800643347956,2.71747,4.5789,3.59283,4.86305
2026-09-06T07:16:55.025205+00:00,18.068380637,112011,2652913645,2652930019,15,True,15,1.19671,1.76728,0.8975437719131028,2.71523,4.61701,3.55365,4.88246
2026-09-06T07:16:55.064221+00:00,18.107396081,112012,2652952799,2652969020,15,True,15,1.23036,1.73049,0.8611214604804597,2.69096,4.56623,3.58185,4.86832
2026-09-06T07:16:55.087201+00:00,18.130376991,112013,2652975065,2652992019,15,True,15,1.22768,1.74065,0.8644502327491153,2.71421,4.58434,3.58846,4.87321
2026-09-06T07:16:55.109207+00:00,18.152382486,112014,2652997323,2653014019,15,True,15,1.20968,1.76309,0.884232577153771,2.72241,4.61767,3.57797,4.86711
2026-09-06T07:16:55.131203+00:00,18.174377005,112015,2653019577,2653036020,15,True,15,1.23008,1.76901,0.8645144223782503,2.73961,4.60331,3.58053,4.85259
2026-09-06T07:16:55.153232+00:00,18.196407652,112016,2653041829,2653058019,15,True,15,1.23953,1.77914,0.8562289182806194,2.72928,4.57773,3.54805,4.83626
2026-09-06T07:16:55.175211+00:00,18.218386715,112017,2653064081,2653080019,15,True,15,1.24378,1.75071,0.8491691189038846,2.73499,4.57377,3.5848,4.86404
2026-09-06T07:16:55.203238+00:00,18.2464137,112018,2653091589,2653108019,15,True,15,1.23785,1.74407,0.8545551985682376,2.71963,4.55923,3.56629,4.87879
2026-09-06T07:16:55.225210+00:00,18.26838553,112019,2653113850,2653130020,15,True,15,1.23634,1.74583,0.8561944781999005,2.72294,4.5722,3.57853,4.87181
2026-09-06T07:16:55.247203+00:00,18.290377808,112020,2653136105,2653152019,15,True,15,1.21791,1.72415,0.8732068429644833,2.70532,4.58402,3.59512,4.89885
2026-09-06T07:16:55.270227+00:00,18.313402496,112021,2653158358,2653175019,15,True,15,1.2203,1.73253,0.8712849653815908,2.71022,4.58914,3.5945,4.88689
2026-09-06T07:16:55.292241+00:00,18.335415895,112022,2653180618,2653197019,15,True,15,1.22327,1.75724,0.8701648754690111,2.72601,4.6156,3.60158,4.85056
2026-09-06T07:16:55.314226+00:00,18.357401613,112023,2653202877,2653219019,15,True,15,1.21515,1.74991,0.8776388383612019,2.72157,4.59747,3.57618,4.8862
2026-09-06T07:16:55.336232+00:00,18.379407108,112024,2653225138,2653241019,15,True,15,1.22151,1.74138,0.8706562952738581,2.70317,4.58294,3.57716,4.87425
2026-09-06T07:16:55.359232+00:00,18.402407667,112025,2653247394,2653264019,15,True,15,1.22592,1.74307,0.8663787112458384,2.7152,4.57302,3.56849,4.88633
2026-09-06T07:16:55.381211+00:00,18.424386121,112026,2653269648,2653286019,15,True,15,1.22439,1.7369,0.8674781162081264,2.7091,4.58722,3.59228,4.87503
2026-09-06T07:16:55.403214+00:00,18.4463896,112027,2653291902,2653308019,15,True,15,1.22,1.7363,0.8718197577481253,2.70762,4.58545,3.58464,4.8846
2026-09-06T07:16:55.426231+00:00,18.469406352,112028,2653314161,2653331019,15,True,15,1.22398,1.73946,0.8680588298036025,2.71766,4.58084,3.58033,4.88901
2026-09-06T07:16:55.448219+00:00,18.491394598,112029,2653336421,2653353019,15,True,15,1.23392,1.75001,0.8589379293639325,2.70624,4.56676,3.56291,4.8594
2026-09-06T07:16:55.470196+00:00,18.513371356,112030,2653358677,2653375019,15,True,15,1.26174,1.79091,0.8356528320421105,2.7978,4.57914,3.5662,4.85632
2026-09-06T07:16:55.492215+00:00,18.5353909,112031,2653380930,2653397020,15,True,15,1.22339,1.76649,0.8709152726873033,2.73129,4.60503,3.57656,4.85772
2026-09-06T07:16:55.514192+00:00,18.557368074,112032,2653403185,2653419019,15,True,15,1.23218,1.75404,0.8610093344441742,2.71686,4.56528,3.55348,4.87246
2026-09-06T07:16:55.563222+00:00,18.606397489,112033,2653450942,2653468019,15,True,15,1.22588,1.73884,0.8661209615290463,2.71345,4.59331,3.59969,4.8693
2026-09-06T07:16:55.585215+00:00,18.628390696,112034,2653473208,2653490019,15,True,15,1.21903,1.74282,0.8732325539625739,2.71182,4.5899,3.5808,4.88104
2026-09-06T07:16:55.607215+00:00,18.650391039,112035,2653495464,2653512019,15,True,15,1.21706,1.76706,0.8772705894990438,2.73165,4.59856,3.55862,4.87671
2026-09-06T07:16:55.629285+00:00,18.672456471,112036,2653517718,2653534019,15,True,15,1.24029,1.75352,0.852884678312373,2.72046,4.56759,3.56848,4.85813
2026-09-06T07:16:55.651231+00:00,18.694406028,112037,2653539974,2653556019,15,True,15,1.21744,1.72764,0.8738595557639681,2.70382,4.58695,3.59385,4.8922
2026-09-06T07:16:55.674208+00:00,18.717383579,112038,2653562237,2653579019,15,True,15,1.23177,1.75777,0.861746427784879,2.75813,4.59482,3.5861,4.88843
2026-09-06T07:16:55.696246+00:00,18.739422099,112039,2653584494,2653601019,15,True,15,1.22729,1.73659,0.8645640359163685,2.70164,4.58233,3.59044,4.86569
2026-09-06T07:16:55.718227+00:00,18.761402729,112040,2653606749,2653623019,15,True,15,1.22262,1.75653,0.8707496226240926,2.72979,4.59841,3.5795,4.87308
2026-09-06T07:16:55.740252+00:00,18.783427424,112041,2653629002,2653645019,15,True,15,1.22087,1.77186,0.8739709471715864,2.72522,4.60084,3.56085,4.85509
2026-09-06T07:16:55.763250+00:00,18.806424943,112042,2653651259,2653668019,15,True,15,1.21141,1.74822,0.8812345638364394,2.71029,4.59748,3.57308,4.88286
2026-09-06T07:16:55.785220+00:00,18.828395749,112043,2653673522,2653690019,15,True,15,1.22423,1.7631,0.8697489884443671,2.71861,4.59754,3.57235,4.85199
2026-09-06T07:16:55.807254+00:00,18.850429693,112044,2653695779,2653712019,15,True,15,1.23071,1.76025,0.8630291806190564,2.73967,4.59472,3.58138,4.86761
2026-09-06T07:16:55.829221+00:00,18.872396115,112045,2653718034,2653734019,15,True,15,1.23478,1.76296,0.859234316121045,2.73767,4.59323,3.58175,4.85587
2026-09-06T07:16:55.852242+00:00,18.895418402,112046,2653740287,2653757019,15,True,15,1.2456,1.76011,0.8481915892650668,2.75282,4.58156,3.58548,4.86441
2026-09-06T07:16:55.880221+00:00,18.923396714,112047,2653768578,2653785019,15,True,15,1.22793,1.76315,0.8660707865988783,2.7243,4.59515,3.57439,4.85296
2026-09-06T07:16:55.902227+00:00,18.945403265,112048,2653790844,2653807019,15,True,15,1.21319,1.76112,0.8805545017203648,2.71347,4.59909,3.56139,4.86933
2026-09-06T07:16:55.924249+00:00,18.967422488,112049,2653813099,2653829019,15,True,15,1.21726,1.738,0.8746651402679769,2.70955,4.59261,3.58785,4.88405
2026-09-06T07:16:55.947272+00:00,18.990446568,112050,2653835351,2653852019,15,True,15,1.2186,1.74337,0.8737011599511586,2.71606,4.60367,3.59716,4.87317
2026-09-06T07:16:55.969230+00:00,19.012405854,112051,2653857611,2653874019,15,True,15,1.2243,1.75854,0.8692554409378177,2.72549,4.60594,3.589,4.85582
2026-09-06T07:16:55.991232+00:00,19.034407284,112052,2653879867,2653896019,15,True,15,1.22762,1.75047,0.8652544627449198,2.7318,4.57953,3.56989,4.88843
2026-09-06T07:16:56.013224+00:00,19.056399531,112053,2653902131,2653918019,15,True,15,1.20997,1.75391,0.8831282404045291,2.71148,4.60608,3.57498,4.87376
2026-09-06T07:16:56.046210+00:00,19.089385773,112054,2653924386,2653951019,15,True,15,1.23207,1.75306,0.8610352190822392,2.71461,4.57661,3.56911,4.86043
2026-09-06T07:16:56.085223+00:00,19.128398882,112055,2653973801,2653990019,15,True,15,1.23217,1.73593,0.8596513675903736,2.70426,4.5757,3.58962,4.86541
2026-09-06T07:16:56.108220+00:00,19.151395089,112056,2653996066,2654013019,15,True,15,1.22064,1.75715,0.872776564820573,2.71166,4.59978,3.57771,4.855
2026-09-06T07:16:56.130233+00:00,19.173408456,112057,2654018324,2654035019,15,True,15,1.25403,1.76381,0.8401606733238588,2.76293,4.5679,3.57515,4.86796
2026-09-06T07:16:56.152306+00:00,19.195478017,112058,2654040578,2654057019,15,True,15,1.21649,1.78482,0.8797766492127418,2.74295,4.61619,3.55818,4.85749
2026-09-06T07:16:56.174253+00:00,19.217428342,112059,2654062830,2654079019,15,True,15,1.23435,1.76065,0.8594424617157332,2.72367,4.56876,3.55264,4.86626
2026-09-06T07:16:56.206229+00:00,19.249405312,112060,2654085082,2654111019,15,True,15,1.23517,1.74833,0.8575565974324958,2.72477,4.58466,3.58969,4.86224
2026-09-06T07:16:56.234582+00:00,19.277729873,112061,2654122573,2654139020,15,True,15,1.22106,1.75955,0.8725737367695636,2.71659,4.59304,3.56661,4.86379
2026-09-06T07:16:56.256625+00:00,19.299800265,112062,2654144834,2654161019,15,True,15,1.21502,1.74666,0.8775155588364231,2.7141,4.59744,3.58005,4.88117
2026-09-06T07:16:56.278246+00:00,19.321421719,112063,2654167088,2654183019,15,True,15,1.21109,1.73697,0.8807544317231675,2.71026,4.60336,3.5943,4.88831
2026-09-06T07:16:56.301240+00:00,19.344416358,112064,2654189340,2654206019,15,True,15,1.22345,1.73868,0.8685345386914672,2.71127,4.58989,3.59214,4.87522
2026-09-06T07:16:56.323250+00:00,19.366425373,112065,2654211593,2654228019,15,True,15,1.21722,1.74808,0.875431216487052,2.72639,4.60523,3.59133,4.88173
2026-09-06T07:16:56.345234+00:00,19.388408436,112066,2654233850,2654250019,15,True,15,1.1958,1.74332,0.8964391013337157,2.6912,4.60738,3.57016,4.8889
2026-09-06T07:16:56.367282+00:00,19.410457516,112067,2654256111,2654272019,15,True,15,1.22472,1.7602,0.8689887907217214,2.70911,4.58337,3.55846,4.85645
2026-09-06T07:16:56.390237+00:00,19.433412538,112068,2654278367,2654295019,15,True,15,1.20015,1.76981,0.8943706494513333,2.71445,4.62739,3.56875,4.86235
2026-09-06T07:16:56.412220+00:00,19.455395824,112069,2654300627,2654317019,15,True,15,1.21545,1.74032,0.8766277459104291,2.72305,4.5979,3.58918,4.89566
2026-09-06T07:16:56.434233+00:00,19.47740884,112070,2654322881,2654339019,15,True,15,1.22074,1.74706,0.8718428707054958,2.71116,4.60184,3.59315,4.86164
2026-09-06T07:16:56.457263+00:00,19.50043868,112071,2654345139,2654362019,15,True,15,1.21316,1.74865,0.8795232845695444,2.70074,4.60676,3.58693,4.85949
2026-09-06T07:16:56.479265+00:00,19.522440111,112072,2654367399,2654384019,15,True,15,1.21014,1.74324,0.8821297621098609,2.70161,4.606,3.58853,4.87238
2026-09-06T07:16:56.501280+00:00,19.54445495,112073,2654389656,2654406019,15,True,15,1.24987,1.75115,0.8431374380253789,2.7465,4.56677,3.58382,4.87066
2026-09-06T07:16:56.523248+00:00,19.566423868,112074,2654411909,2654428020,15,True,15,1.24253,1.77858,0.8531842809733428,2.75725,4.59237,3.57183,4.84843
2026-09-06T07:16:56.545261+00:00,19.588436915,112075,2654434164,2654450019,15,True,15,1.26415,1.75951,0.8296686462678938,2.7481,4.54579,3.56653,4.85502
2026-09-06T07:16:56.595224+00:00,19.638399282,112076,2654483816,2654500019,15,True,15,1.24329,1.72427,0.8478665325391725,2.7065,4.54693,3.58317,4.88276
2026-09-06T07:16:56.617321+00:00,19.660493163,112077,2654506081,2654522019,15,True,15,1.21274,1.75094,0.8801236226803595,2.70716,4.59428,3.56741,4.87717
2026-09-06T07:16:56.640263+00:00,19.683438745,112078,2654528337,2654545019,15,True,15,1.21814,1.75504,0.8750833452877501,2.72244,4.58909,3.5631,4.8842
2026-09-06T07:16:56.662266+00:00,19.705442128,112079,2654550591,2654567019,15,True,15,1.23241,1.75844,0.8611698100258739,2.73235,4.58233,3.57014,4.86925
2026-09-06T07:16:56.684273+00:00,19.727449127,112080,2654572848,2654589019,15,True,15,1.19404,1.75577,0.899158169901158,2.71128,4.61988,3.56815,4.89142
2026-09-06T07:16:56.706241+00:00,19.749416861,112081,2654595114,2654611019,15,True,15,1.22904,1.75338,0.8640814463926418,2.71933,4.5953,3.58842,4.85401
2026-09-06T07:16:56.729265+00:00,19.772440397,112082,2654617370,2654634019,15,True,15,1.22394,1.7406,0.8681775645569285,2.70781,4.5923,3.59351,4.86631
2026-09-06T07:16:56.751280+00:00,19.79445578,112083,2654639631,2654656020,15,True,15,1.22857,1.73223,0.8630119453402716,2.7195,4.57749,3.59153,4.89145
2026-09-06T07:16:56.773293+00:00,19.816466716,112084,2654661885,2654678019,15,True,15,1.2143,1.76429,0.8797472899077324,2.71696,4.61286,3.5767,4.85496
2026-09-06T07:16:56.796255+00:00,19.839430218,112085,2654684140,2654701019,15,True,15,1.24372,1.75272,0.8493986324453318,2.71667,4.56671,3.57317,4.8484
2026-09-06T07:16:56.818242+00:00,19.861416993,112086,2654706404,2654723019,15,True,15,1.24652,1.7662,0.8478731924055622,2.72988,4.57169,3.56647,4.84025
2026-09-06T07:16:56.840254+00:00,19.883429432,112087,2654728661,2654745019,15,True,15,1.24527,1.74192,0.8469963750217586,2.72823,4.56708,3.58937,4.86782
2026-09-06T07:16:56.862242+00:00,19.905417102,112088,2654750914,2654767019,15,True,15,1.25485,1.75165,0.8382178982818249,2.73341,4.55734,3.57812,4.85407
2026-09-06T07:16:56.884232+00:00,19.927407717,112089,2654773167,2654789019,15,True,15,1.22712,1.77822,0.8684521073726517,2.72502,4.58617,3.54261,4.84997
2026-09-06T07:16:56.912288+00:00,19.955463887,112090,2654800577,2654817019,15,True,15,1.20348,1.75293,0.8895147527163333,2.7038,4.60447,3.56505,4.88098
2026-09-06T07:16:56.934291+00:00,19.97746551,112091,2654822844,2654839020,15,True,15,1.21365,1.74197,0.8785383334835196,2.69964,4.59893,3.58593,4.87087
2026-09-06T07:16:56.956267+00:00,19.999442077,112092,2654845098,2654861019,15,True,15,1.20602,1.73228,0.8855246121932465,2.69973,4.60587,3.59634,4.88899
2026-09-06T07:16:56.979274+00:00,20.022450124,112093,2654867351,2654884019,15,True,15,1.21157,1.73985,0.8804665169102115,2.70331,4.59929,3.58616,4.88079
2026-09-06T07:16:57.001242+00:00,20.044417826,112094,2654889611,2654906019,15,True,15,1.20552,1.76269,0.8883369329820752,2.704,4.61327,3.56697,4.85966
2026-09-06T07:16:57.023268+00:00,20.066443642,112095,2654911866,2654928019,15,True,15,1.22497,1.74467,0.8674440096052309,2.70955,4.57877,3.57251,4.87512
2026-09-06T07:16:57.045278+00:00,20.088453329,112096,2654934129,2654950020,15,True,15,1.21721,1.75471,0.8759817168183363,2.70768,4.59832,3.57412,4.86126
2026-09-06T07:16:57.068279+00:00,20.111454081,112097,2654956387,2654973019,15,True,15,1.2395,1.74567,0.853031534528472,2.71874,4.55849,3.56564,4.87363
2026-09-06T07:16:57.107256+00:00,20.150431637,112098,2654996071,2655012019,15,True,15,1.22085,1.73758,0.8710552100182857,2.71924,4.58838,3.58797,4.89183
2026-09-06T07:16:57.130258+00:00,20.173434372,112099,2655018337,2655035019,15,True,15,1.22585,1.74666,0.8667172422999323,2.72405,4.58797,3.58301,4.87899
2026-09-06T07:16:57.152290+00:00,20.195465564,112100,2655040593,2655057020,15,True,15,1.23467,1.74784,0.8580161271794371,2.71534,4.57143,3.57268,4.86561
2026-09-06T07:16:57.174257+00:00,20.21743301,112101,2655062847,2655079019,15,True,15,1.27287,1.76182,0.8212161404283284,2.75863,4.54134,3.57016,4.85103
2026-09-06T07:16:57.196255+00:00,20.23943073,112102,2655085100,2655101019,15,True,15,1.23297,1.79178,0.8642888344182169,2.76189,4.60028,3.55194,4.85366
2026-09-06T07:16:57.219261+00:00,20.262436601,112103,2655107353,2655124019,15,True,15,1.2314,1.77243,0.8635608055603263,2.75089,4.6026,3.57717,4.86014
2026-09-06T07:16:57.247267+00:00,20.290442018,112104,2655135570,2655152019,15,True,15,1.22971,1.74007,0.8623846525767951,2.70019,4.57404,3.57888,4.86367
2026-09-06T07:16:57.269250+00:00,20.312425945,112105,2655157832,2655174019,15,True,15,1.22988,1.73774,0.8620558694191459,2.71111,4.57536,3.58373,4.87638
2026-09-06T07:16:57.301281+00:00,20.34445706,112106,2655180086,2655206020,15,True,15,1.20568,1.76304,0.8882102814086311,2.70805,4.6229,3.57918,4.85437
2026-09-06T07:16:57.318259+00:00,20.361434977,112107,2655206690,2655223019,15,True,15,1.21204,1.74149,0.8801106644621458,2.70305,4.60952,3.59788,4.86837
2026-09-06T07:16:57.340247+00:00,20.383422904,112108,2655228943,2655245020,15,True,15,1.22713,1.73986,0.8649438458651519,2.7073,4.56913,3.56924,4.88166
2026-09-06T07:16:57.363317+00:00,20.406490121,112109,2655251201,2655268019,15,True,15,1.21445,1.74498,0.8779579733107956,2.70525,4.60343,3.58904,4.86842
2026-09-06T07:16:57.385240+00:00,20.428415582,112110,2655273461,2655290019,15,True,15,1.20786,1.76185,0.8859291179885668,2.71032,4.60456,3.56005,4.87091
2026-09-06T07:16:57.407287+00:00,20.450462391,112111,2655295718,2655312019,15,True,15,1.21675,1.74543,0.8756978059810357,2.71429,4.58774,3.57155,4.88809
2026-09-06T07:16:57.429253+00:00,20.472428877,112112,2655317972,2655334019,15,True,15,1.22357,1.7557,0.8697306680231528,2.71808,4.59632,3.57918,4.86077
2026-09-06T07:16:57.451265+00:00,20.494440932,112113,2655340225,2655356019,15,True,15,1.22067,1.72794,0.8706508441964551,2.71143,4.58544,3.59604,4.89516
2026-09-06T07:16:57.474344+00:00,20.517515925,112114,2655362482,2655379019,15,True,15,1.21476,1.74132,0.8773854341166143,2.73046,4.61384,3.60738,4.8894
2026-09-06T07:16:57.496280+00:00,20.539455979,112115,2655384742,2655401019,15,True,15,1.25353,1.79153,0.8438726217860132,2.7973,4.5995,3.58008,4.85283
2026-09-06T07:16:57.518302+00:00,20.561476675,112116,2655406998,2655423019,15,True,15,1.22021,1.7801,0.8755310697513823,2.7539,4.62026,3.57463,4.86273
2026-09-06T07:16:57.541264+00:00,20.584439473,112117,2655429252,2655446019,15,True,15,1.24528,1.76695,0.8491832434168728,2.76466,4.59227,3.59015,4.86207
2026-09-06T07:16:57.563275+00:00,20.606450505,112118,2655451506,2655468019,15,True,15,1.21277,1.77223,0.8820651029260822,2.73861,4.62793,3.58404,4.86073
2026-09-06T07:16:57.614254+00:00,20.657429633,112119,2655502079,2655519019,15,True,15,1.21017,1.75553,0.8830660279956419,2.71365,4.60119,3.56692,4.8789
2026-09-06T07:16:57.636266+00:00,20.67944092,112120,2655524344,2655541019,15,True,15,1.22101,1.74653,0.8715330521557973,2.7164,4.60628,3.59989,4.86322
2026-09-06T07:16:57.658288+00:00,20.701461712,112121,2655546600,2655563020,15,True,15,1.22466,1.74374,0.8676843338449759,2.71938,4.59349,3.59209,4.87371
2026-09-06T07:16:57.680261+00:00,20.723437254,112122,2655568855,2655585019,15,True,15,1.22772,1.75679,0.8656924988123669,2.72114,4.5979,3.58564,4.85315
2026-09-06T07:16:57.703255+00:00,20.746430709,112123,2655591111,2655608019,15,True,15,1.22543,1.73914,0.8665903441072949,2.70132,4.58349,3.58613,4.86571
2026-09-06T07:16:57.725273+00:00,20.768448941,112124,2655613374,2655630019,15,True,15,1.20234,1.75141,0.8905277444863803,2.70597,4.60693,3.56855,4.8848
2026-09-06T07:16:57.747277+00:00,20.790452708,112125,2655635636,2655652019,15,True,15,1.2217,1.73807,0.8702396307339719,2.68848,4.57999,3.5778,4.86344
2026-09-06T07:16:57.769265+00:00,20.812440667,112126,2655657889,2655674019,15,True,15,1.22816,1.72623,0.8630790221642511,2.70067,4.57277,3.59245,4.88138
2026-09-06T07:16:57.801262+00:00,20.844437701,112127,2655680142,2655706019,15,True,15,1.21976,1.74068,0.8723529790170949,2.69423,4.59679,3.59333,4.8555
2026-09-06T07:16:57.819277+00:00,20.862452316,112128,2655707035,2655724019,15,True,15,1.24255,1.76734,0.8519388347176102,2.74646,4.57368,3.56201,4.86421
2026-09-06T07:16:57.841291+00:00,20.884466931,112129,2655729298,2655746019,15,True,15,1.25205,1.7593,0.8416939422973172,2.76655,4.57227,3.58363,4.87619
2026-09-06T07:16:57.863279+00:00,20.906454058,112130,2655751554,2655768019,15,True,15,1.24739,1.7583,0.8462402153644081,2.7548,4.58905,3.59981,4.85757
2026-09-06T07:16:57.885289+00:00,20.928463905,112131,2655773810,2655790019,15,True,15,1.23371,1.76375,0.8603758635619665,2.73977,4.58744,3.57184,4.86519
2026-09-06T07:16:57.907312+00:00,20.950485433,112132,2655796062,2655812019,15,True,15,1.24889,1.76307,0.8452021397275327,2.75622,4.57581,3.579,4.86416
2026-09-06T07:16:57.935287+00:00,20.978461857,112133,2655823582,2655840019,15,True,15,1.24477,1.7423,0.8475228863576487,2.73917,4.55796,3.5766,4.88927
2026-09-06T07:16:57.957308+00:00,21.000483385,112134,2655845848,2655862019,15,True,15,1.24305,1.73715,0.8488759773959914,2.71965,4.57373,3.6007,4.86094
2026-09-06T07:16:57.979277+00:00,21.022452655,112135,2655868102,2655884019,15,True,15,1.19802,1.76484,0.8960056618124684,2.72593,4.62004,3.56251,4.89108
2026-09-06T07:16:58.002274+00:00,21.045450239,112136,2655890355,2655907020,15,True,15,1.2359,1.74118,0.8562883874022815,2.73408,4.57507,3.58744,4.88677
2026-09-06T07:16:58.024269+00:00,21.067444278,112137,2655912617,2655929019,15,True,15,1.2123,1.76282,0.8815987990009968,2.70131,4.60028,3.55952,4.85491
2026-09-06T07:16:58.046302+00:00,21.089477262,112138,2655934873,2655951020,15,True,15,1.19997,1.73157,0.8915227791817771,2.6881,4.59823,3.57901,4.89637
2026-09-06T07:16:58.068268+00:00,21.111443172,112139,2655957138,2655973019,15,True,15,1.23404,1.73185,0.8575289756620471,2.69881,4.57093,3.59125,4.86377
2026-09-06T07:16:58.091284+00:00,21.13445922,112140,2655979393,2655996019,15,True,15,1.2173,1.75301,0.8757486797592102,2.70841,4.60437,3.58415,4.85774
2026-09-06T07:16:58.130303+00:00,21.173477994,112141,2656019068,2656035019,15,True,15,1.20527,1.75572,0.8879643524939499,2.74006,4.62372,3.58888,4.89696
2026-09-06T07:16:58.153279+00:00,21.196454809,112142,2656041334,2656058020,15,True,15,1.22072,1.72938,0.8706814014322344,2.70354,4.57318,3.57865,4.89647
2026-09-06T07:16:58.175275+00:00,21.21845,112143,2656063592,2656080019,15,True,15,1.2109,1.74604,0.8815770480224627,2.68359,4.61215,3.59396,4.84244
2026-09-06T07:16:58.197281+00:00,21.24045668,112144,2656085845,2656102020,15,True,15,1.23784,1.76226,0.8561211206365602,2.7589,4.58991,3.58264,4.87737
2026-09-06T07:16:58.219274+00:00,21.262449535,112145,2656108098,2656124019,15,True,15,1.24192,1.78908,0.8550661569726636,2.77398,4.60736,3.57705,4.84478
2026-09-06T07:16:58.242274+00:00,21.285450094,112146,2656130351,2656147019,15,True,15,1.24612,1.75828,0.8475029279005472,2.73558,4.56783,3.57097,4.85847
2026-09-06T07:16:58.270268+00:00,21.31344396,112147,2656158577,2656175019,15,True,15,1.2425,1.74575,0.8500466531314619,2.71485,4.56683,3.58038,4.85522
2026-09-06T07:16:58.292381+00:00,21.33555157,112148,2656180840,2656197019,15,True,15,1.22545,1.73398,0.8662335383140045,2.71375,4.58918,3.59991,4.87887
2026-09-06T07:16:58.314277+00:00,21.357452454,112149,2656203093,2656219019,15,True,15,1.24865,1.74621,0.8439511754835108,2.72113,4.56733,3.58903,4.84867
2026-09-06T07:16:58.337267+00:00,21.38044271,112150,2656225346,2656242019,15,True,15,1.21431,1.74657,0.8782166822601355,2.70722,4.60827,3.59307,4.86483
2026-09-06T07:16:58.359266+00:00,21.402441613,112151,2656247599,2656264019,15,True,15,1.20942,1.73576,0.8823436484726345,2.69082,4.59484,3.58259,4.87936
2026-09-06T07:16:58.381469+00:00,21.424644457,112152,2656269858,2656286019,15,True,15,1.23281,1.74856,0.8599274211815785,2.73213,4.57177,3.56961,4.88721
2026-09-06T07:16:58.403296+00:00,21.44647206,112153,2656292119,2656308019,15,True,15,1.22255,1.75263,0.8704852781064133,2.70815,4.59012,3.57366,4.86048
2026-09-06T07:16:58.426290+00:00,21.46946574,112154,2656314376,2656331020,15,True,15,1.24056,1.7481,0.8521654320611695,2.71508,4.5677,3.57584,4.85647
2026-09-06T07:16:58.448265+00:00,21.491441059,112155,2656336635,2656353019,15,True,15,1.22189,1.72516,0.8692838418491395,2.69597,4.5818,3.59658,4.88152
2026-09-06T07:16:58.470273+00:00,21.51344873,112156,2656358889,2656375019,15,True,15,1.22827,1.74664,0.8643028881705763,2.7135,4.59629,3.59705,4.85438
2026-09-06T07:16:58.493260+00:00,21.536435658,112157,2656381148,2656398019,15,True,15,1.21377,1.73966,0.8782586911041642,2.69761,4.60433,3.5959,4.86539
2026-09-06T07:16:58.515303+00:00,21.558478594,112158,2656403409,2656420019,15,True,15,1.23788,1.75245,0.8551944205267008,2.71442,4.57241,3.57264,4.85279
2026-09-06T07:16:58.537279+00:00,21.580454617,112159,2656425664,2656442019,15,True,15,1.21264,1.76692,0.8816550663383044,2.72926,4.61072,3.56831,4.87174
2026-09-06T07:16:58.559286+00:00,21.602461584,112160,2656447918,2656464019,15,True,15,1.21363,1.77242,0.881229727880307,2.73246,4.61056,3.56255,4.86838
2026-09-06T07:16:58.581345+00:00,21.624515273,112161,2656470171,2656486020,15,True,15,1.2345,1.74878,0.8582604140935314,2.73428,4.58977,3.59471,4.86903
2026-09-06T07:16:58.632312+00:00,21.675487425,112162,2656520086,2656537019,15,True,15,1.21115,1.73258,0.8804214779865379,2.69565,4.60309,3.59955,4.87632
2026-09-06T07:16:58.654281+00:00,21.697457176,112163,2656542352,2656559019,15,True,15,1.21547,1.75038,0.8773574330339943,2.71625,4.60495,3.58565,4.87212
2026-09-06T07:16:58.676314+00:00,21.71949016,112164,2656564613,2656581019,15,True,15,1.21636,1.74469,0.8760317606685272,2.70343,4.58667,3.57056,4.87855
2026-09-06T07:16:58.698282+00:00,21.741457894,112165,2656586868,2656603019,15,True,15,1.21347,1.73695,0.8783781323553084,2.6815,4.58321,3.57183,4.87063
2026-09-06T07:16:58.721310+00:00,21.764486391,112166,2656609127,2656626019,15,True,15,1.2205,1.74748,0.8721145569247195,2.70192,4.5797,3.56389,4.87234
2026-09-06T07:16:58.743326+00:00,21.786501518,112167,2656631390,2656648019,15,True,15,1.22303,1.7332,0.8686007258228603,2.68405,4.56989,3.57286,4.86979
2026-09-06T07:16:58.765274+00:00,21.808449476,112168,2656653645,2656670019,15,True,15,1.2097,1.74131,0.882432437130458,2.70558,4.59805,3.58014,4.88696
2026-09-06T07:16:58.787289+00:00,21.830464988,112169,2656675898,2656692019,15,True,15,1.24321,1.7322,0.8483973975089739,2.70184,4.56715,3.59877,4.8515
2026-09-06T07:16:58.809283+00:00,21.852458579,112170,2656698153,2656714019,15,True,15,1.21341,1.73829,0.8785258972847639,2.70673,4.60094,3.5928,4.88071
2026-09-06T07:16:58.832316+00:00,21.8754913,112171,2656720409,2656737019,15,True,15,1.22178,1.72499,0.8693848793831186,2.70976,4.58371,3.59906,4.89538
2026-09-06T07:16:58.854279+00:00,21.897455066,112172,2656742671,2656759019,15,True,15,1.23948,1.74967,0.8533687241163692,2.70146,4.56646,3.57076,4.8432
2026-09-06T07:16:58.876296+00:00,21.919471858,112173,2656764927,2656781019,15,True,15,1.24142,1.75811,0.8521673477081834,2.73431,4.57614,3.57523,4.85907
2026-09-06T07:16:58.898313+00:00,21.941488777,112174,2656787182,2656803019,15,True,15,1.24653,1.75831,0.8470974542518706,2.73883,4.56105,3.56282,4.86764
2026-09-06T07:16:58.921318+00:00,21.964493465,112175,2656809435,2656826019,15,True,15,1.24551,1.75079,0.8474518182174134,2.7379,4.56644,3.57776,4.87057
2026-09-06T07:16:58.949319+00:00,21.992494595,112176,2656837582,2656854019,15,True,15,1.22147,1.74488,0.870949926976287,2.7079,4.58796,3.57913,4.87163
2026-09-06T07:16:58.971325+00:00,22.014499706,112177,2656859847,2656876019,15,True,15,1.23368,1.72589,0.8575487359328329,2.68899,4.56108,3.58571,4.86839
2026-09-06T07:16:58.993316+00:00,22.036491889,112178,2656882101,2656898019,15,True,15,1.21535,1.7297,0.8760609068438107,2.6959,4.59203,3.59485,4.88106
2026-09-06T07:16:59.016319+00:00,22.059494721,112179,2656904355,2656921019,15,True,15,1.21332,1.73291,0.8782751792576173,2.6967,4.5982,3.5959,4.87733
2026-09-06T07:16:59.038319+00:00,22.081494584,112180,2656926613,2656943019,15,True,15,1.23153,1.74937,0.8612682147856147,2.71513,4.5805,3.578,4.86188
2026-09-06T07:16:59.060300+00:00,22.103475151,112181,2656948870,2656965019,15,True,15,1.21453,1.73602,0.8772604865716908,2.71061,4.58726,3.57967,4.89765
2026-09-06T07:16:59.082314+00:00,22.125489703,112182,2656971133,2656987019,15,True,15,1.22048,1.77049,0.8742159175512647,2.71219,4.59365,3.55275,4.84936
2026-09-06T07:16:59.105300+00:00,22.148475191,112183,2656993390,2657010019,15,True,15,1.21177,1.74622,0.8807230105430423,2.6947,4.59676,3.57518,4.86737
2026-09-06T07:16:59.146345+00:00,22.189520382,112184,2657034676,2657051019,15,True,15,1.21472,1.76257,0.8791660157785899,2.72413,4.60082,3.56394,4.87511
2026-09-06T07:16:59.168335+00:00,22.211510165,112185,2657056942,2657073019,15,True,15,1.20941,1.763,0.884492932758651,2.71359,4.61068,3.56868,4.86451
2026-09-06T07:16:59.190317+00:00,22.233493036,112186,2657079199,2657095019,15,True,15,1.22467,1.75757,0.8687998122697771,2.72931,4.59043,3.57082,4.8749
2026-09-06T07:16:59.213333+00:00,22.256508957,112187,2657101454,2657118019,15,True,15,1.2372,1.77243,0.8577943488389275,2.74942,4.5864,3.56443,4.86186
2026-09-06T07:16:59.235302+00:00,22.278477299,112188,2657123707,2657140020,15,True,15,1.24561,1.76669,0.8488283855998217,2.75011,4.57549,3.56946,4.86094
2026-09-06T07:16:59.257293+00:00,22.300468203,112189,2657145959,2657162019,15,True,15,1.22635,1.78116,0.8695542927845274,2.74782,4.60308,3.55968,4.85852
2026-09-06T07:16:59.285313+00:00,22.328488693,112190,2657173574,2657190019,15,True,15,1.22896,1.73477,0.8627801773916689,2.72179,4.58289,3.59577,4.88583
2026-09-06T07:16:59.307348+00:00,22.350523053,112191,2657195835,2657212019,15,True,15,1.21999,1.74083,0.8721339856925654,2.71572,4.58326,3.57613,4.8915
2026-09-06T07:16:59.329305+00:00,22.372480451,112192,2657218090,2657234019,15,True,15,1.24306,1.75193,0.849988993164029,2.72948,4.56093,3.56585,4.87026
2026-09-06T07:16:59.352308+00:00,22.395484115,112193,2657240344,2657257019,15,True,15,1.24269,1.73679,0.8492110104090735,2.73072,4.56771,3.59303,4.88004
2026-09-06T07:16:59.374315+00:00,22.417490635,112194,2657262597,2657279019,15,True,15,1.22708,1.75285,0.8659896355615347,2.72161,4.58701,3.57572,4.86892
2026-09-06T07:16:59.396368+00:00,22.439539204,112195,2657284855,2657301019,15,True,15,1.21006,1.758,0.8833902895096821,2.70719,4.59982,3.56187,4.87097
2026-09-06T07:16:59.418303+00:00,22.461478458,112196,2657307119,2657323019,15,True,15,1.22215,1.7365,0.8696872268235286,2.72363,4.5834,3.58477,4.89971
2026-09-06T07:16:59.441321+00:00,22.484496682,112197,2657329375,2657346019,15,True,15,1.22251,1.76062,0.8712281472151826,2.74316,4.59204,3.56601,4.89052
2026-09-06T07:16:59.463322+00:00,22.506497954,112198,2657351635,2657368019,15,True,15,1.22811,1.7466,0.8644593293498541,2.71942,4.57867,3.57434,4.87798
2026-09-06T07:16:59.485336+00:00,22.528511769,112199,2657373889,2657390019,15,True,15,1.21475,1.75364,0.878342423033295,2.7214,4.609,3.58576,4.87251
2026-09-06T07:16:59.508346+00:00,22.551522186,112200,2657396148,2657413019,15,True,15,1.19478,1.75797,0.8986090191512657,2.71984,4.62749,3.57628,4.89021
2026-09-06T07:16:59.530302+00:00,22.57347776,112201,2657418408,2657435019,15,True,15,1.22036,1.74326,0.8719378172782736,2.70078,4.59091,3.58338,4.86472
2026-09-06T07:16:59.552311+00:00,22.59548684,112202,2657440665,2657457020,15,True,15,1.25191,1.76442,0.8423310421087422,2.77019,4.57201,3.57668,4.87612
2026-09-06T07:16:59.574310+00:00,22.617485775,112203,2657462919,2657479019,15,True,15,1.24896,1.76756,0.8455856167177866,2.77033,4.58859,3.58982,4.86384
2026-09-06T07:16:59.596336+00:00,22.639511047,112204,2657485171,2657501019,15,True,15,1.24096,1.74881,0.8518237715044114,2.72594,4.57784,3.58844,4.85761
2026-09-06T07:16:59.648325+00:00,22.691500665,112205,2657536680,2657553020,15,True,15,1.22431,1.75362,0.8688147561477071,2.72473,4.59357,3.57931,4.8712
2026-09-06T07:16:59.670366+00:00,22.713539121,112206,2657558946,2657575019,15,True,15,1.21622,1.72957,0.8751849366276819,2.7012,4.58404,3.58602,4.89275
2026-09-06T07:16:59.692332+00:00,22.735507432,112207,2657581202,2657597019,15,True,15,1.22917,1.74134,0.8630126792231964,2.70821,4.5887,3.59525,4.85871
2026-09-06T07:16:59.715356+00:00,22.7585318,112208,2657603456,2657620019,15,True,15,1.23425,1.73022,0.85722232291279,2.69238,4.56043,3.58024,4.86757
2026-09-06T07:16:59.737352+00:00,22.780527184,112209,2657625712,2657642019,15,True,15,1.22445,1.7322,0.8671226225280941,2.7169,4.58692,3.59784,4.8882
2026-09-06T07:16:59.759338+00:00,22.802512743,112210,2657647977,2657664019,15,True,15,1.22896,1.74924,0.8638194598410015,2.73479,4.59051,3.58737,4.87987
2026-09-06T07:16:59.782325+00:00,22.825500311,112211,2657670233,2657687020,15,True,15,1.22117,1.74747,0.8714457928064141,2.71441,4.59827,3.58867,4.86738
2026-09-06T07:16:59.804373+00:00,22.847548655,112212,2657692487,2657709019,15,True,15,1.20862,1.7558,0.8846334520014488,2.71794,4.62067,3.58951,4.86818
2026-09-06T07:16:59.826337+00:00,22.869512838,112213,2657714742,2657731020,15,True,15,1.22863,1.73106,0.8628820316242537,2.72963,4.58029,3.59663,4.90108
2026-09-06T07:16:59.848326+00:00,22.891501501,112214,2657736998,2657753019,15,True,15,1.24371,1.75918,0.8499860213556454,2.75025,4.58075,3.58298,4.867
2026-09-06T07:16:59.871329+00:00,22.914503885,112215,2657759261,2657776019,15,True,15,1.2659,1.76474,0.8284453377260323,2.74961,4.55802,3.57798,4.83679
2026-09-06T07:16:59.893340+00:00,22.936514949,112216,2657781517,2657798019,15,True,15,1.22753,1.76835,0.866983404339437,2.74189,4.59426,3.56615,4.86959
2026-09-06T07:16:59.915355+00:00,22.958530237,112217,2657803771,2657820019,15,True,15,1.2543,1.74879,0.8385264182481074,2.73998,4.56283,3.58794,4.86008
2026-09-06T07:16:59.937361+00:00,22.980533076,112218,2657826024,2657842019,15,True,15,1.27034,1.75613,0.8231878840823641,2.74794,4.53691,3.56817,4.85353
2026-09-06T07:16:59.965356+00:00,23.008531006,112219,2657853576,2657870019,15,True,15,1.23424,1.74181,0.8579893086163718,2.72261,4.58027,3.59096,4.87189
2026-09-06T07:16:59.987308+00:00,23.030484084,112220,2657875842,2657892019,15,True,15,1.22532,1.72608,0.8659069631317211,2.71237,4.57426,3.59058,4.89887
2026-09-06T07:17:00.010328+00:00,23.053503524,112221,2657898328,2657915019,15,True,15,1.20667,1.75824,0.8867882421976511,2.72453,4.61399,3.57512,4.88362
2026-09-06T07:17:00.032343+00:00,23.075518333,112222,2657920586,2657937019,15,True,15,1.22572,1.73792,0.8662185895026727,2.7061,4.58478,3.58973,4.87033
2026-09-06T07:17:00.054332+00:00,23.097508212,112223,2657942839,2657959019,15,True,15,1.19561,1.697,0.8945515480395748,2.609,4.58439,3.59858,4.86434
2026-09-06T07:17:00.077334+00:00,23.12051002,112224,2657965096,2657982019,15,True,15,1.24676,1.74462,0.8457123872806875,2.72357,4.56564,3.58624,4.85836
2026-09-06T07:17:00.099334+00:00,23.142509564,112225,2657987359,2658004020,15,True,15,1.23218,1.71627,0.8585864343792066,2.71576,4.57549,3.61394,4.89648
2026-09-06T07:17:00.121321+00:00,23.164496499,112226,2658009620,2658026019,15,True,15,1.2317,1.73717,0.8602018942666888,2.71316,4.57941,3.59214,4.87166
2026-09-06T07:17:00.160330+00:00,23.203505865,112227,2658048797,2658065019,15,True,15,1.19879,1.74262,0.8934072579176866,2.70574,4.61392,3.58366,4.8933
2026-09-06T07:17:00.182320+00:00,23.225495777,112228,2658071062,2658087019,15,True,15,1.2152,1.73903,0.8767893594815118,2.69762,4.60155,3.59513,4.86568
2026-09-06T07:17:00.205326+00:00,23.248500945,112229,2658093321,2658110019,15,True,15,1.21848,1.7393,0.8735351168670895,2.69789,4.60067,3.59822,4.85981
2026-09-06T07:17:00.227341+00:00,23.270516297,112230,2658115573,2658132019,15,True,15,1.24345,1.74328,0.8489118098483492,2.71949,4.56944,3.58813,4.85829
2026-09-06T07:17:00.249338+00:00,23.292513472,112231,2658137826,2658154019,15,True,15,1.22341,1.75848,0.8701363907457265,2.72735,4.5938,3.57223,4.87128
2026-09-06T07:17:00.271336+00:00,23.314510872,112232,2658160080,2658176020,15,True,15,1.24928,1.74165,0.8429773667780173,2.73048,4.56047,3.5869,4.86854
2026-09-06T07:17:00.299368+00:00,23.342543491,112233,2658187573,2658204019,15,True,15,1.21231,1.75018,0.8804913222173174,2.6954,4.59474,3.56836,4.86527
2026-09-06T07:17:00.321326+00:00,23.364501273,112234,2658209835,2658226020,15,True,15,1.20559,1.75372,0.8874771470297136,2.70562,4.60445,3.56698,4.87796
2026-09-06T07:17:00.342425+00:00,23.385600891,112235,2658232090,2658248019,15,True,15,1.2265,1.75029,0.8663561242930068,2.71985,4.57885,3.56768,4.87818
2026-09-06T07:17:00.366309+00:00,23.409484353,112236,2658254342,2658271019,15,True,15,1.2246,1.74973,0.8682047183124496,2.71455,4.58486,3.57343,4.87104
2026-09-06T07:17:00.388323+00:00,23.431498745,112237,2658276595,2658293020,15,True,15,1.22655,1.72893,0.8648352718292656,2.6952,4.57244,3.58642,4.87643
2026-09-06T07:17:00.410341+00:00,23.453516721,112238,2658298853,2658315019,15,True,15,1.22933,1.72081,0.8616369914296854,2.69799,4.57164,3.59942,4.88208
2026-09-06T07:17:00.432316+00:00,23.475492104,112239,2658321113,2658337019,15,True,15,1.20987,1.75002,0.8829108773256787,2.70169,4.6137,3.58953,4.85948
2026-09-06T07:17:00.455330+00:00,23.49850604,112240,2658343369,2658360019,15,True,15,1.22763,1.73637,0.8642103874636081,2.70125,4.57945,3.58753,4.86748
2026-09-06T07:17:00.477322+00:00,23.520498064,112241,2658365628,2658382019,15,True,15,1.21035,1.73552,0.8814003590310137,2.69564,4.60057,3.59152,4.87761
2026-09-06T07:17:00.499361+00:00,23.542536489,112242,2658387881,2658404019,15,True,15,1.19328,1.7445,0.8990367113750138,2.69653,4.63233,3.59733,4.87524
2026-09-06T07:17:00.522362+00:00,23.565537849,112243,2658410139,2658427019,15,True,15,1.22893,1.73116,0.8625884827077159,2.704,4.57586,3.59129,4.87604
2026-09-06T07:17:00.544327+00:00,23.587502383,112244,2658432399,2658449019,15,True,15,1.21039,1.75986,0.8832278141566873,2.70331,4.61533,3.57999,4.84953
2026-09-06T07:17:00.566338+00:00,23.609513095,112245,2658454655,2658471019,15,True,15,1.23005,1.75552,0.8632596787178234,2.72394,4.57411,3.55995,4.8751
2026-09-06T07:17:00.588359+00:00,23.631534976,112246,2658476909,2658493019,15,True,15,1.23537,1.7546,0.8578797100409822,2.72074,4.57997,3.57609,4.85592
2026-09-06T07:17:00.610328+00:00,23.653503383,112247,2658499162,2658515019,15,True,15,1.25082,1.75485,0.8425114805745971,2.73005,4.55462,3.56497,4.85816
2026-09-06T07:17:00.660366+00:00,23.703541177,112248,2658548809,2658565019,15,True,15,1.19994,1.73537,0.8917806011009657,2.69295,4.6004,3.57698,4.89623
2026-09-06T07:17:00.682351+00:00,23.725526576,112249,2658571074,2658587019,15,True,15,1.21183,1.73953,0.8801854178523977,2.69454,4.60215,3.59058,4.86815
2026-09-06T07:17:00.705337+00:00,23.748512,112250,2658593329,2658610019,15,True,15,1.2004,1.75607,0.8928464621086875,2.69875,4.62074,3.5778,4.8634
2026-09-06T07:17:00.727359+00:00,23.770534168,112251,2658615582,2658632019,15,True,15,1.2104,1.73824,0.8815259823737471,2.69035,4.59564,3.58186,4.8738
2026-09-06T07:17:00.749350+00:00,23.792525648,112252,2658637838,2658654019,15,True,15,1.21152,1.72552,0.8796585592148808,2.69972,4.59486,3.59836,4.89429
2026-09-06T07:17:00.771341+00:00,23.814517415,112253,2658660101,2658676019,15,True,15,1.2305,1.73073,0.8609958088748167,2.69923,4.5804,3.59978,4.86364
2026-09-06T07:17:00.794325+00:00,23.837500727,112254,2658682357,2658699019,15,True,15,1.23497,1.73107,0.8565538195583509,2.70625,4.5772,3.60149,4.86495
2026-09-06T07:17:00.816348+00:00,23.859523087,112255,2658704617,2658721019,15,True,15,1.21254,1.7353,0.879200853957729,2.70622,4.60127,3.59575,4.88437
2026-09-06T07:17:00.838375+00:00,23.881548424,112256,2658726870,2658743019,15,True,15,1.21144,1.74676,0.881092827799659,2.69718,4.59516,3.57199,4.87179
2026-09-06T07:17:00.861341+00:00,23.904516983,112257,2658749127,2658766019,15,True,15,1.23439,1.73208,0.857193559530168,2.70694,4.5771,3.5993,4.86608
2026-09-06T07:17:00.883406+00:00,23.926577456,112258,2658771391,2658788019,15,True,15,1.23054,1.76752,0.8639046486736831,2.72236,4.57474,3.54626,4.86063
2026-09-06T07:17:00.905355+00:00,23.948530663,112259,2658793645,2658810019,15,True,15,1.23172,1.76685,0.8626630170002653,2.72166,4.58493,3.56189,4.84843
2026-09-06T07:17:00.927338+00:00,23.970513406,112260,2658815899,2658832020,15,True,15,1.21981,1.76885,0.8747142153869455,2.73366,4.60746,3.57173,4.86325
2026-09-06T07:17:00.948438+00:00,23.991613984,112261,2658838152,2658854019,15,True,15,1.22269,1.76823,0.8717861945454285,2.74721,4.60065,3.56774,4.8796
2026-09-06T07:17:00.977346+00:00,24.020521408,112262,2658865582,2658882019,15,True,15,1.19491,1.73398,0.8967162028758039,2.68743,4.62157,3.59891,4.88177
2026-09-06T07:17:00.999367+00:00,24.042542648,112263,2658887847,2658904020,15,True,15,1.21352,1.72723,0.8777515954414438,2.6842,4.592,3.59535,4.8742
2026-09-06T07:17:01.021386+00:00,24.064560688,112264,2658910102,2658926019,15,True,15,1.21357,1.73782,0.8783351850518113,2.68856,4.59871,3.59075,4.8628
2026-09-06T07:17:01.053434+00:00,24.096609373,112265,2658932357,2658959019,15,True,15,1.21983,1.74095,0.8723019725989388,2.71208,4.59591,3.59195,4.87578
2026-09-06T07:17:01.071397+00:00,24.11457269,112266,2658960027,2658976019,15,True,15,1.19161,1.74572,0.9007906030260305,2.68586,4.61522,3.5714,4.88197
2026-09-06T07:17:01.094387+00:00,24.137559522,112267,2658982291,2658999019,15,True,15,1.22403,1.74787,0.8686255682398486,2.70259,4.57915,3.56764,4.86602
2026-09-06T07:17:01.116478+00:00,24.159644668,112268,2659004547,2659021019,15,True,15,1.2176,1.74555,0.8748591672377902,2.70544,4.59284,3.57914,4.87162
2026-09-06T07:17:01.137430+00:00,24.180606011,112269,2659026801,2659043019,15,True,15,1.21116,1.73427,0.8805140421935358,2.70089,4.60026,3.59383,4.88319
2026-09-06T07:17:01.177373+00:00,24.220549672,112270,2659065800,2659082020,15,True,15,1.20495,1.74684,0.8875703285374066,2.69027,4.60522,3.57575,4.86791
2026-09-06T07:17:01.210341+00:00,24.253517035,112271,2659088063,2659115019,15,True,15,1.22151,1.74854,0.8711903418312209,2.71802,4.58545,3.57135,4.88179
2026-09-06T07:17:01.227451+00:00,24.270622316,112272,2659115804,2659132019,15,True,15,1.22415,1.76993,0.8705076837110627,2.72983,4.59973,3.56647,4.85635
2026-09-06T07:17:01.249366+00:00,24.292541698,112273,2659138060,2659154019,15,True,15,1.25252,1.74767,0.8402094853665958,2.73149,4.54575,3.56511,4.87121
2026-09-06T07:17:01.272352+00:00,24.315527857,112274,2659160313,2659177019,15,True,15,1.23066,1.75245,0.862388681569975,2.72772,4.58147,3.57413,4.87398
2026-09-06T07:17:01.293453+00:00,24.336628019,112275,2659182566,2659199019,15,True,15,1.20903,1.77526,0.886105303279469,2.73236,4.61539,3.55875,4.87052
2026-09-06T07:17:01.322352+00:00,24.365527571,112276,2659210585,2659227019,15,True,15,1.23043,1.7552,0.8628531884973248,2.71568,4.58578,3.57586,4.85439
2026-09-06T07:17:01.343434+00:00,24.386608789,112277,2659232848,2659249019,15,True,15,1.22497,1.72493,0.8661960550591303,2.70475,4.578,3.59631,4.88869
2026-09-06T07:17:01.366356+00:00,24.409531235,112278,2659255101,2659271019,15,True,15,1.2222,1.74188,0.8700034335564428,2.71319,4.5955,3.59357,4.87167
2026-09-06T07:17:01.388427+00:00,24.431602781,112279,2659277354,2659294019,15,True,15,1.21994,1.74491,0.8724779147348085,2.71587,4.5904,3.58009,4.88131
2026-09-06T07:17:01.410441+00:00,24.453617109,112280,2659299613,2659316019,15,True,15,1.21022,1.73265,0.8813539986293814,2.70091,4.598,3.59165,4.88876
2026-09-06T07:17:01.433372+00:00,24.476547588,112281,2659321872,2659338020,15,True,15,1.21748,1.74777,0.8751479436643841,2.71581,4.59926,3.58442,4.8753
2026-09-06T07:17:01.455367+00:00,24.49854198,112282,2659344132,2659360019,15,True,15,1.22175,1.75404,0.8714011614061574,2.71253,4.58594,3.56539,4.86964
2026-09-06T07:17:01.477428+00:00,24.520603957,112283,2659366389,2659383019,15,True,15,1.22461,1.75065,0.8682691256747529,2.71606,4.58439,3.57167,4.87229
2026-09-06T07:17:01.500380+00:00,24.543555204,112284,2659388643,2659405019,15,True,15,1.20442,1.7507,0.8883976735674175,2.69256,4.59396,3.55562,4.87857
2026-09-06T07:17:01.521458+00:00,24.564634117,112285,2659410896,2659427019,15,True,15,1.21456,1.74016,0.8775046548024686,2.69728,4.58635,3.57334,4.8799
2026-09-06T07:17:01.545374+00:00,24.588549484,112286,2659433154,2659450019,15,True,15,1.21423,1.75329,0.8788313359228834,2.69842,4.59452,3.56683,4.86201
2026-09-06T07:17:01.566436+00:00,24.609611917,112287,2659455414,2659472019,15,True,15,1.20287,1.76394,0.8910923411745831,2.70331,4.61097,3.55868,4.86539
2026-09-06T07:17:01.589415+00:00,24.632590045,112288,2659477670,2659494020,15,True,15,1.22044,1.77436,0.8746647375994986,2.72388,4.59585,3.55064,4.85686
2026-09-06T07:17:01.610439+00:00,24.653615037,112289,2659499923,2659516020,15,True,15,1.23734,1.7607,0.8564704113978483,2.72519,4.58826,3.58179,4.84336
2026-09-06T07:17:01.633347+00:00,24.676522443,112290,2659522175,2659538019,15,True,15,1.2473,1.77299,0.847815091927479,2.76519,4.58951,3.58185,4.85552
2026-09-06T07:17:01.683378+00:00,24.726553038,112291,2659571813,2659588019,15,True,15,1.23712,1.7529,0.8559898973702901,2.71838,4.57275,3.57143,4.85805
2026-09-06T07:17:01.705360+00:00,24.748535749,112292,2659594079,2659610019,15,True,15,1.22624,1.74931,0.8665363314368301,2.74119,4.59009,3.58296,4.89292
2026-09-06T07:17:01.727426+00:00,24.770601727,112293,2659616335,2659633019,15,True,15,1.20513,1.73969,0.8868809463507488,2.7053,4.60634,3.58642,4.8897
2026-09-06T07:17:01.749436+00:00,24.792612119,112294,2659638590,2659655019,15,True,15,1.22711,1.76732,0.8672969125391834,2.73609,4.59426,3.56685,4.86489
2026-09-06T07:17:01.772390+00:00,24.81556487,112295,2659660845,2659677020,15,True,15,1.21523,1.75923,0.8783506963622216,2.71095,4.60259,3.57115,4.86076
2026-09-06T07:17:01.793446+00:00,24.836621767,112296,2659683108,2659699019,15,True,15,1.19395,1.74891,0.8986958276302387,2.7034,4.61726,3.57329,4.89168
2026-09-06T07:17:01.816439+00:00,24.859614935,112297,2659705363,2659722019,15,True,15,1.21248,1.7581,0.8809886267143292,2.7277,4.60143,3.56721,4.88724
2026-09-06T07:17:01.838456+00:00,24.881632047,112298,2659727623,2659744019,15,True,15,1.21785,1.74947,0.8749123975576066,2.69706,4.59036,3.57136,4.86052
2026-09-06T07:17:01.861422+00:00,24.904595263,112299,2659749875,2659766019,15,True,15,1.21394,1.74197,0.8782490560769193,2.71504,4.59233,3.57787,4.89357
2026-09-06T07:17:01.884374+00:00,24.927548142,112300,2659772133,2659789019,15,True,15,1.22305,1.76037,0.8706673528966157,2.73196,4.58548,3.55862,4.88327
2026-09-06T07:17:01.905453+00:00,24.948628239,112301,2659794397,2659811019,15,True,15,1.22718,1.76256,0.8667609278226608,2.72752,4.59376,3.57231,4.85998
2026-09-06T07:17:01.928375+00:00,24.971550846,112302,2659816653,2659833019,15,True,15,1.2343,1.76148,0.859570520899827,2.74014,4.57924,3.56499,4.87422
2026-09-06T07:17:01.949454+00:00,24.992629983,112303,2659838907,2659855019,15,True,15,1.22282,1.77181,0.8720265067645592,2.73483,4.59289,3.55339,4.86941
2026-09-06T07:17:01.971434+00:00,25.014609815,112304,2659861159,2659877019,15,True,15,1.2354,1.76371,0.8586900046582583,2.74097,4.60472,3.5964,4.84675
2026-09-06T07:17:02.000405+00:00,25.043579064,112305,2659888588,2659905019,15,True,15,1.21925,1.75829,0.8742624815237126,2.70875,4.59498,3.56816,4.85812
2026-09-06T07:17:02.022391+00:00,25.065563728,112306,2659910854,2659927019,15,True,15,1.20031,1.74954,0.8924035565258578,2.6994,4.5982,3.55679,4.89163
2026-09-06T07:17:02.043449+00:00,25.086623953,112307,2659933110,2659949019,15,True,15,1.22449,1.76623,0.8697949028362949,2.72632,4.58905,3.55784,4.86521
2026-09-06T07:17:02.066400+00:00,25.109575584,112308,2659955364,2659972019,15,True,15,1.22497,1.73941,0.8670677303417536,2.71201,4.58308,3.58464,4.87865
2026-09-06T07:17:02.088449+00:00,25.131624858,112309,2659977625,2659994019,15,True,15,1.20221,1.7638,0.8917362413292396,2.71527,4.60501,3.55022,4.88578
2026-09-06T07:17:02.111400+00:00,25.154575753,112310,2659999881,2660016019,15,True,15,1.20799,1.7658,0.8861733916677932,2.71762,4.61372,3.56708,4.86647
2026-09-06T07:17:02.132438+00:00,25.175613802,112311,2660022144,2660038019,15,True,15,1.21817,1.74839,0.8745082852666405,2.70756,4.60222,3.58841,4.86131
2026-09-06T07:17:02.156369+00:00,25.199544625,112312,2660044401,2660061019,15,True,15,1.20142,1.7616,0.8923188759630718,2.70098,4.61525,3.56515,4.86388
2026-09-06T07:17:02.195501+00:00,25.238673034,112313,2660084068,2660100019,15,True,15,1.20576,1.74801,0.8868515871891981,2.70764,4.61032,3.58198,4.87958
2026-09-06T07:17:02.218396+00:00,25.261571544,112314,2660106334,2660123019,15,True,15,1.21787,1.73929,0.8741430323465376,2.71503,4.59798,3.59396,4.88265
2026-09-06T07:17:02.239465+00:00,25.28264041,112315,2660128592,2660145019,15,True,15,1.22307,1.76411,0.8710006412167557,2.71528,4.59758,3.56952,4.84969
2026-09-06T07:17:02.262380+00:00,25.305555848,112316,2660150846,2660167019,15,True,15,1.22783,1.75665,0.865570523643221,2.74543,4.59744,3.58537,4.88078
2026-09-06T07:17:02.284380+00:00,25.327555232,112317,2660173098,2660189019,15,True,15,1.23618,1.77442,0.8590248708855872,2.73066,4.60554,3.58512,4.82273
2026-09-06T07:17:02.316406+00:00,25.359582125,112318,2660195352,2660221019,15,True,15,1.21135,1.76661,0.88290832740438,2.73178,4.6093,3.56507,4.87883
2026-09-06T07:17:02.344372+00:00,25.387547318,112319,2660232583,2660249019,15,True,15,1.21157,1.75215,0.8813880458685605,2.71746,4.60171,3.5738,4.88289
2026-09-06T07:17:02.365449+00:00,25.40862444,112320,2660254845,2660271019,15,True,15,1.22573,1.74011,0.8663578042587253,2.71109,4.57173,3.57031,4.88607
2026-09-06T07:17:02.387441+00:00,25.430616879,112321,2660277100,2660293019,15,True,15,1.23549,1.73204,0.8560931618112597,2.72582,4.58016,3.60477,4.88204
2026-09-06T07:17:02.410465+00:00,25.453641185,112322,2660299353,2660316019,15,True,15,1.23117,1.75263,0.8618956350974285,2.71107,4.57014,3.56009,4.86483
2026-09-06T07:17:02.433365+00:00,25.476540559,112323,2660321611,2660338019,15,True,15,1.22101,1.73197,0.8705426474331972,2.7038,4.58083,3.58558,4.88664
2026-09-06T07:17:02.455402+00:00,25.49857732,112324,2660343868,2660360020,15,True,15,1.21907,1.74975,0.8737185630396093,2.71686,4.60685,3.59389,4.86418
2026-09-06T07:17:02.477360+00:00,25.520535295,112325,2660366128,2660382020,15,True,15,1.21427,1.74068,0.8778297644190471,2.70415,4.59797,3.58718,4.87669
2026-09-06T07:17:02.500402+00:00,25.543578032,112326,2660388385,2660405019,15,True,15,1.22136,1.73863,0.8706164060595227,2.71671,4.58621,3.58458,4.88906
2026-09-06T07:17:02.521433+00:00,25.564608945,112327,2660410639,2660427019,15,True,15,1.21056,1.72353,0.8805166520287959,2.70069,4.59685,3.60206,4.89729
2026-09-06T07:17:02.543403+00:00,25.586578632,112328,2660432891,2660449019,15,True,15,1.21253,1.75025,0.8802776058721473,2.70904,4.60871,3.58655,4.8667
2026-09-06T07:17:02.567401+00:00,25.610576657,112329,2660455150,2660472019,15,True,15,1.22568,1.73183,0.8658726299520038,2.70169,4.58665,3.59969,4.86936
2026-09-06T07:17:02.589404+00:00,25.632580137,112330,2660477409,2660494019,15,True,15,1.2145,1.74495,0.8779058904575137,2.70925,4.59963,3.58428,4.87635
2026-09-06T07:17:02.610413+00:00,25.653588617,112331,2660499666,2660516019,15,True,15,1.21502,1.77318,0.8799275611094357,2.73999,4.61799,3.57315,4.86622
2026-09-06T07:17:02.633390+00:00,25.676566041,112332,2660521920,2660538019,15,True,15,1.21283,1.76398,0.881180940159284,2.72148,4.60857,3.5695,4.8674
2026-09-06T07:17:02.654465+00:00,25.69764041,112333,2660544173,2660560019,15,True,15,1.25078,1.77116,0.8441565932929742,2.75558,4.57879,3.57528,4.84925
2026-09-06T07:17:02.706378+00:00,25.749554059,112334,2660594080,2660611019,15,True,15,1.20155,1.75945,0.8919953503242043,2.72676,4.61854,3.5723,4.89117
2026-09-06T07:17:02.728402+00:00,25.771577924,112335,2660616346,2660633019,15,True,15,1.22129,1.7434,0.871020449874743,2.7058,4.5774,3.5672,4.88095
2026-09-06T07:17:02.749464+00:00,25.792635653,112336,2660638602,2660655019,15,True,15,1.19973,1.76338,0.8941660345260268,2.72252,4.6253,3.57356,4.88013
2026-09-06T07:17:02.771410+00:00,25.81458614,112337,2660660856,2660677019,15,True,15,1.21672,1.73707,0.8751428130882408,2.72119,4.58963,3.58445,4.90172
2026-09-06T07:17:02.805378+00:00,25.848553784,112338,2660683113,2660710019,15,True,15,1.2222,1.75894,0.871383017736747,2.7268,4.58399,3.55732,4.88197
2026-09-06T07:17:02.821428+00:00,25.864603263,112339,2660710819,2660727019,15,True,15,1.21735,1.75142,0.8755677237655577,2.71389,4.59295,3.57155,4.87599
2026-09-06T07:17:02.843414+00:00,25.886589559,112340,2660733076,2660749019,15,True,15,1.21301,1.74898,0.879698641865497,2.72581,4.59261,3.5681,4.90071
2026-09-06T07:17:02.866426+00:00,25.909602055,112341,2660755331,2660772019,15,True,15,1.21768,1.74737,0.8749176528679711,2.71086,4.58661,3.56896,4.88167
2026-09-06T07:17:02.888424+00:00,25.931600095,112342,2660777584,2660794019,15,True,15,1.2238,1.74886,0.8689327589635459,2.71337,4.58253,3.57042,4.87436
2026-09-06T07:17:02.911378+00:00,25.954553071,112343,2660799839,2660816019,15,True,15,1.21484,1.76343,0.8791277441305102,2.72848,4.60626,3.57003,4.8738
2026-09-06T07:17:02.932446+00:00,25.975621712,112344,2660822104,2660838019,15,True,15,1.2329,1.77221,0.862045877027435,2.74587,4.60059,3.57693,4.85349
2026-09-06T07:17:02.955485+00:00,25.99866109,112345,2660844359,2660861019,15,True,15,1.22129,1.76029,0.8724124874163596,2.72296,4.59399,3.56723,4.86887
2026-09-06T07:17:02.977467+00:00,26.020642617,112346,2660866620,2660883019,15,True,15,1.23961,1.75296,0.8535140969544672,2.73054,4.57158,3.57335,4.8676
2026-09-06T07:17:02.999431+00:00,26.042606192,112347,2660888873,2660905019,15,True,15,1.2265,1.7862,0.8700061436564687,2.76125,4.61862,3.57363,4.85403
2026-09-06T07:17:03.028401+00:00,26.071576275,112348,2660916573,2660933019,15,True,15,1.2073,1.74782,0.8853015544999341,2.71636,4.61026,3.58429,4.88634
2026-09-06T07:17:03.049413+00:00,26.092589043,112349,2660938839,2660955020,15,True,15,1.21407,1.746,0.8784129808353243,2.71822,4.59347,3.57445,4.89203
2026-09-06T07:17:03.071488+00:00,26.114663437,112350,2660961095,2660977019,15,True,15,1.20283,1.76103,0.890862767097155,2.70472,4.614,3.56623,4.86685
2026-09-06T07:17:03.094389+00:00,26.137564923,112351,2660983349,2661000019,15,True,15,1.22378,1.76262,0.870151224098432,2.71396,4.5846,3.55567,4.86039
2026-09-06T07:17:03.116460+00:00,26.159636213,112352,2661005602,2661022019,15,True,15,1.20158,1.74433,0.8907460049306983,2.70281,4.58869,3.55287,4.90649
2026-09-06T07:17:03.139395+00:00,26.182570148,112353,2661027858,2661044019,15,True,15,1.21852,1.75872,0.8750281302906779,2.72821,4.5964,3.56842,4.87959
2026-09-06T07:17:03.160412+00:00,26.203588133,112354,2661050121,2661066019,15,True,15,1.21154,1.73979,0.880492371176491,2.69254,4.59409,3.57953,4.87391
2026-09-06T07:17:03.183462+00:00,26.226637175,112355,2661072378,2661089019,15,True,15,1.21459,1.75088,0.8782748103526593,2.72481,4.59982,3.57719,4.88784
2026-09-06T07:17:03.223393+00:00,26.266568452,112356,2661111802,2661128019,15,True,15,1.21059,1.77095,0.8841005885078913,2.72569,4.61067,3.56029,4.86827
2026-09-06T07:17:03.246422+00:00,26.289598037,112357,2661134068,2661151020,15,True,15,1.23311,1.75295,0.8599896363329037,2.73149,4.58675,3.5837,4.86775
2026-09-06T07:17:03.267474+00:00,26.31064975,112358,2661156326,2661173019,15,True,15,1.23375,1.79505,0.8639447696467639,2.76332,4.60728,3.55795,4.84401
2026-09-06T07:17:03.289450+00:00,26.332625998,112359,2661178580,2661195019,15,True,15,1.25493,1.77362,0.8403014990466218,2.78973,4.56736,3.56337,4.88806
2026-09-06T07:17:03.311426+00:00,26.354601382,112360,2661200832,2661217019,15,True,15,1.23284,1.7836,0.8633980690272592,2.77748,4.61044,3.57521,4.86965
2026-09-06T07:17:03.333430+00:00,26.376605342,112361,2661223085,2661239019,15,True,15,1.24234,1.78982,0.8547443524235768,2.76802,4.59462,3.56027,4.84853
2026-09-06T07:17:03.362384+00:00,26.405559968,112362,2661250584,2661267020,15,True,15,1.22018,1.74619,0.8723347685951762,2.73669,4.60699,3.60005,4.88727
2026-09-06T07:17:03.383458+00:00,26.42663405,112363,2661272846,2661289019,15,True,15,1.2187,1.7418,0.873488940971779,2.7179,4.59767,3.59157,4.88212
2026-09-06T07:17:03.405468+00:00,26.448643994,112364,2661295100,2661311019,15,True,15,1.22508,1.75779,0.8684111298803119,2.73634,4.60472,3.58946,4.86825
2026-09-06T07:17:03.428473+00:00,26.471649259,112365,2661317353,2661334019,15,True,15,1.23595,1.73117,0.855581539889682,2.72916,4.57672,3.60212,4.88884
2026-09-06T07:17:03.450589+00:00,26.49376407,112366,2661339613,2661356019,15,True,15,1.21892,1.74509,0.8735084856485367,2.73673,4.59365,3.58261,4.9034
2026-09-06T07:17:03.473430+00:00,26.516604947,112367,2661361871,2661378020,15,True,15,1.21369,1.76509,0.8804314420782574,2.72243,4.61794,3.5814,4.85679
2026-09-06T07:17:03.494478+00:00,26.537653492,112368,2661384131,2661400019,15,True,15,1.23066,1.74553,0.8618349125557629,2.71797,4.56513,3.56192,4.88482
2026-09-06T07:17:03.517498+00:00,26.560673893,112369,2661406387,2661423019,15,True,15,1.20983,1.75625,0.8834666328730247,2.72744,4.61021,3.57716,4.88581
2026-09-06T07:17:03.539423+00:00,26.582598524,112370,2661428642,2661445020,15,True,15,1.21676,1.75625,0.8765626960463236,2.71502,4.59892,3.57232,4.86837
2026-09-06T07:17:03.561537+00:00,26.604712151,112371,2661450895,2661467019,15,True,15,1.23081,1.76304,0.8631935459096064,2.72851,4.58256,3.56239,4.86377
2026-09-06T07:17:03.585390+00:00,26.628565372,112372,2661473153,2661490019,15,True,15,1.20168,1.74955,0.8910385092127049,2.70115,4.60406,3.56626,4.88524
2026-09-06T07:17:03.606403+00:00,26.649578269,112373,2661495413,2661512019,15,True,15,1.20315,1.7536,0.889898804640168,2.71159,4.61288,3.5746,4.88173
2026-09-06T07:17:03.628466+00:00,26.671641814,112374,2661517669,2661534019,15,True,15,1.22243,1.7612,0.8713616613668517,2.72395,4.59842,3.57337,4.86262
2026-09-06T07:17:03.650439+00:00,26.693614798,112375,2661539923,2661556019,15,True,15,1.22455,1.78241,0.8714881012383358,2.74937,4.61387,3.56953,4.8526
2026-09-06T07:17:03.672413+00:00,26.71558839,112376,2661562178,2661578019,15,True,15,1.2508,1.7668,0.8436769998050201,2.77631,4.58201,3.58492,4.87378
2026-09-06T07:17:03.724418+00:00,26.767592857,112377,2661612101,2661629019,15,True,15,1.21902,1.74356,0.8732960746505161,2.71018,4.58473,3.57321,4.88344
2026-09-06T07:17:03.745468+00:00,26.788643642,112378,2661634367,2661651020,15,True,15,1.23938,1.76915,0.855278964373613,2.73583,4.58417,3.56877,4.84717
2026-09-06T07:17:03.767440+00:00,26.810615538,112379,2661656628,2661673019,15,True,15,1.22423,1.74689,0.8683501396326253,2.70855,4.59159,3.5851,4.86139
2026-09-06T07:17:03.789501+00:00,26.83267678,112380,2661678883,2661695019,15,True,15,1.22036,1.75631,0.8729816411013464,2.72377,4.59562,3.57303,4.87382
2026-09-06T07:17:03.813396+00:00,26.856572338,112381,2661701138,2661718019,15,True,15,1.2316,1.75759,0.8618995116021355,2.73434,4.58704,3.57612,4.8695
2026-09-06T07:17:03.834509+00:00,26.877684597,112382,2661723401,2661740019,15,True,15,1.22754,1.75767,0.8659502759974153,2.72836,4.60173,3.58918,4.85717
2026-09-06T07:17:03.856427+00:00,26.899602699,112383,2661745658,2661762019,15,True,15,1.2195,1.72672,0.8717528367605119,2.71075,4.58395,3.59403,4.89931
2026-09-06T07:17:03.878489+00:00,26.921664357,112384,2661767912,2661784019,15,True,15,1.23637,1.74335,0.8559774526236072,2.73162,4.57258,3.58218,4.8834
2026-09-06T07:17:03.900488+00:00,26.943663357,112385,2661790166,2661806019,15,True,15,1.23187,1.74821,0.8608366285190238,2.72367,4.58894,3.59071,4.86385
2026-09-06T07:17:03.924413+00:00,26.967588869,112386,2661812421,2661829020,15,True,15,1.23944,1.72928,0.8519864036473819,2.71224,4.56327,3.59226,4.87717
2026-09-06T07:17:03.945416+00:00,26.988590949,112387,2661834684,2661851019,15,True,15,1.22794,1.77434,0.8672067107673924,2.73606,4.58641,3.54902,4.86405
2026-09-06T07:17:03.967490+00:00,27.010665535,112388,2661856941,2661873019,15,True,15,1.2244,1.75506,0.8688482972303047,2.72339,4.59434,3.5786,4.86746
2026-09-06T07:17:03.989423+00:00,27.032598645,112389,2661879195,2661895019,15,True,15,1.24439,1.75366,0.8488121510086902,2.73157,4.56978,3.57684,4.85999
2026-09-06T07:17:04.012441+00:00,27.055616647,112390,2661901448,2661918019,15,True,15,1.22766,1.75745,0.8658110521932599,2.74135,4.59367,3.57931,4.87933
2026-09-06T07:17:04.041426+00:00,27.084601673,112391,2661929577,2661946019,15,True,15,1.2171,1.72547,0.8740834805097277,2.69165,4.58991,3.59986,4.87868
2026-09-06T07:17:04.062440+00:00,27.105615146,112392,2661951842,2661968019,15,True,15,1.23321,1.73249,0.8583963561199452,2.70647,4.56723,3.58458,4.87687
2026-09-06T07:17:04.084445+00:00,27.127621346,112393,2661974096,2661990019,15,True,15,1.20827,1.77116,0.8864298835779397,2.71849,4.613,3.55978,4.86261
2026-09-06T07:17:04.107506+00:00,27.150681205,112394,2661996351,2662013019,15,True,15,1.22606,1.75067,0.8668255721308641,2.71579,4.58909,3.57971,4.86457
2026-09-06T07:17:04.129488+00:00,27.172664013,112395,2662018611,2662035019,15,True,15,1.20973,1.7584,0.8837543962549775,2.72187,4.59801,3.55858,4.8893
2026-09-06T07:17:04.152414+00:00,27.195589692,112396,2662040866,2662057019,15,True,15,1.21656,1.75737,0.8768600518326739,2.70758,4.59584,3.56665,4.86238
2026-09-06T07:17:04.173413+00:00,27.216588988,112397,2662063129,2662079019,15,True,15,1.24038,1.76676,0.8540383141288216,2.7435,4.57595,3.56264,4.86371
2026-09-06T07:17:04.196471+00:00,27.239647342,112398,2662085386,2662102019,15,True,15,1.21616,1.75982,0.8774779643956878,2.71937,4.59906,3.56715,4.87105
2026-09-06T07:17:04.236431+00:00,27.279605981,112399,2662125068,2662141019,15,True,15,1.24231,1.74027,0.8498298706211731,2.72259,4.57241,3.5941,4.86409
2026-09-06T07:17:04.259434+00:00,27.302609518,112400,2662147333,2662164019,15,True,15,1.21279,1.74645,0.8797232443217581,2.71611,4.5996,3.57997,4.88614
2026-09-06T07:17:04.280506+00:00,27.323681712,112401,2662169591,2662186019,15,True,15,1.24132,1.77423,0.85389521330196,2.74116,4.58016,3.55992,4.84825
2026-09-06T07:17:04.302428+00:00,27.345603878,112402,2662191844,2662208019,15,True,15,1.25115,1.77083,0.8437531697125645,2.77999,4.58657,3.58617,4.86925
2026-09-06T07:17:04.324697+00:00,27.367872421,112403,2662214097,2662230019,15,True,15,1.26238,1.78993,0.8348888963808296,2.78788,4.56684,3.55253,4.85609
2026-09-06T07:17:04.347497+00:00,27.390673361,112404,2662236350,2662253019,15,True,15,1.25719,1.79649,0.8409176036925375,2.79926,4.5912,3.56829,4.85082
2026-09-06T07:17:04.376515+00:00,27.419687477,112405,2662264571,2662281019,15,True,15,1.22074,1.74245,0.8715004016637055,2.71594,4.59146,3.58563,4.88102
2026-09-06T07:17:04.397523+00:00,27.440698261,112406,2662286832,2662303019,15,True,15,1.22637,1.73714,0.8655182011373301,2.71747,4.58386,3.59043,4.88322
2026-09-06T07:17:04.419493+00:00,27.462669005,112407,2662309086,2662325019,15,True,15,1.22143,1.73771,0.8704850883271923,2.71864,4.59396,3.59574,4.88464
2026-09-06T07:17:04.442512+00:00,27.485688094,112408,2662331339,2662348019,15,True,15,1.21417,1.74086,0.8779419847005836,2.71569,4.59958,3.58889,4.88801
2026-09-06T07:17:04.464504+00:00,27.507679766,112409,2662353592,2662370020,15,True,15,1.23954,1.75988,0.8542031526516393,2.74671,4.58341,3.57968,4.86842
2026-09-06T07:17:04.487480+00:00,27.530651591,112410,2662375850,2662392019,15,True,15,1.23406,1.72939,0.8573637825917304,2.72744,4.58189,3.6083,4.88757
2026-09-06T07:17:04.508454+00:00,27.551629446,112411,2662398111,2662414019,15,True,15,1.21936,1.73344,0.8722785353314615,2.70363,4.58275,3.58389,4.88665
2026-09-06T07:17:04.532136+00:00,27.575280647,112412,2662420367,2662437019,15,True,15,1.22431,1.74351,0.8680165299117292,2.72086,4.58729,3.58396,4.88213
2026-09-06T07:17:04.553435+00:00,27.596610735,112413,2662442626,2662459019,15,True,15,1.22605,1.74696,0.8665409650443536,2.7177,4.59008,3.58563,4.86921
2026-09-06T07:17:04.575508+00:00,27.618683849,112414,2662464879,2662481019,15,True,15,1.21872,1.7357,0.8730586053639239,2.70563,4.58882,3.58793,4.8824
2026-09-06T07:17:04.599457+00:00,27.642632945,112415,2662487138,2662504019,15,True,15,1.2104,1.75203,0.8825443223430763,2.71342,4.59775,3.56721,4.88463
2026-09-06T07:17:04.620428+00:00,27.663603569,112416,2662509398,2662526020,15,True,15,1.22219,1.75758,0.8712708261499403,2.69983,4.5981,3.57717,4.8398
2026-09-06T07:17:04.642437+00:00,27.685612745,112417,2662531655,2662548019,15,True,15,1.22144,1.7607,0.8723009593024644,2.72064,4.59396,3.56686,4.86562
2026-09-06T07:17:04.664494+00:00,27.707669315,112418,2662553909,2662570019,15,True,15,1.24332,1.77774,0.852302839371077,2.74799,4.5971,3.58007,4.83254
2026-09-06T07:17:04.686438+00:00,27.729613082,112419,2662576162,2662592019,15,True,15,1.23629,1.77879,0.8594069049059356,2.76447,4.60938,3.58472,4.85317
2026-09-06T07:17:04.737429+00:00,27.780604278,112420,2662625807,2662642019,15,True,15,1.22016,1.75438,0.8730143240520168,2.7266,4.60614,3.58868,4.86924
2026-09-06T07:17:04.758455+00:00,27.801630551,112421,2662648073,2662664019,15,True,15,1.20652,1.74988,0.8862393157607034,2.69686,4.60674,3.57608,4.86771
2026-09-06T07:17:04.781429+00:00,27.824605479,112422,2662670329,2662687019,15,True,15,1.22974,1.73932,0.8623028064433048,2.71181,4.57907,3.58628,4.87251
2026-09-06T07:17:04.803520+00:00,27.846694114,112423,2662692584,2662709020,15,True,15,1.22357,1.73123,0.867943234203712,2.71456,4.58796,3.59917,4.88731
2026-09-06T07:17:04.826421+00:00,27.869595088,112424,2662714840,2662731019,15,True,15,1.23059,1.73956,0.8614713818229829,2.71163,4.58317,3.5924,4.86647
2026-09-06T07:17:04.847445+00:00,27.890619025,112425,2662737104,2662753019,15,True,15,1.23095,1.74756,0.8617025334185805,2.73821,4.58766,3.5886,4.88384
2026-09-06T07:17:04.870458+00:00,27.913633634,112426,2662759360,2662776019,15,True,15,1.23622,1.7516,0.856777012063232,2.74365,4.5829,3.58481,4.8799
2026-09-06T07:17:04.892508+00:00,27.935683612,112427,2662781620,2662798019,15,True,15,1.22172,1.75657,0.8716496562839912,2.74462,4.60383,3.58515,4.88642
2026-09-06T07:17:04.914472+00:00,27.957646739,112428,2662803873,2662820019,15,True,15,1.22263,1.73324,0.8690024249103103,2.70416,4.58993,3.59787,4.87398
2026-09-06T07:17:04.938432+00:00,27.981607291,112429,2662826131,2662843019,15,True,15,1.22987,1.74114,0.8623002473036869,2.71215,4.57748,3.58214,4.87243
2026-09-06T07:17:04.959500+00:00,28.002675357,112430,2662848394,2662865020,15,True,15,1.21034,1.75834,0.8831414785865285,2.71634,4.61711,3.58414,4.8639
2026-09-06T07:17:04.981536+00:00,28.024711735,112431,2662870650,2662887019,15,True,15,1.22324,1.76067,0.8705059141097202,2.7293,4.60295,3.58099,4.86315
2026-09-06T07:17:05.003482+00:00,28.046656046,112432,2662892904,2662909019,15,True,15,1.26467,1.7758,0.8308713792759983,2.7712,4.57485,3.58382,4.83779
2026-09-06T07:17:05.026597+00:00,28.06977149,112433,2662915392,2662932019,15,True,15,1.22618,1.76338,0.867834786580948,2.7319,4.59577,3.57246,4.8643
2026-09-06T07:17:05.054532+00:00,28.097707595,112434,2662943586,2662960019,15,True,15,1.2156,1.73981,0.8764431505237518,2.70077,4.58545,3.57408,4.88279
2026-09-06T07:17:05.076491+00:00,28.119666403,112435,2662965852,2662982020,15,True,15,1.20653,1.74199,0.8856421404833894,2.6935,4.61003,3.59023,4.86818
2026-09-06T07:17:05.098501+00:00,28.141676156,112436,2662988106,2663004019,15,True,15,1.20572,1.73978,0.8862983508954533,2.70399,4.59808,3.57653,4.89472
2026-09-06T07:17:05.121472+00:00,28.164648108,112437,2663010360,2663027019,15,True,15,1.20663,1.74788,0.8859741820730441,2.71648,4.60198,3.57262,4.89558
2026-09-06T07:17:05.143475+00:00,28.186649765,112438,2663032619,2663049019,15,True,15,1.23343,1.75672,0.8599989088946566,2.72747,4.58602,3.57847,4.85979
2026-09-06T07:17:05.165513+00:00,28.20868883,112439,2663054875,2663071019,15,True,15,1.21835,1.76818,0.8760989869301298,2.72521,4.60803,3.57126,4.85685
2026-09-06T07:17:05.187451+00:00,28.23062655,112440,2663077138,2663093019,15,True,15,1.23316,1.75147,0.8598155305063986,2.72884,4.57674,3.5728,4.87546
2026-09-06T07:17:05.210468+00:00,28.253643783,112441,2663099395,2663116019,15,True,15,1.21359,1.77682,0.8817417992246936,2.75628,4.61399,3.56138,4.88795
2026-09-06T07:17:05.250490+00:00,28.293665495,112442,2663139073,2663155019,15,True,15,1.22913,1.75234,0.8639040644076168,2.72159,4.60008,3.59596,4.8528
2026-09-06T07:17:05.273437+00:00,28.316612551,112443,2663161339,2663178019,15,True,15,1.22334,1.75389,0.8698041662926199,2.71636,4.58972,3.57266,4.86722
2026-09-06T07:17:05.294587+00:00,28.337728362,112444,2663183597,2663200019,15,True,15,1.24003,1.7496,0.8528148456142165,2.71567,4.57208,3.5788,4.85272
2026-09-06T07:17:05.316529+00:00,28.359705538,112445,2663205851,2663222019,15,True,15,1.21879,1.76845,0.8756884529328908,2.73934,4.60941,3.57331,4.87025
2026-09-06T07:17:05.338549+00:00,28.381723484,112446,2663228104,2663244019,15,True,15,1.23242,1.79378,0.8650949917783594,2.75965,4.61217,3.56402,4.83909
2026-09-06T07:17:05.361513+00:00,28.404689036,112447,2663250357,2663267019,15,True,15,1.24485,1.77645,0.8506357181543694,2.76147,4.58449,3.56762,4.85787
2026-09-06T07:17:05.389547+00:00,28.432722392,112448,2663278580,2663295020,15,True,15,1.21601,1.75795,0.8774592427001949,2.70618,4.59913,3.56939,4.8583
2026-09-06T07:17:05.411456+00:00,28.454631054,112449,2663300841,2663317019,15,True,15,1.22737,1.74955,0.8654292110854588,2.71015,4.57669,3.56706,4.86829
2026-09-06T07:17:05.433481+00:00,28.476655911,112450,2663323097,2663339019,15,True,15,1.20467,1.73958,0.8873325111253391,2.70189,4.59494,3.57127,4.89769
2026-09-06T07:17:05.456527+00:00,28.49970281,112451,2663345350,2663362019,15,True,15,1.20374,1.7538,0.8893274018043072,2.70648,4.60201,3.56113,4.88492
2026-09-06T07:17:05.478520+00:00,28.521695538,112452,2663367603,2663384019,15,True,15,1.2257,1.74992,0.8671235761989174,2.71944,4.57891,3.56709,4.87965
2026-09-06T07:17:05.500976+00:00,28.54414063,112453,2663389860,2663406019,15,True,15,1.21633,1.77354,0.8786631894531601,2.73429,4.61207,3.56687,4.86242
2026-09-06T07:17:05.522454+00:00,28.565630178,112454,2663412120,2663428019,15,True,15,1.20978,1.75538,0.8834417880086948,2.72405,4.60957,3.57736,4.88352
2026-09-06T07:17:05.545438+00:00,28.588614259,112455,2663434375,2663451019,15,True,15,1.24356,1.74365,0.8488297804035858,2.72844,4.57165,3.59065,4.86566
2026-09-06T07:17:05.567546+00:00,28.610721646,112456,2663456635,2663473020,15,True,15,1.21376,1.75259,0.8792416310093601,2.72818,4.60992,3.58689,4.88221
2026-09-06T07:17:05.589443+00:00,28.632618884,112457,2663478887,2663495019,15,True,15,1.23051,1.74125,0.8616696713938583,2.70733,4.5803,3.58649,4.86299
2026-09-06T07:17:05.612539+00:00,28.655714583,112458,2663501146,2663518019,15,True,15,1.21962,1.73581,0.8721674727367444,2.70003,4.59873,3.60169,4.8649
2026-09-06T07:17:05.634456+00:00,28.677631694,112459,2663523407,2663540019,15,True,15,1.23684,1.74629,0.8557314705560383,2.70717,4.57923,3.58764,4.84612
2026-09-06T07:17:05.656484+00:00,28.699659527,112460,2663545663,2663562019,15,True,15,1.24568,1.73323,0.845996273809761,2.72951,4.55529,3.58586,4.88744
2026-09-06T07:17:05.678543+00:00,28.721718978,112461,2663567916,2663584019,15,True,15,1.24715,1.75261,0.84597182849076,2.73089,4.57836,3.59296,4.84641
2026-09-06T07:17:05.700533+00:00,28.743708858,112462,2663590169,2663606019,15,True,15,1.24464,1.77792,0.8510122537308142,2.75181,4.589,3.57129,4.84168
2026-09-06T07:17:05.751532+00:00,28.794707286,112463,2663640099,2663657019,15,True,15,1.21345,1.75324,0.8796044566167226,2.71831,4.60801,3.58318,4.87302
2026-09-06T07:17:05.773524+00:00,28.816699695,112464,2663662365,2663679019,15,True,15,1.21475,1.74534,0.8776855234649822,2.70415,4.59831,3.58243,4.87108
2026-09-06T07:17:05.795485+00:00,28.838661094,112465,2663684626,2663701019,15,True,15,1.22465,1.72004,0.8662758360360745,2.6989,4.57199,3.59432,4.89303
2026-09-06T07:17:05.817530+00:00,28.860705024,112466,2663706880,2663723019,15,True,15,1.23174,1.72451,0.8594133858045263,2.69511,4.56009,3.58347,4.88133
2026-09-06T07:17:05.840544+00:00,28.883719954,112467,2663729137,2663746019,15,True,15,1.21396,1.75002,0.8788338193310495,2.70619,4.59488,3.57104,4.87387
2026-09-06T07:17:05.862531+00:00,28.905707082,112468,2663751400,2663768019,15,True,15,1.21423,1.77225,0.8806152141542866,2.72666,4.61433,3.56849,4.85722
2026-09-06T07:17:05.884532+00:00,28.927707267,112469,2663773657,2663790019,15,True,15,1.20752,1.73435,0.8841520643531857,2.6941,4.59051,3.57615,4.89224
2026-09-06T07:17:05.906529+00:00,28.949704507,112470,2663795911,2663812019,15,True,15,1.21517,1.75026,0.877646851814555,2.72761,4.59691,3.57504,4.89309
2026-09-06T07:17:05.928513+00:00,28.971689012,112471,2663818165,2663834019,15,True,15,1.21502,1.7581,0.8784586560561628,2.70961,4.60544,3.57594,4.85806
2026-09-06T07:17:05.952456+00:00,28.99563142,112472,2663840420,2663857019,15,True,15,1.22762,1.75464,0.865604063068098,2.72891,4.60076,3.59187,4.86134
2026-09-06T07:17:05.973533+00:00,29.016708638,112473,2663862683,2663879019,15,True,15,1.23257,1.77305,0.8624642064456935,2.73653,4.59773,3.57175,4.84553
2026-09-06T07:17:05.995469+00:00,29.038644565,112474,2663884939,2663901019,15,True,15,1.23242,1.78067,0.8634685317369705,2.75583,4.59904,3.56361,4.85939
2026-09-06T07:17:06.017489+00:00,29.060664558,112475,2663907194,2663923019,15,True,15,1.24601,1.76317,0.8480780441681058,2.74155,4.5694,3.56665,4.85943
2026-09-06T07:17:06.040487+00:00,29.083662271,112476,2663929446,2663946019,15,True,15,1.25269,1.78479,0.8438417980877694,2.79414,4.59825,3.58576,4.85837
2026-09-06T07:17:06.069447+00:00,29.112622146,112477,2663957579,2663974019,15,True,15,1.24372,1.73877,0.8483181898910337,2.72041,4.56582,3.58956,4.86634
2026-09-06T07:17:06.090531+00:00,29.133706213,112478,2663979844,2663996019,15,True,15,1.21633,1.73901,0.8756605786490562,2.71038,4.5818,3.57141,4.8961
2026-09-06T07:17:06.112517+00:00,29.155691677,112479,2664002098,2664018019,15,True,15,1.21915,1.75163,0.8737909243062667,2.71289,4.5938,3.5749,4.87021
2026-09-06T07:17:06.135475+00:00,29.178650605,112480,2664024353,2664041019,15,True,15,1.23136,1.7347,0.860380578348907,2.72732,4.5826,3.59884,4.8874
2026-09-06T07:17:06.157537+00:00,29.20071236,112481,2664046613,2664063019,15,True,15,1.21313,1.74405,0.8792061188367605,2.70722,4.60877,3.59523,4.8691
2026-09-06T07:17:06.179511+00:00,29.222686592,112482,2664068869,2664085019,15,True,15,1.20763,1.74956,0.8851075700162099,2.71649,4.60718,3.57861,4.8871
2026-09-06T07:17:06.211486+00:00,29.254661452,112483,2664091132,2664117019,15,True,15,1.22978,1.74854,0.8629462208040543,2.72686,4.59898,3.60023,4.86193
2026-09-06T07:17:06.250547+00:00,29.293722534,112484,2664140074,2664156019,15,True,15,1.20943,1.74928,0.8832911429987282,2.71746,4.59929,3.57131,4.8922
2026-09-06T07:17:06.273496+00:00,29.316671926,112485,2664162336,2664179019,15,True,15,1.21803,1.73737,0.8738552499127071,2.71508,4.59289,3.59007,4.88894
2026-09-06T07:17:06.295555+00:00,29.33872952,112486,2664184592,2664201019,15,True,15,1.21655,1.74778,0.8760759275884709,2.72254,4.59484,3.57743,4.88885
2026-09-06T07:17:06.317494+00:00,29.360669415,112487,2664206854,2664223019,15,True,15,1.21511,1.77292,0.8798105696682667,2.73688,4.61605,3.57111,4.86463
2026-09-06T07:17:06.339474+00:00,29.382649344,112488,2664229112,2664245020,15,True,15,1.23157,1.7723,0.8633778749192034,2.7446,4.59372,3.56612,4.8612
2026-09-06T07:17:06.362501+00:00,29.405676626,112489,2664251365,2664268019,15,True,15,1.22596,1.7562,0.8673935448226484,2.71408,4.5969,3.58264,4.85036
2026-09-06T07:17:06.384534+00:00,29.427710283,112490,2664273625,2664290019,15,True,15,1.22467,1.75946,0.8689705981792479,2.74439,4.61122,3.59512,4.87046
2026-09-06T07:17:06.412531+00:00,29.455707639,112491,2664301581,2664318019,15,True,15,1.23405,1.75191,0.8589653372517424,2.71331,4.57438,3.57048,4.85806
2026-09-06T07:17:06.434549+00:00,29.477724656,112492,2664323845,2664340019,15,True,15,1.2067,1.73737,0.8851611191754863,2.7006,4.60373,3.58818,4.88588
2026-09-06T07:17:06.456500+00:00,29.499675143,112493,2664346101,2664362019,15,True,15,1.23302,1.73134,0.8585164622766414,2.72179,4.5777,3.59909,4.88555
2026-09-06T07:17:06.479500+00:00,29.522674457,112494,2664368355,2664385019,15,True,15,1.23209,1.72833,0.8592702467792074,2.72333,4.58027,3.60484,4.88952
2026-09-06T07:17:06.501547+00:00,29.544723091,112495,2664390613,2664407019,15,True,15,1.23367,1.75335,0.8594657011190148,2.73611,4.60195,3.60339,4.85707
2026-09-06T07:17:06.523504+00:00,29.566680043,112496,2664412871,2664429019,15,True,15,1.24142,1.73548,0.8503917019820924,2.73254,4.57124,3.59738,4.88259
2026-09-06T07:17:06.545550+00:00,29.588725765,112497,2664435133,2664451019,15,True,15,1.20784,1.74299,0.8844060185797017,2.70508,4.61294,3.59453,4.87464
2026-09-06T07:17:06.568581+00:00,29.611755927,112498,2664457389,2664474019,15,True,15,1.24176,1.75299,0.8513745578181203,2.74974,4.57706,3.58332,4.87962
2026-09-06T07:17:06.590578+00:00,29.633753391,112499,2664479643,2664496019,15,True,15,1.24056,1.74425,0.8518664074254834,2.72227,4.57373,3.58837,4.8624
2026-09-06T07:17:06.612474+00:00,29.655649702,112500,2664501896,2664518019,15,True,15,1.2078,1.74611,0.8846735963619575,2.71527,4.61768,3.59666,4.87866
2026-09-06T07:17:06.636487+00:00,29.679662864,112501,2664524153,2664541019,15,True,15,1.19869,1.75429,0.894400648590999,2.69566,4.6106,3.56455,4.87474
2026-09-06T07:17:06.657574+00:00,29.70074869,112502,2664546414,2664563019,15,True,15,1.20978,1.74767,0.882817352174276,2.69527,4.59575,3.56927,4.8717
2026-09-06T07:17:06.679482+00:00,29.722657705,112503,2664568670,2664585019,15,True,15,1.24052,1.75613,0.8528845451173328,2.71654,4.57787,3.57868,4.84114
2026-09-06T07:17:06.701553+00:00,29.744728548,112504,2664590925,2664607019,15,True,15,1.24094,1.75225,0.8521284798080627,2.73769,4.56546,3.56827,4.87928
2026-09-06T07:17:06.723517+00:00,29.766692284,112505,2664613179,2664629020,15,True,15,1.22587,1.7566,0.8675184245305685,2.73394,4.59408,3.57838,4.8751
2026-09-06T07:17:06.777495+00:00,29.820669953,112506,2664664951,2664682019,15,True,15,1.24238,1.75331,0.8507843560503447,2.74472,4.57161,3.57682,4.87749
2026-09-06T07:17:06.797564+00:00,29.840739307,112507,2664687216,2664703019,15,True,15,1.21417,1.73624,0.877633822559272,2.7156,4.60092,3.59638,4.8909
2026-09-06T07:17:06.820485+00:00,29.86366025,112508,2664709471,2664726019,15,True,15,1.20315,1.74258,0.8890552170141064,2.68957,4.59893,3.57049,4.8807
2026-09-06T07:17:06.842520+00:00,29.885694868,112509,2664731725,2664748019,15,True,15,1.20085,1.75057,0.8919461011742805,2.70193,4.61918,3.58333,4.87257
2026-09-06T07:17:06.864594+00:00,29.907769422,112510,2664753981,2664770019,15,True,15,1.22264,1.73898,0.8693629909307158,2.7023,4.58703,3.58699,4.86932
2026-09-06T07:17:06.887544+00:00,29.930719134,112511,2664776244,2664793019,15,True,15,1.21102,1.75877,0.8825024381269435,2.69661,4.59664,3.55815,4.85951
2026-09-06T07:17:06.909558+00:00,29.952733656,112512,2664798501,2664815019,15,True,15,1.22776,1.74814,0.8649282497409827,2.72297,4.57745,3.57035,4.88239
2026-09-06T07:17:06.931510+00:00,29.974685359,112513,2664820756,2664837020,15,True,15,1.21,1.74781,0.8826087446315042,2.71964,4.59741,3.57155,4.89658
2026-09-06T07:17:06.953550+00:00,29.996725641,112514,2664843008,2664859019,15,True,15,1.20782,1.75735,0.8855645515150208,2.70747,4.61143,3.57454,4.86547
2026-09-06T07:17:06.976496+00:00,30.019671129,112515,2664865264,2664882019,15,True,15,1.21429,1.73204,0.8772549034915677,2.70162,4.5958,3.59526,4.88385
2026-09-06T07:17:06.998491+00:00,30.041666162,112516,2664887527,2664904019,15,True,15,1.24843,1.75804,0.8451806354265341,2.74704,4.57995,3.58997,4.85547
2026-09-06T07:17:07.020557+00:00,30.063732205,112517,2664909784,2664926019,15,True,15,1.23562,1.76739,0.8588377009074531,2.73837,4.58883,3.57171,4.855
2026-09-06T07:17:07.042508+00:00,30.08568426,112518,2664932038,2664948019,15,True,15,1.22891,1.78218,0.8671313282888584,2.73467,4.59284,3.54875,4.84715
2026-09-06T07:17:07.065562+00:00,30.108737559,112519,2664954292,2664971020,15,True,15,1.22375,1.77253,0.8711778597967237,2.74691,4.61335,3.58018,4.8611
2026-09-06T07:17:07.093516+00:00,30.136692002,112520,2664982591,2664999019,15,True,15,1.22769,1.74519,0.8647706471660563,2.73053,4.59306,3.59394,4.87903
2026-09-06T07:17:07.115561+00:00,30.158736668,112521,2665004857,2665021019,15,True,15,1.21503,1.74544,0.8774137533114008,2.69015,4.60959,3.59717,4.84417
2026-09-06T07:17:07.137479+00:00,30.180654387,112522,2665027111,2665043019,15,True,15,1.2117,1.75331,0.8813542114836689,2.71516,4.60874,3.58158,4.87236
2026-09-06T07:17:07.160563+00:00,30.203738918,112523,2665049363,2665066019,15,True,15,1.22067,1.747,0.8719080507140646,2.7039,4.58655,3.57352,4.8682
2026-09-06T07:17:07.182597+00:00,30.225771968,112524,2665071623,2665088019,15,True,15,1.20366,1.74473,0.888700494261143,2.70815,4.60958,3.58221,4.88817
2026-09-06T07:17:07.204575+00:00,30.247750585,112525,2665093880,2665110019,15,True,15,1.2159,1.74227,0.8763152189138335,2.70463,4.59932,3.58918,4.87112
2026-09-06T07:17:07.226531+00:00,30.269705009,112526,2665116143,2665132019,15,True,15,1.2163,1.75034,0.8765268995301855,2.71382,4.60285,3.58415,4.86974
2026-09-06T07:17:07.249500+00:00,30.292675938,112527,2665138399,2665155020,15,True,15,1.20554,1.76559,0.888591660831903,2.69507,4.61096,3.56034,4.8492
2026-09-06T07:17:07.290536+00:00,30.333710027,112528,2665179944,2665196019,15,True,15,1.22877,1.74428,0.8636255156605783,2.70511,4.57376,3.5719,4.86745
2026-09-06T07:17:07.322549+00:00,30.365723897,112529,2665202210,2665228019,15,True,15,1.2289,1.72959,0.8625267405130114,2.70247,4.57572,3.59304,4.87596
2026-09-06T07:17:07.339733+00:00,30.382907836,112530,2665228802,2665245019,15,True,15,1.23044,1.76323,0.8635801216447724,2.73633,4.59099,3.57246,4.86517
2026-09-06T07:17:07.361498+00:00,30.40467368,112531,2665251057,2665267019,15,True,15,1.23877,1.78854,0.8581220452243374,2.76573,4.59611,3.5588,4.85306
2026-09-06T07:17:07.384523+00:00,30.427698242,112532,2665273311,2665290019,15,True,15,1.21899,1.77011,0.8756587418623762,2.75063,4.61259,3.5756,4.87804
2026-09-06T07:17:07.406498+00:00,30.44967353,112533,2665295566,2665312019,15,True,15,1.23421,1.76308,0.8598132416402993,2.73163,4.58902,3.5754,4.85412
2026-09-06T07:17:07.434579+00:00,30.47775508,112534,2665323573,2665340019,15,True,15,1.22755,1.76341,0.8664740218840954,2.71579,4.58127,3.55568,4.85708
2026-09-06T07:17:07.456547+00:00,30.499722496,112535,2665345836,2665362019,15,True,15,1.21057,1.75065,0.8822633095624004,2.72373,4.60947,3.58426,4.886
2026-09-06T07:17:07.478504+00:00,30.521680088,112536,2665368092,2665384019,15,True,15,1.24105,1.74141,0.8511681917224114,2.73598,4.56785,3.58512,4.8849
2026-09-06T07:17:07.501526+00:00,30.544701834,112537,2665390347,2665407019,15,True,15,1.20977,1.75168,0.8831437455476882,2.71878,4.60312,3.57369,4.88716
2026-09-06T07:17:07.523577+00:00,30.566752804,112538,2665412600,2665429020,15,True,15,1.2061,1.74833,0.8865371954407778,2.7063,4.6096,3.58111,4.87778
2026-09-06T07:17:07.545527+00:00,30.588703164,112539,2665434859,2665451019,15,True,15,1.2176,1.73675,0.8742438575706436,2.68166,4.57832,3.57159,4.86711
2026-09-06T07:17:07.567480+00:00,30.610655796,112540,2665457120,2665473019,15,True,15,1.22319,1.7413,0.8689748362869892,2.70852,4.57533,3.56985,4.88397
2026-09-06T07:17:07.590527+00:00,30.633701575,112541,2665479376,2665496019,15,True,15,1.21122,1.73143,0.8802836663826041,2.6924,4.58642,3.57975,4.88933
2026-09-06T07:17:07.612562+00:00,30.655738241,112542,2665501636,2665518019,15,True,15,1.22686,1.72964,0.8645662433845076,2.69703,4.56839,3.58079,4.88095
2026-09-06T07:17:07.634535+00:00,30.677709945,112543,2665523890,2665540019,15,True,15,1.22971,1.75014,0.8631445439206574,2.71614,4.58873,3.585,4.85828
2026-09-06T07:17:07.657502+00:00,30.700677226,112544,2665546148,2665563019,15,True,15,1.23457,1.74562,0.8579431620451321,2.71547,4.58626,3.59428,4.85404
2026-09-06T07:17:07.679510+00:00,30.722686019,112545,2665568408,2665585019,15,True,15,1.2015,1.78902,0.8951634545712865,2.7297,4.60568,3.51797,4.87945
2026-09-06T07:17:07.701575+00:00,30.744750558,112546,2665590664,2665607019,15,True,15,1.21566,1.75886,0.8778891360530667,2.73756,4.61025,3.58207,4.88274
2026-09-06T07:17:07.723536+00:00,30.766711254,112547,2665612918,2665629019,15,True,15,1.2365,1.78264,0.8596494748442529,2.7555,4.58542,3.54927,4.86166
2026-09-06T07:17:07.745507+00:00,30.78868283,112548,2665635170,2665651019,15,True,15,1.2307,1.76636,0.863628704710537,2.73294,4.60394,3.58553,4.84565
2026-09-06T07:17:07.798512+00:00,30.841687484,112549,2665686962,2665704019,15,True,15,1.22607,1.75435,0.8671233864912189,2.72451,4.60927,3.60096,4.8518
2026-09-06T07:17:07.830620+00:00,30.8737955,112550,2665709228,2665736019,15,True,15,1.21671,1.7426,0.8755308013428196,2.70579,4.58293,3.56889,4.88587
2026-09-06T07:17:07.847596+00:00,30.89077169,112551,2665736696,2665753019,15,True,15,1.20459,1.76937,0.889908908259716,2.73092,4.6203,3.56634,4.87878
2026-09-06T07:17:07.869552+00:00,30.912727746,112552,2665758951,2665775019,15,True,15,1.2232,1.74862,0.8695119000910796,2.70396,4.58643,3.57487,4.86168
2026-09-06T07:17:07.891522+00:00,30.934697371,112553,2665781215,2665797019,15,True,15,1.20942,1.73075,0.8820412115655367,2.69728,4.58166,3.57199,4.90344
2026-09-06T07:17:07.914575+00:00,30.957750925,112554,2665803471,2665820019,15,True,15,1.20329,1.75516,0.8898896840058321,2.71518,4.61799,3.57944,4.87916
2026-09-06T07:17:07.936573+00:00,30.979748358,112555,2665825725,2665842019,15,True,15,1.20578,1.74861,0.8868778610947505,2.70855,4.60067,3.56881,4.88908
2026-09-06T07:17:07.958544+00:00,31.001719359,112556,2665847978,2665864019,15,True,15,1.22152,1.74136,0.870644910396885,2.70588,4.5771,3.56971,4.88273
2026-09-06T07:17:07.981547+00:00,31.02472312,112557,2665870233,2665887019,15,True,15,1.21125,1.74868,0.8814298071315718,2.72087,4.61988,3.60107,4.87338
2026-09-06T07:17:08.003514+00:00,31.046689257,112558,2665892496,2665909019,15,True,15,1.23474,1.74195,0.8575007114282762,2.73336,4.58566,3.59836,4.87769
2026-09-06T07:17:08.025557+00:00,31.068732899,112559,2665914754,2665931019,15,True,15,1.2017,1.76116,0.8919999078475288,2.73759,4.63553,3.59231,4.88531
2026-09-06T07:17:08.047514+00:00,31.090689947,112560,2665937009,2665953019,15,True,15,1.20267,1.78052,0.8930054867132676,2.74543,4.63969,3.57473,4.87032
2026-09-06T07:17:08.070603+00:00,31.113778319,112561,2665959263,2665976019,15,True,15,1.21207,1.79081,0.8848954407160203,2.75004,4.617,3.54543,4.86828
2026-09-06T07:17:08.098667+00:00,31.1418391,112562,2665987583,2666004019,15,True,15,1.20585,1.71807,0.8849692352844812,2.69085,4.60158,3.60838,4.89666
2026-09-06T07:17:08.120582+00:00,31.16375746,112563,2666009848,2666026019,15,True,15,1.21605,1.73549,0.8757098506925679,2.70947,4.60081,3.5998,4.88102
2026-09-06T07:17:08.142538+00:00,31.185713676,112564,2666032102,2666048019,15,True,15,1.21768,1.74162,0.8744936859692011,2.71293,4.60578,3.60076,4.87119
2026-09-06T07:17:08.165526+00:00,31.208701885,112565,2666054355,2666071019,15,True,15,1.22223,1.74899,0.870508123454342,2.70724,4.59438,3.58325,4.85947
2026-09-06T07:17:08.187516+00:00,31.230692086,112566,2666076613,2666093019,15,True,15,1.20232,1.74474,0.8900376677422139,2.70498,4.61357,3.58546,4.88363
2026-09-06T07:17:08.209592+00:00,31.252767121,112567,2666098869,2666115019,15,True,15,1.21226,1.74594,0.8802133782214401,2.70954,4.60592,3.58798,4.87444
2026-09-06T07:17:08.231515+00:00,31.274690697,112568,2666121131,2666137020,15,True,15,1.20815,1.75699,0.885204429835278,2.71734,4.62558,3.59369,4.86272
2026-09-06T07:17:08.254583+00:00,31.297757212,112569,2666143388,2666160020,15,True,15,1.22516,1.75153,0.8677930435881586,2.72023,4.58815,3.57615,4.87148
2026-09-06T07:17:08.276575+00:00,31.319750965,112570,2666165642,2666182019,15,True,15,1.21849,1.74817,0.8741720820296194,2.72643,4.59327,3.57763,4.89034
2026-09-06T07:17:08.315568+00:00,31.358743437,112571,2666205067,2666221019,15,True,15,1.21833,1.72449,0.8728046453817715,2.69252,4.57923,3.58918,4.88804
2026-09-06T07:17:08.338616+00:00,31.381791264,112572,2666227332,2666244019,15,True,15,1.21564,1.73882,0.8763362379817462,2.68633,4.58627,3.57644,4.8669
2026-09-06T07:17:08.360599+00:00,31.403774617,112573,2666249586,2666266019,15,True,15,1.23257,1.78838,0.864252526348636,2.75505,4.59442,3.54809,4.85543
2026-09-06T07:17:08.382625+00:00,31.425800467,112574,2666271841,2666288019,15,True,15,1.23947,1.77381,0.8556877917792212,2.76548,4.60017,3.58357,4.86113
2026-09-06T07:17:08.404596+00:00,31.447771531,112575,2666294094,2666310019,15,True,15,1.24584,1.7761,0.8496124502383423,2.78024,4.59088,3.57766,4.87151
2026-09-06T07:17:08.427587+00:00,31.470762013,112576,2666316347,2666333019,15,True,15,1.23238,1.78037,0.8634733356045221,2.75253,4.60238,3.56824,4.85284
2026-09-06T07:17:08.456168+00:00,31.499342999,112577,2666344569,2666361019,15,True,15,1.21305,1.76099,0.8806819417928358,2.71341,4.61517,3.58209,4.85444
2026-09-06T07:17:08.477550+00:00,31.520725825,112578,2666366832,2666383019,15,True,15,1.21355,1.76124,0.8802071006871053,2.74464,4.61112,3.57726,4.89198
2026-09-06T07:17:08.499524+00:00,31.542699482,112579,2666389086,2666405019,15,True,15,1.21024,1.75084,0.8826074796873182,2.72918,4.6106,3.58504,4.89152
2026-09-06T07:17:08.522522+00:00,31.565697579,112580,2666411340,2666428019,15,True,15,1.23028,1.75554,0.8630323110984893,2.74535,4.58357,3.5724,4.88971
2026-09-06T07:17:08.544521+00:00,31.587696229,112581,2666433595,2666450019,15,True,15,1.21661,1.76944,0.8779576332033339,2.7273,4.59838,3.55474,4.87074
2026-09-06T07:17:08.566605+00:00,31.609780928,112582,2666455854,2666472020,15,True,15,1.22571,1.7522,0.8673004347398885,2.71086,4.57661,3.56127,4.87013
2026-09-06T07:17:08.588582+00:00,31.631757337,112583,2666478114,2666494019,15,True,15,1.20081,1.74221,0.8913635286458605,2.68893,4.59025,3.55649,4.89329
2026-09-06T07:17:08.611536+00:00,31.654711401,112584,2666500371,2666517019,15,True,15,1.20785,1.75445,0.8852860695842896,2.73184,4.61462,3.58234,4.89226
2026-09-06T07:17:08.633646+00:00,31.676817701,112585,2666522631,2666539019,15,True,15,1.20576,1.73824,0.8861558977967702,2.70015,4.60683,3.58976,4.88358
2026-09-06T07:17:08.655554+00:00,31.698729308,112586,2666544884,2666561019,15,True,15,1.20667,1.74134,0.8854572177694414,2.69798,4.60697,3.58732,4.87632
2026-09-06T07:17:08.678532+00:00,31.721708013,112587,2666567143,2666584019,15,True,15,1.21499,1.73952,0.8770320008414743,2.70405,4.59583,3.58691,4.87818
2026-09-06T07:17:08.700592+00:00,31.743767752,112588,2666589403,2666606019,15,True,15,1.2195,1.77255,0.87540605007048,2.73105,4.60006,3.55704,4.86454
2026-09-06T07:17:08.722600+00:00,31.765775745,112589,2666611659,2666628019,15,True,15,1.22529,1.75334,0.8678145767962184,2.74642,4.60332,3.59353,4.88458
2026-09-06T07:17:08.744606+00:00,31.787781627,112590,2666633913,2666650019,15,True,15,1.2249,1.77743,0.8705691327516727,2.73558,4.59655,3.55392,4.85733
2026-09-06T07:17:08.766521+00:00,31.809696146,112591,2666656167,2666672019,15,True,15,1.24496,1.77946,0.8508730182583061,2.76069,4.5792,3.55718,4.85895
2026-09-06T07:17:08.816618+00:00,31.859793849,112592,2666705816,2666722019,15,True,15,1.2282,1.75994,0.8654996496821936,2.72856,4.59752,3.58186,4.85792
2026-09-06T07:17:08.838576+00:00,31.881751634,112593,2666728082,2666744019,15,True,15,1.19489,1.75162,0.8979706768597735,2.71827,4.6294,3.58688,4.89227
2026-09-06T07:17:08.861544+00:00,31.904719267,112594,2666750337,2666767019,15,True,15,1.21334,1.75776,0.8801019106898925,2.72111,4.60178,3.56931,4.87811
2026-09-06T07:17:08.883534+00:00,31.9267095,112595,2666772591,2666789019,15,True,15,1.22114,1.75006,0.8716800463472821,2.72374,4.58576,3.56934,4.88722
2026-09-06T07:17:08.905562+00:00,31.948737941,112596,2666794848,2666811019,15,True,15,1.21821,1.76563,0.8759853314981934,2.73239,4.60106,3.56528,4.87414
2026-09-06T07:17:08.927590+00:00,31.970765263,112597,2666817111,2666833019,15,True,15,1.23129,1.76443,0.8628506759573176,2.72413,4.58662,3.56653,4.85274
2026-09-06T07:17:08.950592+00:00,31.993767841,112598,2666839368,2666856019,15,True,15,1.24547,1.74852,0.8473050874980037,2.72469,4.56052,3.57299,4.86349
2026-09-06T07:17:08.972535+00:00,32.015710457,112599,2666861628,2666878019,15,True,15,1.23348,1.74383,0.8588950921387314,2.72845,4.5839,3.59201,4.8747
2026-09-06T07:17:08.994605+00:00,32.03778018,112600,2666883881,2666900019,15,True,15,1.20284,1.74303,0.8893962258183918,2.70807,4.60703,3.57992,4.89373
2026-09-06T07:17:09.017630+00:00,32.06080535,112601,2666906137,2666923019,15,True,15,1.22086,1.7452,0.8715821129417467,2.71713,4.59453,3.5863,4.87667
2026-09-06T07:17:09.039605+00:00,32.082780991,112602,2666928400,2666945019,15,True,15,1.20247,1.77894,0.8930277848421067,2.71525,4.62372,3.5557,4.85351
2026-09-06T07:17:09.061593+00:00,32.10476908,112603,2666950654,2666967020,15,True,15,1.23716,1.76605,0.8571701511951987,2.74864,4.59714,3.5862,4.85684
2026-09-06T07:17:09.083550+00:00,32.126725713,112604,2666972910,2666989019,15,True,15,1.25285,1.77571,0.8426034219014303,2.75389,4.57302,3.56505,4.84427
2026-09-06T07:17:09.105815+00:00,32.148990673,112605,2666995163,2667011020,15,True,15,1.227,1.7998,0.8712755247337088,2.74943,4.61124,3.54759,4.83392
2026-09-06T07:17:09.133544+00:00,32.176719926,112606,2667022576,2667039019,15,True,15,1.22128,1.74213,0.8709389044588604,2.71727,4.59923,3.59674,4.87435
2026-09-06T07:17:09.155619+00:00,32.198794545,112607,2667044842,2667061019,15,True,15,1.20353,1.74564,0.8888968840647378,2.7146,4.61703,3.59047,4.88771
2026-09-06T07:17:09.177556+00:00,32.220731977,112608,2667067097,2667083019,15,True,15,1.22526,1.74969,0.8675436379226118,2.72317,4.60447,3.59952,4.86084
2026-09-06T07:17:09.200660+00:00,32.24383491,112609,2667089350,2667106019,15,True,15,1.21192,1.7332,0.8796901308983747,2.69793,4.59368,3.5878,4.88554
2026-09-06T07:17:09.222670+00:00,32.265845111,112610,2667111602,2667128019,15,True,15,1.23298,1.75689,0.8604622899930012,2.73623,4.59229,3.58565,4.86447
2026-09-06T07:17:09.244644+00:00,32.287818704,112611,2667133858,2667150019,15,True,15,1.21332,1.75983,0.8803071346410865,2.71786,4.61236,3.58031,4.86257
2026-09-06T07:17:09.266653+00:00,32.30982849,112612,2667156121,2667172019,15,True,15,1.20221,1.75226,0.89072587910086,2.70057,4.61002,3.57128,4.87537
2026-09-06T07:17:09.289532+00:00,32.332707161,112613,2667178377,2667195019,15,True,15,1.20808,1.75619,0.8852049494326156,2.72452,4.59646,3.55704,4.89912
2026-09-06T07:17:09.328602+00:00,32.371777779,112614,2667217799,2667234019,15,True,15,1.20258,1.76292,0.8912855787007887,2.71656,4.62304,3.5752,4.87021
2026-09-06T07:17:09.351627+00:00,32.394802118,112615,2667240065,2667257020,15,True,15,1.21985,1.73731,0.8720352393108891,2.68941,4.57825,3.57394,4.8706
2026-09-06T07:17:09.373580+00:00,32.416755454,112616,2667262324,2667279019,15,True,15,1.18971,1.74084,0.9023433879072865,2.675,4.61981,3.5808,4.8741
2026-09-06T07:17:09.395595+00:00,32.438770648,112617,2667284579,2667301020,15,True,15,1.26146,1.77339,0.8337866775740661,2.76938,4.5631,3.56736,4.85565
2026-09-06T07:17:09.417571+00:00,32.460747121,112618,2667306831,2667323020,15,True,15,1.22581,1.75895,0.8677888329541926,2.72012,4.58834,3.56797,4.86298
2026-09-06T07:17:09.439618+00:00,32.482793067,112619,2667329084,2667345019,15,True,15,1.24037,1.77349,0.8547581628741546,2.7442,4.57955,3.55874,4.8549
2026-09-06T07:17:09.467562+00:00,32.510737462,112620,2667356576,2667373019,15,True,15,1.24655,1.7641,0.8476324159091603,2.75038,4.57233,3.56998,4.86468
2026-09-06T07:17:09.489621+00:00,32.532797329,112621,2667378839,2667395019,15,True,15,1.21983,1.77293,0.8751181713345917,2.74006,4.60642,3.56526,4.86764
2026-09-06T07:17:09.511617+00:00,32.554792266,112622,2667401093,2667417019,15,True,15,1.23479,1.74615,0.8577645169858682,2.72271,4.56456,3.5662,4.88159
2026-09-06T07:17:09.534472+00:00,32.577647065,112623,2667423347,2667440019,15,True,15,1.22312,1.76893,0.8714295607219208,2.73653,4.61187,3.58193,4.8554
2026-09-06T07:17:09.556559+00:00,32.599734388,112624,2667445600,2667462019,15,True,15,1.23076,1.73836,0.861219639348755,2.72669,4.5718,3.57962,4.89468
2026-09-06T07:17:09.578655+00:00,32.621827184,112625,2667467859,2667484020,15,True,15,1.21735,1.74477,0.8750503844922302,2.70687,4.59454,3.58196,4.87284
2026-09-06T07:17:09.600563+00:00,32.643738311,112626,2667490119,2667506019,15,True,15,1.22959,1.75779,0.8639193551483841,2.72093,4.58908,3.57566,4.85648
2026-09-06T07:17:09.623886+00:00,32.667057985,112627,2667512374,2667529019,15,True,15,1.22454,1.75494,0.8686984604567916,2.71569,4.60234,3.58921,4.85109
2026-09-06T07:17:09.645602+00:00,32.688778196,112628,2667534634,2667551019,15,True,15,1.23305,1.7418,0.8591755015711282,2.70843,4.57431,3.5817,4.86412
2026-09-06T07:17:09.667558+00:00,32.710733804,112629,2667556887,2667573019,15,True,15,1.21884,1.75603,0.8744714440735043,2.74182,4.60596,3.58454,4.88766
2026-09-06T07:17:09.690612+00:00,32.733786975,112630,2667579145,2667596019,15,True,15,1.21447,1.74309,0.8778001646160701,2.71827,4.60104,3.58838,4.88683
2026-09-06T07:17:09.712608+00:00,32.755783224,112631,2667601405,2667618019,15,True,15,1.23789,1.7589,0.8557550245835545,2.72173,4.5687,3.55974,4.85846
2026-09-06T07:17:09.734575+00:00,32.777750833,112632,2667623661,2667640019,15,True,15,1.25456,1.7642,0.8396723370458264,2.7533,4.56753,3.57493,4.85591
2026-09-06T07:17:09.756618+00:00,32.799793612,112633,2667645915,2667662019,15,True,15,1.24784,1.7792,0.8479823734017115,2.78691,4.58734,3.57201,4.8755
2026-09-06T07:17:09.778627+00:00,32.821802053,112634,2667668168,2667684019,15,True,15,1.23603,1.79699,0.8619462982112052,2.77644,4.61922,3.57416,4.84112
2026-09-06T07:17:09.828615+00:00,32.871791275,112635,2667717828,2667734019,15,True,15,1.22775,1.73237,0.86383891982244,2.7059,4.5664,3.57605,4.8883
2026-09-06T07:17:09.850653+00:00,32.893827941,112636,2667740094,2667756019,15,True,15,1.22684,1.76143,0.8669925204406321,2.71543,4.59971,3.58089,4.84254
2026-09-06T07:17:09.873582+00:00,32.916758005,112637,2667762350,2667779019,15,True,15,1.21809,1.75007,0.8747210143811568,2.71022,4.59296,3.57429,4.87165
2026-09-06T07:17:09.895588+00:00,32.938763759,112638,2667784611,2667801019,15,True,15,1.20003,1.75432,0.8930677820300091,2.69697,4.62058,3.57927,4.86395
2026-09-06T07:17:09.917646+00:00,32.96082113,112639,2667806868,2667823020,15,True,15,1.20275,1.73302,0.8888327643038367,2.66978,4.59221,3.57334,4.87492
2026-09-06T07:17:09.939647+00:00,32.982821859,112640,2667829131,2667845019,15,True,15,1.21532,1.74553,0.8771312805390079,2.69389,4.58423,3.56492,4.87162
2026-09-06T07:17:09.962503+00:00,33.005678769,112641,2667851388,2667868019,15,True,15,1.19796,1.73491,0.8937284093615911,2.67835,4.60956,3.58655,4.87604
2026-09-06T07:17:09.984635+00:00,33.027810382,112642,2667873642,2667890019,15,True,15,1.22811,1.73888,0.8638988520075713,2.71551,4.59148,3.6004,4.86869
2026-09-06T07:17:10.006641+00:00,33.04981524,112643,2667895895,2667912019,15,True,15,1.21451,1.75729,0.8788950359400147,2.72046,4.61615,3.59004,4.8618
2026-09-06T07:17:10.029634+00:00,33.07281033,112644,2667918444,2667935019,15,True,15,1.21022,1.7496,0.8825287578317206,2.70036,4.59706,3.56914,4.87342
2026-09-06T07:17:10.051470+00:00,33.094645711,112645,2667940709,2667957019,15,True,15,1.21751,1.75714,0.8758934750870105,2.71383,4.60182,3.57597,4.86195
2026-09-06T07:17:10.073567+00:00,33.116742571,112646,2667962962,2667979020,15,True,15,1.21097,1.7728,0.883914917229028,2.74469,4.61277,3.56121,4.88511
2026-09-06T07:17:10.096619+00:00,33.139794271,112647,2667985217,2668002019,15,True,15,1.23805,1.76909,0.8565954883140581,2.74375,4.59772,3.58436,4.84609
2026-09-06T07:17:10.118586+00:00,33.161760759,112648,2668007467,2668024019,15,True,15,1.23845,1.77722,0.8570817527517429,2.76039,4.59389,3.56979,4.86022
2026-09-06T07:17:10.146644+00:00,33.189819173,112649,2668035567,2668052019,15,True,15,1.20856,1.74265,0.8836636781604185,2.70918,4.59969,3.57895,4.89051
2026-09-06T07:17:10.168481+00:00,33.211655931,112650,2668057834,2668074019,15,True,15,1.21486,1.76488,0.8792466286543268,2.72173,4.60546,3.56721,4.86562
2026-09-06T07:17:10.190636+00:00,33.233811128,112651,2668080088,2668096019,15,True,15,1.21596,1.74916,0.8767719356822502,2.69347,4.59308,3.57262,4.85815
2026-09-06T07:17:10.213481+00:00,33.256656743,112652,2668102342,2668119019,15,True,15,1.22787,1.74169,0.8643343062727522,2.71444,4.59612,3.60247,4.86103
2026-09-06T07:17:10.235632+00:00,33.278807684,112653,2668124595,2668141019,15,True,15,1.24094,1.73876,0.8510908419199444,2.72368,4.57532,3.59779,4.86679
2026-09-06T07:17:10.257620+00:00,33.300795357,112654,2668146850,2668163019,15,True,15,1.20603,1.73886,0.8859274578090465,2.71204,4.60769,3.59046,4.89482
2026-09-06T07:17:10.279572+00:00,33.322747894,112655,2668169113,2668185020,15,True,15,1.21877,1.74707,0.8738078151401485,2.71067,4.60826,3.59863,4.85903
2026-09-06T07:17:10.302632+00:00,33.345807241,112656,2668191369,2668208020,15,True,15,1.2094,1.74881,0.8832843121554915,2.69969,4.59462,3.56584,4.87737
2026-09-06T07:17:10.341651+00:00,33.384826563,112657,2668230801,2668247019,15,True,15,1.22488,1.74506,0.8675629187557522,2.71107,4.59836,3.59697,4.85817
2026-09-06T07:17:10.364600+00:00,33.407775348,112658,2668253067,2668270019,15,True,15,1.23422,1.77362,0.860885656054275,2.74712,4.59309,3.56736,4.85796
2026-09-06T07:17:10.386591+00:00,33.429767021,112659,2668275324,2668292019,15,True,15,1.2161,1.76398,0.8779258797871263,2.72812,4.60408,3.5683,4.87236
2026-09-06T07:17:10.408484+00:00,33.451659076,112660,2668297579,2668314019,15,True,15,1.25411,1.76199,0.8399014538622966,2.77744,4.57006,3.5803,4.88395
2026-09-06T07:17:10.430572+00:00,33.473747104,112661,2668319832,2668336019,15,True,15,1.25511,1.7683,0.8395464264113093,2.7539,4.57287,3.57737,4.84662
2026-09-06T07:17:10.452481+00:00,33.495656823,112662,2668342085,2668358019,15,True,15,1.2329,1.77037,0.8618510004055223,2.73238,4.59015,3.56583,4.84985
2026-09-06T07:17:10.480601+00:00,33.523776487,112663,2668369584,2668386020,15,True,15,1.21772,1.74331,0.8745744991137118,2.7065,4.59037,3.57895,4.87694
2026-09-06T07:17:10.502593+00:00,33.54576848,112664,2668391847,2668408019,15,True,15,1.22667,1.7659,0.8675929338693348,2.73534,4.59652,3.57095,4.86412
2026-09-06T07:17:10.524573+00:00,33.567748409,112665,2668414102,2668430019,15,True,15,1.22553,1.74845,0.8671757511600516,2.7263,4.58332,3.57437,4.88486
2026-09-06T07:17:10.547576+00:00,33.590751979,112666,2668436355,2668453019,15,True,15,1.21287,1.74236,0.8793439637024866,2.69062,4.59344,3.57732,4.86728
2026-09-06T07:17:10.569643+00:00,33.612818407,112667,2668458613,2668475019,15,True,15,1.21346,1.73846,0.8784873039492374,2.6997,4.59868,3.58975,4.87478
2026-09-06T07:17:10.591792+00:00,33.634966788,112668,2668480872,2668497019,15,True,15,1.19889,1.75305,0.8940991749241243,2.70183,4.61283,3.56926,4.8802
2026-09-06T07:17:10.613585+00:00,33.656760856,112669,2668503131,2668519019,15,True,15,1.20222,1.75392,0.8908521172450563,2.70613,4.61819,3.57976,4.87226
2026-09-06T07:17:10.636573+00:00,33.679748266,112670,2668525388,2668542020,15,True,15,1.23236,1.75226,0.8606787305377076,2.73446,4.58677,3.58354,4.87325
2026-09-06T07:17:10.658588+00:00,33.701763748,112671,2668547642,2668564019,15,True,15,1.24299,1.75957,0.8507392814487877,2.74322,4.57901,3.57926,4.86181
2026-09-06T07:17:10.680614+00:00,33.723790143,112672,2668569895,2668586020,15,True,15,1.22641,1.7513,0.8665283481225526,2.74478,4.59129,3.58223,4.89365
2026-09-06T07:17:10.703630+00:00,33.746805649,112673,2668592153,2668609019,15,True,15,1.2291,1.75989,0.8645988793076241,2.74574,4.58395,3.56575,4.88821
2026-09-06T07:17:10.725560+00:00,33.768735401,112674,2668614413,2668631019,15,True,15,1.20425,1.76861,0.8901712164522058,2.72633,4.61732,3.56296,4.87786
2026-09-06T07:17:10.747576+00:00,33.790752067,112675,2668636668,2668653019,15,True,15,1.25409,1.78272,0.8421976766175503,2.78815,4.58352,3.57142,4.86442
2026-09-06T07:17:10.769604+00:00,33.812779901,112676,2668658922,2668675020,15,True,15,1.24503,1.75897,0.8486522030843964,2.75698,4.57548,3.57836,4.87705
2026-09-06T07:17:10.791592+00:00,33.834767895,112677,2668681174,2668697019,15,True,15,1.2113,1.77683,0.8840190828822643,2.74488,4.62022,3.56622,4.87389
2026-09-06T07:17:10.842614+00:00,33.885789398,112678,2668731080,2668748019,15,True,15,1.23426,1.74295,0.8580522420575567,2.70887,4.58439,3.59482,4.85156
2026-09-06T07:17:10.864659+00:00,33.90783448,112679,2668753346,2668770019,15,True,15,1.23536,1.74694,0.8572575419324112,2.72345,4.58527,3.59247,4.86107
2026-09-06T07:17:10.887027+00:00,33.930196499,112680,2668775600,2668792020,15,True,15,1.21401,1.75377,0.8790907194368507,2.73902,4.60966,3.58541,4.89299
2026-09-06T07:17:10.908583+00:00,33.951758306,112681,2668797855,2668814019,15,True,15,1.21901,1.74765,0.8736132454353013,2.71915,4.59462,3.58075,4.88037
2026-09-06T07:17:10.931610+00:00,33.974785428,112682,2668820111,2668837019,15,True,15,1.22376,1.76395,0.8702984201410455,2.73966,4.59415,3.56627,4.87898
2026-09-06T07:17:10.953701+00:00,33.9968756,112683,2668842374,2668859019,15,True,15,1.23718,1.75836,0.85641242517843,2.74897,4.57688,3.56993,4.88334
2026-09-06T07:17:10.975643+00:00,34.018819113,112684,2668864636,2668881019,15,True,15,1.22162,1.77188,0.8732272091500585,2.74139,4.61071,3.57462,4.86236
2026-09-06T07:17:10.997501+00:00,34.040676607,112685,2668886889,2668903019,15,True,15,1.21175,1.74591,0.8807197003587461,2.71209,4.5998,3.57944,4.88412
2026-09-06T07:17:11.019664+00:00,34.062838876,112686,2668909142,2668925019,15,True,15,1.22602,1.74653,0.86653775526517,2.73762,4.58208,3.57587,4.89944
2026-09-06T07:17:11.042632+00:00,34.085807598,112687,2668931398,2668948019,15,True,15,1.22019,1.73475,0.8715314099904831,2.72245,4.60302,3.6093,4.8856
2026-09-06T07:17:11.074626+00:00,34.117801468,112688,2668953662,2668980019,15,True,15,1.22584,1.76391,0.8682242761521931,2.7221,4.58416,3.55636,4.86449
2026-09-06T07:17:11.091656+00:00,34.134831132,112689,2668980694,2668997019,15,True,15,1.23541,1.76124,0.8584427795141619,2.73902,4.5811,3.56925,4.86914
2026-09-06T07:17:11.113587+00:00,34.156761909,112690,2669002949,2669019019,15,True,15,1.23003,1.79775,0.8679939305087334,2.8015,4.61627,3.56097,4.88431
2026-09-06T07:17:11.135630+00:00,34.178804912,112691,2669025201,2669041019,15,True,15,1.22646,1.78149,0.869483497083182,2.77151,4.62188,3.5837,4.86705
2026-09-06T07:17:11.163841+00:00,34.207014881,112692,2669052580,2669069019,15,True,15,1.21877,1.76086,0.8749743153373132,2.72038,4.5856,3.55213,4.87854
2026-09-06T07:17:11.185628+00:00,34.228803734,112693,2669074846,2669091019,15,True,15,1.21842,1.75236,0.874578564795639,2.70457,4.5941,3.57334,4.86147
2026-09-06T07:17:11.217502+00:00,34.260678017,112694,2669097100,2669123019,15,True,15,1.2109,1.74521,0.8815152602763038,2.71726,4.60627,3.58746,4.88614
2026-09-06T07:17:11.234500+00:00,34.277675937,112695,2669123688,2669140019,15,True,15,1.23617,1.74962,0.8566636523747228,2.74271,4.57674,3.57934,4.88655
2026-09-06T07:17:11.256637+00:00,34.299812094,112696,2669145941,2669162019,15,True,15,1.23114,1.75867,0.8624554878369085,2.73967,4.59334,3.5822,4.86949
2026-09-06T07:17:11.279681+00:00,34.322857009,112697,2669168196,2669185019,15,True,15,1.20604,1.76731,0.8882614016718275,2.71327,4.61535,3.56457,4.86268
2026-09-06T07:17:11.301648+00:00,34.34482369,112698,2669190457,2669207019,15,True,15,1.21358,1.75169,0.879347185416545,2.71139,4.59607,3.56994,4.87776
2026-09-06T07:17:11.323609+00:00,34.366784067,112699,2669212715,2669229019,15,True,15,1.21118,1.7312,0.8803101910122363,2.69816,4.58756,3.58145,4.8949
2026-09-06T07:17:11.364909+00:00,34.408084053,112700,2669253945,2669270019,15,True,15,1.19892,1.73501,0.8927763810159853,2.69721,4.61425,3.59379,4.89031
2026-09-06T07:17:11.387696+00:00,34.43087133,112701,2669276212,2669293019,15,True,15,1.19414,1.72947,0.8972248438936584,2.65692,4.60755,3.58548,4.86733
2026-09-06T07:17:11.409660+00:00,34.452835515,112702,2669298468,2669315019,15,True,15,1.21708,1.7534,0.8760005059359269,2.70475,4.59326,3.56906,4.86428
2026-09-06T07:17:11.431596+00:00,34.474771635,112703,2669320723,2669337019,15,True,15,1.22574,1.78604,0.870740965614918,2.7669,4.62092,3.57573,4.85998
2026-09-06T07:17:11.453637+00:00,34.496812238,112704,2669342975,2669359019,15,True,15,1.23355,1.76224,0.8603894583849804,2.73931,4.59287,3.58049,4.86128
2026-09-06T07:17:11.476610+00:00,34.519785504,112705,2669365228,2669382019,15,True,15,1.22395,1.80345,0.8748042666791238,2.77417,4.62542,3.5571,4.85155
2026-09-06T07:17:11.504673+00:00,34.547848078,112706,2669393574,2669410019,15,True,15,1.22222,1.75888,0.8713576664034118,2.71677,4.59617,3.57311,4.85928
2026-09-06T07:17:11.526516+00:00,34.569692036,112707,2669415834,2669432019,15,True,15,1.22883,1.75074,0.8640705506496559,2.73294,4.59421,3.59004,4.87319
2026-09-06T07:17:11.548668+00:00,34.591843233,112708,2669438089,2669454019,15,True,15,1.2165,1.72837,0.8748382175579665,2.70182,4.58589,3.59027,4.89224
2026-09-06T07:17:11.571638+00:00,34.614812723,112709,2669460343,2669477019,15,True,15,1.19828,1.73597,0.8934747894037076,2.69488,4.60974,3.58591,4.89242
2026-09-06T07:17:11.593521+00:00,34.63669681,112710,2669482596,2669499019,15,True,15,1.21557,1.74556,0.8768842218331903,2.723,4.60235,3.5885,4.88635
2026-09-06T07:17:11.615617+00:00,34.658792134,112711,2669504854,2669521019,15,True,15,1.24074,1.74032,0.8513994655859257,2.71616,4.56989,3.58865,4.86246
2026-09-06T07:17:11.637667+00:00,34.680842561,112712,2669527115,2669543019,15,True,15,1.21413,1.75222,0.8788424120967308,2.70622,4.60392,3.58014,4.863
2026-09-06T07:17:11.660515+00:00,34.703690287,112713,2669549371,2669566019,15,True,15,1.18129,1.73482,0.9103620689044551,2.6457,4.61119,3.56547,4.87311
2026-09-06T07:17:11.682630+00:00,34.725805484,112714,2669571631,2669588019,15,True,15,1.21234,1.7411,0.8797842267283494,2.71069,4.58552,3.56798,4.8992
2026-09-06T07:17:11.704633+00:00,34.74780887,112715,2669593885,2669610019,15,True,15,1.23267,1.73661,0.8591969628670715,2.7224,4.57537,3.58905,4.88426
2026-09-06T07:17:11.727607+00:00,34.77078268,112716,2669616142,2669633019,15,True,15,1.20546,1.73833,0.8864611669441588,2.70525,4.61086,3.59439,4.88595
2026-09-06T07:17:11.749659+00:00,34.792834611,112717,2669638402,2669655019,15,True,15,1.22435,1.75537,0.8689249446298568,2.71482,4.58989,3.57244,4.86189
2026-09-06T07:17:11.771522+00:00,34.814697993,112718,2669660659,2669677019,15,True,15,1.22473,1.75608,0.8686082772458478,2.73299,4.60155,3.58705,4.8698
2026-09-06T07:17:11.793665+00:00,34.836840999,112719,2669682913,2669699019,15,True,15,1.22118,1.77677,0.8741925561911402,2.72941,4.59827,3.55176,4.85703
2026-09-06T07:17:11.815581+00:00,34.858756318,112720,2669705167,2669721019,15,True,15,1.24033,1.78211,0.8557835947247411,2.76587,4.60106,3.57549,4.85125
2026-09-06T07:17:11.867693+00:00,34.910868056,112721,2669756679,2669773019,15,True,15,1.23746,1.77113,0.8573967159372607,2.74989,4.59896,3.58258,4.85117
2026-09-06T07:17:11.889613+00:00,34.932788688,112722,2669778947,2669795019,15,True,15,1.22627,1.74226,0.8659710275176646,2.71555,4.58165,3.58104,4.87865
2026-09-06T07:17:11.911643+00:00,34.954818315,112723,2669801201,2669817019,15,True,15,1.21963,1.77235,0.8752556537378092,2.74704,4.6145,3.57613,4.8688
2026-09-06T07:17:11.934443+00:00,34.977618712,112724,2669823456,2669840020,15,True,15,1.20206,1.75375,0.890997478167026,2.71867,4.61025,3.5695,4.89417
2026-09-06T07:17:11.956612+00:00,34.999787542,112725,2669845712,2669862019,15,True,15,1.21236,1.74906,0.8803529140066497,2.71822,4.60506,3.5831,4.88182
2026-09-06T07:17:11.978516+00:00,35.021691982,112726,2669867976,2669884019,15,True,15,1.22729,1.74407,0.8650858390934392,2.71804,4.58526,3.58481,4.87428
2026-09-06T07:17:12.001655+00:00,35.044830467,112727,2669890231,2669907019,15,True,15,1.19111,1.72356,0.8999448348093343,2.64471,4.59984,3.57877,4.87299
2026-09-06T07:17:12.023656+00:00,35.066831741,112728,2669912485,2669929019,15,True,15,1.21307,1.76677,0.8812123795090486,2.74274,4.62409,3.58636,4.87346
2026-09-06T07:17:12.045447+00:00,35.088623122,112729,2669934738,2669951019,15,True,15,1.20974,1.73774,0.8821516735800027,2.70629,4.59776,3.58428,4.89124
2026-09-06T07:17:12.067672+00:00,35.110846354,112730,2669956995,2669973019,15,True,15,1.20496,1.75224,0.8879833439879374,2.71114,4.61177,3.57739,4.87984
2026-09-06T07:17:12.090632+00:00,35.133807747,112731,2669979258,2669996019,15,True,15,1.2217,1.76433,0.8723854875569629,2.74039,4.61224,3.58619,4.86659
2026-09-06T07:17:12.112660+00:00,35.155835582,112732,2670001515,2670018019,15,True,15,1.2662,1.77918,0.829748824886182,2.78973,4.56769,3.57256,4.8595
2026-09-06T07:17:12.134627+00:00,35.177802199,112733,2670023769,2670040019,15,True,15,1.22863,1.75198,0.8643722562067802,2.74485,4.59475,3.5889,4.88531
2026-09-06T07:17:12.156674+00:00,35.199849778,112734,2670046024,2670062019,15,True,15,1.25857,1.77726,0.8370993683547968,2.78299,4.57749,3.57685,4.86003
2026-09-06T07:17:12.184615+00:00,35.227790174,112735,2670073577,2670090019,15,True,15,1.23675,1.72301,0.8543333205488357,2.72451,4.56646,3.60042,4.8991
2026-09-06T07:17:12.206653+00:00,35.249828953,112736,2670095840,2670112019,15,True,15,1.22393,1.72709,0.8673492451141004,2.70715,4.58059,3.59545,4.88909
2026-09-06T07:17:12.228657+00:00,35.271832659,112737,2670118096,2670134019,15,True,15,1.22137,1.74176,0.870822814641417,2.71337,4.6003,3.5987,4.86917
2026-09-06T07:17:12.251649+00:00,35.294825381,112738,2670140351,2670157019,15,True,15,1.24171,1.73655,0.8501728216074657,2.71873,4.55541,3.57631,4.88037
2026-09-06T07:17:12.273667+00:00,35.3168424,112739,2670162611,2670179019,15,True,15,1.21874,1.74521,0.8736969335530484,2.69742,4.58601,3.5724,4.86713
2026-09-06T07:17:12.295697+00:00,35.338873146,112740,2670184867,2670201019,15,True,15,1.21639,1.7585,0.8771297977494549,2.72571,4.59639,3.56569,4.88139
2026-09-06T07:17:12.327612+00:00,35.370788199,112741,2670207132,2670233019,15,True,15,1.21461,1.76329,0.8793434347284341,2.72023,4.60138,3.56359,4.86978
2026-09-06T07:17:12.366690+00:00,35.409865443,112742,2670255804,2670272020,15,True,15,1.19772,1.71141,0.8928326755333275,2.62912,4.5817,3.58003,4.87088
2026-09-06T07:17:12.388625+00:00,35.431800475,112743,2670278069,2670294019,15,True,15,1.20247,1.76474,0.8915662445943093,2.72831,4.62185,3.57121,4.883
2026-09-06T07:17:12.411646+00:00,35.45482187,112744,2670300326,2670317019,15,True,15,1.24403,1.76846,0.8505823960675414,2.75648,4.58516,3.5774,4.86064
2026-09-06T07:17:12.433620+00:00,35.476795335,112745,2670322589,2670339019,15,True,15,1.23905,1.76822,0.8555107660923968,2.75713,4.60269,3.59322,4.85529
2026-09-06T07:17:12.455739+00:00,35.49890986,112746,2670344845,2670361019,15,True,15,1.25238,1.77492,0.8429810619462336,2.76118,4.58297,3.57815,4.84487
2026-09-06T07:17:12.477672+00:00,35.520847261,112747,2670367100,2670383019,15,True,15,1.26422,1.7865,0.8326192757797527,2.79013,4.57601,3.57121,4.84942
2026-09-06T07:17:12.500666+00:00,35.543841391,112748,2670389352,2670406019,15,True,15,1.24634,1.76937,0.8483803348145216,2.75569,4.58935,3.58486,4.8502
2026-09-06T07:17:12.528702+00:00,35.571877597,112749,2670417582,2670434019,15,True,15,1.23116,1.75331,0.8619631672525223,2.73692,4.59166,3.5868,4.8729
2026-09-06T07:17:12.551120+00:00,35.594295233,112750,2670439845,2670456019,15,True,15,1.22702,1.75054,0.8658581708339996,2.71416,4.58204,3.57217,4.86755
2026-09-06T07:17:12.572665+00:00,35.615840656,112751,2670462101,2670478020,15,True,15,1.22987,1.76919,0.8647418533874718,2.7592,4.59541,3.56984,4.88246
2026-09-06T07:17:12.595652+00:00,35.638827362,112752,2670484355,2670501020,15,True,15,1.23723,1.75187,0.8557931816741704,2.73655,4.58698,3.59109,4.86574
2026-09-06T07:17:12.617665+00:00,35.660840188,112753,2670506613,2670523019,15,True,15,1.23153,1.72881,0.8598564746514384,2.71829,4.57275,3.59388,4.89165
2026-09-06T07:17:12.639653+00:00,35.68282879,112754,2670528870,2670545019,15,True,15,1.20296,1.74504,0.8894212518261522,2.70792,4.61392,3.58642,4.88498
2026-09-06T07:17:12.661670+00:00,35.704845457,112755,2670551131,2670567019,15,True,15,1.21186,1.75861,0.8816515137513233,2.7259,4.61622,3.58478,4.87204
2026-09-06T07:17:12.684659+00:00,35.727834531,112756,2670573388,2670590019,15,True,15,1.22167,1.75726,0.8717603435004369,2.72491,4.60356,3.58386,4.86403
2026-09-06T07:17:12.706452+00:00,35.749627,112757,2670595642,2670612020,15,True,15,1.21745,1.76055,0.8762601240499307,2.71892,4.61019,3.58237,4.85668
2026-09-06T07:17:12.728533+00:00,35.771708916,112758,2670617895,2670634019,15,True,15,1.19636,1.76775,0.8979379221861608,2.72364,4.62411,3.56177,4.88541
2026-09-06T07:17:12.751627+00:00,35.794802953,112759,2670640152,2670657019,15,True,15,1.2293,1.76313,0.8647052023088561,2.73961,4.58948,3.56905,4.87272
2026-09-06T07:17:12.773664+00:00,35.816839812,112760,2670662415,2670679019,15,True,15,1.21561,1.75617,0.8777013962618492,2.72233,4.60437,3.57782,4.87383
2026-09-06T07:17:12.795725+00:00,35.838895871,112761,2670684670,2670701019,15,True,15,1.23934,1.77627,0.8560901520867995,2.74203,4.57553,3.54859,4.85579
2026-09-06T07:17:12.817691+00:00,35.860866712,112762,2670706925,2670723020,15,True,15,1.23414,1.76292,0.8598674700208165,2.732,4.58633,3.57205,4.85737
2026-09-06T07:17:12.849621+00:00,35.892796165,112763,2670729180,2670755020,15,True,15,1.24047,1.7471,0.8521758215884794,2.74046,4.57913,3.59154,4.87529
2026-09-06T07:17:12.899629+00:00,35.9428051,112764,2670788827,2670805019,15,True,15,1.20172,1.74215,0.89045156010869,2.70027,4.61345,3.58773,4.88213
2026-09-06T07:17:12.921436+00:00,35.964611969,112765,2670811093,2670827019,15,True,15,1.21874,1.74915,0.8739998341533023,2.72337,4.59511,3.5791,4.88379
2026-09-06T07:17:12.944439+00:00,35.98761474,112766,2670833348,2670850019,15,True,15,1.21552,1.74627,0.8769874476296681,2.71756,4.59343,3.57608,4.88814
2026-09-06T07:17:12.966662+00:00,36.009837043,112767,2670855603,2670872020,15,True,15,1.22285,1.7433,0.8694573091877483,2.71063,4.58658,3.58128,4.87459
2026-09-06T07:17:12.988662+00:00,36.031838029,112768,2670877858,2670894020,15,True,15,1.22066,1.76745,0.8737273820248508,2.71997,4.60131,3.56673,4.85327
2026-09-06T07:17:13.010676+00:00,36.053851912,112769,2670900121,2670916019,15,True,15,1.20549,1.76847,0.8889234393354694,2.73501,4.63141,3.5831,4.87181
2026-09-06T07:17:13.033442+00:00,36.076617557,112770,2670922377,2670939019,15,True,15,1.21616,1.74999,0.8766384349890209,2.71669,4.61525,3.60031,4.86182
2026-09-06T07:17:13.055678+00:00,36.098853397,112771,2670944638,2670961019,15,True,15,1.20364,1.74128,0.8884758229687512,2.7058,4.61329,3.59127,4.88529
2026-09-06T07:17:13.077672+00:00,36.120847247,112772,2670966891,2670983020,15,True,15,1.2253,1.73405,0.8663876110032966,2.7128,4.57733,3.58448,4.88919
2026-09-06T07:17:13.100624+00:00,36.143799232,112773,2670989146,2671006019,15,True,15,1.19744,1.74404,0.8948544435828654,2.69324,4.61371,3.57971,4.88114
2026-09-06T07:17:13.122686+00:00,36.165861788,112774,2671011408,2671028019,15,True,15,1.23572,1.75418,0.8574946010325663,2.73984,4.58481,3.58331,4.87247
2026-09-06T07:17:13.144435+00:00,36.187610512,112775,2671033664,2671050019,15,True,15,1.24575,1.76643,0.8486625992701693,2.74765,4.57179,3.56523,4.86158
2026-09-06T07:17:13.166704+00:00,36.209879985,112776,2671055918,2671072019,15,True,15,1.24043,1.76775,0.8540897185893294,2.74552,4.58846,3.5775,4.85319
2026-09-06T07:17:13.188666+00:00,36.23184129,112777,2671078171,2671094019,15,True,15,1.18799,1.70925,0.9024841287247104,2.61218,4.58979,3.57949,4.867
2026-09-06T07:17:13.216678+00:00,36.259854584,112778,2671105585,2671122019,15,True,15,1.23872,1.75113,0.8542465190447074,2.73136,4.58387,3.59012,4.86047
2026-09-06T07:17:13.238682+00:00,36.28185813,112779,2671127850,2671144019,15,True,15,1.22238,1.73545,0.8693901120325672,2.71575,4.58797,3.59225,4.88716
2026-09-06T07:17:13.260689+00:00,36.30386414,112780,2671150105,2671166019,15,True,15,1.21792,1.75187,0.8750364696971207,2.709,4.61294,3.59744,4.85004
2026-09-06T07:17:13.283696+00:00,36.326871871,112781,2671172360,2671189019,15,True,15,1.22655,1.75134,0.8663921156728054,2.7264,4.58389,3.5729,4.87969
2026-09-06T07:17:13.305677+00:00,36.348852409,112782,2671194620,2671211019,15,True,15,1.2253,1.74859,0.8674160928297329,2.70646,4.58504,3.57607,4.86148
2026-09-06T07:17:13.327676+00:00,36.370851155,112783,2671216876,2671233019,15,True,15,1.1974,1.74875,0.8952437224018942,2.69871,4.60856,3.56709,4.8878
2026-09-06T07:17:13.349698+00:00,36.392873614,112784,2671239140,2671255020,15,True,15,1.2107,1.74451,0.8816632180713901,2.71645,4.60302,3.58389,4.88936
2026-09-06T07:17:13.372680+00:00,36.415855968,112785,2671261395,2671278019,15,True,15,1.20912,1.74163,0.8830333126785194,2.71515,4.60724,3.59072,4.88982
2026-09-06T07:17:13.411724+00:00,36.454898395,112786,2671300797,2671317019,15,True,15,1.21063,1.7526,0.882361806120369,2.70965,4.60553,3.57684,4.87211
2026-09-06T07:17:13.434651+00:00,36.477827276,112787,2671323063,2671340019,15,True,15,1.21949,1.72766,0.8718137046984291,2.71334,4.58878,3.59901,4.89681
2026-09-06T07:17:13.456672+00:00,36.499847591,112788,2671345321,2671362019,15,True,15,1.20959,1.76257,0.8842734718400185,2.70832,4.60624,3.56373,4.86288
2026-09-06T07:17:13.478694+00:00,36.521869506,112789,2671367576,2671384020,15,True,15,1.24661,1.76997,0.8481752725704751,2.75349,4.57861,3.57073,4.85672
2026-09-06T07:17:13.500688+00:00,36.543863772,112790,2671389829,2671406020,15,True,15,1.24135,1.7606,0.8524688747983705,2.72992,4.591,3.59102,4.83789
2026-09-06T07:17:13.522693+00:00,36.565868182,112791,2671412082,2671428019,15,True,15,1.23151,1.76268,0.8624622093170226,2.74476,4.59647,3.58169,4.86779
2026-09-06T07:17:13.550645+00:00,36.593820354,112792,2671439590,2671456019,15,True,15,1.23469,1.7445,0.8577385651234295,2.74444,4.58855,3.59877,4.88516
2026-09-06T07:17:13.572688+00:00,36.615863133,112793,2671461852,2671478019,15,True,15,1.21049,1.75583,0.8827729204047888,2.73327,4.61061,3.57912,4.89096
2026-09-06T07:17:13.594706+00:00,36.637880728,112794,2671484107,2671500019,15,True,15,1.214,1.74272,0.8782424485300171,2.71258,4.6015,3.58877,4.88138
2026-09-06T07:17:13.617688+00:00,36.660863082,112795,2671506361,2671523019,15,True,15,1.21657,1.75083,0.8762972405525421,2.71598,4.59114,3.56887,4.88219
2026-09-06T07:17:13.639688+00:00,36.68286378,112796,2671528620,2671545019,15,True,15,1.19238,1.77534,0.9026690312622893,2.70571,4.63717,3.5636,4.85414
2026-09-06T07:17:13.661656+00:00,36.70483155,112797,2671550879,2671567019,15,True,15,1.21256,1.74453,0.8798096808401233,2.70286,4.60129,3.58424,4.87206
2026-09-06T07:17:13.683717+00:00,36.726892346,112798,2671573139,2671589019,15,True,15,1.19581,1.76639,0.8983534873311283,2.72293,4.62435,3.56304,4.88675
2026-09-06T07:17:13.706687+00:00,36.749862379,112799,2671595396,2671612019,15,True,15,1.20379,1.73852,0.88814005342626,2.69699,4.61333,3.595,4.87771
2026-09-06T07:17:13.728706+00:00,36.77188199,112800,2671617650,2671634019,15,True,15,1.20003,1.73195,0.8914849428902318,2.70019,4.61067,3.59457,4.89752
2026-09-06T07:17:13.750701+00:00,36.793876384,112801,2671639904,2671656019,15,True,15,1.20371,1.74119,0.8883997862449088,2.70042,4.61023,3.58756,4.88215
2026-09-06T07:17:13.773691+00:00,36.816866803,112802,2671662163,2671679019,15,True,15,1.21655,1.74346,0.8757522903766793,2.70264,4.58185,3.56619,4.88292
2026-09-06T07:17:13.795707+00:00,36.838882381,112803,2671684423,2671701019,15,True,15,1.22299,1.7445,0.8694058834054436,2.70005,4.5871,3.58063,4.86094
2026-09-06T07:17:13.817700+00:00,36.860875303,112804,2671706679,2671723019,15,True,15,1.25196,1.7748,0.8433848952880291,2.78739,4.59276,3.59024,4.86654
2026-09-06T07:17:13.839694+00:00,36.882869089,112805,2671728933,2671745019,15,True,15,1.23435,1.76467,0.8598290128857013,2.74541,4.59128,3.57649,4.86578
2026-09-06T07:17:13.861693+00:00,36.904869148,112806,2671751187,2671767019,15,True,15,1.26171,1.76679,0.8328246083059744,2.76123,4.56614,3.57989,4.84909
2026-09-06T07:17:13.911911+00:00,36.955086536,112807,2671800809,2671817019,15,True,15,1.20946,1.73635,0.8823412118336079,2.71369,4.60221,3.59135,4.89709
2026-09-06T07:17:13.934352+00:00,36.977483916,112808,2671823075,2671839019,15,True,15,1.20473,1.74576,0.8877090460843573,2.71683,4.60812,3.58053,4.89604
2026-09-06T07:17:13.956698+00:00,36.999873392,112809,2671845330,2671862019,15,True,15,1.20943,1.75061,0.8833964551660821,2.70874,4.60367,3.57527,4.87715
2026-09-06T07:17:13.978704+00:00,37.021879786,112810,2671867583,2671884019,15,True,15,1.21326,1.73991,0.8787845217685617,2.68899,4.5953,3.58332,4.86521
2026-09-06T07:17:14.000656+00:00,37.043831491,112811,2671889839,2671906019,15,True,15,1.2097,1.74227,0.8824996560339272,2.7015,4.60586,3.58894,4.87421
2026-09-06T07:17:14.022689+00:00,37.065864383,112812,2671912103,2671928019,15,True,15,1.24004,1.75051,0.8528796290802119,2.74297,4.58622,3.59573,4.86918
2026-09-06T07:17:14.045699+00:00,37.088873874,112813,2671934358,2671951019,15,True,15,1.24339,1.76596,0.8509627569406312,2.75692,4.58614,3.58091,4.86385
2026-09-06T07:17:14.067707+00:00,37.110882956,112814,2671956619,2671973019,15,True,15,1.21164,1.76368,0.8823370285780823,2.7243,4.613,3.57394,4.86909
2026-09-06T07:17:14.089693+00:00,37.132868614,112815,2671978874,2671995019,15,True,15,1.21279,1.746,0.8796893679589403,2.71327,4.59756,3.5779,4.88532
2026-09-06T07:17:14.112690+00:00,37.155865177,112816,2672001132,2672018019,15,True,15,1.22755,1.73875,0.8644487058235438,2.71762,4.59196,3.6004,4.87186
2026-09-06T07:17:14.134705+00:00,37.177880884,112817,2672023395,2672040020,15,True,15,1.21869,1.74071,0.8734224752088761,2.70935,4.59818,3.59357,4.87317
2026-09-06T07:17:14.156717+00:00,37.199892239,112818,2672045651,2672062020,15,True,15,1.22325,1.76923,0.8713309103893881,2.72328,4.61258,3.58265,4.83927
2026-09-06T07:17:14.178705+00:00,37.221880777,112819,2672067906,2672084019,15,True,15,1.22617,1.74918,0.8665957196409406,2.72682,4.5879,3.5802,4.87917
2026-09-06T07:17:14.200704+00:00,37.243879395,112820,2672090160,2672106020,15,True,15,1.23951,1.75932,0.8541808371182299,2.73533,4.58329,3.58019,4.85627
2026-09-06T07:17:14.228576+00:00,37.271751501,112821,2672117576,2672134019,15,True,15,1.21163,1.75605,0.8816560890732847,2.7146,4.59916,3.56569,4.8784
2026-09-06T07:17:14.250706+00:00,37.293881355,112822,2672139842,2672156020,15,True,15,1.2232,1.7718,0.8716475663936656,2.73908,4.6042,3.56853,4.86275
2026-09-06T07:17:14.272702+00:00,37.315877925,112823,2672162098,2672178019,15,True,15,1.20979,1.76302,0.8841164880828769,2.72923,4.61653,3.57674,4.87567
2026-09-06T07:17:14.295774+00:00,37.338946074,112824,2672184351,2672201019,15,True,15,1.23358,1.73574,0.8582319989373502,2.70417,4.57947,3.59662,4.85905
2026-09-06T07:17:14.317727+00:00,37.360902227,112825,2672206611,2672223019,15,True,15,1.23295,1.74254,0.8593287811425845,2.72661,4.57987,3.58774,4.87869
2026-09-06T07:17:14.339665+00:00,37.38284014,112826,2672228867,2672245019,15,True,15,1.2065,1.75041,0.8863012005520471,2.71414,4.6014,3.56849,4.89148
2026-09-06T07:17:14.361716+00:00,37.404892232,112827,2672251132,2672267019,15,True,15,1.20713,1.74796,0.8854817889149385,2.71064,4.59933,3.5698,4.8905
2026-09-06T07:17:14.384709+00:00,37.427884282,112828,2672273388,2672290019,15,True,15,1.24032,1.71464,0.8503858136163841,2.71379,4.557,3.60384,4.89642
2026-09-06T07:17:14.425756+00:00,37.468931975,112829,2672314674,2672331019,15,True,15,1.21053,1.74723,0.8820359141214147,2.70491,4.59635,3.57165,4.88067
2026-09-06T07:17:14.447719+00:00,37.490893952,112830,2672336939,2672353019,15,True,15,1.21813,1.74903,0.8745984437443277,2.7165,4.59408,3.5771,4.87845
2026-09-06T07:17:14.469706+00:00,37.512881498,112831,2672359198,2672375019,15,True,15,1.22074,1.75707,0.8726698874717747,2.72633,4.59032,3.5658,4.88018
2026-09-06T07:17:14.492701+00:00,37.535877101,112832,2672381453,2672398019,15,True,15,1.24307,1.76649,0.8513348019433952,2.74516,4.564,3.5514,4.87153
2026-09-06T07:17:14.514721+00:00,37.557896648,112833,2672403707,2672420019,15,True,15,1.23354,1.77462,0.8616708629169259,2.75455,4.60003,3.57409,4.86029
2026-09-06T07:17:14.536710+00:00,37.579885506,112834,2672425960,2672442019,15,True,15,1.23528,1.75436,0.8579485345870111,2.74292,4.58605,3.58405,4.87549
2026-09-06T07:17:14.564720+00:00,37.607895856,112835,2672453575,2672470019,15,True,15,1.22965,1.75542,0.8636494073986272,2.72682,4.58353,3.57162,4.87037
2026-09-06T07:17:14.586745+00:00,37.629920619,112836,2672475837,2672492020,15,True,15,1.19814,1.74143,0.8939731005460957,2.70492,4.59941,3.56554,4.90846
2026-09-06T07:17:14.608700+00:00,37.651876068,112837,2672498091,2672514019,15,True,15,1.22105,1.7371,0.8708240422151882,2.71752,4.58065,3.57896,4.8972
2026-09-06T07:17:14.631720+00:00,37.674895223,112838,2672520344,2672537019,15,True,15,1.21858,1.74374,0.8737480208847398,2.72634,4.59155,3.58112,4.89574
2026-09-06T07:17:14.653729+00:00,37.696904658,112839,2672542596,2672559019,15,True,15,1.21575,1.75151,0.8771697342019956,2.72798,4.59912,3.57713,4.88909
2026-09-06T07:17:14.675656+00:00,37.718831947,112840,2672564854,2672581019,15,True,15,1.23178,1.75682,0.861651252421767,2.73764,4.5802,3.56856,4.87997
2026-09-06T07:17:14.697722+00:00,37.740898183,112841,2672587113,2672603019,15,True,15,1.21743,1.75738,0.875994331773899,2.72288,4.59594,3.56799,4.87755
2026-09-06T07:17:14.720709+00:00,37.763885017,112842,2672609369,2672626019,15,True,15,1.23473,1.74318,0.8576004228660336,2.74513,4.5853,3.59634,4.89012
2026-09-06T07:17:14.742724+00:00,37.785899508,112843,2672631629,2672648019,15,True,15,1.2205,1.75491,0.8727208935851141,2.72889,4.60387,3.58557,4.87277
2026-09-06T07:17:14.764712+00:00,37.807888142,112844,2672653882,2672670019,15,True,15,1.204,1.76302,0.8898810709302676,2.7141,4.61114,3.56168,4.87574
2026-09-06T07:17:14.787722+00:00,37.830897633,112845,2672676139,2672693019,15,True,15,1.22259,1.73514,0.8691608180883441,2.70357,4.59045,3.59608,4.87117
2026-09-06T07:17:14.809734+00:00,37.852909308,112846,2672698400,2672715019,15,True,15,1.22563,1.72926,0.8657725131349457,2.7107,4.58543,3.60127,4.88301
2026-09-06T07:17:14.831735+00:00,37.874910646,112847,2672720655,2672737019,15,True,15,1.23364,1.75237,0.8594125124176396,2.7348,4.58282,3.58014,4.87462
2026-09-06T07:17:14.853729+00:00,37.896904785,112848,2672742909,2672759019,15,True,15,1.21851,1.75967,0.8751240649187976,2.72875,4.60653,3.58025,4.86978
2026-09-06T07:17:14.875718+00:00,37.918893707,112849,2672765162,2672781020,15,True,15,1.22697,1.76397,0.8671053810235524,2.73213,4.60069,3.57916,4.85773
2026-09-06T07:17:14.927748+00:00,37.970923844,112850,2672816685,2672833019,15,True,15,1.21443,1.74358,0.8778754133133015,2.7055,4.59913,3.58525,4.87408
2026-09-06T07:17:14.949710+00:00,37.992885726,112851,2672838950,2672855019,15,True,15,1.21255,1.75388,0.8805548006228799,2.72828,4.59674,3.5666,4.89602
2026-09-06T07:17:14.972722+00:00,38.015897905,112852,2672861205,2672878019,15,True,15,1.22096,1.76283,0.8729784249911332,2.74847,4.62004,3.59707,4.87122
2026-09-06T07:17:14.994743+00:00,38.037918252,112853,2672883459,2672900019,15,True,15,1.23078,1.73504,0.8609810741241644,2.71672,4.57386,3.58646,4.88466
2026-09-06T07:17:15.016678+00:00,38.059853733,112854,2672905715,2672922019,15,True,15,1.21214,1.74213,0.8800558598748148,2.72206,4.60659,3.59345,4.89148
2026-09-06T07:17:15.039735+00:00,38.082910297,112855,2672928211,2672945019,15,True,15,1.22037,1.73873,0.8716108935757974,2.70832,4.57678,3.57101,4.89052
2026-09-06T07:17:15.061730+00:00,38.104905364,112856,2672950473,2672967019,15,True,15,1.21739,1.76005,0.8762740522233896,2.74013,4.59963,3.56932,4.89099
2026-09-06T07:17:15.083738+00:00,38.12691355,112857,2672972728,2672989020,15,True,15,1.21215,1.75735,0.8812511815594913,2.74049,4.61332,3.58301,4.8917
2026-09-06T07:17:15.105734+00:00,38.148909865,112858,2672994981,2673011019,15,True,15,1.22122,1.74957,0.8715610554057586,2.72175,4.6077,3.59819,4.86461
2026-09-06T07:17:15.128749+00:00,38.171925148,112859,2673017236,2673034019,15,True,15,1.21337,1.74062,0.8787234726010223,2.71004,4.59128,3.57743,4.8914
2026-09-06T07:17:15.150739+00:00,38.193915031,112860,2673039499,2673056020,15,True,15,1.23575,1.77645,0.8596776517974629,2.76519,4.59624,3.57,4.86972
2026-09-06T07:17:15.172717+00:00,38.215892561,112861,2673061755,2673078019,15,True,15,1.21187,1.73177,0.8796547219221867,2.6552,4.58518,3.57864,4.84798
2026-09-06T07:17:15.194740+00:00,38.237915692,112862,2673084010,2673100019,15,True,15,1.23389,1.76132,0.859963530912794,2.72287,4.58085,3.56668,4.8543
2026-09-06T07:17:15.217717+00:00,38.260892511,112863,2673106265,2673123019,15,True,15,1.21999,1.76339,0.8739973067464224,2.72795,4.60275,3.57278,4.86597
2026-09-06T07:17:15.245694+00:00,38.288869963,112864,2673134592,2673151019,15,True,15,1.21167,1.7439,0.8806513492296482,2.7063,4.59605,3.57706,4.88322
2026-09-06T07:17:15.267723+00:00,38.310898503,112865,2673156858,2673173020,15,True,15,1.21228,1.75658,0.8810544221556349,2.70954,4.60309,3.571,4.86724
2026-09-06T07:17:15.289779+00:00,38.332952451,112866,2673179111,2673195019,15,True,15,1.23184,1.73983,0.8602431136021954,2.7004,4.56231,3.56715,4.87076
2026-09-06T07:17:15.312728+00:00,38.355903797,112867,2673201366,2673218019,15,True,15,1.23176,1.75222,0.8612732586119227,2.73631,4.59386,3.59183,4.8699
2026-09-06T07:17:15.334787+00:00,38.377961553,112868,2673223626,2673240019,15,True,15,1.20648,1.74758,0.8861008107433374,2.71473,4.61998,3.59594,4.87725
2026-09-06T07:17:15.356762+00:00,38.399937643,112869,2673245883,2673262019,15,True,15,1.2018,1.75036,0.8909824743506461,2.71582,4.62273,3.58948,4.88288
2026-09-06T07:17:15.378763+00:00,38.421937541,112870,2673268148,2673284019,15,True,15,1.23284,1.74881,0.8599174854019425,2.7195,4.57246,3.57023,4.87215
2026-09-06T07:17:15.401729+00:00,38.444905208,112871,2673290404,2673307019,15,True,15,1.21345,1.73934,0.8785562805534999,2.71172,4.59714,3.58666,4.88876
2026-09-06T07:17:15.440727+00:00,38.483902994,112872,2673329798,2673346020,15,True,15,1.22421,1.74836,0.8684845500640755,2.72274,4.58336,3.57269,4.88365
2026-09-06T07:17:15.463738+00:00,38.50691351,112873,2673352064,2673369019,15,True,15,1.20731,1.74172,0.8848451810910197,2.72174,4.61364,3.59629,4.89473
2026-09-06T07:17:15.485732+00:00,38.52890864,112874,2673374321,2673391019,15,True,15,1.19699,1.76577,0.8971194753208738,2.69319,4.61552,3.55401,4.86023
2026-09-06T07:17:15.507734+00:00,38.550909787,112875,2673396575,2673413019,15,True,15,1.23874,1.76534,0.8555270324191983,2.74383,4.57141,3.55628,4.87304
2026-09-06T07:17:15.529756+00:00,38.572931286,112876,2673418828,2673435019,15,True,15,1.20325,1.76068,0.8904127272787603,2.70808,4.62006,3.57509,4.8643
2026-09-06T07:17:15.551741+00:00,38.594916208,112877,2673441081,2673457019,15,True,15,1.25559,1.78387,0.8408501798774856,2.78799,4.58081,3.5686,4.86265
2026-09-06T07:17:15.579744+00:00,38.622919326,112878,2673468588,2673485019,15,True,15,1.22294,1.76157,0.8708884592759282,2.72743,4.59815,3.57327,4.86536
2026-09-06T07:17:15.601759+00:00,38.644934073,112879,2673490851,2673507019,15,True,15,1.20353,1.73405,0.8881162443058903,2.69958,4.60603,3.59088,4.89213
2026-09-06T07:17:15.623735+00:00,38.666910355,112880,2673513105,2673529019,15,True,15,1.21025,1.73258,0.881319873201552,2.71414,4.60348,3.59879,4.89825
2026-09-06T07:17:15.646761+00:00,38.689936966,112881,2673535359,2673552019,15,True,15,1.20522,1.75367,0.8878417186075455,2.71241,4.61325,3.57789,4.87799
2026-09-06T07:17:15.669377+00:00,38.712513135,112882,2673557619,2673574020,15,True,15,1.22553,1.73928,0.8665001438545753,2.72029,4.5739,3.57384,4.89543
2026-09-06T07:17:15.690760+00:00,38.733935452,112883,2673579877,2673596019,15,True,15,1.2125,1.73699,0.8793486851641957,2.702,4.57882,3.56478,4.89929
2026-09-06T07:17:15.712731+00:00,38.755907381,112884,2673602138,2673618019,15,True,15,1.21915,1.73764,0.8727554595074154,2.69095,4.58877,3.58602,4.86353
2026-09-06T07:17:15.735751+00:00,38.778926153,112885,2673624392,2673641019,15,True,15,1.20517,1.73002,0.8862427033832209,2.6866,4.60173,3.59268,4.88223
2026-09-06T07:17:15.757765+00:00,38.800940548,112886,2673646648,2673663019,15,True,15,1.21237,1.75585,0.8809016059697018,2.71442,4.6108,3.58197,4.86586
2026-09-06T07:17:15.779730+00:00,38.822905246,112887,2673668901,2673685019,15,True,15,1.20655,1.74414,0.8857752774265037,2.68954,4.59998,3.57464,4.87126
2026-09-06T07:17:15.802704+00:00,38.845879536,112888,2673691159,2673708019,15,True,15,1.21978,1.73356,0.8718666882041082,2.69715,4.58422,3.58621,4.87713
2026-09-06T07:17:15.824740+00:00,38.867915532,112889,2673713419,2673730019,15,True,15,1.20924,1.7532,0.8837965928877525,2.69487,4.614,3.58506,4.84995
2026-09-06T07:17:15.846740+00:00,38.889915878,112890,2673735675,2673752019,15,True,15,1.25025,1.76996,0.8445548319085029,2.76223,4.58181,3.57992,4.85614
2026-09-06T07:17:15.868754+00:00,38.911929185,112891,2673757929,2673774019,15,True,15,1.21991,1.76538,0.8742690389691263,2.7333,4.61801,3.58981,4.85584
2026-09-06T07:17:15.890766+00:00,38.93394166,112892,2673780182,2673796019,15,True,15,1.23298,1.76954,0.861684798519737,2.76178,4.60035,3.58011,4.87404
2026-09-06T07:17:15.941716+00:00,38.984891483,112893,2673830082,2673847019,15,True,15,1.23763,1.74012,0.8544875840525711,2.71605,4.57823,3.59519,4.86108
2026-09-06T07:17:15.963765+00:00,39.006939799,112894,2673852347,2673869019,15,True,15,1.23827,1.74476,0.8541884162759408,2.72593,4.57762,3.58949,4.86709
2026-09-06T07:17:15.985722+00:00,39.028897585,112895,2673874602,2673891019,15,True,15,1.22727,1.73913,0.86475395911207,2.71835,4.57142,3.57329,4.89217
2026-09-06T07:17:16.007743+00:00,39.05091822,112896,2673896856,2673913019,15,True,15,1.21243,1.73852,0.8795190136091431,2.7072,4.58773,3.57419,4.89545
2026-09-06T07:17:16.030755+00:00,39.073930847,112897,2673919112,2673936019,15,True,15,1.21869,1.72811,0.8726372030804094,2.69991,4.58749,3.59568,4.88439
2026-09-06T07:17:16.052737+00:00,39.095912922,112898,2673941375,2673958019,15,True,15,1.22321,1.73868,0.8687739904601196,2.70292,4.58514,3.58575,4.87089
2026-09-06T07:17:16.084812+00:00,39.127984459,112899,2673963636,2673990019,15,True,15,1.22489,1.76561,0.8693355992940814,2.73399,4.61035,3.58661,4.85343
2026-09-06T07:17:16.101743+00:00,39.144919082,112900,2673990696,2674007019,15,True,15,1.22981,1.74724,0.8628140319327217,2.72139,4.58726,3.5869,4.86802
2026-09-06T07:17:16.123739+00:00,39.166914885,112901,2674012949,2674029019,15,True,15,1.22517,1.729,0.866217021825362,2.71214,4.57853,3.59216,4.89226
2026-09-06T07:17:16.146774+00:00,39.189949113,112902,2674035206,2674052019,15,True,15,1.22046,1.73899,0.8715386576050426,2.69425,4.57875,3.57333,4.87267
2026-09-06T07:17:16.169186+00:00,39.212351229,112903,2674057469,2674074019,15,True,15,1.22993,1.7767,0.865489049555221,2.72797,4.60132,3.56808,4.8345
2026-09-06T07:17:16.190754+00:00,39.233929422,112904,2674079725,2674096019,15,True,15,1.23172,1.77449,0.8634656440762423,2.72092,4.58137,3.54763,4.84388
2026-09-06T07:17:16.222749+00:00,39.265925022,112905,2674101979,2674128020,15,True,15,1.23731,1.77846,0.8583557582378066,2.76153,4.60389,3.5795,4.85323
2026-09-06T07:17:16.239739+00:00,39.282914846,112906,2674128693,2674145020,15,True,15,1.2266,1.78679,0.8699791170482197,2.75617,4.60955,3.5613,4.85611
2026-09-06T07:17:16.267529+00:00,39.310704166,112907,2674156565,2674173019,15,True,15,1.21785,1.74828,0.8748187131629042,2.70099,4.58989,3.57226,4.86643
2026-09-06T07:17:16.289751+00:00,39.332926566,112908,2674178830,2674195019,15,True,15,1.21785,1.73114,0.8736480539095818,2.69781,4.59195,3.59641,4.8768
2026-09-06T07:17:16.311757+00:00,39.354932705,112909,2674201086,2674217019,15,True,15,1.20335,1.72894,0.8879996318129867,2.68962,4.60308,3.59325,4.88899
2026-09-06T07:17:16.334746+00:00,39.377921652,112910,2674223341,2674240019,15,True,15,1.20568,1.74119,0.8864344750177532,2.69276,4.60004,3.57722,4.87927
2026-09-06T07:17:16.356748+00:00,39.399923951,112911,2674245594,2674262019,15,True,15,1.22109,1.7398,0.8709653426514742,2.7039,4.57364,3.56663,4.8861
2026-09-06T07:17:16.378547+00:00,39.421720997,112912,2674267849,2674284019,15,True,15,1.21618,1.76756,0.8781959610474189,2.72788,4.60835,3.5694,4.86458
2026-09-06T07:17:16.400781+00:00,39.443956134,112913,2674290112,2674306019,15,True,15,1.22778,1.7625,0.8661579407937098,2.73277,4.59075,3.56936,4.86754
2026-09-06T07:17:16.423749+00:00,39.466925112,112914,2674312369,2674329019,15,True,15,1.23185,1.73376,0.8598322860302466,2.70329,4.58119,3.59889,4.86183
2026-09-06T07:17:16.462769+00:00,39.505944244,112915,2674352069,2674368020,15,True,15,1.2203,1.73654,0.8715359210038333,2.69194,4.58066,3.57863,4.87092
2026-09-06T07:17:16.485782+00:00,39.528957383,112916,2674374335,2674391019,15,True,15,1.22144,1.758,0.8720553156767061,2.71788,4.59578,3.5726,4.86332
2026-09-06T07:17:16.507749+00:00,39.550924225,112917,2674396592,2674413019,15,True,15,1.21872,1.75856,0.8748145586351428,2.7121,4.59479,3.56681,4.86286
2026-09-06T07:17:16.529844+00:00,39.57301667,112918,2674418846,2674435019,15,True,15,1.23191,1.78416,0.8643886589376331,2.7548,4.60146,3.56162,4.85374
2026-09-06T07:17:16.551739+00:00,39.594914583,112919,2674441098,2674457019,15,True,15,1.22958,1.77239,0.8653661008498079,2.72158,4.59093,3.55962,4.84193
2026-09-06T07:17:16.574776+00:00,39.617951435,112920,2674463351,2674480019,15,True,15,1.21832,1.76074,0.8754113147543843,2.7203,4.6088,3.58156,4.85758
2026-09-06T07:17:16.602746+00:00,39.645922072,112921,2674491568,2674508020,15,True,15,1.22016,1.73844,0.8718009286528662,2.7193,4.58624,3.58318,4.89453
2026-09-06T07:17:16.624789+00:00,39.66796274,112922,2674513830,2674530019,15,True,15,1.21898,1.75286,0.8740620229709102,2.71563,4.59389,3.57322,4.87239
2026-09-06T07:17:16.646763+00:00,39.689938254,112923,2674536084,2674552019,15,True,15,1.20209,1.7751,0.8929883415252405,2.71474,4.62227,3.55815,4.85865
2026-09-06T07:17:16.669807+00:00,39.71297917,112924,2674558337,2674575019,15,True,15,1.22674,1.73064,0.864744029872424,2.69543,4.57705,3.5904,4.87038
2026-09-06T07:17:16.691766+00:00,39.734942204,112925,2674580589,2674597019,15,True,15,1.22853,1.74477,0.8639014491248408,2.71309,4.59008,3.59183,4.86099
2026-09-06T07:17:16.713801+00:00,39.756976312,112926,2674602847,2674619019,15,True,15,1.2015,1.76768,0.8928157886148742,2.73732,4.63113,3.57816,4.88358
2026-09-06T07:17:16.735777+00:00,39.77895285,112927,2674625107,2674641019,15,True,15,1.21412,1.73073,0.877347882712439,2.68978,4.57978,3.57617,4.88737
2026-09-06T07:17:16.758767+00:00,39.801942405,112928,2674647364,2674664019,15,True,15,1.21505,1.74229,0.8771644923274082,2.7154,4.59291,3.57975,4.89085
2026-09-06T07:17:16.780753+00:00,39.823928031,112929,2674669625,2674686019,15,True,15,1.20343,1.74538,0.8889774515138164,2.70694,4.61899,3.59319,4.87781
2026-09-06T07:17:16.802779+00:00,39.845954715,112930,2674691878,2674708020,15,True,15,1.21299,1.72279,0.8780532581797073,2.69409,4.591,3.5989,4.89121
2026-09-06T07:17:16.825771+00:00,39.868947246,112931,2674714135,2674731019,15,True,15,1.21605,1.7254,0.8751284262895359,2.69588,4.57518,3.57968,4.89935
2026-09-06T07:17:16.847772+00:00,39.890947561,112932,2674736393,2674753019,15,True,15,1.22722,1.76026,0.8665050467250608,2.72025,4.59027,3.57077,4.85718
2026-09-06T07:17:16.869740+00:00,39.912915587,112933,2674758649,2674775019,15,True,15,1.25262,1.75576,0.840800120123683,2.73479,4.54843,3.55845,4.86475
2026-09-06T07:17:16.891786+00:00,39.934961503,112934,2674780903,2674797019,15,True,15,1.21496,1.76301,0.8789685214500004,2.72228,4.60205,3.56531,4.87098
2026-09-06T07:17:16.913766+00:00,39.956941305,112935,2674803155,2674819019,15,True,15,1.21372,1.76096,0.8800120226451454,2.72639,4.60265,3.56693,4.87945
2026-09-06T07:17:16.963765+00:00,40.006940705,112936,2674852809,2674869019,15,True,15,1.23757,1.73256,0.8540488618925732,2.72883,4.56242,3.58446,4.89723
2026-09-06T07:17:16.985790+00:00,40.028965565,112937,2674875075,2674891019,15,True,15,1.22686,1.73951,0.8651890543112526,2.72156,4.57677,3.57908,4.89124
2026-09-06T07:17:17.008785+00:00,40.051960944,112938,2674897330,2674914019,15,True,15,1.21149,1.73488,0.8802224914758767,2.71382,4.59062,3.58117,4.90532
2026-09-06T07:17:17.030769+00:00,40.073944011,112939,2674919584,2674936019,15,True,15,1.21917,1.75027,0.8736605529609309,2.71287,4.60651,3.59294,4.85938
2026-09-06T07:17:17.052780+00:00,40.095955878,112940,2674941841,2674958019,15,True,15,1.22849,1.75601,0.8648566356339065,2.73968,4.60697,3.59931,4.86453
2026-09-06T07:17:17.074794+00:00,40.117969441,112941,2674964103,2674980020,15,True,15,1.23639,1.74086,0.8557768235352016,2.71464,4.57708,3.59108,4.86243
2026-09-06T07:17:17.097771+00:00,40.140946292,112942,2674986359,2675003019,15,True,15,1.22368,1.74999,0.8691426479583196,2.72109,4.58176,3.56782,4.8829
2026-09-06T07:17:17.119777+00:00,40.162952111,112943,2675008619,2675025020,15,True,15,1.22398,1.75486,0.8692494808741618,2.70779,4.58597,3.5675,4.859
2026-09-06T07:17:17.141778+00:00,40.184953354,112944,2675030872,2675047020,15,True,15,1.20811,1.74793,0.8845023781765653,2.72002,4.60059,3.57283,4.89777
2026-09-06T07:17:17.164810+00:00,40.207985438,112945,2675053128,2675070019,15,True,15,1.21011,1.75038,0.8827002642460235,2.71117,4.5966,3.56741,4.88534
2026-09-06T07:17:17.186797+00:00,40.229970617,112946,2675075392,2675092019,15,True,15,1.21786,1.7473,0.8747327989734922,2.71721,4.59256,3.57694,4.88281
2026-09-06T07:17:17.208772+00:00,40.251947988,112947,2675097648,2675114019,15,True,15,1.24254,1.78466,0.8538982182906811,2.77909,4.59941,3.57325,4.86101
2026-09-06T07:17:17.230796+00:00,40.273970383,112948,2675119902,2675136019,15,True,15,1.23595,1.78753,0.8607927180221726,2.76377,4.60616,3.56911,4.84802
2026-09-06T07:17:17.252766+00:00,40.295942889,112949,2675142155,2675158019,15,True,15,1.24342,1.75854,0.8502154009426081,2.74907,4.58005,3.58249,4.8675
2026-09-06T07:17:17.280775+00:00,40.323951384,112950,2675169580,2675186019,15,True,15,1.21139,1.74151,0.880760473795231,2.69782,4.61218,3.60034,4.86138
2026-09-06T07:17:17.302759+00:00,40.345934514,112951,2675191846,2675208019,15,True,15,1.21936,1.74025,0.872722219322964,2.70496,4.5891,3.58346,4.87589
2026-09-06T07:17:17.334780+00:00,40.377956163,112952,2675214101,2675240019,15,True,15,1.21679,1.72913,0.8745910249939681,2.7003,4.58722,3.59142,4.88803
2026-09-06T07:17:17.351788+00:00,40.394964067,112953,2675240690,2675257019,15,True,15,1.22168,1.73278,0.8699226119603971,2.70932,4.57532,3.57846,4.89578
2026-09-06T07:17:17.373775+00:00,40.416950302,112954,2675262943,2675279019,15,True,15,1.20846,1.75195,0.8844713528995722,2.70522,4.60297,3.57133,4.87465
2026-09-06T07:17:17.396793+00:00,40.439968658,112955,2675285199,2675302019,15,True,15,1.21347,1.74032,0.8786030635616972,2.70508,4.59398,3.58141,4.88344
2026-09-06T07:17:17.418778+00:00,40.461954348,112956,2675307461,2675324019,15,True,15,1.23011,1.75543,0.8631920394674639,2.74223,4.5936,3.58516,4.87725
2026-09-06T07:17:17.440767+00:00,40.483943559,112957,2675329717,2675346019,15,True,15,1.20815,1.75223,0.8848031393479567,2.7232,4.60655,3.57516,4.89167
2026-09-06T07:17:17.479778+00:00,40.522953475,112958,2675368799,2675385019,15,True,15,1.20733,1.74072,0.884756038295303,2.7035,4.60382,3.58496,4.88462
2026-09-06T07:17:17.502783+00:00,40.545958679,112959,2675391065,2675408019,15,True,15,1.19567,1.74006,0.8963444385391142,2.68993,4.60187,3.56698,4.89595
2026-09-06T07:17:17.524784+00:00,40.567959858,112960,2675413323,2675430019,15,True,15,1.2306,1.73989,0.8614842843023893,2.71669,4.58343,3.59233,4.87154
2026-09-06T07:17:17.547269+00:00,40.590440312,112961,2675435578,2675452019,15,True,15,1.22024,1.76392,0.8737991897455615,2.74381,4.61722,3.59107,4.86911
2026-09-06T07:17:17.568780+00:00,40.611955175,112962,2675457830,2675474020,15,True,15,1.2294,1.7686,0.8651487270984103,2.74318,4.59285,3.56663,4.86832
2026-09-06T07:17:17.590778+00:00,40.633953506,112963,2675480083,2675496019,15,True,15,1.21716,1.7407,0.8749480873743308,2.72805,4.60066,3.59463,4.89479
2026-09-06T07:17:17.618789+00:00,40.661965201,112964,2675507577,2675524019,15,True,15,1.22389,1.74467,0.8685210078057984,2.72259,4.59756,3.59505,4.87418
2026-09-06T07:17:17.640862+00:00,40.684034445,112965,2675529840,2675546019,15,True,15,1.21573,1.73025,0.8757129069506739,2.70852,4.5873,3.58865,4.89815
2026-09-06T07:17:17.662837+00:00,40.706007976,112966,2675552095,2675568020,15,True,15,1.20568,1.74488,0.8866968347749977,2.72506,4.60595,3.58018,4.90607
2026-09-06T07:17:17.685787+00:00,40.728962266,112967,2675574349,2675591019,15,True,15,1.21758,1.74467,0.8748136174637428,2.7293,4.59171,3.57877,4.90007
2026-09-06T07:17:17.707804+00:00,40.750979893,112968,2675596602,2675613019,15,True,15,1.22095,1.73815,0.8709932979076245,2.71797,4.59196,3.59196,4.88634
2026-09-06T07:17:17.729816+00:00,40.772989585,112969,2675618860,2675635019,15,True,15,1.22522,1.74278,0.8670558095070927,2.72082,4.60332,3.60662,4.86577
2026-09-06T07:17:17.751787+00:00,40.794962955,112970,2675641119,2675657019,15,True,15,1.20068,1.75505,0.8924811285960056,2.72364,4.62622,3.58654,4.88627
2026-09-06T07:17:17.774829+00:00,40.818003103,112971,2675663376,2675680019,15,True,15,1.21744,1.75287,0.8755975048502591,2.71605,4.5854,3.56013,4.88399
2026-09-06T07:17:17.796748+00:00,40.839923896,112972,2675685636,2675702020,15,True,15,1.21086,1.75717,0.8825204521709396,2.71044,4.60074,3.56524,4.87283
2026-09-06T07:17:17.818754+00:00,40.861929748,112973,2675707890,2675724019,15,True,15,1.20099,1.75068,0.8918152513273138,2.69716,4.60282,3.56228,4.88236
2026-09-06T07:17:17.851786+00:00,40.894959933,112974,2675730147,2675757019,15,True,15,1.21148,1.74308,0.8807817418634426,2.70254,4.59386,3.575,4.88227
2026-09-06T07:17:17.868773+00:00,40.911949021,112975,2675757819,2675774019,15,True,15,1.20862,1.76278,0.8852588507323718,2.74311,4.61609,3.57484,4.89425
2026-09-06T07:17:17.890789+00:00,40.933964184,112976,2675780076,2675796020,15,True,15,1.22509,1.77999,0.8706706083244109,2.74795,4.60503,3.56193,4.8605
2026-09-06T07:17:17.913800+00:00,40.956975276,112977,2675802331,2675819019,15,True,15,1.21852,1.79035,0.8784386790778282,2.74878,4.61526,3.55284,4.85567
2026-09-06T07:17:17.935768+00:00,40.978943782,112978,2675824584,2675841019,15,True,15,1.24084,1.74993,0.8520345711882822,2.74675,4.57999,3.58962,4.87819
2026-09-06T07:17:17.985795+00:00,41.0289708,112979,2675874810,2675891019,15,True,15,1.20706,1.74876,0.8856133361687818,2.71896,4.6002,3.56981,4.89833
2026-09-06T07:17:18.007787+00:00,41.050963211,112980,2675897076,2675913020,15,True,15,1.2075,1.74871,0.8851707824482232,2.69936,4.59551,3.56445,4.88016
2026-09-06T07:17:18.030799+00:00,41.073974815,112981,2675919331,2675936019,15,True,15,1.22157,1.72855,0.869786046910388,2.71581,4.5887,3.60068,4.89457
2026-09-06T07:17:18.052786+00:00,41.095961594,112982,2675941585,2675958019,15,True,15,1.22498,1.75201,0.8680121200190697,2.71553,4.59601,3.58539,4.85873
2026-09-06T07:17:18.074806+00:00,41.117981205,112983,2675963842,2675980019,15,True,15,1.2202,1.74115,0.8719468805494976,2.71109,4.59786,3.59471,4.87189
2026-09-06T07:17:18.096801+00:00,41.13997736,112984,2675986105,2676002019,15,True,15,1.21072,1.74225,0.8814807887299642,2.71533,4.59537,3.57693,4.89733
2026-09-06T07:17:18.119799+00:00,41.162974596,112985,2676008362,2676025019,15,True,15,1.20709,1.74735,0.885475064922779,2.69906,4.60263,3.57477,4.87521
2026-09-06T07:17:18.141792+00:00,41.184967743,112986,2676030623,2676047019,15,True,15,1.19318,1.73639,0.898591088593694,2.69276,4.61902,3.59022,4.89136
2026-09-06T07:17:18.163802+00:00,41.206977626,112987,2676052876,2676069019,15,True,15,1.19365,1.73683,0.8981497488726474,2.69048,4.61777,3.58871,4.88868
2026-09-06T07:17:18.186847+00:00,41.230020047,112988,2676075133,2676092020,15,True,15,1.21917,1.72808,0.8721562791724885,2.71379,4.57841,3.58482,4.90727
2026-09-06T07:17:18.208804+00:00,41.251979977,112989,2676097395,2676114019,15,True,15,1.23527,1.75539,0.8580483815030476,2.73619,4.56841,3.56013,4.88357
2026-09-06T07:17:18.230799+00:00,41.273975044,112990,2676119651,2676136020,15,True,15,1.24811,1.76207,0.8458807581450235,2.7309,4.5643,3.56445,4.84892
2026-09-06T07:17:18.252791+00:00,41.295966943,112991,2676141906,2676158019,15,True,15,1.20914,1.7878,0.8874317887026583,2.76061,4.62258,3.55239,4.88371
2026-09-06T07:17:18.274815+00:00,41.317990747,112992,2676164159,2676180019,15,True,15,1.23522,1.7717,0.8596846738194184,2.75509,4.59157,3.56924,4.86813
2026-09-06T07:17:18.302801+00:00,41.345976073,112993,2676191583,2676208019,15,True,15,1.21476,1.74148,0.8773966309486261,2.71085,4.58933,3.57579,4.89049
2026-09-06T07:17:18.324860+00:00,41.368033797,112994,2676213849,2676230019,15,True,15,1.21165,1.71737,0.8791446066489857,2.69068,4.5756,3.58417,4.90957
2026-09-06T07:17:18.346791+00:00,41.389966111,112995,2676236104,2676252020,15,True,15,1.21773,1.7384,0.8742228050674495,2.7107,4.6,3.59746,4.87705
2026-09-06T07:17:18.369787+00:00,41.412963411,112996,2676258358,2676275019,15,True,15,1.22518,1.73822,0.8667774805565728,2.70625,4.56799,3.56712,4.88707
2026-09-06T07:17:18.391783+00:00,41.434959054,112997,2676280619,2676297019,15,True,15,1.22341,1.73667,0.8684409692086156,2.7193,4.57382,3.57406,4.90115
2026-09-06T07:17:18.413855+00:00,41.457030379,112998,2676302875,2676319019,15,True,15,1.19902,1.75692,0.8942941612243702,2.69482,4.6048,3.55416,4.87619
2026-09-06T07:17:18.435828+00:00,41.479003077,112999,2676325139,2676341019,15,True,15,1.20977,1.75914,0.8837805114959255,2.71335,4.60747,3.56991,4.87011
2026-09-06T07:17:18.458813+00:00,41.501986328,113000,2676347395,2676364019,15,True,15,1.22342,1.73386,0.8682521500117347,2.70932,4.59266,3.60165,4.87496
2026-09-06T07:17:18.499794+00:00,41.542969637,113001,2676388672,2676405020,15,True,15,1.20677,1.73125,0.8847156579376223,2.69947,4.5942,3.58373,4.89907
2026-09-06T07:17:18.521777+00:00,41.564953567,113002,2676410938,2676427019,15,True,15,1.21823,1.73874,0.8737467141569116,2.70619,4.5784,3.57008,4.89101
2026-09-06T07:17:18.543820+00:00,41.586993436,113003,2676433196,2676449019,15,True,15,1.21444,1.7441,0.8779032541231407,2.69533,4.58869,3.57122,4.87216
2026-09-06T07:17:18.566889+00:00,41.610060209,113004,2676455450,2676472019,15,True,15,1.23328,1.77403,0.8618647221577177,2.78047,4.60366,3.57913,4.88738
2026-09-06T07:17:18.588803+00:00,41.63197857,113005,2676477703,2676494019,15,True,15,1.23065,1.75519,0.8626331541275235,2.71692,4.56376,3.54792,4.87603
2026-09-06T07:17:18.610840+00:00,41.65401591,113006,2676499955,2676516019,15,True,15,1.25428,1.78913,0.842815089625239,2.80014,4.58847,3.56997,4.86722
2026-09-06T07:17:18.638855+00:00,41.682029973,113007,2676527566,2676544019,15,True,15,1.21832,1.73825,0.8736241096146555,2.70807,4.59197,3.58818,4.88064
2026-09-06T07:17:18.660807+00:00,41.703983055,113008,2676549828,2676566019,15,True,15,1.2138,1.7486,0.8788813344246195,2.70011,4.59333,3.57062,4.87024
2026-09-06T07:17:18.682787+00:00,41.725963785,113009,2676572083,2676588019,15,True,15,1.22644,1.74442,0.8659594736475835,2.72054,4.57971,3.57608,4.8837
2026-09-06T07:17:18.705827+00:00,41.749002494,113010,2676594337,2676611019,15,True,15,1.22602,1.72704,0.8652596153756394,2.71702,4.57973,3.59733,4.8966
2026-09-06T07:17:18.727972+00:00,41.771147389,113011,2676616590,2676633019,15,True,15,1.19936,1.74116,0.8927374503178411,2.69361,4.61743,3.59079,4.87676
2026-09-06T07:17:18.749817+00:00,41.792992532,113012,2676638849,2676655019,15,True,15,1.23031,1.7391,0.8617190412773759,2.72831,4.58387,3.59348,4.88543
2026-09-06T07:17:18.771803+00:00,41.814978927,113013,2676661110,2676677019,15,True,15,1.20548,1.73535,0.8862501074188931,2.69759,4.60266,3.58763,4.88793
2026-09-06T07:17:18.794806+00:00,41.837981635,113014,2676683366,2676700019,15,True,15,1.21061,1.74356,0.8816839828986346,2.70271,4.58974,3.56788,4.88766
2026-09-06T07:17:18.816824+00:00,41.859999966,113015,2676705626,2676722019,15,True,15,1.21143,1.73726,0.8804339569212445,2.71122,4.59458,3.58317,4.89665
2026-09-06T07:17:18.838846+00:00,41.882021498,113016,2676727878,2676744019,15,True,15,1.22564,1.73371,0.8660271206492322,2.72773,4.57642,3.58422,4.90624
2026-09-06T07:17:18.861835+00:00,41.905011117,113017,2676750137,2676767019,15,True,15,1.22525,1.74066,0.8668749610526306,2.71257,4.57788,3.57681,4.88243
2026-09-06T07:17:18.883811+00:00,41.926986632,113018,2676772397,2676789019,15,True,15,1.21428,1.75119,0.8786088632036441,2.70973,4.60257,3.57991,4.86882
2026-09-06T07:17:18.905806+00:00,41.948981955,113019,2676794654,2676811019,15,True,15,1.24077,1.77579,0.854615303513809,2.75507,4.58063,3.55777,4.86325
2026-09-06T07:17:18.927857+00:00,41.971032224,113020,2676816907,2676833019,15,True,15,1.24079,1.77156,0.8541316395614904,2.74478,4.57743,3.55904,4.85849
2026-09-06T07:17:18.949875+00:00,41.993046939,113021,2676839160,2676855019,15,True,15,1.22499,1.76505,0.8691811103561787,2.74551,4.59745,3.57084,4.87892
2026-09-06T07:17:19.001838+00:00,42.045013781,113022,2676890676,2676907019,15,True,15,1.21897,1.7525,0.8740420532789024,2.72131,4.58445,3.5615,4.88795
2026-09-06T07:17:19.023811+00:00,42.066986511,113023,2676912941,2676929020,15,True,15,1.21311,1.74706,0.879450462334292,2.7086,4.59908,3.57898,4.87707
2026-09-06T07:17:19.045817+00:00,42.088992683,113024,2676935197,2676951019,15,True,15,1.20268,1.74081,0.8894012809187987,2.71672,4.61367,3.59103,4.89941
2026-09-06T07:17:19.068820+00:00,42.111995743,113025,2676957451,2676974019,15,True,15,1.22133,1.74921,0.8714227406947788,2.71806,4.58611,3.57112,4.88095
2026-09-06T07:17:19.090829+00:00,42.134004858,113026,2676979706,2676996019,15,True,15,1.21267,1.74051,0.8794142306103534,2.72122,4.58013,3.56226,4.91574
2026-09-06T07:17:19.112808+00:00,42.155983477,113027,2677001969,2677018019,15,True,15,1.22016,1.74643,0.8723729537875414,2.72707,4.59081,3.579,4.89154
2026-09-06T07:17:19.135822+00:00,42.178997289,113028,2677024226,2677041019,15,True,15,1.22493,1.7342,0.8667662573612332,2.7189,4.58052,3.58785,4.89358
2026-09-06T07:17:19.157815+00:00,42.200990373,113029,2677046480,2677063019,15,True,15,1.23336,1.74916,0.8594272483462458,2.73797,4.58256,3.58344,4.88195
2026-09-06T07:17:19.179853+00:00,42.223027713,113030,2677068733,2677085019,15,True,15,1.23309,1.75692,0.8603554117340111,2.74931,4.57686,3.56599,4.89342
2026-09-06T07:17:19.201848+00:00,42.245023996,113031,2677090989,2677107019,15,True,15,1.1969,1.74727,0.8956298693656881,2.68574,4.61059,3.57086,4.87396
2026-09-06T07:17:19.224818+00:00,42.267994159,113032,2677113253,2677130019,15,True,15,1.24549,1.76372,0.8486496205737677,2.77479,4.59385,3.59652,4.87465
2026-09-06T07:17:19.246826+00:00,42.290001643,113033,2677135509,2677152019,15,True,15,1.21885,1.78074,0.8769554550260804,2.72772,4.60425,3.55118,4.85057
2026-09-06T07:17:19.268804+00:00,42.311980198,113034,2677157762,2677174019,15,True,15,1.21433,1.75916,0.8792407261381834,2.73078,4.60878,3.57794,4.87899
2026-09-06T07:17:19.290823+00:00,42.333998433,113035,2677180015,2677196019,15,True,15,1.2399,1.77394,0.855274653897799,2.75394,4.58761,3.56787,4.85887
2026-09-06T07:17:19.318841+00:00,42.362016304,113036,2677207591,2677224019,15,True,15,1.22865,1.75671,0.8647590685271822,2.72027,4.58549,3.5711,4.86207
2026-09-06T07:17:19.340822+00:00,42.383997419,113037,2677229857,2677246019,15,True,15,1.21714,1.75263,0.875876530396836,2.72636,4.58292,3.55682,4.89861
2026-09-06T07:17:19.362846+00:00,42.406021287,113038,2677252111,2677268019,15,True,15,1.21253,1.73665,0.8792967777718735,2.71571,4.59223,3.58247,4.90216
2026-09-06T07:17:19.385798+00:00,42.42897401,113039,2677274365,2677291019,15,True,15,1.22603,1.75385,0.867120512616326,2.72537,4.58263,3.56737,4.87848
2026-09-06T07:17:19.407844+00:00,42.451019222,113040,2677296626,2677313019,15,True,15,1.20985,1.74458,0.8825160615535559,2.70639,4.59264,3.56925,4.88965
2026-09-06T07:17:19.429870+00:00,42.473045362,113041,2677318882,2677335019,15,True,15,1.19689,1.75453,0.8962143677714611,2.70193,4.60501,3.55447,4.89042
2026-09-06T07:17:19.451841+00:00,42.495016269,113042,2677341145,2677357020,15,True,15,1.2211,1.73916,0.8709116577472136,2.70532,4.58726,3.58491,4.87545
2026-09-06T07:17:19.474855+00:00,42.518029601,113043,2677363402,2677380019,15,True,15,1.20709,1.73504,0.8846239142709176,2.70122,4.59988,3.5867,4.89154
2026-09-06T07:17:19.513839+00:00,42.557014109,113044,2677402800,2677419019,15,True,15,1.22914,1.73061,0.8623463989024364,2.7088,4.57953,3.59696,4.87799
2026-09-06T07:17:19.536824+00:00,42.580000273,113045,2677425066,2677442019,15,True,15,1.20599,1.73407,0.8856620376870626,2.69958,4.59057,3.57444,4.9016
2026-09-06T07:17:19.559165+00:00,42.602340052,113046,2677447325,2677464019,15,True,15,1.21723,1.74767,0.8753894572131878,2.71605,4.58573,3.56682,4.8889
2026-09-06T07:17:19.580799+00:00,42.623974439,113047,2677469578,2677486019,15,True,15,1.23382,1.76695,0.8605838105030793,2.74419,4.58573,3.56574,4.86861
2026-09-06T07:17:19.602828+00:00,42.646003107,113048,2677491831,2677508019,15,True,15,1.21983,1.74951,0.8729418474331494,2.71283,4.58443,3.56648,4.87952
2026-09-06T07:17:19.624828+00:00,42.668003486,113049,2677514083,2677530019,15,True,15,1.22117,1.77499,0.8740072476816194,2.73653,4.6166,3.57769,4.84931
2026-09-06T07:17:19.652845+00:00,42.696020717,113050,2677541585,2677558019,15,True,15,1.21319,1.74084,0.8789182451741457,2.71348,4.60388,3.59305,4.88354
2026-09-06T07:17:19.674834+00:00,42.71800932,113051,2677563847,2677580019,15,True,15,1.20928,1.73948,0.8827262252816555,2.70174,4.59044,3.57207,4.8924
2026-09-06T07:17:19.696839+00:00,42.740014564,113052,2677586101,2677602019,15,True,15,1.19997,1.75021,0.8927949624633865,2.70875,4.60414,3.56314,4.89646
2026-09-06T07:17:19.719837+00:00,42.763013175,113053,2677608355,2677625019,15,True,15,1.20941,1.73038,0.8820299839007739,2.69397,4.60495,3.60225,4.87829
2026-09-06T07:17:19.741832+00:00,42.785006067,113054,2677630613,2677647019,15,True,15,1.21305,1.74069,0.879047540580144,2.71553,4.59879,3.58653,4.89103
2026-09-06T07:17:19.763844+00:00,42.807019406,113055,2677652872,2677669019,15,True,15,1.19866,1.74476,0.8936894612783568,2.71038,4.61567,3.58303,4.89509
2026-09-06T07:17:19.785858+00:00,42.829033898,113056,2677675132,2677691019,15,True,15,1.2122,1.73105,0.8792831981221977,2.70073,4.57549,3.56757,4.90708
2026-09-06T07:17:19.808833+00:00,42.852008189,113057,2677697388,2677714019,15,True,15,1.20546,1.72622,0.8857467471009983,2.70914,4.59876,3.59405,4.91275
2026-09-06T07:17:19.830845+00:00,42.874020473,113058,2677719643,2677736019,15,True,15,1.19318,1.73924,0.898774437776242,2.70148,4.61605,3.58281,4.90116
2026-09-06T07:17:19.852837+00:00,42.896012756,113059,2677741895,2677758019,15,True,15,1.19619,1.76677,0.8980118868923727,2.71892,4.63936,3.58255,4.86689
2026-09-06T07:17:19.875863+00:00,42.919038761,113060,2677764153,2677781019,15,True,15,1.22126,1.73944,0.8707710957536428,2.72313,4.5926,3.59161,4.88965
2026-09-06T07:17:19.897837+00:00,42.941012323,113061,2677786414,2677803019,15,True,15,1.23557,1.75296,0.8575393789791812,2.72635,4.57744,3.57519,4.8657
2026-09-06T07:17:19.919896+00:00,42.963071136,113062,2677808670,2677825019,15,True,15,1.20581,1.77022,0.88878096542399,2.72912,4.6148,3.55985,4.87868
2026-09-06T07:17:19.941844+00:00,42.985019514,113063,2677830923,2677847019,15,True,15,1.2213,1.7576,0.8721590737933074,2.71907,4.59893,3.57697,4.86232
2026-09-06T07:17:19.963849+00:00,43.00702447,113064,2677853177,2677869020,15,True,15,1.22291,1.76913,0.8716588925720886,2.7161,4.60899,3.57766,4.83543
2026-09-06T07:17:20.013852+00:00,43.057027328,113065,2677902826,2677919019,15,True,15,1.21587,1.73732,0.8760073283369265,2.70214,4.60164,3.59831,4.87081
2026-09-06T07:17:20.035900+00:00,43.079075132,113066,2677925092,2677941020,15,True,15,1.20926,1.73285,0.8823242431782092,2.70425,4.60308,3.59657,4.88946
2026-09-06T07:17:20.058834+00:00,43.102009967,113067,2677947579,2677964019,15,True,15,1.20535,1.74399,0.8869612971263177,2.69259,4.60279,3.57675,4.87459
2026-09-06T07:17:20.080886+00:00,43.124059756,113068,2677969838,2677986019,15,True,15,1.21888,1.74266,0.8733706715936824,2.71644,4.59101,3.5822,4.88561
2026-09-06T07:17:20.103890+00:00,43.147062176,113069,2677992094,2678009019,15,True,15,1.22253,1.73745,0.8693702913028487,2.70667,4.5897,3.59216,4.87332
2026-09-06T07:17:20.125868+00:00,43.169042779,113070,2678014357,2678031020,15,True,15,1.20769,1.7533,0.8853495502342563,2.71368,4.61225,3.58051,4.87562
2026-09-06T07:17:20.147848+00:00,43.191024054,113071,2678036619,2678053019,15,True,15,1.22121,1.74334,0.8710958728521218,2.7141,4.57329,3.56189,4.89422
2026-09-06T07:17:20.169847+00:00,43.213023121,113072,2678058874,2678075019,15,True,15,1.23036,1.72861,0.8610132761461927,2.71366,4.56151,3.57819,4.89956
2026-09-06T07:17:20.191841+00:00,43.235016813,113073,2678081126,2678097019,15,True,15,1.20713,1.72966,0.8842655441099125,2.69842,4.59742,3.59036,4.89562
2026-09-06T07:17:20.214864+00:00,43.258039905,113074,2678103383,2678120019,15,True,15,1.21157,1.74117,0.8805572291452723,2.70599,4.58349,3.5642,4.89739
2026-09-06T07:17:20.236827+00:00,43.28000118,113075,2678125648,2678142019,15,True,15,1.21727,1.7638,0.8767440292924724,2.73608,4.59463,3.55797,4.88794
2026-09-06T07:17:20.258840+00:00,43.30201532,113076,2678147904,2678164019,15,True,15,1.22937,1.75951,0.8642949942004753,2.73867,4.59285,3.57805,4.87169
2026-09-06T07:17:20.280837+00:00,43.324012627,113077,2678170158,2678186020,15,True,15,1.21133,1.77012,0.8832794480231042,2.74266,4.62194,3.57695,4.8759
2026-09-06T07:17:20.303842+00:00,43.347017896,113078,2678192410,2678209019,15,True,15,1.20597,1.76995,0.8885944200815127,2.72759,4.61227,3.55713,4.87928
2026-09-06T07:17:20.331853+00:00,43.375028567,113079,2678220574,2678237019,15,True,15,1.19254,1.74105,0.8995340761194096,2.70107,4.60425,3.56442,4.91142
2026-09-06T07:17:20.353818+00:00,43.396993969,113080,2678242838,2678259019,15,True,15,1.21263,1.73998,0.8794178286230042,2.70712,4.59569,3.58285,4.88612
2026-09-06T07:17:20.375844+00:00,43.419019885,113081,2678265093,2678281019,15,True,15,1.22496,1.74219,0.8672726201719962,2.71177,4.59225,3.59285,4.86722
2026-09-06T07:17:20.398895+00:00,43.442068387,113082,2678287346,2678304019,15,True,15,1.20118,1.74777,0.8913998907897621,2.70477,4.60761,3.57238,4.88855
2026-09-06T07:17:20.420843+00:00,43.464019165,113083,2678309599,2678326019,15,True,15,1.19913,1.76337,0.8947624901614951,2.70596,4.6142,3.55834,4.87346
2026-09-06T07:17:20.442837+00:00,43.48601228,113084,2678331855,2678348019,15,True,15,1.21773,1.74432,0.8746382196657083,2.69766,4.58267,3.5678,4.87345
2026-09-06T07:17:20.464848+00:00,43.508023572,113085,2678354120,2678370019,15,True,15,1.21467,1.7493,0.8780689602189568,2.70959,4.59763,3.57649,4.87426
2026-09-06T07:17:20.487852+00:00,43.531027496,113086,2678376376,2678393019,15,True,15,1.21386,1.72653,0.8773746864937464,2.68822,4.58278,3.58492,4.88725
2026-09-06T07:17:20.528870+00:00,43.572046166,113087,2678417669,2678434019,15,True,15,1.21276,1.73923,0.8792372890750253,2.71167,4.59269,3.58012,4.89441
2026-09-06T07:17:20.550858+00:00,43.59403381,113088,2678439935,2678456019,15,True,15,1.21401,1.72616,0.877205349789888,2.71591,4.59423,3.60023,4.90711
2026-09-06T07:17:20.572879+00:00,43.616054222,113089,2678462192,2678478019,15,True,15,1.23488,1.78764,0.8618680780722765,2.74023,4.60386,3.56449,4.82554
2026-09-06T07:17:20.595855+00:00,43.639030945,113090,2678484446,2678501019,15,True,15,1.23205,1.76385,0.8620377166922568,2.76293,4.59902,3.58424,4.88374
2026-09-06T07:17:20.617863+00:00,43.661039325,113091,2678506699,2678523019,15,True,15,1.23584,1.76874,0.8587572958642038,2.77426,4.6075,3.59428,4.87632
2026-09-06T07:17:20.639849+00:00,43.683024792,113092,2678528952,2678545020,15,True,15,1.24054,1.77002,0.8542165369506726,2.76884,4.60293,3.59335,4.86364
2026-09-06T07:17:20.667887+00:00,43.71106212,113093,2678556582,2678573019,15,True,15,1.21426,1.73451,0.8774348338765677,2.71087,4.60037,3.59797,4.88758
2026-09-06T07:17:20.689837+00:00,43.733012386,113094,2678578844,2678595019,15,True,15,1.19929,1.75984,0.8942811245352323,2.72307,4.6098,3.55732,4.89956
2026-09-06T07:17:20.711858+00:00,43.755033982,113095,2678601097,2678617019,15,True,15,1.21677,1.75439,0.8763928941975738,2.73016,4.59313,3.56722,4.89242
2026-09-06T07:17:20.734881+00:00,43.778056371,113096,2678623351,2678640019,15,True,15,1.19885,1.73434,0.8928052184547309,2.71279,4.61372,3.59386,4.90876
2026-09-06T07:17:20.756882+00:00,43.800057934,113097,2678645610,2678662019,15,True,15,1.20658,1.74412,0.8857439081359803,2.71337,4.60582,3.58222,4.89209
2026-09-06T07:17:20.778879+00:00,43.822054218,113098,2678667869,2678684019,15,True,15,1.20684,1.75351,0.8862140292841227,2.70379,4.60812,3.57373,4.8701
2026-09-06T07:17:20.800866+00:00,43.844041477,113099,2678690129,2678706019,15,True,15,1.20038,1.73397,0.8912555779909598,2.68247,4.59403,3.57115,4.8911
2026-09-06T07:17:20.823876+00:00,43.867050873,113100,2678712386,2678729019,15,True,15,1.2313,1.75305,0.8618015969467681,2.73319,4.59115,3.58668,4.86915
2026-09-06T07:17:20.845984+00:00,43.889159704,113101,2678734640,2678751019,15,True,15,1.21222,1.75603,0.8810665634899554,2.71645,4.6068,3.57639,4.87204
2026-09-06T07:17:20.867856+00:00,43.911032144,113102,2678756893,2678773019,15,True,15,1.20431,1.7451,0.8880792679147508,2.70746,4.59462,3.56339,4.89979
2026-09-06T07:17:20.890892+00:00,43.934065669,113103,2678779152,2678796019,15,True,15,1.22287,1.74471,0.86954115543774,2.72239,4.58898,3.5826,4.88408
2026-09-06T07:17:20.913428+00:00,43.956576397,113104,2678801412,2678818019,15,True,15,1.20764,1.7487,0.885030428629434,2.70557,4.59991,3.57033,4.8826
2026-09-06T07:17:20.935250+00:00,43.978425413,113105,2678823668,2678840019,15,True,15,1.23554,1.74203,0.8567085925214009,2.72175,4.56696,3.57551,4.88054
2026-09-06T07:17:20.956857+00:00,44.000032855,113106,2678845922,2678862019,15,True,15,1.23923,1.77774,0.8563659851371958,2.76434,4.59254,3.56847,4.8639
2026-09-06T07:17:20.978862+00:00,44.022037522,113107,2678868175,2678884019,15,True,15,1.20626,1.76818,0.8881284253980387,2.71962,4.60964,3.55637,4.87392
2026-09-06T07:17:21.032435+00:00,44.075579028,113108,2678919957,2678937020,15,True,15,1.20611,1.73662,0.8857016182101056,2.70317,4.59536,3.57755,4.89847
2026-09-06T07:17:21.054284+00:00,44.097458797,113109,2678942223,2678959019,15,True,15,1.19134,1.74524,0.9010250014289279,2.70912,4.61177,3.56716,4.91185
2026-09-06T07:17:21.085838+00:00,44.129014227,113110,2678964478,2678991019,15,True,15,1.23051,1.74048,0.8616152798668323,2.72605,4.57923,3.5861,4.88558
2026-09-06T07:17:21.102866+00:00,44.146041396,113111,2678992037,2679008019,15,True,15,1.20331,1.75741,0.8900626181342521,2.70465,4.61231,3.56928,4.87072
2026-09-06T07:17:21.125871+00:00,44.169046793,113112,2679014299,2679031019,15,True,15,1.21634,1.73618,0.8754644413110105,2.69495,4.60015,3.59851,4.86433
2026-09-06T07:17:21.147872+00:00,44.191047493,113113,2679036556,2679053019,15,True,15,1.20265,1.75539,0.8905468402054997,2.72653,4.61969,3.58044,4.89131
2026-09-06T07:17:21.169907+00:00,44.213082369,113114,2679058811,2679075019,15,True,15,1.19615,1.75388,0.8968980303802655,2.71764,4.61971,3.57327,4.89608
2026-09-06T07:17:21.191914+00:00,44.235087965,113115,2679081063,2679097019,15,True,15,1.19106,1.75104,0.9017426490967363,2.70229,4.60995,3.55709,4.90127
2026-09-06T07:17:21.224885+00:00,44.268061222,113116,2679103318,2679130019,15,True,15,1.22434,1.73787,0.8675921694552111,2.70849,4.57438,3.57457,4.88561
2026-09-06T07:17:21.241886+00:00,44.285062247,113117,2679130814,2679147019,15,True,15,1.24271,1.74134,0.8495074688900621,2.72822,4.57267,3.59366,4.86835
2026-09-06T07:17:21.263876+00:00,44.307051363,113118,2679153071,2679169019,15,True,15,1.23006,1.75452,0.863162808512971,2.7341,4.59229,3.58456,4.87027
2026-09-06T07:17:21.286887+00:00,44.330061623,113119,2679175325,2679192019,15,True,15,1.2259,1.7434,0.8664227432379645,2.729,4.58665,3.58549,4.88865
2026-09-06T07:17:21.308844+00:00,44.352020114,113120,2679197577,2679214019,15,True,15,1.23624,1.77695,0.8592470192558131,2.76731,4.60233,3.57789,4.86491
2026-09-06T07:17:21.336891+00:00,44.38006637,113121,2679225577,2679242019,15,True,15,1.21346,1.72537,0.877713397698816,2.706,4.59348,3.59949,4.8987
2026-09-06T07:17:21.358884+00:00,44.402059485,113122,2679247842,2679264020,15,True,15,1.23394,1.74845,0.8587922485094982,2.74392,4.59522,3.60131,4.8762
2026-09-06T07:17:21.380886+00:00,44.424061721,113123,2679270097,2679286020,15,True,15,1.21401,1.75167,0.8789169864099793,2.71568,4.60157,3.57765,4.87648
2026-09-06T07:17:21.403928+00:00,44.447101966,113124,2679292350,2679309019,15,True,15,1.22131,1.75794,0.8721794309085716,2.71403,4.59796,3.57531,4.85728
2026-09-06T07:17:21.425903+00:00,44.46907857,113125,2679314610,2679331019,15,True,15,1.20889,1.74717,0.883666589274484,2.701,4.61163,3.58908,4.86533
2026-09-06T07:17:21.447875+00:00,44.491051141,113126,2679336866,2679353019,15,True,15,1.21839,1.74105,0.873745440388675,2.7208,4.59635,3.5904,4.88792
2026-09-06T07:17:21.469881+00:00,44.513056609,113127,2679359130,2679375019,15,True,15,1.21567,1.72882,0.8756919214541149,2.68636,4.58098,3.58229,4.88107
2026-09-06T07:17:21.492875+00:00,44.536050645,113128,2679381386,2679398019,15,True,15,1.19757,1.74602,0.8948686748903437,2.70286,4.61027,3.57298,4.89292
2026-09-06T07:17:21.531892+00:00,44.575067922,113129,2679421068,2679437019,15,True,15,1.1962,1.74907,0.8964647817399186,2.71481,4.61605,3.57467,4.90069
2026-09-06T07:17:21.554877+00:00,44.598052966,113130,2679443334,2679460020,15,True,15,1.21557,1.73105,0.8759189045796418,2.70865,4.59675,3.59948,4.88904
2026-09-06T07:17:21.576897+00:00,44.62007277,113131,2679465592,2679482019,15,True,15,1.21682,1.73646,0.8750034537074695,2.69445,4.58873,3.5842,4.8733
2026-09-06T07:17:21.598891+00:00,44.642066398,113132,2679487846,2679504019,15,True,15,1.23469,1.77055,0.8600898200769497,2.73884,4.57778,3.5522,4.86494
2026-09-06T07:17:21.620887+00:00,44.664062585,113133,2679510098,2679526019,15,True,15,1.21183,1.76059,0.8818601346018539,2.73725,4.60816,3.57185,4.89061
2026-09-06T07:17:21.643902+00:00,44.687076494,113134,2679532351,2679549019,15,True,15,1.22939,1.7578,0.864119443190581,2.74335,4.60176,3.59165,4.87008
2026-09-06T07:17:21.671901+00:00,44.715076637,113135,2679560572,2679577019,15,True,15,1.22811,1.74235,0.864142288399312,2.7056,4.57687,3.57738,4.86821
2026-09-06T07:17:21.693869+00:00,44.737044536,113136,2679582833,2679599019,15,True,15,1.2301,1.76979,0.8645751870716623,2.73913,4.58753,3.55925,4.86623
2026-09-06T07:17:21.715875+00:00,44.759050676,113137,2679605088,2679621019,15,True,15,1.21162,1.74641,0.8808868897310255,2.71364,4.59883,3.5774,4.88654
2026-09-06T07:17:21.738842+00:00,44.782017319,113138,2679627341,2679644020,15,True,15,1.22482,1.74866,0.8679001255904966,2.73287,4.59579,3.58909,4.88176
2026-09-06T07:17:21.760875+00:00,44.804051108,113139,2679649594,2679666020,15,True,15,1.20668,1.74544,0.8857407160111811,2.71758,4.59951,3.57258,4.90127
2026-09-06T07:17:21.782965+00:00,44.826136993,113140,2679671852,2679688019,15,True,15,1.19997,1.74738,0.8925768680063357,2.71687,4.60951,3.57363,4.903
2026-09-06T07:17:21.804857+00:00,44.848032443,113141,2679694112,2679710019,15,True,15,1.2285,1.74866,0.8642317082819861,2.71414,4.58324,3.57814,4.86509
2026-09-06T07:17:21.827883+00:00,44.8710588,113142,2679716369,2679733019,15,True,15,1.20095,1.74906,0.8917282019202936,2.71797,4.60932,3.57265,4.90085
2026-09-06T07:17:21.849843+00:00,44.893019018,113143,2679738629,2679755019,15,True,15,1.2116,1.75641,0.8817171020797996,2.70966,4.6097,3.57878,4.86265
2026-09-06T07:17:21.871879+00:00,44.915054407,113144,2679760882,2679777020,15,True,15,1.22256,1.76426,0.8715227485269673,2.72067,4.58971,3.55847,4.86406
2026-09-06T07:17:21.894912+00:00,44.93808758,113145,2679783140,2679800019,15,True,15,1.23987,1.75309,0.8532661747661159,2.75257,4.59468,3.60305,4.87001
2026-09-06T07:17:21.916861+00:00,44.960036983,113146,2679805401,2679822019,15,True,15,1.22289,1.76436,0.8712039725001256,2.73917,4.60653,3.58046,4.86815
2026-09-06T07:17:21.938884+00:00,44.982059859,113147,2679827657,2679844019,15,True,15,1.22963,1.75824,0.863920155164816,2.73804,4.5819,3.56594,4.88192
2026-09-06T07:17:21.960857+00:00,45.004032718,113148,2679849911,2679866019,15,True,15,1.21869,1.76734,0.8756765337155037,2.74326,4.60281,3.56605,4.88213
2026-09-06T07:17:21.982894+00:00,45.026069643,113149,2679872165,2679888019,15,True,15,1.22162,1.76461,0.8724922214552975,2.73784,4.60072,3.57091,4.87452
2026-09-06T07:17:22.032883+00:00,45.076058805,113150,2679921809,2679938019,15,True,15,1.21311,1.74275,0.8791323191647545,2.72957,4.59966,3.58513,4.9038
2026-09-06T07:17:22.054903+00:00,45.098078866,113151,2679944075,2679960020,15,True,15,1.20698,1.75229,0.8859741330874169,2.70344,4.60134,3.56673,4.87694
2026-09-06T07:17:22.077862+00:00,45.121038053,113152,2679966330,2679983019,15,True,15,1.20129,1.73734,0.8905578811621397,2.7053,4.61225,3.59162,4.89414
2026-09-06T07:17:22.099882+00:00,45.143057473,113153,2679988583,2680005019,15,True,15,1.2294,1.73912,0.8626282712733218,2.70947,4.57872,3.58561,4.87112
2026-09-06T07:17:22.121895+00:00,45.165070974,113154,2680010839,2680027019,15,True,15,1.21399,1.76086,0.8797339709821372,2.71556,4.60384,3.56897,4.86576
2026-09-06T07:17:22.143890+00:00,45.187065626,113155,2680033102,2680049019,15,True,15,1.20747,1.75915,0.8860721885941346,2.71924,4.60821,3.56763,4.88071
2026-09-06T07:17:22.166867+00:00,45.210042125,113156,2680055359,2680072020,15,True,15,1.22444,1.74574,0.868052913824958,2.73682,4.59105,3.58616,4.89409
2026-09-06T07:17:22.188855+00:00,45.232030793,113157,2680077619,2680094019,15,True,15,1.23009,1.74204,0.8621450978228664,2.73361,4.57378,3.5766,4.89852
2026-09-06T07:17:22.210868+00:00,45.254043557,113158,2680099872,2680116019,15,True,15,1.21887,1.75955,0.8747546395418546,2.74955,4.59389,3.56464,4.90437
2026-09-06T07:17:22.233893+00:00,45.277068474,113159,2680122128,2680139019,15,True,15,1.23233,1.74394,0.8600500872042278,2.73391,4.5911,3.59945,4.8763
2026-09-06T07:17:22.255888+00:00,45.299064246,113160,2680144391,2680161019,15,True,15,1.20728,1.76195,0.8865158774099875,2.72909,4.62432,3.58462,4.87426
2026-09-06T07:17:22.277884+00:00,45.32105957,113161,2680166647,2680183019,15,True,15,1.22737,1.76667,0.866973013305489,2.74205,4.59205,3.56518,4.87374
2026-09-06T07:17:22.299882+00:00,45.34305707,113162,2680188901,2680205019,15,True,15,1.23852,1.76645,0.8558573437787396,2.76368,4.59053,3.57914,4.87692
2026-09-06T07:17:22.321895+00:00,45.365070954,113163,2680211154,2680227019,15,True,15,1.22848,1.74036,0.8636318891750118,2.72186,4.57107,3.57299,4.89281
2026-09-06T07:17:22.349896+00:00,45.393071513,113164,2680238588,2680255020,15,True,15,1.23881,1.74634,0.8537712876994633,2.73989,4.58008,3.5914,4.87788
2026-09-06T07:17:22.371960+00:00,45.415131351,113165,2680260853,2680277019,15,True,15,1.20102,1.735,0.8906797631023171,2.71092,4.61599,3.59897,4.89952
2026-09-06T07:17:22.393856+00:00,45.437032112,113166,2680283106,2680299019,15,True,15,1.21735,1.75029,0.8754762741502478,2.72183,4.59243,3.57229,4.88638
2026-09-06T07:17:22.416872+00:00,45.460047973,113167,2680305359,2680322019,15,True,15,1.21543,1.74474,0.8769629139821135,2.72318,4.6,3.58632,4.88981
2026-09-06T07:17:22.438897+00:00,45.482072418,113168,2680327618,2680344019,15,True,15,1.21777,1.71915,0.8731081808115188,2.6984,4.58412,3.60132,4.89601
2026-09-06T07:17:22.460909+00:00,45.504084926,113169,2680349874,2680366019,15,True,15,1.22164,1.74646,0.8708995471350296,2.72069,4.60324,3.59695,4.86966
2026-09-06T07:17:22.482896+00:00,45.526071673,113170,2680372137,2680388019,15,True,15,1.20776,1.75221,0.8851902065093128,2.70548,4.60715,3.57541,4.8722
2026-09-06T07:17:22.505872+00:00,45.549047629,113171,2680394394,2680411019,15,True,15,1.23507,1.74785,0.85761817109947,2.73179,4.5785,3.58227,4.87654
2026-09-06T07:17:22.544895+00:00,45.588071083,113172,2680433800,2680450020,15,True,15,1.22631,1.7215,0.8646864553698062,2.68644,4.56993,3.59221,4.87647
2026-09-06T07:17:22.567921+00:00,45.611096896,113173,2680456066,2680473019,15,True,15,1.20513,1.74948,0.8875935935438019,2.70374,4.61063,3.57966,4.8749
2026-09-06T07:17:22.589879+00:00,45.633055003,113174,2680478325,2680495019,15,True,15,1.21511,1.74647,0.8774114046443663,2.70344,4.59057,3.57159,4.8758
2026-09-06T07:17:22.611903+00:00,45.655078808,113175,2680500579,2680517019,15,True,15,1.23536,1.77128,0.8595007667244979,2.73221,4.59553,3.57504,4.83863
2026-09-06T07:17:22.633874+00:00,45.677049427,113176,2680522832,2680539019,15,True,15,1.21237,1.76236,0.8814860103824677,2.72528,4.61374,3.57759,4.86919
2026-09-06T07:17:22.655901+00:00,45.699077263,113177,2680545085,2680561019,15,True,15,1.22113,1.76132,0.8726671870191979,2.71485,4.58035,3.54811,4.87203
2026-09-06T07:17:22.683936+00:00,45.727111199,113178,2680572576,2680589019,15,True,15,1.21539,1.7496,0.8773749552500344,2.73064,4.60045,3.58072,4.8933
2026-09-06T07:17:22.705871+00:00,45.749046714,113179,2680594839,2680611019,15,True,15,1.21397,1.75965,0.8796434979012803,2.73521,4.60871,3.57673,4.88428
2026-09-06T07:17:22.727905+00:00,45.77108063,113180,2680617094,2680633019,15,True,15,1.2308,1.74858,0.861932628689737,2.71751,4.56697,3.56063,4.87947
2026-09-06T07:17:22.750879+00:00,45.794054858,113181,2680639346,2680656019,15,True,15,1.22508,1.75371,0.8680551655856901,2.71806,4.59729,3.58504,4.85856
2026-09-06T07:17:22.772884+00:00,45.81606023,113182,2680661599,2680678019,15,True,15,1.21807,1.75421,0.8750823098429084,2.73448,4.60086,3.57922,4.88748
2026-09-06T07:17:22.794909+00:00,45.838084419,113183,2680683856,2680700019,15,True,15,1.21337,1.73899,0.8786125295031932,2.69698,4.57659,3.56061,4.89223
2026-09-06T07:17:22.816880+00:00,45.860055294,113184,2680706117,2680722020,15,True,15,1.21913,1.73246,0.8724486280005257,2.72448,4.58274,3.58478,4.91115
2026-09-06T07:17:22.839902+00:00,45.883077779,113185,2680728373,2680745019,15,True,15,1.21179,1.74942,0.880949453998355,2.73696,4.60955,3.58763,4.89932
2026-09-06T07:17:22.871884+00:00,45.915059332,113186,2680750633,2680777019,15,True,15,1.2175,1.74999,0.8753027191206478,2.70778,4.58319,3.561,4.87942
2026-09-06T07:17:22.888890+00:00,45.932065381,113187,2680777692,2680794019,15,True,15,1.21572,1.73985,0.8763261612550431,2.72041,4.60673,3.60146,4.88428
2026-09-06T07:17:22.910905+00:00,45.95408029,113188,2680799950,2680816019,15,True,15,1.22709,1.72832,0.8642618182587958,2.70925,4.57472,3.59083,4.88931
2026-09-06T07:17:22.933885+00:00,45.977060726,113189,2680822211,2680839019,15,True,15,1.22747,1.75289,0.8656043859639343,2.72792,4.59283,3.58368,4.86966
2026-09-06T07:17:22.955895+00:00,45.999070866,113190,2680844465,2680861019,15,True,15,1.22257,1.78264,0.8734814105062568,2.76925,4.61374,3.56629,4.87912
2026-09-06T07:17:22.977876+00:00,46.021052013,113191,2680866719,2680883020,15,True,15,1.22425,1.76268,0.8696890506957068,2.74367,4.60348,3.58057,4.87486
2026-09-06T07:17:22.999908+00:00,46.043083466,113192,2680888972,2680905019,15,True,15,1.21416,1.76673,0.8801237404478985,2.73591,4.61724,3.5791,4.87008
2026-09-06T07:17:23.049944+00:00,46.093120022,113193,2680938809,2680955019,15,True,15,1.20792,1.74609,0.8845524373941884,2.71662,4.59581,3.56874,4.90055
2026-09-06T07:17:23.071893+00:00,46.115068977,113194,2680961074,2680977019,15,True,15,1.21352,1.73849,0.8784294339900046,2.71053,4.59823,3.58922,4.88707
2026-09-06T07:17:23.094888+00:00,46.138063878,113195,2680983329,2681000019,15,True,15,1.21857,1.7357,0.8732082998345813,2.70769,4.59437,3.5948,4.87977
2026-09-06T07:17:23.116901+00:00,46.160076162,113196,2681005583,2681022019,15,True,15,1.20408,1.75313,0.8889332051959808,2.69839,4.60527,3.56666,4.87281
2026-09-06T07:17:23.138899+00:00,46.182074366,113197,2681027839,2681044019,15,True,15,1.21758,1.76393,0.8764478885250392,2.71683,4.59871,3.5635,4.8618
2026-09-06T07:17:23.160912+00:00,46.204087771,113198,2681050101,2681066019,15,True,15,1.20259,1.74575,0.8898424414467989,2.72307,4.61147,3.58187,4.90419
2026-09-06T07:17:23.183890+00:00,46.227065487,113199,2681072358,2681089019,15,True,15,1.2043,1.74313,0.8879470068084018,2.69309,4.61493,3.592,4.86658
2026-09-06T07:17:23.205922+00:00,46.249097388,113200,2681094618,2681111019,15,True,15,1.19806,1.74992,0.894676349301802,2.71691,4.62186,3.5837,4.89298
2026-09-06T07:17:23.227911+00:00,46.271086343,113201,2681116871,2681133019,15,True,15,1.19951,1.74705,0.8930107180767762,2.71147,4.60935,3.5732,4.89841
2026-09-06T07:17:23.250937+00:00,46.294112349,113202,2681139127,2681156019,15,True,15,1.22431,1.7371,0.867571084176968,2.72956,4.59109,3.59684,4.89415
2026-09-06T07:17:23.272903+00:00,46.316078968,113203,2681161390,2681178019,15,True,15,1.21374,1.76374,0.8802522224908039,2.70608,4.61644,3.58125,4.84104
2026-09-06T07:17:23.295276+00:00,46.338449501,113204,2681183647,2681200019,15,True,15,1.23417,1.76955,0.8605022901770801,2.75544,4.59593,3.57607,4.86857
2026-09-06T07:17:23.316895+00:00,46.360070512,113205,2681205900,2681222019,15,True,15,1.23384,1.79564,0.8639343465796459,2.78671,4.61644,3.56919,4.86131
2026-09-06T07:17:23.338882+00:00,46.382058252,113206,2681228153,2681244019,15,True,15,1.22009,1.7622,0.8737850125173812,2.74371,4.60588,3.57844,4.8816
2026-09-06T07:17:23.366922+00:00,46.410097212,113207,2681255591,2681272019,15,True,15,1.20844,1.75441,0.8846947957911813,2.71728,4.61055,3.57798,4.87867
2026-09-06T07:17:23.388922+00:00,46.4320974,113208,2681277856,2681294020,15,True,15,1.2271,1.7442,0.8652849530645957,2.73119,4.58272,3.58113,4.8916
2026-09-06T07:17:23.410876+00:00,46.454052339,113209,2681300111,2681316019,15,True,15,1.23661,1.72451,0.854549958867239,2.71862,4.55769,3.58721,4.89963
2026-09-06T07:17:23.433899+00:00,46.477074505,113210,2681322365,2681339019,15,True,15,1.19593,1.76131,0.8977597011450223,2.7232,4.61843,3.56193,4.89709
2026-09-06T07:17:23.455896+00:00,46.499071461,113211,2681344625,2681361019,15,True,15,1.22091,1.72397,0.8702015795205154,2.7052,4.58047,3.59499,4.89608
2026-09-06T07:17:23.477983+00:00,46.521155619,113212,2681366881,2681383019,15,True,15,1.22014,1.7372,0.8717386417958078,2.70913,4.59479,3.59565,4.87638
2026-09-06T07:17:23.499920+00:00,46.543095677,113213,2681389144,2681405019,15,True,15,1.225,1.7341,0.866690146476813,2.71605,4.58809,3.59774,4.88326
2026-09-06T07:17:23.522929+00:00,46.56610373,113214,2681411401,2681428019,15,True,15,1.20572,1.75818,0.8877292553475975,2.70602,4.6114,3.57052,4.86745
2026-09-06T07:17:23.561945+00:00,46.605120816,113215,2681450798,2681467019,15,True,15,1.22173,1.74351,0.8705896352472845,2.70794,4.57803,3.5685,4.88173
2026-09-06T07:17:23.584901+00:00,46.62807738,113216,2681473064,2681490019,15,True,15,1.21068,1.74619,0.8818076765939383,2.70003,4.61056,3.59143,4.86247
2026-09-06T07:17:23.606912+00:00,46.65008768,113217,2681495321,2681512019,15,True,15,1.20941,1.76846,0.8850219882579187,2.71055,4.6008,3.54898,4.86545
2026-09-06T07:17:23.628889+00:00,46.672064508,113218,2681517575,2681534020,15,True,15,1.25007,1.75699,0.8434511633758055,2.75491,4.5659,3.57565,4.87516
2026-09-06T07:17:23.650898+00:00,46.694073912,113219,2681539828,2681556019,15,True,15,1.22771,1.76385,0.8663572395957684,2.74922,4.5961,3.57443,4.87991
2026-09-06T07:17:23.672898+00:00,46.716073428,113220,2681562081,2681578019,15,True,15,1.20821,1.76519,0.8858955582911564,2.72709,4.61516,3.57002,4.87581
2026-09-06T07:17:23.700941+00:00,46.744116741,113221,2681589574,2681606019,15,True,15,1.20634,1.74133,0.8857857328383653,2.71173,4.60128,3.57956,4.89759
2026-09-06T07:17:23.722915+00:00,46.766091136,113222,2681611837,2681628019,15,True,15,1.20833,1.74399,0.8839890887335657,2.70634,4.61013,3.59036,4.87675
2026-09-06T07:17:23.744889+00:00,46.788064924,113223,2681634091,2681650019,15,True,15,1.21018,1.75134,0.8827075551959436,2.71559,4.61078,3.58455,4.87586
2026-09-06T07:17:23.767888+00:00,46.811063504,113224,2681656345,2681673019,15,True,15,1.22894,1.75823,0.8646064171054942,2.7245,4.58383,3.56747,4.86635
2026-09-06T07:17:23.789900+00:00,46.833075853,113225,2681678600,2681695019,15,True,15,1.22866,1.73848,0.8633229442103341,2.71865,4.58704,3.59601,4.8756
2026-09-06T07:17:23.811944+00:00,46.855119978,113226,2681700859,2681717019,15,True,15,1.20371,1.73725,0.8881371102481866,2.69873,4.61107,3.59358,4.88312
2026-09-06T07:17:23.833894+00:00,46.877069893,113227,2681723119,2681739019,15,True,15,1.20085,1.71839,0.889978378726135,2.68279,4.58715,3.58259,4.91124
2026-09-06T07:17:23.856920+00:00,46.900095322,113228,2681745376,2681762019,15,True,15,1.20098,1.72892,0.8903649402351823,2.69284,4.59935,3.58519,4.9009
2026-09-06T07:17:23.878900+00:00,46.922075478,113229,2681767636,2681784019,15,True,15,1.20272,1.73051,0.8887165231388464,2.70968,4.6017,3.58861,4.91225
2026-09-06T07:17:23.900923+00:00,46.944098386,113230,2681789891,2681806019,15,True,15,1.19515,1.75416,0.8979177178895624,2.71306,4.63206,3.58748,4.88108
2026-09-06T07:17:23.923934+00:00,46.967109863,113231,2681812149,2681829019,15,True,15,1.20628,1.74046,0.8857857811005998,2.70331,4.59238,3.56912,4.89756
2026-09-06T07:17:23.945913+00:00,46.989088387,113232,2681834409,2681851019,15,True,15,1.2024,1.76889,0.8920399049930445,2.70598,4.60809,3.54802,4.86747
2026-09-06T07:17:23.967929+00:00,47.011104351,113233,2681856666,2681873020,15,True,15,1.2362,1.73804,0.8557704608129447,2.71133,4.576,3.59297,4.86278
2026-09-06T07:17:23.989903+00:00,47.033078971,113234,2681878920,2681895020,15,True,15,1.21391,1.76765,0.8804636338884189,2.72057,4.59212,3.54512,4.87629
2026-09-06T07:17:24.011934+00:00,47.05510988,113235,2681901172,2681917019,15,True,15,1.22597,1.77207,0.8689215878317214,2.74469,4.60432,3.57224,4.86301
2026-09-06T07:17:24.062948+00:00,47.106123549,113236,2681951087,2681968019,15,True,15,1.22421,1.7447,0.8682041315842719,2.71624,4.58142,3.5748,4.88159
2026-09-06T07:17:24.084906+00:00,47.128081656,113237,2681973353,2681990019,15,True,15,1.19917,1.76356,0.8947403883250156,2.72184,4.62122,3.56725,4.88423
2026-09-06T07:17:24.106908+00:00,47.150083156,113238,2681995616,2682012020,15,True,15,1.22033,1.73827,0.8716199296711841,2.71861,4.58078,3.57664,4.89869
2026-09-06T07:17:24.128940+00:00,47.172116177,113239,2682017869,2682034019,15,True,15,1.2168,1.72721,0.8744752850138188,2.71024,4.58484,3.5908,4.90298
2026-09-06T07:17:24.151956+00:00,47.195132039,113240,2682040127,2682057019,15,True,15,1.19312,1.73872,0.8988001851357174,2.69055,4.61392,3.58064,4.89172
2026-09-06T07:17:24.173921+00:00,47.21709709,113241,2682062390,2682079019,15,True,15,1.22387,1.74193,0.8683412358053715,2.7107,4.56778,3.56033,4.89146
2026-09-06T07:17:24.195948+00:00,47.239123263,113242,2682084646,2682101019,15,True,15,1.21916,1.73518,0.8725864644836062,2.70945,4.58426,3.58337,4.8905
2026-09-06T07:17:24.217900+00:00,47.261076154,113243,2682106900,2682123019,15,True,15,1.23007,1.74046,0.8620527921769059,2.72134,4.58642,3.5947,4.87447
2026-09-06T07:17:24.239915+00:00,47.283090167,113244,2682129153,2682145019,15,True,15,1.22209,1.74304,0.8701964201833974,2.71746,4.59514,3.59151,4.87592
2026-09-06T07:17:24.262946+00:00,47.306121964,113245,2682151410,2682168019,15,True,15,1.23476,1.74868,0.8579932400666102,2.72275,4.5731,3.5739,4.87137
2026-09-06T07:17:24.284915+00:00,47.328091144,113246,2682173673,2682190019,15,True,15,1.2155,1.73523,0.8762423197380961,2.69523,4.59855,3.59648,4.86876
2026-09-06T07:17:24.306946+00:00,47.350121637,113247,2682195930,2682212019,15,True,15,1.21961,1.75822,0.8738976601982635,2.72189,4.61141,3.58988,4.85656
2026-09-06T07:17:24.328922+00:00,47.372097249,113248,2682218184,2682234019,15,True,15,1.21507,1.757,0.8783117356041644,2.71534,4.60106,3.57177,4.86949
2026-09-06T07:17:24.351919+00:00,47.395093973,113249,2682240438,2682257019,15,True,15,1.21169,1.76848,0.8827554398019872,2.72931,4.59846,3.54915,4.88387
2026-09-06T07:17:24.379925+00:00,47.423100933,113250,2682268582,2682285019,15,True,15,1.21422,1.73456,0.8774778641082632,2.69719,4.59204,3.5872,4.8803
2026-09-06T07:17:24.401944+00:00,47.445119426,113251,2682290847,2682307019,15,True,15,1.2126,1.74907,0.8801144385249,2.72064,4.5938,3.56895,4.89459
2026-09-06T07:17:24.423915+00:00,47.467091198,113252,2682313101,2682329019,15,True,15,1.21865,1.74888,0.8740682335493035,2.71769,4.57773,3.55699,4.89421
2026-09-06T07:17:24.446907+00:00,47.49008293,113253,2682335355,2682352019,15,True,15,1.19216,1.73755,0.899682537398609,2.70475,4.6177,3.58564,4.90684
2026-09-06T07:17:24.468929+00:00,47.512104367,113254,2682357613,2682374019,15,True,15,1.21675,1.72797,0.8745665688785501,2.70701,4.57773,3.5807,4.90546
2026-09-06T07:17:24.490966+00:00,47.53414126,113255,2682379870,2682396019,15,True,15,1.19904,1.74384,0.8932442371490563,2.68739,4.59774,3.56162,4.88666
2026-09-06T07:17:24.512917+00:00,47.556092999,113256,2682402133,2682418019,15,True,15,1.21333,1.75604,0.8799615733087438,2.71222,4.60915,3.58094,4.86282
2026-09-06T07:17:24.535940+00:00,47.579115965,113257,2682424390,2682441020,15,True,15,1.23978,1.72177,0.8512454295325171,2.69503,4.554,3.59038,4.87297
2026-09-06T07:17:24.574929+00:00,47.618104826,113258,2682463800,2682480019,15,True,15,1.2383,1.74412,0.8541102179461383,2.72669,4.57691,3.58943,4.86913
2026-09-06T07:17:24.597942+00:00,47.641117808,113259,2682486067,2682503019,15,True,15,1.21649,1.74955,0.8762744562065014,2.70465,4.59328,3.57313,4.8689
2026-09-06T07:17:24.619950+00:00,47.663125612,113260,2682508325,2682525019,15,True,15,1.19734,1.75684,0.8959610824137395,2.69318,4.60503,3.55219,4.87768
2026-09-06T07:17:24.641980+00:00,47.685152041,113261,2682530580,2682547019,15,True,15,1.23011,1.74647,0.8624552585496825,2.72633,4.58034,3.57944,4.88014
2026-09-06T07:17:24.663960+00:00,47.707135813,113262,2682552833,2682569019,15,True,15,1.21826,1.74832,0.8744130888773337,2.71551,4.59907,3.58458,4.87303
2026-09-06T07:17:24.685927+00:00,47.729102688,113263,2682575086,2682591019,15,True,15,1.22762,1.77093,0.8671606133237371,2.72463,4.59507,3.56405,4.84684
2026-09-06T07:17:24.713951+00:00,47.757125073,113264,2682602579,2682619019,15,True,15,1.21719,1.73935,0.8748255360927685,2.70783,4.5888,3.58119,4.88464
2026-09-06T07:17:24.735932+00:00,47.779107724,113265,2682624841,2682641019,15,True,15,1.22084,1.7345,0.8708670137282729,2.70286,4.57725,3.57758,4.88697
2026-09-06T07:17:24.757947+00:00,47.801123049,113266,2682647097,2682663019,15,True,15,1.21657,1.73253,0.8750082089900642,2.70562,4.58885,3.58894,4.88969
2026-09-06T07:17:24.780912+00:00,47.824087965,113267,2682669350,2682686019,15,True,15,1.21582,1.73634,0.875993646095678,2.70724,4.58294,3.57553,4.89506
2026-09-06T07:17:24.802922+00:00,47.846097306,113268,2682691603,2682708019,15,True,15,1.23816,1.75684,0.8552986444511648,2.73556,4.59121,3.59156,4.85412
2026-09-06T07:17:24.824956+00:00,47.868131511,113269,2682713860,2682730019,15,True,15,1.1982,1.7515,0.8946616623059244,2.70232,4.62152,3.58147,4.87536
2026-09-06T07:17:24.846917+00:00,47.890092594,113270,2682736120,2682752020,15,True,15,1.20416,1.75225,0.8887815075146421,2.71806,4.61126,3.57562,4.88964
2026-09-06T07:17:24.869918+00:00,47.913093895,113271,2682758377,2682775019,15,True,15,1.22768,1.73256,0.8639203296600906,2.70982,4.57734,3.58969,4.88238
2026-09-06T07:17:24.891916+00:00,47.935091491,113272,2682780638,2682797019,15,True,15,1.20959,1.74357,0.8827020522237387,2.71016,4.59243,3.56989,4.89547
2026-09-06T07:17:24.913915+00:00,47.957090559,113273,2682802891,2682819019,15,True,15,1.20534,1.73387,0.8862986474659654,2.68764,4.58966,3.57262,4.89083
2026-09-06T07:17:24.936956+00:00,47.980132053,113274,2682825149,2682842019,15,True,15,1.21259,1.73245,0.8789762855731659,2.70643,4.5975,3.59456,4.89067
2026-09-06T07:17:24.958918+00:00,48.002093969,113275,2682847409,2682864019,15,True,15,1.22057,1.75601,0.8727462661048742,2.71745,4.59964,3.57887,4.86281
2026-09-06T07:17:24.980944+00:00,48.024119918,113276,2682869664,2682886019,15,True,15,1.23936,1.77066,0.8554575648154616,2.73197,4.59092,3.57551,4.83503
2026-09-06T07:17:25.002926+00:00,48.046101802,113277,2682891918,2682908020,15,True,15,1.2236,1.78629,0.8728954829187741,2.75308,4.59845,3.54333,4.86976
2026-09-06T07:17:25.024937+00:00,48.068113222,113278,2682914171,2682930020,15,True,15,1.2184,1.7456,0.8740651691950663,2.71541,4.59812,3.58696,4.87605
2026-09-06T07:17:25.078024+00:00,48.12119651,113279,2682966251,2682983019,15,True,15,1.21506,1.74883,0.8776431920205384,2.70518,4.59789,3.57795,4.86875
2026-09-06T07:17:25.099923+00:00,48.143098104,113280,2682988516,2683005019,15,True,15,1.20891,1.76123,0.8848264807294139,2.71317,4.60203,3.55902,4.8749
2026-09-06T07:17:25.121969+00:00,48.165142966,113281,2683010772,2683027019,15,True,15,1.21723,1.72925,0.8741584727038912,2.70622,4.57947,3.58199,4.90081
2026-09-06T07:17:25.143944+00:00,48.187120114,113282,2683033025,2683049019,15,True,15,1.20021,1.73422,0.8914404368773047,2.71005,4.60711,3.58742,4.90928
2026-09-06T07:17:25.166963+00:00,48.210138119,113283,2683055281,2683072019,15,True,15,1.22183,1.75338,0.8712656158141441,2.73306,4.58578,3.56611,4.89315
2026-09-06T07:17:25.188949+00:00,48.232124996,113284,2683077543,2683094019,15,True,15,1.20596,1.7412,0.8861558336996941,2.70406,4.59673,3.57333,4.89426
2026-09-06T07:17:25.210941+00:00,48.254116992,113285,2683099801,2683116019,15,True,15,1.20686,1.73662,0.884953153562379,2.70015,4.60194,3.58704,4.88743
2026-09-06T07:17:25.232947+00:00,48.276122429,113286,2683122055,2683138019,15,True,15,1.23195,1.74397,0.8604312659358675,2.71308,4.58288,3.5884,4.86149
2026-09-06T07:17:25.255948+00:00,48.299123794,113287,2683144308,2683161019,15,True,15,1.20029,1.75607,0.8929560621889521,2.71262,4.61106,3.56512,4.88819
2026-09-06T07:17:25.277963+00:00,48.321139151,113288,2683166563,2683183019,15,True,15,1.21279,1.7346,0.8789075856425406,2.69514,4.59701,3.59152,4.87626
2026-09-06T07:17:25.299959+00:00,48.343134603,113289,2683188827,2683205019,15,True,15,1.23013,1.76226,0.863795765502471,2.73298,4.59321,3.57611,4.86084
2026-09-06T07:17:25.321944+00:00,48.365119847,113290,2683211084,2683227019,15,True,15,1.22369,1.75113,0.8692252257039023,2.71747,4.58775,3.5741,4.87214
2026-09-06T07:17:25.344946+00:00,48.388122172,113291,2683233338,2683250019,15,True,15,1.23865,1.75386,0.8545479050936815,2.73196,4.58109,3.58305,4.86137
2026-09-06T07:17:25.366935+00:00,48.410110104,113292,2683255590,2683272019,15,True,15,1.20536,1.75839,0.888106368460445,2.70414,4.60335,3.55935,4.87351
2026-09-06T07:17:25.394965+00:00,48.438140489,113293,2683283578,2683300019,15,True,15,1.22719,1.75789,0.8663186181769382,2.73009,4.59114,3.57483,4.86964
2026-09-06T07:17:25.416930+00:00,48.460105797,113294,2683305844,2683322019,15,True,15,1.22594,1.73548,0.8658393118818293,2.69553,4.5631,3.56539,4.88075
2026-09-06T07:17:25.438941+00:00,48.482116577,113295,2683328097,2683344019,15,True,15,1.22256,1.73682,0.8692989508793851,2.72066,4.57902,3.57934,4.89939
2026-09-06T07:17:25.461973+00:00,48.505148471,113296,2683350350,2683367019,15,True,15,1.1998,1.74937,0.8928987831215808,2.69849,4.61205,3.57417,4.87877
2026-09-06T07:17:25.483960+00:00,48.527134739,113297,2683372602,2683389019,15,True,15,1.21521,1.76887,0.8792925684890097,2.73733,4.60128,3.55726,4.88263
2026-09-06T07:17:25.505954+00:00,48.549130096,113298,2683394860,2683411019,15,True,15,1.21743,1.73411,0.8742461306748802,2.70946,4.58397,3.58192,4.89531
2026-09-06T07:17:25.527976+00:00,48.571151245,113299,2683417122,2683433019,15,True,15,1.208,1.74107,0.884111726480313,2.71208,4.60611,3.5884,4.89028
2026-09-06T07:17:25.550942+00:00,48.594117057,113300,2683439378,2683456019,15,True,15,1.21407,1.7578,0.8793783059070764,2.7303,4.60002,3.56801,4.8885
2026-09-06T07:17:25.589992+00:00,48.6331672,113301,2683478803,2683495019,15,True,15,1.21218,1.75136,0.8807157327991817,2.70327,4.60046,3.57405,4.86779
2026-09-06T07:17:25.612959+00:00,48.656133716,113302,2683501070,2683518019,15,True,15,1.20994,1.73383,0.8817047535881837,2.69123,4.59898,3.59104,4.87664
2026-09-06T07:17:25.634961+00:00,48.678136177,113303,2683523327,2683540019,15,True,15,1.20916,1.75488,0.8840170360349396,2.69524,4.61271,3.58117,4.85019
2026-09-06T07:17:25.656969+00:00,48.700144366,113304,2683545581,2683562019,15,True,15,1.215,1.77932,0.880618795166217,2.74967,4.62181,3.57033,4.86789
2026-09-06T07:17:25.678999+00:00,48.722173163,113305,2683567834,2683584019,15,True,15,1.21621,1.74596,0.876276032822991,2.72277,4.5917,3.57522,4.89442
2026-09-06T07:17:25.700938+00:00,48.744113958,113306,2683590087,2683606019,15,True,15,1.23018,1.76361,0.863875607075463,2.72389,4.59583,3.57785,4.8468
2026-09-06T07:17:25.729030+00:00,48.772203128,113307,2683617593,2683634019,15,True,15,1.21581,1.7393,0.876198976317594,2.70266,4.58279,3.57161,4.88742
2026-09-06T07:17:25.750968+00:00,48.794143667,113308,2683639855,2683656019,15,True,15,1.21729,1.738,0.874635206300318,2.70568,4.58367,3.57644,4.88809
2026-09-06T07:17:25.772937+00:00,48.816112751,113309,2683662109,2683678019,15,True,15,1.2021,1.74442,0.8902338717438243,2.71302,4.60386,3.57306,4.9024
2026-09-06T07:17:25.795958+00:00,48.839133572,113310,2683684362,2683701020,15,True,15,1.21651,1.7319,0.8750305080967176,2.69905,4.5796,3.5778,4.8918
2026-09-06T07:17:25.817951+00:00,48.861126369,113311,2683706623,2683723019,15,True,15,1.21298,1.74602,0.8795014046606179,2.72428,4.58788,3.56571,4.90621
2026-09-06T07:17:25.839985+00:00,48.883159454,113312,2683728883,2683745019,15,True,15,1.22606,1.75936,0.8675772779412794,2.74113,4.59509,3.57649,4.87926
2026-09-06T07:17:25.861951+00:00,48.905126682,113313,2683751143,2683767020,15,True,15,1.24797,1.72869,0.8434365637082611,2.72331,4.5589,3.5993,4.87665
2026-09-06T07:17:25.884964+00:00,48.928139919,113314,2683773400,2683790019,15,True,15,1.23219,1.75819,0.861366166156995,2.72744,4.57838,3.56508,4.86814
2026-09-06T07:17:25.906983+00:00,48.950158092,113315,2683795653,2683812019,15,True,15,1.21145,1.7459,0.8810181113348351,2.70397,4.59832,3.57714,4.87711
2026-09-06T07:17:25.928976+00:00,48.972151816,113316,2683817907,2683834019,15,True,15,1.19789,1.75462,0.8952253328073329,2.71713,4.64054,3.60165,4.8715
2026-09-06T07:17:25.951960+00:00,48.995135901,113317,2683840167,2683857019,15,True,15,1.21711,1.75003,0.8756946688201316,2.7034,4.58494,3.56265,4.87366
2026-09-06T07:17:25.973965+00:00,49.017140122,113318,2683862428,2683879019,15,True,15,1.23898,1.75902,0.8546807595821961,2.74991,4.57601,3.57051,4.88091
2026-09-06T07:17:25.995942+00:00,49.039117301,113319,2683884683,2683901019,15,True,15,1.22565,1.76527,0.868545851063719,2.77083,4.60409,3.58004,4.89968
2026-09-06T07:17:26.017988+00:00,49.061163795,113320,2683906938,2683923019,15,True,15,1.22724,1.76494,0.8669311513609368,2.73868,4.58962,3.56406,4.8741
2026-09-06T07:17:26.039963+00:00,49.083138511,113321,2683929192,2683945019,15,True,15,1.21505,1.75773,0.8783959559333137,2.728,4.60466,3.57545,4.87961
2026-09-06T07:17:26.089986+00:00,49.133161565,113322,2683978818,2683995019,15,True,15,1.21443,1.74498,0.8779779184580897,2.71778,4.58387,3.5639,4.90077
2026-09-06T07:17:26.121951+00:00,49.165126382,113323,2684001084,2684027019,15,True,15,1.22231,1.74317,0.8699864280550587,2.72495,4.58139,3.57403,4.89661
2026-09-06T07:17:26.138978+00:00,49.182153649,113324,2684027699,2684044020,15,True,15,1.21574,1.76206,0.8781027224647465,2.73038,4.60466,3.57096,4.87687
2026-09-06T07:17:26.160956+00:00,49.204131949,113325,2684049954,2684066019,15,True,15,1.19706,1.74277,0.8951435172641311,2.69771,4.60246,3.56628,4.89861
2026-09-06T07:17:26.183990+00:00,49.227166051,113326,2684072209,2684089019,15,True,15,1.23347,1.73569,0.8583385212140952,2.71801,4.56835,3.58235,4.88516
2026-09-06T07:17:26.205988+00:00,49.249163519,113327,2684094472,2684111019,15,True,15,1.20656,1.73999,0.885474468124293,2.70423,4.58662,3.5627,4.90382
2026-09-06T07:17:26.237994+00:00,49.281170034,113328,2684116729,2684143019,15,True,15,1.20276,1.71659,0.8879941698569871,2.68279,4.60341,3.60828,4.89376
2026-09-06T07:17:26.254994+00:00,49.2981629,113329,2684143695,2684160019,15,True,15,1.21382,1.75395,0.8792951693828415,2.70391,4.58856,3.55775,4.87395
2026-09-06T07:17:26.276954+00:00,49.320129744,113330,2684165947,2684182019,15,True,15,1.21492,1.73578,0.8768559829299221,2.68342,4.5879,3.58134,4.86643
2026-09-06T07:17:26.299998+00:00,49.343173478,113331,2684188203,2684205019,15,True,15,1.21664,1.75643,0.8766979151908597,2.71758,4.59957,3.57276,4.8707
2026-09-06T07:17:26.321956+00:00,49.365131265,113332,2684210466,2684227019,15,True,15,1.22813,1.73811,0.8638267586732885,2.71262,4.57486,3.58017,4.88176
2026-09-06T07:17:26.344074+00:00,49.387249793,113333,2684232722,2684249019,15,True,15,1.22847,1.76184,0.8654084160094584,2.73352,4.58746,3.56691,4.87069
2026-09-06T07:17:26.365974+00:00,49.409150395,113334,2684254975,2684271019,15,True,15,1.21721,1.76897,0.8773129686719557,2.73706,4.59358,3.54999,4.8854
2026-09-06T07:17:26.388979+00:00,49.432154993,113335,2684277228,2684294019,15,True,15,1.22896,1.76398,0.8651257261230877,2.73545,4.58904,3.56694,4.86838
2026-09-06T07:17:26.416990+00:00,49.460165281,113336,2684305577,2684322019,15,True,15,1.19956,1.73386,0.8920674263753833,2.69545,4.60761,3.5876,4.89438
2026-09-06T07:17:26.439027+00:00,49.482200671,113337,2684327843,2684344019,15,True,15,1.21767,1.73865,0.8742994060389151,2.71651,4.59469,3.59027,4.88839
2026-09-06T07:17:26.460992+00:00,49.504167994,113338,2684350097,2684366019,15,True,15,1.21965,1.74922,0.8730982366835933,2.70744,4.59099,3.575,4.86799
2026-09-06T07:17:26.483971+00:00,49.527146671,113339,2684372351,2684389019,15,True,15,1.22783,1.75371,0.8653151293026141,2.72021,4.58941,3.57876,4.86277
2026-09-06T07:17:26.506055+00:00,49.54922699,113340,2684394611,2684411019,15,True,15,1.21778,1.73993,0.8742764627393326,2.71396,4.59876,3.59403,4.88033
2026-09-06T07:17:26.527969+00:00,49.571144744,113341,2684416867,2684433019,15,True,15,1.22409,1.72502,0.8670795398923907,2.6878,4.56649,3.58031,4.88248
2026-09-06T07:17:26.549962+00:00,49.593137733,113342,2684439132,2684455019,15,True,15,1.21145,1.75035,0.8813621418009738,2.71869,4.60223,3.57658,4.88567
2026-09-06T07:17:26.572989+00:00,49.616165083,113343,2684461388,2684478019,15,True,15,1.22589,1.72989,0.865549018946934,2.72542,4.58312,3.5979,4.90041
2026-09-06T07:17:26.611981+00:00,49.655156825,113344,2684500797,2684517019,15,True,15,1.2233,1.73224,0.8682729453345875,2.69794,4.58335,3.59166,4.87282
2026-09-06T07:17:26.635010+00:00,49.678185551,113345,2684523062,2684540020,15,True,15,1.23448,1.74995,0.8583749023008534,2.7162,4.57427,3.5734,4.86235
2026-09-06T07:17:26.656966+00:00,49.700141611,113346,2684545321,2684562019,15,True,15,1.21247,1.7408,0.8796337538430411,2.69707,4.5967,3.58291,4.87361
2026-09-06T07:17:26.678987+00:00,49.72216212,113347,2684567576,2684584020,15,True,15,1.25335,1.77401,0.8419151397854774,2.7794,4.57648,3.57234,4.87061
2026-09-06T07:17:26.700991+00:00,49.744165893,113348,2684589828,2684606019,15,True,15,1.23623,1.78491,0.8601914443889801,2.75919,4.5915,3.55386,4.85857
2026-09-06T07:17:26.722982+00:00,49.766157281,113349,2684612083,2684628019,15,True,15,1.22614,1.7712,0.8686607736049785,2.75138,4.60374,3.57281,4.87157
2026-09-06T07:17:26.750990+00:00,49.794165841,113350,2684639572,2684656019,15,True,15,1.22762,1.73293,0.8640028063033128,2.71882,4.57913,3.59142,4.89047
2026-09-06T07:17:26.773013+00:00,49.816187951,113351,2684661834,2684678019,15,True,15,1.22328,1.73888,0.8687176830248132,2.704,4.5875,3.5886,4.86957
2026-09-06T07:17:26.794994+00:00,49.838170027,113352,2684684088,2684700019,15,True,15,1.21337,1.75828,0.8801181257649451,2.72545,4.6164,3.58752,4.8686
2026-09-06T07:17:26.818005+00:00,49.86118096,113353,2684706343,2684723019,15,True,15,1.20673,1.73791,0.8851663465134673,2.7005,4.60433,3.58832,4.88464
2026-09-06T07:17:26.840008+00:00,49.883182621,113354,2684728595,2684745019,15,True,15,1.22478,1.74446,0.8676178536660019,2.72228,4.5923,3.58982,4.87716
2026-09-06T07:17:26.861999+00:00,49.90517401,113355,2684750854,2684767019,15,True,15,1.22531,1.73835,0.8666565170815944,2.71387,4.57666,3.57823,4.88701
2026-09-06T07:17:26.884013+00:00,49.927188759,113356,2684773114,2684789019,15,True,15,1.20873,1.7579,0.8847062918844872,2.72588,4.607,3.5694,4.88782
2026-09-06T07:17:26.906988+00:00,49.950163915,113357,2684795369,2684812019,15,True,15,1.22589,1.7201,0.8650399424882067,2.71246,4.57359,3.59802,4.90393
2026-09-06T07:17:26.928983+00:00,49.972159048,113358,2684817628,2684834019,15,True,15,1.21058,1.75083,0.8822677741479623,2.71035,4.60009,3.572,4.87976
2026-09-06T07:17:26.951016+00:00,49.994192069,113359,2684839881,2684856019,15,True,15,1.23687,1.73436,0.8548601093161383,2.70365,4.55845,3.57615,4.87272
2026-09-06T07:17:26.973977+00:00,50.01715305,113360,2684862139,2684879019,15,True,15,1.22422,1.74497,0.8682143222154306,2.70712,4.59208,3.58813,4.86115
2026-09-06T07:17:26.995986+00:00,50.039161558,113361,2684884400,2684901019,15,True,15,1.24245,1.75142,0.8505538306891574,2.73505,4.56476,3.57055,4.87463
2026-09-06T07:17:27.017991+00:00,50.061166771,113362,2684906655,2684923020,15,True,15,1.24868,1.75741,0.8448737482606498,2.7644,4.56794,3.57577,4.88646
2026-09-06T07:17:27.040007+00:00,50.083182289,113363,2684928910,2684945019,15,True,15,1.24212,1.73846,0.8498929732619278,2.72372,4.56534,3.5871,4.87407
2026-09-06T07:17:27.061990+00:00,50.105165069,113364,2684951163,2684967019,15,True,15,1.24537,1.76098,0.8485031510253804,2.74485,4.58848,3.59292,4.84851
2026-09-06T07:17:27.112013+00:00,50.155188347,113365,2685000544,2685017019,15,True,15,1.20852,1.75591,0.8847425153681718,2.70112,4.60935,3.57464,4.86028
2026-09-06T07:17:27.133983+00:00,50.177159031,113366,2685022810,2685039019,15,True,15,1.20821,1.74276,0.8840206002690207,2.71023,4.60947,3.59088,4.88309
2026-09-06T07:17:27.155981+00:00,50.199156628,113367,2685045065,2685061019,15,True,15,1.21052,1.74686,0.8820177605921548,2.71831,4.59969,3.5764,4.89275
2026-09-06T07:17:27.179012+00:00,50.22218785,113368,2685067319,2685084019,15,True,15,1.22658,1.72889,0.8648030576379803,2.70185,4.58145,3.598,4.8753
2026-09-06T07:17:27.201104+00:00,50.244275369,113369,2685089574,2685106019,15,True,15,1.21699,1.74724,0.8755956131114407,2.74072,4.60079,3.58637,4.90314
2026-09-06T07:17:27.223006+00:00,50.266181156,113370,2685111836,2685128020,15,True,15,1.21962,1.74019,0.8724586984493878,2.72274,4.57804,3.56973,4.90551
2026-09-06T07:17:27.244990+00:00,50.288164352,113371,2685134093,2685150019,15,True,15,1.22506,1.75552,0.868230657141292,2.73993,4.59473,3.57945,4.88386
2026-09-06T07:17:27.268015+00:00,50.311190774,113372,2685156347,2685173019,15,True,15,1.20827,1.72539,0.8828975280291591,2.70456,4.59162,3.58987,4.90943
2026-09-06T07:17:27.289987+00:00,50.333162866,113373,2685178600,2685195019,15,True,15,1.22026,1.74784,0.8723817588647759,2.70363,4.5798,3.56322,4.87431
2026-09-06T07:17:27.312452+00:00,50.355626554,113374,2685200857,2685217019,15,True,15,1.22268,1.75443,0.8705077870415633,2.72041,4.60441,3.58992,4.85872
2026-09-06T07:17:27.334011+00:00,50.377186925,113375,2685223120,2685239019,15,True,15,1.22999,1.72824,0.8613618854465294,2.69596,4.57526,3.59567,4.86819
2026-09-06T07:17:27.365994+00:00,50.409169663,113376,2685245376,2685271019,15,True,15,1.22016,1.73835,0.8717949002489059,2.71517,4.58128,3.57695,4.89468
2026-09-06T07:17:27.382968+00:00,50.426144192,113377,2685271694,2685288019,15,True,15,1.24086,1.74161,0.8513721464201185,2.71138,4.56141,3.57639,4.86363
2026-09-06T07:17:27.405024+00:00,50.448200094,113378,2685293947,2685310019,15,True,15,1.23013,1.76374,0.8639379633399611,2.73875,4.59487,3.57636,4.86441
2026-09-06T07:17:27.432988+00:00,50.47616363,113379,2685321580,2685338019,15,True,15,1.23762,1.74846,0.855124807264998,2.72196,4.57278,3.57776,4.8651
2026-09-06T07:17:27.455016+00:00,50.498190891,113380,2685343846,2685360019,15,True,15,1.21496,1.74594,0.8775209884669424,2.71829,4.60371,3.58892,4.88072
2026-09-06T07:17:27.476979+00:00,50.520154247,113381,2685366100,2685382019,15,True,15,1.22496,1.73015,0.8664924835796325,2.71919,4.5749,3.58579,4.90284
2026-09-06T07:17:27.500027+00:00,50.543202206,113382,2685388354,2685405019,15,True,15,1.21581,1.75592,0.8774804855379974,2.73561,4.59464,3.56588,4.89765
2026-09-06T07:17:27.522002+00:00,50.56517769,113383,2685410613,2685427019,15,True,15,1.22284,1.72992,0.8685956896047781,2.72296,4.58275,3.59314,4.90422
2026-09-06T07:17:27.544004+00:00,50.587179639,113384,2685432869,2685449019,15,True,15,1.22269,1.75074,0.8701900848090603,2.72513,4.58571,3.57058,4.88503
2026-09-06T07:17:27.566001+00:00,50.609176532,113385,2685455132,2685471019,15,True,15,1.20884,1.75855,0.8846541969040784,2.71785,4.60466,3.56573,4.88024
2026-09-06T07:17:27.589007+00:00,50.632183113,113386,2685477388,2685494019,15,True,15,1.22848,1.73802,0.8634714997033774,2.71923,4.5915,3.60201,4.87285
2026-09-06T07:17:27.630097+00:00,50.673269948,113387,2685518676,2685535019,15,True,15,1.21808,1.74654,0.8744552921676441,2.71792,4.58862,3.57315,4.88756
2026-09-06T07:17:27.652007+00:00,50.695181878,113388,2685540942,2685557019,15,True,15,1.23854,1.7309,0.8529800358742283,2.72168,4.56452,3.59056,4.88685
2026-09-06T07:17:27.675033+00:00,50.71820862,113389,2685563201,2685580019,15,True,15,1.23149,1.76314,0.8625263356559032,2.73997,4.58813,3.57037,4.8699
2026-09-06T07:17:27.696999+00:00,50.740175144,113390,2685585453,2685602020,15,True,15,1.23577,1.76331,0.8582828490655046,2.75032,4.5976,3.58829,4.86368
2026-09-06T07:17:27.719026+00:00,50.76220199,113391,2685607706,2685624019,15,True,15,1.2422,1.78394,0.8541477410846439,2.77131,4.5981,3.57198,4.85472
2026-09-06T07:17:27.741002+00:00,50.784177154,113392,2685629959,2685646019,15,True,15,1.2352,1.77841,0.8604461447993126,2.75903,4.59207,3.56137,4.86597
2026-09-06T07:17:27.769018+00:00,50.812193907,113393,2685657581,2685674019,15,True,15,1.22697,1.75216,0.8660414808194813,2.7205,4.57917,3.56638,4.87591
2026-09-06T07:17:27.791017+00:00,50.83419224,113394,2685679844,2685696019,15,True,15,1.22095,1.71791,0.8698764685862009,2.69549,4.56509,3.58307,4.90521
2026-09-06T07:17:27.813001+00:00,50.856176716,113395,2685702098,2685718019,15,True,15,1.22082,1.73885,0.8711700149224603,2.71531,4.59614,3.59625,4.87908
2026-09-06T07:17:27.835994+00:00,50.879169826,113396,2685724350,2685741019,15,True,15,1.21527,1.72871,0.8760851767950418,2.70289,4.56951,3.56718,4.9109
2026-09-06T07:17:27.858022+00:00,50.901197311,113397,2685746602,2685763019,15,True,15,1.21597,1.73783,0.8759410652549633,2.69671,4.59236,3.58595,4.87287
2026-09-06T07:17:27.889994+00:00,50.933170225,113398,2685768860,2685795019,15,True,15,1.22905,1.74799,0.8636304433031525,2.71709,4.5788,3.57408,4.87205
2026-09-06T07:17:27.907020+00:00,50.950195828,113399,2685795811,2685812019,15,True,15,1.20456,1.7575,0.8888252041880899,2.72051,4.60768,3.56495,4.89007
2026-09-06T07:17:27.929026+00:00,50.972199057,113400,2685818067,2685834019,15,True,15,1.19817,1.72624,0.8930279315340589,2.69194,4.6097,3.5979,4.89838
2026-09-06T07:17:27.952034+00:00,50.99520919,113401,2685840321,2685857019,15,True,15,1.1977,1.73892,0.8942431752045972,2.71241,4.60841,3.57968,4.91148
2026-09-06T07:17:27.974019+00:00,51.017194403,113402,2685862576,2685879020,15,True,15,1.22173,1.74282,0.870539571357902,2.71443,4.57685,3.56785,4.89067
2026-09-06T07:17:27.996022+00:00,51.039197312,113403,2685884833,2685901019,15,True,15,1.20935,1.75611,0.8839327771951891,2.71675,4.60313,3.56754,4.88168
2026-09-06T07:17:28.018010+00:00,51.061185692,113404,2685907094,2685923019,15,True,15,1.22402,1.76432,0.8700754121339136,2.74481,4.60221,3.57655,4.8763
2026-09-06T07:17:28.040998+00:00,51.084174002,113405,2685929349,2685946019,15,True,15,1.22195,1.75372,0.8711747476252968,2.71688,4.59963,3.58366,4.86147
2026-09-06T07:17:28.063044+00:00,51.10621992,113406,2685951603,2685968019,15,True,15,1.22546,1.76971,0.8691819692676556,2.75183,4.60682,3.57771,4.87193
2026-09-06T07:17:28.085021+00:00,51.128196812,113407,2685973855,2685990019,15,True,15,1.23876,1.75752,0.8547624746091744,2.75558,4.58422,3.5826,4.88144
2026-09-06T07:17:28.138036+00:00,51.181211876,113408,2686025957,2686043019,15,True,15,1.20506,1.73984,0.8869608949666269,2.70736,4.59126,3.56675,4.90613
2026-09-06T07:17:28.160014+00:00,51.203189601,113409,2686048222,2686065019,15,True,15,1.21301,1.73503,0.8787148348582718,2.69878,4.58467,3.57547,4.89105
2026-09-06T07:17:28.182002+00:00,51.225177437,113410,2686070478,2686087019,15,True,15,1.22236,1.73534,0.8694030625664945,2.69563,4.58792,3.59229,4.86505
2026-09-06T07:17:28.204040+00:00,51.247215643,113411,2686092732,2686109019,15,True,15,1.22799,1.73868,0.8640049667102614,2.71402,4.58337,3.59013,4.87509
2026-09-06T07:17:28.226728+00:00,51.269877033,113412,2686114989,2686131020,15,True,15,1.21761,1.73758,0.8742881495822756,2.71327,4.58103,3.57403,4.89871
2026-09-06T07:17:28.249022+00:00,51.29219803,113413,2686137252,2686154019,15,True,15,1.22301,1.73422,0.8686837563233238,2.70244,4.59032,3.59766,4.87002
2026-09-06T07:17:28.271013+00:00,51.314188394,113414,2686159508,2686176020,15,True,15,1.20952,1.73451,0.8821657273437911,2.71086,4.59697,3.58703,4.90044
2026-09-06T07:17:28.293026+00:00,51.33620196,113415,2686181762,2686198019,15,True,15,1.19687,1.74461,0.8954639294801324,2.70939,4.60987,3.57324,4.90324
2026-09-06T07:17:28.315052+00:00,51.358226981,113416,2686204015,2686220019,15,True,15,1.22316,1.76477,0.8709750504463373,2.73574,4.60034,3.57236,4.86922
2026-09-06T07:17:28.338017+00:00,51.381192442,113417,2686226270,2686243019,15,True,15,1.21524,1.73437,0.8764480329717214,2.71128,4.5871,3.58253,4.89863
2026-09-06T07:17:28.360009+00:00,51.403184375,113418,2686248533,2686265019,15,True,15,1.23972,1.75171,0.8532985424222872,2.73615,4.57824,3.58358,4.86857
2026-09-06T07:17:28.382022+00:00,51.425198036,113419,2686270787,2686287019,15,True,15,1.20892,1.75462,0.8842341945435043,2.71412,4.58849,3.5499,4.89476
2026-09-06T07:17:28.404010+00:00,51.447185425,113420,2686293042,2686309019,15,True,15,1.21214,1.75938,0.8814416395882372,2.7322,4.60751,3.57298,4.88604
2026-09-06T07:17:28.427040+00:00,51.470215592,113421,2686315296,2686332019,15,True,15,1.22299,1.7438,0.8693542316570385,2.71916,4.58742,3.58192,4.88255
2026-09-06T07:17:28.455040+00:00,51.498216184,113422,2686343579,2686360019,15,True,15,1.20496,1.7414,0.8871672681067532,2.69893,4.5945,3.56882,4.89256
2026-09-06T07:17:28.477018+00:00,51.520193973,113423,2686365845,2686382019,15,True,15,1.21701,1.75564,0.8762607772233103,2.74078,4.59774,3.57192,4.89832
2026-09-06T07:17:28.499031+00:00,51.54220725,113424,2686388099,2686404019,15,True,15,1.19477,1.73539,0.8969419184094362,2.70184,4.61782,3.59214,4.90017
2026-09-06T07:17:28.522022+00:00,51.565198312,113425,2686410352,2686427019,15,True,15,1.20139,1.75103,0.8914443297256424,2.70494,4.59844,3.55672,4.89395
2026-09-06T07:17:28.544050+00:00,51.587225893,113426,2686432611,2686449019,15,True,15,1.20354,1.74727,0.8890087651423915,2.7007,4.60608,3.57435,4.88112
2026-09-06T07:17:28.566030+00:00,51.60920589,113427,2686454868,2686471019,15,True,15,1.22262,1.73825,0.8693337258498601,2.70846,4.59443,3.59733,4.8699
2026-09-06T07:17:28.588023+00:00,51.631198591,113428,2686477131,2686493019,15,True,15,1.20695,1.72825,0.8843672116264826,2.70833,4.59815,3.59281,4.90752
2026-09-06T07:17:28.611022+00:00,51.6541973,113429,2686499388,2686516019,15,True,15,1.19823,1.7575,0.8951312657370426,2.70988,4.60952,3.55844,4.88949
2026-09-06T07:17:28.650023+00:00,51.693198995,113430,2686539070,2686555020,15,True,15,1.1916,1.74819,0.9009841486396971,2.69339,4.60171,3.55078,4.90072
2026-09-06T07:17:28.673033+00:00,51.716208521,113431,2686561335,2686578019,15,True,15,1.21205,1.73945,0.8799605133186373,2.71888,4.59602,3.58314,4.90052
2026-09-06T07:17:28.695017+00:00,51.738192326,113432,2686583592,2686600019,15,True,15,1.2212,1.74125,0.8709563723287176,2.70754,4.58081,3.57416,4.88185
2026-09-06T07:17:28.717075+00:00,51.760248868,113433,2686605846,2686622019,15,True,15,1.22336,1.76113,0.870429185229907,2.7118,4.59024,3.56423,4.85489
2026-09-06T07:17:28.739559+00:00,51.782730285,113434,2686628099,2686644019,15,True,15,1.20086,1.75113,0.891980614419394,2.69179,4.61289,3.57452,4.86676
2026-09-06T07:17:28.762028+00:00,51.80520415,113435,2686650352,2686667019,15,True,15,1.23077,1.75288,0.8623153061960572,2.71348,4.57929,3.57094,4.8595
2026-09-06T07:17:28.790022+00:00,51.833198246,113436,2686678576,2686695019,15,True,15,1.22648,1.74164,0.8657172055584894,2.69218,4.56034,3.55482,4.87284
2026-09-06T07:17:28.812027+00:00,51.85520154,113437,2686700839,2686717020,15,True,15,1.22229,1.74734,0.8703190907362653,2.72229,4.59625,3.58781,4.87589
2026-09-06T07:17:28.834024+00:00,51.877199809,113438,2686723093,2686739019,15,True,15,1.19104,1.73146,0.9004316815838943,2.68829,4.62018,3.5949,4.89427
2026-09-06T07:17:28.857029+00:00,51.900203862,113439,2686745348,2686762019,15,True,15,1.20548,1.72504,0.8856659821851574,2.68026,4.58088,3.57266,4.8988
2026-09-06T07:17:28.879050+00:00,51.92222562,113440,2686767602,2686784019,15,True,15,1.20506,1.72078,0.8858791181645495,2.68998,4.60178,3.60416,4.89464
2026-09-06T07:17:28.901022+00:00,51.944197328,113441,2686789860,2686806019,15,True,15,1.21954,1.72199,0.8714721864179026,2.68262,4.58003,3.59501,4.87622
2026-09-06T07:17:28.923017+00:00,51.966192365,113442,2686812119,2686828019,15,True,15,1.22084,1.74592,0.8716562120469284,2.69552,4.5867,3.57531,4.8594
2026-09-06T07:17:28.946022+00:00,51.989198243,113443,2686834376,2686851019,15,True,15,1.21439,1.73556,0.8773709510235677,2.69266,4.59959,3.59585,4.86691
2026-09-06T07:17:28.968026+00:00,52.011201568,113444,2686856636,2686873019,15,True,15,1.22534,1.73922,0.8666855969727428,2.70173,4.58029,3.58181,4.86929
2026-09-06T07:17:28.990039+00:00,52.033214941,113445,2686878889,2686895019,15,True,15,1.21222,1.74237,0.8799930370747258,2.70446,4.59085,3.57306,4.88639
2026-09-06T07:17:29.013024+00:00,52.056199187,113446,2686901146,2686918019,15,True,15,1.20856,1.73382,0.8830815738084448,2.70565,4.60108,3.59181,4.89342
2026-09-06T07:17:29.035068+00:00,52.078243249,113447,2686923407,2686940019,15,True,15,1.21036,1.76293,0.8835405562281788,2.7061,4.60145,3.55817,4.86302
2026-09-06T07:17:29.056997+00:00,52.100172749,113448,2686945663,2686962019,15,True,15,1.21007,1.74254,0.8821496791928226,2.70449,4.59826,3.57936,4.88368
2026-09-06T07:17:29.079040+00:00,52.122215435,113449,2686967916,2686984019,15,True,15,1.22852,1.7472,0.8640970028879857,2.69435,4.56151,3.55215,4.86481
2026-09-06T07:17:29.101044+00:00,52.144220072,113450,2686990169,2687006019,15,True,15,1.2251,1.74322,0.8672074598387629,2.70151,4.56172,3.55265,4.88326
2026-09-06T07:17:29.151038+00:00,52.194213334,113451,2687039815,2687056019,15,True,15,1.21831,1.75821,0.8751915562892502,2.71184,4.59648,3.56887,4.86215
2026-09-06T07:17:29.173061+00:00,52.21623634,113452,2687062081,2687078019,15,True,15,1.2087,1.73718,0.883153011884124,2.70464,4.59286,3.57726,4.89665
2026-09-06T07:17:29.196082+00:00,52.239258026,113453,2687084337,2687101019,15,True,15,1.21415,1.74284,0.8781014110568321,2.6895,4.57729,3.55774,4.87819
2026-09-06T07:17:29.218041+00:00,52.26121687,113454,2687106591,2687123019,15,True,15,1.20617,1.73347,0.885445938383592,2.68377,4.57862,3.56009,4.8956
2026-09-06T07:17:29.240049+00:00,52.28322458,113455,2687128848,2687145019,15,True,15,1.23238,1.73915,0.8596573659894968,2.71327,4.56992,3.57848,4.87747
2026-09-06T07:17:29.262034+00:00,52.305209729,113456,2687151111,2687167019,15,True,15,1.22845,1.74167,0.8637543582523909,2.731,4.58731,3.59206,4.88664
2026-09-06T07:17:29.285017+00:00,52.328192854,113457,2687173367,2687190019,15,True,15,1.19676,1.74768,0.8958003572225229,2.69187,4.60438,3.56214,4.88647
2026-09-06T07:17:29.307072+00:00,52.350247093,113458,2687195628,2687212019,15,True,15,1.24185,1.72271,0.8492246855809127,2.70511,4.56031,3.60008,4.87312
2026-09-06T07:17:29.329069+00:00,52.372244306,113459,2687217881,2687234019,15,True,15,1.21633,1.74589,0.8761511062596451,2.71824,4.60201,3.5887,4.87949
2026-09-06T07:17:29.352074+00:00,52.395248648,113460,2687240136,2687257019,15,True,15,1.20228,1.7496,0.8904442477774787,2.69623,4.61773,3.58465,4.86559
2026-09-06T07:17:29.374058+00:00,52.417234309,113461,2687262399,2687279019,15,True,15,1.21935,1.75146,0.873577674909335,2.71287,4.6008,3.58436,4.86332
2026-09-06T07:17:29.396045+00:00,52.439220322,113462,2687284656,2687301019,15,True,15,1.25209,1.74551,0.8404669703206664,2.72355,4.55448,3.57836,4.85702
2026-09-06T07:17:29.418051+00:00,52.461226399,113463,2687306910,2687323019,15,True,15,1.22037,1.76265,0.8735487161000237,2.72382,4.6009,3.57185,4.863
2026-09-06T07:17:29.440046+00:00,52.48322134,113464,2687329164,2687345019,15,True,15,1.21667,1.75731,0.8767451881818342,2.70263,4.59015,3.55954,4.86209
2026-09-06T07:17:29.468071+00:00,52.511246029,113465,2687356587,2687373019,15,True,15,1.21333,1.7327,0.8782525712458801,2.69384,4.58393,3.5779,4.88776
2026-09-06T07:17:29.490068+00:00,52.533243851,113466,2687378852,2687395019,15,True,15,1.22609,1.74874,0.866640453533067,2.70481,4.57408,3.56293,4.8682
2026-09-06T07:17:29.512052+00:00,52.555227815,113467,2687401107,2687417019,15,True,15,1.20638,1.74715,0.8861678322417259,2.69584,4.59539,3.5647,4.88013
2026-09-06T07:17:29.535052+00:00,52.578227869,113468,2687423362,2687440019,15,True,15,1.22418,1.74545,0.8682902595906508,2.71134,4.58433,3.57756,4.87278
2026-09-06T07:17:29.557029+00:00,52.600205082,113469,2687445620,2687462020,15,True,15,1.20661,1.74787,0.885993357198574,2.70916,4.60093,3.57125,4.8885
2026-09-06T07:17:29.579047+00:00,52.622223032,113470,2687467876,2687484019,15,True,15,1.20133,1.74068,0.8907392611196611,2.70373,4.59213,3.56158,4.90813
2026-09-06T07:17:29.601057+00:00,52.644232437,113471,2687490138,2687506019,15,True,15,1.22958,1.74479,0.8628559094657694,2.7285,4.58272,3.58386,4.88296
2026-09-06T07:17:29.624051+00:00,52.667226859,113472,2687512395,2687529019,15,True,15,1.21323,1.74216,0.8789707040055429,2.7184,4.59378,3.57849,4.89721
2026-09-06T07:17:29.663027+00:00,52.706203146,113473,2687552073,2687568019,15,True,15,1.22464,1.76292,0.8693236773492368,2.73489,4.59476,3.56957,4.87221
2026-09-06T07:17:29.686046+00:00,52.729221408,113474,2687574339,2687591019,15,True,15,1.24556,1.73042,0.8459439047596476,2.71851,4.55509,3.58897,4.87818
2026-09-06T07:17:29.708044+00:00,52.751219165,113475,2687596596,2687613019,15,True,15,1.23213,1.75361,0.8610222813609413,2.71536,4.56729,3.55655,4.8694
2026-09-06T07:17:29.730044+00:00,52.773219994,113476,2687618849,2687635019,15,True,15,1.24599,1.7462,0.8466022207034423,2.73603,4.56217,3.57875,4.87573
2026-09-06T07:17:29.752052+00:00,52.795228056,113477,2687641102,2687657019,15,True,15,1.20954,1.7487,0.8831361738712777,2.7197,4.59597,3.56792,4.89811
2026-09-06T07:17:29.775078+00:00,52.81825355,113478,2687663355,2687680019,15,True,15,1.22817,1.75473,0.8650638830745391,2.73735,4.58669,3.57447,4.88288
2026-09-06T07:17:29.803124+00:00,52.846297248,113479,2687691571,2687708019,15,True,15,1.22336,1.77085,0.8713888983111959,2.73403,4.59937,3.56372,4.86217
2026-09-06T07:17:29.825058+00:00,52.868233916,113480,2687713833,2687730019,15,True,15,1.22865,1.74755,0.8639946903772034,2.71783,4.58285,3.57926,4.87029
2026-09-06T07:17:29.847059+00:00,52.890234521,113481,2687736088,2687752019,15,True,15,1.21946,1.7384,0.8724966771283429,2.71437,4.58803,3.58456,4.88883
2026-09-06T07:17:29.870053+00:00,52.913228335,113482,2687758341,2687775020,15,True,15,1.21915,1.75505,0.8740779284480302,2.71604,4.59482,3.5719,4.8696
2026-09-06T07:17:29.892046+00:00,52.935221996,113483,2687780595,2687797019,15,True,15,1.20596,1.73679,0.885862193402563,2.70705,4.6059,3.59065,4.89302
2026-09-06T07:17:29.914079+00:00,52.957254986,113484,2687802854,2687819019,15,True,15,1.19189,1.74318,0.9003295421677553,2.71245,4.62379,3.58605,4.90499
2026-09-06T07:17:29.936046+00:00,52.979222214,113485,2687825113,2687841019,15,True,15,1.22289,1.74604,0.86962120127099,2.69675,4.57913,3.56832,4.86359
2026-09-06T07:17:29.959038+00:00,53.00221334,113486,2687847369,2687864019,15,True,15,1.21438,1.73096,0.877101650893441,2.72341,4.59646,3.59758,4.9082
2026-09-06T07:17:29.981062+00:00,53.02423785,113487,2687869629,2687886020,15,True,15,1.21334,1.72952,0.8780575072283133,2.69629,4.5824,3.57996,4.89481
2026-09-06T07:17:30.003062+00:00,53.046238007,113488,2687891883,2687908019,15,True,15,1.23106,1.75226,0.8619741476401712,2.71409,4.57472,3.56627,4.86446
2026-09-06T07:17:30.026037+00:00,53.069212844,113489,2687914141,2687931019,15,True,15,1.22947,1.71922,0.8614232927544969,2.69959,4.5728,3.60308,4.88393
2026-09-06T07:17:30.048051+00:00,53.091226474,113490,2687936400,2687953020,15,True,15,1.23273,1.75167,0.8602606824678201,2.70411,4.56545,3.55746,4.85917
2026-09-06T07:17:30.070033+00:00,53.113209319,113491,2687958656,2687975019,15,True,15,1.24261,1.77806,0.8530448849269303,2.75499,4.57572,3.55117,4.86189
2026-09-06T07:17:30.092061+00:00,53.135236293,113492,2687981146,2687997019,15,True,15,1.2308,1.76206,0.8631097749417509,2.74372,4.60073,3.58695,4.86465
2026-09-06T07:17:30.115086+00:00,53.158262012,113493,2688003405,2688020019,15,True,15,1.22696,1.76681,0.8673949606148283,2.75301,4.59871,3.57302,4.88052
2026-09-06T07:17:30.166064+00:00,53.20923981,113494,2688054089,2688071019,15,True,15,1.22832,1.75183,0.8646687060949989,2.72636,4.57333,3.56119,4.88547
2026-09-06T07:17:30.188027+00:00,53.231203583,113495,2688076355,2688093019,15,True,15,1.23094,1.75662,0.8624701200621386,2.72992,4.58798,3.57762,4.8659
2026-09-06T07:17:30.210096+00:00,53.253271422,113496,2688098617,2688115019,15,True,15,1.22769,1.7456,0.8648016513050839,2.72161,4.58924,3.58854,4.87226
2026-09-06T07:17:30.232096+00:00,53.275270779,113497,2688120871,2688137019,15,True,15,1.22158,1.755,0.871652623698225,2.72847,4.59265,3.57257,4.88058
2026-09-06T07:17:30.255059+00:00,53.298234225,113498,2688143127,2688160019,15,True,15,1.23139,1.76081,0.862404422646359,2.76157,4.59963,3.58794,4.88577
2026-09-06T07:17:30.277054+00:00,53.32022971,113499,2688165390,2688182019,15,True,15,1.21783,1.75517,0.8754033572016958,2.73198,4.60023,3.57686,4.8849
2026-09-06T07:17:30.299114+00:00,53.342289037,113500,2688187646,2688204019,15,True,15,1.21356,1.75202,0.8793940834460963,2.72924,4.59279,3.56527,4.90045
2026-09-06T07:17:30.321086+00:00,53.364261225,113501,2688209901,2688226020,15,True,15,1.2224,1.73533,0.8693625071855813,2.70424,4.57707,3.5785,4.8847
2026-09-06T07:17:30.343061+00:00,53.386236838,113502,2688232155,2688248019,15,True,15,1.23012,1.75121,0.8628235500378971,2.72369,4.59175,3.5881,4.86206
2026-09-06T07:17:30.366064+00:00,53.40923974,113503,2688254411,2688271019,15,True,15,1.20708,1.75635,0.8862150127931708,2.72063,4.5973,3.55652,4.89588
2026-09-06T07:17:30.388057+00:00,53.431232698,113504,2688276674,2688293019,15,True,15,1.22297,1.76309,0.8710022784126342,2.73416,4.60063,3.5746,4.86911
2026-09-06T07:17:30.410056+00:00,53.453232375,113505,2688298930,2688315019,15,True,15,1.22258,1.74615,0.8699386638723444,2.72933,4.60396,3.59956,4.877
2026-09-06T07:17:30.432058+00:00,53.475233332,113506,2688321184,2688337019,15,True,15,1.23994,1.76702,0.8545024774686143,2.75321,4.5834,3.57124,4.86835
2026-09-06T07:17:30.455092+00:00,53.498267915,113507,2688343436,2688360019,15,True,15,1.25471,1.76467,0.8395703621495936,2.77665,4.58104,3.59179,4.86902
2026-09-06T07:17:30.483061+00:00,53.526236828,113508,2688371569,2688388019,15,True,15,1.21832,1.75535,0.8749306514804471,2.73292,4.60221,3.57986,4.88291
2026-09-06T07:17:30.505049+00:00,53.548224569,113509,2688393833,2688410020,15,True,15,1.20363,1.75756,0.8897568940446597,2.71289,4.61383,3.57151,4.87766
2026-09-06T07:17:30.527065+00:00,53.570240503,113510,2688416089,2688432019,15,True,15,1.22609,1.74448,0.8663129679855889,2.7281,4.58825,3.58644,4.88477
2026-09-06T07:17:30.550060+00:00,53.593236012,113511,2688438343,2688455019,15,True,15,1.22261,1.7737,0.8724363026032329,2.73876,4.59967,3.55945,4.86613
2026-09-06T07:17:30.572072+00:00,53.615247722,113512,2688460595,2688477019,15,True,15,1.23162,1.73568,0.860183984273132,2.73012,4.57198,3.58442,4.89904
2026-09-06T07:17:30.594095+00:00,53.637270216,113513,2688482851,2688499019,15,True,15,1.22458,1.72653,0.8666699586924654,2.71942,4.58461,3.60217,4.89811
2026-09-06T07:17:30.616082+00:00,53.659257989,113514,2688505115,2688521019,15,True,15,1.22884,1.73215,0.8627376009540791,2.70751,4.57239,3.58549,4.88245
2026-09-06T07:17:30.639066+00:00,53.682241243,113515,2688527372,2688544019,15,True,15,1.20999,1.73651,0.8818225332797978,2.70978,4.60285,3.59271,4.89092
2026-09-06T07:17:30.678082+00:00,53.721257691,113516,2688566798,2688583019,15,True,15,1.2097,1.75006,0.8830835145103773,2.72201,4.61311,3.58848,4.88297
2026-09-06T07:17:30.701082+00:00,53.744257073,113517,2688589064,2688606019,15,True,15,1.21506,1.73281,0.87653231526282,2.69282,4.57038,3.56283,4.89568
2026-09-06T07:17:30.723054+00:00,53.766229646,113518,2688611322,2688628019,15,True,15,1.22145,1.75813,0.8720569932062926,2.72746,4.58916,3.56395,4.88011
2026-09-06T07:17:30.745090+00:00,53.788265068,113519,2688633575,2688650019,15,True,15,1.2206,1.76243,0.8732989550549113,2.71268,4.58759,3.5553,4.86285
2026-09-06T07:17:30.767108+00:00,53.810282922,113520,2688655828,2688672019,15,True,15,1.23157,1.74907,0.8612042323398089,2.71578,4.57996,3.57773,4.86332
2026-09-06T07:17:30.789064+00:00,53.832240006,113521,2688678082,2688694019,15,True,15,1.22699,1.76532,0.867217252192321,2.72008,4.59186,3.56613,4.85127
2026-09-06T07:17:30.817081+00:00,53.860256696,113522,2688705585,2688722020,15,True,15,1.21294,1.73998,0.879108550748996,2.71417,4.59299,3.57983,4.89583
2026-09-06T07:17:30.839065+00:00,53.882240021,113523,2688727848,2688744019,15,True,15,1.19674,1.72827,0.8945632568466022,2.70165,4.60915,3.59266,4.91063
2026-09-06T07:17:30.861091+00:00,53.904266323,113524,2688750101,2688766019,15,True,15,1.21815,1.75325,0.8749217022111176,2.6955,4.5919,3.56901,4.85319
2026-09-06T07:17:30.884113+00:00,53.927288841,113525,2688772356,2688789019,15,True,15,1.2111,1.72756,0.8801858687799978,2.69767,4.5947,3.59503,4.89118
2026-09-06T07:17:30.906088+00:00,53.94926359,113526,2688794618,2688811019,15,True,15,1.22154,1.73432,0.8701571317871271,2.70564,4.58329,3.58651,4.88311
2026-09-06T07:17:30.928086+00:00,53.971261924,113527,2688816877,2688833019,15,True,15,1.20822,1.755,0.8849638232153898,2.70574,4.60127,3.56497,4.87452
2026-09-06T07:17:30.950090+00:00,53.993266049,113528,2688839138,2688855019,15,True,15,1.22384,1.73675,0.8680171127921382,2.71856,4.58346,3.58688,4.89035
2026-09-06T07:17:30.973075+00:00,54.016250135,113529,2688861392,2688878019,15,True,15,1.19886,1.7475,0.8936927601810365,2.68528,4.60982,3.57234,4.86994
2026-09-06T07:17:30.995088+00:00,54.038263412,113530,2688883648,2688900019,15,True,15,1.21977,1.74676,0.8727870017936792,2.71658,4.58138,3.56594,4.8892
2026-09-06T07:17:31.017108+00:00,54.060283506,113531,2688905901,2688922019,15,True,15,1.21785,1.73088,0.8736328730651106,2.69867,4.57953,3.58088,4.88965
2026-09-06T07:17:31.040108+00:00,54.083283817,113532,2688928159,2688945019,15,True,15,1.20713,1.74239,0.8850717196928166,2.70399,4.59361,3.56944,4.89365
2026-09-06T07:17:31.062107+00:00,54.105281958,113533,2688950419,2688967020,15,True,15,1.20729,1.75791,0.8861415869938617,2.69263,4.60411,3.56364,4.85651
2026-09-06T07:17:31.084087+00:00,54.127262467,113534,2688972675,2688989020,15,True,15,1.21334,1.74925,0.879390879017971,2.71497,4.60969,3.59019,4.87162
2026-09-06T07:17:31.106089+00:00,54.149264481,113535,2688994929,2689011019,15,True,15,1.20336,1.7644,0.8906479942154475,2.7041,4.61231,3.56053,4.86354
2026-09-06T07:17:31.138090+00:00,54.181265909,113536,2689017182,2689043019,15,True,15,1.23447,1.7671,0.8599523189689064,2.72976,4.581,3.56038,4.85535
2026-09-06T07:17:31.188112+00:00,54.231288132,113537,2689076830,2689093019,15,True,15,1.21678,1.74049,0.8753126347197325,2.71115,4.58857,3.57887,4.88832
2026-09-06T07:17:31.210093+00:00,54.253268769,113538,2689099096,2689115019,15,True,15,1.21964,1.75017,0.8731840347257843,2.7322,4.58802,3.56998,4.8975
2026-09-06T07:17:31.243120+00:00,54.286295054,113539,2689121352,2689148019,15,True,15,1.21326,1.73437,0.8784242280925543,2.69961,4.57902,3.56941,4.89733
2026-09-06T07:17:31.261090+00:00,54.304265417,113540,2689149038,2689166019,15,True,15,1.21258,1.73246,0.8789868645207389,2.7064,4.57611,3.56712,4.91067
2026-09-06T07:17:31.283600+00:00,54.326752402,113541,2689171302,2689188019,15,True,15,1.21322,1.74741,0.8793675434651883,2.70296,4.58636,3.56233,4.88223
2026-09-06T07:17:31.305099+00:00,54.34827226,113542,2689193558,2689210019,15,True,15,1.23185,1.73417,0.859858018163464,2.71417,4.56694,3.58021,4.88692
2026-09-06T07:17:31.327090+00:00,54.37026557,113543,2689215812,2689232019,15,True,15,1.23027,1.72807,0.8610728179428264,2.70476,4.56704,3.58579,4.88523
2026-09-06T07:17:31.349081+00:00,54.392256287,113544,2689238065,2689254019,15,True,15,1.21855,1.74037,0.8735385735043414,2.70379,4.57718,3.5669,4.88732
2026-09-06T07:17:31.372099+00:00,54.415274998,113545,2689260321,2689277019,15,True,15,1.20452,1.7385,0.8874103224551761,2.69315,4.60576,3.58633,4.87915
2026-09-06T07:17:31.394104+00:00,54.437279187,113546,2689282586,2689299019,15,True,15,1.21516,1.72992,0.8762631066066856,2.70496,4.59213,3.59445,4.89117
2026-09-06T07:17:31.416110+00:00,54.459285201,113547,2689304841,2689321019,15,True,15,1.21385,1.76085,0.8798724595076264,2.72443,4.61385,3.58168,4.8665
2026-09-06T07:17:31.438123+00:00,54.481298415,113548,2689327097,2689343019,15,True,15,1.23774,1.7491,0.8550566750806637,2.73087,4.57327,3.57775,4.8738
2026-09-06T07:17:31.461155+00:00,54.504326374,113549,2689349352,2689366019,15,True,15,1.24154,1.75656,0.851907157617542,2.73414,4.56527,3.56343,4.87028
2026-09-06T07:17:31.489081+00:00,54.532257366,113550,2689377584,2689394019,15,True,15,1.21452,1.75498,0.8786849439930103,2.73447,4.59991,3.57205,4.89492
2026-09-06T07:17:31.511086+00:00,54.554261715,113551,2689399849,2689416019,15,True,15,1.21373,1.73993,0.8783169802525737,2.71189,4.60555,3.59708,4.87993
2026-09-06T07:17:31.533130+00:00,54.576304146,113552,2689422102,2689438019,15,True,15,1.23945,1.73302,0.8522009287134108,2.72411,4.57366,3.6008,4.87719
2026-09-06T07:17:31.556078+00:00,54.599253447,113553,2689444357,2689461019,15,True,15,1.21267,1.75276,0.8803419486199666,2.69864,4.59613,3.56739,4.86444
2026-09-06T07:17:31.578098+00:00,54.621274117,113554,2689466618,2689483019,15,True,15,1.21114,1.73909,0.8808442130706199,2.70372,4.59717,3.5838,4.88483
2026-09-06T07:17:31.600095+00:00,54.643270562,113555,2689488874,2689505019,15,True,15,1.21748,1.73017,0.8739612001113093,2.71462,4.59375,3.59942,4.89537
2026-09-06T07:17:31.622735+00:00,54.665882799,113556,2689511137,2689527019,15,True,15,1.21033,1.73718,0.8815264382308677,2.7091,4.59782,3.58588,4.89361
2026-09-06T07:17:31.645130+00:00,54.688305047,113557,2689533393,2689550019,15,True,15,1.21496,1.74925,0.8777759190704651,2.71893,4.59574,3.57451,4.88588
2026-09-06T07:17:31.667094+00:00,54.71026946,113558,2689555647,2689572019,15,True,15,1.21864,1.72771,0.8726651670027857,2.69826,4.58333,3.59082,4.88694
2026-09-06T07:17:31.708099+00:00,54.751274469,113559,2689596673,2689613019,15,True,15,1.20999,1.75086,0.8828582783776794,2.73723,4.60153,3.57298,4.90951
2026-09-06T07:17:31.730134+00:00,54.77330826,113560,2689618937,2689635019,15,True,15,1.22735,1.74488,0.8650863753984338,2.73671,4.59678,3.5986,4.88344
2026-09-06T07:17:31.752103+00:00,54.795279009,113561,2689641191,2689657019,15,True,15,1.23412,1.76648,0.860237969866478,2.7402,4.59414,3.57757,4.85598
2026-09-06T07:17:31.775094+00:00,54.818269047,113562,2689663447,2689680019,15,True,15,1.22025,1.75011,0.8725711859785422,2.72366,4.59325,3.57764,4.88188
2026-09-06T07:17:31.797090+00:00,54.840266388,113563,2689685700,2689702019,15,True,15,1.23427,1.7645,0.8598919018690662,2.75332,4.60708,3.59686,4.86008
2026-09-06T07:17:31.819105+00:00,54.862280818,113564,2689707953,2689724020,15,True,15,1.22648,1.75652,0.8669037436763091,2.72612,4.59885,3.58546,4.86064
2026-09-06T07:17:31.847499+00:00,54.890670669,113565,2689735581,2689752019,15,True,15,1.22406,1.75939,0.8695716506993544,2.72112,4.59119,3.56863,4.86459
2026-09-06T07:17:31.869142+00:00,54.912317538,113566,2689757842,2689774019,15,True,15,1.22365,1.73276,0.8679550334550747,2.71849,4.58539,3.59409,4.89252
2026-09-06T07:17:31.891103+00:00,54.934278911,113567,2689780096,2689796019,15,True,15,1.21802,1.7204,0.8729153913180816,2.70129,4.58495,3.60116,4.89675
2026-09-06T07:17:31.914095+00:00,54.957271125,113568,2689802350,2689819019,15,True,15,1.20657,1.73479,0.8851273970451936,2.70159,4.59027,3.57394,4.90226
2026-09-06T07:17:31.936113+00:00,54.979289235,113569,2689824610,2689841019,15,True,15,1.22326,1.74396,0.8690967202791642,2.73577,4.59811,3.59578,4.89033
2026-09-06T07:17:31.958103+00:00,55.001278448,113570,2689846867,2689863019,15,True,15,1.24292,1.74005,0.8492058224600204,2.71342,4.55773,3.57654,4.86657
2026-09-06T07:17:31.980113+00:00,55.02328875,113571,2689869127,2689885019,15,True,15,1.21649,1.74472,0.8759043318194057,2.70452,4.58537,3.56903,4.88068
2026-09-06T07:17:32.003112+00:00,55.046287268,113572,2689891383,2689908019,15,True,15,1.2163,1.74125,0.8758443083676458,2.69452,4.59502,3.58553,4.8641
2026-09-06T07:17:32.025120+00:00,55.068295842,113573,2689913639,2689930019,15,True,15,1.22767,1.73856,0.8643160894603314,2.70452,4.57607,3.58051,4.87218
2026-09-06T07:17:32.047137+00:00,55.090312416,113574,2689935892,2689952019,15,True,15,1.20726,1.74702,0.885280513735618,2.70744,4.59405,3.56436,4.89253
2026-09-06T07:17:32.070136+00:00,55.113312119,113575,2689958150,2689975019,15,True,15,1.23853,1.74453,0.8539117529346928,2.74578,4.57945,3.59248,4.88732
2026-09-06T07:17:32.092101+00:00,55.135276147,113576,2689980408,2689997019,15,True,15,1.2254,1.76254,0.8685309502832929,2.72085,4.59239,3.56806,4.85748
2026-09-06T07:17:32.114117+00:00,55.157292722,113577,2690002665,2690019019,15,True,15,1.21618,1.77827,0.8793283717133206,2.73501,4.60938,3.55722,4.8617
2026-09-06T07:17:32.136111+00:00,55.179286959,113578,2690024920,2690041019,15,True,15,1.22591,1.77124,0.8688937021868669,2.73472,4.60138,3.5694,4.85545
2026-09-06T07:17:32.158157+00:00,55.20133275,113579,2690047172,2690063019,15,True,15,1.2358,1.74656,0.8567892819124197,2.73615,4.57938,3.58604,4.8803
2026-09-06T07:17:32.210112+00:00,55.25328811,113580,2690098704,2690115019,15,True,15,1.20737,1.74465,0.8849945420170678,2.71325,4.58963,3.56183,4.90505
2026-09-06T07:17:32.232139+00:00,55.275314188,113581,2690120970,2690137020,15,True,15,1.22103,1.72394,0.8700802172788435,2.70298,4.56986,3.58169,4.90331
2026-09-06T07:17:32.255119+00:00,55.298295106,113582,2690143225,2690160019,15,True,15,1.22083,1.72986,0.8705989366522334,2.69898,4.56564,3.56856,4.8978
2026-09-06T07:17:32.277110+00:00,55.32028592,113583,2690165478,2690182019,15,True,15,1.21164,1.73918,0.8803513855273924,2.70933,4.58986,3.575,4.8968
2026-09-06T07:17:32.299148+00:00,55.342322558,113584,2690187735,2690204019,15,True,15,1.21099,1.73134,0.8805080213717532,2.68614,4.59576,3.5915,4.8742
2026-09-06T07:17:32.321714+00:00,55.364857225,113585,2690209997,2690226019,15,True,15,1.2139,1.75091,0.8789649811568148,2.70692,4.60265,3.57983,4.86665
2026-09-06T07:17:32.344120+00:00,55.387296114,113586,2690232253,2690249019,15,True,15,1.2529,1.73632,0.8389924626598263,2.73209,4.56513,3.60451,4.86347
2026-09-06T07:17:32.375127+00:00,55.418302445,113587,2690254507,2690280019,15,True,15,1.21641,1.72066,0.874535718938912,2.67085,4.563,3.57059,4.8869
2026-09-06T07:17:32.391196+00:00,55.434370937,113588,2690280696,2690297019,15,True,15,1.22122,1.753,0.8718415500536779,2.71934,4.58283,3.56195,4.88221
2026-09-06T07:17:32.414117+00:00,55.457292462,113589,2690302952,2690319019,15,True,15,1.2189,1.74364,0.8734215818263249,2.70662,4.59418,3.58508,4.87076
2026-09-06T07:17:32.437102+00:00,55.48027722,113590,2690325216,2690342019,15,True,15,1.20785,1.78273,0.8881115219385455,2.73261,4.62802,3.56406,4.8543
2026-09-06T07:17:32.459105+00:00,55.502281569,113591,2690347471,2690364019,15,True,15,1.21788,1.77309,0.8770741374023063,2.73011,4.5921,3.54377,4.87383
2026-09-06T07:17:32.481199+00:00,55.524372098,113592,2690369725,2690386019,15,True,15,1.21685,1.75901,0.8767174588201149,2.73675,4.61029,3.5836,4.87921
2026-09-06T07:17:32.502198+00:00,55.545373415,113593,2690391978,2690408019,15,True,15,1.20299,1.77111,0.8916769438535459,2.73274,4.61521,3.55529,4.8873
2026-09-06T07:17:32.531190+00:00,55.574361937,113594,2690419579,2690436019,15,True,15,1.2335,1.74015,0.8586094994233407,2.72229,4.56294,3.56988,4.89081
2026-09-06T07:17:32.553107+00:00,55.596283052,113595,2690441845,2690458019,15,True,15,1.19111,1.746,0.901309731501885,2.69501,4.60538,3.55762,4.90209
2026-09-06T07:17:32.574202+00:00,55.617377684,113596,2690464101,2690480019,15,True,15,1.2336,1.73059,0.8578929467596756,2.70584,4.56746,3.5878,4.87691
2026-09-06T07:17:32.597194+00:00,55.640370058,113597,2690486356,2690503019,15,True,15,1.2127,1.75939,0.8808848177259044,2.71593,4.59954,3.56346,4.87423
2026-09-06T07:17:32.620118+00:00,55.663293887,113598,2690508616,2690525019,15,True,15,1.22873,1.74868,0.8640040250484945,2.70706,4.58128,3.57593,4.85856
2026-09-06T07:17:32.642143+00:00,55.685318397,113599,2690530872,2690547020,15,True,15,1.22097,1.7349,0.8707623963516107,2.70445,4.59553,3.60063,4.87092
2026-09-06T07:17:32.663198+00:00,55.706373284,113600,2690553135,2690569019,15,True,15,1.22952,1.73149,0.8620191706104916,2.71279,4.57864,3.59524,4.88167
2026-09-06T07:17:32.687128+00:00,55.730303569,113601,2690575390,2690592019,15,True,15,1.23279,1.7434,0.8595513621070003,2.72199,4.57394,3.57886,4.87862
2026-09-06T07:17:32.726125+00:00,55.769300721,113602,2690615067,2690631019,15,True,15,1.21905,1.75079,0.8738221367074651,2.73914,4.59304,3.57482,4.90119
2026-09-06T07:17:32.749184+00:00,55.792356937,113603,2690637332,2690654019,15,True,15,1.21022,1.74639,0.882281406638494,2.70186,4.59519,3.57078,4.87979
2026-09-06T07:17:32.770193+00:00,55.813368366,113604,2690659590,2690676019,15,True,15,1.21653,1.75015,0.8762824107558019,2.722,4.58803,3.56566,4.8925
2026-09-06T07:17:32.793118+00:00,55.836293987,113605,2690681843,2690698019,15,True,15,1.25103,1.76846,0.8436206686064535,2.75143,4.56849,3.56585,4.85622
2026-09-06T07:17:32.814203+00:00,55.857379114,113606,2690704096,2690720019,15,True,15,1.22011,1.73571,0.871672080658776,2.68471,4.58154,3.58052,4.86325
2026-09-06T07:17:32.837193+00:00,55.88036848,113607,2690726349,2690743019,15,True,15,1.2351,1.75589,0.8582617911220326,2.73891,4.58407,3.57934,4.87181
2026-09-06T07:17:32.866112+00:00,55.909287529,113608,2690754571,2690771019,15,True,15,1.20205,1.73119,0.8894243186466174,2.70458,4.60156,3.58668,4.90748
2026-09-06T07:17:32.897230+00:00,55.940405479,113609,2690776831,2690803019,15,True,15,1.20993,1.73879,0.8820314444508199,2.69629,4.58402,3.56559,4.89173
2026-09-06T07:17:32.914191+00:00,55.957367017,113610,2690803688,2690820019,15,True,15,1.22587,1.75153,0.8670854616472357,2.70091,4.58266,3.57011,4.85364
2026-09-06T07:17:32.937131+00:00,55.980307166,113611,2690825942,2690842019,15,True,15,1.21381,1.73458,0.8778883143657852,2.69972,4.59486,3.59021,4.88127
2026-09-06T07:17:32.958195+00:00,56.001370372,113612,2690848195,2690864019,15,True,15,1.21535,1.73066,0.8761158930757962,2.6958,4.58187,3.58065,4.8896
2026-09-06T07:17:32.982127+00:00,56.02530325,113613,2690870453,2690887019,15,True,15,1.22175,1.74649,0.870792158095145,2.71912,4.58802,3.57756,4.88201
2026-09-06T07:17:33.003227+00:00,56.046402745,113614,2690892711,2690909019,15,True,15,1.21997,1.74381,0.872366847719467,2.72664,4.5972,3.59022,4.88787
2026-09-06T07:17:33.025209+00:00,56.068384055,113615,2690914967,2690931019,15,True,15,1.21421,1.74767,0.8784004513887728,2.72111,4.59494,3.57444,4.89205
2026-09-06T07:17:33.049121+00:00,56.092297028,113616,2690937222,2690954019,15,True,15,1.19998,1.75505,0.8931786511667191,2.71527,4.62371,3.58233,4.88074
2026-09-06T07:17:33.070215+00:00,56.11339102,113617,2690959475,2690976019,15,True,15,1.24196,1.72443,0.8492030773024788,2.72184,4.56345,3.60205,4.88698
2026-09-06T07:17:33.093136+00:00,56.13631216,113618,2690981733,2690998019,15,True,15,1.23698,1.75186,0.85604145927636,2.73307,4.5797,3.58143,4.86922
2026-09-06T07:17:33.115151+00:00,56.158327007,113619,2691003994,2691020019,15,True,15,1.22892,1.76306,0.8650767191411406,2.73708,4.59002,3.56931,4.87022
2026-09-06T07:17:33.138154+00:00,56.181329621,113620,2691026249,2691043019,15,True,15,1.2299,1.78442,0.866415342892772,2.74223,4.59338,3.54801,4.85105
2026-09-06T07:17:33.159207+00:00,56.2023831,113621,2691048502,2691065019,15,True,15,1.22825,1.7642,0.8658537419795561,2.75213,4.59798,3.57718,4.87998
2026-09-06T07:17:33.182139+00:00,56.225314385,113622,2691070756,2691087019,15,True,15,1.24597,1.77891,0.8498057595709738,2.76184,4.56195,3.53708,4.87489
2026-09-06T07:17:33.233126+00:00,56.276301561,113623,2691121082,2691138019,15,True,15,1.22311,1.74723,0.8694930390750693,2.70616,4.5853,3.57504,4.86667
2026-09-06T07:17:33.254200+00:00,56.297375392,113624,2691143347,2691160019,15,True,15,1.23625,1.74672,0.8563530935893205,2.72275,4.56469,3.56769,4.87801
2026-09-06T07:17:33.276221+00:00,56.319396318,113625,2691165602,2691182020,15,True,15,1.21166,1.75835,0.8818275784415001,2.73404,4.59866,3.56218,4.89836
2026-09-06T07:17:33.298281+00:00,56.341455806,113626,2691187856,2691204019,15,True,15,1.21342,1.75196,0.879528702203629,2.72447,4.59754,3.57127,4.89102
2026-09-06T07:17:33.322152+00:00,56.365327466,113627,2691210112,2691227019,15,True,15,1.21708,1.7421,0.8751261259955617,2.70563,4.58369,3.57101,4.88469
2026-09-06T07:17:33.344129+00:00,56.387304487,113628,2691232375,2691249019,15,True,15,1.1851,1.7526,0.9078076723623786,2.70209,4.63082,3.5738,4.89211
2026-09-06T07:17:33.366146+00:00,56.409322086,113629,2691254636,2691271019,15,True,15,1.21131,1.73832,0.8806232670671379,2.70871,4.59286,3.57947,4.89476
2026-09-06T07:17:33.387220+00:00,56.430395693,113630,2691276890,2691293019,15,True,15,1.22594,1.73773,0.8659863951009852,2.71361,4.57694,3.58026,4.88575
2026-09-06T07:17:33.410175+00:00,56.453350434,113631,2691299143,2691315019,15,True,15,1.20152,1.75025,0.8912529230807604,2.69804,4.60203,3.56253,4.88338
2026-09-06T07:17:33.433133+00:00,56.476308728,113632,2691321399,2691338019,15,True,15,1.20216,1.76065,0.8914955345373301,2.71139,4.6202,3.57378,4.87012
2026-09-06T07:17:33.455152+00:00,56.498326902,113633,2691343662,2691360019,15,True,15,1.21726,1.75483,0.8759421422103173,2.71647,4.60392,3.58124,4.86554
2026-09-06T07:17:33.476218+00:00,56.519393373,113634,2691365918,2691382019,15,True,15,1.21877,1.76593,0.8754574106145884,2.72559,4.59567,3.55872,4.87019
2026-09-06T07:17:33.499191+00:00,56.542365587,113635,2691388172,2691404019,15,True,15,1.20399,1.75011,0.8887795745852849,2.71833,4.60606,3.57137,4.89714
2026-09-06T07:17:33.522136+00:00,56.565311625,113636,2691410425,2691427019,15,True,15,1.23639,1.77705,0.8591092681376448,2.74103,4.59632,3.57022,4.84037
2026-09-06T07:17:33.550146+00:00,56.593321563,113637,2691438590,2691455019,15,True,15,1.23216,1.76161,0.8617132108190055,2.72033,4.5704,3.55044,4.86458
2026-09-06T07:17:33.572150+00:00,56.615326073,113638,2691460856,2691477019,15,True,15,1.21497,1.75518,0.8782536839091537,2.72062,4.59988,3.57239,4.8784
2026-09-06T07:17:33.593206+00:00,56.636381887,113639,2691483112,2691499019,15,True,15,1.22074,1.74158,0.8714384912315957,2.72274,4.59249,3.58805,4.88842
2026-09-06T07:17:33.616224+00:00,56.65939967,113640,2691505365,2691522019,15,True,15,1.22351,1.75006,0.8693177346057077,2.72133,4.57987,3.56509,4.8852
2026-09-06T07:17:33.639138+00:00,56.682313835,113641,2691527625,2691544019,15,True,15,1.19535,1.75408,0.8977117961239007,2.7178,4.61677,3.5681,4.90047
2026-09-06T07:17:33.661124+00:00,56.7043002,113642,2691549881,2691566019,15,True,15,1.22207,1.74772,0.8705679084942195,2.71979,4.59761,3.58877,4.87193
2026-09-06T07:17:33.682235+00:00,56.725410449,113643,2691572144,2691588019,15,True,15,1.22222,1.75811,0.8712882993016718,2.72069,4.59316,3.5702,4.86722
2026-09-06T07:17:33.706173+00:00,56.749348062,113644,2691594401,2691611019,15,True,15,1.20735,1.74192,0.8848192521074572,2.69662,4.60134,3.5803,4.87822
2026-09-06T07:17:33.747145+00:00,56.790320912,113645,2691635676,2691652019,15,True,15,1.22262,1.75167,0.8703359427830151,2.71382,4.58356,3.56653,4.87373
2026-09-06T07:17:33.769141+00:00,56.812316525,113646,2691657942,2691674019,15,True,15,1.22415,1.74092,0.8679904774247236,2.72032,4.58041,3.57819,4.89068
2026-09-06T07:17:33.790222+00:00,56.833397685,113647,2691680200,2691696019,15,True,15,1.21852,1.76159,0.8752909907567881,2.73985,4.60834,3.58018,4.87874
2026-09-06T07:17:33.813268+00:00,56.85644302,113648,2691702453,2691719019,15,True,15,1.21719,1.76008,0.8764759566012064,2.71934,4.60341,3.57387,4.86453
2026-09-06T07:17:33.836137+00:00,56.879312576,113649,2691724707,2691741019,15,True,15,1.2312,1.76734,0.8632298162135038,2.73887,4.58592,3.56183,4.86746
2026-09-06T07:17:33.857225+00:00,56.900400455,113650,2691746961,2691763019,15,True,15,1.23745,1.77692,0.8580413678255845,2.75452,4.60307,3.58057,4.8472
2026-09-06T07:17:33.886143+00:00,56.929318288,113651,2691774583,2691791019,15,True,15,1.19941,1.72677,0.8918172352001276,2.69182,4.60424,3.59195,4.90039
2026-09-06T07:17:33.907292+00:00,56.950466585,113652,2691796844,2691813019,15,True,15,1.2022,1.75375,0.8908579586555871,2.71645,4.61396,3.57448,4.88793
2026-09-06T07:17:33.929173+00:00,56.972348788,113653,2691819100,2691835019,15,True,15,1.24106,1.75106,0.8519088256380489,2.71247,4.5577,3.56001,4.85917
2026-09-06T07:17:33.952238+00:00,56.995413484,113654,2691841355,2691858019,15,True,15,1.20759,1.75148,0.8853004001467524,2.7165,4.60533,3.57373,4.88719
2026-09-06T07:17:33.975156+00:00,57.018331617,113655,2691863613,2691880019,15,True,15,1.23536,1.75838,0.8582266332385635,2.72068,4.57849,3.56942,4.85375
2026-09-06T07:17:33.997166+00:00,57.040341215,113656,2691885872,2691902019,15,True,15,1.22883,1.74304,0.8634742674220232,2.69999,4.56335,3.56022,4.87255
2026-09-06T07:17:34.018230+00:00,57.061405542,113657,2691908131,2691924019,15,True,15,1.21425,1.73764,0.8776448211548905,2.71152,4.59262,3.58412,4.89272
2026-09-06T07:17:34.042184+00:00,57.085359636,113658,2691930388,2691947019,15,True,15,1.20899,1.76008,0.8846419764514907,2.71021,4.60455,3.56386,4.87012
2026-09-06T07:17:34.063244+00:00,57.106420059,113659,2691952642,2691969019,15,True,15,1.21224,1.74814,0.880400861653372,2.71696,4.60617,3.58551,4.88047
2026-09-06T07:17:34.085185+00:00,57.128361016,113660,2691974895,2691991019,15,True,15,1.2124,1.71798,0.8784214480532678,2.69552,4.58284,3.5937,4.90605
2026-09-06T07:17:34.109182+00:00,57.152357479,113661,2691997153,2692014019,15,True,15,1.2235,1.74057,0.8686143994316463,2.70312,4.56198,3.55408,4.8905
2026-09-06T07:17:34.131162+00:00,57.174337477,113662,2692019414,2692036019,15,True,15,1.21992,1.74932,0.8728370230461125,2.70477,4.59618,3.58192,4.85947
2026-09-06T07:17:34.152182+00:00,57.195358347,113663,2692041670,2692058019,15,True,15,1.2229,1.75672,0.8704874315003058,2.72989,4.59577,3.57625,4.87494
2026-09-06T07:17:34.174237+00:00,57.217412362,113664,2692063926,2692080019,15,True,15,1.25332,1.76123,0.8406139038226764,2.74842,4.56315,3.57135,4.8598
2026-09-06T07:17:34.197183+00:00,57.240358816,113665,2692086179,2692102019,15,True,15,1.21923,1.77058,0.8754685198794984,2.73599,4.6127,3.57548,4.8605
2026-09-06T07:17:34.249154+00:00,57.292329985,113666,2692137675,2692154019,15,True,15,1.24143,1.73888,0.850610309895195,2.72275,4.57574,3.59885,4.86424
2026-09-06T07:17:34.270187+00:00,57.313362407,113667,2692159941,2692176020,15,True,15,1.20161,1.75928,0.8919204619807753,2.72103,4.62118,3.57602,4.88232
2026-09-06T07:17:34.292242+00:00,57.335417766,113668,2692182197,2692198019,15,True,15,1.21571,1.73872,0.8762596889621248,2.71176,4.58678,3.57732,4.89449
2026-09-06T07:17:34.315223+00:00,57.358398877,113669,2692204451,2692221019,15,True,15,1.22656,1.73572,0.8652360094217066,2.71105,4.58438,3.59314,4.87651
2026-09-06T07:17:34.338144+00:00,57.38131957,113670,2692226707,2692243019,15,True,15,1.20902,1.74974,0.8837360624077756,2.71119,4.60255,3.57436,4.88257
2026-09-06T07:17:34.359187+00:00,57.402362616,113671,2692248970,2692265019,15,True,15,1.22019,1.75138,0.872733945999581,2.72448,4.5824,3.562,4.89194
2026-09-06T07:17:34.382194+00:00,57.425369359,113672,2692271227,2692288019,15,True,15,1.20065,1.74617,0.8918082144721474,2.70143,4.60265,3.56726,4.8921
2026-09-06T07:17:34.404233+00:00,57.44740891,113673,2692293481,2692310019,15,True,15,1.20541,1.74354,0.8868690995293497,2.71048,4.59903,3.57259,4.89818
2026-09-06T07:17:34.426187+00:00,57.469362411,113674,2692315735,2692332019,15,True,15,1.21077,1.73576,0.8809963510140095,2.69752,4.58393,3.57048,4.89424
2026-09-06T07:17:34.449179+00:00,57.492354786,113675,2692337991,2692354019,15,True,15,1.23722,1.72167,0.8537974685486013,2.69951,4.56898,3.60593,4.86926
2026-09-06T07:17:34.471250+00:00,57.51442557,113676,2692360254,2692377019,15,True,15,1.22685,1.77315,0.8681617620006077,2.74563,4.59589,3.56124,4.86921
2026-09-06T07:17:34.493696+00:00,57.536832426,113677,2692382509,2692399019,15,True,15,1.24523,1.75832,0.8483928189818675,2.71891,4.5676,3.56938,4.84174
2026-09-06T07:17:34.515208+00:00,57.558383037,113678,2692404765,2692421019,15,True,15,1.20044,1.76155,0.893290208219031,2.68752,4.60872,3.55537,4.85722
2026-09-06T07:17:34.537191+00:00,57.580366459,113679,2692427018,2692443019,15,True,15,1.22511,1.74273,0.8671619024149988,2.7136,4.58865,3.58779,4.87183
2026-09-06T07:17:34.566198+00:00,57.609372869,113680,2692454577,2692471020,15,True,15,1.22953,1.74768,0.8631275706985612,2.71259,4.56707,3.56011,4.87733
2026-09-06T07:17:34.587246+00:00,57.630420972,113681,2692476843,2692493019,15,True,15,1.22111,1.74017,0.8709708726473003,2.70173,4.59543,3.59409,4.86281
2026-09-06T07:17:34.618202+00:00,57.661377095,113682,2692499097,2692523019,11,True,11,1.12639,1.95679,1.002575152395071,2.71337,4.59331,,4.8721
2026-09-06T07:17:34.634257+00:00,57.677432211,113683,2692523662,2692540019,15,True,15,1.23979,1.7414,0.8524241925825428,2.72004,4.55687,3.56937,4.87993
2026-09-06T07:17:34.656184+00:00,57.699359631,113684,2692545915,2692562019,15,True,15,1.21119,1.752,0.881754510110382,2.71442,4.58668,3.55408,4.89458
2026-09-06T07:17:34.680149+00:00,57.723325246,113685,2692568171,2692585019,15,True,15,1.23244,1.7342,0.8592710827206975,2.71839,4.57813,3.59526,4.8799
2026-09-06T07:17:34.701244+00:00,57.744419973,113686,2692590434,2692607019,15,True,15,1.22386,1.75145,0.8690820456665757,2.73477,4.58828,3.57461,4.89033
2026-09-06T07:17:34.723257+00:00,57.766432612,113687,2692612690,2692629020,15,True,15,1.23047,1.74351,0.8618731583011504,2.72552,4.56661,3.56608,4.89409
2026-09-06T07:17:34.763168+00:00,57.806343963,113688,2692652067,2692668019,15,True,15,1.23189,1.74628,0.860665911082808,2.70493,4.56182,3.55845,4.8702
2026-09-06T07:17:34.786219+00:00,57.829393427,113689,2692674333,2692691020,15,True,15,1.23315,1.73994,0.8589439598134443,2.73207,4.57454,3.58447,4.89178
2026-09-06T07:17:34.807242+00:00,57.850417882,113690,2692696591,2692713019,15,True,15,1.23035,1.77725,0.865133333654414,2.72395,4.60336,3.5706,4.82665
2026-09-06T07:17:34.829234+00:00,57.872409784,113691,2692718846,2692735020,15,True,15,1.218,1.7737,0.8770197774280805,2.74397,4.60974,3.566,4.87194
2026-09-06T07:17:34.851263+00:00,57.894437142,113692,2692741099,2692757019,15,True,15,1.23247,1.77213,0.8624648617769884,2.75003,4.58866,3.56108,4.87042
2026-09-06T07:17:34.874217+00:00,57.917393484,113693,2692763353,2692780019,15,True,15,1.23734,1.78129,0.8586551925540308,2.76027,4.60206,3.57362,4.85084
2026-09-06T07:17:34.903172+00:00,57.94634735,113694,2692791576,2692808020,15,True,15,1.20675,1.7524,0.8862123461676664,2.71251,4.59742,3.56121,4.89108
2026-09-06T07:17:34.924254+00:00,57.967429277,113695,2692813837,2692830020,15,True,15,1.23938,1.74488,0.8530907330407475,2.72705,4.57049,3.58179,4.87265
2026-09-06T07:17:34.946271+00:00,57.98944534,113696,2692836091,2692852019,15,True,15,1.22997,1.73629,0.861870155533883,2.70545,4.58065,3.59242,4.86626
2026-09-06T07:17:34.969179+00:00,58.012355312,113697,2692858344,2692875020,15,True,15,1.20677,1.75172,0.8861371176629494,2.69117,4.59566,3.55983,4.86968
2026-09-06T07:17:34.991197+00:00,58.034372079,113698,2692880597,2692897019,15,True,15,1.2232,1.74728,0.8694071764139054,2.70881,4.59166,3.58327,4.86338
2026-09-06T07:17:35.014169+00:00,58.057343237,113699,2692902855,2692919019,15,True,15,1.2302,1.73672,0.8616688449746804,2.72745,4.58196,3.59386,4.88867
2026-09-06T07:17:35.035205+00:00,58.078380428,113700,2692925114,2692941019,15,True,15,1.21617,1.75617,0.8771435103790028,2.75009,4.60603,3.58074,4.90219
2026-09-06T07:17:35.058220+00:00,58.101394691,113701,2692947371,2692964019,15,True,15,1.22006,1.74982,0.872737323597427,2.71346,4.58714,3.56989,4.87692
2026-09-06T07:17:35.080268+00:00,58.123443746,113702,2692969631,2692986019,15,True,15,1.21405,1.72393,0.8770508807361176,2.69249,4.59041,3.59819,4.8868
2026-09-06T07:17:35.102207+00:00,58.145382303,113703,2692992120,2693008019,15,True,15,1.19923,1.72573,0.8919430619720071,2.67186,4.59336,3.57906,4.89005
2026-09-06T07:17:35.126189+00:00,58.169364622,113704,2693014384,2693031019,15,True,15,1.20396,1.72188,0.8870292080873098,2.67231,4.58525,3.58009,4.89203
2026-09-06T07:17:35.147186+00:00,58.19036194,113705,2693036640,2693053019,15,True,15,1.20195,1.74728,0.8905949701744332,2.7152,4.60832,3.575,4.89831
2026-09-06T07:17:35.169278+00:00,58.212452917,113706,2693058897,2693075019,15,True,15,1.2142,1.76686,0.8800967558172226,2.72727,4.60303,3.56063,4.87365
2026-09-06T07:17:35.191261+00:00,58.234436659,113707,2693081152,2693097019,15,True,15,1.2133,1.77691,0.8820399299918341,2.72449,4.60644,3.55107,4.85986
2026-09-06T07:17:35.214262+00:00,58.257437642,113708,2693103407,2693120019,15,True,15,1.24322,1.7842,0.8531670460115064,2.75195,4.60343,3.57994,4.8252
2026-09-06T07:17:35.266192+00:00,58.309367402,113709,2693154080,2693171019,15,True,15,1.21975,1.77047,0.8749399313095728,2.7373,4.60608,3.56781,4.86728
2026-09-06T07:17:35.287213+00:00,58.330388848,113710,2693176345,2693193019,15,True,15,1.21315,1.74882,0.8795465393599134,2.69753,4.57933,3.5514,4.88167
2026-09-06T07:17:35.309190+00:00,58.35236507,113711,2693198601,2693215019,15,True,15,1.21803,1.73912,0.8739718847308533,2.71783,4.58274,3.57487,4.8999
2026-09-06T07:17:35.331175+00:00,58.374351052,113712,2693220855,2693237019,15,True,15,1.2161,1.73952,0.8759245631902326,2.70736,4.5936,3.58559,4.88168
2026-09-06T07:17:35.355184+00:00,58.398359548,113713,2693243112,2693260019,15,True,15,1.22045,1.76012,0.8732333118359604,2.74112,4.60094,3.5752,4.88456
2026-09-06T07:17:35.376193+00:00,58.419368385,113714,2693265377,2693282019,15,True,15,1.2196,1.72093,0.8713618220349109,2.69566,4.5759,3.59118,4.8953
2026-09-06T07:17:35.398248+00:00,58.441424097,113715,2693287640,2693304019,15,True,15,1.2058,1.74031,0.8862544420763147,2.6936,4.58971,3.56521,4.89046
2026-09-06T07:17:35.420185+00:00,58.46336035,113716,2693309894,2693326020,15,True,15,1.22276,1.74109,0.8693889841147054,2.70805,4.56931,3.5618,4.89014
2026-09-06T07:17:35.442273+00:00,58.485449118,113717,2693332147,2693348019,15,True,15,1.2285,1.74068,0.8636343626790216,2.70895,4.5825,3.58723,4.86738
2026-09-06T07:17:35.466187+00:00,58.509362892,113718,2693354402,2693371019,15,True,15,1.1916,1.74831,0.9009932386538757,2.70074,4.61898,3.57299,4.89245
2026-09-06T07:17:35.487210+00:00,58.530385074,113719,2693376665,2693393019,15,True,15,1.22196,1.75848,0.8715804908326023,2.70944,4.59163,3.56739,4.85629
2026-09-06T07:17:35.509264+00:00,58.55244005,113720,2693398921,2693415019,15,True,15,1.21268,1.78165,0.883189167109742,2.73043,4.6114,3.55062,4.85872
2026-09-06T07:17:35.531216+00:00,58.574392079,113721,2693421176,2693437019,15,True,15,1.23183,1.74887,0.8609290480637761,2.72797,4.57496,3.57194,4.88128
2026-09-06T07:17:35.554220+00:00,58.597395206,113722,2693443431,2693460019,15,True,15,1.2335,1.77472,0.861721607249116,2.75272,4.59174,3.56323,4.86605
2026-09-06T07:17:35.583208+00:00,58.626383857,113723,2693471582,2693488019,15,True,15,1.22681,1.72502,0.8643632202378811,2.71817,4.58451,3.60703,4.89366
2026-09-06T07:17:35.604187+00:00,58.647362934,113724,2693493847,2693510019,15,True,15,1.22833,1.75612,0.8650256893873152,2.71825,4.56646,3.54695,4.87888
2026-09-06T07:17:35.626183+00:00,58.669358964,113725,2693516101,2693532020,15,True,15,1.21162,1.77373,0.8833667060173821,2.71146,4.59893,3.54298,4.85881
2026-09-06T07:17:35.649197+00:00,58.692372395,113726,2693538353,2693555019,15,True,15,1.2273,1.7372,0.8645941996104297,2.70429,4.57849,3.5848,4.87165
2026-09-06T07:17:35.671216+00:00,58.71439121,113727,2693560613,2693577019,15,True,15,1.21116,1.74828,0.881488459368584,2.69508,4.59513,3.56964,4.86867
2026-09-06T07:17:35.694174+00:00,58.737350016,113728,2693582869,2693599019,15,True,15,1.22001,1.75444,0.8731688918531166,2.70946,4.58484,3.56102,4.87046
2026-09-06T07:17:35.715200+00:00,58.758375942,113729,2693605132,2693621019,15,True,15,1.24381,1.72214,0.8472386297260056,2.71171,4.54833,3.58833,4.88815
2026-09-06T07:17:35.738337+00:00,58.781508769,113730,2693627388,2693644019,15,True,15,1.21258,1.77172,0.8822008925409222,2.71064,4.60724,3.55767,4.84989
2026-09-06T07:17:35.778208+00:00,58.821383,113731,2693666800,2693683019,15,True,15,1.20382,1.75706,0.8895241626847469,2.70472,4.6052,3.56125,4.8768
2026-09-06T07:17:35.801265+00:00,58.84443944,113732,2693689066,2693706019,15,True,15,1.22094,1.74204,0.8712716253844147,2.71086,4.58679,3.58046,4.87971
2026-09-06T07:17:35.822365+00:00,58.865535832,113733,2693711324,2693728020,15,True,15,1.21047,1.75035,0.8823390184050572,2.70002,4.59382,3.56438,4.87487
2026-09-06T07:17:35.844217+00:00,58.887393203,113734,2693733577,2693750020,15,True,15,1.22778,1.77068,0.8669753115285346,2.74797,4.59511,3.56465,4.87297
2026-09-06T07:17:35.866281+00:00,58.909455571,113735,2693755830,2693772020,15,True,15,1.25215,1.76266,0.8419176314224567,2.76799,4.57085,3.57774,4.87584
2026-09-06T07:17:35.888202+00:00,58.931377487,113736,2693778083,2693794019,15,True,15,1.22722,1.76931,0.8673901109074278,2.74203,4.59828,3.56967,4.86572
2026-09-06T07:17:35.917191+00:00,58.960367034,113737,2693805593,2693822019,15,True,15,1.20217,1.72656,0.8890500224959222,2.67755,4.58165,3.5671,4.90045
2026-09-06T07:17:35.938263+00:00,58.981438689,113738,2693827855,2693844019,15,True,15,1.21802,1.73837,0.8739314488562587,2.69152,4.57334,3.56376,4.88031
2026-09-06T07:17:35.960271+00:00,59.003446592,113739,2693850109,2693866019,15,True,15,1.22467,1.74028,0.8674270501315946,2.69958,4.57201,3.56895,4.87506
2026-09-06T07:17:35.983271+00:00,59.026447255,113740,2693872361,2693889019,15,True,15,1.20974,1.75884,0.8837835782588402,2.72107,4.60182,3.56295,4.8844
2026-09-06T07:17:36.005214+00:00,59.04838978,113741,2693894621,2693911020,15,True,15,1.23126,1.72967,0.8601752708024102,2.70645,4.56569,3.58345,4.88487
2026-09-06T07:17:36.028208+00:00,59.071383915,113742,2693916879,2693933019,15,True,15,1.23667,1.73439,0.8550616123999486,2.71512,4.56978,3.59027,4.87524
2026-09-06T07:17:36.049214+00:00,59.092389233,113743,2693939137,2693955020,15,True,15,1.22358,1.76359,0.8704429358091201,2.72632,4.59106,3.56248,4.86763
2026-09-06T07:17:36.072280+00:00,59.115454922,113744,2693961394,2693978019,15,True,15,1.23504,1.73434,0.8566851447293806,2.71585,4.57663,3.59678,4.87303
2026-09-06T07:17:36.094282+00:00,59.137457256,113745,2693983648,2694000019,15,True,15,1.23121,1.74209,0.8610316092920166,2.70913,4.57076,3.57423,4.87174
2026-09-06T07:17:36.116271+00:00,59.159447078,113746,2694005901,2694022019,15,True,15,1.21185,1.74906,0.8808613432884881,2.70034,4.58741,3.55968,4.87962
2026-09-06T07:17:36.149295+00:00,59.192470357,113747,2694028159,2694055019,15,True,15,1.24003,1.72402,0.8511091359514359,2.69936,4.55353,3.58731,4.87562
2026-09-06T07:17:36.166288+00:00,59.209463608,113748,2694055818,2694072019,15,True,15,1.23366,1.77577,0.8616786457258877,2.75711,4.5958,3.56735,4.86589
2026-09-06T07:17:36.188286+00:00,59.231461302,113749,2694078075,2694094019,15,True,15,1.21746,1.76952,0.8771202209503551,2.74431,4.60091,3.55912,4.88562
2026-09-06T07:17:36.211241+00:00,59.254416524,113750,2694100329,2694117020,15,True,15,1.22109,1.74252,0.8711563226539768,2.71739,4.58148,3.57326,4.89122
2026-09-06T07:17:36.243276+00:00,59.286451714,113751,2694122582,2694149019,15,True,15,1.21449,1.78764,0.8821021084318978,2.74367,4.60728,3.54021,4.86826
2026-09-06T07:17:36.293718+00:00,59.336861629,113752,2694182814,2694199019,15,True,15,1.21529,1.73154,0.8762271142232474,2.70463,4.5796,3.57656,4.90078
2026-09-06T07:17:36.315227+00:00,59.358402129,113753,2694205079,2694221019,15,True,15,1.22712,1.73493,0.8646266242141748,2.71337,4.59279,3.60563,4.87075
2026-09-06T07:17:36.338199+00:00,59.381375047,113754,2694227333,2694244019,15,True,15,1.19697,1.74839,0.8956448922424555,2.69518,4.60141,3.5577,4.89183
2026-09-06T07:17:36.360272+00:00,59.403448135,113755,2694249587,2694266019,15,True,15,1.24123,1.72648,0.8500417068003191,2.70257,4.55137,3.58315,4.87646
2026-09-06T07:17:36.383201+00:00,59.426376317,113756,2694271843,2694288019,15,True,15,1.23374,1.73635,0.8581121780396778,2.72089,4.57855,3.59491,4.87764
2026-09-06T07:17:36.404215+00:00,59.447390243,113757,2694294106,2694310019,15,True,15,1.19313,1.742,0.899010454277368,2.68877,4.59565,3.55292,4.90393
2026-09-06T07:17:36.427200+00:00,59.470375802,113758,2694316363,2694333019,15,True,15,1.22229,1.72967,0.8691304579866015,2.69409,4.58042,3.58971,4.87577
2026-09-06T07:17:36.449263+00:00,59.492438682,113759,2694338625,2694355019,15,True,15,1.21267,1.74677,0.8798671273550341,2.71893,4.60701,3.5889,4.88225
2026-09-06T07:17:36.471220+00:00,59.514395191,113760,2694360878,2694377019,15,True,15,1.22014,1.73692,0.8717203140916241,2.71218,4.57379,3.56914,4.8997
2026-09-06T07:17:36.495223+00:00,59.538399047,113761,2694383135,2694400019,15,True,15,1.20525,1.73412,0.8864037098861894,2.71402,4.60935,3.59744,4.90139
2026-09-06T07:17:36.516308+00:00,59.559482927,113762,2694405400,2694422019,15,True,15,1.20816,1.73633,0.8836372867302511,2.68728,4.58355,3.5656,4.88814
2026-09-06T07:17:36.538295+00:00,59.581470189,113763,2694427655,2694444019,15,True,15,1.21339,1.76935,0.8811518113242461,2.71763,4.59415,3.54485,4.87062
2026-09-06T07:17:36.560317+00:00,59.603493036,113764,2694449909,2694466019,15,True,15,1.2434,1.75834,0.8502168638647435,2.73004,4.56275,3.56057,4.86257
2026-09-06T07:17:36.582305+00:00,59.625480203,113765,2694472162,2694488019,15,True,15,1.22996,1.74204,0.8622747608506235,2.72776,4.58725,3.59362,4.87965
2026-09-06T07:17:36.611235+00:00,59.654409908,113766,2694499587,2694516019,15,True,15,1.24679,1.74245,0.8455194300546852,2.72276,4.55014,3.56926,4.87393
2026-09-06T07:17:36.632250+00:00,59.675425114,113767,2694521853,2694538019,15,True,15,1.21445,1.74625,0.8780528828037636,2.70472,4.58532,3.56417,4.88371
2026-09-06T07:17:36.654249+00:00,59.697425017,113768,2694544107,2694560020,15,True,15,1.21271,1.74262,0.8795220341185318,2.71861,4.58616,3.56741,4.90521
2026-09-06T07:17:36.677231+00:00,59.720406384,113769,2694566360,2694583019,15,True,15,1.21165,1.7526,0.8813452686093004,2.71738,4.59516,3.56491,4.8884
2026-09-06T07:17:36.699240+00:00,59.74241515,113770,2694588620,2694605019,15,True,15,1.20349,1.74127,0.8886247762694892,2.71301,4.6071,3.58313,4.89942
2026-09-06T07:17:36.721287+00:00,59.764462894,113771,2694610876,2694627019,15,True,15,1.21942,1.73773,0.8724919995621736,2.70871,4.58834,3.58574,4.88298
2026-09-06T07:17:36.743764+00:00,59.786934712,113772,2694633139,2694649019,15,True,15,1.23118,1.7505,0.8617087921101884,2.71464,4.58464,3.58137,4.85711
2026-09-06T07:17:36.766304+00:00,59.809479748,113773,2694655396,2694672019,15,True,15,1.2116,1.74111,0.880523135471181,2.70724,4.59675,3.58136,4.88631
2026-09-06T07:17:36.805297+00:00,59.848472902,113774,2694694800,2694711020,15,True,15,1.22712,1.75423,0.8660669646742103,2.72507,4.59172,3.5801,4.867
2026-09-06T07:17:36.829212+00:00,59.872387923,113775,2694717066,2694734019,15,True,15,1.21245,1.77169,0.8823270700822908,2.72854,4.60887,3.55964,4.86867
2026-09-06T07:17:36.850295+00:00,59.893471163,113776,2694739323,2694756019,15,True,15,1.22392,1.75801,0.8695861811804508,2.70627,4.58732,3.56519,4.85323
2026-09-06T07:17:36.872294+00:00,59.915469114,113777,2694761577,2694778019,15,True,15,1.24184,1.76701,0.8526113567739991,2.75858,4.58097,3.57078,4.87282
2026-09-06T07:17:36.894305+00:00,59.937480601,113778,2694783830,2694800019,15,True,15,1.23625,1.7345,0.8554877629165712,2.72893,4.57361,3.59443,4.8878
2026-09-06T07:17:36.916258+00:00,59.95943391,113779,2694806083,2694822019,15,True,15,1.23472,1.7723,0.8602459929578281,2.75432,4.59562,3.57298,4.86392
