seq,host_received_utc,anchor_mask,raw_x_m,raw_y_m,positive_side_x_m,positive_side_y_m,negative_side_x_m,negative_side_y_m
111247,2026-09-06T07:16:36.956824+00:00,15,1.21129,1.75875,1.9247389048199108,1.8098862870314059,-1.9247389048199108,1.8098862870314059
111248,2026-09-06T07:16:36.978861+00:00,15,1.20993,1.77241,1.9245746151870156,1.8230891779502554,-1.9245746151870156,1.8230891779502554
111249,2026-09-06T07:16:37.000830+00:00,15,1.21574,1.74824,1.928070760990004,1.799816773393782,-1.928070760990004,1.799816773393782
111250,2026-09-06T07:16:37.023811+00:00,15,1.2239,1.78055,1.9366870890507504,1.830556283411436,-1.9366870890507504,1.830556283411436
111251,2026-09-06T07:16:37.045806+00:00,15,1.21441,1.74325,1.9264877854133073,1.7949866234251788,-1.9264877854133073,1.7949866234251788
111252,2026-09-06T07:16:37.067776+00:00,15,1.23361,1.73899,1.942220925009776,1.7904493082983333,-1.942220925009776,1.7904493082983333
111253,2026-09-06T07:16:37.090794+00:00,15,1.2088,1.76176,1.9230283961811194,1.812923112660307,-1.9230283961811194,1.812923112660307
111254,2026-09-06T07:16:37.112818+00:00,15,1.20869,1.76168,1.9227247492030721,1.812746001520708,-1.9227247492030721,1.812746001520708
111255,2026-09-06T07:16:37.134795+00:00,15,1.22319,1.78007,1.9360443582610978,1.8301047310488456,-1.9360443582610978,1.8301047310488456
111256,2026-09-06T07:16:37.156767+00:00,15,1.22255,1.7666,1.93464493986483,1.817179003473661,-1.93464493986483,1.817179003473661
111257,2026-09-06T07:16:37.178787+00:00,15,1.22942,1.77096,1.9409549786687146,1.8213503638139368,-1.9409549786687146,1.8213503638139368
111258,2026-09-06T07:16:37.228845+00:00,15,1.20035,1.74832,1.9150629334794604,1.8001738883385,-1.9150629334794604,1.8001738883385
111259,2026-09-06T07:16:37.260842+00:00,15,1.23201,1.73937,1.941114955298684,1.7909419598486813,-1.941114955298684,1.7909419598486813
111260,2026-09-06T07:16:37.277766+00:00,15,1.22558,1.77102,1.9376059755673538,1.8214241177646908,-1.9376059755673538,1.8214241177646908
111261,2026-09-06T07:16:37.299837+00:00,15,1.21602,1.75868,1.9289031755043449,1.8098121185783118,-1.9289031755043449,1.8098121185783118
111262,2026-09-06T07:16:37.322855+00:00,15,1.23291,1.76442,1.943015364703878,1.814776768936357,-1.943015364703878,1.814776768936357
111263,2026-09-06T07:16:37.344814+00:00,15,1.22116,1.75735,1.933057909798896,1.8083956899561255,-1.933057909798896,1.8083956899561255
111264,2026-09-06T07:16:37.366841+00:00,15,1.1843,1.76495,1.9024779749447334,1.8163976610090973,-1.9024779749447334,1.8163976610090973
111265,2026-09-06T07:16:37.388802+00:00,15,1.2245,1.75295,1.9355632295481509,1.8040975895236628,-1.9355632295481509,1.8040975895236628
111266,2026-09-06T07:16:37.411787+00:00,15,1.20795,1.76795,1.9225980542384145,1.8188337092133986,-1.9225980542384145,1.8188337092133986
111267,2026-09-06T07:16:37.433835+00:00,15,1.22927,1.76957,1.940485996174423,1.8198939718055465,-1.940485996174423,1.8198939718055465
111268,2026-09-06T07:16:37.455801+00:00,15,1.22546,1.76883,1.937459154524602,1.8193709920212433,-1.937459154524602,1.8193709920212433
111269,2026-09-06T07:16:37.477818+00:00,15,1.22675,1.77175,1.9386639847707807,1.822118627420811,-1.9386639847707807,1.822118627420811
111270,2026-09-06T07:16:37.500777+00:00,15,1.23637,1.78052,1.9470674240218817,1.830233502574214,-1.9470674240218817,1.830233502574214
111271,2026-09-06T07:16:37.522827+00:00,15,1.23821,1.7973,1.9496384363006274,1.8463024867602147,-1.9496384363006274,1.8463024867602147
111272,2026-09-06T07:16:37.550841+00:00,15,1.22003,1.74211,1.9310144829227225,1.7937169427563209,-1.9310144829227225,1.7937169427563209
111273,2026-09-06T07:16:37.572768+00:00,15,1.23151,1.78184,1.943280898406916,1.8317032519838663,-1.943280898406916,1.8317032519838663
111274,2026-09-06T07:16:37.594763+00:00,15,1.24441,1.74634,1.9516914588744811,1.7972543739857842,-1.9516914588744811,1.7972543739857842
111275,2026-09-06T07:16:37.617793+00:00,15,1.22729,1.75165,1.9377322843981748,1.8027385844548007,-1.9377322843981748,1.8027385844548007
111276,2026-09-06T07:16:37.639844+00:00,15,1.22071,1.73661,1.9314866792783825,1.7885390267053796,-1.9314866792783825,1.7885390267053796
111277,2026-09-06T07:16:37.661811+00:00,15,1.22091,1.73669,1.931538477920153,1.7885592856419263,-1.931538477920153,1.7885592856419263
111278,2026-09-06T07:16:37.683878+00:00,15,1.21973,1.75125,1.931580989416488,1.8026149826440083,-1.931580989416488,1.8026149826440083
111279,2026-09-06T07:16:37.706837+00:00,15,1.22144,1.76452,1.9335872426220306,1.8152002835561967,-1.9335872426220306,1.8152002835561967
111280,2026-09-06T07:16:37.745846+00:00,15,1.22207,1.75094,1.9334400683843536,1.802226560044021,-1.9334400683843536,1.802226560044021
111281,2026-09-06T07:16:37.778812+00:00,15,1.2077,1.73429,1.920395223208715,1.7865680271913866,-1.920395223208715,1.7865680271913866
111282,2026-09-06T07:16:37.795863+00:00,15,1.23688,1.74067,1.9451306161066844,1.7920155420833932,-1.9451306161066844,1.7920155420833932
111283,2026-09-06T07:16:37.817841+00:00,15,1.22669,1.76822,1.9382296939401042,1.8186571405375955,-1.9382296939401042,1.8186571405375955
111284,2026-09-06T07:16:37.840786+00:00,15,1.21486,1.77267,1.928574977511602,1.8231654914650686,-1.928574977511602,1.8231654914650686
111285,2026-09-06T07:16:37.862751+00:00,15,1.22453,1.77025,1.9366375647890033,1.8206885314321823,-1.9366375647890033,1.8206885314321823
111286,2026-09-06T07:16:37.890859+00:00,15,1.23781,1.73572,1.9458060962002246,1.7873423143478937,-1.9458060962002246,1.7873423143478937
111287,2026-09-06T07:16:37.912824+00:00,15,1.21314,1.75463,1.926112789290663,1.8059237696140018,-1.926112789290663,1.8059237696140018
111288,2026-09-06T07:16:37.934783+00:00,15,1.21778,1.75267,1.9299233107784144,1.8039735232127996,-1.9299233107784144,1.8039735232127996
111289,2026-09-06T07:16:37.957855+00:00,15,1.2286,1.74901,1.9386377658207745,1.8001699122930828,-1.9386377658207745,1.8001699122930828
111290,2026-09-06T07:16:37.979814+00:00,15,1.22783,1.74276,1.9374877577500766,1.7941327390393411,-1.9374877577500766,1.7941327390393411
111291,2026-09-06T07:16:38.001852+00:00,15,1.21672,1.75672,1.9291411142798645,1.8078035291314807,-1.9291411142798645,1.8078035291314807
111292,2026-09-06T07:16:38.023791+00:00,15,1.21732,1.77907,1.9311005357442592,1.8292899771809732,-1.9311005357442592,1.8292899771809732
111293,2026-09-06T07:16:38.046816+00:00,15,1.21068,1.7661,1.9247060266869274,1.8169660305006963,-1.9247060266869274,1.8169660305006963
111294,2026-09-06T07:16:38.068842+00:00,15,1.20369,1.75955,1.9185398189934777,1.810873772702605,-1.9185398189934777,1.810873772702605
111295,2026-09-06T07:16:38.090797+00:00,15,1.2309,1.75174,1.9409143392011963,1.8028271809395815,-1.9409143392011963,1.8028271809395815
111296,2026-09-06T07:16:38.113784+00:00,15,1.21464,1.74922,1.92703126371427,1.8007007509252952,-1.92703126371427,1.8007007509252952
111297,2026-09-06T07:16:38.135861+00:00,15,1.22052,1.75514,1.9321687058794068,1.8061829673695666,-1.9321687058794068,1.8061829673695666
111298,2026-09-06T07:16:38.157833+00:00,15,1.26065,1.76308,1.966474355043936,1.8130408796991606,-1.966474355043936,1.8130408796991606
111299,2026-09-06T07:16:38.179825+00:00,15,1.23048,1.77274,1.9416353813546943,1.8228816947197086,-1.9416353813546943,1.8228816947197086
111300,2026-09-06T07:16:38.201859+00:00,15,1.25111,1.77178,1.9591359605479204,1.821654088468933,-1.9591359605479204,1.821654088468933
111301,2026-09-06T07:16:38.251818+00:00,15,1.22405,1.75076,1.9348669974459238,1.801920592831902,-1.9348669974459238,1.801920592831902
111302,2026-09-06T07:16:38.273703+00:00,15,1.21909,1.74673,1.9305204040316044,1.7981821107763714,-1.9305204040316044,1.7981821107763714
111303,2026-09-06T07:16:38.296835+00:00,15,1.22907,1.7486,1.9389216846532222,1.7997234410215461,-1.9389216846532222,1.7997234410215461
111304,2026-09-06T07:16:38.318861+00:00,15,1.23159,1.75939,1.9419306252736503,1.8101365606065238,-1.9419306252736503,1.8101365606065238
111305,2026-09-06T07:16:38.340817+00:00,15,1.21493,1.74784,1.9271141519124153,1.7993267174744916,-1.9271141519124153,1.7993267174744916
111306,2026-09-06T07:16:38.362806+00:00,15,1.24115,1.74695,1.9491545545035833,1.7979815669479478,-1.9491545545035833,1.7979815669479478
111307,2026-09-06T07:16:38.385992+00:00,15,1.21323,1.76883,1.9271059232286283,1.819578633895326,-1.9271059232286283,1.819578633895326
111308,2026-09-06T07:16:38.407805+00:00,15,1.22983,1.76551,1.9405764234143201,1.8159286222255457,-1.9405764234143201,1.8159286222255457
111309,2026-09-06T07:16:38.429727+00:00,15,1.22998,1.77226,1.9414755352551314,1.8225728926312843,-1.9414755352551314,1.8225728926312843
111310,2026-09-06T07:16:38.452802+00:00,15,1.2224,1.77656,1.9353560848488272,1.8268438309113653,-1.9353560848488272,1.8268438309113653
111311,2026-09-06T07:16:38.474843+00:00,15,1.25033,1.74708,1.95670851514797,1.7978461934903487,-1.95670851514797,1.7978461934903487
111312,2026-09-06T07:16:38.496797+00:00,15,1.23627,1.76326,1.9461285539236992,1.8137685626215556,-1.9461285539236992,1.8137685626215556
111313,2026-09-06T07:16:38.518802+00:00,15,1.26181,1.76645,1.9676270645134188,1.8162472908076037,-1.9676270645134188,1.8162472908076037
111314,2026-09-06T07:16:38.540718+00:00,15,1.24674,1.77481,1.9558057345874642,1.824718554611259,-1.9558057345874642,1.824718554611259
111315,2026-09-06T07:16:38.568888+00:00,15,1.23902,1.72826,1.9462125920526123,1.7800883780566124,-1.9462125920526123,1.7800883780566124
111316,2026-09-06T07:16:38.590873+00:00,15,1.21583,1.78022,1.9299201645123982,1.8304220366811093,-1.9299201645123982,1.8304220366811093
111317,2026-09-06T07:16:38.613138+00:00,15,1.21614,1.75798,1.928763863503461,1.8090451708494213,-1.928763863503461,1.8090451708494213
111318,2026-09-06T07:16:38.635812+00:00,15,1.22285,1.7458,1.9336723951951122,1.797232804488724,-1.9336723951951122,1.797232804488724
111319,2026-09-06T07:16:38.657906+00:00,15,1.22754,1.77553,1.9394468712880861,1.8256750816177674,-1.9394468712880861,1.8256750816177674
111320,2026-09-06T07:16:38.679871+00:00,15,1.22083,1.75021,1.93209802003945,1.8014375538010037,-1.93209802003945,1.8014375538010037
111321,2026-09-06T07:16:38.701862+00:00,15,1.22442,1.75985,1.935990036731815,1.8107453707746248,-1.935990036731815,1.8107453707746248
111322,2026-09-06T07:16:38.724853+00:00,15,1.22783,1.76459,1.9390297032850272,1.815176458148204,-1.9390297032850272,1.815176458148204
111323,2026-09-06T07:16:38.763795+00:00,15,1.22647,1.74193,1.9366695039019375,1.7935360814446226,-1.9366695039019375,1.7935360814446226
111324,2026-09-06T07:16:38.786895+00:00,15,1.22705,1.73708,1.9369016493334716,1.7888803453823554,-1.9369016493334716,1.7888803453823554
111325,2026-09-06T07:16:38.808806+00:00,15,1.22072,1.74775,1.9320658003137017,1.7991805540609276,-1.9320658003137017,1.7991805540609276
111326,2026-09-06T07:16:38.830878+00:00,15,1.2345,1.77617,1.9452773604127376,1.8261276455478797,-1.9452773604127376,1.8261276455478797
111327,2026-09-06T07:16:38.852839+00:00,15,1.23066,1.76965,1.9417021568968107,1.8199654611191585,-1.9417021568968107,1.8199654611191585
111328,2026-09-06T07:16:38.875852+00:00,15,1.23896,1.77077,1.9487025991538551,1.8208534747427123,-1.9487025991538551,1.8208534747427123
111329,2026-09-06T07:16:38.903899+00:00,15,1.23305,1.73676,1.9416189239397563,1.7883174610802566,-1.9416189239397563,1.7883174610802566
111330,2026-09-06T07:16:38.925886+00:00,15,1.20472,1.76229,1.9196292042696073,1.8135051493408259,-1.9196292042696073,1.8135051493408259
111331,2026-09-06T07:16:38.947726+00:00,15,1.21947,1.74061,1.930433944599831,1.7922768975930516,-1.930433944599831,1.7922768975930516
111332,2026-09-06T07:16:38.970822+00:00,15,1.21804,1.73917,1.9293082953267142,1.7910073040248045,-1.9293082953267142,1.7910073040248045
111333,2026-09-06T07:16:38.992926+00:00,15,1.25215,1.74031,1.957938385107404,1.7913679019696573,-1.957938385107404,1.7913679019696573
111334,2026-09-06T07:16:39.015208+00:00,15,1.21539,1.7352,1.926725063872207,1.7871920115770772,-1.926725063872207,1.7871920115770772
111335,2026-09-06T07:16:39.036848+00:00,15,1.2625,1.74173,1.9667953924051447,1.7925527482965355,-1.9667953924051447,1.7925527482965355
111336,2026-09-06T07:16:39.059836+00:00,15,1.22872,1.75816,1.9394221014685977,1.8090062841456582,-1.9394221014685977,1.8090062841456582
111337,2026-09-06T07:16:39.081819+00:00,15,1.23629,1.7335,1.9441827905922626,1.7851445143284859,-1.9441827905922626,1.7851445143284859
111338,2026-09-06T07:16:39.103852+00:00,15,1.21462,1.74975,1.9268648809727638,1.8011288658402813,-1.9268648809727638,1.8011288658402813
111339,2026-09-06T07:16:39.126902+00:00,15,1.19556,1.72729,1.9095664931218548,1.780002151266959,-1.9095664931218548,1.780002151266959
111340,2026-09-06T07:16:39.148873+00:00,15,1.23546,1.75621,1.944930695768494,1.8069878875194545,-1.944930695768494,1.8069878875194545
111341,2026-09-06T07:16:39.170819+00:00,15,1.25339,1.78887,1.9617941612731875,1.837870688117706,-1.9617941612731875,1.837870688117706
111342,2026-09-06T07:16:39.193055+00:00,15,1.22819,1.76269,1.9391386571873908,1.8133007461450568,-1.9391386571873908,1.8133007461450568
111343,2026-09-06T07:16:39.214807+00:00,15,1.25535,1.76612,1.9622897589054815,1.8160965763719672,-1.9622897589054815,1.8160965763719672
111344,2026-09-06T07:16:39.265910+00:00,15,1.21652,1.7383,1.9276762530099383,1.7900616348855667,-1.9276762530099383,1.7900616348855667
111345,2026-09-06T07:16:39.287904+00:00,15,1.20741,1.76798,1.9220972483892125,1.818846827725103,-1.9220972483892125,1.818846827725103
111346,2026-09-06T07:16:39.309738+00:00,15,1.21236,1.73313,1.9239013447395317,1.7851972034242543,-1.9239013447395317,1.7851972034242543
111347,2026-09-06T07:16:39.331814+00:00,15,1.22125,1.74432,1.9323369458130881,1.7958829838528656,-1.9323369458130881,1.7958829838528656
111348,2026-09-06T07:16:39.354848+00:00,15,1.23239,1.75042,1.9419259869992422,1.8014494628547686,-1.9419259869992422,1.8014494628547686
111349,2026-09-06T07:16:39.376887+00:00,15,1.19974,1.75354,1.9147894375670285,1.8051526841788517,-1.9147894375670285,1.8051526841788517
111350,2026-09-06T07:16:39.398864+00:00,15,1.23582,1.74937,1.9448165371468076,1.800410585726804,-1.9448165371468076,1.800410585726804
111351,2026-09-06T07:16:39.420803+00:00,15,1.21473,1.72889,1.925668405143558,1.781100635323984,-1.925668405143558,1.781100635323984
111352,2026-09-06T07:16:39.442878+00:00,15,1.23417,1.73902,1.9428098526182063,1.7905108506533838,-1.9428098526182063,1.7905108506533838
111353,2026-09-06T07:16:39.465853+00:00,15,1.20868,1.76391,1.9229239425925622,1.8149138897016643,-1.9229239425925622,1.8149138897016643
111354,2026-09-06T07:16:39.487804+00:00,15,1.2114,1.75152,1.9243742633866252,1.8029340782833547,-1.9243742633866252,1.8029340782833547
111355,2026-09-06T07:16:39.509883+00:00,15,1.23128,1.76193,1.9420323919733598,1.8126796691152192,-1.9420323919733598,1.8126796691152192
111356,2026-09-06T07:16:39.531894+00:00,15,1.25911,1.77719,1.965994209270276,1.826598896384604,-1.965994209270276,1.826598896384604
111357,2026-09-06T07:16:39.554741+00:00,15,1.22458,1.76561,1.9362327356176399,1.8161631687317985,-1.9362327356176399,1.8161631687317985
111358,2026-09-06T07:16:39.582835+00:00,15,1.20767,1.75278,1.9215316345925773,1.8043193961540869,-1.9215316345925773,1.8043193961540869
111359,2026-09-06T07:16:39.604822+00:00,15,1.22091,1.72082,1.9304518584458776,1.7732776089573723,-1.9304518584458776,1.7732776089573723
111360,2026-09-06T07:16:39.626740+00:00,15,1.21726,1.73133,1.9282249146672137,1.783524666617508,-1.9282249146672137,1.783524666617508
111361,2026-09-06T07:16:39.649830+00:00,15,1.22727,1.75145,1.9376785315931624,1.802533632883508,-1.9376785315931624,1.802533632883508
111362,2026-09-06T07:16:39.671831+00:00,15,1.23383,1.73783,1.9422089275824694,1.7892610078117908,-1.9422089275824694,1.7892610078117908
111363,2026-09-06T07:16:39.693833+00:00,15,1.21204,1.75013,1.9250386261118733,1.8016951235438605,-1.9250386261118733,1.8016951235438605
111364,2026-09-06T07:16:39.715740+00:00,15,1.21373,1.73826,1.9254499592573773,1.790129794121919,-1.9254499592573773,1.790129794121919
111365,2026-09-06T07:16:39.738828+00:00,15,1.22235,1.74468,1.9331014170851086,1.7961353626669432,-1.9331014170851086,1.7961353626669432
111366,2026-09-06T07:16:39.778150+00:00,15,1.20314,1.7415,1.9166256848732923,1.7934027682256783,-1.9166256848732923,1.7934027682256783
111367,2026-09-06T07:16:39.800873+00:00,15,1.21775,1.74515,1.9291548671174936,1.796622244213035,-1.9291548671174936,1.796622244213035
111368,2026-09-06T07:16:39.822859+00:00,15,1.21944,1.75477,1.93151487896505,1.8059839404050082,-1.93151487896505,1.8059839404050082
111369,2026-09-06T07:16:39.844840+00:00,15,1.22352,1.77104,1.9358797766360687,1.8214868993337328,-1.9358797766360687,1.8214868993337328
111370,2026-09-06T07:16:39.866872+00:00,15,1.24309,1.77824,1.952783161515949,1.8280031643383337,-1.952783161515949,1.8280031643383337
111371,2026-09-06T07:16:39.889811+00:00,15,1.25367,1.76862,1.96091205735285,1.8184789014507654,-1.96091205735285,1.8184789014507654
111372,2026-09-06T07:16:39.917908+00:00,15,1.20967,1.76114,1.9234600532983854,1.812190614300933,-1.9234600532983854,1.812190614300933
111373,2026-09-06T07:16:39.939812+00:00,15,1.21689,1.75635,1.9293472810964856,1.8074891011798988,-1.9293472810964856,1.8074891011798988
111374,2026-09-06T07:16:39.962879+00:00,15,1.20169,1.76246,1.9170144246434129,1.813687381340825,-1.9170144246434129,1.813687381340825
111375,2026-09-06T07:16:39.984879+00:00,15,1.21117,1.7434,1.9234491576199886,1.7950387594945758,-1.9234491576199886,1.7950387594945758
111376,2026-09-06T07:16:40.006867+00:00,15,1.21329,1.76454,1.9269279190620412,1.8154738215421342,-1.9269279190620412,1.8154738215421342
111377,2026-09-06T07:16:40.029869+00:00,15,1.2209,1.75636,1.9326832976846033,1.8074081574207397,-1.9326832976846033,1.8074081574207397
111378,2026-09-06T07:16:40.051868+00:00,15,1.22489,1.7461,1.935322522618968,1.7974350619614707,-1.935322522618968,1.7974350619614707
111379,2026-09-06T07:16:40.073841+00:00,15,1.21192,1.75195,1.924941031574427,1.8033936155127175,-1.924941031574427,1.8033936155127175
111380,2026-09-06T07:16:40.095880+00:00,15,1.20455,1.74174,1.91797582593735,1.7936766506357515,-1.91797582593735,1.7936766506357515
111381,2026-09-06T07:16:40.117878+00:00,15,1.22993,1.75073,1.9399186661918737,1.8018107794350071,-1.9399186661918737,1.8018107794350071
111382,2026-09-06T07:16:40.140895+00:00,15,1.22653,1.75025,1.9370241485337603,1.8014181420505222,-1.9370241485337603,1.8014181420505222
111383,2026-09-06T07:16:40.162900+00:00,15,1.2097,1.74896,1.923028246386358,1.8006345164895265,-1.923028246386358,1.8006345164895265
111384,2026-09-06T07:16:40.184885+00:00,15,1.22607,1.77155,1.9380165924971564,1.82191098082632,-1.9380165924971564,1.82191098082632
111385,2026-09-06T07:16:40.206840+00:00,15,1.24897,1.75037,1.955893799252936,1.8010811839540428,-1.955893799252936,1.8010811839540428
111386,2026-09-06T07:16:40.229871+00:00,15,1.2463,1.80415,1.9569954580219482,1.852770995632685,-1.9569954580219482,1.852770995632685
111387,2026-09-06T07:16:40.280850+00:00,15,1.20393,1.76294,1.918921244822594,1.814101609255834,-1.918921244822594,1.814101609255834
111388,2026-09-06T07:16:40.302826+00:00,15,1.19608,1.75895,1.9120637725428649,1.8104372706995322,-1.9120637725428649,1.8104372706995322
111389,2026-09-06T07:16:40.324900+00:00,15,1.21281,1.76359,1.9265334164117298,1.8146039758685544,-1.9265334164117298,1.8146039758685544
111390,2026-09-06T07:16:40.346831+00:00,15,1.21598,1.74314,1.9277034666172712,1.7948035372831064,-1.9277034666172712,1.7948035372831064
111391,2026-09-06T07:16:40.369913+00:00,15,1.22029,1.75293,1.9318213902451835,1.8040592557869881,-1.9318213902451835,1.8040592557869881
111392,2026-09-06T07:16:40.391871+00:00,15,1.22237,1.77156,1.9349552306111097,1.8220074634469778,-1.9349552306111097,1.8220074634469778
111393,2026-09-06T07:16:40.413819+00:00,15,1.2098,1.746,1.9226903873052206,1.7976749218836325,-1.9226903873052206,1.7976749218836325
111394,2026-09-06T07:16:40.435785+00:00,15,1.20611,1.74321,1.9195745502908637,1.7951494673475257,-1.9195745502908637,1.7951494673475257
111395,2026-09-06T07:16:40.457897+00:00,15,1.19117,1.734,1.9063576150444297,1.7865603537577832,-1.9063576150444297,1.7865603537577832
111396,2026-09-06T07:16:40.480909+00:00,15,1.19404,1.75716,1.9102096849000367,1.8087383971719855,-1.9102096849000367,1.8087383971719855
111397,2026-09-06T07:16:40.502871+00:00,15,1.19533,1.74756,1.910542880358062,1.7994245582303185,-1.910542880358062,1.7994245582303185
111398,2026-09-06T07:16:40.524906+00:00,15,1.21106,1.76079,1.9247337515334348,1.811876536481633,-1.9247337515334348,1.811876536481633
111399,2026-09-06T07:16:40.546900+00:00,15,1.21729,1.766,1.9302206473740404,1.8167145837707266,-1.9302206473740404,1.8167145837707266
111400,2026-09-06T07:16:40.569868+00:00,15,1.23687,1.74648,1.9455147926530794,1.7976167216929888,-1.9455147926530794,1.7976167216929888
111401,2026-09-06T07:16:40.597890+00:00,15,1.23879,1.72951,1.9459948760933636,1.7812453973699007,-1.9459948760933636,1.7812453973699007
111402,2026-09-06T07:16:40.619912+00:00,15,1.20551,1.74384,1.919264819183794,1.7958398719813704,-1.919264819183794,1.7958398719813704
111403,2026-09-06T07:16:40.641853+00:00,15,1.20936,1.74363,1.9221665881908636,1.7954048293152245,-1.9221665881908636,1.7954048293152245
111404,2026-09-06T07:16:40.664911+00:00,15,1.20969,1.74014,1.922278383283459,1.792065534456114,-1.922278383283459,1.792065534456114
111405,2026-09-06T07:16:40.686705+00:00,15,1.23534,1.73545,1.943628580823345,1.7870958672320822,-1.943628580823345,1.7870958672320822
111406,2026-09-06T07:16:40.708857+00:00,15,1.2184,1.75026,1.9302187395260215,1.8016094915668364,-1.9302187395260215,1.8016094915668364
111407,2026-09-06T07:16:40.730918+00:00,15,1.21853,1.74995,1.930085135781065,1.8011949953692585,-1.930085135781065,1.8011949953692585
111408,2026-09-06T07:16:40.754220+00:00,15,1.24347,1.72987,1.949930806795165,1.781476784213802,-1.949930806795165,1.781476784213802
111409,2026-09-06T07:16:40.794873+00:00,15,1.22288,1.73478,1.9329728944257256,1.7866219772659355,-1.9329728944257256,1.7866219772659355
111410,2026-09-06T07:16:40.817274+00:00,15,1.21846,1.74854,1.9303502485086717,1.8000477533136963,-1.9303502485086717,1.8000477533136963
111411,2026-09-06T07:16:40.838889+00:00,15,1.21531,1.75036,1.927446632053582,1.8016863127630764,-1.927446632053582,1.8016863127630764
111412,2026-09-06T07:16:40.861883+00:00,15,1.2192,1.77704,1.932415095381374,1.8272405187461707,-1.932415095381374,1.8272405187461707
111413,2026-09-06T07:16:40.883906+00:00,15,1.23414,1.75993,1.9441101467304156,1.8105984654910792,-1.9441101467304156,1.8105984654910792
111414,2026-09-06T07:16:40.905688+00:00,15,1.22931,1.77787,1.9410587797529464,1.8278821733758066,-1.9410587797529464,1.8278821733758066
111415,2026-09-06T07:16:40.933853+00:00,15,1.21503,1.76191,1.9280953692936689,1.8128544097351105,-1.9280953692936689,1.8128544097351105
111416,2026-09-06T07:16:40.955892+00:00,15,1.22736,1.7524,1.9379176254620885,1.8034977873341507,-1.9379176254620885,1.8034977873341507
111417,2026-09-06T07:16:40.977904+00:00,15,1.20652,1.74539,1.919979332859352,1.7971957219108756,-1.919979332859352,1.7971957219108756
111418,2026-09-06T07:16:41.010672+00:00,15,1.20458,1.76111,1.9193384694782623,1.8123325159068495,-1.9193384694782623,1.8123325159068495
111419,2026-09-06T07:16:41.027925+00:00,15,1.22593,1.7429,1.9362541502492023,1.794471163653602,-1.9362541502492023,1.794471163653602
111420,2026-09-06T07:16:41.050849+00:00,15,1.22719,1.7365,1.9369231976318977,1.7882957617742683,-1.9369231976318977,1.7882957617742683
111421,2026-09-06T07:16:41.072849+00:00,15,1.22868,1.74963,1.9389945768836907,1.8008761236986859,-1.9389945768836907,1.8008761236986859
111422,2026-09-06T07:16:41.094916+00:00,15,1.23046,1.73633,1.9395253411477993,1.788002787593101,-1.9395253411477993,1.788002787593101
111423,2026-09-06T07:16:41.116769+00:00,15,1.20278,1.75371,1.917432757163045,1.8052968367655349,-1.917432757163045,1.8052968367655349
111424,2026-09-06T07:16:41.150385+00:00,15,1.21056,1.75098,1.9236829746177921,1.8024601086020233,-1.9236829746177921,1.8024601086020233
111425,2026-09-06T07:16:41.166897+00:00,15,1.22104,1.7713,1.933788942170215,1.8217810587618135,-1.933788942170215,1.8217810587618135
111426,2026-09-06T07:16:41.188903+00:00,15,1.2312,1.77153,1.9423864993025688,1.8218180611541994,-1.9423864993025688,1.8218180611541994
111427,2026-09-06T07:16:41.211891+00:00,15,1.22728,1.76926,1.9388305858526076,1.8196500251360845,-1.9388305858526076,1.8196500251360845
111428,2026-09-06T07:16:41.233903+00:00,15,1.22715,1.76331,1.9382628615956001,1.813909090764689,-1.9382628615956001,1.813909090764689
111429,2026-09-06T07:16:41.261876+00:00,15,1.19609,1.7554,1.9119036791606017,1.8070428356440498,-1.9119036791606017,1.8070428356440498
111430,2026-09-06T07:16:41.302917+00:00,15,1.20158,1.74715,1.9160247764367766,1.7990225801864959,-1.9160247764367766,1.7990225801864959
111431,2026-09-06T07:16:41.324673+00:00,15,1.16724,1.69014,1.8840220611490544,1.7451731082837827,-1.8840220611490544,1.7451731082837827
111432,2026-09-06T07:16:41.347901+00:00,15,1.20578,1.74348,1.91929652944955,1.795401182281807,-1.91929652944955,1.795401182281807
111433,2026-09-06T07:16:41.369939+00:00,15,1.21612,1.7535,1.9287844293969791,1.804894213064506,-1.9287844293969791,1.804894213064506
111434,2026-09-06T07:16:41.391908+00:00,15,1.20849,1.75,1.922034838582959,1.8016286251957225,-1.922034838582959,1.8016286251957225
111435,2026-09-06T07:16:41.413918+00:00,15,1.19694,1.76223,1.913248983270652,1.813683714550675,-1.913248983270652,1.813683714550675
111436,2026-09-06T07:16:41.436916+00:00,15,1.20121,1.73181,1.9150270340533029,1.7844320079915483,-1.9150270340533029,1.7844320079915483
111437,2026-09-06T07:16:41.458945+00:00,15,1.22117,1.73245,1.9317123518977872,1.7845747393956541,-1.9317123518977872,1.7845747393956541
111438,2026-09-06T07:16:41.480933+00:00,15,1.20416,1.74723,1.9183485731084946,1.7991218182167137,-1.9183485731084946,1.7991218182167137
111439,2026-09-06T07:16:41.502674+00:00,15,1.21968,1.74424,1.9310064341208688,1.7958436302508023,-1.9310064341208688,1.7958436302508023
111440,2026-09-06T07:16:41.525931+00:00,15,1.21359,1.76631,1.9274452290625084,1.8172480142858118,-1.9274452290625084,1.8172480142858118
111441,2026-09-06T07:16:41.547912+00:00,15,1.22547,1.76179,1.9371243890631586,1.8126470421145031,-1.9371243890631586,1.8126470421145031
111442,2026-09-06T07:16:41.569694+00:00,15,1.23827,1.77176,1.948400464580547,1.8219176864743885,-1.948400464580547,1.8219176864743885
111443,2026-09-06T07:16:41.597935+00:00,15,1.20741,1.76907,1.9222651726523288,1.8199390633177022,-1.9222651726523288,1.8199390633177022
111444,2026-09-06T07:16:41.619915+00:00,15,1.21222,1.76215,1.9257767998382935,1.8131564348952767,-1.9257767998382935,1.8131564348952767
111445,2026-09-06T07:16:41.641979+00:00,15,1.19848,1.7556,1.9138767107938242,1.8071766941715512,-1.9138767107938242,1.8071766941715512
111446,2026-09-06T07:16:41.664929+00:00,15,1.13589,1.68119,1.8569634484458448,1.7371352009432108,-1.8569634484458448,1.7371352009432108
111447,2026-09-06T07:16:41.686937+00:00,15,1.23453,1.74581,1.9435330648514941,1.797037129393103,-1.9435330648514941,1.797037129393103
111448,2026-09-06T07:16:41.708936+00:00,15,1.21327,1.7585,1.9263712083520552,1.809600377150606,-1.9263712083520552,1.809600377150606
111449,2026-09-06T07:16:41.730926+00:00,15,1.22173,1.75787,1.933769433645008,1.8089837448467543,-1.933769433645008,1.8089837448467543
111450,2026-09-06T07:16:41.753934+00:00,15,1.21113,1.74265,1.923755681927071,1.7945103229147341,-1.923755681927071,1.7945103229147341
111451,2026-09-06T07:16:41.775907+00:00,15,1.21608,1.74565,1.9281821849104313,1.7973299984476838,-1.9281821849104313,1.7973299984476838
111452,2026-09-06T07:16:41.814877+00:00,15,1.19945,1.75049,1.914300302216849,1.8022076519965762,-1.914300302216849,1.8022076519965762
111453,2026-09-06T07:16:41.836914+00:00,15,1.22514,1.76309,1.9369329831858637,1.8139086810319107,-1.9369329831858637,1.8139086810319107
111454,2026-09-06T07:16:41.858924+00:00,15,1.22647,1.78592,1.9393076598560723,1.835720686786705,-1.9393076598560723,1.835720686786705
111455,2026-09-06T07:16:41.881913+00:00,15,1.2383,1.77119,1.948296624050942,1.8213262044602463,-1.948296624050942,1.8213262044602463
111456,2026-09-06T07:16:41.904374+00:00,15,1.23671,1.78425,1.947526054565748,1.8337745903851976,-1.947526054565748,1.8337745903851976
111457,2026-09-06T07:16:41.925907+00:00,15,1.25409,1.76997,1.9614671918835025,1.8198277286387778,-1.9614671918835025,1.8198277286387778
111458,2026-09-06T07:16:41.953955+00:00,15,1.22322,1.74579,1.9341071083232209,1.797274066898518,-1.9341071083232209,1.797274066898518
111459,2026-09-06T07:16:41.975911+00:00,15,1.2072,1.7558,1.9212365515250103,1.807191567413797,-1.9212365515250103,1.807191567413797
111460,2026-09-06T07:16:41.998441+00:00,15,1.21935,1.74887,1.9308835235814452,1.800228784852199,-1.9308835235814452,1.800228784852199
111461,2026-09-06T07:16:42.020921+00:00,15,1.21838,1.73786,1.9297811457333125,1.7898676785848304,-1.9297811457333125,1.7898676785848304
111462,2026-09-06T07:16:42.042910+00:00,15,1.19524,1.7555,1.91131142142767,1.8072191294014694,-1.91131142142767,1.8072191294014694
111463,2026-09-06T07:16:42.064902+00:00,15,1.22583,1.73837,1.9356535515592619,1.7900103043748006,-1.9356535515592619,1.7900103043748006
111464,2026-09-06T07:16:42.086915+00:00,15,1.19115,1.77272,1.9089399361630772,1.8238222657281828,-1.9089399361630772,1.8238222657281828
111465,2026-09-06T07:16:42.109930+00:00,15,1.20773,1.75337,1.9215231054094082,1.8048455772369332,-1.9215231054094082,1.8048455772369332
111466,2026-09-06T07:16:42.131934+00:00,15,1.21808,1.74993,1.929617572483378,1.8011473176920998,-1.929617572483378,1.8011473176920998
111467,2026-09-06T07:16:42.153923+00:00,15,1.21461,1.74702,1.9267973271737298,1.7985563757152927,-1.9267973271737298,1.7985563757152927
111468,2026-09-06T07:16:42.176878+00:00,15,1.21006,1.77829,1.9249014998647769,1.8286610926100866,-1.9249014998647769,1.8286610926100866
111469,2026-09-06T07:16:42.198946+00:00,15,1.24067,1.7641,1.949888992446191,1.8144978961735152,-1.949888992446191,1.8144978961735152
111470,2026-09-06T07:16:42.220936+00:00,15,1.22427,1.76862,1.9362626827375742,1.8190993722215625,-1.9362626827375742,1.8190993722215625
111471,2026-09-06T07:16:42.242920+00:00,15,1.23923,1.78194,1.949743919795914,1.8316208357314285,-1.949743919795914,1.8316208357314285
111472,2026-09-06T07:16:42.274919+00:00,15,1.22379,1.77971,1.9368313841819298,1.8299003806638228,-1.9368313841819298,1.8299003806638228
111473,2026-09-06T07:16:42.324886+00:00,15,1.1972,1.74601,1.9121919404035619,1.7979748017298622,-1.9121919404035619,1.7979748017298622
111474,2026-09-06T07:16:42.346939+00:00,15,1.21827,1.72335,1.9285151465947215,1.775807132130648,-1.9285151465947215,1.775807132130648
111475,2026-09-06T07:16:42.369933+00:00,15,1.22394,1.73692,1.9341857262678446,1.7887514578948829,-1.9341857262678446,1.7887514578948829
111476,2026-09-06T07:16:42.391955+00:00,15,1.22017,1.72311,1.9299566244913227,1.7754676838653807,-1.9299566244913227,1.7754676838653807
111477,2026-09-06T07:16:42.413961+00:00,15,1.22485,1.7369,1.9348604934043563,1.7886692907501933,-1.9348604934043563,1.7886692907501933
111478,2026-09-06T07:16:42.435918+00:00,15,1.20904,1.73533,1.92112874044404,1.787318855515852,-1.92112874044404,1.787318855515852
111479,2026-09-06T07:16:42.458922+00:00,15,1.21172,1.72975,1.9233891551406825,1.7820817844076682,-1.9233891551406825,1.7820817844076682
111480,2026-09-06T07:16:42.480929+00:00,15,1.232,1.73804,1.9407286239405845,1.789521634850371,-1.9407286239405845,1.789521634850371
111481,2026-09-06T07:16:42.502944+00:00,15,1.21164,1.75508,1.9247359643601396,1.8063244547897341,-1.9247359643601396,1.8063244547897341
111482,2026-09-06T07:16:42.525888+00:00,15,1.21634,1.75363,1.928786281803029,1.804930076277223,-1.928786281803029,1.804930076277223
111483,2026-09-06T07:16:42.547939+00:00,15,1.22909,1.75944,1.9396153531752447,1.8101343226663182,-1.9396153531752447,1.8101343226663182
111484,2026-09-06T07:16:42.569954+00:00,15,1.24312,1.79248,1.953482236435277,1.8415802800619545,-1.953482236435277,1.8415802800619545
111485,2026-09-06T07:16:42.591922+00:00,15,1.23523,1.78508,1.9463793116666186,1.834626052018601,-1.9463793116666186,1.834626052018601
111486,2026-09-06T07:16:42.613943+00:00,15,1.1986,1.79767,1.9161640485691196,1.8473542702328785,-1.9161640485691196,1.8473542702328785
111487,2026-09-06T07:16:42.641804+00:00,15,1.22661,1.73542,1.9360814162383768,1.7871446935536965,-1.9360814162383768,1.7871446935536965
111488,2026-09-06T07:16:42.663941+00:00,15,1.21705,1.7418,1.9287748938555034,1.7936215345864381,-1.9287748938555034,1.7936215345864381
111489,2026-09-06T07:16:42.685932+00:00,15,1.20334,1.73367,1.9165907981703847,1.786012088794133,-1.9165907981703847,1.786012088794133
111490,2026-09-06T07:16:42.708955+00:00,15,1.19384,1.74624,1.9095462946566355,1.7983447438400575,-1.9095462946566355,1.7983447438400575
111491,2026-09-06T07:16:42.730928+00:00,15,1.19555,1.75282,1.9112333161536679,1.8045537574964783,-1.9112333161536679,1.8045537574964783
111492,2026-09-06T07:16:42.752928+00:00,15,1.20935,1.76075,1.9232119906002088,1.8118404565132102,-1.9232119906002088,1.8118404565132102
111493,2026-09-06T07:16:42.784956+00:00,15,1.20705,1.75116,1.920790174715231,1.802735038471493,-1.920790174715231,1.802735038471493
111494,2026-09-06T07:16:42.801941+00:00,15,1.19683,1.74523,1.912025416322281,1.7973349661228037,-1.912025416322281,1.7973349661228037
111495,2026-09-06T07:16:42.841885+00:00,15,1.21387,1.75041,1.926370184710728,1.8018212549140693,-1.926370184710728,1.8018212549140693
111496,2026-09-06T07:16:42.863887+00:00,15,1.22779,1.74929,1.9379950259680487,1.8004592477194687,-1.9379950259680487,1.8004592477194687
111497,2026-09-06T07:16:42.885955+00:00,15,1.21821,1.74698,1.9299521663342012,1.7984992345173563,-1.9299521663342012,1.7984992345173563
111498,2026-09-06T07:16:42.908928+00:00,15,1.21241,1.76632,1.926251923736869,1.8171816636244458,-1.926251923736869,1.8171816636244458
111499,2026-09-06T07:16:42.930939+00:00,15,1.21477,1.78473,1.929094652354218,1.8346734235804867,-1.929094652354218,1.8346734235804867
111500,2026-09-06T07:16:42.952945+00:00,15,1.22824,1.74962,1.9385192289950388,1.800826678313526,-1.9385192289950388,1.800826678313526
111501,2026-09-06T07:16:42.980902+00:00,15,1.21985,1.75255,1.931604276618594,1.8037892452181024,-1.931604276618594,1.8037892452181024
111502,2026-09-06T07:16:43.002954+00:00,15,1.19108,1.74761,1.9071325346306653,1.799631737461721,-1.9071325346306653,1.799631737461721
111503,2026-09-06T07:16:43.024971+00:00,15,1.21803,1.73432,1.9289546180198032,1.7863318758203186,-1.9289546180198032,1.7863318758203186
111504,2026-09-06T07:16:43.047937+00:00,15,1.21162,1.74185,1.9239766702896468,1.7936632787501707,-1.9239766702896468,1.7936632787501707
111505,2026-09-06T07:16:43.069957+00:00,15,1.21633,1.75505,1.928998308358016,1.806352014957504,-1.928998308358016,1.806352014957504
111506,2026-09-06T07:16:43.091917+00:00,15,1.21016,1.71965,1.9214383477820833,1.7724050235850635,-1.9214383477820833,1.7724050235850635
111507,2026-09-06T07:16:43.113970+00:00,15,1.24008,1.75043,1.9484327568124944,1.8013268387233086,-1.9484327568124944,1.8013268387233086
111508,2026-09-06T07:16:43.136952+00:00,15,1.20685,1.76233,1.9213370099079707,1.8134613502018795,-1.9213370099079707,1.8134613502018795
111509,2026-09-06T07:16:43.159014+00:00,15,1.20765,1.75842,1.9215060986842225,1.8095698421404005,-1.9215060986842225,1.8095698421404005
111510,2026-09-06T07:16:43.180949+00:00,15,1.22857,1.74361,1.9381691440896431,1.7949295789424347,-1.9381691440896431,1.7949295789424347
111511,2026-09-06T07:16:43.203914+00:00,15,1.20022,1.74126,1.914407507098263,1.7933433721628895,-1.914407507098263,1.7933433721628895
111512,2026-09-06T07:16:43.225964+00:00,15,1.21889,1.76209,1.931498565040985,1.813019500897159,-1.931498565040985,1.813019500897159
111513,2026-09-06T07:16:43.247947+00:00,15,1.21377,1.7609,1.9269017656163852,1.811878553145026,-1.9269017656163852,1.811878553145026
111514,2026-09-06T07:16:43.269949+00:00,15,1.23447,1.77691,1.9453926704481892,1.826868911952437,-1.9453926704481892,1.826868911952437
111515,2026-09-06T07:16:43.291959+00:00,15,1.23638,1.76789,1.9467383054186687,1.8183222196787072,-1.9467383054186687,1.8183222196787072
111516,2026-09-06T07:16:43.343971+00:00,15,1.20801,1.73141,1.9203047416398609,1.7837148954654254,-1.9203047416398609,1.7837148954654254
111517,2026-09-06T07:16:43.365962+00:00,15,1.23584,1.74021,1.944324349864598,1.7916484390885632,-1.944324349864598,1.7916484390885632
111518,2026-09-06T07:16:43.387950+00:00,15,1.18993,1.75301,1.9065865196227485,1.8048797728145487,-1.9065865196227485,1.8048797728145487
111519,2026-09-06T07:16:43.410961+00:00,15,1.2013,1.74651,1.9156464001625029,1.798362037824924,-1.9156464001625029,1.798362037824924
111520,2026-09-06T07:16:43.432973+00:00,15,1.22965,1.75041,1.9397774565118673,1.8015721729313106,-1.9397774565118673,1.8015721729313106
111521,2026-09-06T07:16:43.454994+00:00,15,1.20951,1.73623,1.9218892975832307,1.788332695359894,-1.9218892975832307,1.788332695359894
111522,2026-09-06T07:16:43.477000+00:00,15,1.21057,1.75713,1.924080641584734,1.808368981491571,-1.924080641584734,1.808368981491571
111523,2026-09-06T07:16:43.499958+00:00,15,1.22924,1.7335,1.9382168355454918,1.7852658174188145,-1.9382168355454918,1.7852658174188145
111524,2026-09-06T07:16:43.521951+00:00,15,1.19195,1.75764,1.908396037120446,1.8091927570697683,-1.908396037120446,1.8091927570697683
111525,2026-09-06T07:16:43.543955+00:00,15,1.19487,1.75178,1.910392506414392,1.8034698207007238,-1.910392506414392,1.8034698207007238
111526,2026-09-06T07:16:43.566985+00:00,15,1.23308,1.77486,1.9439058615277938,1.8248475908129562,-1.9439058615277938,1.8248475908129562
111527,2026-09-06T07:16:43.588952+00:00,15,1.23516,1.75618,1.9446756576635142,1.8069572678104535,-1.9446756576635142,1.8069572678104535
111528,2026-09-06T07:16:43.610985+00:00,15,1.21797,1.75575,1.9299696871277439,1.8067768938117141,-1.9299696871277439,1.8067768938117141
111529,2026-09-06T07:16:43.632969+00:00,15,1.22441,1.78462,1.937469979854583,1.834503460407583,-1.937469979854583,1.834503460407583
111530,2026-09-06T07:16:43.660920+00:00,15,1.22885,1.72453,1.9374513471063717,1.7767148562398245,-1.9374513471063717,1.7767148562398245
111531,2026-09-06T07:16:43.682969+00:00,15,1.21318,1.74398,1.9254575845317519,1.79568899374862,-1.9254575845317519,1.79568899374862
111532,2026-09-06T07:16:43.704982+00:00,15,1.20477,1.75733,1.9190806643484124,1.8086095793806198,-1.9190806643484124,1.8086095793806198
111533,2026-09-06T07:16:43.727977+00:00,15,1.22088,1.7529,1.9324636186918616,1.8040857532181014,-1.9324636186918616,1.8040857532181014
111534,2026-09-06T07:16:43.749962+00:00,15,1.21249,1.76272,1.9260902106579185,1.8137268504430484,-1.9260902106579185,1.8137268504430484
111535,2026-09-06T07:16:43.771914+00:00,15,1.21201,1.74349,1.9244420730366276,1.7952422479400967,-1.9244420730366276,1.7952422479400967
111536,2026-09-06T07:16:43.793961+00:00,15,1.20159,1.76106,1.9168241309291596,1.8123422049490312,-1.9168241309291596,1.8123422049490312
111537,2026-09-06T07:16:43.816965+00:00,15,1.2002,1.74155,1.914336296085858,1.793595327218876,-1.914336296085858,1.793595327218876
111538,2026-09-06T07:16:43.857845+00:00,15,1.18875,1.76349,1.9061768128258685,1.814934530650452,-1.9061768128258685,1.814934530650452
111539,2026-09-06T07:16:43.879975+00:00,15,1.21057,1.7552,1.9242200220273027,1.8066340550149484,-1.9242200220273027,1.8066340550149484
111540,2026-09-06T07:16:43.901987+00:00,15,1.21065,1.73672,1.9229479107548533,1.7888057069477665,-1.9229479107548533,1.7888057069477665
111541,2026-09-06T07:16:43.924974+00:00,15,1.24326,1.77383,1.9525967727076194,1.8237419826953607,-1.9525967727076194,1.8237419826953607
111542,2026-09-06T07:16:43.946966+00:00,15,1.22972,1.75368,1.9401950699694315,1.8047836049383708,-1.9401950699694315,1.8047836049383708
111543,2026-09-06T07:16:43.968969+00:00,15,1.23056,1.75481,1.9409493213796734,1.8058340679711906,-1.9409493213796734,1.8058340679711906
111544,2026-09-06T07:16:43.996955+00:00,15,1.22882,1.74772,1.9390424621879618,1.799063734871655,-1.9390424621879618,1.799063734871655
111545,2026-09-06T07:16:44.018959+00:00,15,1.21454,1.72855,1.9257498401522508,1.7808996031970465,-1.9257498401522508,1.7808996031970465
111546,2026-09-06T07:16:44.040971+00:00,15,1.23136,1.75537,1.9415075143395633,1.80628940762316,-1.9415075143395633,1.80628940762316
111547,2026-09-06T07:16:44.063973+00:00,15,1.22205,1.74035,1.9328446947758648,1.7921121581559536,-1.9328446947758648,1.7921121581559536
111548,2026-09-06T07:16:44.085969+00:00,15,1.21153,1.74371,1.924006128788498,1.7954412824139256,-1.924006128788498,1.7954412824139256
111549,2026-09-06T07:16:44.107927+00:00,15,1.21526,1.76454,1.9284985956056857,1.815391682232721,-1.9284985956056857,1.815391682232721
111550,2026-09-06T07:16:44.129946+00:00,15,1.21673,1.75424,1.9291644253405007,1.8055128177456992,-1.9291644253405007,1.8055128177456992
111551,2026-09-06T07:16:44.152957+00:00,15,1.20841,1.75638,1.9223233932648935,1.8077461279189269,-1.9223233932648935,1.8077461279189269
111552,2026-09-06T07:16:44.174988+00:00,15,1.2248,1.7402,1.9348254371713811,1.7917503593621975,-1.9348254371713811,1.7917503593621975
111553,2026-09-06T07:16:44.196961+00:00,15,1.21401,1.77099,1.9279970603189875,1.8216833833818766,-1.9279970603189875,1.8216833833818766
111554,2026-09-06T07:16:44.219801+00:00,15,1.20301,1.75402,1.917620916842778,1.8055809785819183,-1.917620916842778,1.8055809785819183
111555,2026-09-06T07:16:44.241975+00:00,15,1.21675,1.75655,1.9292265061207632,1.8076801861952974,-1.9292265061207632,1.8076801861952974
111556,2026-09-06T07:16:44.264004+00:00,15,1.25779,1.7726,1.964645346699775,1.8222288412745709,-1.964645346699775,1.8222288412745709
111557,2026-09-06T07:16:44.286180+00:00,15,1.23278,1.7675,1.9436277642102149,1.8179872696466683,-1.9436277642102149,1.8179872696466683
111558,2026-09-06T07:16:44.307981+00:00,15,1.22786,1.74787,1.9380355955011868,1.7991332856146487,-1.9380355955011868,1.7991332856146487
111559,2026-09-06T07:16:44.359936+00:00,15,1.23089,1.75103,1.9408824623489516,1.8021493790350311,-1.9408824623489516,1.8021493790350311
111560,2026-09-06T07:16:44.382535+00:00,15,1.19312,1.75981,1.9095281533455133,1.8112639319882204,-1.9095281533455133,1.8112639319882204
111561,2026-09-06T07:16:44.404083+00:00,15,1.21949,1.74559,1.930971803972914,1.797156879276355,-1.930971803972914,1.797156879276355
111562,2026-09-06T07:16:44.426998+00:00,15,1.20131,1.75524,1.9162494501336518,1.8067728550240312,-1.9162494501336518,1.8067728550240312
111563,2026-09-06T07:16:44.448993+00:00,15,1.21059,1.74277,1.9231246807554938,1.7945448530721257,-1.9231246807554938,1.7945448530721257
111564,2026-09-06T07:16:44.470974+00:00,15,1.2353,1.73973,1.943823296154609,1.7911796286445463,-1.943823296154609,1.7911796286445463
111565,2026-09-06T07:16:44.493981+00:00,15,1.21743,1.76024,1.9298512727307953,1.8111256857987426,-1.9298512727307953,1.8111256857987426
111566,2026-09-06T07:16:44.515976+00:00,15,1.21996,1.76693,1.93271166937766,1.817656095416735,-1.93271166937766,1.817656095416735
111567,2026-09-06T07:16:44.537996+00:00,15,1.20355,1.77497,1.9192333917132431,1.8256137838744169,-1.9192333917132431,1.8256137838744169
111568,2026-09-06T07:16:44.559855+00:00,15,1.21582,1.74595,1.9279892862552546,1.7976258732181833,-1.9279892862552546,1.7976258732181833
111569,2026-09-06T07:16:44.582988+00:00,15,1.24586,1.78415,1.9553893077472413,1.8335839846120254,-1.9553893077472413,1.8335839846120254
111570,2026-09-06T07:16:44.604998+00:00,15,1.24195,1.76691,1.950765892794781,1.8169822496301433,-1.950765892794781,1.8169822496301433
111571,2026-09-06T07:16:44.626974+00:00,15,1.23642,1.76207,1.9460517250892737,1.8125666503696414,-1.9460517250892737,1.8125666503696414
111572,2026-09-06T07:16:44.649015+00:00,15,1.2087,1.78139,1.9240461884834015,1.8317149336104537,-1.9240461884834015,1.8317149336104537
111573,2026-09-06T07:16:44.676779+00:00,15,1.2322,1.77589,1.943277472494383,1.8258711407560764,-1.943277472494383,1.8258711407560764
111574,2026-09-06T07:16:44.698988+00:00,15,1.20195,1.75396,1.916555286392583,1.805460572637129,-1.916555286392583,1.805460572637129
111575,2026-09-06T07:16:44.720976+00:00,15,1.21035,1.75467,1.9238036956868179,1.806037121354885,-1.9238036956868179,1.806037121354885
111576,2026-09-06T07:16:44.744006+00:00,15,1.20987,1.75589,1.9234884833081922,1.807221981896622,-1.9234884833081922,1.807221981896622
111577,2026-09-06T07:16:44.765978+00:00,15,1.19546,1.74967,1.9107742484579773,1.8014419930086119,-1.9107742484579773,1.8014419930086119
111578,2026-09-06T07:16:44.787995+00:00,15,1.20912,1.76113,1.923117916243634,1.8122486470165755,-1.923117916243634,1.8122486470165755
111579,2026-09-06T07:16:44.809994+00:00,15,1.20985,1.74132,1.922563648737601,1.7932354347577057,-1.922563648737601,1.7932354347577057
111580,2026-09-06T07:16:44.832979+00:00,15,1.19885,1.75547,1.9142363802793791,1.807060346815745,-1.9142363802793791,1.807060346815745
111581,2026-09-06T07:16:44.872048+00:00,15,1.22705,1.73761,1.9365706483047342,1.7892295469603658,-1.9365706483047342,1.7892295469603658
111582,2026-09-06T07:16:44.894980+00:00,15,1.22383,1.73454,1.9338179273516578,1.786409862438973,-1.9338179273516578,1.786409862438973
111583,2026-09-06T07:16:44.916984+00:00,15,1.21636,1.76241,1.9291019065960964,1.8132363056791123,-1.9291019065960964,1.8132363056791123
111584,2026-09-06T07:16:44.938988+00:00,15,1.25519,1.77756,1.9628650247390265,1.8270883687102681,-1.9628650247390265,1.8270883687102681
111585,2026-09-06T07:16:44.960978+00:00,15,1.22773,1.75921,1.938558620878142,1.8099890897486512,-1.938558620878142,1.8099890897486512
111586,2026-09-06T07:16:44.984011+00:00,15,1.25619,1.76198,1.9626569237445728,1.8120729923069039,-1.9626569237445728,1.8120729923069039
111587,2026-09-06T07:16:45.012003+00:00,15,1.21589,1.74065,1.9276257740155183,1.7924889633395535,-1.9276257740155183,1.7924889633395535
111588,2026-09-06T07:16:45.033998+00:00,15,1.23069,1.74732,1.9404005307665602,1.798557039241412,-1.9404005307665602,1.798557039241412
111589,2026-09-06T07:16:45.055995+00:00,15,1.20213,1.7472,1.916322341620983,1.7989840593608777,-1.916322341620983,1.7989840593608777
111590,2026-09-06T07:16:45.078999+00:00,15,1.2219,1.73624,1.9324697750472513,1.7881606181410448,-1.9324697750472513,1.7881606181410448
111591,2026-09-06T07:16:45.100990+00:00,15,1.22629,1.75355,1.9370641069819954,1.8046100862586452,-1.9370641069819954,1.8046100862586452
111592,2026-09-06T07:16:45.123039+00:00,15,1.20408,1.76721,1.9193416110738035,1.8182225359287374,-1.9193416110738035,1.8182225359287374
111593,2026-09-06T07:16:45.145002+00:00,15,1.21572,1.73617,1.9268605912855694,1.788018069780232,-1.9268605912855694,1.788018069780232
111594,2026-09-06T07:16:45.167992+00:00,15,1.222,1.75109,1.93326795757726,1.8023158096470437,-1.93326795757726,1.8023158096470437
111595,2026-09-06T07:16:45.189992+00:00,15,1.21995,1.74981,1.931709887315137,1.8012455991014866,-1.931709887315137,1.8012455991014866
111596,2026-09-06T07:16:45.212004+00:00,15,1.22121,1.74008,1.931781133400362,1.7916980282786201,-1.931781133400362,1.7916980282786201
111597,2026-09-06T07:16:45.234999+00:00,15,1.22344,1.73571,1.9335407711306145,1.7875334241522252,-1.9335407711306145,1.7875334241522252
111598,2026-09-06T07:16:45.256988+00:00,15,1.22526,1.75151,1.9360389278955943,1.8026607903727547,-1.9360389278955943,1.8026607903727547
111599,2026-09-06T07:16:45.279013+00:00,15,1.23209,1.76083,1.9422436915104402,1.8114170720765628,-1.9422436915104402,1.8114170720765628
111600,2026-09-06T07:16:45.300992+00:00,15,1.23693,1.77582,1.9474815686437703,1.825823302358584,-1.9474815686437703,1.825823302358584
111601,2026-09-06T07:16:45.323004+00:00,15,1.23325,1.78081,1.944890013078258,1.8307778379930093,-1.944890013078258,1.8307778379930093
111602,2026-09-06T07:16:45.372776+00:00,15,1.225,1.75062,1.935755658263322,1.8018126987965275,-1.935755658263322,1.8018126987965275
111603,2026-09-06T07:16:45.395018+00:00,15,1.22648,1.76585,1.9379222928873912,1.8163843780516948,-1.9379222928873912,1.8163843780516948
111604,2026-09-06T07:16:45.418002+00:00,15,1.2154,1.7554,1.928269898021374,1.806721312480882,-1.928269898021374,1.806721312480882
111605,2026-09-06T07:16:45.440012+00:00,15,1.21241,1.74968,1.9250686585449042,1.8011322755702677,-1.9250686585449042,1.8011322755702677
111606,2026-09-06T07:16:45.462072+00:00,15,1.21653,1.75444,1.928995739074485,1.8057059781829228,-1.928995739074485,1.8057059781829228
111607,2026-09-06T07:16:45.483999+00:00,15,1.22813,1.74643,1.93799968936503,1.797657237613534,-1.93799968936503,1.797657237613534
111608,2026-09-06T07:16:45.507007+00:00,15,1.22341,1.743,1.9338474774221666,1.7944782612675965,-1.9338474774221666,1.7944782612675965
111609,2026-09-06T07:16:45.528977+00:00,15,1.21863,1.74355,1.930186354359502,1.7952515675770535,-1.930186354359502,1.7952515675770535
111610,2026-09-06T07:16:45.551010+00:00,15,1.21905,1.74789,1.9304889511885608,1.7992585833826529,-1.9304889511885608,1.7992585833826529
111611,2026-09-06T07:16:45.574029+00:00,15,1.23045,1.73512,1.9393397589908015,1.786797771562494,-1.9393397589908015,1.786797771562494
111612,2026-09-06T07:16:45.595998+00:00,15,1.22418,1.7675,1.9362928986151577,1.8181120061568568,-1.9362928986151577,1.8181120061568568
111613,2026-09-06T07:16:45.618028+00:00,15,1.25967,1.76381,1.965849244080481,1.8138372694217428,-1.965849244080481,1.8138372694217428
111614,2026-09-06T07:16:45.640057+00:00,15,1.25595,1.74754,1.9615309791885238,1.7981969298767848,-1.9615309791885238,1.7981969298767848
111615,2026-09-06T07:16:45.662004+00:00,15,1.23571,1.75411,1.9449369887697365,1.8049244079087539,-1.9449369887697365,1.8049244079087539
111616,2026-09-06T07:16:45.690056+00:00,15,1.22453,1.74364,1.9350817092344266,1.7951838101701305,-1.9350817092344266,1.7951838101701305
111617,2026-09-06T07:16:45.712016+00:00,15,1.20765,1.73108,1.9199102907946843,1.783365214259843,-1.9199102907946843,1.783365214259843
111618,2026-09-06T07:16:45.734017+00:00,15,1.20885,1.76007,1.922894297685716,1.8112572379617966,-1.922894297685716,1.8112572379617966
111619,2026-09-06T07:16:45.757001+00:00,15,1.21964,1.75335,1.931548573133088,1.8045956043521088,-1.931548573133088,1.8045956043521088
111620,2026-09-06T07:16:45.779014+00:00,15,1.21117,1.74491,1.9238175597443299,1.7966212233655428,-1.9238175597443299,1.7966212233655428
111621,2026-09-06T07:16:45.801005+00:00,15,1.22275,1.75183,1.933865397553487,1.8029761171065717,-1.933865397553487,1.8029761171065717
111622,2026-09-06T07:16:45.823087+00:00,15,1.23543,1.72564,1.943167171160409,1.7777055204042604,-1.943167171160409,1.7777055204042604
111623,2026-09-06T07:16:45.846020+00:00,15,1.23849,1.75372,1.9473737378502085,1.804545769152147,-1.9473737378502085,1.804545769152147
111624,2026-09-06T07:16:45.885030+00:00,15,1.2284,1.74745,1.9386212676719867,1.798788420808178,-1.9386212676719867,1.798788420808178
111625,2026-09-06T07:16:45.908020+00:00,15,1.23381,1.73875,1.9425233261058716,1.790276995630686,-1.9425233261058716,1.790276995630686
111626,2026-09-06T07:16:45.930034+00:00,15,1.2232,1.76359,1.935140183938798,1.8143376070149577,-1.935140183938798,1.8143376070149577
111627,2026-09-06T07:16:45.952008+00:00,15,1.25021,1.76396,1.957763818301173,1.8141015402011165,-1.957763818301173,1.8141015402011165
111628,2026-09-06T07:16:45.974018+00:00,15,1.25366,1.78207,1.9617202006296486,1.8313877238310061,-1.9617202006296486,1.8313877238310061
111629,2026-09-06T07:16:45.997012+00:00,15,1.24517,1.75581,1.9529540657385343,1.80634678407076,-1.9529540657385343,1.80634678407076
111630,2026-09-06T07:16:46.025033+00:00,15,1.22797,1.74197,1.9378492361466395,1.7935024938946234,-1.9378492361466395,1.7935024938946234
111631,2026-09-06T07:16:46.047033+00:00,15,1.21972,1.73261,1.9300844345889356,1.7845724002751324,-1.9300844345889356,1.7845724002751324
111632,2026-09-06T07:16:46.069006+00:00,15,1.224,1.73612,1.933981794339342,1.7878843794830979,-1.933981794339342,1.7878843794830979
111633,2026-09-06T07:16:46.091994+00:00,15,1.25259,1.71205,1.9565413741924143,1.7642186537341924,-1.9565413741924143,1.7642186537341924
111634,2026-09-06T07:16:46.114011+00:00,15,1.20247,1.74889,1.9170449139186088,1.8007533287183843,-1.9170449139186088,1.8007533287183843
111635,2026-09-06T07:16:46.136012+00:00,15,1.19439,1.72206,1.9082643500904108,1.7750036628573926,-1.9082643500904108,1.7750036628573926
111636,2026-09-06T07:16:46.167991+00:00,15,1.23031,1.72215,1.9385711156063354,1.7744204548461286,-1.9385711156063354,1.7744204548461286
111637,2026-09-06T07:16:46.185030+00:00,15,1.25138,1.73248,1.9568515237158373,1.7838861882332888,-1.9568515237158373,1.7838861882332888
111638,2026-09-06T07:16:46.207060+00:00,15,1.23928,1.74186,1.9471445698625793,1.7930808919924053,-1.9471445698625793,1.7930808919924053
111639,2026-09-06T07:16:46.229016+00:00,15,1.22574,1.7326,1.9354620350356724,1.7845933153669715,-1.9354620350356724,1.7845933153669715
111640,2026-09-06T07:16:46.252023+00:00,15,1.23458,1.73525,1.9429060979671977,1.786879075848945,-1.9429060979671977,1.786879075848945
111641,2026-09-06T07:16:46.274028+00:00,15,1.23551,1.74718,1.9445681993114066,1.798386476183168,-1.9445681993114066,1.798386476183168
111642,2026-09-06T07:16:46.296010+00:00,15,1.25586,1.74928,1.9616527182406838,1.799917184609861,-1.9616527182406838,1.799917184609861
111643,2026-09-06T07:16:46.319016+00:00,15,1.25601,1.75093,1.962109944485828,1.8016095985336473,-1.962109944485828,1.8016095985336473
111644,2026-09-06T07:16:46.340993+00:00,15,1.22379,1.77016,1.9362149721001687,1.8207135374628494,-1.9362149721001687,1.8207135374628494
111645,2026-09-06T07:16:46.392012+00:00,15,1.21907,1.74217,1.9302848883960668,1.7938324949391384,-1.9302848883960668,1.7938324949391384
111646,2026-09-06T07:16:46.414023+00:00,15,1.21974,1.73988,1.9307404479665125,1.7916279614671384,-1.9307404479665125,1.7916279614671384
111647,2026-09-06T07:16:46.436033+00:00,15,1.22363,1.745,1.934333006494933,1.7964771306171257,-1.934333006494933,1.7964771306171257
111648,2026-09-06T07:16:46.458001+00:00,15,1.24685,1.74515,1.9537445143696348,1.7960957503977648,-1.9537445143696348,1.7960957503977648
111649,2026-09-06T07:16:46.481022+00:00,15,1.20125,1.75533,1.9161701856241113,1.8068527700046484,-1.9161701856241113,1.8068527700046484
111650,2026-09-06T07:16:46.503032+00:00,15,1.20765,1.74221,1.920678956062689,1.7940996692124365,-1.920678956062689,1.7940996692124365
111651,2026-09-06T07:16:46.525008+00:00,15,1.23596,1.75727,1.9454695329092975,1.8080113104049846,-1.9454695329092975,1.8080113104049846
111652,2026-09-06T07:16:46.547046+00:00,15,1.20324,1.7157,1.9152936665941085,1.768719455454426,-1.9152936665941085,1.768719455454426
111653,2026-09-06T07:16:46.569028+00:00,15,1.23317,1.73217,1.9416955469951922,1.7840356844830025,-1.9416955469951922,1.7840356844830025
111654,2026-09-06T07:16:46.592019+00:00,15,1.2299,1.73704,1.9390431066384852,1.7886762182982692,-1.9390431066384852,1.7886762182982692
111655,2026-09-06T07:16:46.614423+00:00,15,1.22408,1.73321,1.9341068631389065,1.7852116816818997,-1.9341068631389065,1.7852116816818997
111656,2026-09-06T07:16:46.636015+00:00,15,1.25837,1.76292,1.9646828773673721,1.8129987951099855,-1.9646828773673721,1.8129987951099855
111657,2026-09-06T07:16:46.658032+00:00,15,1.26637,1.77149,1.9720795567823493,1.8211292962059316,-1.9720795567823493,1.8211292962059316
111658,2026-09-06T07:16:46.681022+00:00,15,1.24251,1.77086,1.951684156685703,1.8208571367769553,-1.951684156685703,1.8208571367769553
111659,2026-09-06T07:16:46.709043+00:00,15,1.24529,1.7266,1.9513326491807432,1.7783439118085016,-1.9513326491807432,1.7783439118085016
111660,2026-09-06T07:16:46.731036+00:00,15,1.22142,1.74204,1.932284871034051,1.7936742826197267,-1.932284871034051,1.7936742826197267
111661,2026-09-06T07:16:46.753062+00:00,15,1.22817,1.73298,1.9372749495760986,1.7847806043672783,-1.9372749495760986,1.7847806043672783
111662,2026-09-06T07:16:46.776038+00:00,15,1.21556,1.7319,1.9265442821724952,1.7839708511032937,-1.9265442821724952,1.7839708511032937
111663,2026-09-06T07:16:46.798043+00:00,15,1.22192,1.73514,1.9324054604192158,1.7871021113140577,-1.9324054604192158,1.7871021113140577
111664,2026-09-06T07:16:46.820054+00:00,15,1.21646,1.74113,1.9278577084286825,1.7928101958872997,-1.9278577084286825,1.7928101958872997
111665,2026-09-06T07:16:46.842045+00:00,15,1.23109,1.75291,1.941135134959682,1.8039469822483256,-1.941135134959682,1.8039469822483256
111666,2026-09-06T07:16:46.865029+00:00,15,1.22309,1.71789,1.932282639489399,1.7705020059711336,-1.932282639489399,1.7705020059711336
111667,2026-09-06T07:16:46.906053+00:00,15,1.22412,1.70913,1.9324223937486198,1.7619823547278695,-1.9324223937486198,1.7619823547278695
111668,2026-09-06T07:16:46.929074+00:00,15,1.22818,1.72115,1.9364339526738015,1.7733702950040864,-1.9364339526738015,1.7733702950040864
111669,2026-09-06T07:16:46.951053+00:00,15,1.22257,1.76101,1.9346057564910777,1.8119459840658416,-1.9346057564910777,1.8119459840658416
111670,2026-09-06T07:16:46.973097+00:00,15,1.22854,1.75907,1.9395298425628724,1.8099754649408153,-1.9395298425628724,1.8099754649408153
111671,2026-09-06T07:16:46.995055+00:00,15,1.26936,1.76136,1.9737350204113555,1.8112357027132087,-1.9737350204113555,1.8112357027132087
111672,2026-09-06T07:16:47.018032+00:00,15,1.25003,1.76444,1.9576204981004381,1.8145506796684154,-1.9576204981004381,1.8145506796684154
111673,2026-09-06T07:16:47.046056+00:00,15,1.21948,1.72269,1.9293450862699737,1.7750842343393936,-1.9293450862699737,1.7750842343393936
111674,2026-09-06T07:16:47.068031+00:00,15,1.22661,1.73141,1.9360301143117928,1.783384596962037,-1.9360301143117928,1.783384596962037
111675,2026-09-06T07:16:47.090031+00:00,15,1.23243,1.72703,1.9404749508622074,1.7789784886769888,-1.9404749508622074,1.7789784886769888
111676,2026-09-06T07:16:47.113048+00:00,15,1.23023,1.73061,1.9388544320530139,1.7824653789154834,-1.9388544320530139,1.7824653789154834
111677,2026-09-06T07:16:47.135038+00:00,15,1.22309,1.73684,1.9334453238041283,1.7886851450553714,-1.9334453238041283,1.7886851450553714
111678,2026-09-06T07:16:47.157058+00:00,15,1.21834,1.72969,1.929054756353391,1.781933424138834,-1.929054756353391,1.781933424138834
111679,2026-09-06T07:16:47.179035+00:00,15,1.20513,1.75567,1.9195501211298813,1.8071348511254337,-1.9195501211298813,1.8071348511254337
111680,2026-09-06T07:16:47.202032+00:00,15,1.2231,1.73825,1.9333129956901391,1.7899312997093664,-1.9333129956901391,1.7899312997093664
111681,2026-09-06T07:16:47.224046+00:00,15,1.23698,1.72805,1.9446586698947603,1.7800062188122157,-1.9446586698947603,1.7800062188122157
111682,2026-09-06T07:16:47.246046+00:00,15,1.22368,1.7183,1.9325447506615592,1.7707649437644517,-1.9325447506615592,1.7707649437644517
111683,2026-09-06T07:16:47.278036+00:00,15,1.21828,1.73534,1.9292179254583426,1.7872945437301144,-1.9292179254583426,1.7872945437301144
111684,2026-09-06T07:16:47.295091+00:00,15,1.25707,1.76606,1.9633868948414677,1.8158497181499416,-1.9633868948414677,1.8158497181499416
111685,2026-09-06T07:16:47.317037+00:00,15,1.24003,1.74072,1.947913156888734,1.7920674030110426,-1.947913156888734,1.7920674030110426
111686,2026-09-06T07:16:47.340052+00:00,15,1.23511,1.76443,1.9453003649993508,1.8149543740931353,-1.9453003649993508,1.8149543740931353
111687,2026-09-06T07:16:47.362048+00:00,15,1.26168,1.77233,1.968171707637946,1.8220230602301535,-1.968171707637946,1.8220230602301535
111688,2026-09-06T07:16:47.414053+00:00,15,1.23146,1.74928,1.9411850583746346,1.8004238257396017,-1.9411850583746346,1.8004238257396017
111689,2026-09-06T07:16:47.436044+00:00,15,1.19149,1.75707,1.9078423759285812,1.8085979805915693,-1.9078423759285812,1.8085979805915693
111690,2026-09-06T07:16:47.459043+00:00,15,1.20742,1.75765,1.9212634047194992,1.8088448386577214,-1.9212634047194992,1.8088448386577214
111691,2026-09-06T07:16:47.481062+00:00,15,1.21392,1.73676,1.92570809349952,1.788777375523696,-1.92570809349952,1.788777375523696
111692,2026-09-06T07:16:47.503075+00:00,15,1.18351,1.74541,1.900573380251248,1.7976461779443147,-1.900573380251248,1.7976461779443147
111693,2026-09-06T07:16:47.525046+00:00,15,1.2276,1.75215,1.9381346295498665,1.8032654976257616,-1.9381346295498665,1.8032654976257616
111694,2026-09-06T07:16:47.548050+00:00,15,1.23095,1.73127,1.9395673738247852,1.7831153222004827,-1.9395673738247852,1.7831153222004827
111695,2026-09-06T07:16:47.570062+00:00,15,1.22501,1.76516,1.9366609939561523,1.8157559847306608,-1.9366609939561523,1.8157559847306608
111696,2026-09-06T07:16:47.592056+00:00,15,1.21934,1.73941,1.9301899735581003,1.791103390333797,-1.9301899735581003,1.791103390333797
111697,2026-09-06T07:16:47.614064+00:00,15,1.21157,1.7763,1.926173004828776,1.8267812784927817,-1.926173004828776,1.8267812784927817
111698,2026-09-06T07:16:47.637049+00:00,15,1.2436,1.76736,1.9523030080401238,1.8174418361641755,-1.9523030080401238,1.8174418361641755
111699,2026-09-06T07:16:47.659078+00:00,15,1.21954,1.76611,1.931966668569272,1.816714373623292,-1.931966668569272,1.816714373623292
111700,2026-09-06T07:16:47.681047+00:00,15,1.21677,1.77295,1.930295862176804,1.8234392509364814,-1.930295862176804,1.8234392509364814
111701,2026-09-06T07:16:47.703063+00:00,15,1.23535,1.78574,1.946584684255382,1.8352839960324727,-1.946584684255382,1.8352839960324727
111702,2026-09-06T07:16:47.731089+00:00,15,1.22522,1.74948,1.9360111425736257,1.8007772875691155,-1.9360111425736257,1.8007772875691155
111703,2026-09-06T07:16:47.753064+00:00,15,1.2223,1.74148,1.9328995816445156,1.7930724635241742,-1.9328995816445156,1.7930724635241742
111704,2026-09-06T07:16:47.785086+00:00,15,1.21369,1.75073,1.9264892745049675,1.8022452537608884,-1.9264892745049675,1.8022452537608884
111705,2026-09-06T07:16:47.802039+00:00,15,1.21821,1.74148,1.9293661594045621,1.79312125060074,-1.9293661594045621,1.79312125060074
111706,2026-09-06T07:16:47.824031+00:00,15,1.19723,1.75356,1.9125567284925447,1.8051659721511781,-1.9125567284925447,1.8051659721511781
111707,2026-09-06T07:16:47.847075+00:00,15,1.2048,1.74063,1.9181423453741229,1.792607722412206,-1.9181423453741229,1.792607722412206
111708,2026-09-06T07:16:47.869071+00:00,15,1.22902,1.74829,1.9390778784858949,1.7995249150170742,-1.9390778784858949,1.7995249150170742
111709,2026-09-06T07:16:47.891058+00:00,15,1.22428,1.73742,1.9343398076374902,1.7891568753033726,-1.9343398076374902,1.7891568753033726
111710,2026-09-06T07:16:47.930081+00:00,15,1.20697,1.73452,1.9196096341720057,1.786709070453171,-1.9196096341720057,1.786709070453171
111711,2026-09-06T07:16:47.953061+00:00,15,1.22923,1.74274,1.9388013139037228,1.794146207336377,-1.9388013139037228,1.794146207336377
111712,2026-09-06T07:16:47.975085+00:00,15,1.21892,1.76273,1.9314583545940514,1.813588100038879,-1.9314583545940514,1.813588100038879
111713,2026-09-06T07:16:47.997042+00:00,15,1.24505,1.78514,1.9549314809218,1.8346250608275856,-1.9549314809218,1.8346250608275856
111714,2026-09-06T07:16:48.019089+00:00,15,1.24757,1.76909,1.955936419344697,1.8191201060316795,-1.955936419344697,1.8191201060316795
111715,2026-09-06T07:16:48.042059+00:00,15,1.25151,1.74802,1.9576506049647735,1.7986724104784981,-1.9576506049647735,1.7986724104784981
111716,2026-09-06T07:16:48.070060+00:00,15,1.19689,1.75792,1.9125784651092674,1.809368768322648,-1.9125784651092674,1.809368768322648
111717,2026-09-06T07:16:48.092058+00:00,15,1.22549,1.73677,1.9354180468308244,1.7885566196809037,-1.9354180468308244,1.7885566196809037
111718,2026-09-06T07:16:48.114061+00:00,15,1.22886,1.74761,1.9388410548678514,1.7988523021598701,-1.9388410548678514,1.7988523021598701
111719,2026-09-06T07:16:48.137053+00:00,15,1.23196,1.75058,1.9417174638424242,1.8016762338736971,-1.9417174638424242,1.8016762338736971
111720,2026-09-06T07:16:48.159064+00:00,15,1.21903,1.73949,1.9299238539503671,1.791182299143019,-1.9299238539503671,1.791182299143019
111721,2026-09-06T07:16:48.181075+00:00,15,1.22129,1.75102,1.932731082830269,1.8023037400062325,-1.932731082830269,1.8023037400062325
111722,2026-09-06T07:16:48.203072+00:00,15,1.21148,1.74903,1.9242943952500107,1.8005448506979962,-1.9242943952500107,1.8005448506979962
111723,2026-09-06T07:16:48.226061+00:00,15,1.22529,1.74821,1.9357365664327666,1.7994308978758733,-1.9357365664327666,1.7994308978758733
111724,2026-09-06T07:16:48.248069+00:00,15,1.20195,1.76365,1.9171290222227921,1.8147486662227945,-1.9171290222227921,1.8147486662227945
111725,2026-09-06T07:16:48.270067+00:00,15,1.23133,1.76852,1.9422908733235502,1.8189083482348882,-1.9422908733235502,1.8189083482348882
111726,2026-09-06T07:16:48.293092+00:00,15,1.22216,1.75341,1.933656974549324,1.804593771180531,-1.933656974549324,1.804593771180531
111727,2026-09-06T07:16:48.315099+00:00,15,1.2278,1.76287,1.9389803926788816,1.8135706414864852,-1.9389803926788816,1.8135706414864852
111728,2026-09-06T07:16:48.337054+00:00,15,1.2339,1.74965,1.9433978882986964,1.800797950331344,-1.9433978882986964,1.800797950331344
111729,2026-09-06T07:16:48.359073+00:00,15,1.23534,1.75832,1.9448003571824772,1.8089347445207815,-1.9448003571824772,1.8089347445207815
111730,2026-09-06T07:16:48.381082+00:00,15,1.23732,1.75488,1.9466626257512725,1.8057784953013898,-1.9466626257512725,1.8057784953013898
111731,2026-09-06T07:16:48.432067+00:00,15,1.2159,1.74789,1.9280213560262582,1.79940301172793,-1.9280213560262582,1.79940301172793
111732,2026-09-06T07:16:48.454081+00:00,15,1.22024,1.75064,1.9316424050830945,1.8018611070942432,-1.9316424050830945,1.8018611070942432
111733,2026-09-06T07:16:48.476068+00:00,15,1.19591,1.75585,1.9115927820575656,1.8073917732097475,-1.9115927820575656,1.8073917732097475
111734,2026-09-06T07:16:48.498130+00:00,15,1.23167,1.73903,1.940718428257728,1.7905809370321597,-1.940718428257728,1.7905809370321597
111735,2026-09-06T07:16:48.521083+00:00,15,1.21435,1.7572,1.9272933308595261,1.8083695016218226,-1.9272933308595261,1.8083695016218226
111736,2026-09-06T07:16:48.543076+00:00,15,1.21229,1.74858,1.9248056320879432,1.8000325568498248,-1.9248056320879432,1.8000325568498248
111737,2026-09-06T07:16:48.565076+00:00,15,1.22902,1.7443,1.9388451968907743,1.795708816750379,-1.9388451968907743,1.795708816750379
111738,2026-09-06T07:16:48.587068+00:00,15,1.2098,1.73604,1.922094427419967,1.7881203494347349,-1.922094427419967,1.7881203494347349
111739,2026-09-06T07:16:48.609089+00:00,15,1.22661,1.7467,1.9370803031076516,1.7981105956815622,-1.9370803031076516,1.7981105956815622
111740,2026-09-06T07:16:48.632090+00:00,15,1.23252,1.74308,1.9416643012516133,1.7944362444464592,-1.9416643012516133,1.7944362444464592
111741,2026-09-06T07:16:48.654074+00:00,15,1.2112,1.76923,1.9253590776883303,1.8199729851997393,-1.9253590776883303,1.8199729851997393
111742,2026-09-06T07:16:48.676081+00:00,15,1.23664,1.75122,1.9456471240480995,1.8021833040331339,-1.9456471240480995,1.8021833040331339
111743,2026-09-06T07:16:48.698075+00:00,15,1.22763,1.77433,1.939511557526176,1.8245492488554225,-1.939511557526176,1.8245492488554225
111744,2026-09-06T07:16:48.721083+00:00,15,1.21731,1.76742,1.9305826153729482,1.8181988036126102,-1.9305826153729482,1.8181988036126102
111745,2026-09-06T07:16:48.749074+00:00,15,1.21976,1.76127,1.9319796121051638,1.8121246970237206,-1.9319796121051638,1.8121246970237206
111746,2026-09-06T07:16:48.771073+00:00,15,1.21952,1.75278,1.931051916331502,1.8038896078450828,-1.931051916331502,1.8038896078450828
111747,2026-09-06T07:16:48.793097+00:00,15,1.2131,1.75157,1.925926572966852,1.8030078626871857,-1.925926572966852,1.8030078626871857
111748,2026-09-06T07:16:48.816086+00:00,15,1.21129,1.74785,1.9239032756346794,1.7993409179126763,-1.9239032756346794,1.7993409179126763
111749,2026-09-06T07:16:48.838086+00:00,15,1.22182,1.74412,1.9327833836422843,1.7956797999982277,-1.9327833836422843,1.7956797999982277
111750,2026-09-06T07:16:48.860086+00:00,15,1.21247,1.74971,1.9251099640916574,1.8011559810901212,-1.9251099640916574,1.8011559810901212
111751,2026-09-06T07:16:48.882090+00:00,15,1.24175,1.74208,1.9495316815069352,1.7933842754936096,-1.9495316815069352,1.7933842754936096
111752,2026-09-06T07:16:48.905095+00:00,15,1.23418,1.75588,1.9440492657656974,1.806789082584135,-1.9440492657656974,1.806789082584135
111753,2026-09-06T07:16:48.943062+00:00,15,1.23177,1.74032,1.940866833131867,1.7918118203367555,-1.940866833131867,1.7918118203367555
111754,2026-09-06T07:16:48.965079+00:00,15,1.23012,1.74733,1.9400650150122871,1.7986505628156824,-1.9400650150122871,1.7986505628156824
111755,2026-09-06T07:16:48.987094+00:00,15,1.22648,1.75803,1.937746179845006,1.8090218352578855,-1.937746179845006,1.8090218352578855
111756,2026-09-06T07:16:49.009102+00:00,15,1.25603,1.77298,1.9632352775087143,1.8226575350015493,-1.9632352775087143,1.8226575350015493
111757,2026-09-06T07:16:49.032126+00:00,15,1.26897,1.77739,1.9742236686862766,1.8265499135527181,-1.9742236686862766,1.8265499135527181
111758,2026-09-06T07:16:49.054101+00:00,15,1.24244,1.76343,1.9511568772496157,1.8137260894696623,-1.9511568772496157,1.8137260894696623
111759,2026-09-06T07:16:49.082090+00:00,15,1.21123,1.76236,1.924984785345291,1.813385913815039,-1.924984785345291,1.813385913815039
111760,2026-09-06T07:16:49.104099+00:00,15,1.22752,1.72794,1.9364696136738466,1.7799859217791716,-1.9364696136738466,1.7799859217791716
111761,2026-09-06T07:16:49.126104+00:00,15,1.2258,1.73593,1.9357586013410049,1.7877992210109206,-1.9357586013410049,1.7877992210109206
111762,2026-09-06T07:16:49.149068+00:00,15,1.22748,1.73852,1.9372301197517592,1.7902084891243946,-1.9372301197517592,1.7902084891243946
111763,2026-09-06T07:16:49.171103+00:00,15,1.23932,1.71857,1.9458007881200161,1.7707497963559413,-1.9458007881200161,1.7707497963559413
111764,2026-09-06T07:16:49.193128+00:00,15,1.22076,1.73944,1.9318177041802111,1.7913119470423744,-1.9318177041802111,1.7913119470423744
111765,2026-09-06T07:16:49.215094+00:00,15,1.24141,1.74019,1.9489565240890285,1.791487389870907,-1.9489565240890285,1.791487389870907
111766,2026-09-06T07:16:49.238128+00:00,15,1.21862,1.72561,1.9289349081725273,1.7779621167112971,-1.9289349081725273,1.7779621167112971
111767,2026-09-06T07:16:49.260091+00:00,15,1.22571,1.73687,1.935709222673282,1.7886915585157657,-1.935709222673282,1.7886915585157657
111768,2026-09-06T07:16:49.282104+00:00,15,1.20644,1.76454,1.921119430766016,1.8155880126655952,-1.921119430766016,1.8155880126655952
111769,2026-09-06T07:16:49.305103+00:00,15,1.23051,1.74516,1.9402030895058284,1.7965259975208248,-1.9402030895058284,1.7965259975208248
111770,2026-09-06T07:16:49.327085+00:00,15,1.22208,1.7686,1.9344019391875016,1.8191163336618896,-1.9344019391875016,1.8191163336618896
111771,2026-09-06T07:16:49.349071+00:00,15,1.25518,1.76602,1.9621163840518978,1.816002641688977,-1.9621163840518978,1.816002641688977
111772,2026-09-06T07:16:49.371098+00:00,15,1.25705,1.77205,1.9639861527120852,1.821718524943418,-1.9639861527120852,1.821718524943418
111773,2026-09-06T07:16:49.393108+00:00,15,1.26042,1.78217,1.9675298587023402,1.8314009548002774,-1.9675298587023402,1.8314009548002774
111774,2026-09-06T07:16:49.421100+00:00,15,1.23618,1.73156,1.9442378963091131,1.7834071497379471,-1.9442378963091131,1.7834071497379471
111775,2026-09-06T07:16:49.462073+00:00,15,1.228,1.74814,1.9381093166577559,1.7993597146047744,-1.9381093166577559,1.7993597146047744
111776,2026-09-06T07:16:49.484079+00:00,15,1.23038,1.75313,1.9403731997545317,1.804068309634184,-1.9403731997545317,1.804068309634184
111777,2026-09-06T07:16:49.507106+00:00,15,1.23754,1.74826,1.9462009090986054,1.7993096503344161,-1.9462009090986054,1.7993096503344161
111778,2026-09-06T07:16:49.529121+00:00,15,1.21077,1.75316,1.924001941114086,1.8045579228355573,-1.924001941114086,1.8045579228355573
111779,2026-09-06T07:16:49.551099+00:00,15,1.22251,1.75402,1.934037854024466,1.805198672578248,-1.934037854024466,1.805198672578248
111780,2026-09-06T07:16:49.573116+00:00,15,1.21352,1.74947,1.9258365063890721,1.8008340143018309,-1.9258365063890721,1.8008340143018309
111781,2026-09-06T07:16:49.596074+00:00,15,1.20671,1.74648,1.9201278956690857,1.7981930306829879,-1.9201278956690857,1.7981930306829879
111782,2026-09-06T07:16:49.618100+00:00,15,1.20557,1.75184,1.9196217574834273,1.8034266703117332,-1.9196217574834273,1.8034266703117332
111783,2026-09-06T07:16:49.640111+00:00,15,1.22362,1.74543,1.9343224132076773,1.7968802388629341,-1.9343224132076773,1.7968802388629341
111784,2026-09-06T07:16:49.662106+00:00,15,1.21515,1.76456,1.9285805310981716,1.815492648125755,-1.9285805310981716,1.815492648125755
111785,2026-09-06T07:16:49.685098+00:00,15,1.24655,1.78023,1.955741933424482,1.8298260943118227,-1.955741933424482,1.8298260943118227
111786,2026-09-06T07:16:49.707215+00:00,15,1.26872,1.78053,1.9742821125367258,1.8296079747305778,-1.9742821125367258,1.8296079747305778
111787,2026-09-06T07:16:49.729093+00:00,15,1.2279,1.77282,1.9396742987812197,1.8231063936751557,-1.9396742987812197,1.8231063936751557
111788,2026-09-06T07:16:49.757128+00:00,15,1.22243,1.75494,1.9336034643113515,1.8058848208118974,-1.9336034643113515,1.8058848208118974
111789,2026-09-06T07:16:49.779077+00:00,15,1.22835,1.75135,1.9386294581540862,1.8024427161827359,-1.9386294581540862,1.8024427161827359
111790,2026-09-06T07:16:49.801126+00:00,15,1.20746,1.74164,1.9204350792723344,1.7935246865685355,-1.9204350792723344,1.7935246865685355
111791,2026-09-06T07:16:49.824110+00:00,15,1.19834,1.75309,1.9134527230348521,1.804683308814819,-1.9134527230348521,1.804683308814819
111792,2026-09-06T07:16:49.846086+00:00,15,1.21737,1.75624,1.929954515449144,1.8074767155901277,-1.929954515449144,1.8074767155901277
111793,2026-09-06T07:16:49.868123+00:00,15,1.23995,1.75907,1.9488096843228333,1.8096058622141669,-1.9488096843228333,1.8096058622141669
111794,2026-09-06T07:16:49.890117+00:00,15,1.24084,1.74246,1.9487302297192137,1.7937269957420152,-1.9487302297192137,1.7937269957420152
111795,2026-09-06T07:16:49.913075+00:00,15,1.20686,1.74447,1.9201794849907663,1.7962910665921275,-1.9201794849907663,1.7962910665921275
111796,2026-09-06T07:16:49.935104+00:00,15,1.22639,1.74734,1.9368110211298935,1.798667217320889,-1.9368110211298935,1.798667217320889
111797,2026-09-06T07:16:49.974101+00:00,15,1.22138,1.73244,1.9315459363331797,1.7844013082640666,-1.9315459363331797,1.7844013082640666
111798,2026-09-06T07:16:49.997120+00:00,15,1.2225,1.73171,1.9326255710643376,1.7837701892071585,-1.9326255710643376,1.7837701892071585
111799,2026-09-06T07:16:50.019088+00:00,15,1.23217,1.7623,1.9426089669358078,1.8129256384268055,-1.9426089669358078,1.8129256384268055
111800,2026-09-06T07:16:50.041104+00:00,15,1.24823,1.75819,1.9558610596753592,1.8086661411455884,-1.9558610596753592,1.8086661411455884
111801,2026-09-06T07:16:50.063070+00:00,15,1.22594,1.77921,1.9382013786730188,1.829173721841862,-1.9382013786730188,1.829173721841862
111802,2026-09-06T07:16:50.086078+00:00,15,1.26854,1.77503,1.9735964661903536,1.8242324099775866,-1.9735964661903536,1.8242324099775866
111803,2026-09-06T07:16:50.114128+00:00,15,1.21523,1.76778,1.928547790760221,1.8184461118266682,-1.928547790760221,1.8184461118266682
111804,2026-09-06T07:16:50.136113+00:00,15,1.22682,1.74461,1.9368190630044206,1.795960447196735,-1.9368190630044206,1.795960447196735
111805,2026-09-06T07:16:50.158083+00:00,15,1.22327,1.7424,1.933839841401726,1.7939674256740257,-1.933839841401726,1.7939674256740257
111806,2026-09-06T07:16:50.181080+00:00,15,1.22822,1.75119,1.9385150932410922,1.8022932221723054,-1.9385150932410922,1.8022932221723054
111807,2026-09-06T07:16:50.203075+00:00,15,1.20251,1.72674,1.9153341338755707,1.779313582910605,-1.9153341338755707,1.779313582910605
111808,2026-09-06T07:16:50.225132+00:00,15,1.24444,1.745,1.9518966223337852,1.7960920360210775,-1.9518966223337852,1.7960920360210775
111809,2026-09-06T07:16:50.247118+00:00,15,1.21419,1.73001,1.9252640284588882,1.7821796407698545,-1.9252640284588882,1.7821796407698545
111810,2026-09-06T07:16:50.270123+00:00,15,1.21745,1.73846,1.928792386132757,1.7903465986498022,-1.928792386132757,1.7903465986498022
111811,2026-09-06T07:16:50.292101+00:00,15,1.21766,1.72564,1.9278797476941945,1.7779059223148808,-1.9278797476941945,1.7779059223148808
111812,2026-09-06T07:16:50.314110+00:00,15,1.19985,1.74268,1.914140693821043,1.7946991576557005,-1.914140693821043,1.7946991576557005
111813,2026-09-06T07:16:50.337118+00:00,15,1.23922,1.75251,1.9478089580175295,1.8033268595175505,-1.9478089580175295,1.8033268595175505
111814,2026-09-06T07:16:50.359124+00:00,15,1.2181,1.73553,1.9288686025646549,1.7873857169551104,-1.9288686025646549,1.7873857169551104
111815,2026-09-06T07:16:50.381114+00:00,15,1.21971,1.7691,1.9324764490816444,1.819659241525228,-1.9324764490816444,1.819659241525228
111816,2026-09-06T07:16:50.403120+00:00,15,1.23229,1.75745,1.9420680042514011,1.8080998962570678,-1.9420680042514011,1.8080998962570678
111817,2026-09-06T07:16:50.425116+00:00,15,1.24629,1.76344,1.9543885619409997,1.8136641104781055,-1.9543885619409997,1.8136641104781055
111818,2026-09-06T07:16:50.475136+00:00,15,1.21192,1.73585,1.923642105493679,1.7877888737708258,-1.923642105493679,1.7877888737708258
111819,2026-09-06T07:16:50.497099+00:00,15,1.21313,1.77718,1.9274402733556315,1.827549978793675,-1.9274402733556315,1.827549978793675
111820,2026-09-06T07:16:50.520087+00:00,15,1.20952,1.75034,1.9226502147969342,1.801814645201787,-1.9226502147969342,1.801814645201787
111821,2026-09-06T07:16:50.542096+00:00,15,1.21591,1.7473,1.927682755731549,1.7986891136087764,-1.927682755731549,1.7986891136087764
111822,2026-09-06T07:16:50.564180+00:00,15,1.22441,1.73945,1.9344649028717258,1.7910461411570506,-1.9344649028717258,1.7910461411570506
111823,2026-09-06T07:16:50.586125+00:00,15,1.21792,1.73297,1.9285006201903425,1.7849127096031938,-1.9285006201903425,1.7849127096031938
111824,2026-09-06T07:16:50.609131+00:00,15,1.23378,1.74423,1.942663462346352,1.7954623845811881,-1.942663462346352,1.7954623845811881
111825,2026-09-06T07:16:50.631157+00:00,15,1.21946,1.74929,1.9307698559861035,1.8005221219081444,-1.9307698559861035,1.8005221219081444
111826,2026-09-06T07:16:50.653129+00:00,15,1.22122,1.7292,1.931319225739855,1.7813513401850996,-1.931319225739855,1.7813513401850996
111827,2026-09-06T07:16:50.676158+00:00,15,1.21489,1.74565,1.9271309000516015,1.7973270617033947,-1.9271309000516015,1.7973270617033947
111828,2026-09-06T07:16:50.698129+00:00,15,1.21373,1.74819,1.9261221512389832,1.7996905568607908,-1.9261221512389832,1.7996905568607908
111829,2026-09-06T07:16:50.720121+00:00,15,1.24232,1.75773,1.9507636814296676,1.8082928592333274,-1.9507636814296676,1.8082928592333274
111830,2026-09-06T07:16:50.742123+00:00,15,1.23548,1.74388,1.9438647610394284,1.7949920009268643,-1.9438647610394284,1.7949920009268643
111831,2026-09-06T07:16:50.764146+00:00,15,1.2521,1.7629,1.959243622987182,1.8130283601607708,-1.959243622987182,1.8130283601607708
111832,2026-09-06T07:16:50.792120+00:00,15,1.23399,1.73909,1.9426427120207568,1.7905722904359118,-1.9426427120207568,1.7905722904359118
111833,2026-09-06T07:16:50.814101+00:00,15,1.22129,1.7252,1.9310763912629312,1.7774871438911883,-1.9310763912629312,1.7774871438911883
111834,2026-09-06T07:16:50.836126+00:00,15,1.20683,1.75795,1.9208766850025512,1.8091725949535589,-1.9208766850025512,1.8091725949535589
111835,2026-09-06T07:16:50.859154+00:00,15,1.21209,1.73818,1.924226183518051,1.7901649213013942,-1.924226183518051,1.7901649213013942
111836,2026-09-06T07:16:50.881104+00:00,15,1.22743,1.75214,1.9379800273916568,1.8032603609092202,-1.9379800273916568,1.8032603609092202
111837,2026-09-06T07:16:50.903140+00:00,15,1.20274,1.75606,1.9173494148191697,1.8074628841689964,-1.9173494148191697,1.8074628841689964
111838,2026-09-06T07:16:50.925105+00:00,15,1.21419,1.75948,1.9273081900082896,1.8105674197525152,-1.9273081900082896,1.8105674197525152
111839,2026-09-06T07:16:50.948126+00:00,15,1.22434,1.75288,1.935383826663423,1.804010486196794,-1.935383826663423,1.804010486196794
111840,2026-09-06T07:16:50.987140+00:00,15,1.1911,1.7567,1.9075930552020437,1.8082939550310078,-1.9075930552020437,1.8082939550310078
111841,2026-09-06T07:16:51.010151+00:00,15,1.20994,1.74621,1.9228197785938612,1.7978643277751596,-1.9228197785938612,1.7978643277751596
111842,2026-09-06T07:16:51.042115+00:00,15,1.21974,1.75872,1.9316776919533347,1.8096162197975143,-1.9316776919533347,1.8096162197975143
111843,2026-09-06T07:16:51.059109+00:00,15,1.24146,1.78404,1.9515341103639374,1.8334934825210847,-1.9515341103639374,1.8334934825210847
111844,2026-09-06T07:16:51.081132+00:00,15,1.23269,1.77209,1.9436694361923097,1.8223143184130346,-1.9436694361923097,1.8223143184130346
111845,2026-09-06T07:16:51.103135+00:00,15,1.23502,1.75964,1.944611602983987,1.8102097129188905,-1.944611602983987,1.8102097129188905
111846,2026-09-06T07:16:51.131172+00:00,15,1.22404,1.74037,1.9343114679791695,1.7919791857904181,-1.9343114679791695,1.7919791857904181
111847,2026-09-06T07:16:51.153103+00:00,15,1.23393,1.74182,1.9428765222599051,1.7932552639232722,-1.9428765222599051,1.7932552639232722
111848,2026-09-06T07:16:51.185110+00:00,15,1.22069,1.73556,1.9313317588640808,1.7874904094982405,-1.9313317588640808,1.7874904094982405
111849,2026-09-06T07:16:51.202112+00:00,15,1.21609,1.74066,1.927760170857076,1.7924728815147084,-1.927760170857076,1.7924728815147084
111850,2026-09-06T07:16:51.224167+00:00,15,1.23706,1.72712,1.9444236043355034,1.7790034038383191,-1.9444236043355034,1.7790034038383191
111851,2026-09-06T07:16:51.247124+00:00,15,1.24545,1.7454,1.952782395765833,1.7964585732383969,-1.952782395765833,1.7964585732383969
111852,2026-09-06T07:16:51.269136+00:00,15,1.23173,1.74598,1.9410470101158614,1.7971830943758078,-1.9410470101158614,1.7971830943758078
111853,2026-09-06T07:16:51.291157+00:00,15,1.24844,1.75618,1.9557315262697224,1.806634651353293,-1.9557315262697224,1.806634651353293
111854,2026-09-06T07:16:51.313112+00:00,15,1.20885,1.76177,1.9229332459143762,1.8128655559441373,-1.9229332459143762,1.8128655559441373
111855,2026-09-06T07:16:51.336114+00:00,15,1.20232,1.75775,1.9172560584493936,1.8091646561105557,-1.9172560584493936,1.8091646561105557
111856,2026-09-06T07:16:51.358120+00:00,15,1.22361,1.72963,1.93330574222519,1.7816896199848908,-1.93330574222519,1.7816896199848908
111857,2026-09-06T07:16:51.380116+00:00,15,1.2575,1.77604,1.9644800861715306,1.825470577806481,-1.9644800861715306,1.825470577806481
111858,2026-09-06T07:16:51.402154+00:00,15,1.23304,1.77578,1.9440536287641585,1.8257818811384265,-1.9440536287641585,1.8257818811384265
111859,2026-09-06T07:16:51.425116+00:00,15,1.23292,1.76229,1.9431720534119645,1.812869833799567,-1.9431720534119645,1.812869833799567
111860,2026-09-06T07:16:51.447174+00:00,15,1.2566,1.77585,1.9636570766579524,1.8252835462856576,-1.9636570766579524,1.8252835462856576
111861,2026-09-06T07:16:51.497258+00:00,15,1.21806,1.74041,1.9295447636914325,1.792263429995341,-1.9295447636914325,1.792263429995341
111862,2026-09-06T07:16:51.519137+00:00,15,1.22026,1.74274,1.9312245037497828,1.7943057499344657,-1.9312245037497828,1.7943057499344657
111863,2026-09-06T07:16:51.542132+00:00,15,1.20826,1.73967,1.921074503925896,1.7916625916912547,-1.921074503925896,1.7916625916912547
111864,2026-09-06T07:16:51.564122+00:00,15,1.22747,1.75435,1.9381881247816903,1.8053987953697164,-1.9381881247816903,1.8053987953697164
111865,2026-09-06T07:16:51.586144+00:00,15,1.20831,1.74533,1.9212850859612536,1.797005400880063,-1.9212850859612536,1.797005400880063
111866,2026-09-06T07:16:51.608153+00:00,15,1.21922,1.76125,1.931680750230294,1.8121885354824554,-1.931680750230294,1.8121885354824554
111867,2026-09-06T07:16:51.631123+00:00,15,1.22249,1.74736,1.9335304709048946,1.7987650836383573,-1.9335304709048946,1.7987650836383573
111868,2026-09-06T07:16:51.653125+00:00,15,1.22909,1.73652,1.938516127805294,1.788278594984807,-1.938516127805294,1.788278594984807
111869,2026-09-06T07:16:51.675143+00:00,15,1.21998,1.74352,1.9312874881122322,1.7951689993445539,-1.9312874881122322,1.7951689993445539
111870,2026-09-06T07:16:51.698165+00:00,15,1.22486,1.73597,1.934750812006266,1.7877457448308107,-1.934750812006266,1.7877457448308107
111871,2026-09-06T07:16:51.720118+00:00,15,1.20806,1.75271,1.9218274318351258,1.8042340073733278,-1.9218274318351258,1.8042340073733278
111872,2026-09-06T07:16:51.742234+00:00,15,1.2467,1.77409,1.9553798118878303,1.823873318158603,-1.9553798118878303,1.823873318158603
111873,2026-09-06T07:16:51.764147+00:00,15,1.25088,1.77445,1.958836554449665,1.8240946813924923,-1.958836554449665,1.8240946813924923
111874,2026-09-06T07:16:51.786121+00:00,15,1.2301,1.76747,1.9411844207086768,1.8179204576648669,-1.9411844207086768,1.8179204576648669
111875,2026-09-06T07:16:51.814160+00:00,15,1.21746,1.74757,1.9292030697322518,1.7990178778978527,-1.9292030697322518,1.7990178778978527
111876,2026-09-06T07:16:51.836115+00:00,15,1.23311,1.73808,1.9418521708063898,1.7896316978033036,-1.9418521708063898,1.7896316978033036
111877,2026-09-06T07:16:51.858133+00:00,15,1.20024,1.74463,1.9144601839361388,1.7965062247974128,-1.9144601839361388,1.7965062247974128
111878,2026-09-06T07:16:51.881125+00:00,15,1.20309,1.74644,1.9170904323091715,1.7982385417197624,-1.9170904323091715,1.7982385417197624
111879,2026-09-06T07:16:51.903154+00:00,15,1.23498,1.74587,1.9440200784099981,1.7971261396519345,-1.9440200784099981,1.7971261396519345
111880,2026-09-06T07:16:51.925154+00:00,15,1.22585,1.75881,1.9370700702601875,1.8096881073351279,-1.9370700702601875,1.8096881073351279
111881,2026-09-06T07:16:51.947139+00:00,15,1.21797,1.75741,1.930187331933523,1.8084256253716933,-1.930187331933523,1.8084256253716933
111882,2026-09-06T07:16:51.970145+00:00,15,1.22058,1.72587,1.9304884535231588,1.7781208802401838,-1.9304884535231588,1.7781208802401838
111883,2026-09-06T07:16:52.011154+00:00,15,1.21573,1.73679,1.9270241432430373,1.7886740512579622,-1.9270241432430373,1.7886740512579622
111884,2026-09-06T07:16:52.034172+00:00,15,1.22589,1.73525,1.9353879472401865,1.7869533443441474,-1.9353879472401865,1.7869533443441474
111885,2026-09-06T07:16:52.056154+00:00,15,1.2186,1.75166,1.9306309059027928,1.803025723719222,-1.9306309059027928,1.803025723719222
111886,2026-09-06T07:16:52.078154+00:00,15,1.22032,1.75965,1.9325400433136144,1.810642418745298,-1.9325400433136144,1.810642418745298
111887,2026-09-06T07:16:52.100180+00:00,15,1.21282,1.78107,1.9273907839041466,1.8312776476065054,-1.9273907839041466,1.8312776476065054
111888,2026-09-06T07:16:52.123142+00:00,15,1.22534,1.77084,1.9374571452401146,1.8212856378436075,-1.9374571452401146,1.8212856378436075
111889,2026-09-06T07:16:52.151165+00:00,15,1.22415,1.74843,1.9348697373018902,1.7997040687882735,-1.9348697373018902,1.7997040687882735
111890,2026-09-06T07:16:52.173160+00:00,15,1.22731,1.75047,1.9376642984919512,1.8016013173970984,-1.9376642984919512,1.8016013173970984
111891,2026-09-06T07:16:52.195139+00:00,15,1.22781,1.74716,1.937910805306965,1.7984324855606255,-1.937910805306965,1.7984324855606255
111892,2026-09-06T07:16:52.218130+00:00,15,1.22517,1.73511,1.934837285553496,1.7868625112828767,-1.934837285553496,1.7868625112828767
111893,2026-09-06T07:16:52.240153+00:00,15,1.21173,1.741,1.924205126041921,1.7929262537313575,-1.924205126041921,1.7929262537313575
111894,2026-09-06T07:16:52.262164+00:00,15,1.22582,1.73217,1.9354109906569326,1.7841296910879982,-1.9354109906569326,1.7841296910879982
111895,2026-09-06T07:16:52.294134+00:00,15,1.2133,1.77386,1.9272394731258686,1.8242936038340059,-1.9272394731258686,1.8242936038340059
111896,2026-09-06T07:16:52.311145+00:00,15,1.19947,1.75632,1.914518174992629,1.807731315617401,-1.914518174992629,1.807731315617401
111897,2026-09-06T07:16:52.333130+00:00,15,1.23156,1.74992,1.9412151371493498,1.8009980553313196,-1.9412151371493498,1.8009980553313196
111898,2026-09-06T07:16:52.355131+00:00,15,1.23488,1.73404,1.94282195273473,1.7855939956820879,-1.94282195273473,1.7855939956820879
111899,2026-09-06T07:16:52.378176+00:00,15,1.21699,1.75296,1.9290792518574371,1.8041723416703388,-1.9290792518574371,1.8041723416703388
111900,2026-09-06T07:16:52.400122+00:00,15,1.24034,1.7954,1.951272836538452,1.8444136297832727,-1.951272836538452,1.8444136297832727
111901,2026-09-06T07:16:52.422145+00:00,15,1.23457,1.74355,1.9432824441137944,1.7947938375551105,-1.9432824441137944,1.7947938375551105
111902,2026-09-06T07:16:52.445138+00:00,15,1.23486,1.75407,1.9441402139015633,1.8048594192878227,-1.9441402139015633,1.8048594192878227
111903,2026-09-06T07:16:52.467161+00:00,15,1.25875,1.77442,1.9654660405204691,1.8239088447037948,-1.9654660405204691,1.8239088447037948
111904,2026-09-06T07:16:52.520166+00:00,15,1.22237,1.74312,1.9329633459486788,1.7946020230310258,-1.9329633459486788,1.7946020230310258
111905,2026-09-06T07:16:52.541185+00:00,15,1.22052,1.74088,1.9313600341558665,1.7925318734845652,-1.9313600341558665,1.7925318734845652
111906,2026-09-06T07:16:52.564171+00:00,15,1.21205,1.74973,1.924702163002603,1.8011521076249206,-1.924702163002603,1.8011521076249206
111907,2026-09-06T07:16:52.586145+00:00,15,1.19499,1.75276,1.9106784219387556,1.8044705445019622,-1.9106784219387556,1.8044705445019622
111908,2026-09-06T07:16:52.608164+00:00,15,1.2251,1.74251,1.935359029633458,1.7940270543583337,-1.935359029633458,1.7940270543583337
111909,2026-09-06T07:16:52.631164+00:00,15,1.22077,1.74465,1.9318036314623168,1.7961456899647634,-1.9318036314623168,1.7961456899647634
111910,2026-09-06T07:16:52.653160+00:00,15,1.23857,1.7402,1.946664964024554,1.7916030675000607,-1.946664964024554,1.7916030675000607
111911,2026-09-06T07:16:52.675158+00:00,15,1.22845,1.75545,1.93870457960951,1.806257406271707,-1.93870457960951,1.806257406271707
111912,2026-09-06T07:16:52.697155+00:00,15,1.22047,1.74933,1.9316990733383301,1.800573702496164,-1.9316990733383301,1.800573702496164
111913,2026-09-06T07:16:52.720642+00:00,15,1.20456,1.74992,1.9184862381829233,1.8015244250842444,-1.9184862381829233,1.8015244250842444
111914,2026-09-06T07:16:52.742161+00:00,15,1.23109,1.77602,1.9423656130343168,1.8260279384264628,-1.9423656130343168,1.8260279384264628
111915,2026-09-06T07:16:52.764148+00:00,15,1.22497,1.75587,1.9362236112678017,1.8069271257824155,-1.9362236112678017,1.8069271257824155
111916,2026-09-06T07:16:52.796156+00:00,15,1.24463,1.77673,1.9537004788040768,1.8263985805384988,-1.9537004788040768,1.8263985805384988
111917,2026-09-06T07:16:52.813218+00:00,15,1.24413,1.75986,1.9523819374434,1.810278497214645,-1.9523819374434,1.810278497214645
111918,2026-09-06T07:16:52.841196+00:00,15,1.20331,1.75359,1.9177809369924992,1.80512652535898,-1.9177809369924992,1.80512652535898
111919,2026-09-06T07:16:52.863168+00:00,15,1.23519,1.72859,1.9429616605734674,1.7804527158841283,-1.9429616605734674,1.7804527158841283
111920,2026-09-06T07:16:52.885183+00:00,15,1.21973,1.75807,1.9319565441024518,1.809148388290182,-1.9319565441024518,1.809148388290182
111921,2026-09-06T07:16:52.908142+00:00,15,1.22745,1.73433,1.9369779241979799,1.7862011617092133,-1.9369779241979799,1.7862011617092133
111922,2026-09-06T07:16:52.930142+00:00,15,1.23175,1.74149,1.9406422543898807,1.792802619816255,-1.9406422543898807,1.792802619816255
111923,2026-09-06T07:16:52.952218+00:00,15,1.2107,1.75653,1.924036218409551,1.8077250045468782,-1.924036218409551,1.8077250045468782
111924,2026-09-06T07:16:52.974163+00:00,15,1.20693,1.73415,1.9194257376866783,1.7863056735248444,-1.9194257376866783,1.7863056735248444
111925,2026-09-06T07:16:52.997217+00:00,15,1.21752,1.73439,1.9284609815796039,1.7863774140951743,-1.9284609815796039,1.7863774140951743
111926,2026-09-06T07:16:53.036183+00:00,15,1.22194,1.73093,1.9320332100159765,1.7829884877477897,-1.9320332100159765,1.7829884877477897
111927,2026-09-06T07:16:53.059158+00:00,15,1.21821,1.7344,1.9289006822956563,1.7863033167928475,-1.9289006822956563,1.7863033167928475
111928,2026-09-06T07:16:53.081162+00:00,15,1.23142,1.75501,1.9414311925005416,1.8058883763388751,-1.9414311925005416,1.8058883763388751
111929,2026-09-06T07:16:53.103164+00:00,15,1.23196,1.7827,1.9436006197098392,1.8324592208904682,-1.9436006197098392,1.8324592208904682
111930,2026-09-06T07:16:53.125182+00:00,15,1.20884,1.76062,1.9229991716698667,1.8118244738146465,-1.9229991716698667,1.8118244738146465
111931,2026-09-06T07:16:53.147166+00:00,15,1.23457,1.75985,1.9442291180668179,1.8104063534011745,-1.9442291180668179,1.8104063534011745
111932,2026-09-06T07:16:53.175289+00:00,15,1.21737,1.75992,1.9297435699980041,1.8108036993289751,-1.9297435699980041,1.8108036993289751
111933,2026-09-06T07:16:53.197155+00:00,15,1.24337,1.7416,1.9507109575233113,1.7928139978344049,-1.9507109575233113,1.7928139978344049
111934,2026-09-06T07:16:53.219144+00:00,15,1.21423,1.73931,1.9260121751602626,1.7911730531083125,-1.9260121751602626,1.7911730531083125
111935,2026-09-06T07:16:53.242154+00:00,15,1.23081,1.74758,1.940500627275188,1.798791839102882,-1.940500627275188,1.798791839102882
111936,2026-09-06T07:16:53.264144+00:00,15,1.222,1.75723,1.9337814480835769,1.808270450394536,-1.9337814480835769,1.808270450394536
111937,2026-09-06T07:16:53.286186+00:00,15,1.23336,1.75151,1.9428455742190387,1.8024955852027857,-1.9428455742190387,1.8024955852027857
111938,2026-09-06T07:16:53.308152+00:00,15,1.22239,1.74177,1.9333518482119285,1.7935249150197092,-1.9333518482119285,1.7935249150197092
111939,2026-09-06T07:16:53.331144+00:00,15,1.22827,1.73601,1.9378417342461955,1.7878262755851575,-1.9378417342461955,1.7878262755851575
111940,2026-09-06T07:16:53.353211+00:00,15,1.21655,1.74765,1.9282900705391754,1.7990391000030568,-1.9282900705391754,1.7990391000030568
111941,2026-09-06T07:16:53.375161+00:00,15,1.2421,1.76954,1.9514514160195984,1.8196936785344264,-1.9514514160195984,1.8196936785344264
111942,2026-09-06T07:16:53.398168+00:00,15,1.24066,1.7428,1.9484443424406237,1.793986500844251,-1.9484443424406237,1.793986500844251
111943,2026-09-06T07:16:53.420170+00:00,15,1.22886,1.74785,1.9388847263169984,1.799095199996836,-1.9388847263169984,1.799095199996836
111944,2026-09-06T07:16:53.442154+00:00,15,1.21693,1.75815,1.9295319575340977,1.809247818629125,-1.9295319575340977,1.809247818629125
111945,2026-09-06T07:16:53.464172+00:00,15,1.22646,1.77702,1.9388407546047794,1.8272189341017193,-1.9388407546047794,1.8272189341017193
111946,2026-09-06T07:16:53.486147+00:00,15,1.21991,1.77275,1.9330330728824932,1.823244210470564,-1.9330330728824932,1.823244210470564
111947,2026-09-06T07:16:53.536727+00:00,15,1.21856,1.74018,1.9297832657916998,1.791949584617645,-1.9297832657916998,1.791949584617645
111948,2026-09-06T07:16:53.558168+00:00,15,1.20823,1.75316,1.9218544668308077,1.8045951151363586,-1.9218544668308077,1.8045951151363586
111949,2026-09-06T07:16:53.581163+00:00,15,1.21432,1.75838,1.92741106177814,1.8095338926702127,-1.92741106177814,1.8095338926702127
111950,2026-09-06T07:16:53.603191+00:00,15,1.20744,1.75052,1.9212186601581054,1.8021752213379285,-1.9212186601581054,1.8021752213379285
111951,2026-09-06T07:16:53.625220+00:00,15,1.22971,1.73278,1.938771273230175,1.7846551652090663,-1.938771273230175,1.7846551652090663
111952,2026-09-06T07:16:53.647192+00:00,15,1.20369,1.75351,1.9182741794989584,1.8051261513592207,-1.9182741794989584,1.8051261513592207
111953,2026-09-06T07:16:53.670185+00:00,15,1.23171,1.75476,1.9417591321421193,1.8057009905962162,-1.9417591321421193,1.8057009905962162
111954,2026-09-06T07:16:53.692153+00:00,15,1.2279,1.75834,1.9387980708746053,1.8092262407058357,-1.9387980708746053,1.8092262407058357
111955,2026-09-06T07:16:53.714175+00:00,15,1.22986,1.74852,1.9399570189457722,1.799806088818272,-1.9399570189457722,1.799806088818272
111956,2026-09-06T07:16:53.737210+00:00,15,1.21249,1.74339,1.9250035968963124,1.7952224297757533,-1.9250035968963124,1.7952224297757533
111957,2026-09-06T07:16:53.759284+00:00,15,1.22509,1.7404,1.9355186694173183,1.7921487094663142,-1.9355186694173183,1.7921487094663142
111958,2026-09-06T07:16:53.781158+00:00,15,1.21668,1.77797,1.930456462100637,1.8282311903402095,-1.930456462100637,1.8282311903402095
111959,2026-09-06T07:16:53.803181+00:00,15,1.23686,1.74016,1.9451290349060615,1.791547652732314,-1.9451290349060615,1.791547652732314
111960,2026-09-06T07:16:53.825242+00:00,15,1.24068,1.75604,1.9493400976920445,1.8067219637115823,-1.9493400976920445,1.8067219637115823
111961,2026-09-06T07:16:53.853215+00:00,15,1.20592,1.74439,1.9196121444191232,1.7963367146540312,-1.9196121444191232,1.7963367146540312
111962,2026-09-06T07:16:53.875193+00:00,15,1.22162,1.76578,1.9337026299003899,1.8163508613014347,-1.9337026299003899,1.8163508613014347
111963,2026-09-06T07:16:53.897249+00:00,15,1.21512,1.75306,1.9277226062446038,1.8044005314850267,-1.9277226062446038,1.8044005314850267
111964,2026-09-06T07:16:53.920157+00:00,15,1.22812,1.75576,1.938757608616057,1.8067081420680726,-1.938757608616057,1.8067081420680726
111965,2026-09-06T07:16:53.942190+00:00,15,1.2366,1.73781,1.9449345407064735,1.7893833585266936,-1.9449345407064735,1.7893833585266936
111966,2026-09-06T07:16:53.964207+00:00,15,1.22752,1.74894,1.9377814607991661,1.800148007407887,-1.9377814607991661,1.800148007407887
111967,2026-09-06T07:16:53.986157+00:00,15,1.21499,1.76339,1.928278766651014,1.8143312216926941,-1.928278766651014,1.8143312216926941
111968,2026-09-06T07:16:54.009188+00:00,15,1.21812,1.743,1.9295734430224418,1.7946610896824369,-1.9295734430224418,1.7946610896824369
111969,2026-09-06T07:16:54.050210+00:00,15,1.23668,1.7262,1.944235008822248,1.7782114508411928,-1.944235008822248,1.7782114508411928
111970,2026-09-06T07:16:54.072273+00:00,15,1.22746,1.72057,1.9358814243344424,1.7728706818783457,-1.9358814243344424,1.7728706818783457
111971,2026-09-06T07:16:54.094230+00:00,15,1.23001,1.75085,1.9400254301592867,1.8019459184487963,-1.9400254301592867,1.8019459184487963
111972,2026-09-06T07:16:54.117184+00:00,15,1.2374,1.75451,1.946465754896765,1.80531807100618,-1.946465754896765,1.80531807100618
111973,2026-09-06T07:16:54.139172+00:00,15,1.2268,1.76812,1.9383334034811892,1.8185555915540983,-1.9383334034811892,1.8185555915540983
111974,2026-09-06T07:16:54.161180+00:00,15,1.23677,1.75825,1.94625971898281,1.80896101716809,-1.94625971898281,1.80896101716809
111975,2026-09-06T07:16:54.189185+00:00,15,1.22616,1.74957,1.9366994689138357,1.800790996352225,-1.9366994689138357,1.800790996352225
111976,2026-09-06T07:16:54.211188+00:00,15,1.20063,1.75018,1.9154389173994064,1.8019610384318023,-1.9154389173994064,1.8019610384318023
111977,2026-09-06T07:16:54.233186+00:00,15,1.21912,1.75072,1.931050432170529,1.80212442441061,-1.931050432170529,1.80212442441061
111978,2026-09-06T07:16:54.256208+00:00,15,1.22458,1.74058,1.934887384888483,1.7922264319600711,-1.934887384888483,1.7922264319600711
111979,2026-09-06T07:16:54.278189+00:00,15,1.23809,1.74675,1.9466990786603848,1.7979183047725498,-1.9466990786603848,1.7979183047725498
111980,2026-09-06T07:16:54.300211+00:00,15,1.22586,1.74157,1.9358047351135201,1.7930432337599593,-1.9358047351135201,1.7930432337599593
111981,2026-09-06T07:16:54.322179+00:00,15,1.22577,1.75071,1.9364694292135631,1.8019084474853642,-1.9364694292135631,1.8019084474853642
111982,2026-09-06T07:16:54.345190+00:00,15,1.23241,1.76166,1.9428081332847742,1.8123282093325355,-1.9428081332847742,1.8123282093325355
111983,2026-09-06T07:16:54.367213+00:00,15,1.23344,1.72236,1.9411010733340281,1.7745079121055172,-1.9411010733340281,1.7745079121055172
111984,2026-09-06T07:16:54.389188+00:00,15,1.22476,1.75602,1.935977327719156,1.807036270092739,-1.935977327719156,1.807036270092739
111985,2026-09-06T07:16:54.412187+00:00,15,1.24638,1.74764,1.9536515823396152,1.7985669906303803,-1.9536515823396152,1.7985669906303803
111986,2026-09-06T07:16:54.434254+00:00,15,1.21282,1.7643,1.9265900507751188,1.8152832472524845,-1.9265900507751188,1.8152832472524845
111987,2026-09-06T07:16:54.456182+00:00,15,1.23514,1.76593,1.9452060126906774,1.8162872904650427,-1.9452060126906774,1.8162872904650427
111988,2026-09-06T07:16:54.478192+00:00,15,1.2345,1.75242,1.9438087293701374,1.8033228934621992,-1.9438087293701374,1.8033228934621992
111989,2026-09-06T07:16:54.500232+00:00,15,1.23783,1.76876,1.9476493732325333,1.8189493323128814,-1.9476493732325333,1.8189493323128814
111990,2026-09-06T07:16:54.552214+00:00,15,1.21754,1.74879,1.9293437926971457,1.800182182806852,-1.9293437926971457,1.800182182806852
111991,2026-09-06T07:16:54.574168+00:00,15,1.22511,1.74065,1.9350560768628444,1.7921497824947792,-1.9350560768628444,1.7921497824947792
111992,2026-09-06T07:16:54.596196+00:00,15,1.21072,1.74778,1.9239313144546417,1.7995285141465076,-1.9239313144546417,1.7995285141465076
111993,2026-09-06T07:16:54.619207+00:00,15,1.22403,1.76247,1.9359067422879277,1.8133171039608904,-1.9359067422879277,1.8133171039608904
111994,2026-09-06T07:16:54.641188+00:00,15,1.19898,1.7356,1.9130731845711815,1.7879665038687764,-1.9130731845711815,1.7879665038687764
111995,2026-09-06T07:16:54.663224+00:00,15,1.2097,1.75108,1.923106585900103,1.8026423757612453,-1.923106585900103,1.8026423757612453
111996,2026-09-06T07:16:54.686196+00:00,15,1.23337,1.74575,1.9427193795353879,1.7970743913170801,-1.9427193795353879,1.7970743913170801
111997,2026-09-06T07:16:54.708197+00:00,15,1.1936,1.7502,1.9094024231496196,1.8020583714249838,-1.9094024231496196,1.8020583714249838
111998,2026-09-06T07:16:54.730197+00:00,15,1.20265,1.73857,1.9162374742377581,1.7906941314157059,-1.9162374742377581,1.7906941314157059
111999,2026-09-06T07:16:54.752216+00:00,15,1.20068,1.74507,1.9153008149390942,1.7971250222681219,-1.9153008149390942,1.7971250222681219
112000,2026-09-06T07:16:54.775211+00:00,15,1.24447,1.74376,1.9518162126892882,1.7948854770541072,-1.9518162126892882,1.7948854770541072
112001,2026-09-06T07:16:54.797222+00:00,15,1.21807,1.77522,1.9314089081432018,1.8255360752832606,-1.9314089081432018,1.8255360752832606
112002,2026-09-06T07:16:54.819219+00:00,15,1.23246,1.76589,1.9430396545721706,1.8163403153024966,-1.9430396545721706,1.8163403153024966
112003,2026-09-06T07:16:54.841224+00:00,15,1.2324,1.75077,1.9419450454016198,1.801785913414002,-1.9419450454016198,1.801785913414002
112004,2026-09-06T07:16:54.869200+00:00,15,1.21378,1.72485,1.9248307299533953,1.7773415733052604,-1.9248307299533953,1.7773415733052604
112005,2026-09-06T07:16:54.891187+00:00,15,1.20567,1.763,1.9202705147434844,1.814084272500432,-1.9202705147434844,1.814084272500432
112006,2026-09-06T07:16:54.913195+00:00,15,1.22996,1.76152,1.9406785654500776,1.8122087930081234,-1.9406785654500776,1.8122087930081234
112007,2026-09-06T07:16:54.936225+00:00,15,1.21583,1.77148,1.929282727747086,1.8219847748259186,-1.929282727747086,1.8219847748259186
112008,2026-09-06T07:16:54.958264+00:00,15,1.21677,1.72691,1.9273427205344011,1.779195410759248,-1.9273427205344011,1.779195410759248
112009,2026-09-06T07:16:54.980203+00:00,15,1.23966,1.74946,1.948288800577716,1.8005311153517483,-1.948288800577716,1.8005311153517483
112010,2026-09-06T07:16:55.003225+00:00,15,1.23653,1.74146,1.945051625808006,1.7928657266712624,-1.945051625808006,1.7928657266712624
112011,2026-09-06T07:16:55.025205+00:00,15,1.19671,1.76728,1.9129411035715855,1.8183297025409553,-1.9129411035715855,1.8183297025409553
112012,2026-09-06T07:16:55.064221+00:00,15,1.23036,1.73049,1.9391082358535858,1.7824158470973177,-1.9391082358535858,1.7824158470973177
112013,2026-09-06T07:16:55.087201+00:00,15,1.22768,1.74065,1.9374927148752872,1.7922365780617466,-1.9374927148752872,1.7922365780617466
112014,2026-09-06T07:16:55.109207+00:00,15,1.20968,1.76309,1.9238115205865634,1.8141594168696114,-1.9238115205865634,1.8141594168696114
112015,2026-09-06T07:16:55.131203+00:00,15,1.23008,1.76901,1.9413666742339581,1.8194541509264945,-1.9413666742339581,1.8194541509264945
112016,2026-09-06T07:16:55.153232+00:00,15,1.23953,1.77914,1.9498113484488133,1.8289288443424714,-1.9498113484488133,1.8289288443424714
112017,2026-09-06T07:16:55.175211+00:00,15,1.24378,1.75071,1.951618400556326,1.8015496441061545,-1.951618400556326,1.8015496441061545
112018,2026-09-06T07:16:55.203238+00:00,15,1.23785,1.74407,1.9460029918547903,1.79519055857271,-1.9460029918547903,1.79519055857271
112019,2026-09-06T07:16:55.225210+00:00,15,1.23634,1.74583,1.9449898553166407,1.7969839453567915,-1.9449898553166407,1.7969839453567915
112020,2026-09-06T07:16:55.247203+00:00,15,1.21791,1.72415,1.92813441314405,1.776534413213213,-1.92813441314405,1.776534413213213
112021,2026-09-06T07:16:55.270227+00:00,15,1.2203,1.73253,1.9307456980968016,1.7845610815929323,-1.9307456980968016,1.7845610815929323
112022,2026-09-06T07:16:55.292241+00:00,15,1.22327,1.75724,1.9351100879797445,1.8083777994325885,-1.9351100879797445,1.8083777994325885
112023,2026-09-06T07:16:55.314226+00:00,15,1.21515,1.74991,1.9273961271530116,1.8013026292303518,-1.9273961271530116,1.8013026292303518
112024,2026-09-06T07:16:55.336232+00:00,15,1.22151,1.74138,1.932300242662263,1.7930240144599123,-1.932300242662263,1.7930240144599123
112025,2026-09-06T07:16:55.359232+00:00,15,1.22592,1.74307,1.9359203008425656,1.7944658463767926,-1.9359203008425656,1.7944658463767926
112026,2026-09-06T07:16:55.381211+00:00,15,1.22439,1.7369,1.9345265466342614,1.7887031766017936,-1.9345265466342614,1.7887031766017936
112027,2026-09-06T07:16:55.403214+00:00,15,1.22,1.7363,1.9306853622175637,1.7881692974759336,-1.9306853622175637,1.7881692974759336
112028,2026-09-06T07:16:55.426231+00:00,15,1.22398,1.73946,1.9341384039953045,1.7910810277744182,-1.9341384039953045,1.7910810277744182
112029,2026-09-06T07:16:55.448219+00:00,15,1.23392,1.75001,1.943229446768431,1.8010518771902013,-1.943229446768431,1.8010518771902013
112030,2026-09-06T07:16:55.470196+00:00,15,1.26174,1.79091,1.969026552363471,1.8396910823151322,-1.969026552363471,1.8396910823151322
112031,2026-09-06T07:16:55.492215+00:00,15,1.22339,1.76649,1.93554535628952,1.8171478023090057,-1.93554535628952,1.8171478023090057
112032,2026-09-06T07:16:55.514192+00:00,15,1.23218,1.75404,1.9418514923235457,1.8048736355025052,-1.9418514923235457,1.8048736355025052
112033,2026-09-06T07:16:55.563222+00:00,15,1.22588,1.73884,1.935983057748851,1.79057688804382,-1.935983057748851,1.79057688804382
112034,2026-09-06T07:16:55.585215+00:00,15,1.21903,1.74282,1.9302863596713737,1.794454613649444,-1.9302863596713737,1.794454613649444
112035,2026-09-06T07:16:55.607215+00:00,15,1.21706,1.76706,1.9300096435577125,1.8177076614442031,-1.9300096435577125,1.8177076614442031
112036,2026-09-06T07:16:55.629285+00:00,15,1.24029,1.75352,1.9488170291784277,1.8043007012622485,-1.9488170291784277,1.8043007012622485
112037,2026-09-06T07:16:55.651231+00:00,15,1.21744,1.72764,1.928008604483442,1.7799103642358758,-1.928008604483442,1.7799103642358758
112038,2026-09-06T07:16:55.674208+00:00,15,1.23177,1.75777,1.9418083326938975,1.8084995068454093,-1.9418083326938975,1.8084995068454093
112039,2026-09-06T07:16:55.696246+00:00,15,1.22729,1.73659,1.9369935329629817,1.788381760982343,-1.9369935329629817,1.788381760982343
112040,2026-09-06T07:16:55.718227+00:00,15,1.22262,1.75653,1.9341805841854567,1.8075544119876632,-1.9341805841854567,1.8075544119876632
112041,2026-09-06T07:16:55.740252+00:00,15,1.22087,1.77186,1.9336873805378676,1.8223202439718464,-1.9336873805378676,1.8223202439718464
112042,2026-09-06T07:16:55.763250+00:00,15,1.21141,1.74822,1.9241763545004489,1.799774319981089,-1.9241763545004489,1.799774319981089
112043,2026-09-06T07:16:55.785220+00:00,15,1.22423,1.7631,1.936063174029874,1.8138948095573126,-1.936063174029874,1.8138948095573126
112044,2026-09-06T07:16:55.807254+00:00,15,1.23071,1.76025,1.9412266552855018,1.8109734402379003,-1.9412266552855018,1.8109734402379003
112045,2026-09-06T07:16:55.829221+00:00,15,1.23478,1.76296,1.9449038217933845,1.8135355696644693,-1.9449038217933845,1.8135355696644693
112046,2026-09-06T07:16:55.852242+00:00,15,1.2456,1.76011,1.9537069748481082,1.8105249182344783,-1.9537069748481082,1.8105249182344783
112047,2026-09-06T07:16:55.880221+00:00,15,1.22793,1.76315,1.9391634966511333,1.8138634267849305,-1.9391634966511333,1.8138634267849305
112048,2026-09-06T07:16:55.902227+00:00,15,1.21319,1.76112,1.926496434350288,1.8121252881110508,-1.926496434350288,1.8121252881110508
112049,2026-09-06T07:16:55.924249+00:00,15,1.21726,1.738,1.9285282315016512,1.789876236714114,-1.9285282315016512,1.789876236714114
112050,2026-09-06T07:16:55.947272+00:00,15,1.2186,1.74337,1.930134684990611,1.795064285297626,-1.930134684990611,1.795064285297626
112051,2026-09-06T07:16:55.969230+00:00,15,1.2243,1.75854,1.935923643168788,1.8095414436181694,-1.935923643168788,1.8095414436181694
112052,2026-09-06T07:16:55.991232+00:00,15,1.22762,1.75047,1.9377875708699053,1.801527915960278,-1.9377875708699053,1.801527915960278
112053,2026-09-06T07:16:56.013224+00:00,15,1.20997,1.75391,1.9234190293990456,1.8053125120348585,-1.9234190293990456,1.8053125120348585
112054,2026-09-06T07:16:56.046210+00:00,15,1.23207,1.75306,1.9419105705822828,1.804035091871796,-1.9419105705822828,1.804035091871796
112055,2026-09-06T07:16:56.085223+00:00,15,1.23217,1.73593,1.941032688093372,1.7876346138832002,-1.941032688093372,1.7876346138832002
112056,2026-09-06T07:16:56.108220+00:00,15,1.22064,1.75715,1.9327115985811394,1.808266356349821,-1.9327115985811394,1.808266356349821
112057,2026-09-06T07:16:56.130233+00:00,15,1.25403,1.76381,1.9608794766249045,1.8138402802139229,-1.9608794766249045,1.8138402802139229
112058,2026-09-06T07:16:56.152306+00:00,15,1.21649,1.78482,1.9307829379300339,1.8348429913149988,-1.9307829379300339,1.8348429913149988
112059,2026-09-06T07:16:56.174253+00:00,15,1.23435,1.76065,1.944112867086469,1.811181948320282,-1.944112867086469,1.811181948320282
112060,2026-09-06T07:16:56.206229+00:00,15,1.23517,1.74833,1.9443219503588338,1.799472968576043,-1.9443219503588338,1.799472968576043
112061,2026-09-06T07:16:56.234582+00:00,15,1.22106,1.75955,1.9330624684370883,1.8104867338855868,-1.9330624684370883,1.8104867338855868
112062,2026-09-06T07:16:56.256625+00:00,15,1.21502,1.74666,1.9271605343277034,1.798220090359475,-1.9271605343277034,1.798220090359475
112063,2026-09-06T07:16:56.278246+00:00,15,1.21109,1.73697,1.9233088022059948,1.7890317737773649,-1.9233088022059948,1.7890317737773649
112064,2026-09-06T07:16:56.301240+00:00,15,1.22345,1.73868,1.9338438457037184,1.7904357851568347,-1.9338438457037184,1.7904357851568347
112065,2026-09-06T07:16:56.323250+00:00,15,1.21722,1.74808,1.929147233511509,1.799559591769703,-1.929147233511509,1.799559591769703
112066,2026-09-06T07:16:56.345234+00:00,15,1.1958,1.74332,1.910760800437778,1.7953852909114456,-1.910760800437778,1.7953852909114456
112067,2026-09-06T07:16:56.367282+00:00,15,1.22472,1.7602,1.9361659718620534,1.811035124071596,-1.9361659718620534,1.811035124071596
112068,2026-09-06T07:16:56.390237+00:00,15,1.20015,1.76981,1.9162437971591502,1.820812635806756,-1.9162437971591502,1.820812635806756
112069,2026-09-06T07:16:56.412220+00:00,15,1.21545,1.74032,1.9270564166363926,1.7920995032643836,-1.9270564166363926,1.7920995032643836
112070,2026-09-06T07:16:56.434233+00:00,15,1.22074,1.74706,1.9322165536721998,1.798601970718547,-1.9322165536721998,1.798601970718547
112071,2026-09-06T07:16:56.457263+00:00,15,1.21316,1.74865,1.9259658347743644,1.800281193506315,-1.9259658347743644,1.800281193506315
112072,2026-09-06T07:16:56.479265+00:00,15,1.21014,1.74324,1.9230097259341998,1.795110783645993,-1.9230097259341998,1.795110783645993
112073,2026-09-06T07:16:56.501280+00:00,15,1.24987,1.75115,1.956667570459023,1.8018014992710856,-1.956667570459023,1.8018014992710856
112074,2026-09-06T07:16:56.523248+00:00,15,1.24253,1.77858,1.9523259811095106,1.8283392273878152,-1.9523259811095106,1.8283392273878152
112075,2026-09-06T07:16:56.545261+00:00,15,1.26415,1.75951,1.969135584316283,1.8095165881505375,-1.969135584316283,1.8095165881505375
112076,2026-09-06T07:16:56.595224+00:00,15,1.24329,1.72427,1.9494187408411354,1.7761025663613972,-1.9494187408411354,1.7761025663613972
112077,2026-09-06T07:16:56.617321+00:00,15,1.21274,1.75094,1.9254686083305497,1.8023517534241347,-1.9254686083305497,1.8023517534241347
112078,2026-09-06T07:16:56.640263+00:00,15,1.21814,1.75504,1.9301384468468858,1.806136487700081,-1.9301384468468858,1.806136487700081
112079,2026-09-06T07:16:56.662266+00:00,15,1.23241,1.75844,1.9424468378958368,1.8091516458275487,-1.9424468378958368,1.8091516458275487
112080,2026-09-06T07:16:56.684273+00:00,15,1.19404,1.75577,1.9100190249466609,1.807362354763574,-1.9100190249466609,1.807362354763574
112081,2026-09-06T07:16:56.706241+00:00,15,1.22904,1.75338,1.9395790977222613,1.8044975799434142,-1.9395790977222613,1.8044975799434142
112082,2026-09-06T07:16:56.729265+00:00,15,1.22394,1.7406,1.9344632994310478,1.7923050528414217,-1.9344632994310478,1.7923050528414217
112083,2026-09-06T07:16:56.751280+00:00,15,1.22857,1.73223,1.9375860848955013,1.7840649166617615,-1.9375860848955013,1.7840649166617615
112084,2026-09-06T07:16:56.773293+00:00,15,1.2143,1.76429,1.9278426998368157,1.8152614202619195,-1.9278426998368157,1.8152614202619195
112085,2026-09-06T07:16:56.796255+00:00,15,1.24372,1.75272,1.9517468063879628,1.8035040876640822,-1.9517468063879628,1.8035040876640822
112086,2026-09-06T07:16:56.818242+00:00,15,1.24652,1.7662,1.9549388286784053,1.8163928554776358,-1.9549388286784053,1.8163928554776358
112087,2026-09-06T07:16:56.840254+00:00,15,1.24527,1.74192,1.9523148915159994,1.7930781234641735,-1.9523148915159994,1.7930781234641735
112088,2026-09-06T07:16:56.862242+00:00,15,1.25485,1.75165,1.960960533375074,1.8022205042847876,-1.960960533375074,1.8022205042847876
112089,2026-09-06T07:16:56.884232+00:00,15,1.22712,1.77822,1.939225211871251,1.8282536866581938,-1.939225211871251,1.8282536866581938
112090,2026-09-06T07:16:56.912288+00:00,15,1.20348,1.75293,1.9178040220937027,1.804451072391656,-1.9178040220937027,1.804451072391656
112091,2026-09-06T07:16:56.934291+00:00,15,1.21365,1.74197,1.9258506580573014,1.793809913663979,-1.9258506580573014,1.793809913663979
112092,2026-09-06T07:16:56.956267+00:00,15,1.20602,1.73228,1.918792006853001,1.7846425245785322,-1.918792006853001,1.7846425245785322
112093,2026-09-06T07:16:56.979274+00:00,15,1.21157,1.73985,1.9239069817923367,1.7917872797712113,-1.9239069817923367,1.7917872797712113
112094,2026-09-06T07:16:57.001242+00:00,15,1.20552,1.76269,1.9203089534456597,1.813867738774771,-1.9203089534456597,1.813867738774771
112095,2026-09-06T07:16:57.023268+00:00,15,1.22497,1.74467,1.9353527273049236,1.7960868363394695,-1.9353527273049236,1.7960868363394695
112096,2026-09-06T07:16:57.045278+00:00,15,1.21721,1.75471,1.9296212476542203,1.8059590092596305,-1.9296212476542203,1.8059590092596305
112097,2026-09-06T07:16:57.068279+00:00,15,1.2395,1.74567,1.9475207647157309,1.7967073027838385,-1.9475207647157309,1.7967073027838385
112098,2026-09-06T07:16:57.107256+00:00,15,1.22085,1.73758,1.93143293187155,1.7893577794087927,-1.93143293187155,1.7893577794087927
112099,2026-09-06T07:16:57.130258+00:00,15,1.22585,1.74666,1.9362408946624996,1.7979986732941418,-1.9362408946624996,1.7979986732941418
112100,2026-09-06T07:16:57.152290+00:00,15,1.23467,1.74784,1.943736125768064,1.7989607050694205,-1.943736125768064,1.7989607050694205
112101,2026-09-06T07:16:57.174257+00:00,15,1.27287,1.76182,1.976617508798361,1.8115678477760078,-1.976617508798361,1.8115678477760078
112102,2026-09-06T07:16:57.196255+00:00,15,1.23297,1.79178,1.9449759475295383,1.8411442138558152,-1.9449759475295383,1.8411442138558152
112103,2026-09-06T07:16:57.219261+00:00,15,1.2314,1.77243,1.9425883042490992,1.8226557918504758,-1.9425883042490992,1.8226557918504758
112104,2026-09-06T07:16:57.247267+00:00,15,1.22971,1.74007,1.9391793330835188,1.7916348758592846,-1.9391793330835188,1.7916348758592846
112105,2026-09-06T07:16:57.269250+00:00,15,1.22988,1.73774,1.9390941443144167,1.7893532294438488,-1.9390941443144167,1.7893532294438488
112106,2026-09-06T07:16:57.301281+00:00,15,1.20568,1.76304,1.9205846750245854,1.8142673530384983,-1.9205846750245854,1.8142673530384983
112107,2026-09-06T07:16:57.318259+00:00,15,1.21204,1.74149,1.9245848663687477,1.7934320114025724,-1.9245848663687477,1.7934320114025724
112108,2026-09-06T07:16:57.340247+00:00,15,1.22713,1.73986,1.9367853904812464,1.7913922961116333,-1.9367853904812464,1.7913922961116333
112109,2026-09-06T07:16:57.363317+00:00,15,1.21445,1.74498,1.9267449589535481,1.796700807637927,-1.9267449589535481,1.796700807637927
112110,2026-09-06T07:16:57.385240+00:00,15,1.20786,1.76185,1.9220688889908233,1.8129405640365928,-1.9220688889908233,1.8129405640365928
112111,2026-09-06T07:16:57.407287+00:00,15,1.21675,1.74543,1.9284132929840623,1.7969509233893532,-1.9284132929840623,1.7969509233893532
112112,2026-09-06T07:16:57.429253+00:00,15,1.22357,1.7557,1.935026953857667,1.8067876174881805,-1.935026953857667,1.8067876174881805
112113,2026-09-06T07:16:57.451265+00:00,15,1.22067,1.72794,1.93071332828541,1.780120157276037,-1.93071332828541,1.780120157276037
112114,2026-09-06T07:16:57.474344+00:00,15,1.21476,1.74132,1.9267180059864157,1.7931558110112846,-1.9267180059864157,1.7931558110112846
112115,2026-09-06T07:16:57.496280+00:00,15,1.25353,1.79153,1.9623272040999444,1.840529676984547,-1.9623272040999444,1.840529676984547
112116,2026-09-06T07:16:57.518302+00:00,15,1.22021,1.7801,1.9336620771618585,1.8302518231309446,-1.9336620771618585,1.8302518231309446
112117,2026-09-06T07:16:57.541264+00:00,15,1.24528,1.76695,1.953909442817014,1.8171188070164772,-1.953909442817014,1.8171188070164772
112118,2026-09-06T07:16:57.563275+00:00,15,1.21277,1.77223,1.9270495767875948,1.822910875047886,-1.9270495767875948,1.822910875047886
112119,2026-09-06T07:16:57.614254+00:00,15,1.21017,1.75553,1.9235839946309794,1.806808446561795,-1.9235839946309794,1.806808446561795
112120,2026-09-06T07:16:57.636266+00:00,15,1.22101,1.74653,1.9324428273261207,1.7980924988267266,-1.9324428273261207,1.7980924988267266
112121,2026-09-06T07:16:57.658288+00:00,15,1.22466,1.74374,1.935177798375747,1.795269078353393,-1.935177798375747,1.795269078353393
112122,2026-09-06T07:16:57.680261+00:00,15,1.22772,1.75679,1.93867075764814,1.8077861806314606,-1.93867075764814,1.8077861806314606
112123,2026-09-06T07:16:57.703255+00:00,15,1.22543,1.73914,1.93556584729912,1.7908569349056234,-1.93556584729912,1.7908569349056234
112124,2026-09-06T07:16:57.725273+00:00,15,1.20234,1.75141,1.9167479049705447,1.8030105819914706,-1.9167479049705447,1.8030105819914706
112125,2026-09-06T07:16:57.747277+00:00,15,1.2217,1.73807,1.9323509163973096,1.7898922948218334,-1.9323509163973096,1.7898922948218334
112126,2026-09-06T07:16:57.769265+00:00,15,1.22816,1.72623,1.9369601191266512,1.778357839529063,-1.9369601191266512,1.778357839529063
112127,2026-09-06T07:16:57.801262+00:00,15,1.21976,1.74068,1.9310694250605225,1.7925227167815974,-1.9310694250605225,1.7925227167815974
112128,2026-09-06T07:16:57.819277+00:00,15,1.24255,1.76734,1.9514513415987786,1.8174651722658512,-1.9514513415987786,1.8174651722658512
112129,2026-09-06T07:16:57.841291+00:00,15,1.25205,1.7593,1.9589338499311102,1.809553490644432,-1.9589338499311102,1.809553490644432
112130,2026-09-06T07:16:57.863279+00:00,15,1.24739,1.7583,1.9552511562323265,1.8088183446414783,-1.9552511562323265,1.8088183446414783
112131,2026-09-06T07:16:57.885289+00:00,15,1.23371,1.76375,1.9439086573361952,1.8142376609675077,-1.9439086573361952,1.8142376609675077
112132,2026-09-06T07:16:57.907312+00:00,15,1.24889,1.76307,1.9565991237345455,1.8132783856196129,-1.9565991237345455,1.8132783856196129
112133,2026-09-06T07:16:57.935287+00:00,15,1.24477,1.7423,1.951654209790723,1.7933198188891304,-1.951654209790723,1.7933198188891304
112134,2026-09-06T07:16:57.957308+00:00,15,1.24305,1.73715,1.9503019694468542,1.7886181903246572,-1.9503019694468542,1.7886181903246572
112135,2026-09-06T07:16:57.979277+00:00,15,1.19802,1.76484,1.9138660574789754,1.8159483681548536,-1.9138660574789754,1.8159483681548536
112136,2026-09-06T07:16:58.002274+00:00,15,1.2359,1.74118,1.9442664686095636,1.7924854969765718,-1.9442664686095636,1.7924854969765718
112137,2026-09-06T07:16:58.024269+00:00,15,1.2123,1.76282,1.9259733563141672,1.8138389504330825,-1.9259733563141672,1.8138389504330825
112138,2026-09-06T07:16:58.046302+00:00,15,1.19997,1.73157,1.913522560931723,1.784012841274715,-1.913522560931723,1.784012841274715
112139,2026-09-06T07:16:58.068268+00:00,15,1.23404,1.73185,1.94236903439199,1.7836958442014994,-1.94236903439199,1.7836958442014994
112140,2026-09-06T07:16:58.091284+00:00,15,1.2173,1.75301,1.929685270478792,1.8043749705486423,-1.929685270478792,1.8043749705486423
112141,2026-09-06T07:16:58.130303+00:00,15,1.20527,1.75572,1.9194835715343568,1.8070904289411407,-1.9194835715343568,1.8070904289411407
112142,2026-09-06T07:16:58.153279+00:00,15,1.22072,1.72938,1.930719030844869,1.781444973996683,-1.930719030844869,1.781444973996683
112143,2026-09-06T07:16:58.175275+00:00,15,1.2109,1.74604,1.9241041205004186,1.797918326115623,-1.9241041205004186,1.797918326115623
112144,2026-09-06T07:16:58.197281+00:00,15,1.23784,1.76226,1.94722346756566,1.812700000621424,-1.94722346756566,1.812700000621424
112145,2026-09-06T07:16:58.219274+00:00,15,1.24192,1.78908,1.9525322353364,1.8384679157513804,-1.9525322353364,1.8384679157513804
112146,2026-09-06T07:16:58.242274+00:00,15,1.24612,1.75828,1.953996404609086,1.808736445467919,-1.953996404609086,1.808736445467919
112147,2026-09-06T07:16:58.270268+00:00,15,1.2425,1.74575,1.9502895728948122,1.7968432487892458,-1.9502895728948122,1.7968432487892458
112148,2026-09-06T07:16:58.292381+00:00,15,1.22545,1.73398,1.9352518467806976,1.7858865198074514,-1.9352518467806976,1.7858865198074514
112149,2026-09-06T07:16:58.314277+00:00,15,1.24865,1.74621,1.955575784148486,1.7971985710618341,-1.955575784148486,1.7971985710618341
112150,2026-09-06T07:16:58.337267+00:00,15,1.21431,1.74657,1.9267900878205202,1.798258289418734,-1.9267900878205202,1.798258289418734
112151,2026-09-06T07:16:58.359266+00:00,15,1.20942,1.73576,1.9218484708669747,1.7879027818072875,-1.9218484708669747,1.7879027818072875
112152,2026-09-06T07:16:58.381469+00:00,15,1.23281,1.74856,1.942012138668456,1.799585772340164,-1.942012138668456,1.799585772340164
112153,2026-09-06T07:16:58.403296+00:00,15,1.22255,1.75263,1.9339559798247792,1.8038471420112263,-1.9339559798247792,1.8038471420112263
112154,2026-09-06T07:16:58.426290+00:00,15,1.24056,1.7481,1.9487764057039996,1.7991166947972201,-1.9487764057039996,1.7991166947972201
112155,2026-09-06T07:16:58.448265+00:00,15,1.22189,1.72516,1.9316925012717823,1.77748685122854,-1.9316925012717823,1.77748685122854
112156,2026-09-06T07:16:58.470273+00:00,15,1.22827,1.74664,1.938576337739227,1.798076597235293,-1.938576337739227,1.798076597235293
112157,2026-09-06T07:16:58.493260+00:00,15,1.21377,1.73966,1.92592532153832,1.7916551158347096,-1.92592532153832,1.7916551158347096
112158,2026-09-06T07:16:58.515303+00:00,15,1.23788,1.75245,1.9468145065179419,1.8033537327345095,-1.9468145065179419,1.8033537327345095
112159,2026-09-06T07:16:58.537279+00:00,15,1.21264,1.76692,1.9264162129839484,1.8177230426488868,-1.9264162129839484,1.8177230426488868
112160,2026-09-06T07:16:58.559286+00:00,15,1.21363,1.77242,1.9275677099008,1.8229699197372171,-1.9275677099008,1.8229699197372171
112161,2026-09-06T07:16:58.581345+00:00,15,1.2345,1.74878,1.9437676656885803,1.7999194604729876,-1.9437676656885803,1.7999194604729876
112162,2026-09-06T07:16:58.632312+00:00,15,1.21115,1.73258,1.9232319967727984,1.7848711297075774,-1.9232319967727984,1.7848711297075774
112163,2026-09-06T07:16:58.654281+00:00,15,1.21547,1.75038,1.9278813972391284,1.801836124851548,-1.9278813972391284,1.801836124851548
112164,2026-09-06T07:16:58.676314+00:00,15,1.21636,1.74469,1.9281134540402938,1.7962799502122657,-1.9281134540402938,1.7962799502122657
112165,2026-09-06T07:16:58.698282+00:00,15,1.21347,1.73695,1.9253117061500868,1.7889596064777329,-1.9253117061500868,1.7889596064777329
112166,2026-09-06T07:16:58.721310+00:00,15,1.2205,1.74748,1.9317611401316963,1.7988760354107562,-1.9317611401316963,1.7988760354107562
112167,2026-09-06T07:16:58.743326+00:00,15,1.22303,1.7332,1.9330822476198268,1.7851584128848317,-1.9330822476198268,1.7851584128848317
112168,2026-09-06T07:16:58.765274+00:00,15,1.2097,1.74131,1.9223410018129323,1.7931767843598094,-1.9223410018129323,1.7931767843598094
112169,2026-09-06T07:16:58.787289+00:00,15,1.24321,1.7322,1.9502081709936467,1.783893126700551,-1.9502081709936467,1.783893126700551
112170,2026-09-06T07:16:58.809283+00:00,15,1.21341,1.73829,1.925389322762165,1.7902609479066613,-1.925389322762165,1.7902609479066613
112171,2026-09-06T07:16:58.832316+00:00,15,1.22178,1.72499,1.9314753101252844,1.7772752902034652,-1.9314753101252844,1.7772752902034652
112172,2026-09-06T07:16:58.854279+00:00,15,1.23948,1.74967,1.9480518945357117,1.8006896167594135,-1.9480518945357117,1.8006896167594135
112173,2026-09-06T07:16:58.876296+00:00,15,1.24142,1.75811,1.950074626047415,1.8086886523424466,-1.950074626047415,1.8086886523424466
112174,2026-09-06T07:16:58.898313+00:00,15,1.24653,1.75831,1.9541996366115717,1.8086917479344085,-1.9541996366115717,1.8086917479344085
112175,2026-09-06T07:16:58.921318+00:00,15,1.24551,1.75079,1.9529637431557556,1.8015375800042002,-1.9529637431557556,1.8015375800042002
112176,2026-09-06T07:16:58.949319+00:00,15,1.22147,1.74488,1.9325154375915583,1.7964029599909104,-1.9325154375915583,1.7964029599909104
112177,2026-09-06T07:16:58.971325+00:00,15,1.23368,1.72589,1.9416307362349456,1.77793782020719,-1.9416307362349456,1.77793782020719
112178,2026-09-06T07:16:58.993316+00:00,15,1.21535,1.7297,1.9264931289040275,1.7819832753793639,-1.9264931289040275,1.7819832753793639
112179,2026-09-06T07:16:59.016319+00:00,15,1.21332,1.73291,1.9250352147920529,1.7851267371682118,-1.9250352147920529,1.7851267371682118
112180,2026-09-06T07:16:59.038319+00:00,15,1.23153,1.74937,1.941279402085622,1.8005177908015912,-1.941279402085622,1.8005177908015912
112181,2026-09-06T07:16:59.060300+00:00,15,1.21453,1.73602,1.925951086092898,1.7879575143851232,-1.925951086092898,1.7879575143851232
112182,2026-09-06T07:16:59.082314+00:00,15,1.22048,1.77049,1.9332817222012306,1.8210143868149733,-1.9332817222012306,1.8210143868149733
112183,2026-09-06T07:16:59.105300+00:00,15,1.21177,1.74622,1.9245041702335202,1.7979136316197843,-1.9245041702335202,1.7979136316197843
112184,2026-09-06T07:16:59.146345+00:00,15,1.21472,1.76257,1.927829961454764,1.8134670162654345,-1.927829961454764,1.8134670162654345
112185,2026-09-06T07:16:59.168335+00:00,15,1.20941,1.763,1.9235470251175617,1.8140655830961647,-1.9235470251175617,1.8140655830961647
112186,2026-09-06T07:16:59.190317+00:00,15,1.22467,1.75757,1.9358866957256806,1.8084626046565382,-1.9358866957256806,1.8084626046565382
112187,2026-09-06T07:16:59.213333+00:00,15,1.2372,1.77243,1.947332231683105,1.8224866186109916,-1.947332231683105,1.8224866186109916
112188,2026-09-06T07:16:59.235302+00:00,15,1.24561,1.76669,1.954048536876201,1.8168011627115228,-1.954048536876201,1.8168011627115228
112189,2026-09-06T07:16:59.257293+00:00,15,1.22635,1.78116,1.9387996620521881,1.831111902509063,-1.9387996620521881,1.831111902509063
112190,2026-09-06T07:16:59.285313+00:00,15,1.22896,1.73477,1.9381363613784386,1.7865237032680585,-1.9381363613784386,1.7865237032680585
112191,2026-09-06T07:16:59.307348+00:00,15,1.21999,1.74083,1.9308348939936988,1.7924573666001618,-1.9308348939936988,1.7924573666001618
112192,2026-09-06T07:16:59.329305+00:00,15,1.24306,1.75193,1.950910764742196,1.8026526783776067,-1.950910764742196,1.8026526783776067
112193,2026-09-06T07:16:59.352308+00:00,15,1.24269,1.73679,1.9497676919847111,1.7881645570168467,-1.9497676919847111,1.7881645570168467
112194,2026-09-06T07:16:59.374315+00:00,15,1.22708,1.75285,1.937691981688717,1.8039314950375205,-1.937691981688717,1.8039314950375205
112195,2026-09-06T07:16:59.396368+00:00,15,1.21006,1.758,1.923674758630954,1.8091985558527772,-1.923674758630954,1.8091985558527772
112196,2026-09-06T07:16:59.418303+00:00,15,1.22215,1.7365,1.9323628627033378,1.7882497640750152,-1.9323628627033378,1.7882497640750152
112197,2026-09-06T07:16:59.441321+00:00,15,1.22251,1.76062,1.9340978532469808,1.811362559555875,-1.9340978532469808,1.811362559555875
112198,2026-09-06T07:16:59.463322+00:00,15,1.22811,1.7466,1.9380803286439636,1.7978650948568242,-1.9380803286439636,1.7978650948568242
112199,2026-09-06T07:16:59.485336+00:00,15,1.21475,1.75364,1.927475252064182,1.8049767417652327,-1.927475252064182,1.8049767417652327
112200,2026-09-06T07:16:59.508346+00:00,15,1.19478,1.75797,1.910833213734788,1.8094735097052752,-1.910833213734788,1.8094735097052752
112201,2026-09-06T07:16:59.530302+00:00,15,1.22036,1.74326,1.9315739561912249,1.794922509892938,-1.9315739561912249,1.794922509892938
112202,2026-09-06T07:16:59.552311+00:00,15,1.25191,1.76442,1.9590901142613204,1.8144450189399781,-1.9590901142613204,1.8144450189399781
112203,2026-09-06T07:16:59.574310+00:00,15,1.24896,1.76756,1.9570133136690002,1.8176139295640505,-1.9570133136690002,1.8176139295640505
112204,2026-09-06T07:16:59.596336+00:00,15,1.24096,1.74881,1.949223572226877,1.799827855302413,-1.949223572226877,1.799827855302413
112205,2026-09-06T07:16:59.648325+00:00,15,1.22431,1.75362,1.9354308674621428,1.804728400717593,-1.9354308674621428,1.804728400717593
112206,2026-09-06T07:16:59.670366+00:00,15,1.21622,1.72957,1.927052688042229,1.7817609664002663,-1.927052688042229,1.7817609664002663
112207,2026-09-06T07:16:59.692332+00:00,15,1.22917,1.74134,1.9389556515011916,1.7929416833043088,-1.9389556515011916,1.7929416833043088
112208,2026-09-06T07:16:59.715356+00:00,15,1.23425,1.73022,1.9423441699934332,1.782067533236875,-1.9423441699934332,1.782067533236875
112209,2026-09-06T07:16:59.737352+00:00,15,1.22445,1.7322,1.9342022962041443,1.7841628535681877,-1.9342022962041443,1.7841628535681877
112210,2026-09-06T07:16:59.759338+00:00,15,1.22896,1.74924,1.9390171344225497,1.8004069983409956,-1.9390171344225497,1.8004069983409956
112211,2026-09-06T07:16:59.782325+00:00,15,1.22117,1.74747,1.9325215388812127,1.7989426855060198,-1.9325215388812127,1.7989426855060198
112212,2026-09-06T07:16:59.804373+00:00,15,1.20862,1.7558,1.9225469299164675,1.807221210282843,-1.9225469299164675,1.807221210282843
112213,2026-09-06T07:16:59.826337+00:00,15,1.22863,1.73106,1.9375032192560333,1.7829165922282397,-1.9375032192560333,1.7829165922282397
112214,2026-09-06T07:16:59.848326+00:00,15,1.24371,1.75918,1.9520356851112348,1.8096577715310902,-1.9520356851112348,1.8096577715310902
112215,2026-09-06T07:16:59.871329+00:00,15,1.2659,1.76474,1.9711493477664075,1.8146004508412312,-1.9711493477664075,1.8146004508412312
112216,2026-09-06T07:16:59.893340+00:00,15,1.22753,1.76835,1.938949872728766,1.8187570404149767,-1.938949872728766,1.8187570404149767
112217,2026-09-06T07:16:59.915355+00:00,15,1.2543,1.74879,1.9603447851218936,1.7994964463687781,-1.9603447851218936,1.7994964463687781
112218,2026-09-06T07:16:59.937361+00:00,15,1.27034,1.75613,1.9741244094636836,1.8061419642319259,-1.9741244094636836,1.8061419642319259
112219,2026-09-06T07:16:59.965356+00:00,15,1.23424,1.74181,1.9430700859788481,1.7932042660207999,-1.9430700859788481,1.7932042660207999
112220,2026-09-06T07:16:59.987308+00:00,15,1.22532,1.72608,1.934414237438788,1.7782036299031816,-1.934414237438788,1.7782036299031816
112221,2026-09-06T07:17:00.010328+00:00,15,1.20667,1.75824,1.9208342963624263,1.8094899774954754,-1.9208342963624263,1.8094899774954754
112222,2026-09-06T07:17:00.032343+00:00,15,1.22572,1.73792,1.9357211057798305,1.789664734880701,-1.9357211057798305,1.789664734880701
112223,2026-09-06T07:17:00.054332+00:00,15,1.19561,1.697,1.9081804163016727,1.75113271150364,-1.9081804163016727,1.75113271150364
112224,2026-09-06T07:17:00.077334+00:00,15,1.24676,1.74462,1.9537976494537042,1.7956676294321186,-1.9537976494537042,1.7956676294321186
112225,2026-09-06T07:17:00.099334+00:00,15,1.23218,1.71627,1.9397249617247676,1.768708867816774,-1.9397249617247676,1.768708867816774
112226,2026-09-06T07:17:00.121321+00:00,15,1.2317,1.73717,1.9406722230400273,1.788811920039245,-1.9406722230400273,1.788811920039245
112227,2026-09-06T07:17:00.160330+00:00,15,1.19879,1.74262,1.9132690965811487,1.7946676634745848,-1.9132690965811487,1.7946676634745848
112228,2026-09-06T07:17:00.182320+00:00,15,1.2152,1.73903,1.9270743283037086,1.7910068700472084,-1.9270743283037086,1.7910068700472084
112229,2026-09-06T07:17:00.205326+00:00,15,1.21848,1.7393,1.9299042638861756,1.7912319906479686,-1.9299042638861756,1.7912319906479686
112230,2026-09-06T07:17:00.227341+00:00,15,1.24345,1.74328,1.9509550068652088,1.7944639650314864,-1.9509550068652088,1.7944639650314864
112231,2026-09-06T07:17:00.249338+00:00,15,1.22341,1.75848,1.9349273064505157,1.8093883994646687,-1.9349273064505157,1.8093883994646687
112232,2026-09-06T07:17:00.271336+00:00,15,1.24928,1.74165,1.955631388907469,1.7927166589277317,-1.955631388907469,1.7927166589277317
112233,2026-09-06T07:17:00.299368+00:00,15,1.21231,1.75018,1.925177117290935,1.8016869050880373,-1.925177117290935,1.8016869050880373
112234,2026-09-06T07:17:00.321326+00:00,15,1.20559,1.75372,1.9196545529925488,1.8051845350092313,-1.9196545529925488,1.8051845350092313
112235,2026-09-06T07:17:00.342425+00:00,15,1.2265,1.75029,1.9369201343908835,1.8014164165349915,-1.9369201343908835,1.8014164165349915
112236,2026-09-06T07:17:00.366309+00:00,15,1.2246,1.74973,1.9353970297341807,1.800972214631708,-1.9353970297341807,1.800972214631708
112237,2026-09-06T07:17:00.388323+00:00,15,1.22655,1.72893,1.9357933572731376,1.7809844109849626,-1.9357933572731376,1.7809844109849626
112238,2026-09-06T07:17:00.410341+00:00,15,1.22933,1.72081,1.93764337785022,1.7731484881834354,-1.93764337785022,1.7731484881834354
112239,2026-09-06T07:17:00.432316+00:00,15,1.20987,1.75002,1.9233108914015258,1.8016797089896133,-1.9233108914015258,1.8016797089896133
112240,2026-09-06T07:17:00.455330+00:00,15,1.22763,1.73637,1.9372299401618411,1.788135557229857,-1.9372299401618411,1.788135557229857
112241,2026-09-06T07:17:00.477322+00:00,15,1.21035,1.73552,1.9226786286730309,1.7876881016114847,-1.9226786286730309,1.7876881016114847
112242,2026-09-06T07:17:00.499361+00:00,15,1.19328,1.7445,1.9090283484520927,1.7967156220426783,-1.9090283484520927,1.7967156220426783
112243,2026-09-06T07:17:00.522362+00:00,15,1.22893,1.73116,1.937947995817522,1.7830874768534246,-1.937947995817522,1.7830874768534246
112244,2026-09-06T07:17:00.544327+00:00,15,1.21039,1.75986,1.9243740845337498,1.8111324151235464,-1.9243740845337498,1.8111324151235464
112245,2026-09-06T07:17:00.566338+00:00,15,1.23005,1.75552,1.9401761918962388,1.8063506777744136,-1.9401761918962388,1.8063506777744136
112246,2026-09-06T07:17:00.588359+00:00,15,1.23537,1.7546,1.9448410347336467,1.8054755097402861,-1.9448410347336467,1.8054755097402861
112247,2026-09-06T07:17:00.610328+00:00,15,1.25082,1.75485,1.9576711720813131,1.805332821513351,-1.9576711720813131,1.805332821513351
112248,2026-09-06T07:17:00.660366+00:00,15,1.19994,1.73537,1.9137183310393195,1.7876536778501786,-1.9137183310393195,1.7876536778501786
112249,2026-09-06T07:17:00.682351+00:00,15,1.21183,1.73953,1.924241068563265,1.7915434345104,-1.924241068563265,1.7915434345104
112250,2026-09-06T07:17:00.705337+00:00,15,1.2004,1.75607,1.9156617283323838,1.8076434020856467,-1.9156617283323838,1.8076434020856467
112251,2026-09-06T07:17:00.727359+00:00,15,1.2104,1.73824,1.9228587991311665,1.790282562364625,-1.9228587991311665,1.790282562364625
112252,2026-09-06T07:17:00.749350+00:00,15,1.21152,1.72552,1.9229450556013754,1.778022554499511,-1.9229450556013754,1.778022554499511
112253,2026-09-06T07:17:00.771341+00:00,15,1.2305,1.73073,1.939400366272399,1.782728499494765,-1.939400366272399,1.782728499494765
112254,2026-09-06T07:17:00.794325+00:00,15,1.23497,1.73107,1.9431544956101847,1.7829553193479897,-1.9431544956101847,1.7829553193479897
112255,2026-09-06T07:17:00.816348+00:00,15,1.21254,1.7353,1.9244658884437311,1.7874083604245978,-1.9244658884437311,1.7874083604245978
112256,2026-09-06T07:17:00.838375+00:00,15,1.21144,1.74676,1.9242075449132119,1.7984110200377887,-1.9242075449132119,1.7984110200377887
112257,2026-09-06T07:17:00.861341+00:00,15,1.23439,1.73208,1.9427051656655299,1.7839199792976475,-1.9427051656655299,1.7839199792976475
112258,2026-09-06T07:17:00.883406+00:00,15,1.23054,1.76752,1.9413631051297409,1.8178734947534052,-1.9413631051297409,1.8178734947534052
112259,2026-09-06T07:17:00.905355+00:00,15,1.23172,1.76685,1.94251269398403,1.817304972074734,-1.94251269398403,1.817304972074734
112260,2026-09-06T07:17:00.927338+00:00,15,1.21981,1.76885,1.9326250992547302,1.8194500157859215,-1.9326250992547302,1.8194500157859215
112261,2026-09-06T07:17:00.948438+00:00,15,1.22269,1.76823,1.934816591434286,1.8187181464045643,-1.934816591434286,1.8187181464045643
112262,2026-09-06T07:17:00.977346+00:00,15,1.19491,1.73398,1.9096970274234706,1.7865623662326215,-1.9096970274234706,1.7865623662326215
112263,2026-09-06T07:17:00.999367+00:00,15,1.21352,1.72723,1.9248799392953546,1.7796934615878528,-1.9248799392953546,1.7796934615878528
112264,2026-09-06T07:17:01.021386+00:00,15,1.21357,1.73782,1.9256381177708177,1.7898776503692657,-1.9256381177708177,1.7898776503692657
112265,2026-09-06T07:17:01.053434+00:00,15,1.21983,1.74095,1.9309512217912281,1.7926948759526036,-1.9309512217912281,1.7926948759526036
112266,2026-09-06T07:17:01.071397+00:00,15,1.19161,1.74572,1.9074831830490613,1.7978182287525337,-1.9074831830490613,1.7978182287525337
112267,2026-09-06T07:17:01.094387+00:00,15,1.22403,1.74787,1.9348055814696832,1.7991996952258504,-1.9348055814696832,1.7991996952258504
112268,2026-09-06T07:17:01.116478+00:00,15,1.2176,1.74555,1.9293243008243042,1.797134173971907,-1.9293243008243042,1.797134173971907
112269,2026-09-06T07:17:01.137430+00:00,15,1.21116,1.73427,1.9232498748159148,1.7864503461286108,-1.9232498748159148,1.7864503461286108
112270,2026-09-06T07:17:01.177373+00:00,15,1.20495,1.74684,1.9188435177507552,1.798661092327497,-1.9188435177507552,1.798661092327497
112271,2026-09-06T07:17:01.210341+00:00,15,1.22151,1.74854,1.932630800185931,1.7998526522423555,-1.932630800185931,1.7998526522423555
112272,2026-09-06T07:17:01.227451+00:00,15,1.22415,1.76993,1.9363384872452618,1.8204008059292929,-1.9363384872452618,1.8204008059292929
112273,2026-09-06T07:17:01.249366+00:00,15,1.25252,1.74767,1.9585433301042368,1.7983467927661991,-1.9585433301042368,1.7983467927661991
112274,2026-09-06T07:17:01.272352+00:00,15,1.23066,1.75245,1.940606441561487,1.803442140825586,-1.940606441561487,1.803442140825586
112275,2026-09-06T07:17:01.293453+00:00,15,1.20903,1.77526,1.9238516159126027,1.8257805840284949,-1.9238516159126027,1.8257805840284949
112276,2026-09-06T07:17:01.322352+00:00,15,1.23043,1.7552,1.940759941744554,1.8061746836659387,-1.940759941744554,1.8061746836659387
112277,2026-09-06T07:17:01.343434+00:00,15,1.22497,1.72493,1.9341879251559138,1.777168327571922,-1.9341879251559138,1.777168327571922
112278,2026-09-06T07:17:01.366356+00:00,15,1.2222,1.74188,1.9330400729275432,1.7935542302373173,-1.9330400729275432,1.7935542302373173
112279,2026-09-06T07:17:01.388427+00:00,15,1.21994,1.74491,1.9311600252744554,1.7964243811325922,-1.9311600252744554,1.7964243811325922
112280,2026-09-06T07:17:01.410441+00:00,15,1.21022,1.73265,1.922299120953153,1.784889190740059,-1.922299120953153,1.784889190740059
112281,2026-09-06T07:17:01.433372+00:00,15,1.21748,1.74777,1.9293605614848492,1.7992678577944428,-1.9293605614848492,1.7992678577944428
112282,2026-09-06T07:17:01.455367+00:00,15,1.22175,1.75404,1.933239998508879,1.8051547295165666,-1.933239998508879,1.8051547295165666
112283,2026-09-06T07:17:01.477428+00:00,15,1.22461,1.75065,1.935438660514784,1.8018520961784468,-1.935438660514784,1.8018520961784468
112284,2026-09-06T07:17:01.500380+00:00,15,1.20442,1.7507,1.9184193932581535,1.8022724979662879,-1.9184193932581535,1.8022724979662879
112285,2026-09-06T07:17:01.521458+00:00,15,1.21456,1.74016,1.9263424620416687,1.7919780589368068,-1.9263424620416687,1.7919780589368068
112286,2026-09-06T07:17:01.545374+00:00,15,1.21423,1.75329,1.9269853857631634,1.8046418611469905,-1.9269853857631634,1.8046418611469905
112287,2026-09-06T07:17:01.566436+00:00,15,1.20287,1.76394,1.918057983557817,1.8150773274149636,-1.918057983557817,1.8150773274149636
112288,2026-09-06T07:17:01.589415+00:00,15,1.22044,1.77436,1.9334072593194744,1.824691151743831,-1.9334072593194744,1.824691151743831
112289,2026-09-06T07:17:01.610439+00:00,15,1.23734,1.7607,1.9470071025720936,1.8113547325647605,-1.9470071025720936,1.8113547325647605
112290,2026-09-06T07:17:01.633347+00:00,15,1.2473,1.77299,1.9559722728352795,1.822876273409847,-1.9559722728352795,1.822876273409847
112291,2026-09-06T07:17:01.683378+00:00,15,1.23712,1.7529,1.9461500607129143,1.8037840023614435,-1.9461500607129143,1.8037840023614435
112292,2026-09-06T07:17:01.705360+00:00,15,1.22624,1.74931,1.936611379551942,1.8004685322788514,-1.936611379551942,1.8004685322788514
112293,2026-09-06T07:17:01.727426+00:00,15,1.20513,1.73969,1.9184320690050782,1.7917407321948717,-1.9184320690050782,1.7917407321948717
112294,2026-09-06T07:17:01.749436+00:00,15,1.22711,1.76732,1.938576651651274,1.8178012170530211,-1.938576651651274,1.8178012170530211
112295,2026-09-06T07:17:01.772390+00:00,15,1.21523,1.75923,1.9282257654891395,1.8103336246130448,-1.9282257654891395,1.8103336246130448
112296,2026-09-06T07:17:01.793446+00:00,15,1.19395,1.74891,1.9095529356218568,1.8007865076255838,-1.9095529356218568,1.8007865076255838
112297,2026-09-06T07:17:01.816439+00:00,15,1.21248,1.7581,1.9255936967841896,1.8091933508400966,-1.9255936967841896,1.8091933508400966
112298,2026-09-06T07:17:01.838456+00:00,15,1.21785,1.74947,1.9298179059112346,1.8009174107347747,-1.9298179059112346,1.8009174107347747
112299,2026-09-06T07:17:01.861422+00:00,15,1.21394,1.74197,1.9258389729236682,1.793680805871152,-1.9258389729236682,1.793680805871152
112300,2026-09-06T07:17:01.884374+00:00,15,1.22305,1.76037,1.9345441505398704,1.811120825976761,-1.9345441505398704,1.811120825976761
112301,2026-09-06T07:17:01.905453+00:00,15,1.22718,1.76256,1.9384278569757203,1.8132716140292402,-1.9384278569757203,1.8132716140292402
112302,2026-09-06T07:17:01.928375+00:00,15,1.2343,1.76148,1.9441343916703688,1.8119874617874367,-1.9441343916703688,1.8119874617874367
112303,2026-09-06T07:17:01.949454+00:00,15,1.22282,1.77181,1.9351470831887483,1.8221485797006243,-1.9351470831887483,1.8221485797006243
112304,2026-09-06T07:17:01.971434+00:00,15,1.2354,1.76371,1.945638596572186,1.814316395503757,-1.945638596572186,1.814316395503757
112305,2026-09-06T07:17:02.000405+00:00,15,1.21925,1.75829,1.9315263372105569,1.8093392481568717,-1.9315263372105569,1.8093392481568717
112306,2026-09-06T07:17:02.022391+00:00,15,1.20031,1.74954,1.9148013696539667,1.801193974754246,-1.9148013696539667,1.801193974754246
112307,2026-09-06T07:17:02.043449+00:00,15,1.22449,1.76623,1.9362671374871503,1.8167893672753135,-1.9362671374871503,1.8167893672753135
112308,2026-09-06T07:17:02.066400+00:00,15,1.22497,1.73941,1.9350813771963162,1.7910660231762099,-1.9350813771963162,1.7910660231762099
112309,2026-09-06T07:17:02.088449+00:00,15,1.20221,1.7638,1.917270820432869,1.8148432519516218,-1.917270820432869,1.8148432519516218
112310,2026-09-06T07:17:02.111400+00:00,15,1.20799,1.7658,1.9224985792842486,1.8167707055096098,-1.9224985792842486,1.8167707055096098
112311,2026-09-06T07:17:02.132438+00:00,15,1.21817,1.74839,1.9301296187949724,1.7999176977885785,-1.9301296187949724,1.7999176977885785
112312,2026-09-06T07:17:02.156369+00:00,15,1.20142,1.7616,1.9167621473505108,1.8128903160201892,-1.9167621473505108,1.8128903160201892
112313,2026-09-06T07:17:02.195501+00:00,15,1.20576,1.74801,1.9195306815499786,1.7997355584192134,-1.9195306815499786,1.7997355584192134
112314,2026-09-06T07:17:02.218396+00:00,15,1.21787,1.73929,1.9291687964339423,1.7911212367974496,-1.9291687964339423,1.7911212367974496
112315,2026-09-06T07:17:02.239465+00:00,15,1.22307,1.76411,1.9351562701329683,1.8148784098316069,-1.9351562701329683,1.8148784098316069
112316,2026-09-06T07:17:02.262380+00:00,15,1.22783,1.75665,1.9385035658063006,1.8075342067886622,-1.9385035658063006,1.8075342067886622
112317,2026-09-06T07:17:02.284380+00:00,15,1.23618,1.77442,1.9470799786278574,1.8246355176641145,-1.9470799786278574,1.8246355176641145
112318,2026-09-06T07:17:02.316406+00:00,15,1.21135,1.76661,1.9252400460453127,1.8174109547745496,-1.9252400460453127,1.8174109547745496
112319,2026-09-06T07:17:02.344372+00:00,15,1.21157,1.75215,1.924556535487265,1.8035458634557093,-1.924556535487265,1.8035458634557093
112320,2026-09-06T07:17:02.365449+00:00,15,1.22573,1.74011,1.9356010929982737,1.7916388701975416,-1.9356010929982737,1.7916388701975416
112321,2026-09-06T07:17:02.387441+00:00,15,1.23549,1.73204,1.943513694656886,1.7838015183854707,-1.943513694656886,1.7838015183854707
112322,2026-09-06T07:17:02.410465+00:00,15,1.23117,1.75263,1.9410304566298018,1.8035908682336481,-1.9410304566298018,1.8035908682336481
112323,2026-09-06T07:17:02.433365+00:00,15,1.22101,1.73197,1.9312481088455888,1.783978983469489,-1.9312481088455888,1.783978983469489
112324,2026-09-06T07:17:02.455402+00:00,15,1.21907,1.74975,1.930977295430883,1.8012138674362146,-1.930977295430883,1.8012138674362146
112325,2026-09-06T07:17:02.477360+00:00,15,1.21427,1.74068,1.9262475364687601,1.7925403007305647,-1.9262475364687601,1.7925403007305647
112326,2026-09-06T07:17:02.500402+00:00,15,1.22136,1.73863,1.931919783906997,1.7903537605627344,-1.931919783906997,1.7903537605627344
112327,2026-09-06T07:17:02.521433+00:00,15,1.21056,1.72353,1.9220174215011634,1.7761277170804433,-1.9220174215011634,1.7761277170804433
112328,2026-09-06T07:17:02.543403+00:00,15,1.21253,1.75025,1.925468380397511,1.8017958114853414,-1.925468380397511,1.8017958114853414
112329,2026-09-06T07:17:02.567401+00:00,15,1.22568,1.73183,1.9353964371929204,1.7838605610137523,-1.9353964371929204,1.7838605610137523
112330,2026-09-06T07:17:02.589404+00:00,15,1.2145,1.74495,1.9266934317362114,1.7966286253768673,-1.9266934317362114,1.7966286253768673
112331,2026-09-06T07:17:02.610413+00:00,15,1.21502,1.77318,1.9288705785613494,1.8237169848781143,-1.9288705785613494,1.8237169848781143
112332,2026-09-06T07:17:02.633390+00:00,15,1.21283,1.76398,1.9264383711261328,1.8149203625023662,-1.9264383711261328,1.8149203625023662
112333,2026-09-06T07:17:02.654465+00:00,15,1.25078,1.77116,1.9587769322587492,1.821044762037429,-1.9587769322587492,1.821044762037429
112334,2026-09-06T07:17:02.706378+00:00,15,1.20155,1.75945,1.9165441207474128,1.8107316235696544,-1.9165441207474128,1.8107316235696544
112335,2026-09-06T07:17:02.728402+00:00,15,1.22129,1.7434,1.9321169714371549,1.794912752427212,-1.9321169714371549,1.794912752427212
112336,2026-09-06T07:17:02.749464+00:00,15,1.19973,1.76338,1.915378320543898,1.8145952271250396,-1.915378320543898,1.8145952271250396
112337,2026-09-06T07:17:02.771410+00:00,15,1.21672,1.73707,1.9278424736960733,1.7889120405562673,-1.9278424736960733,1.7889120405562673
112338,2026-09-06T07:17:02.805378+00:00,15,1.2222,1.75894,1.9337474748069872,1.809762467997844,-1.9337474748069872,1.809762467997844
112339,2026-09-06T07:17:02.821428+00:00,15,1.21735,1.75142,1.9293918294080956,1.8027328491367138,-1.9293918294080956,1.8027328491367138
112340,2026-09-06T07:17:02.843414+00:00,15,1.21301,1.74898,1.9253697235594152,1.8003752702105076,-1.9253697235594152,1.8003752702105076
112341,2026-09-06T07:17:02.866426+00:00,15,1.21768,1.74737,1.9293441822117334,1.7988017839977937,-1.9293441822117334,1.7988017839977937
112342,2026-09-06T07:17:02.888424+00:00,15,1.2238,1.74886,1.9346279288804649,1.8001310950756828,-1.9346279288804649,1.8001310950756828
112343,2026-09-06T07:17:02.911378+00:00,15,1.21484,1.76343,1.9280310048262526,1.8143204070959298,-1.9280310048262526,1.8143204070959298
112344,2026-09-06T07:17:02.932446+00:00,15,1.2329,1.77221,1.9438771278098188,1.8224483405855907,-1.9438771278098188,1.8224483405855907
112345,2026-09-06T07:17:02.955485+00:00,15,1.22129,1.76029,1.933256330006762,1.8111637884701566,-1.933256330006762,1.8111637884701566
112346,2026-09-06T07:17:02.977467+00:00,15,1.23961,1.75296,1.9481632718021655,1.803747262457562,-1.9481632718021655,1.803747262457562
112347,2026-09-06T07:17:02.999431+00:00,15,1.2265,1.7862,1.939362208276253,1.8359991021737072,-1.939362208276253,1.8359991021737072
112348,2026-09-06T07:17:03.028401+00:00,15,1.2073,1.74782,1.9207618473978918,1.7994988721288496,-1.9207618473978918,1.7994988721288496
112349,2026-09-06T07:17:03.049413+00:00,15,1.21407,1.746,1.9261948331051795,1.7975482345011797,-1.9261948331051795,1.7975482345011797
112350,2026-09-06T07:17:03.071488+00:00,15,1.20283,1.76103,1.9178862399528902,1.8123019152723019,-1.9178862399528902,1.8123019152723019
112351,2026-09-06T07:17:03.094389+00:00,15,1.22378,1.76262,1.935478940634851,1.8133517088870874,-1.935478940634851,1.8133517088870874
112352,2026-09-06T07:17:03.116460+00:00,15,1.20158,1.74433,1.9153870712394736,1.7961012702511296,-1.9153870712394736,1.7961012702511296
112353,2026-09-06T07:17:03.139395+00:00,15,1.21852,1.75872,1.930760316808358,1.8096884383665361,-1.930760316808358,1.8096884383665361
112354,2026-09-06T07:17:03.160412+00:00,15,1.21154,1.73979,1.923892317733541,1.791728856200371,-1.923892317733541,1.791728856200371
112355,2026-09-06T07:17:03.183462+00:00,15,1.21459,1.75088,1.9269818051773433,1.8022506266506,-1.9269818051773433,1.8022506266506
112356,2026-09-06T07:17:03.223393+00:00,15,1.21059,1.77095,1.9249312951862483,1.8216234223143097,-1.9249312951862483,1.8216234223143097
112357,2026-09-06T07:17:03.246422+00:00,15,1.23311,1.75295,1.9428017749083224,1.8039139527028585,-1.9428017749083224,1.8039139527028585
112358,2026-09-06T07:17:03.267474+00:00,15,1.23375,1.79505,1.945946285389329,1.844326522243573,-1.945946285389329,1.844326522243573
112359,2026-09-06T07:17:03.289450+00:00,15,1.25493,1.77362,1.9619846470991764,1.823109532414998,-1.9619846470991764,1.823109532414998
112360,2026-09-06T07:17:03.311426+00:00,15,1.23284,1.7836,1.9443718686129519,1.8333016364816763,-1.9443718686129519,1.8333016364816763
112361,2026-09-06T07:17:03.333430+00:00,15,1.24234,1.78982,1.952777676755928,1.8390981666382953,-1.952777676755928,1.8390981666382953
112362,2026-09-06T07:17:03.362384+00:00,15,1.22018,1.74619,1.9315102151783488,1.7976918332094916,-1.9315102151783488,1.7976918332094916
112363,2026-09-06T07:17:03.383458+00:00,15,1.2187,1.7418,1.9300046345014332,1.7935090904781292,-1.9300046345014332,1.7935090904781292
112364,2026-09-06T07:17:03.405468+00:00,15,1.22508,1.75779,1.936423493476492,1.8087556693616906,-1.936423493476492,1.8087556693616906
112365,2026-09-06T07:17:03.428473+00:00,15,1.23595,1.73117,1.943770224162405,1.7829259342778616,-1.943770224162405,1.7829259342778616
112366,2026-09-06T07:17:03.450589+00:00,15,1.21892,1.74509,1.9301474754053989,1.7965425455041297,-1.9301474754053989,1.7965425455041297
112367,2026-09-06T07:17:03.473430+00:00,15,1.21369,1.76509,1.9273928310050477,1.8160405302918161,-1.9273928310050477,1.8160405302918161
112368,2026-09-06T07:17:03.494478+00:00,15,1.23066,1.74553,1.940001821703138,1.7967070033111348,-1.940001821703138,1.7967070033111348
112369,2026-09-06T07:17:03.517498+00:00,15,1.20983,1.75625,1.923342633141367,1.8075070408264837,-1.923342633141367,1.8075070408264837
112370,2026-09-06T07:17:03.539423+00:00,15,1.21676,1.75625,1.9292658532376241,1.8074148702382702,-1.9292658532376241,1.8074148702382702
112371,2026-09-06T07:17:03.561537+00:00,15,1.23081,1.76304,1.9413866110290225,1.813596072453939,-1.9413866110290225,1.813596072453939
112372,2026-09-06T07:17:03.585390+00:00,15,1.20168,1.74955,1.9160615893173392,1.8012331068676954,-1.9160615893173392,1.8012331068676954
112373,2026-09-06T07:17:03.606403+00:00,15,1.20315,1.7536,1.9176275673532757,1.805131498657971,-1.9176275673532757,1.805131498657971
112374,2026-09-06T07:17:03.628466+00:00,15,1.22243,1.7612,1.9343542404597123,1.8120591959777834,-1.9343542404597123,1.8120591959777834
112375,2026-09-06T07:17:03.650439+00:00,15,1.22455,1.78241,1.9374837456103016,1.8323994442064586,-1.9374837456103016,1.8323994442064586
112376,2026-09-06T07:17:03.672413+00:00,15,1.2508,1.7668,1.9583807448948352,1.8167877609874992,-1.9583807448948352,1.8167877609874992
112377,2026-09-06T07:17:03.724418+00:00,15,1.21902,1.74356,1.9302427132858404,1.7951305197356102,-1.9302427132858404,1.7951305197356102
112378,2026-09-06T07:17:03.745468+00:00,15,1.23938,1.76915,1.9491100033162723,1.8193552583737544,-1.9491100033162723,1.8193552583737544
112379,2026-09-06T07:17:03.767440+00:00,15,1.22423,1.74689,1.9350750659087887,1.7983387745620074,-1.9350750659087887,1.7983387745620074
112380,2026-09-06T07:17:03.789501+00:00,15,1.22036,1.75631,1.9322290071657642,1.807370023917325,-1.9322290071657642,1.807370023917325
112381,2026-09-06T07:17:03.813396+00:00,15,1.2316,1.75759,1.9417542621862078,1.808371264362975,-1.9417542621862078,1.808371264362975
112382,2026-09-06T07:17:03.834509+00:00,15,1.22754,1.75767,1.9385621175158498,1.808640624282201,-1.9385621175158498,1.808640624282201
112383,2026-09-06T07:17:03.856427+00:00,15,1.2195,1.72672,1.929610203972411,1.7789577621577635,-1.929610203972411,1.7789577621577635
112384,2026-09-06T07:17:03.878489+00:00,15,1.23637,1.74335,1.9447814497784517,1.7945586062892318,-1.9447814497784517,1.7945586062892318
112385,2026-09-06T07:17:03.900488+00:00,15,1.23187,1.74821,1.9415547793411458,1.7994357894269064,-1.9415547793411458,1.7994357894269064
112386,2026-09-06T07:17:03.924413+00:00,15,1.23944,1.72928,1.9466107659855625,1.7810452490551798,-1.9466107659855625,1.7810452490551798
112387,2026-09-06T07:17:03.945416+00:00,15,1.22794,1.77434,1.939597035084615,1.824467246807493,-1.939597035084615,1.824467246807493
112388,2026-09-06T07:17:03.967490+00:00,15,1.2244,1.75506,1.9356199274458117,1.806128208363318,-1.9356199274458117,1.806128208363318
112389,2026-09-06T07:17:03.989423+00:00,15,1.24439,1.75366,1.952282318757723,1.8043548642325233,-1.952282318757723,1.8043548642325233
112390,2026-09-06T07:17:04.012441+00:00,15,1.22766,1.75745,1.938393882384484,1.8082916085414655,-1.938393882384484,1.8082916085414655
112391,2026-09-06T07:17:04.041426+00:00,15,1.2171,1.72547,1.927748143833891,1.7779134812236712,-1.927748143833891,1.7779134812236712
112392,2026-09-06T07:17:04.062440+00:00,15,1.23321,1.73249,1.9415511782210737,1.7842475196510459,-1.9415511782210737,1.7842475196510459
112393,2026-09-06T07:17:04.084445+00:00,15,1.20827,1.77116,1.9230428453627362,1.8218911609905524,-1.9230428453627362,1.8218911609905524
112394,2026-09-06T07:17:04.107506+00:00,15,1.22606,1.75067,1.936771489894756,1.8018892985914876,-1.936771489894756,1.8018892985914876
112395,2026-09-06T07:17:04.129488+00:00,15,1.20973,1.7584,1.9232466661938723,1.8094987645921097,-1.9232466661938723,1.8094987645921097
112396,2026-09-06T07:17:04.152414+00:00,15,1.21656,1.75737,1.9291767461401728,1.8085017999209931,-1.9291767461401728,1.8085017999209931
112397,2026-09-06T07:17:04.173413+00:00,15,1.24038,1.76676,1.9496225342513522,1.816954596539,-1.9496225342513522,1.816954596539
112398,2026-09-06T07:17:04.196471+00:00,15,1.21616,1.75982,1.9289167362879869,1.810823598246516,-1.9289167362879869,1.810823598246516
112399,2026-09-06T07:17:04.236431+00:00,15,1.24231,1.74027,1.9498098529707353,1.7915958707242492,-1.9498098529707353,1.7915958707242492
112400,2026-09-06T07:17:04.259434+00:00,15,1.21279,1.74645,1.9252366437576265,1.7980464996523398,-1.9252366437576265,1.7980464996523398
112401,2026-09-06T07:17:04.280506+00:00,15,1.24132,1.77423,1.9509783199124018,1.824161118027897,-1.9509783199124018,1.824161118027897
112402,2026-09-06T07:17:04.302428+00:00,15,1.25115,1.77083,1.9589645877182762,1.8206736647144606,-1.9589645877182762,1.8206736647144606
112403,2026-09-06T07:17:04.324697+00:00,15,1.26238,1.78993,1.9694119153452723,1.838695553086995,-1.9694119153452723,1.838695553086995
112404,2026-09-06T07:17:04.347497+00:00,15,1.25719,1.79649,1.9656268813958462,1.8451719768676633,-1.9656268813958462,1.8451719768676633
112405,2026-09-06T07:17:04.376515+00:00,15,1.22074,1.74245,1.9317125297766482,1.7940765810457475,-1.9317125297766482,1.7940765810457475
112406,2026-09-06T07:17:04.397523+00:00,15,1.22637,1.73714,1.9361073175918209,1.7888560668489262,-1.9361073175918209,1.7888560668489262
112407,2026-09-06T07:17:04.419493+00:00,15,1.22143,1.73771,1.9320316590074398,1.7895190483837606,-1.9320316590074398,1.7895190483837606
112408,2026-09-06T07:17:04.442512+00:00,15,1.21417,1.74086,1.9260914007984413,1.7926713482054653,-1.9260914007984413,1.7926713482054653
112409,2026-09-06T07:17:04.464504+00:00,15,1.23954,1.75988,1.9485597172577094,1.81040745347483,-1.9485597172577094,1.81040745347483
112410,2026-09-06T07:17:04.487480+00:00,15,1.23406,1.72939,1.9421397683937935,1.7812824181553082,-1.9421397683937935,1.7812824181553082
112411,2026-09-06T07:17:04.508454+00:00,15,1.21936,1.73344,1.9299560617905474,1.7854283954026917,-1.9299560617905474,1.7854283954026917
112412,2026-09-06T07:17:04.532136+00:00,15,1.22431,1.74351,1.9347423593065234,1.7949932894092289,-1.9347423593065234,1.7949932894092289
112413,2026-09-06T07:17:04.553435+00:00,15,1.22605,1.74696,1.9365376145734887,1.79832849216067,-1.9365376145734887,1.79832849216067
112414,2026-09-06T07:17:04.575508+00:00,15,1.21872,1.7357,1.9296229234647326,1.787636853703529,-1.9296229234647326,1.787636853703529
112415,2026-09-06T07:17:04.599457+00:00,15,1.2104,1.75203,1.9235142790884612,1.8034312547635878,-1.9235142790884612,1.8034312547635878
112416,2026-09-06T07:17:04.620428+00:00,15,1.22219,1.75758,1.9341595052936769,1.8087056783787112,-1.9341595052936769,1.8087056783787112
112417,2026-09-06T07:17:04.642437+00:00,15,1.22144,1.7607,1.9334279394884002,1.8115776034679278,-1.9334279394884002,1.8115776034679278
112418,2026-09-06T07:17:04.664494+00:00,15,1.24332,1.77774,1.9531331682096327,1.8276124740061355,-1.9531331682096327,1.8276124740061355
112419,2026-09-06T07:17:04.686438+00:00,15,1.23629,1.77879,1.9471721514232447,1.8287046269972207,-1.9471721514232447,1.8287046269972207
112420,2026-09-06T07:17:04.737429+00:00,15,1.22016,1.75438,1.932085404224334,1.805597966451329,-1.932085404224334,1.805597966451329
112421,2026-09-06T07:17:04.758455+00:00,15,1.20652,1.74988,1.920350999222144,1.8015500596267953,-1.920350999222144,1.8015500596267953
112422,2026-09-06T07:17:04.781429+00:00,15,1.22974,1.73932,1.9391214121548404,1.7908987727701486,-1.9391214121548404,1.7908987727701486
112423,2026-09-06T07:17:04.803520+00:00,15,1.22357,1.73123,1.9334288225425151,1.7832549140585305,-1.9334288225425151,1.7832549140585305
112424,2026-09-06T07:17:04.826421+00:00,15,1.23059,1.73956,1.9399446587351266,1.7911572610960504,-1.9399446587351266,1.7911572610960504
112425,2026-09-06T07:17:04.847445+00:00,15,1.23095,1.74756,1.940553477479661,1.79874502826443,-1.940553477479661,1.79874502826443
112426,2026-09-06T07:17:04.870458+00:00,15,1.23622,1.7516,1.9452165492402667,1.8024993157800753,-1.9452165492402667,1.8024993157800753
112427,2026-09-06T07:17:04.892508+00:00,15,1.22172,1.75657,1.9333470427207178,1.8075749933238725,-1.9333470427207178,1.8075749933238725
112428,2026-09-06T07:17:04.914472+00:00,15,1.22263,1.73324,1.9328785360451268,1.7852543818642315,-1.9328785360451268,1.7852543818642315
112429,2026-09-06T07:17:04.938432+00:00,15,1.22987,1.74114,1.9393155401486835,1.792634263996602,-1.9393155401486835,1.792634263996602
112430,2026-09-06T07:17:04.959500+00:00,15,1.21034,1.75834,1.9241392827996462,1.8096157171795382,-1.9241392827996462,1.8096157171795382
112431,2026-09-06T07:17:04.981536+00:00,15,1.22324,1.76067,1.9350450710635274,1.8115591174315624,-1.9350450710635274,1.8115591174315624
112432,2026-09-06T07:17:05.003482+00:00,15,1.26467,1.7758,1.9708282151429255,1.8252605308296999,-1.9708282151429255,1.8252605308296999
112433,2026-09-06T07:17:05.026597+00:00,15,1.22618,1.76338,1.9376038225542085,1.8140635037326738,-1.9376038225542085,1.8140635037326738
112434,2026-09-06T07:17:05.054532+00:00,15,1.2156,1.73981,1.9271710206170365,1.7916117723238563,-1.9271710206170365,1.7916117723238563
112435,2026-09-06T07:17:05.076491+00:00,15,1.20653,1.74199,1.9199548890321714,1.7940115432535764,-1.9199548890321714,1.7940115432535764
112436,2026-09-06T07:17:05.098501+00:00,15,1.20572,1.73978,1.9188275860316,1.791759650547675,-1.9188275860316,1.791759650547675
112437,2026-09-06T07:17:05.121472+00:00,15,1.20663,1.74788,1.9200493163188983,1.7994988341958067,-1.9200493163188983,1.7994988341958067
112438,2026-09-06T07:17:05.143475+00:00,15,1.23343,1.75672,1.9433323944078615,1.8075407619979493,-1.9433323944078615,1.8075407619979493
112439,2026-09-06T07:17:05.165513+00:00,15,1.21835,1.76818,1.931414857224344,1.818865748322835,-1.931414857224344,1.818865748322835
112440,2026-09-06T07:17:05.187451+00:00,15,1.23316,1.75147,1.9426111773037442,1.8024333157833232,-1.9426111773037442,1.8024333157833232
112441,2026-09-06T07:17:05.210468+00:00,15,1.21359,1.77682,1.9276261385055629,1.8271093564517007,-1.9276261385055629,1.8271093564517007
112442,2026-09-06T07:17:05.250490+00:00,15,1.22913,1.75234,1.939647917112834,1.803527161387722,-1.939647917112834,1.803527161387722
112443,2026-09-06T07:17:05.273437+00:00,15,1.22334,1.75389,1.9346272649602234,1.8050109313148015,-1.9346272649602234,1.8050109313148015
112444,2026-09-06T07:17:05.294587+00:00,15,1.24003,1.7496,1.948472943045869,1.800592765359358,-1.948472943045869,1.800592765359358
112445,2026-09-06T07:17:05.316529+00:00,15,1.21879,1.76845,1.9316968548096511,1.8190729375816,-1.9316968548096511,1.8190729375816
112446,2026-09-06T07:17:05.338549+00:00,15,1.23242,1.79378,1.9448419672001727,1.8431773597410976,-1.9448419672001727,1.8431773597410976
112447,2026-09-06T07:17:05.361513+00:00,15,1.24485,1.77645,1.9540217899068335,1.8261999944812892,-1.9540217899068335,1.8261999944812892
112448,2026-09-06T07:17:05.389547+00:00,15,1.21601,1.75795,1.9288079371442155,1.8090957796596603,-1.9288079371442155,1.8090957796596603
112449,2026-09-06T07:17:05.411456+00:00,15,1.22737,1.74955,1.9376877495510987,1.8007299120078561,-1.9376877495510987,1.8007299120078561
112450,2026-09-06T07:17:05.433481+00:00,15,1.20467,1.73958,1.9178731282244936,1.7915606289674804,-1.9178731282244936,1.7915606289674804
112451,2026-09-06T07:17:05.456527+00:00,15,1.20374,1.7538,1.918016943762162,1.8052603919698593,-1.918016943762162,1.8052603919698593
112452,2026-09-06T07:17:05.478520+00:00,15,1.2257,1.74992,1.9362095046083523,1.8010769335933106,-1.9362095046083523,1.8010769335933106
112453,2026-09-06T07:17:05.500976+00:00,15,1.21633,1.77354,1.9299714267490364,1.8240254932096882,-1.9299714267490364,1.8240254932096882
112454,2026-09-06T07:17:05.522454+00:00,15,1.20978,1.75538,1.9232735972498882,1.8066883673449141,-1.9232735972498882,1.8066883673449141
112455,2026-09-06T07:17:05.545438+00:00,15,1.24356,1.74365,1.9510272354650051,1.7947891340362818,-1.9510272354650051,1.7947891340362818
112456,2026-09-06T07:17:05.567546+00:00,15,1.21376,1.75259,1.9265083817186914,1.8039503982558878,-1.9265083817186914,1.8039503982558878
112457,2026-09-06T07:17:05.589443+00:00,15,1.23051,1.74125,1.9399689347210893,1.7927836579212375,-1.9399689347210893,1.7927836579212375
112458,2026-09-06T07:17:05.612539+00:00,15,1.21962,1.73581,1.9306233477039831,1.7878474154954471,-1.9306233477039831,1.7878474154954471
112459,2026-09-06T07:17:05.634456+00:00,15,1.23684,1.74629,1.9457214086974757,1.797540363703816,-1.9457214086974757,1.797540363703816
112460,2026-09-06T07:17:05.656484+00:00,15,1.24568,1.73323,1.9519347570396575,1.7846372276642668,-1.9519347570396575,1.7846372276642668
112461,2026-09-06T07:17:05.678543+00:00,15,1.24715,1.75261,1.9547539503078128,1.803394140849455,-1.9547539503078128,1.803394140849455
112462,2026-09-06T07:17:05.700533+00:00,15,1.24464,1.77792,1.9541099351833255,1.8276870314514293,-1.9541099351833255,1.8276870314514293
112463,2026-09-06T07:17:05.751532+00:00,15,1.21345,1.75324,1.9263481953469896,1.8046147273638473,-1.9263481953469896,1.8046147273638473
112464,2026-09-06T07:17:05.773524+00:00,15,1.21475,1.74534,1.9269517580160738,1.7970138304743462,-1.9269517580160738,1.7970138304743462
112465,2026-09-06T07:17:05.795485+00:00,15,1.22465,1.72004,1.9335588041578664,1.772458261150564,-1.9335588041578664,1.772458261150564
112466,2026-09-06T07:17:05.817530+00:00,15,1.23174,1.72451,1.9397948960627531,1.7765991100617562,-1.9397948960627531,1.7765991100617562
112467,2026-09-06T07:17:05.840544+00:00,15,1.21396,1.75002,1.9264838144764589,1.8014738069687177,-1.9264838144764589,1.8014738069687177
112468,2026-09-06T07:17:05.862531+00:00,15,1.21423,1.77225,1.9281958249931612,1.8228534133923546,-1.9281958249931612,1.8228534133923546
112469,2026-09-06T07:17:05.884532+00:00,15,1.20752,1.73435,1.9200160450911403,1.7865173623263233,-1.9200160450911403,1.7865173623263233
112470,2026-09-06T07:17:05.906529+00:00,15,1.21517,1.75026,1.9273657122215773,1.8016109364494168,-1.9273657122215773,1.8016109364494168
112471,2026-09-06T07:17:05.928513+00:00,15,1.21502,1.7581,1.9280295810456642,1.809280135184068,-1.9280295810456642,1.809280135184068
112472,2026-09-06T07:17:05.952456+00:00,15,1.22762,1.75464,1.9384306832283773,1.8057121726681227,-1.9384306832283773,1.8057121726681227
112473,2026-09-06T07:17:05.973533+00:00,15,1.23257,1.77305,1.9436967133061962,1.823274172358106,-1.9436967133061962,1.823274172358106
112474,2026-09-06T07:17:05.995469+00:00,15,1.23242,1.78067,1.943857060198644,1.830505713431635,-1.943857060198644,1.830505713431635
112475,2026-09-06T07:17:06.017489+00:00,15,1.24601,1.76317,1.9541626871524396,1.8134160630394853,-1.9541626871524396,1.8134160630394853
112476,2026-09-06T07:17:06.040487+00:00,15,1.25269,1.78479,1.961194601578755,1.834073271777614,-1.961194601578755,1.834073271777614
112477,2026-09-06T07:17:06.069447+00:00,15,1.24372,1.73877,1.9508436244264578,1.790097132536487,-1.9508436244264578,1.790097132536487
112478,2026-09-06T07:17:06.090531+00:00,15,1.21633,1.73901,1.927590764684707,1.7907685734351961,-1.927590764684707,1.7907685734351961
112479,2026-09-06T07:17:06.112517+00:00,15,1.21915,1.75163,1.930975339027958,1.802919255994694,-1.930975339027958,1.802919255994694
112480,2026-09-06T07:17:06.135475+00:00,15,1.23136,1.7347,1.9401523369092937,1.7864045009773986,-1.9401523369092937,1.7864045009773986
112481,2026-09-06T07:17:06.157537+00:00,15,1.21313,1.74405,1.9256306623366872,1.7958564109839497,-1.9256306623366872,1.7958564109839497
112482,2026-09-06T07:17:06.179511+00:00,15,1.20763,1.74956,1.9211051437498396,1.8011397878258038,-1.9211051437498396,1.8011397878258038
112483,2026-09-06T07:17:06.211486+00:00,15,1.22978,1.74854,1.9399108860711423,1.799832273804857,-1.9399108860711423,1.799832273804857
112484,2026-09-06T07:17:06.250547+00:00,15,1.20943,1.74928,1.9224920831805226,1.8007860128549185,-1.9224920831805226,1.8007860128549185
112485,2026-09-06T07:17:06.273496+00:00,15,1.21803,1.73737,1.9291010222330367,1.7892378197511387,-1.9291010222330367,1.7892378197511387
112486,2026-09-06T07:17:06.295555+00:00,15,1.21655,1.74778,1.9284190043855145,1.7992237399534405,-1.9284190043855145,1.7992237399534405
112487,2026-09-06T07:17:06.317494+00:00,15,1.21511,1.77292,1.928928798353175,1.8234538123769286,-1.928928798353175,1.8234538123769286
112488,2026-09-06T07:17:06.339474+00:00,15,1.23157,1.7723,1.9426378752000233,1.8224986760971191,-1.9426378752000233,1.8224986760971191
112489,2026-09-06T07:17:06.362501+00:00,15,1.22596,1.7562,1.9371698641587651,1.807264567105727,-1.9371698641587651,1.807264567105727
112490,2026-09-06T07:17:06.384534+00:00,15,1.22467,1.75946,1.936197422039998,1.8103829306189205,-1.936197422039998,1.8103829306189205
112491,2026-09-06T07:17:06.412531+00:00,15,1.23405,1.75191,1.9435274754133387,1.8029010913423023,-1.9435274754133387,1.8029010913423023
112492,2026-09-06T07:17:06.434549+00:00,15,1.2067,1.73737,1.91965066806864,1.789496093218429,-1.91965066806864,1.789496093218429
112493,2026-09-06T07:17:06.456500+00:00,15,1.23302,1.73134,1.9413403323789882,1.783153479478709,-1.9413403323789882,1.783153479478709
112494,2026-09-06T07:17:06.479500+00:00,15,1.23209,1.72833,1.940387527190951,1.7802842787946394,-1.940387527190951,1.7802842787946394
112495,2026-09-06T07:17:06.501547+00:00,15,1.23367,1.75335,1.943510883610033,1.8043989852234317,-1.943510883610033,1.8043989852234317
112496,2026-09-06T07:17:06.523504+00:00,15,1.24142,1.73548,1.9486283252692906,1.7869412341114734,-1.9486283252692906,1.7869412341114734
112497,2026-09-06T07:17:06.545550+00:00,15,1.20784,1.74299,1.9210819195869173,1.7949329292718876,-1.9210819195869173,1.7949329292718876
112498,2026-09-06T07:17:06.568581+00:00,15,1.24176,1.75299,1.9499156766901657,1.803704559542296,-1.9499156766901657,1.803704559542296
112499,2026-09-06T07:17:06.590578+00:00,15,1.24056,1.74425,1.948572623554911,1.7954393365145813,-1.948572623554911,1.7954393365145813
112500,2026-09-06T07:17:06.612474+00:00,15,1.2078,1.74611,1.9212253475414933,1.7979221778677226,-1.9212253475414933,1.7979221778677226
112501,2026-09-06T07:17:06.636487+00:00,15,1.19869,1.75429,1.9139408123552102,1.805883876599586,-1.9139408123552102,1.805883876599586
112502,2026-09-06T07:17:06.657574+00:00,15,1.20978,1.74767,1.9228540910521021,1.7993130056113933,-1.9228540910521021,1.7993130056113933
112503,2026-09-06T07:17:06.679482+00:00,15,1.24052,1.75613,1.9493883237797092,1.8068991139717028,-1.9493883237797092,1.8068991139717028
112504,2026-09-06T07:17:06.701553+00:00,15,1.24094,1.75225,1.9490952182907988,1.8029771128680139,-1.9490952182907988,1.8029771128680139
112505,2026-09-06T07:17:06.723517+00:00,15,1.22587,1.7566,1.9368678576774252,1.807536648386081,-1.9368678576774252,1.807536648386081
112506,2026-09-06T07:17:06.777495+00:00,15,1.24238,1.75331,1.9504357700202593,1.8039935435278873,-1.9504357700202593,1.8039935435278873
112507,2026-09-06T07:17:06.797564+00:00,15,1.21417,1.73624,1.925830436301515,1.7882559573294414,-1.925830436301515,1.7882559573294414
112508,2026-09-06T07:17:06.820485+00:00,15,1.20315,1.74258,1.9169314974443423,1.7945468945033485,-1.9169314974443423,1.7945468945033485
112509,2026-09-06T07:17:06.842520+00:00,15,1.20085,1.75057,1.9156561473215359,1.8023323826842192,-1.9156561473215359,1.8023323826842192
112510,2026-09-06T07:17:06.864594+00:00,15,1.22264,1.73898,1.933209430533694,1.7907496022147396,-1.933209430533694,1.7907496022147396
112511,2026-09-06T07:17:06.887544+00:00,15,1.21102,1.75877,1.9246116782768337,1.809955942047315,-1.9246116782768337,1.809955942047315
112512,2026-09-06T07:17:06.909558+00:00,15,1.22776,1.74814,1.9378148185968702,1.7993150805273654,-1.9378148185968702,1.7993150805273654
112513,2026-09-06T07:17:06.931510+00:00,15,1.21,1.74781,1.9228412516690108,1.799337802021247,-1.9228412516690108,1.799337802021247
112514,2026-09-06T07:17:06.953550+00:00,15,1.20782,1.75735,1.921903796052276,1.808695466589437,-1.921903796052276,1.808695466589437
112515,2026-09-06T07:17:06.976496+00:00,15,1.21429,1.73204,1.9257279910902456,1.7842444865161853,-1.9257279910902456,1.7842444865161853
112516,2026-09-06T07:17:06.998491+00:00,15,1.24843,1.75804,1.956056810771916,1.808526857924223,-1.956056810771916,1.808526857924223
112517,2026-09-06T07:17:07.020557+00:00,15,1.23562,1.76739,1.9458153719586873,1.8177314515421554,-1.9458153719586873,1.8177314515421554
112518,2026-09-06T07:17:07.042508+00:00,15,1.22891,1.78218,1.9410301413162032,1.8320417784150729,-1.9410301413162032,1.8320417784150729
112519,2026-09-06T07:17:07.065562+00:00,15,1.22375,1.77253,1.936209360759175,1.8229359790264146,-1.936209360759175,1.8229359790264146
112520,2026-09-06T07:17:07.093516+00:00,15,1.22769,1.74519,1.9377611022754275,1.7965743372948104,-1.9377611022754275,1.7965743372948104
112521,2026-09-06T07:17:07.115561+00:00,15,1.21503,1.74544,1.9275279978892343,1.797258347582695,-1.9275279978892343,1.797258347582695
112522,2026-09-06T07:17:07.137479+00:00,15,1.2117,1.75331,1.924879693999828,1.8047180747817961,-1.924879693999828,1.8047180747817961
112523,2026-09-06T07:17:07.160563+00:00,15,1.22067,1.747,1.9319670847531671,1.7984592802099293,-1.9319670847531671,1.7984592802099293
112524,2026-09-06T07:17:07.182597+00:00,15,1.20366,1.74473,1.9174986501173064,1.7966020872905906,-1.9174986501173064,1.7966020872905906
112525,2026-09-06T07:17:07.204575+00:00,15,1.2159,1.74227,1.927772524223575,1.7940684450265545,-1.927772524223575,1.7940684450265545
112526,2026-09-06T07:17:07.226531+00:00,15,1.2163,1.75034,1.9285785889098388,1.801786288193912,-1.9285785889098388,1.801786288193912
112527,2026-09-06T07:17:07.249500+00:00,15,1.20554,1.76559,1.920549285244668,1.8166745952393761,-1.920549285244668,1.8166745952393761
112528,2026-09-06T07:17:07.290536+00:00,15,1.22877,1.74428,1.9385674415956904,1.7956586812383752,-1.9385674415956904,1.7956586812383752
112529,2026-09-06T07:17:07.322549+00:00,15,1.2289,1.72959,1.9378470941387207,1.7815942276429062,-1.9378470941387207,1.7815942276429062
112530,2026-09-06T07:17:07.339733+00:00,15,1.23044,1.76323,1.941146500523973,1.8138243845674973,-1.941146500523973,1.8138243845674973
112531,2026-09-06T07:17:07.361498+00:00,15,1.23877,1.78854,1.9496658872147552,1.837922917892069,-1.9496658872147552,1.837922917892069
112532,2026-09-06T07:17:07.384523+00:00,15,1.21899,1.77011,1.9319036675824788,1.8206283902667761,-1.9319036675824788,1.8206283902667761
112533,2026-09-06T07:17:07.406498+00:00,15,1.23421,1.76308,1.9444058502167179,1.8136485922057126,-1.9444058502167179,1.8136485922057126
112534,2026-09-06T07:17:07.434579+00:00,15,1.22755,1.76341,1.938707763026217,1.814040368665398,-1.938707763026217,1.814040368665398
112535,2026-09-06T07:17:07.456547+00:00,15,1.21057,1.75065,1.9236635218763538,1.8021512570501463,-1.9236635218763538,1.8021512570501463
112536,2026-09-06T07:17:07.478504+00:00,15,1.24105,1.74141,1.9485832415755915,1.7925952957135303,-1.9485832415755915,1.7925952957135303
112537,2026-09-06T07:17:07.501526+00:00,15,1.20977,1.75168,1.9229820100547046,1.8031126641544692,-1.9229820100547046,1.8031126641544692
112538,2026-09-06T07:17:07.523577+00:00,15,1.2061,1.74833,1.9198423165671636,1.8000484468212663,-1.9198423165671636,1.8000484468212663
112539,2026-09-06T07:17:07.545527+00:00,15,1.2176,1.73675,1.928778921603287,1.7886896048139256,-1.928778921603287,1.7886896048139256
112540,2026-09-06T07:17:07.567480+00:00,15,1.22319,1.7413,1.9335596530484485,1.79284659362613,-1.9335596530484485,1.79284659362613
112541,2026-09-06T07:17:07.590527+00:00,15,1.21122,1.73143,1.9229772274925019,1.783653116041537,-1.9229772274925019,1.783653116041537
112542,2026-09-06T07:17:07.612562+00:00,15,1.22686,1.72964,1.9360199229694415,1.781627498943948,-1.9360199229694415,1.781627498943948
112543,2026-09-06T07:17:07.634535+00:00,15,1.22971,1.75014,1.9398779904529633,1.8013470686443784,-1.9398779904529633,1.8013470686443784
112544,2026-09-06T07:17:07.657502+00:00,15,1.23457,1.74562,1.9437613753922716,1.7969478719994492,-1.9437613753922716,1.7969478719994492
112545,2026-09-06T07:17:07.679510+00:00,15,1.2015,1.78902,1.9180677201528946,1.8389919560892867,-1.9180677201528946,1.8389919560892867
112546,2026-09-06T07:17:07.701575+00:00,15,1.21566,1.75886,1.9284357181318126,1.8099154115551108,-1.9284357181318126,1.8099154115551108
112547,2026-09-06T07:17:07.723536+00:00,15,1.2365,1.78264,1.947275669324937,1.8322512301033058,-1.947275669324937,1.8322512301033058
112548,2026-09-06T07:17:07.745507+00:00,15,1.2307,1.76636,1.941814440066677,1.8169414443937748,-1.941814440066677,1.8169414443937748
112549,2026-09-06T07:17:07.798512+00:00,15,1.22607,1.75435,1.9372563796232465,1.8055410749608427,-1.9372563796232465,1.8055410749608427
112550,2026-09-06T07:17:07.830620+00:00,15,1.21671,1.7426,1.928208546731805,1.7942317380300705,-1.928208546731805,1.7942317380300705
112551,2026-09-06T07:17:07.847596+00:00,15,1.20459,1.76937,1.9197669450358956,1.8202151506224535,-1.9197669450358956,1.8202151506224535
112552,2026-09-06T07:17:07.869552+00:00,15,1.2232,1.74862,1.9342472180455168,1.7999864767370786,-1.9342472180455168,1.7999864767370786
112553,2026-09-06T07:17:07.891522+00:00,15,1.20942,1.73075,1.9212619947156309,1.782962541586887,-1.9212619947156309,1.782962541586887
112554,2026-09-06T07:17:07.914575+00:00,15,1.20329,1.75516,1.917897608989168,1.8066455645081205,-1.917897608989168,1.8066455645081205
112555,2026-09-06T07:17:07.936573+00:00,15,1.20578,1.74861,1.9194162941382023,1.8002416917245543,-1.9194162941382023,1.8002416917245543
112556,2026-09-06T07:17:07.958544+00:00,15,1.22152,1.74136,1.932184676704668,1.7929499658866248,-1.932184676704668,1.7929499658866248
112557,2026-09-06T07:17:07.981547+00:00,15,1.21125,1.74868,1.924339239834512,1.800340382249283,-1.924339239834512,1.800340382249283
112558,2026-09-06T07:17:08.003514+00:00,15,1.23474,1.74195,1.9434974006268122,1.793325036130401,-1.9434974006268122,1.793325036130401
112559,2026-09-06T07:17:08.025557+00:00,15,1.2017,1.76116,1.9169579251793267,1.8124547511940634,-1.9169579251793267,1.8124547511940634
112560,2026-09-06T07:17:08.047514+00:00,15,1.20267,1.78052,1.9189689109591885,1.8310220935395398,-1.9189689109591885,1.8310220935395398
112561,2026-09-06T07:17:08.070603+00:00,15,1.21207,1.79081,1.9272789898141434,1.8406005484480856,-1.9272789898141434,1.8406005484480856
112562,2026-09-06T07:17:08.098667+00:00,15,1.20585,1.71807,1.9177930516570185,1.7710113627621251,-1.9177930516570185,1.7710113627621251
112563,2026-09-06T07:17:08.120582+00:00,15,1.21605,1.73549,1.9274729903572958,1.7875477700857436,-1.9274729903572958,1.7875477700857436
112564,2026-09-06T07:17:08.142538+00:00,15,1.21768,1.74162,1.92929934654905,1.7934310523772474,-1.92929934654905,1.7934310523772474
112565,2026-09-06T07:17:08.165526+00:00,15,1.22223,1.74899,1.9335360616888266,1.8003986832034298,-1.9335360616888266,1.8003986832034298
112566,2026-09-06T07:17:08.187516+00:00,15,1.20232,1.74474,1.9164395190820747,1.7966704955080803,-1.9164395190820747,1.7966704955080803
112567,2026-09-06T07:17:08.209592+00:00,15,1.21226,1.74594,1.9249148956426807,1.7976439113325393,-1.9249148956426807,1.7976439113325393
112568,2026-09-06T07:17:08.231515+00:00,15,1.20815,1.75699,1.9223004221033544,1.8084033974647569,-1.9223004221033544,1.8084033974647569
112569,2026-09-06T07:17:08.254583+00:00,15,1.22516,1.75153,1.9359817998224,1.8026985323763889,-1.9359817998224,1.8026985323763889
112570,2026-09-06T07:17:08.276575+00:00,15,1.21849,1.74817,1.9300490021162922,1.799548921053253,-1.9300490021162922,1.799548921053253
112571,2026-09-06T07:17:08.315568+00:00,15,1.21833,1.72449,1.92856656821531,1.7768743907614883,-1.92856656821531,1.7768743907614883
112572,2026-09-06T07:17:08.338616+00:00,15,1.21564,1.73882,1.927299050612683,1.7907293266262045,-1.927299050612683,1.7907293266262045
112573,2026-09-06T07:17:08.360599+00:00,15,1.23257,1.78838,1.9443868820744985,1.8378691469352484,-1.9443868820744985,1.8378691469352484
112574,2026-09-06T07:17:08.382625+00:00,15,1.23947,1.77381,1.9494421553170507,1.8238165099331598,-1.9494421553170507,1.8238165099331598
112575,2026-09-06T07:17:08.404596+00:00,15,1.24584,1.7761,1.9547748232264124,1.8258130461429642,-1.9547748232264124,1.8258130461429642
112576,2026-09-06T07:17:08.427587+00:00,15,1.23238,1.78037,1.9438936616069222,1.8302621890892976,-1.9438936616069222,1.8302621890892976
112577,2026-09-06T07:17:08.456168+00:00,15,1.21305,1.76099,1.92663419074826,1.812132377418641,-1.92663419074826,1.812132377418641
112578,2026-09-06T07:17:08.477550+00:00,15,1.21355,1.76124,1.9267084828501078,1.8121909402042553,-1.9267084828501078,1.8121909402042553
112579,2026-09-06T07:17:08.499524+00:00,15,1.21024,1.75084,1.923357822573965,1.8023047697910417,-1.923357822573965,1.8023047697910417
112580,2026-09-06T07:17:08.522522+00:00,15,1.23028,1.75554,1.9403252837881824,1.8063423356367414,-1.9403252837881824,1.8063423356367414
112581,2026-09-06T07:17:08.544521+00:00,15,1.21661,1.76944,1.92980447078812,1.8200143097934445,-1.92980447078812,1.8200143097934445
112582,2026-09-06T07:17:08.566605+00:00,15,1.22571,1.7522,1.9364028308584562,1.803286407881491,-1.9364028308584562,1.803286407881491
112583,2026-09-06T07:17:08.588582+00:00,15,1.20081,1.74221,1.9147512607126853,1.7941429484816442,-1.9147512607126853,1.7941429484816442
112584,2026-09-06T07:17:08.611536+00:00,15,1.20785,1.75445,1.9215576548531794,1.8058159484218745,-1.9215576548531794,1.8058159484218745
112585,2026-09-06T07:17:08.633646+00:00,15,1.20576,1.73824,1.918950487721505,1.790366255469588,-1.918950487721505,1.790366255469588
112586,2026-09-06T07:17:08.655554+00:00,15,1.20667,1.74134,1.9199498805757274,1.7933450447002135,-1.9199498805757274,1.7933450447002135
112587,2026-09-06T07:17:08.678532+00:00,15,1.21499,1.73952,1.9267684102728253,1.791400267009228,-1.9267684102728253,1.791400267009228
112588,2026-09-06T07:17:08.700592+00:00,15,1.2195,1.77255,1.9324802223222308,1.822969013533465,-1.9324802223222308,1.822969013533465
112589,2026-09-06T07:17:08.722600+00:00,15,1.22529,1.75334,1.9362084439903522,1.8044267555084827,-1.9362084439903522,1.8044267555084827
112590,2026-09-06T07:17:08.744606+00:00,15,1.2249,1.77743,1.9373333249847424,1.827549440782725,-1.9373333249847424,1.827549440782725
112591,2026-09-06T07:17:08.766521+00:00,15,1.24496,1.77946,1.9542248288993365,1.8290460907485724,-1.9542248288993365,1.8290460907485724
112592,2026-09-06T07:17:08.816618+00:00,15,1.2282,1.75994,1.9391993797646379,1.810773365280414,-1.9391993797646379,1.810773365280414
112593,2026-09-06T07:17:08.838576+00:00,15,1.19489,1.75162,1.910588820598019,1.8034031059876585,-1.910588820598019,1.8034031059876585
112594,2026-09-06T07:17:08.861544+00:00,15,1.21334,1.75776,1.926387943746677,1.8088843661313103,-1.926387943746677,1.8088843661313103
112595,2026-09-06T07:17:08.883534+00:00,15,1.22114,1.75006,1.9323602079935027,1.8012802692363117,-1.9323602079935027,1.8012802692363117
112596,2026-09-06T07:17:08.905562+00:00,15,1.21821,1.76563,1.9309511795443133,1.8163359278862576,-1.9309511795443133,1.8163359278862576
112597,2026-09-06T07:17:08.927590+00:00,15,1.23129,1.76443,1.9419989024840816,1.8149807090661014,-1.9419989024840816,1.8149807090661014
112598,2026-09-06T07:17:08.950592+00:00,15,1.24547,1.74852,1.9528163721872893,1.7993779196548083,-1.9528163721872893,1.7993779196548083
112599,2026-09-06T07:17:08.972535+00:00,15,1.23348,1.74383,1.9425429540977122,1.795148381801732,-1.9425429540977122,1.795148381801732
112600,2026-09-06T07:17:08.994605+00:00,15,1.20284,1.74303,1.9166437852600815,1.7949568366618383,-1.9166437852600815,1.7949568366618383
112601,2026-09-06T07:17:09.017630+00:00,15,1.22086,1.7452,1.9320282223509382,1.7967229680948995,-1.9320282223509382,1.7967229680948995
112602,2026-09-06T07:17:09.039605+00:00,15,1.20247,1.77894,1.9187312623517365,1.82952087621942,-1.9187312623517365,1.82952087621942
112603,2026-09-06T07:17:09.061593+00:00,15,1.23716,1.76605,1.9470889726065577,1.816445052100045,-1.9470889726065577,1.816445052100045
112604,2026-09-06T07:17:09.083550+00:00,15,1.25285,1.77571,1.9607654502956786,1.8253567303116158,-1.9607654502956786,1.8253567303116158
112605,2026-09-06T07:17:09.105815+00:00,15,1.227,1.7998,1.940629869159364,1.849046143884627,-1.940629869159364,1.849046143884627
112606,2026-09-06T07:17:09.133544+00:00,15,1.22128,1.74213,1.9322838963135545,1.7938188370207624,-1.9322838963135545,1.7938188370207624
112607,2026-09-06T07:17:09.155619+00:00,15,1.20353,1.74564,1.9175072428968072,1.7975100988612307,-1.9175072428968072,1.7975100988612307
112608,2026-09-06T07:17:09.177556+00:00,15,1.22526,1.74969,1.9362048629624455,1.801042748414331,-1.9362048629624455,1.801042748414331
112609,2026-09-06T07:17:09.200660+00:00,15,1.21192,1.7332,1.9237585236890626,1.7853810346990466,-1.9237585236890626,1.7853810346990466
112610,2026-09-06T07:17:09.222670+00:00,15,1.23298,1.75689,1.942974477633469,1.8077270398282288,-1.942974477633469,1.8077270398282288
112611,2026-09-06T07:17:09.244644+00:00,15,1.21332,1.75983,1.926715682562753,1.8109814716872135,-1.926715682562753,1.8109814716872135
112612,2026-09-06T07:17:09.266653+00:00,15,1.20221,1.75226,1.916795261701995,1.8038840769859825,-1.916795261701995,1.8038840769859825
112613,2026-09-06T07:17:09.289532+00:00,15,1.20808,1.75619,1.92163002888488,1.807371965456983,-1.92163002888488,1.807371965456983
112614,2026-09-06T07:17:09.328602+00:00,15,1.20258,1.76292,1.917827358449878,1.8141350683147524,-1.917827358449878,1.8141350683147524
112615,2026-09-06T07:17:09.351627+00:00,15,1.21985,1.73731,1.930672682802974,1.7891663103792448,-1.930672682802974,1.7891663103792448
112616,2026-09-06T07:17:09.373580+00:00,15,1.18971,1.74084,1.9057227436520692,1.793241347683344,-1.9057227436520692,1.793241347683344
112617,2026-09-06T07:17:09.395595+00:00,15,1.26146,1.77339,1.967735500376942,1.8228884967763606,-1.967735500376942,1.8228884967763606
112618,2026-09-06T07:17:09.417571+00:00,15,1.22581,1.75895,1.93700351537729,1.8098084267950865,-1.93700351537729,1.8098084267950865
112619,2026-09-06T07:17:09.439618+00:00,15,1.24037,1.77349,1.9500759452796763,1.823441517664424,-1.9500759452796763,1.823441517664424
112620,2026-09-06T07:17:09.467562+00:00,15,1.24655,1.7641,1.9546441305377458,1.814287532485899,-1.9546441305377458,1.814287532485899
112621,2026-09-06T07:17:09.489621+00:00,15,1.21983,1.77293,1.9328029309364718,1.8233250692832625,-1.9328029309364718,1.8233250692832625
112622,2026-09-06T07:17:09.511617+00:00,15,1.23479,1.74615,1.9435507729615094,1.7972414556684335,-1.9435507729615094,1.7972414556684335
112623,2026-09-06T07:17:09.534472+00:00,15,1.22312,1.76893,1.9355327513784393,1.8195255780503021,-1.9355327513784393,1.8195255780503021
112624,2026-09-06T07:17:09.556559+00:00,15,1.23076,1.73836,1.9396761608425084,1.7898462115897595,-1.9396761608425084,1.7898462115897595
112625,2026-09-06T07:17:09.578655+00:00,15,1.21735,1.74477,1.929076373332329,1.7963906150373483,-1.929076373332329,1.7963906150373483
112626,2026-09-06T07:17:09.600563+00:00,15,1.22959,1.75779,1.9401968748219591,1.8086694650432869,-1.9401968748219591,1.8086694650432869
112627,2026-09-06T07:17:09.623886+00:00,15,1.22454,1.75494,1.9359443217342232,1.8061127183622332,-1.9359443217342232,1.8061127183622332
112628,2026-09-06T07:17:09.645602+00:00,15,1.23305,1.7418,1.942084854354197,1.7932314675839824,-1.942084854354197,1.7932314675839824
112629,2026-09-06T07:17:09.667558+00:00,15,1.21884,1.75603,1.9308917510818324,1.8071180792551076,-1.9308917510818324,1.8071180792551076
112630,2026-09-06T07:17:09.690612+00:00,15,1.21447,1.74309,1.9264871093106972,1.7948120438179906,-1.9264871093106972,1.7948120438179906
112631,2026-09-06T07:17:09.712608+00:00,15,1.23789,1.7589,1.9470824891155958,1.8094926504795812,-1.9470824891155958,1.8094926504795812
112632,2026-09-06T07:17:09.734575+00:00,15,1.25456,1.7642,1.9614575964226277,1.8142581386689027,-1.9614575964226277,1.8142581386689027
112633,2026-09-06T07:17:09.756618+00:00,15,1.24784,1.7792,1.9565620514327469,1.828707837150062,-1.9565620514327469,1.828707837150062
112634,2026-09-06T07:17:09.778627+00:00,15,1.23603,1.79699,1.9481066040826909,1.846195521429352,-1.9481066040826909,1.846195521429352
112635,2026-09-06T07:17:09.828615+00:00,15,1.22775,1.73237,1.9368280798530055,1.784181913942087,-1.9368280798530055,1.784181913942087
112636,2026-09-06T07:17:09.850653+00:00,15,1.22684,1.76143,1.9382781291814257,1.8122966748518563,-1.9382781291814257,1.8122966748518563
112637,2026-09-06T07:17:09.873582+00:00,15,1.21809,1.75007,1.9299747885612104,1.8014431661714085,-1.9299747885612104,1.8014431661714085
112638,2026-09-06T07:17:09.895588+00:00,15,1.20003,1.75432,1.9152512477679493,1.805980699365421,-1.9152512477679493,1.805980699365421
112639,2026-09-06T07:17:09.917646+00:00,15,1.20275,1.73302,1.916086647241247,1.7854114623065833,-1.916086647241247,1.7854114623065833
112640,2026-09-06T07:17:09.939647+00:00,15,1.21532,1.74553,1.927329110433215,1.7971216384828999,-1.927329110433215,1.7971216384828999
112641,2026-09-06T07:17:09.962503+00:00,15,1.19796,1.73491,1.912269279995277,1.7873763053595946,-1.912269279995277,1.7873763053595946
112642,2026-09-06T07:17:09.984635+00:00,15,1.22811,1.73888,1.9378628230874562,1.7905767038138174,-1.9378628230874562,1.7905767038138174
112643,2026-09-06T07:17:10.006641+00:00,15,1.21451,1.75729,1.9276210388050696,1.8085431410110688,-1.9276210388050696,1.8085431410110688
112644,2026-09-06T07:17:10.029634+00:00,15,1.21022,1.7496,1.9233221853970575,1.8011459428920484,-1.9233221853970575,1.8011459428920484
112645,2026-09-06T07:17:10.051470+00:00,15,1.21751,1.75714,1.9300211117938875,1.8082909930958742,-1.9300211117938875,1.8082909930958742
112646,2026-09-06T07:17:10.073567+00:00,15,1.21097,1.7728,1.9252195546705142,1.823320160554479,-1.9252195546705142,1.823320160554479
112647,2026-09-06T07:17:10.096619+00:00,15,1.23805,1.76909,1.9481025738261115,1.8193896900033277,-1.9481025738261115,1.8193896900033277
112648,2026-09-06T07:17:10.118586+00:00,15,1.23845,1.77722,1.948719474620742,1.8270705304019301,-1.948719474620742,1.8270705304019301
112649,2026-09-06T07:17:10.146644+00:00,15,1.20856,1.74265,1.9214258270184537,1.7944776264254787,-1.9214258270184537,1.7944776264254787
112650,2026-09-06T07:17:10.168481+00:00,15,1.21486,1.76488,1.928192931150794,1.81573074836805,-1.928192931150794,1.81573074836805
112651,2026-09-06T07:17:10.190636+00:00,15,1.21596,1.74916,1.92825036267538,1.8006646577484315,-1.92825036267538,1.8006646577484315
112652,2026-09-06T07:17:10.213481+00:00,15,1.22787,1.74169,1.9379083343440624,1.7933119786834641,-1.9379083343440624,1.7933119786834641
112653,2026-09-06T07:17:10.235632+00:00,15,1.24094,1.73876,1.9485729554538678,1.7901747176478802,-1.9485729554538678,1.7901747176478802
112654,2026-09-06T07:17:10.257620+00:00,15,1.20603,1.73886,1.9191148447542898,1.7909073807972846,-1.9191148447542898,1.7909073807972846
112655,2026-09-06T07:17:10.279572+00:00,15,1.21877,1.74707,1.93063908001883,1.7986869156533547,-1.93063908001883,1.7986869156533547
112656,2026-09-06T07:17:10.302632+00:00,15,1.2094,1.74881,1.922537370194263,1.8003880295002583,-1.922537370194263,1.8003880295002583
112657,2026-09-06T07:17:10.341651+00:00,15,1.22488,1.74506,1.935609635584513,1.796608932979326,-1.935609635584513,1.796608932979326
112658,2026-09-06T07:17:10.364600+00:00,15,1.23422,1.77362,1.9449717692605606,1.823724814932727,-1.9449717692605606,1.823724814932727
112659,2026-09-06T07:17:10.386591+00:00,15,1.2161,1.76398,1.929121705108809,1.814816072244367,-1.929121705108809,1.814816072244367
112660,2026-09-06T07:17:10.408484+00:00,15,1.25411,1.76199,1.9607219455336438,1.812041732963451,-1.9607219455336438,1.812041732963451
112661,2026-09-06T07:17:10.430572+00:00,15,1.25511,1.7683,1.9622675773552745,1.8182247200184143,-1.9622675773552745,1.8182247200184143
112662,2026-09-06T07:17:10.452481+00:00,15,1.2329,1.77037,1.9437280193333424,1.8206570479933417,-1.9437280193333424,1.8206570479933417
112663,2026-09-06T07:17:10.480601+00:00,15,1.21772,1.74331,1.9292399737108863,1.794963586403327,-1.9292399737108863,1.794963586403327
112664,2026-09-06T07:17:10.502593+00:00,15,1.22667,1.7659,1.93816110250892,1.8164593706285272,-1.93816110250892,1.8164593706285272
112665,2026-09-06T07:17:10.524573+00:00,15,1.22553,1.74845,1.935981909403394,1.7996690434708746,-1.935981909403394,1.7996690434708746
112666,2026-09-06T07:17:10.547576+00:00,15,1.21287,1.74236,1.9252092199694,1.7941925710151099,-1.9252092199694,1.7941925710151099
112667,2026-09-06T07:17:10.569643+00:00,15,1.21346,1.73846,1.925475073273961,1.790447958932793,-1.925475073273961,1.790447958932793
112668,2026-09-06T07:17:10.591792+00:00,15,1.19889,1.75305,1.9140092748030844,1.8046879232351944,-1.9140092748030844,1.8046879232351944
112669,2026-09-06T07:17:10.613585+00:00,15,1.20222,1.75392,1.9169868660178222,1.805506408488382,-1.9169868660178222,1.805506408488382
112670,2026-09-06T07:17:10.636573+00:00,15,1.23236,1.75226,1.942079886009536,1.803245186568656,-1.942079886009536,1.803245186568656
112671,2026-09-06T07:17:10.658588+00:00,15,1.24299,1.75957,1.951482263736127,1.8100610326981847,-1.951482263736127,1.8100610326981847
112672,2026-09-06T07:17:10.680614+00:00,15,1.22641,1.7513,1.9368604416523278,1.8023688657229497,-1.9368604416523278,1.8023688657229497
112673,2026-09-06T07:17:10.703630+00:00,15,1.2291,1.75989,1.9395730107066482,1.810526289460195,-1.9395730107066482,1.810526289460195
112674,2026-09-06T07:17:10.725560+00:00,15,1.20425,1.76861,1.9194238831854307,1.819489249668982,-1.9194238831854307,1.819489249668982
112675,2026-09-06T07:17:10.747576+00:00,15,1.25409,1.78272,1.9620959333313748,1.8319932443485838,-1.9620959333313748,1.8319932443485838
112676,2026-09-06T07:17:10.769604+00:00,15,1.24503,1.75897,1.9530066650695403,1.8093625373864826,-1.9530066650695403,1.8093625373864826
112677,2026-09-06T07:17:10.791592+00:00,15,1.2113,1.77683,1.9258688781106472,1.827247644513137,-1.9258688781106472,1.827247644513137
112678,2026-09-06T07:17:10.842614+00:00,15,1.23426,1.74295,1.94336233140245,1.7943921710168942,-1.94336233140245,1.7943921710168942
112679,2026-09-06T07:17:10.864659+00:00,15,1.23536,1.74694,1.9444266147587723,1.798154824104088,-1.9444266147587723,1.798154824104088
112680,2026-09-06T07:17:10.887027+00:00,15,1.21401,1.75377,1.9266795536406536,1.8050317152715285,-1.9266795536406536,1.8050317152715285
112681,2026-09-06T07:17:10.908583+00:00,15,1.21901,1.74765,1.930561736212562,1.7990862811047836,-1.930561736212562,1.7990862811047836
112682,2026-09-06T07:17:10.931610+00:00,15,1.22376,1.76395,1.9354487578480617,1.8145837505573692,-1.9354487578480617,1.8145837505573692
112683,2026-09-06T07:17:10.953701+00:00,15,1.23718,1.75836,1.9463014269452756,1.8089086468854518,-1.9463014269452756,1.8089086468854518
112684,2026-09-06T07:17:10.975643+00:00,15,1.22162,1.77188,1.9343420830798104,1.8223348178433354,-1.9343420830798104,1.8223348178433354
112685,2026-09-06T07:17:10.997501+00:00,15,1.21175,1.74591,1.9243444418450781,1.79756233835013,-1.9243444418450781,1.79756233835013
112686,2026-09-06T07:17:11.019664+00:00,15,1.22602,1.74653,1.9361486859421846,1.7977614588996413,-1.9361486859421846,1.7977614588996413
112687,2026-09-06T07:17:11.042632+00:00,15,1.22019,1.73475,1.9309041084417118,1.7867416660069964,-1.9309041084417118,1.7867416660069964
112688,2026-09-06T07:17:11.074626+00:00,15,1.22584,1.76391,1.937241444155064,1.81452650302959,-1.937241444155064,1.81452650302959
112689,2026-09-06T07:17:11.091656+00:00,15,1.23541,1.76124,1.9451262142068393,1.8117649106979994,-1.9451262142068393,1.8117649106979994
112690,2026-09-06T07:17:11.113587+00:00,15,1.23003,1.79775,1.9426703269729904,1.8468378453522007,-1.9426703269729904,1.8468378453522007
112691,2026-09-06T07:17:11.135630+00:00,15,1.22646,1.78149,1.9389912795447546,1.8314606727292675,-1.9389912795447546,1.8314606727292675
112692,2026-09-06T07:17:11.163841+00:00,15,1.21877,1.76086,1.930997093923574,1.8116896822588249,-1.930997093923574,1.8116896822588249
112693,2026-09-06T07:17:11.185628+00:00,15,1.21842,1.75236,1.9304818619661703,1.803677060560511,-1.9304818619661703,1.803677060560511
112694,2026-09-06T07:17:11.217502+00:00,15,1.2109,1.74521,1.9236327303528722,1.7969225958085746,-1.9236327303528722,1.7969225958085746
112695,2026-09-06T07:17:11.234500+00:00,15,1.23617,1.74962,1.9449565740216859,1.8005610110703323,-1.9449565740216859,1.8005610110703323
112696,2026-09-06T07:17:11.256637+00:00,15,1.23114,1.75867,1.9414786011089051,1.8094396008476377,-1.9414786011089051,1.8094396008476377
112697,2026-09-06T07:17:11.279681+00:00,15,1.20604,1.76731,1.9209821640397593,1.818260948635788,-1.9209821640397593,1.818260948635788
112698,2026-09-06T07:17:11.301648+00:00,15,1.21358,1.75169,1.9262289631371925,1.8030639163611146,-1.9262289631371925,1.8030639163611146
112699,2026-09-06T07:17:11.323609+00:00,15,1.21118,1.7312,1.9228927314158244,1.783412234577369,-1.9228927314158244,1.783412234577369
112700,2026-09-06T07:17:11.364909+00:00,15,1.19892,1.73501,1.9129998375168653,1.7874125744061187,-1.9129998375168653,1.7874125744061187
112701,2026-09-06T07:17:11.387696+00:00,15,1.19414,1.72947,1.908820047830655,1.782271441182753,-1.908820047830655,1.782271441182753
112702,2026-09-06T07:17:11.409660+00:00,15,1.21708,1.7534,1.929364410602765,1.8046790522168539,-1.929364410602765,1.8046790522168539
112703,2026-09-06T07:17:11.431596+00:00,15,1.22574,1.78604,1.938678569000083,1.8358518278060463,-1.938678569000083,1.8358518278060463
112704,2026-09-06T07:17:11.453637+00:00,15,1.23355,1.76224,1.9437720409452828,1.8128308265486135,-1.9437720409452828,1.8128308265486135
112705,2026-09-06T07:17:11.476610+00:00,15,1.22395,1.80345,1.9382014931838096,1.8525676930751682,-1.9382014931838096,1.8525676930751682
112706,2026-09-06T07:17:11.504673+00:00,15,1.22222,1.75888,1.9340692620225903,1.8098510853868641,-1.9340692620225903,1.8098510853868641
112707,2026-09-06T07:17:11.526516+00:00,15,1.22883,1.75074,1.9390774945237115,1.8018883389202582,-1.9390774945237115,1.8018883389202582
112708,2026-09-06T07:17:11.548668+00:00,15,1.2165,1.72837,1.9272417488166587,1.780620524376066,-1.9272417488166587,1.780620524376066
112709,2026-09-06T07:17:11.571638+00:00,15,1.19828,1.73597,1.9124549022241322,1.7883100236522387,-1.9124549022241322,1.7883100236522387
112710,2026-09-06T07:17:11.593521+00:00,15,1.21557,1.74556,1.9275593260115857,1.7971532110144308,-1.9275593260115857,1.7971532110144308
112711,2026-09-06T07:17:11.615617+00:00,15,1.24074,1.74032,1.9484780865860913,1.7916626145383066,-1.9484780865860913,1.7916626145383066
112712,2026-09-06T07:17:11.637667+00:00,15,1.21413,1.75222,1.9269103114482629,1.803646706466341,-1.9269103114482629,1.803646706466341
112713,2026-09-06T07:17:11.660515+00:00,15,1.18129,1.73482,1.8982305795359236,1.7876083808639955,-1.8982305795359236,1.7876083808639955
112714,2026-09-06T07:17:11.682630+00:00,15,1.21234,1.7411,1.9243345175360322,1.7928276311514306,-1.9243345175360322,1.7928276311514306
112715,2026-09-06T07:17:11.704633+00:00,15,1.23267,1.73661,1.9413222884368653,1.7881914385196664,-1.9413222884368653,1.7881914385196664
112716,2026-09-06T07:17:11.727607+00:00,15,1.20546,1.73833,1.9187135244849949,1.7904699226393515,-1.9187135244849949,1.7904699226393515
112717,2026-09-06T07:17:11.749659+00:00,15,1.22435,1.75537,1.935610725041339,1.8064254559079227,-1.935610725041339,1.8064254559079227
112718,2026-09-06T07:17:11.771522+00:00,15,1.22473,1.75608,1.9359921138013252,1.8071030461959077,-1.9359921138013252,1.8071030461959077
112719,2026-09-06T07:17:11.793665+00:00,15,1.22118,1.77677,1.934176098961724,1.826987529711154,-1.934176098961724,1.826987529711154
112720,2026-09-06T07:17:11.815581+00:00,15,1.24033,1.78211,1.9507097758013816,1.8317799781414354,-1.9507097758013816,1.8317799781414354
112721,2026-09-06T07:17:11.867693+00:00,15,1.23746,1.77113,1.9476874238342579,1.8213349398668712,-1.9476874238342579,1.8213349398668712
112722,2026-09-06T07:17:11.889613+00:00,15,1.22627,1.74226,1.9363137672892134,1.7937593968351013,-1.9363137672892134,1.7937593968351013
112723,2026-09-06T07:17:11.911643+00:00,15,1.21963,1.77235,1.9326590015031502,1.8228093382767403,-1.9326590015031502,1.8228093382767403
112724,2026-09-06T07:17:11.934443+00:00,15,1.20206,1.75375,1.9165837467001339,1.8052262600415108,-1.9165837467001339,1.8052262600415108
112725,2026-09-06T07:17:11.956612+00:00,15,1.21236,1.74906,1.9250940876647598,1.800591367360882,-1.9250940876647598,1.800591367360882
112726,2026-09-06T07:17:11.978516+00:00,15,1.22729,1.74407,1.937337065873687,1.7954988403066776,-1.937337065873687,1.7954988403066776
112727,2026-09-06T07:17:12.001655+00:00,15,1.19111,1.72356,1.9058396635880381,1.7766283123916633,-1.9058396635880381,1.7766283123916633
112728,2026-09-06T07:17:12.023656+00:00,15,1.21307,1.76677,1.9268702683918033,1.8176177627329961,-1.9268702683918033,1.8176177627329961
112729,2026-09-06T07:17:12.045447+00:00,15,1.20974,1.73774,1.9221352701536338,1.789753507368005,-1.9221352701536338,1.789753507368005
112730,2026-09-06T07:17:12.067672+00:00,15,1.20496,1.75224,1.9190834983738994,1.8038075128583058,-1.9190834983738994,1.8038075128583058
112731,2026-09-06T07:17:12.090632+00:00,15,1.2217,1.76433,1.933988658963845,1.815110957244471,-1.933988658963845,1.815110957244471
112732,2026-09-06T07:17:12.112660+00:00,15,1.2662,1.77918,1.97204852421718,1.8283442069537992,-1.97204852421718,1.8283442069537992
112733,2026-09-06T07:17:12.134627+00:00,15,1.22863,1.75198,1.9388741953289783,1.8030302573352928,-1.9388741953289783,1.8030302573352928
112734,2026-09-06T07:17:12.156674+00:00,15,1.25857,1.77726,1.965581025702974,1.8266790000050885,-1.965581025702974,1.8266790000050885
112735,2026-09-06T07:17:12.184615+00:00,15,1.23675,1.72301,1.9438433980543393,1.7750237381327938,-1.9438433980543393,1.7750237381327938
112736,2026-09-06T07:17:12.206653+00:00,15,1.22393,1.72709,1.933431531733994,1.7792545836677676,-1.933431531733994,1.7792545836677676
112737,2026-09-06T07:17:12.228657+00:00,15,1.22137,1.74176,1.932389790235346,1.7934804578161254,-1.932389790235346,1.7934804578161254
112738,2026-09-06T07:17:12.251649+00:00,15,1.24171,1.73655,1.9488242882415316,1.7879071220126266,-1.9488242882415316,1.7879071220126266
112739,2026-09-06T07:17:12.273667+00:00,15,1.21874,1.74521,1.9302530635467805,1.796778748328478,-1.9302530635467805,1.796778748328478
112740,2026-09-06T07:17:12.295697+00:00,15,1.21639,1.7585,1.928927154444718,1.8095080675623445,-1.928927154444718,1.8095080675623445
112741,2026-09-06T07:17:12.327612+00:00,15,1.21461,1.76329,1.927826672138163,1.8141880096699379,-1.927826672138163,1.8141880096699379
112742,2026-09-06T07:17:12.366690+00:00,15,1.19772,1.71141,1.910643643738803,1.7648182025517904,-1.910643643738803,1.7648182025517904
112743,2026-09-06T07:17:12.388625+00:00,15,1.20247,1.76474,1.9177076473029273,1.8158214797425631,-1.9177076473029273,1.8158214797425631
112744,2026-09-06T07:17:12.411646+00:00,15,1.24403,1.76846,1.9528931865713985,1.8185740856181993,-1.9528931865713985,1.8185740856181993
112745,2026-09-06T07:17:12.433620+00:00,15,1.23905,1.76822,1.9488640332636786,1.818520510145327,-1.9488640332636786,1.818520510145327
112746,2026-09-06T07:17:12.455739+00:00,15,1.25238,1.77492,1.9604058682129715,1.824642581811264,-1.9604058682129715,1.824642581811264
112747,2026-09-06T07:17:12.477672+00:00,15,1.26422,1.7865,1.970920335977459,1.8354530177381123,-1.970920335977459,1.8354530177381123
112748,2026-09-06T07:17:12.500666+00:00,15,1.24634,1.76937,1.9550164598244733,1.8194508187888312,-1.9550164598244733,1.8194508187888312
112749,2026-09-06T07:17:12.528702+00:00,15,1.23116,1.75331,1.9411644870114055,1.804295340248068,-1.9411644870114055,1.804295340248068
112750,2026-09-06T07:17:12.551120+00:00,15,1.22702,1.75054,1.937486985515346,1.8017073355061082,-1.937486985515346,1.8017073355061082
112751,2026-09-06T07:17:12.572665+00:00,15,1.22987,1.76919,1.940864581225256,1.8194736001144869,-1.940864581225256,1.8194736001144869
112752,2026-09-06T07:17:12.595652+00:00,15,1.23723,1.75187,1.946246910704821,1.8028206187531,-1.946246910704821,1.8028206187531
112753,2026-09-06T07:17:12.617665+00:00,15,1.23153,1.72881,1.9398557073485554,1.780725981226676,-1.9398557073485554,1.780725981226676
112754,2026-09-06T07:17:12.639653+00:00,15,1.20296,1.74504,1.9169830862215296,1.796941359655223,-1.9169830862215296,1.796941359655223
112755,2026-09-06T07:17:12.661670+00:00,15,1.21186,1.75861,1.9253644511519632,1.809812589538671,-1.9253644511519632,1.809812589538671
112756,2026-09-06T07:17:12.684659+00:00,15,1.22167,1.75726,1.933535639621785,1.8083313397248826,-1.933535639621785,1.8083313397248826
112757,2026-09-06T07:17:12.706452+00:00,15,1.21745,1.76055,1.9302654539328146,1.8116039763605105,-1.9302654539328146,1.8116039763605105
112758,2026-09-06T07:17:12.728533+00:00,15,1.19636,1.76775,1.9126960297260713,1.8188024893676913,-1.9126960297260713,1.8188024893676913
112759,2026-09-06T07:17:12.751627+00:00,15,1.2293,1.76313,1.9400981595374565,1.813709924351451,-1.9400981595374565,1.813709924351451
112760,2026-09-06T07:17:12.773664+00:00,15,1.21561,1.75617,1.928282274153974,1.8073570033878723,-1.928282274153974,1.8073570033878723
112761,2026-09-06T07:17:12.795725+00:00,15,1.23934,1.77627,1.9493095138918102,1.8260963267266126,-1.9493095138918102,1.8260963267266126
112762,2026-09-06T07:17:12.817691+00:00,15,1.23414,1.76292,1.944287160238828,1.8134729659513997,-1.944287160238828,1.8134729659513997
112763,2026-09-06T07:17:12.849621+00:00,15,1.24047,1.7471,1.9485737834449208,1.7981381463876986,-1.9485737834449208,1.7981381463876986
112764,2026-09-06T07:17:12.899629+00:00,15,1.20172,1.74215,1.915814363403695,1.7942113298257047,-1.915814363403695,1.7942113298257047
112765,2026-09-06T07:17:12.921436+00:00,15,1.21874,1.74915,1.9303822085969555,1.8005185318665098,-1.9303822085969555,1.8005185318665098
112766,2026-09-06T07:17:12.944439+00:00,15,1.21552,1.74627,1.9274610015773699,1.7977927963763014,-1.9274610015773699,1.7977927963763014
112767,2026-09-06T07:17:12.966662+00:00,15,1.22285,1.7433,1.9335608847225967,1.7948479753267508,-1.9335608847225967,1.7948479753267508
112768,2026-09-06T07:17:12.988662+00:00,15,1.22066,1.76745,1.9332981587755156,1.818121199464258,-1.9332981587755156,1.818121199464258
112769,2026-09-06T07:17:13.010676+00:00,15,1.20549,1.76847,1.9206326440897747,1.8194161290074835,-1.9206326440897747,1.8194161290074835
112770,2026-09-06T07:17:13.033442+00:00,15,1.21616,1.74999,1.9286135864419398,1.8015296534573182,-1.9286135864419398,1.8015296534573182
112771,2026-09-06T07:17:13.055678+00:00,15,1.20364,1.74128,1.9173519660193064,1.7933351618457631,-1.9173519660193064,1.7933351618457631
112772,2026-09-06T07:17:13.077672+00:00,15,1.2253,1.73405,1.9349323363522681,1.7858689082334263,-1.9349323363522681,1.7858689082334263
112773,2026-09-06T07:17:13.100624+00:00,15,1.19744,1.74404,1.9123097753492542,1.7961066617934873,-1.9123097753492542,1.7961066617934873
112774,2026-09-06T07:17:13.122686+00:00,15,1.23572,1.75418,1.9450100114414977,1.8050140889807615,-1.9450100114414977,1.8050140889807615
112775,2026-09-06T07:17:13.144435+00:00,15,1.24575,1.76643,1.9541181944865298,1.8165421577555894,-1.9541181944865298,1.8165421577555894
112776,2026-09-06T07:17:13.166704+00:00,15,1.24043,1.76775,1.9499062389752264,1.8179973277517416,-1.9499062389752264,1.8179973277517416
112777,2026-09-06T07:17:13.188666+00:00,15,1.18799,1.70925,1.9024102777637062,1.7629953181292173,-1.9024102777637062,1.7629953181292173
112778,2026-09-06T07:17:13.216678+00:00,15,1.23872,1.75113,1.9474830718674327,1.8020922703208613,-1.9474830718674327,1.8020922703208613
112779,2026-09-06T07:17:13.238682+00:00,15,1.22238,1.73545,1.9326528596743318,1.7873128403226668,-1.9326528596743318,1.7873128403226668
112780,2026-09-06T07:17:13.260689+00:00,15,1.21792,1.75187,1.9302883278261191,1.8033413898124062,-1.9302883278261191,1.8033413898124062
112781,2026-09-06T07:17:13.283696+00:00,15,1.22655,1.75134,1.9370470387357448,1.8024288028187803,-1.9370470387357448,1.8024288028187803
112782,2026-09-06T07:17:13.305677+00:00,15,1.2253,1.74859,1.9360112317835383,1.7999112347723956,-1.9360112317835383,1.7999112347723956
112783,2026-09-06T07:17:13.327676+00:00,15,1.1974,1.74875,1.9124202796007734,1.8005479445134154,-1.9124202796007734,1.8005479445134154
112784,2026-09-06T07:17:13.349698+00:00,15,1.2107,1.74451,1.9233701413172566,1.7962270137506466,-1.9233701413172566,1.7962270137506466
112785,2026-09-06T07:17:13.372680+00:00,15,1.20912,1.74163,1.921915832149754,1.7935180844346639,-1.921915832149754,1.7935180844346639
112786,2026-09-06T07:17:13.411724+00:00,15,1.21063,1.7526,1.9239134064658132,1.8040511372505836,-1.9239134064658132,1.8040511372505836
112787,2026-09-06T07:17:13.434651+00:00,15,1.21949,1.72766,1.929716615870533,1.7798812562394206,-1.929716615870533,1.7798812562394206
112788,2026-09-06T07:17:13.456672+00:00,15,1.20959,1.76257,1.9236492643767518,1.8136408667984947,-1.9236492643767518,1.8136408667984947
112789,2026-09-06T07:17:13.478694+00:00,15,1.24661,1.76997,1.9551346373220129,1.8199503828112973,-1.9551346373220129,1.8199503828112973
112790,2026-09-06T07:17:13.500688+00:00,15,1.24135,1.7606,1.9504640224705212,1.8112198772348582,-1.9504640224705212,1.8112198772348582
112791,2026-09-06T07:17:13.522693+00:00,15,1.23151,1.76268,1.9420478903287781,1.8132913907888664,-1.9420478903287781,1.8132913907888664
112792,2026-09-06T07:17:13.550645+00:00,15,1.23469,1.7445,1.9435451821379803,1.7957509644052871,-1.9435451821379803,1.7957509644052871
112793,2026-09-06T07:17:13.572688+00:00,15,1.21049,1.75583,1.9238407777538793,1.807083946663271,-1.9238407777538793,1.807083946663271
112794,2026-09-06T07:17:13.594706+00:00,15,1.214,1.74272,1.9261191697762872,1.794493887539465,-1.9261191697762872,1.794493887539465
112795,2026-09-06T07:17:13.617688+00:00,15,1.21657,1.75083,1.9286230414640322,1.8021421661591217,-1.9286230414640322,1.8021421661591217
112796,2026-09-06T07:17:13.639688+00:00,15,1.19238,1.77534,1.9101341478736051,1.826304936105181,-1.9101341478736051,1.826304936105181
112797,2026-09-06T07:17:13.661656+00:00,15,1.21256,1.74453,1.9250849338946507,1.796281456113965,-1.9250849338946507,1.796281456113965
112798,2026-09-06T07:17:13.683717+00:00,15,1.19581,1.76639,1.912157550877028,1.8175083353408767,-1.912157550877028,1.8175083353408767
112799,2026-09-06T07:17:13.706687+00:00,15,1.20379,1.73852,1.9174107496779593,1.7907294760383121,-1.9174107496779593,1.7907294760383121
112800,2026-09-06T07:17:13.728706+00:00,15,1.20003,1.73195,1.913679781013934,1.7844225200227404,-1.913679781013934,1.7844225200227404
112801,2026-09-06T07:17:13.750701+00:00,15,1.20371,1.74119,1.9174144901357384,1.793247798608914,-1.9174144901357384,1.793247798608914
112802,2026-09-06T07:17:13.773691+00:00,15,1.21655,1.74346,1.92813860616275,1.7950702111286334,-1.92813860616275,1.7950702111286334
112803,2026-09-06T07:17:13.795707+00:00,15,1.22299,1.7445,1.933868056103174,1.7960544630527016,-1.933868056103174,1.7960544630527016
112804,2026-09-06T07:17:13.817700+00:00,15,1.25196,1.7748,1.959935894212915,1.8244888210210444,-1.959935894212915,1.8244888210210444
112805,2026-09-06T07:17:13.839694+00:00,15,1.23435,1.76467,1.9445157669132356,1.8151202624028022,-1.9445157669132356,1.8151202624028022
112806,2026-09-06T07:17:13.861693+00:00,15,1.26171,1.76679,1.9676826890306784,1.8166281210804947,-1.9676826890306784,1.8166281210804947
112807,2026-09-06T07:17:13.911911+00:00,15,1.20946,1.73635,1.9218160757485776,1.7884215808294046,-1.9218160757485776,1.7884215808294046
112808,2026-09-06T07:17:13.934352+00:00,15,1.20473,1.74576,1.9183734089013047,1.797527193811231,-1.9183734089013047,1.797527193811231
112809,2026-09-06T07:17:13.956698+00:00,15,1.20943,1.75061,1.9227353637182063,1.8021446487064219,-1.9227353637182063,1.8021446487064219
112810,2026-09-06T07:17:13.978704+00:00,15,1.21326,1.73991,1.925433821526392,1.791857415252043,-1.925433821526392,1.791857415252043
112811,2026-09-06T07:17:14.000656+00:00,15,1.2097,1.74227,1.9225608333189907,1.7941833155730296,-1.9225608333189907,1.7941833155730296
112812,2026-09-06T07:17:14.022689+00:00,15,1.24004,1.75051,1.9485071462596302,1.8014496719507873,-1.9485071462596302,1.8014496719507873
112813,2026-09-06T07:17:14.045699+00:00,15,1.24339,1.76596,1.9521994484459229,1.816182332458554,-1.9521994484459229,1.816182332458554
112814,2026-09-06T07:17:14.067707+00:00,15,1.21164,1.76368,1.9254384704387166,1.8146579318965061,-1.9254384704387166,1.8146579318965061
112815,2026-09-06T07:17:14.089693+00:00,15,1.21279,1.746,1.9252000855947407,1.79761876884737,-1.9252000855947407,1.79761876884737
112816,2026-09-06T07:17:14.112690+00:00,15,1.22755,1.73875,1.9373598408785109,1.7904500992147223,-1.9373598408785109,1.7904500992147223
112817,2026-09-06T07:17:14.134705+00:00,15,1.21869,1.74071,1.9300160633502954,1.7925031511390597,-1.9300160633502954,1.7925031511390597
112818,2026-09-06T07:17:14.156717+00:00,15,1.22325,1.76923,1.9358019276224616,1.8198739237832084,-1.9358019276224616,1.8198739237832084
112819,2026-09-06T07:17:14.178705+00:00,15,1.22617,1.74918,1.9366423747078603,1.8004008330452381,-1.9366423747078603,1.8004008330452381
112820,2026-09-06T07:17:14.200704+00:00,15,1.23951,1.75932,1.9486151177475197,1.80992669925134,-1.9486151177475197,1.80992669925134
112821,2026-09-06T07:17:14.228576+00:00,15,1.21163,1.75605,1.9248312874534845,1.8072737166626685,-1.9248312874534845,1.8072737166626685
112822,2026-09-06T07:17:14.250706+00:00,15,1.2232,1.7718,1.9356133474685187,1.8222043608361491,-1.9356133474685187,1.8222043608361491
112823,2026-09-06T07:17:14.272702+00:00,15,1.20979,1.76302,1.923812833733154,1.8140474767026251,-1.923812833733154,1.8140474767026251
112824,2026-09-06T07:17:14.295774+00:00,15,1.23358,1.73574,1.942296543142102,1.7874658588896644,-1.942296543142102,1.7874658588896644
112825,2026-09-06T07:17:14.317727+00:00,15,1.23295,1.74254,1.9419616900179597,1.7939003343180966,-1.9419616900179597,1.7939003343180966
112826,2026-09-06T07:17:14.339665+00:00,15,1.2065,1.75041,1.9200994448926563,1.8019360457634943,-1.9200994448926563,1.8019360457634943
112827,2026-09-06T07:17:14.361716+00:00,15,1.20713,1.74796,1.9204975564248012,1.7995794169811334,-1.9204975564248012,1.7995794169811334
112828,2026-09-06T07:17:14.384709+00:00,15,1.24032,1.71464,1.9463553107829612,1.7669357221096424,-1.9463553107829612,1.7669357221096424
112829,2026-09-06T07:17:14.425756+00:00,15,1.21053,1.74723,1.9233926397762855,1.7988449318245674,-1.9233926397762855,1.7988449318245674
112830,2026-09-06T07:17:14.447719+00:00,15,1.21813,1.74903,1.9299075991325174,1.8004255766517006,-1.9299075991325174,1.8004255766517006
112831,2026-09-06T07:17:14.469706+00:00,15,1.22074,1.75707,1.9324957055739955,1.8080377756361192,-1.9324957055739955,1.8080377756361192
112832,2026-09-06T07:17:14.492701+00:00,15,1.24307,1.76649,1.95170824817377,1.816570825542262,-1.95170824817377,1.816570825542262
112833,2026-09-06T07:17:14.514721+00:00,15,1.23354,1.77462,1.9444866630609046,1.8247031399503273,-1.9444866630609046,1.8247031399503273
112834,2026-09-06T07:17:14.536710+00:00,15,1.23528,1.75436,1.9446346728603907,1.8051947467221436,-1.9446346728603907,1.8051947467221436
112835,2026-09-06T07:17:14.564720+00:00,15,1.22965,1.75542,1.9399586823381902,1.8063195187006345,-1.9399586823381902,1.8063195187006345
112836,2026-09-06T07:17:14.586745+00:00,15,1.19814,1.74143,1.9123967369583852,1.793422895761936,-1.9123967369583852,1.793422895761936
112837,2026-09-06T07:17:14.608700+00:00,15,1.22105,1.7371,1.9314616082814544,1.788840921203785,-1.9314616082814544,1.788840921203785
112838,2026-09-06T07:17:14.631720+00:00,15,1.21858,1.74374,1.9298295658896487,1.7952844314479772,-1.9298295658896487,1.7952844314479772
112839,2026-09-06T07:17:14.653729+00:00,15,1.21575,1.75151,1.9279773632557677,1.8028150614412752,-1.9279773632557677,1.8028150614412752
112840,2026-09-06T07:17:14.675656+00:00,15,1.23178,1.75682,1.9417169433700305,1.8075664460806904,-1.9417169433700305,1.8075664460806904
112841,2026-09-06T07:17:14.697722+00:00,15,1.21743,1.75738,1.9297795725708768,1.8084303319297623,-1.9297795725708768,1.8084303319297623
112842,2026-09-06T07:17:14.720709+00:00,15,1.23473,1.74318,1.943438685151295,1.7944507966776266,-1.943438685151295,1.7944507966776266
112843,2026-09-06T07:17:14.742724+00:00,15,1.2205,1.75491,1.9323475045240617,1.806074699468483,-1.9323475045240617,1.806074699468483
112844,2026-09-06T07:17:14.764712+00:00,15,1.204,1.76302,1.9188845513327801,1.8141264489939986,-1.9188845513327801,1.8141264489939986
112845,2026-09-06T07:17:14.787722+00:00,15,1.22259,1.73514,1.9329688020471276,1.7870931537871415,-1.9329688020471276,1.7870931537871415
112846,2026-09-06T07:17:14.809734+00:00,15,1.22563,1.72926,1.9350773495204778,1.781338200787474,-1.9350773495204778,1.781338200787474
112847,2026-09-06T07:17:14.831735+00:00,15,1.23364,1.75237,1.943122786140479,1.8033016746818955,-1.943122786140479,1.8033016746818955
112848,2026-09-06T07:17:14.853729+00:00,15,1.21851,1.75967,1.9309724359644749,1.8106769968950063,-1.9309724359644749,1.8106769968950063
112849,2026-09-06T07:17:14.875718+00:00,15,1.22697,1.76397,1.938404267901669,1.8146554279861462,-1.938404267901669,1.8146554279861462
112850,2026-09-06T07:17:14.927748+00:00,15,1.21443,1.74358,1.9265714040305704,1.7953284022618994,-1.9265714040305704,1.7953284022618994
112851,2026-09-06T07:17:14.949710+00:00,15,1.21255,1.75388,1.9253192296944335,1.8051008851000576,-1.9253192296944335,1.8051008851000576
112852,2026-09-06T07:17:14.972722+00:00,15,1.22096,1.76283,1.9333068110386475,1.813696013255512,-1.9333068110386475,1.813696013255512
112853,2026-09-06T07:17:14.994743+00:00,15,1.23078,1.73504,1.939628369854713,1.7867193477663679,-1.939628369854713,1.7867193477663679
112854,2026-09-06T07:17:15.016678+00:00,15,1.21214,1.74213,1.9244700582066963,1.7939382612516908,-1.9244700582066963,1.7939382612516908
112855,2026-09-06T07:17:15.039735+00:00,15,1.22037,1.73873,1.9309999433571094,1.7904163111186404,-1.9309999433571094,1.7904163111186404
112856,2026-09-06T07:17:15.061730+00:00,15,1.21739,1.76005,1.9297991759114312,1.810942358813302,-1.9297991759114312,1.810942358813302
112857,2026-09-06T07:17:15.083738+00:00,15,1.21215,1.75735,1.925335724874656,1.8085155154395658,-1.925335724874656,1.8085155154395658
112858,2026-09-06T07:17:15.105734+00:00,15,1.22122,1.74957,1.9327799853999408,1.8009990195254098,-1.9327799853999408,1.8009990195254098
112859,2026-09-06T07:17:15.128749+00:00,15,1.21337,1.74062,1.9253029878195,1.7924088598986119,-1.9253029878195,1.7924088598986119
112860,2026-09-06T07:17:15.150739+00:00,15,1.23575,1.77645,1.946331726789738,1.8263532334277162,-1.946331726789738,1.8263532334277162
112861,2026-09-06T07:17:15.172717+00:00,15,1.21187,1.73177,1.923902153046413,1.7841388254125141,-1.923902153046413,1.7841388254125141
112862,2026-09-06T07:17:15.194740+00:00,15,1.23389,1.76132,1.9439680974276978,1.811934076044195,-1.9439680974276978,1.811934076044195
112863,2026-09-06T07:17:15.217717+00:00,15,1.21999,1.76339,1.9324256447583985,1.8142054894590494,-1.9324256447583985,1.8142054894590494
112864,2026-09-06T07:17:15.245694+00:00,15,1.21167,1.7439,1.924157635391942,1.7956278032860662,-1.924157635391942,1.7956278032860662
112865,2026-09-06T07:17:15.267723+00:00,15,1.21228,1.75658,1.9255380628603334,1.8078285042310067,-1.9255380628603334,1.8078285042310067
112866,2026-09-06T07:17:15.289779+00:00,15,1.23184,1.73983,1.9408020203742125,1.7912982915956173,-1.9408020203742125,1.7912982915956173
112867,2026-09-06T07:17:15.312728+00:00,15,1.23176,1.75222,1.9416652108144048,1.8032628485274262,-1.9416652108144048,1.8032628485274262
112868,2026-09-06T07:17:15.334787+00:00,15,1.20648,1.74758,1.920214755800617,1.799359405851532,-1.920214755800617,1.799359405851532
112869,2026-09-06T07:17:15.356762+00:00,15,1.2018,1.75036,1.9163838889006817,1.8020916125046484,-1.9163838889006817,1.8020916125046484
112870,2026-09-06T07:17:15.378763+00:00,15,1.23284,1.74881,1.9421949164762222,1.7998891626138125,-1.9421949164762222,1.7998891626138125
112871,2026-09-06T07:17:15.401729+00:00,15,1.21345,1.73934,1.9253776002920924,1.7912251351374893,-1.9253776002920924,1.7912251351374893
112872,2026-09-06T07:17:15.440727+00:00,15,1.22421,1.74836,1.9348697920980205,1.7996064639593308,-1.9348697920980205,1.7996064639593308
112873,2026-09-06T07:17:15.463738+00:00,15,1.20731,1.74172,1.9203999869031492,1.7936466229115688,-1.9203999869031492,1.7936466229115688
112874,2026-09-06T07:17:15.485732+00:00,15,1.19699,1.76577,1.9132778257339857,1.8169715055495976,-1.9132778257339857,1.8169715055495976
112875,2026-09-06T07:17:15.507734+00:00,15,1.23874,1.76534,1.9480354935926714,1.8155754165345572,-1.9480354935926714,1.8155754165345572
112876,2026-09-06T07:17:15.529756+00:00,15,1.20325,1.76068,1.9182943407330795,1.811996465885312,-1.9182943407330795,1.811996465885312
112877,2026-09-06T07:17:15.551741+00:00,15,1.25559,1.78387,1.9634154645707242,1.833055307305763,-1.9634154645707242,1.833055307305763
112878,2026-09-06T07:17:15.579744+00:00,15,1.22294,1.76157,1.9347852549483977,1.812399451331929,-1.9347852549483977,1.812399451331929
112879,2026-09-06T07:17:15.601759+00:00,15,1.20353,1.73405,1.9167609444016567,1.7863609366889475,-1.9167609444016567,1.7863609366889475
112880,2026-09-06T07:17:15.623735+00:00,15,1.21025,1.73258,1.9222820994657062,1.784804807647058,-1.9222820994657062,1.784804807647058
112881,2026-09-06T07:17:15.646761+00:00,15,1.20522,1.75367,1.9194154914824366,1.8051728835269614,-1.9194154914824366,1.8051728835269614
112882,2026-09-06T07:17:15.669377+00:00,15,1.22553,1.73928,1.9353209010815982,1.790825527002839,-1.9353209010815982,1.790825527002839
112883,2026-09-06T07:17:15.690760+00:00,15,1.2125,1.73699,1.9242021779524157,1.7888790627123246,-1.9242021779524157,1.7888790627123246
112884,2026-09-06T07:17:15.712731+00:00,15,1.21915,1.73764,1.930249331428941,1.7895632890169721,-1.930249331428941,1.7895632890169721
112885,2026-09-06T07:17:15.735751+00:00,15,1.20517,1.73002,1.917981116917308,1.7825147434349915,-1.917981116917308,1.7825147434349915
112886,2026-09-06T07:17:15.757765+00:00,15,1.21237,1.75585,1.9256542152537457,1.807171997362897,-1.9256542152537457,1.807171997362897
112887,2026-09-06T07:17:15.779730+00:00,15,1.20655,1.74414,1.9199799017928627,1.7960187079089112,-1.9199799017928627,1.7960187079089112
112888,2026-09-06T07:17:15.802704+00:00,15,1.21978,1.73356,1.9304148470134534,1.7855785503415709,-1.9304148470134534,1.7855785503415709
112889,2026-09-06T07:17:15.824740+00:00,15,1.20924,1.7532,1.9230398378326916,1.8047702781222685,-1.9230398378326916,1.8047702781222685
112890,2026-09-06T07:17:15.846740+00:00,15,1.25025,1.76996,1.9582385787988057,1.8198968888090097,-1.9582385787988057,1.8198968888090097
112891,2026-09-06T07:17:15.868754+00:00,15,1.21991,1.76538,1.9326773180018681,1.8162097741290386,-1.9326773180018681,1.8162097741290386
112892,2026-09-06T07:17:15.890766+00:00,15,1.23298,1.76954,1.9436226683528608,1.8197978824087686,-1.9436226683528608,1.8197978824087686
112893,2026-09-06T07:17:15.941716+00:00,15,1.23763,1.74012,1.9459200428672976,1.791565106938565,-1.9459200428672976,1.791565106938565
112894,2026-09-06T07:17:15.963765+00:00,15,1.23827,1.74476,1.946650647026125,1.7959642074959945,-1.946650647026125,1.7959642074959945
112895,2026-09-06T07:17:15.985722+00:00,15,1.22727,1.73913,1.9367919098869102,1.7906557879348457,-1.9367919098869102,1.7906557879348457
112896,2026-09-06T07:17:16.007743+00:00,15,1.21243,1.73852,1.9243265476493088,1.7903897218706222,-1.9243265476493088,1.7903897218706222
112897,2026-09-06T07:17:16.030755+00:00,15,1.21869,1.72811,1.9291588357082716,1.7803736596704065,-1.9291588357082716,1.7803736596704065
112898,2026-09-06T07:17:16.052737+00:00,15,1.22321,1.73868,1.9336476513267493,1.7904371106307673,-1.9336476513267493,1.7904371106307673
112899,2026-09-06T07:17:16.084812+00:00,15,1.22489,1.76561,1.9368510804750672,1.8163177517511209,-1.9368510804750672,1.8163177517511209
112900,2026-09-06T07:17:16.101743+00:00,15,1.22981,1.74724,1.9397093338632618,1.7985241349621706,-1.9397093338632618,1.7985241349621706
112901,2026-09-06T07:17:16.123739+00:00,15,1.22517,1.729,1.934533488772488,1.7810336822220834,-1.934533488772488,1.7810336822220834
112902,2026-09-06T07:17:16.146774+00:00,15,1.22046,1.73899,1.9312660350140785,1.7907499192163292,-1.9312660350140785,1.7907499192163292
112903,2026-09-06T07:17:16.169186+00:00,15,1.22993,1.7767,1.941792355138992,1.8268742375430767,-1.941792355138992,1.8268742375430767
112904,2026-09-06T07:17:16.190754+00:00,15,1.23172,1.77449,1.9429254567697036,1.8246080560863738,-1.9429254567697036,1.8246080560863738
112905,2026-09-06T07:17:16.222749+00:00,15,1.23731,1.77846,1.9479722090894516,1.8283503016249965,-1.9479722090894516,1.8283503016249965
112906,2026-09-06T07:17:16.239739+00:00,15,1.2266,1.78679,1.939388425011917,1.8365185597598788,-1.939388425011917,1.8365185597598788
112907,2026-09-06T07:17:16.267529+00:00,15,1.21785,1.74828,1.9296985520393413,1.7997499008448483,-1.9296985520393413,1.7997499008448483
112908,2026-09-06T07:17:16.289751+00:00,15,1.21785,1.73114,1.9287141433612731,1.783336013690277,-1.9287141433612731,1.783336013690277
112909,2026-09-06T07:17:16.311757+00:00,15,1.20335,1.72894,1.916345135307199,1.7814857945242437,-1.916345135307199,1.7814857945242437
112910,2026-09-06T07:17:16.334746+00:00,15,1.20568,1.74119,1.9190184007069668,1.7931767174762254,-1.9190184007069668,1.7931767174762254
112911,2026-09-06T07:17:16.356748+00:00,15,1.22109,1.7398,1.9316775345253803,1.7914417307886066,-1.9316775345253803,1.7914417307886066
112912,2026-09-06T07:17:16.378547+00:00,15,1.21618,1.76756,1.9294811851146028,1.8182896037270737,-1.9294811851146028,1.8182896037270737
112913,2026-09-06T07:17:16.400781+00:00,15,1.22778,1.7625,1.9388396943611543,1.8131563415799703,-1.9388396943611543,1.8131563415799703
112914,2026-09-06T07:17:16.423749+00:00,15,1.23185,1.73376,1.9407254807755452,1.78560028548868,-1.9407254807755452,1.78560028548868
112915,2026-09-06T07:17:16.462769+00:00,15,1.2203,1.73654,1.931029284844511,1.7884262751903923,-1.931029284844511,1.7884262751903923
112916,2026-09-06T07:17:16.485782+00:00,15,1.22144,1.758,1.933317318423228,1.8090147681015403,-1.933317318423228,1.8090147681015403
112917,2026-09-06T07:17:16.507749+00:00,15,1.21872,1.75856,1.931050550148381,1.8096029895022225,-1.931050550148381,1.8096029895022225
112918,2026-09-06T07:17:16.529844+00:00,15,1.23191,1.78416,1.9436844361134122,1.8338808431248887,-1.9436844361134122,1.8338808431248887
112919,2026-09-06T07:17:16.551739+00:00,15,1.22958,1.77239,1.9411070334459073,1.8226867384316077,-1.9411070334459073,1.8226867384316077
112920,2026-09-06T07:17:16.574776+00:00,15,1.21832,1.76074,1.930990405005161,1.8117580004183427,-1.930990405005161,1.8117580004183427
112921,2026-09-06T07:17:16.602746+00:00,15,1.22016,1.73844,1.9308497266763558,1.79017517550828,-1.9308497266763558,1.79017517550828
112922,2026-09-06T07:17:16.624789+00:00,15,1.21898,1.75286,1.9308771377846303,1.8040942297865346,-1.9308771377846303,1.8040942297865346
112923,2026-09-06T07:17:16.646763+00:00,15,1.20209,1.7751,1.9181545010980972,1.8258288542490992,-1.9181545010980972,1.8258288542490992
112924,2026-09-06T07:17:16.669807+00:00,15,1.22674,1.73064,1.9361356364857647,1.7826705175572009,-1.9361356364857647,1.7826705175572009
112925,2026-09-06T07:17:16.691766+00:00,15,1.22853,1.74477,1.938589158992443,1.7962262016559774,-1.938589158992443,1.7962262016559774
112926,2026-09-06T07:17:16.713801+00:00,15,1.2015,1.76768,1.9171134997075967,1.8186813729411382,-1.9171134997075967,1.8186813729411382
112927,2026-09-06T07:17:16.735777+00:00,15,1.21412,1.73073,1.9253538017748675,1.7829215866841102,-1.9253538017748675,1.7829215866841102
112928,2026-09-06T07:17:16.758767+00:00,15,1.21505,1.74229,1.9268236729635315,1.793990755324587,-1.9268236729635315,1.793990755324587
112929,2026-09-06T07:17:16.780753+00:00,15,1.20343,1.74538,1.9175114149844266,1.797301013785179,-1.9175114149844266,1.797301013785179
112930,2026-09-06T07:17:16.802779+00:00,15,1.21299,1.72279,1.924039887698282,1.7753802392656932,-1.924039887698282,1.7753802392656932
112931,2026-09-06T07:17:16.825771+00:00,15,1.21605,1.7254,1.9265539738265585,1.7777246852495276,-1.9265539738265585,1.7777246852495276
112932,2026-09-06T07:17:16.847772+00:00,15,1.22722,1.76026,1.9383327566976458,1.8110723087465326,-1.9383327566976458,1.8110723087465326
112933,2026-09-06T07:17:16.869740+00:00,15,1.25262,1.75576,1.9591290451117824,1.8061074599841997,-1.9591290451117824,1.8061074599841997
112934,2026-09-06T07:17:16.891786+00:00,15,1.21496,1.76301,1.9281036098808644,1.8139055488293587,-1.9281036098808644,1.8139055488293587
112935,2026-09-06T07:17:16.913766+00:00,15,1.21372,1.76096,1.9268751984497263,1.8119345213642604,-1.9268751984497263,1.8119345213642604
112936,2026-09-06T07:17:16.963765+00:00,15,1.23757,1.73256,1.9450228125104991,1.7841297304306178,-1.9450228125104991,1.7841297304306178
112937,2026-09-06T07:17:16.985790+00:00,15,1.22686,1.73951,1.9365140516779087,1.7910473101915247,-1.9365140516779087,1.7910473101915247
112938,2026-09-06T07:17:17.008785+00:00,15,1.21149,1.73488,1.923279807181362,1.7868961298406942,-1.923279807181362,1.7868961298406942
112939,2026-09-06T07:17:17.030769+00:00,15,1.21917,1.75027,1.9311223652316245,1.8017217674020987,-1.9311223652316245,1.8017217674020987
112940,2026-09-06T07:17:17.052780+00:00,15,1.22849,1.75601,1.9392563185844354,1.807015420822758,-1.9392563185844354,1.807015420822758
112941,2026-09-06T07:17:17.074794+00:00,15,1.23639,1.74086,1.9448986365960175,1.792288830034659,-1.9448986365960175,1.792288830034659
112942,2026-09-06T07:17:17.097771+00:00,15,1.22368,1.74999,1.9344970716060776,1.8011791973515952,-1.9344970716060776,1.8011791973515952
112943,2026-09-06T07:17:17.119777+00:00,15,1.22398,1.75486,1.9352537342997662,1.8059484943272246,-1.9352537342997662,1.8059484943272246
112944,2026-09-06T07:17:17.141778+00:00,15,1.20811,1.74793,1.9212628697959337,1.799501590365384,-1.9212628697959337,1.799501590365384
112945,2026-09-06T07:17:17.164810+00:00,15,1.21011,1.75038,1.923163563441004,1.8018441255726028,-1.923163563441004,1.8018441255726028
112946,2026-09-06T07:17:17.186797+00:00,15,1.21786,1.7473,1.9295380776011577,1.798759513508056,-1.9295380776011577,1.798759513508056
112947,2026-09-06T07:17:17.208772+00:00,15,1.24254,1.78466,1.9526071371115705,1.8341229658142881,-1.9526071371115705,1.8341229658142881
112948,2026-09-06T07:17:17.230796+00:00,15,1.23595,1.78753,1.9473688827720435,1.8370693746468458,-1.9473688827720435,1.8370693746468458
112949,2026-09-06T07:17:17.252766+00:00,15,1.24342,1.75854,1.9517514521776076,1.8090479744363288,-1.9517514521776076,1.8090479744363288
112950,2026-09-06T07:17:17.280775+00:00,15,1.21139,1.74151,1.924111862422691,1.7935062843706442,-1.924111862422691,1.7935062843706442
112951,2026-09-06T07:17:17.302759+00:00,15,1.21936,1.74025,1.9304613014573724,1.7920061576768282,-1.9304613014573724,1.7920061576768282
112952,2026-09-06T07:17:17.334780+00:00,15,1.21679,1.72913,1.9275727484067635,1.781361636537968,-1.9275727484067635,1.781361636537968
112953,2026-09-06T07:17:17.351788+00:00,15,1.22168,1.73278,1.931733824320417,1.7846821956019647,-1.931733824320417,1.7846821956019647
112954,2026-09-06T07:17:17.373775+00:00,15,1.20846,1.75195,1.9220060671476424,1.8034490688766638,-1.9220060671476424,1.8034490688766638
112955,2026-09-06T07:17:17.396793+00:00,15,1.21347,1.74032,1.9254643008902856,1.7921647335666548,-1.9254643008902856,1.7921647335666548
112956,2026-09-06T07:17:17.418778+00:00,15,1.23011,1.75543,1.9403638720586296,1.8063257743324574,-1.9403638720586296,1.8063257743324574
112957,2026-09-06T07:17:17.440767+00:00,15,1.20815,1.75223,1.921629248851248,1.8036527332195487,-1.921629248851248,1.8036527332195487
112958,2026-09-06T07:17:17.479778+00:00,15,1.20733,1.74072,1.9203725137174186,1.792700066891626,-1.9203725137174186,1.792700066891626
112959,2026-09-06T07:17:17.502783+00:00,15,1.19567,1.74006,1.910370678614886,1.7922210172764708,-1.910370678614886,1.7922210172764708
112960,2026-09-06T07:17:17.524784+00:00,15,1.2306,1.73989,1.9399277687100596,1.791453720479949,-1.9399277687100596,1.791453720479949
112961,2026-09-06T07:17:17.547269+00:00,15,1.22024,1.76392,1.932749875313179,1.8147535741525598,-1.932749875313179,1.8147535741525598
112962,2026-09-06T07:17:17.568780+00:00,15,1.2294,1.7686,1.9405347603688745,1.818960703972898,-1.9405347603688745,1.818960703972898
112963,2026-09-06T07:17:17.590778+00:00,15,1.21716,1.7407,1.928554164208142,1.7924409252626665,-1.928554164208142,1.7924409252626665
112964,2026-09-06T07:17:17.618789+00:00,15,1.22389,1.74467,1.9346043959417885,1.7961898425501006,-1.9346043959417885,1.7961898425501006
112965,2026-09-06T07:17:17.640862+00:00,15,1.21573,1.73025,1.9266570531215028,1.7824143210704793,-1.9266570531215028,1.7824143210704793
112966,2026-09-06T07:17:17.662837+00:00,15,1.20568,1.74488,1.9190284502322488,1.7966190470480434,-1.9190284502322488,1.7966190470480434
112967,2026-09-06T07:17:17.685787+00:00,15,1.21758,1.74467,1.9290001513475168,1.7961699250497456,-1.9290001513475168,1.7961699250497456
112968,2026-09-06T07:17:17.707804+00:00,15,1.22095,1.73815,1.931620372379648,1.7899399580138287,-1.931620372379648,1.7899399580138287
112969,2026-09-06T07:17:17.729816+00:00,15,1.22522,1.74278,1.9357522423258289,1.7944182405182496,-1.9357522423258289,1.7944182405182496
112970,2026-09-06T07:17:17.751787+00:00,15,1.20068,1.75505,1.915682420932933,1.806586952725761,-1.915682420932933,1.806586952725761
112971,2026-09-06T07:17:17.774829+00:00,15,1.21744,1.75287,1.9294054493127777,1.8040472113851067,-1.9294054493127777,1.8040472113851067
112972,2026-09-06T07:17:17.796748+00:00,15,1.21086,1.75717,1.9243025957567261,1.8083839648109268,-1.9243025957567261,1.8083839648109268
112973,2026-09-06T07:17:17.818754+00:00,15,1.20099,1.75068,1.9155596482365644,1.802328056747036,-1.9155596482365644,1.802328056747036
112974,2026-09-06T07:17:17.851786+00:00,15,1.21148,1.74308,1.9239390218200825,1.7948459459885255,-1.9239390218200825,1.7948459459885255
112975,2026-09-06T07:17:17.868773+00:00,15,1.20862,1.76278,1.922643974695455,1.8137587345293924,-1.922643974695455,1.8137587345293924
112976,2026-09-06T07:17:17.890789+00:00,15,1.22509,1.77999,1.9376745332695278,1.8300048108792006,-1.9376745332695278,1.8300048108792006
112977,2026-09-06T07:17:17.913800+00:00,15,1.21852,1.79035,1.932798253370801,1.8400867335471174,-1.932798253370801,1.8400867335471174
112978,2026-09-06T07:17:17.935768+00:00,15,1.24084,1.74993,1.9490200481424005,1.8008197171262832,-1.9490200481424005,1.8008197171262832
112979,2026-09-06T07:17:17.985795+00:00,15,1.20706,1.74876,1.9204145786488183,1.8003144665053799,-1.9204145786488183,1.8003144665053799
112980,2026-09-06T07:17:18.007787+00:00,15,1.2075,1.74871,1.9209083908653393,1.80031581834893,-1.9209083908653393,1.80031581834893
112981,2026-09-06T07:17:18.030799+00:00,15,1.22157,1.72855,1.93153515949764,1.7807011806373532,-1.93153515949764,1.7807011806373532
112982,2026-09-06T07:17:18.052786+00:00,15,1.22498,1.75201,1.936037813157414,1.8032395577571152,-1.936037813157414,1.8032395577571152
112983,2026-09-06T07:17:18.074806+00:00,15,1.2202,1.74115,1.9313268126963246,1.792904660602094,-1.9313268126963246,1.792904660602094
112984,2026-09-06T07:17:18.096801+00:00,15,1.21072,1.74225,1.92313645632494,1.794008509499759,-1.92313645632494,1.794008509499759
112985,2026-09-06T07:17:18.119799+00:00,15,1.20709,1.74735,1.9205946116942287,1.7990691907842347,-1.9205946116942287,1.7990691907842347
112986,2026-09-06T07:17:18.141792+00:00,15,1.19318,1.73639,1.9082620166620177,1.7888444492675113,-1.9082620166620177,1.7888444492675113
112987,2026-09-06T07:17:18.163802+00:00,15,1.19365,1.73683,1.908690199806501,1.789259924289264,-1.908690199806501,1.789259924289264
112988,2026-09-06T07:17:18.186847+00:00,15,1.21917,1.72808,1.9292920789743964,1.7801964483868584,-1.9292920789743964,1.7801964483868584
112989,2026-09-06T07:17:18.208804+00:00,15,1.23527,1.75539,1.9444558722173737,1.8060717109435347,-1.9444558722173737,1.8060717109435347
112990,2026-09-06T07:17:18.230799+00:00,15,1.24811,1.76207,1.955926799389491,1.8123493042462129,-1.955926799389491,1.8123493042462129
112991,2026-09-06T07:17:18.252791+00:00,15,1.20914,1.7878,1.9245611746565636,1.8377360258266917,-1.9245611746565636,1.8377360258266917
112992,2026-09-06T07:17:18.274815+00:00,15,1.23522,1.7717,1.9456153543682027,1.8218171410260027,-1.9456153543682027,1.8218171410260027
112993,2026-09-06T07:17:18.302801+00:00,15,1.21476,1.74148,1.9265158920149719,1.7932024338174748,-1.9265158920149719,1.7932024338174748
112994,2026-09-06T07:17:18.324860+00:00,15,1.21165,1.71737,1.922331218102616,1.7700904863335176,-1.922331218102616,1.7700904863335176
112995,2026-09-06T07:17:18.346791+00:00,15,1.21773,1.7384,1.9290664216901032,1.790302594561163,-1.9290664216901032,1.790302594561163
112996,2026-09-06T07:17:18.369787+00:00,15,1.22518,1.73822,1.9349936224476905,1.7898297438970319,-1.9349936224476905,1.7898297438970319
112997,2026-09-06T07:17:18.391783+00:00,15,1.22341,1.73667,1.9333354490509627,1.7883377172177815,-1.9333354490509627,1.7883377172177815
112998,2026-09-06T07:17:18.413855+00:00,15,1.19902,1.75692,1.9142933992320732,1.8083720704966544,-1.9142933992320732,1.8083720704966544
112999,2026-09-06T07:17:18.435828+00:00,15,1.20977,1.75914,1.9235712959494176,1.8103318977630136,-1.9235712959494176,1.8103318977630136
113000,2026-09-06T07:17:18.458813+00:00,15,1.22342,1.73386,1.9335843560931143,1.7858469848768417,-1.9335843560931143,1.7858469848768417
113001,2026-09-06T07:17:18.499794+00:00,15,1.20677,1.73125,1.9191898510254204,1.783557554777951,-1.9191898510254204,1.783557554777951
113002,2026-09-06T07:17:18.521777+00:00,15,1.21823,1.73874,1.929203307424401,1.7904685630031025,-1.929203307424401,1.7904685630031025
113003,2026-09-06T07:17:18.543820+00:00,15,1.21444,1.7441,1.92653654230934,1.7957816616781273,-1.92653654230934,1.7957816616781273
113004,2026-09-06T07:17:18.566889+00:00,15,1.23328,1.77403,1.944023726079844,1.8240484349213122,-1.944023726079844,1.8240484349213122
113005,2026-09-06T07:17:18.588803+00:00,15,1.23065,1.75519,1.940576316364934,1.805975723756351,-1.940576316364934,1.805975723756351
113006,2026-09-06T07:17:18.610840+00:00,15,1.25428,1.78913,1.9626091640516112,1.838116807124728,-1.9626091640516112,1.838116807124728
113007,2026-09-06T07:17:18.638855+00:00,15,1.21832,1.73825,1.929449737443445,1.790104311543914,-1.929449737443445,1.790104311543914
113008,2026-09-06T07:17:18.660807+00:00,15,1.2138,1.7486,1.926289751754853,1.8001191011586608,-1.926289751754853,1.8001191011586608
113009,2026-09-06T07:17:18.682787+00:00,15,1.22644,1.74442,1.9365076455574293,1.7957868150058178,-1.9365076455574293,1.7957868150058178
113010,2026-09-06T07:17:18.705827+00:00,15,1.22602,1.72704,1.9351245578602676,1.7791339836596876,-1.9351245578602676,1.7791339836596876
113011,2026-09-06T07:17:18.727972+00:00,15,1.19936,1.74116,1.913845735067066,1.7933499437428528,-1.913845735067066,1.7933499437428528
113012,2026-09-06T07:17:18.749817+00:00,15,1.23031,1.7391,1.9395188016108695,1.790642199446171,-1.9395188016108695,1.790642199446171
113013,2026-09-06T07:17:18.771803+00:00,15,1.20548,1.73535,1.9184812709233632,1.7875766835423463,-1.9184812709233632,1.7875766835423463
113014,2026-09-06T07:17:18.794806+00:00,15,1.21061,1.74356,1.923150264402401,1.795284876890932,-1.923150264402401,1.795284876890932
113015,2026-09-06T07:17:18.816824+00:00,15,1.21143,1.73726,1.9234702736618339,1.7892321423927031,-1.9234702736618339,1.7892321423927031
113016,2026-09-06T07:17:18.838846+00:00,15,1.22564,1.73371,1.9350432246117086,1.7854629244478064,-1.9350432246117086,1.7854629244478064
113017,2026-09-06T07:17:18.861835+00:00,15,1.22525,1.74066,1.9353064905874668,1.792217062485644,-1.9353064905874668,1.792217062485644
113018,2026-09-06T07:17:18.883811+00:00,15,1.21428,1.75119,1.9269223581828374,1.8026317383410857,-1.9269223581828374,1.8026317383410857
113019,2026-09-06T07:17:18.905806+00:00,15,1.24077,1.77579,1.950462891674769,1.8256021265987221,-1.950462891674769,1.8256021265987221
113020,2026-09-06T07:17:18.927857+00:00,15,1.24079,1.77156,1.9502749326031708,1.821563288026929,-1.9502749326031708,1.821563288026929
113021,2026-09-06T07:17:18.949875+00:00,15,1.22499,1.76505,1.936568969641895,1.81563181366072,-1.936568969641895,1.81563181366072
113022,2026-09-06T07:17:19.001838+00:00,15,1.21897,1.7525,1.9306293425117502,1.8036550133224636,-1.9306293425117502,1.8036550133224636
113023,2026-09-06T07:17:19.023811+00:00,15,1.21311,1.74706,1.925613983504786,1.798659597628656,-1.925613983504786,1.798659597628656
113024,2026-09-06T07:17:19.045817+00:00,15,1.20268,1.74081,1.9164031028527206,1.7928420928063868,-1.9164031028527206,1.7928420928063868
113025,2026-09-06T07:17:19.068820+00:00,15,1.22133,1.74921,1.932535054027165,1.800498137263222,-1.932535054027165,1.800498137263222
113026,2026-09-06T07:17:19.090829+00:00,15,1.21267,1.74051,1.924394830137367,1.792171876948281,-1.924394830137367,1.792171876948281
113027,2026-09-06T07:17:19.112808+00:00,15,1.22016,1.74643,1.9313398003356168,1.7978414263211155,-1.9313398003356168,1.7978414263211155
113028,2026-09-06T07:17:19.135822+00:00,15,1.22493,1.7342,1.9346202177131426,1.7860180226878144,-1.9346202177131426,1.7860180226878144
113029,2026-09-06T07:17:19.157815+00:00,15,1.23336,1.74916,1.9426491807297344,1.8002137449786568,-1.9426491807297344,1.8002137449786568
113030,2026-09-06T07:17:19.179853+00:00,15,1.23309,1.75692,1.9426854437151786,1.8075683117455095,-1.9426854437151786,1.8075683117455095
113031,2026-09-06T07:17:19.201848+00:00,15,1.1969,1.74727,1.9120574712011946,1.7992189610986289,-1.9120574712011946,1.7992189610986289
113032,2026-09-06T07:17:19.224818+00:00,15,1.24549,1.76372,1.9538228428664275,1.8139780701472097,-1.9538228428664275,1.8139780701472097
113033,2026-09-06T07:17:19.246826+00:00,15,1.21885,1.78074,1.932525811602746,1.8308871445097392,-1.932525811602746,1.8308871445097392
113034,2026-09-06T07:17:19.268804+00:00,15,1.21433,1.75916,1.9273460905264146,1.8102343897347393,-1.9273460905264146,1.8102343897347393
113035,2026-09-06T07:17:19.290823+00:00,15,1.2399,1.77394,1.9497333029005408,1.8239005529802998,-1.9497333029005408,1.8239005529802998
113036,2026-09-06T07:17:19.318841+00:00,15,1.22865,1.75671,1.9392655960249363,1.8076129984603224,-1.9392655960249363,1.8076129984603224
113037,2026-09-06T07:17:19.340822+00:00,15,1.21714,1.75263,1.9289921806081165,1.8037538545124052,-1.9289921806081165,1.8037538545124052
113038,2026-09-06T07:17:19.362846+00:00,15,1.21253,1.73665,1.924294902311325,1.7885844381308411,-1.924294902311325,1.7885844381308411
113039,2026-09-06T07:17:19.385798+00:00,15,1.22603,1.75385,1.936735590500652,1.804845457885801,-1.936735590500652,1.804845457885801
113040,2026-09-06T07:17:19.407844+00:00,15,1.20985,1.74458,1.9225595580596073,1.7962728401123464,-1.9225595580596073,1.7962728401123464
113041,2026-09-06T07:17:19.429870+00:00,15,1.19689,1.75453,1.9122430191573545,1.8060611985482116,-1.9122430191573545,1.8060611985482116
113042,2026-09-06T07:17:19.451841+00:00,15,1.2211,1.73916,1.9318657128586523,1.7909252414882442,-1.9318657128586523,1.7909252414882442
113043,2026-09-06T07:17:19.474855+00:00,15,1.20709,1.73504,1.9197716710687385,1.787225646592656,-1.9197716710687385,1.787225646592656
113044,2026-09-06T07:17:19.513839+00:00,15,1.22914,1.73061,1.938114845673824,1.7825598501319269,-1.938114845673824,1.7825598501319269
113045,2026-09-06T07:17:19.536824+00:00,15,1.20599,1.73407,1.9186267085207123,1.78623868664316,-1.9186267085207123,1.78623868664316
113046,2026-09-06T07:17:19.559165+00:00,15,1.21723,1.74767,1.9289103753842805,1.799064849210591,-1.9289103753842805,1.799064849210591
113047,2026-09-06T07:17:19.580799+00:00,15,1.23382,1.76695,1.9441190241998316,1.817279467076527,-1.9441190241998316,1.817279467076527
113048,2026-09-06T07:17:19.602828+00:00,15,1.21983,1.74951,1.9312782196652976,1.8008073871396397,-1.9312782196652976,1.8008073871396397
113049,2026-09-06T07:17:19.624828+00:00,15,1.22117,1.77499,1.9342983197439827,1.8253916025827073,-1.9342983197439827,1.8253916025827073
113050,2026-09-06T07:17:19.652845+00:00,15,1.21319,1.74084,1.9253330694456916,1.7927075615578325,-1.9253330694456916,1.7927075615578325
113051,2026-09-06T07:17:19.674834+00:00,15,1.20928,1.73948,1.9217779362235092,1.7913892767626651,-1.9217779362235092,1.7913892767626651
113052,2026-09-06T07:17:19.696839+00:00,15,1.19997,1.75021,1.9145548445573128,1.8018438792738816,-1.9145548445573128,1.8018438792738816
113053,2026-09-06T07:17:19.719837+00:00,15,1.20941,1.73038,1.9216465469698925,1.7828102616215276,-1.9216465469698925,1.7828102616215276
113054,2026-09-06T07:17:19.741832+00:00,15,1.21305,1.74069,1.925100910125134,1.7925106236893114,-1.925100910125134,1.7925106236893114
113055,2026-09-06T07:17:19.763844+00:00,15,1.19866,1.74476,1.9132666519651098,1.7967198375780222,-1.9132666519651098,1.7967198375780222
113056,2026-09-06T07:17:19.785858+00:00,15,1.2122,1.73105,1.9235301158832896,1.783161003158489,-1.9235301158832896,1.783161003158489
113057,2026-09-06T07:17:19.808833+00:00,15,1.20546,1.72622,1.9177306738088193,1.7787328463083973,-1.9177306738088193,1.7787328463083973
113058,2026-09-06T07:17:19.830845+00:00,15,1.19318,1.73924,1.9082956000084923,1.7915164697379014,-1.9082956000084923,1.7915164697379014
113059,2026-09-06T07:17:19.852837+00:00,15,1.19619,1.76677,1.9128004540158778,1.8180090602364405,-1.9128004540158778,1.8180090602364405
113060,2026-09-06T07:17:19.875863+00:00,15,1.22126,1.73944,1.9319324531791382,1.791151073474033,-1.9319324531791382,1.791151073474033
113061,2026-09-06T07:17:19.897837+00:00,15,1.23557,1.75296,1.9448139593260059,1.8038543883601297,-1.9448139593260059,1.8038543883601297
113062,2026-09-06T07:17:19.919896+00:00,15,1.20581,1.77022,1.9207987591307736,1.8209864725186764,-1.9207987591307736,1.8209864725186764
113063,2026-09-06T07:17:19.941844+00:00,15,1.2213,1.7576,1.9332180873499583,1.8086495147122195,-1.9332180873499583,1.8086495147122195
113064,2026-09-06T07:17:19.963849+00:00,15,1.22291,1.76913,1.935505535911832,1.8197898372394294,-1.935505535911832,1.8197898372394294
113065,2026-09-06T07:17:20.013852+00:00,15,1.21587,1.73732,1.9275047468380566,1.789343260852946,-1.9275047468380566,1.789343260852946
113066,2026-09-06T07:17:20.035900+00:00,15,1.20926,1.73285,1.9215334105271482,1.7851104550493506,-1.9215334105271482,1.7851104550493506
113067,2026-09-06T07:17:20.058834+00:00,15,1.20535,1.74399,1.9189456166217953,1.7958983176566792,-1.9189456166217953,1.7958983176566792
113068,2026-09-06T07:17:20.080886+00:00,15,1.21888,1.74266,1.9301105725410594,1.794289006863698,-1.9301105725410594,1.794289006863698
113069,2026-09-06T07:17:20.103890+00:00,15,1.22253,1.73745,1.9330141424097789,1.7892791465768516,-1.9330141424097789,1.7892791465768516
113070,2026-09-06T07:17:20.125868+00:00,15,1.20769,1.7533,1.9214949487754645,1.8047857307478896,-1.9214949487754645,1.8047857307478896
113071,2026-09-06T07:17:20.147848+00:00,15,1.22121,1.74334,1.9318945873593607,1.7947839014965221,-1.9318945873593607,1.7947839014965221
113072,2026-09-06T07:17:20.169847+00:00,15,1.23036,1.72861,1.938697895767545,1.780479917102083,-1.938697895767545,1.780479917102083
113073,2026-09-06T07:17:20.191841+00:00,15,1.20713,1.72966,1.9194677493537111,1.7820535470849912,-1.9194677493537111,1.7820535470849912
113074,2026-09-06T07:17:20.214864+00:00,15,1.21157,1.74117,1.9236926955862854,1.7929162317371874,-1.9236926955862854,1.7929162317371874
113075,2026-09-06T07:17:20.236827+00:00,15,1.21727,1.7638,1.929885091133479,1.8145227927802274,-1.929885091133479,1.8145227927802274
113076,2026-09-06T07:17:20.258840+00:00,15,1.22937,1.75951,1.9400044197036983,1.8102585333635686,-1.9400044197036983,1.8102585333635686
113077,2026-09-06T07:17:20.280837+00:00,15,1.21133,1.77012,1.9255349014688379,1.8208259300945218,-1.9255349014688379,1.8208259300945218
113078,2026-09-06T07:17:20.303842+00:00,15,1.20597,1.76995,1.9208926577921603,1.8207168288173032,-1.9208926577921603,1.8207168288173032
113079,2026-09-06T07:17:20.331853+00:00,15,1.19254,1.74105,1.9076679177669034,1.7931710670998946,-1.9076679177669034,1.7931710670998946
113080,2026-09-06T07:17:20.353818+00:00,15,1.21263,1.73998,1.9247273261631008,1.7918562474065372,-1.9247273261631008,1.7918562474065372
113081,2026-09-06T07:17:20.375844+00:00,15,1.22496,1.74219,1.9353906729832338,1.7938080594681463,-1.9353906729832338,1.7938080594681463
113082,2026-09-06T07:17:20.398895+00:00,15,1.20118,1.74777,1.915547775463182,1.7995472023659251,-1.915547775463182,1.7995472023659251
113083,2026-09-06T07:17:20.420843+00:00,15,1.19913,1.76337,1.9148324688497185,1.814583067851557,-1.9148324688497185,1.814583067851557
113084,2026-09-06T07:17:20.442837+00:00,15,1.21773,1.74432,1.9292618429463082,1.7959114175417952,-1.9292618429463082,1.7959114175417952
113085,2026-09-06T07:17:20.464848+00:00,15,1.21467,1.7493,1.9270679063316885,1.8007761737076082,-1.9270679063316885,1.8007761737076082
113086,2026-09-06T07:17:20.487852+00:00,15,1.21386,1.72653,1.9249343371694392,1.778923339434766,-1.9249343371694392,1.778923339434766
113087,2026-09-06T07:17:20.528870+00:00,15,1.21276,1.73923,1.9246960513183065,1.7910912278522124,-1.9246960513183065,1.7910912278522124
113088,2026-09-06T07:17:20.550858+00:00,15,1.21401,1.72616,1.9249630487065097,1.7785220984268815,-1.9249630487065097,1.7785220984268815
113089,2026-09-06T07:17:20.572879+00:00,15,1.23488,1.78764,1.9466451857388511,1.8372819692648137,-1.9466451857388511,1.8372819692648137
113090,2026-09-06T07:17:20.595855+00:00,15,1.23205,1.76385,1.9424397534699755,1.8143403356416246,-1.9424397534699755,1.8143403356416246
113091,2026-09-06T07:17:20.617863+00:00,15,1.23584,1.76874,1.946039304410962,1.8190022020247067,-1.946039304410962,1.8190022020247067
113092,2026-09-06T07:17:20.639849+00:00,15,1.24054,1.77002,1.950148250112018,1.8201798764094406,-1.950148250112018,1.8201798764094406
113093,2026-09-06T07:17:20.667887+00:00,15,1.21426,1.73451,1.9258392770209911,1.7866092315030067,-1.9258392770209911,1.7866092315030067
113094,2026-09-06T07:17:20.689837+00:00,15,1.19929,1.75984,1.9145067366297372,1.811077264820691,-1.9145067366297372,1.811077264820691
113095,2026-09-06T07:17:20.711858+00:00,15,1.21677,1.75439,1.9289101960336947,1.805511446645611,-1.9289101960336947,1.805511446645611
113096,2026-09-06T07:17:20.734881+00:00,15,1.19885,1.73434,1.9127411478571885,1.7866925558429785,-1.9127411478571885,1.7866925558429785
113097,2026-09-06T07:17:20.756882+00:00,15,1.20658,1.74412,1.9198668800895209,1.7959323576021389,-1.9198668800895209,1.7959323576021389
113098,2026-09-06T07:17:20.778879+00:00,15,1.20684,1.75351,1.9207964836306224,1.8050052557164757,-1.9207964836306224,1.8050052557164757
113099,2026-09-06T07:17:20.800866+00:00,15,1.20038,1.73397,1.9140028953695738,1.7863083814076892,-1.9140028953695738,1.7863083814076892
113100,2026-09-06T07:17:20.823876+00:00,15,1.2313,1.75305,1.941298357993217,1.804050362680862,-1.941298357993217,1.804050362680862
113101,2026-09-06T07:17:20.845984+00:00,15,1.21222,1.75603,1.9254535933687658,1.8073057679543905,-1.9254535933687658,1.8073057679543905
113102,2026-09-06T07:17:20.867856+00:00,15,1.20431,1.7451,1.9178444330457396,1.7968377828193434,-1.9178444330457396,1.7968377828193434
113103,2026-09-06T07:17:20.890892+00:00,15,1.22287,1.74471,1.9335883844693824,1.7961723458410523,-1.9335883844693824,1.7961723458410523
113104,2026-09-06T07:17:20.913428+00:00,15,1.20764,1.7487,1.921045446029689,1.8003155025778517,-1.921045446029689,1.8003155025778517
113105,2026-09-06T07:17:20.935250+00:00,15,1.23554,1.74203,1.9439939066041514,1.7933031738809562,-1.9439939066041514,1.7933031738809562
113106,2026-09-06T07:17:20.956857+00:00,15,1.23923,1.77774,1.94935801069853,1.827542003041663,-1.94935801069853,1.827542003041663
113107,2026-09-06T07:17:20.978862+00:00,15,1.20626,1.76818,1.9210646784626055,1.8190249115355481,-1.9210646784626055,1.8190249115355481
113108,2026-09-06T07:17:21.032435+00:00,15,1.20611,1.73662,1.918934243407337,1.7887103591326072,-1.918934243407337,1.7887103591326072
113109,2026-09-06T07:17:21.054284+00:00,15,1.19134,1.74524,1.9069301571838115,1.7972246048396279,-1.9069301571838115,1.7972246048396279
113110,2026-09-06T07:17:21.085838+00:00,15,1.23051,1.74048,1.9397189602856946,1.791941198464718,-1.9397189602856946,1.791941198464718
113111,2026-09-06T07:17:21.102866+00:00,15,1.20331,1.75741,1.9180548431887159,1.8088167768389565,-1.9180548431887159,1.8088167768389565
113112,2026-09-06T07:17:21.125871+00:00,15,1.21634,1.73618,1.9278921170088632,1.7882544218726182,-1.9278921170088632,1.7882544218726182
113113,2026-09-06T07:17:21.147872+00:00,15,1.20265,1.75539,1.9172690984665641,1.806832431264885,-1.9172690984665641,1.806832431264885
113114,2026-09-06T07:17:21.169907+00:00,15,1.19615,1.75388,1.9116534149647657,1.8054895322332327,-1.9116534149647657,1.8054895322332327
113115,2026-09-06T07:17:21.191914+00:00,15,1.19106,1.75104,1.907083572362982,1.8028104032783185,-1.907083572362982,1.8028104032783185
113116,2026-09-06T07:17:21.224885+00:00,15,1.22434,1.73787,1.934334306731564,1.7895412327752631,-1.934334306731564,1.7895412327752631
113117,2026-09-06T07:17:21.241886+00:00,15,1.24271,1.74134,1.9501682192322345,1.7925847927847216,-1.9501682192322345,1.7925847927847216
113118,2026-09-06T07:17:21.263876+00:00,15,1.23006,1.75452,1.9403318709778952,1.8054856384021287,-1.9403318709778952,1.8054856384021287
113119,2026-09-06T07:17:21.286887+00:00,15,1.2259,1.7434,1.9360173100096592,1.7948355643428382,-1.9360173100096592,1.7948355643428382
113120,2026-09-06T07:17:21.308844+00:00,15,1.23624,1.77695,1.9468638119156976,1.826866772177296,-1.9468638119156976,1.826866772177296
113121,2026-09-06T07:17:21.336891+00:00,15,1.21346,1.72537,1.9245244288724155,1.7778131777969124,-1.9245244288724155,1.7778131777969124
113122,2026-09-06T07:17:21.358884+00:00,15,1.23394,1.74845,1.9432565583578933,1.7995961063958172,-1.9432565583578933,1.7995961063958172
113123,2026-09-06T07:17:21.380886+00:00,15,1.21401,1.75167,1.9266506542596074,1.8030627163230597,-1.9266506542596074,1.8030627163230597
113124,2026-09-06T07:17:21.403928+00:00,15,1.22131,1.75794,1.9332776010395891,1.8089868538347027,-1.9332776010395891,1.8089868538347027
113125,2026-09-06T07:17:21.425903+00:00,15,1.20889,1.74717,1.9222636645073992,1.7989398466798334,-1.9222636645073992,1.7989398466798334
113126,2026-09-06T07:17:21.447875+00:00,15,1.21839,1.74105,1.929641520998095,1.7927611115532884,-1.929641520998095,1.7927611115532884
113127,2026-09-06T07:17:21.469881+00:00,15,1.21567,1.72882,1.9266296426262912,1.7810889419407343,-1.9266296426262912,1.7810889419407343
113128,2026-09-06T07:17:21.492875+00:00,15,1.19757,1.74602,1.9123934618998706,1.797925066887076,-1.9123934618998706,1.797925066887076
113129,2026-09-06T07:17:21.531892+00:00,15,1.1962,1.74907,1.9113751190186783,1.8008624597528125,-1.9113751190186783,1.8008624597528125
113130,2026-09-06T07:17:21.554877+00:00,15,1.21557,1.73105,1.9267141604412072,1.7832601010449007,-1.9267141604412072,1.7832601010449007
113131,2026-09-06T07:17:21.576897+00:00,15,1.21682,1.73646,1.928136914572131,1.788442390929631,-1.928136914572131,1.788442390929631
113132,2026-09-06T07:17:21.598891+00:00,15,1.23469,1.77055,1.9450179830345153,1.8206795239855782,-1.9450179830345153,1.8206795239855782
113133,2026-09-06T07:17:21.620887+00:00,15,1.21183,1.76059,1.9252054829367182,1.8115948809865992,-1.9252054829367182,1.8115948809865992
113134,2026-09-06T07:17:21.643902+00:00,15,1.22939,1.7578,1.940021185935264,1.8086685116569496,-1.940021185935264,1.8086685116569496
113135,2026-09-06T07:17:21.671901+00:00,15,1.22811,1.74235,1.9379262093444598,1.7938393202362373,-1.9379262093444598,1.7938393202362373
113136,2026-09-06T07:17:21.693869+00:00,15,1.2301,1.76979,1.9411641544777423,1.8200781953669392,-1.9411641544777423,1.8200781953669392
113137,2026-09-06T07:17:21.715875+00:00,15,1.21162,1.74641,1.9242404497486603,1.7980266439611976,-1.9242404497486603,1.7980266439611976
113138,2026-09-06T07:17:21.738842+00:00,15,1.22482,1.74866,1.9355199734889417,1.7999419745225638,-1.9355199734889417,1.7999419745225638
113139,2026-09-06T07:17:21.760875+00:00,15,1.20668,1.74544,1.9198875144387095,1.7971299071881655,-1.9198875144387095,1.7971299071881655
113140,2026-09-06T07:17:21.782965+00:00,15,1.19997,1.74738,1.9143901873490536,1.7991393374628835,-1.9143901873490536,1.7991393374628835
113141,2026-09-06T07:17:21.804857+00:00,15,1.2285,1.74866,1.9386697561041741,1.7999025421295312,-1.9386697561041741,1.7999025421295312
113142,2026-09-06T07:17:21.827883+00:00,15,1.20095,1.74906,1.9153280212391346,1.8007329053199046,-1.9153280212391346,1.8007329053199046
113143,2026-09-06T07:17:21.849843+00:00,15,1.2116,1.75641,1.9250565306796832,1.8077307189311722,-1.9250565306796832,1.8077307189311722
113144,2026-09-06T07:17:21.871879+00:00,15,1.22256,1.76426,1.9345456984908822,1.8149463085924482,-1.9345456984908822,1.8149463085924482
113145,2026-09-06T07:17:21.894912+00:00,15,1.23987,1.75309,1.9485603132542277,1.8039503992207617,-1.9485603132542277,1.8039503992207617
113146,2026-09-06T07:17:21.916861+00:00,15,1.22289,1.76436,1.9349326394624633,1.8150931935123265,-1.9349326394624633,1.8150931935123265
113147,2026-09-06T07:17:21.938884+00:00,15,1.22963,1.75824,1.9399732129882237,1.808959960887407,-1.9399732129882237,1.808959960887407
113148,2026-09-06T07:17:21.960857+00:00,15,1.21869,1.76734,1.9313900196057292,1.8179363778814805,-1.9313900196057292,1.8179363778814805
113149,2026-09-06T07:17:21.982894+00:00,15,1.22162,1.76461,1.9337723290025655,1.8152953415496784,-1.9337723290025655,1.8152953415496784
113150,2026-09-06T07:17:22.032883+00:00,15,1.21311,1.74275,1.9251540537023364,1.7944378858629133,-1.9251540537023364,1.7944378858629133
113151,2026-09-06T07:17:22.054903+00:00,15,1.20698,1.75229,1.9207396110298682,1.80378136136618,-1.9207396110298682,1.80378136136618
113152,2026-09-06T07:17:22.077862+00:00,15,1.20129,1.73734,1.9150777514022739,1.7895636306914684,-1.9150777514022739,1.7895636306914684
113153,2026-09-06T07:17:22.099882+00:00,15,1.2294,1.73912,1.9388323918894628,1.7907174699293247,-1.9388323918894628,1.7907174699293247
113154,2026-09-06T07:17:22.121895+00:00,15,1.21399,1.76086,1.9272316901291782,1.8118990293259944,-1.9272316901291782,1.8118990293259944
113155,2026-09-06T07:17:22.143890+00:00,15,1.20747,1.75915,1.9215333718039154,1.810332450156644,-1.9215333718039154,1.810332450156644
113156,2026-09-06T07:17:22.166867+00:00,15,1.22444,1.74574,1.9348993193919048,1.7970879426829174,-1.9348993193919048,1.7970879426829174
113157,2026-09-06T07:17:22.188855+00:00,15,1.23009,1.74204,1.9392940117079052,1.7933646863678248,-1.9392940117079052,1.7933646863678248
113158,2026-09-06T07:17:22.210868+00:00,15,1.21887,1.75955,1.9308586036586675,1.810353593858013,-1.9308586036586675,1.810353593858013
113159,2026-09-06T07:17:22.233893+00:00,15,1.23233,1.74394,1.9416217548079653,1.795300752740723,-1.9416217548079653,1.795300752740723
113160,2026-09-06T07:17:22.255888+00:00,15,1.20728,1.76195,1.9217141432898133,1.813115666379282,-1.9217141432898133,1.813115666379282
113161,2026-09-06T07:17:22.277884+00:00,15,1.22737,1.76667,1.9386655392162822,1.817135822057035,-1.9386655392162822,1.817135822057035
113162,2026-09-06T07:17:22.299882+00:00,15,1.23852,1.76645,1.9480380073483818,1.8166920133316642,-1.9480380073483818,1.8166920133316642
113163,2026-09-06T07:17:22.321895+00:00,15,1.22848,1.74036,1.9378666824239021,1.791798446106682,-1.9378666824239021,1.791798446106682
113164,2026-09-06T07:17:22.349896+00:00,15,1.23881,1.74634,1.9471127371712624,1.7974251575015858,-1.9471127371712624,1.7974251575015858
113165,2026-09-06T07:17:22.371960+00:00,15,1.20102,1.735,1.9147127953921907,1.7873306235835307,-1.9147127953921907,1.7873306235835307
113166,2026-09-06T07:17:22.393856+00:00,15,1.21735,1.75029,1.929227884152816,1.8016090202150048,-1.929227884152816,1.8016090202150048
113167,2026-09-06T07:17:22.416872+00:00,15,1.21543,1.74474,1.9273455885854727,1.7963457916767196,-1.9273455885854727,1.7963457916767196
113168,2026-09-06T07:17:22.438897+00:00,15,1.21777,1.71915,1.9277773425349618,1.7717604535875933,-1.9277773425349618,1.7717604535875933
113169,2026-09-06T07:17:22.460909+00:00,15,1.22164,1.74646,1.9328864652849296,1.7979815397808265,-1.9328864652849296,1.7979815397808265
113170,2026-09-06T07:17:22.482896+00:00,15,1.20776,1.75221,1.9214809977760945,1.8037320899584737,-1.9214809977760945,1.8037320899584737
113171,2026-09-06T07:17:22.505872+00:00,15,1.23507,1.74785,1.9440353345014736,1.798942065088401,-1.9440353345014736,1.798942065088401
113172,2026-09-06T07:17:22.544895+00:00,15,1.22631,1.7215,1.9351752178014998,1.7738726336486448,-1.9351752178014998,1.7738726336486448
113173,2026-09-06T07:17:22.567921+00:00,15,1.20513,1.74948,1.9191205331482455,1.8011671899083341,-1.9191205331482455,1.8011671899083341
113174,2026-09-06T07:17:22.589879+00:00,15,1.21511,1.74647,1.9272146735476776,1.798028995986596,-1.9272146735476776,1.798028995986596
113175,2026-09-06T07:17:22.611903+00:00,15,1.23536,1.77128,1.9459971294387612,1.8215558476154898,-1.9459971294387612,1.8215558476154898
113176,2026-09-06T07:17:22.633874+00:00,15,1.21237,1.76236,1.9259975132165679,1.8133843623787562,-1.9259975132165679,1.8133843623787562
113177,2026-09-06T07:17:22.655901+00:00,15,1.22113,1.76132,1.9330357115035193,1.8120895674144264,-1.9330357115035193,1.8120895674144264
113178,2026-09-06T07:17:22.683936+00:00,15,1.21539,1.7496,1.9275430715815516,1.8009932575813479,-1.9275430715815516,1.8009932575813479
113179,2026-09-06T07:17:22.705871+00:00,15,1.21397,1.75965,1.9270269430356322,1.8106943761752763,-1.9270269430356322,1.8106943761752763
113180,2026-09-06T07:17:22.727905+00:00,15,1.2308,1.74858,1.9403513283115508,1.799651414170487,-1.9403513283115508,1.799651414170487
113181,2026-09-06T07:17:22.750879+00:00,15,1.22508,1.75371,1.936227408333496,1.804869351545004,-1.936227408333496,1.804869351545004
113182,2026-09-06T07:17:22.772884+00:00,15,1.21807,1.75421,1.9301110420933654,1.8053650653836386,-1.9301110420933654,1.8053650653836386
113183,2026-09-06T07:17:22.794909+00:00,15,1.21337,1.73899,1.925085360674011,1.7907932926755552,-1.925085360674011,1.7907932926755552
113184,2026-09-06T07:17:22.816880+00:00,15,1.21913,1.73246,1.929485013169747,1.7843896184556947,-1.929485013169747,1.7843896184556947
113185,2026-09-06T07:17:22.839902+00:00,15,1.21179,1.74942,1.9245173133547229,1.800888990097359,-1.9245173133547229,1.800888990097359
113186,2026-09-06T07:17:22.871884+00:00,15,1.2175,1.74999,1.9293209636103565,1.8013047596710223,-1.9293209636103565,1.8013047596710223
113187,2026-09-06T07:17:22.888890+00:00,15,1.21572,1.73985,1.9274400874910818,1.7917253697806919,-1.9274400874910818,1.7917253697806919
113188,2026-09-06T07:17:22.910905+00:00,15,1.22709,1.72832,1.9361169599409707,1.7803501998899307,-1.9361169599409707,1.7803501998899307
113189,2026-09-06T07:17:22.933885+00:00,15,1.22747,1.75289,1.9380654066892995,1.8039802592249814,-1.9380654066892995,1.8039802592249814
113190,2026-09-06T07:17:22.955895+00:00,15,1.22257,1.78264,1.9355888164285773,1.8325494305981704,-1.9355888164285773,1.8325494305981704
113191,2026-09-06T07:17:22.977876+00:00,15,1.22425,1.76268,1.935910540969341,1.8134105929995181,-1.935910540969341,1.8134105929995181
113192,2026-09-06T07:17:22.999908+00:00,15,1.21416,1.76673,1.9277603556194078,1.817543600208622,-1.9277603556194078,1.817543600208622
113193,2026-09-06T07:17:23.049944+00:00,15,1.20792,1.74609,1.920945755221009,1.7977132626133898,-1.920945755221009,1.7977132626133898
113194,2026-09-06T07:17:23.071893+00:00,15,1.21352,1.73849,1.9254110436178251,1.7904176670126373,-1.9254110436178251,1.7904176670126373
113195,2026-09-06T07:17:23.094888+00:00,15,1.21857,1.7357,1.929563280389456,1.7876816342132076,-1.929563280389456,1.7876816342132076
113196,2026-09-06T07:17:23.116901+00:00,15,1.20408,1.75313,1.9184004567369974,1.8046773300289565,-1.9184004567369974,1.8046773300289565
113197,2026-09-06T07:17:23.138899+00:00,15,1.21758,1.76393,1.9304193931630351,1.8147728981128262,-1.9304193931630351,1.8147728981128262
113198,2026-09-06T07:17:23.160912+00:00,15,1.20259,1.74575,1.9165222586142774,1.7975346664206933,-1.9165222586142774,1.7975346664206933
113199,2026-09-06T07:17:23.183890+00:00,15,1.2043,1.74313,1.9181978063265492,1.795173108068686,-1.9181978063265492,1.795173108068686
113200,2026-09-06T07:17:23.205922+00:00,15,1.19806,1.74992,1.9131027918015966,1.8016884245932823,-1.9131027918015966,1.8016884245932823
113201,2026-09-06T07:17:23.227911+00:00,15,1.19951,1.74705,1.9140247681018434,1.7988490403904014,-1.9140247681018434,1.7988490403904014
113202,2026-09-06T07:17:23.250937+00:00,15,1.22431,1.7371,1.9343300601992164,1.7888419454978692,-1.9343300601992164,1.7888419454978692
113203,2026-09-06T07:17:23.272903+00:00,15,1.21374,1.76374,1.9274998071563756,1.8148081455838196,-1.9274998071563756,1.8148081455838196
113204,2026-09-06T07:17:23.295276+00:00,15,1.23417,1.76955,1.9446406586031924,1.8197996608786893,-1.9446406586031924,1.8197996608786893
113205,2026-09-06T07:17:23.316895+00:00,15,1.23384,1.79564,1.9459823367185678,1.8448551966889202,-1.9459823367185678,1.8448551966889202
113206,2026-09-06T07:17:23.338882+00:00,15,1.22009,1.7622,1.9323333994562482,1.8130171872139502,-1.9323333994562482,1.8130171872139502
113207,2026-09-06T07:17:23.366922+00:00,15,1.20844,1.75441,1.9221484815904044,1.8058106817724728,-1.9221484815904044,1.8058106817724728
113208,2026-09-06T07:17:23.388922+00:00,15,1.2271,1.7442,1.9370108575442666,1.7955476469693565,-1.9370108575442666,1.7955476469693565
113209,2026-09-06T07:17:23.410876+00:00,15,1.23661,1.72451,1.9437265931175627,1.7764254835899986,-1.9437265931175627,1.7764254835899986
113210,2026-09-06T07:17:23.433899+00:00,15,1.19593,1.76131,1.9118398765721931,1.8125853620361958,-1.9118398765721931,1.8125853620361958
113211,2026-09-06T07:17:23.455896+00:00,15,1.22091,1.72397,1.9306526970974554,1.776306535867934,-1.9306526970974554,1.776306535867934
113212,2026-09-06T07:17:23.477983+00:00,15,1.22014,1.7372,1.931000895540813,1.7890958582278351,-1.931000895540813,1.7890958582278351
113213,2026-09-06T07:17:23.499920+00:00,15,1.225,1.7341,1.934830596189546,1.7859907179151289,-1.934830596189546,1.7859907179151289
113214,2026-09-06T07:17:23.522929+00:00,15,1.20572,1.75818,1.920152100845612,1.8095111207230126,-1.920152100845612,1.8095111207230126
113215,2026-09-06T07:17:23.561945+00:00,15,1.22173,1.74351,1.9324950399989622,1.7950019823572627,-1.9324950399989622,1.7950019823572627
113216,2026-09-06T07:17:23.584901+00:00,15,1.21068,1.74619,1.9237472997975433,1.7979848901657294,-1.9237472997975433,1.7979848901657294
113217,2026-09-06T07:17:23.606912+00:00,15,1.20941,1.76846,1.923735788861308,1.8192367135223908,-1.923735788861308,1.8192367135223908
113218,2026-09-06T07:17:23.628889+00:00,15,1.25007,1.75699,1.9571008648682595,1.807358293107479,-1.9571008648682595,1.807358293107479
113219,2026-09-06T07:17:23.650898+00:00,15,1.22771,1.76385,1.9387816413102836,1.8144187253945534,-1.9387816413102836,1.8144187253945534
113220,2026-09-06T07:17:23.672898+00:00,15,1.20821,1.76519,1.9225794388833732,1.8161475630967756,-1.9225794388833732,1.8161475630967756
113221,2026-09-06T07:17:23.700941+00:00,15,1.20634,1.74133,1.9194326705367752,1.7932287177179282,-1.9194326705367752,1.7932287177179282
113222,2026-09-06T07:17:23.722915+00:00,15,1.20833,1.74399,1.9215131624840944,1.7958619292850468,-1.9215131624840944,1.7958619292850468
113223,2026-09-06T07:17:23.744889+00:00,15,1.21018,1.75134,1.9234726412514447,1.80285583604361,-1.9234726412514447,1.80285583604361
113224,2026-09-06T07:17:23.767888+00:00,15,1.22894,1.75823,1.9395464674632505,1.8090354309925907,-1.9395464674632505,1.8090354309925907
113225,2026-09-06T07:17:23.789900+00:00,15,1.22866,1.73848,1.9382137639219694,1.7901386184960637,-1.9382137639219694,1.7901386184960637
113226,2026-09-06T07:17:23.811944+00:00,15,1.20371,1.73725,1.917204645875011,1.7894794759780408,-1.917204645875011,1.7894794759780408
113227,2026-09-06T07:17:23.833894+00:00,15,1.20085,1.71839,1.9133400273515808,1.7712912780807608,-1.9133400273515808,1.7712912780807608
113228,2026-09-06T07:17:23.856920+00:00,15,1.20098,1.72892,1.9142041509133216,1.7814446828316084,-1.9142041509133216,1.7814446828316084
113229,2026-09-06T07:17:23.878900+00:00,15,1.20272,1.73051,1.9156672924055014,1.7829013050753453,-1.9156672924055014,1.7829013050753453
113230,2026-09-06T07:17:23.900923+00:00,15,1.19515,1.75416,1.91106520308976,1.8058912817748034,-1.91106520308976,1.8058912817748034
113231,2026-09-06T07:17:23.923934+00:00,15,1.20628,1.74046,1.9192596307312604,1.7923645066196814,-1.9192596307312604,1.7923645066196814
113232,2026-09-06T07:17:23.945913+00:00,15,1.2024,1.76889,1.917882979910603,1.819794934429152,-1.917882979910603,1.819794934429152
113233,2026-09-06T07:17:23.967929+00:00,15,1.2362,1.73804,1.9445685694345576,1.789583617310474,-1.9445685694345576,1.789583617310474
113234,2026-09-06T07:17:23.989903+00:00,15,1.21391,1.76765,1.9273374982360942,1.8183034631474952,-1.9273374982360942,1.8183034631474952
113235,2026-09-06T07:17:24.011934+00:00,15,1.22597,1.77207,1.9379704909560296,1.822405276484234,-1.9379704909560296,1.822405276484234
113236,2026-09-06T07:17:24.062948+00:00,15,1.22421,1.7447,1.9346800713494705,1.7961196539384878,-1.9346800713494705,1.7961196539384878
113237,2026-09-06T07:17:24.084906+00:00,15,1.19917,1.76356,1.914837522127003,1.8147473862989776,-1.914837522127003,1.8147473862989776
113238,2026-09-06T07:17:24.106908+00:00,15,1.22033,1.73827,1.9308998263051267,1.7899685693903384,-1.9308998263051267,1.7899685693903384
113239,2026-09-06T07:17:24.128940+00:00,15,1.2168,1.72721,1.9273294321423262,1.779457563639388,-1.9273294321423262,1.779457563639388
113240,2026-09-06T07:17:24.151956+00:00,15,1.19312,1.73872,1.9082878513540025,1.791053423291951,-1.9082878513540025,1.791053423291951
113241,2026-09-06T07:17:24.173921+00:00,15,1.22387,1.74193,1.9340436584634226,1.7933794694650838,-1.9340436584634226,1.7933794694650838
113242,2026-09-06T07:17:24.195948+00:00,15,1.21916,1.73518,1.9298557754239785,1.7870735311466122,-1.9298557754239785,1.7870735311466122
113243,2026-09-06T07:17:24.217900+00:00,15,1.23007,1.74046,1.9395125241394406,1.7920068285859636,-1.9395125241394406,1.7920068285859636
113244,2026-09-06T07:17:24.239915+00:00,15,1.22209,1.74304,1.932969668747563,1.7946428873111633,-1.932969668747563,1.7946428873111633
113245,2026-09-06T07:17:24.262946+00:00,15,1.23476,1.74868,1.943818397431416,1.7997323151155606,-1.943818397431416,1.7997323151155606
113246,2026-09-06T07:17:24.284915+00:00,15,1.2155,1.73523,1.9270779761845376,1.7873384651055058,-1.9270779761845376,1.7873384651055058
113247,2026-09-06T07:17:24.306946+00:00,15,1.21961,1.75822,1.9319787053520359,1.8093402318352285,-1.9319787053520359,1.8093402318352285
113248,2026-09-06T07:17:24.328922+00:00,15,1.21507,1.757,1.9278850042229037,1.8081614470503065,-1.9278850042229037,1.8081614470503065
113249,2026-09-06T07:17:24.351919+00:00,15,1.21169,1.76848,1.9254903991029886,1.8191289607668122,-1.9254903991029886,1.8191289607668122
113250,2026-09-06T07:17:24.379925+00:00,15,1.21422,1.73456,1.9258061716395074,1.7866550240598078,-1.9258061716395074,1.7866550240598078
113251,2026-09-06T07:17:24.401944+00:00,15,1.2126,1.74907,1.9250964142653393,1.8004991880414025,-1.9250964142653393,1.8004991880414025
113252,2026-09-06T07:17:24.423915+00:00,15,1.21865,1.74888,1.9300558923485465,1.800139835776074,-1.9300558923485465,1.800139835776074
113253,2026-09-06T07:17:24.446907+00:00,15,1.19216,1.73755,1.9073095359141787,1.789900227444687,-1.9073095359141787,1.789900227444687
113254,2026-09-06T07:17:24.468929+00:00,15,1.21675,1.72797,1.9272470015241279,1.7801419432776042,-1.9272470015241279,1.7801419432776042
113255,2026-09-06T07:17:24.490966+00:00,15,1.19904,1.74384,1.9134717123827787,1.7957924596622996,-1.9134717123827787,1.7957924596622996
113256,2026-09-06T07:17:24.512917+00:00,15,1.21333,1.75604,1.9264867824171417,1.8073462620656067,-1.9264867824171417,1.8073462620656067
113257,2026-09-06T07:17:24.535940+00:00,15,1.23978,1.72177,1.9464653812440245,1.773845934931965,-1.9464653812440245,1.773845934931965
113258,2026-09-06T07:17:24.574929+00:00,15,1.2383,1.74412,1.946620933409719,1.7953429835942676,-1.946620933409719,1.7953429835942676
113259,2026-09-06T07:17:24.597942+00:00,15,1.21649,1.74955,1.9286313563886257,1.800988851886526,-1.9286313563886257,1.800988851886526
113260,2026-09-06T07:17:24.619950+00:00,15,1.19734,1.75684,1.9128580173345588,1.8083233711589823,-1.9128580173345588,1.8083233711589823
113261,2026-09-06T07:17:24.641980+00:00,15,1.23011,1.74647,1.9397594378627803,1.797702635851533,-1.9397594378627803,1.797702635851533
113262,2026-09-06T07:17:24.663960+00:00,15,1.21826,1.74832,1.9300700687748316,1.7997872605292167,-1.9300700687748316,1.7997872605292167
113263,2026-09-06T07:17:24.685927+00:00,15,1.22762,1.77093,1.93936425263569,1.8213223899527975,-1.93936425263569,1.8213223899527975
113264,2026-09-06T07:17:24.713951+00:00,15,1.21719,1.73935,1.9285005796095045,1.7911382455869422,-1.9285005796095045,1.7911382455869422
113265,2026-09-06T07:17:24.735932+00:00,15,1.22084,1.7345,1.93120537989289,1.7863889871167127,-1.93120537989289,1.7863889871167127
113266,2026-09-06T07:17:24.757947+00:00,15,1.21657,1.73253,1.9275706549701102,1.784616572164246,-1.9275706549701102,1.784616572164246
113267,2026-09-06T07:17:24.780912+00:00,15,1.21582,1.73634,1.9270373082870655,1.788228110415241,-1.9270373082870655,1.788228110415241
113268,2026-09-06T07:17:24.802922+00:00,15,1.23816,1.75684,1.947431709690295,1.8076188101174164,-1.947431709690295,1.8076188101174164
113269,2026-09-06T07:17:24.824956+00:00,15,1.1982,1.7515,1.9134611407734565,1.8032735837890095,-1.9134611407734565,1.8032735837890095
113270,2026-09-06T07:17:24.846917+00:00,15,1.20416,1.75225,1.9183207198978807,1.803779310491876,-1.9183207198978807,1.803779310491876
113271,2026-09-06T07:17:24.869918+00:00,15,1.22768,1.73256,1.9369241431050352,1.78442292737874,-1.9369241431050352,1.78442292737874
113272,2026-09-06T07:17:24.891916+00:00,15,1.20959,1.74357,1.9222364920761457,1.795290189896089,-1.9222364920761457,1.795290189896089
113273,2026-09-06T07:17:24.913915+00:00,15,1.20534,1.73387,1.9181556979914354,1.786096901332961,-1.9181556979914354,1.786096901332961
113274,2026-09-06T07:17:24.936956+00:00,15,1.21259,1.73245,1.9242696431717508,1.7846447851860787,-1.9242696431717508,1.7846447851860787
113275,2026-09-06T07:17:24.958918+00:00,15,1.22057,1.75601,1.9325202956614058,1.8071399876961505,-1.9325202956614058,1.8071399876961505
113276,2026-09-06T07:17:24.980944+00:00,15,1.23936,1.77066,1.9493427323662367,1.820882589913676,-1.9493427323662367,1.820882589913676
113277,2026-09-06T07:17:25.002926+00:00,15,1.2236,1.78629,1.9366128155275524,1.8359879242224035,-1.9366128155275524,1.8359879242224035
113278,2026-09-06T07:17:25.024937+00:00,15,1.2184,1.7456,1.9300044142101198,1.797170134026056,-1.9300044142101198,1.797170134026056
113279,2026-09-06T07:17:25.078024+00:00,15,1.21506,1.74883,1.927420466559604,1.8003482030423095,-1.927420466559604,1.8003482030423095
113280,2026-09-06T07:17:25.099923+00:00,15,1.20891,1.76123,1.922860413449241,1.8123072436283612,-1.922860413449241,1.8123072436283612
113281,2026-09-06T07:17:25.121969+00:00,15,1.21723,1.72925,1.9277765072505126,1.7813809190950953,-1.9277765072505126,1.7813809190950953
113282,2026-09-06T07:17:25.143944+00:00,15,1.20021,1.73422,1.9138240820577361,1.7865233376099696,-1.9138240820577361,1.7865233376099696
113283,2026-09-06T07:17:25.166963+00:00,15,1.22183,1.75338,1.9330557255070322,1.8044286598343153,-1.9330557255070322,1.8044286598343153
113284,2026-09-06T07:17:25.188949+00:00,15,1.20596,1.7412,1.9190989891487045,1.7931184298143321,-1.9190989891487045,1.7931184298143321
113285,2026-09-06T07:17:25.210941+00:00,15,1.20686,1.73662,1.9197166493117566,1.7887671024492267,-1.9197166493117566,1.7887671024492267
113286,2026-09-06T07:17:25.232947+00:00,15,1.23195,1.74397,1.9413673317473177,1.7953633188422968,-1.9413673317473177,1.7953633188422968
113287,2026-09-06T07:17:25.255948+00:00,15,1.20029,1.75607,1.9152632670911185,1.807508185412068,-1.9152632670911185,1.807508185412068
113288,2026-09-06T07:17:25.277963+00:00,15,1.21279,1.7346,1.9246743316050572,1.7867515063213228,-1.9246743316050572,1.7867515063213228
113289,2026-09-06T07:17:25.299959+00:00,15,1.23013,1.76226,1.940892220134339,1.8129250131993673,-1.940892220134339,1.8129250131993673
113290,2026-09-06T07:17:25.321944+00:00,15,1.22369,1.75113,1.9347194191536643,1.8023383784299243,-1.9347194191536643,1.8023383784299243
113291,2026-09-06T07:17:25.344946+00:00,15,1.23865,1.75386,1.9475417087008262,1.8046894871835282,-1.9475417087008262,1.8046894871835282
113292,2026-09-06T07:17:25.366935+00:00,15,1.20536,1.75839,1.9197423040018404,1.8096630273267655,-1.9197423040018404,1.8096630273267655
113293,2026-09-06T07:17:25.394965+00:00,15,1.22719,1.75789,1.9380791223359124,1.8087597892256788,-1.9380791223359124,1.8087597892256788
113294,2026-09-06T07:17:25.416930+00:00,15,1.22594,1.73548,1.9355080360266936,1.7872019125743381,-1.9355080360266936,1.7872019125743381
113295,2026-09-06T07:17:25.438941+00:00,15,1.22256,1.73682,1.9326881179416167,1.788526181388424,-1.9326881179416167,1.788526181388424
113296,2026-09-06T07:17:25.461973+00:00,15,1.1998,1.74937,1.9145901661947708,1.8011535410940411,-1.9145901661947708,1.8011535410940411
113297,2026-09-06T07:17:25.483960+00:00,15,1.21521,1.76887,1.9285166556699873,1.819452072956472,-1.9285166556699873,1.819452072956472
113298,2026-09-06T07:17:25.505954+00:00,15,1.21743,1.73411,1.928289206706576,1.7860627659986341,-1.928289206706576,1.7860627659986341
113299,2026-09-06T07:17:25.527976+00:00,15,1.208,1.74107,1.9209255725353969,1.7930038657876348,-1.9209255725353969,1.7930038657876348
113300,2026-09-06T07:17:25.550942+00:00,15,1.21407,1.7578,1.9268977679103827,1.8088587983034223,-1.9268977679103827,1.8088587983034223
113301,2026-09-06T07:17:25.589992+00:00,15,1.21218,1.75136,1.9251493669616841,1.8028258353961168,-1.9251493669616841,1.8028258353961168
113302,2026-09-06T07:17:25.612959+00:00,15,1.20994,1.73383,1.9222394644584415,1.786072716702037,-1.9222394644584415,1.786072716702037
113303,2026-09-06T07:17:25.634961+00:00,15,1.20916,1.75488,1.9230482941393119,1.8063765943569332,-1.9230482941393119,1.8063765943569332
113304,2026-09-06T07:17:25.656969+00:00,15,1.215,1.77932,1.9291926357078744,1.8295877422384499,-1.9291926357078744,1.8295877422384499
113305,2026-09-06T07:17:25.678999+00:00,15,1.21621,1.74596,1.9279622894439254,1.7974517423753829,-1.9279622894439254,1.7974517423753829
113306,2026-09-06T07:17:25.700938+00:00,15,1.23018,1.76361,1.9411481473959813,1.814277080367661,-1.9411481473959813,1.814277080367661
113307,2026-09-06T07:17:25.729030+00:00,15,1.21581,1.7393,1.9272582308423087,1.7910859664687522,-1.9272582308423087,1.7910859664687522
113308,2026-09-06T07:17:25.750968+00:00,15,1.21729,1.738,1.928444202339658,1.7898254405942937,-1.928444202339658,1.7898254405942937
113309,2026-09-06T07:17:25.772937+00:00,15,1.2021,1.74442,1.9159964275930923,1.7962546244349837,-1.9159964275930923,1.7962546244349837
113310,2026-09-06T07:17:25.795958+00:00,15,1.21651,1.7319,1.9273890354001058,1.7839779809838425,-1.9273890354001058,1.7839779809838425
113311,2026-09-06T07:17:25.817951+00:00,15,1.21298,1.74602,1.9251014260111288,1.7975041795213784,-1.9251014260111288,1.7975041795213784
113312,2026-09-06T07:17:25.839985+00:00,15,1.22606,1.75936,1.937156331909459,1.810155875325677,-1.937156331909459,1.810155875325677
113313,2026-09-06T07:17:25.861951+00:00,15,1.24797,1.72869,1.9537486162741953,1.7803192478245706,-1.9537486162741953,1.7803192478245706
113314,2026-09-06T07:17:25.884964+00:00,15,1.23219,1.75819,1.9422263266914122,1.808904578986086,-1.9422263266914122,1.808904578986086
113315,2026-09-06T07:17:25.906983+00:00,15,1.21145,1.7459,1.9241470951177295,1.7975833518864344,-1.9241470951177295,1.7975833518864344
113316,2026-09-06T07:17:25.928976+00:00,15,1.19789,1.75462,1.9135612483026594,1.806358833577681,-1.9135612483026594,1.806358833577681
113317,2026-09-06T07:17:25.951960+00:00,15,1.21711,1.75003,1.9290637868620084,1.8013893205254776,-1.9290637868620084,1.8013893205254776
113318,2026-09-06T07:17:25.973965+00:00,15,1.23898,1.75902,1.9478745998388445,1.809513368444838,-1.9478745998388445,1.809513368444838
113319,2026-09-06T07:17:25.995942+00:00,15,1.22565,1.76527,1.9370127075498764,1.8157662283544955,-1.9370127075498764,1.8157662283544955
113320,2026-09-06T07:17:26.017988+00:00,15,1.22724,1.76494,1.9384430079898367,1.8154707214462735,-1.9384430079898367,1.8154707214462735
113321,2026-09-06T07:17:26.039963+00:00,15,1.21505,1.75773,1.9278411560193283,1.8088310974272261,-1.9278411560193283,1.8088310974272261
113322,2026-09-06T07:17:26.089986+00:00,15,1.21443,1.74498,1.9262785601360575,1.7964810009710874,-1.9262785601360575,1.7964810009710874
113323,2026-09-06T07:17:26.121951+00:00,15,1.22231,1.74317,1.9328595539575892,1.7946272106617605,-1.9328595539575892,1.7946272106617605
113324,2026-09-06T07:17:26.138978+00:00,15,1.21574,1.76206,1.928675397311573,1.8129676827580283,-1.928675397311573,1.8129676827580283
113325,2026-09-06T07:17:26.160956+00:00,15,1.19706,1.74277,1.9116757024986817,1.7947776346263034,-1.9116757024986817,1.7947776346263034
113326,2026-09-06T07:17:26.183990+00:00,15,1.23347,1.73569,1.9418767676327855,1.7872729927921407,-1.9418767676327855,1.7872729927921407
113327,2026-09-06T07:17:26.205988+00:00,15,1.20656,1.73999,1.9193715601683314,1.7918603839129965,-1.9193715601683314,1.7918603839129965
113328,2026-09-06T07:17:26.237994+00:00,15,1.20276,1.71659,1.9151478172588419,1.769673161159776,-1.9151478172588419,1.769673161159776
113329,2026-09-06T07:17:26.254994+00:00,15,1.21382,1.75395,1.92652246812357,1.8052028683283186,-1.92652246812357,1.8052028683283186
113330,2026-09-06T07:17:26.276954+00:00,15,1.21492,1.73578,1.9265506356415687,1.7878528137418925,-1.9265506356415687,1.7878528137418925
113331,2026-09-06T07:17:26.299998+00:00,15,1.21664,1.75643,1.9291561907189587,1.8075803191726776,-1.9291561907189587,1.8075803191726776
113332,2026-09-06T07:17:26.321956+00:00,15,1.22813,1.73811,1.9375853376573084,1.7897254975231536,-1.9375853376573084,1.7897254975231536
113333,2026-09-06T07:17:26.344074+00:00,15,1.22847,1.76184,1.9393248529268996,1.8124910361063253,-1.9393248529268996,1.8124910361063253
113334,2026-09-06T07:17:26.365974+00:00,15,1.21721,1.76897,1.9301194212092017,1.8194629830695133,-1.9301194212092017,1.8194629830695133
113335,2026-09-06T07:17:26.388979+00:00,15,1.22896,1.76398,1.9398889118173814,1.8145396458466543,-1.9398889118173814,1.8145396458466543
113336,2026-09-06T07:17:26.416990+00:00,15,1.19956,1.73386,1.9133876460294188,1.7862553558875236,-1.9133876460294188,1.7862553558875236
113337,2026-09-06T07:17:26.439027+00:00,15,1.21767,1.73865,1.9288867710833522,1.790477711782668,-1.9288867710833522,1.790477711782668
113338,2026-09-06T07:17:26.460992+00:00,15,1.21965,1.74922,1.9312632551179345,1.8006181551879152,-1.9312632551179345,1.8006181551879152
113339,2026-09-06T07:17:26.483971+00:00,15,1.22783,1.75371,1.9384399840643938,1.8047722234709676,-1.9384399840643938,1.8047722234709676
113340,2026-09-06T07:17:26.506055+00:00,15,1.21778,1.73993,1.9291504834659392,1.7917445955856421,-1.9291504834659392,1.7917445955856421
113341,2026-09-06T07:17:26.527969+00:00,15,1.22409,1.72502,1.9334073164140033,1.777245521804953,-1.9334073164140033,1.777245521804953
113342,2026-09-06T07:17:26.549962+00:00,15,1.21145,1.75035,1.924342678381578,1.8018125821982813,-1.924342678381578,1.8018125821982813
113343,2026-09-06T07:17:26.572989+00:00,15,1.22589,1.72989,1.9351595692348444,1.7818580471925052,-1.9351595692348444,1.7818580471925052
113344,2026-09-06T07:17:26.611981+00:00,15,1.2233,1.73224,1.9333490932164576,1.7842666319830567,-1.9333490932164576,1.7842666319830567
113345,2026-09-06T07:17:26.635010+00:00,15,1.23448,1.74995,1.9437380553097452,1.800997444136683,-1.9437380553097452,1.800997444136683
113346,2026-09-06T07:17:26.656966+00:00,15,1.21247,1.7408,1.9247582443436209,1.792690678954999,-1.9247582443436209,1.792690678954999
113347,2026-09-06T07:17:26.678987+00:00,15,1.25335,1.77401,1.9608975411781897,1.8236231266316343,-1.9608975411781897,1.8236231266316343
113348,2026-09-06T07:17:26.700991+00:00,15,1.23623,1.78491,1.947241592181895,1.834463875913891,-1.947241592181895,1.834463875913891
113349,2026-09-06T07:17:26.722982+00:00,15,1.22614,1.7712,1.937983976811057,1.8215401392297765,-1.937983976811057,1.8215401392297765
113350,2026-09-06T07:17:26.750990+00:00,15,1.22762,1.73293,1.93683922159709,1.7847578943461198,-1.93683922159709,1.7847578943461198
113351,2026-09-06T07:17:26.773013+00:00,15,1.22328,1.73888,1.9337369171297598,1.7906382029715415,-1.9337369171297598,1.7906382029715415
113352,2026-09-06T07:17:26.794994+00:00,15,1.21337,1.75828,1.9266435157636823,1.8094804828288844,-1.9266435157636823,1.8094804828288844
113353,2026-09-06T07:17:26.818005+00:00,15,1.20673,1.73791,1.9197231167404443,1.7900181461678037,-1.9197231167404443,1.7900181461678037
113354,2026-09-06T07:17:26.840008+00:00,15,1.22478,1.74446,1.9352737005435259,1.7959414104404388,-1.9352737005435259,1.7959414104404388
113355,2026-09-06T07:17:26.861999+00:00,15,1.22531,1.73835,1.93518624206433,1.789992817381295,-1.93518624206433,1.789992817381295
113356,2026-09-06T07:17:26.884013+00:00,15,1.20873,1.7579,1.9224581360558728,1.809086932472367,-1.9224581360558728,1.809086932472367
113357,2026-09-06T07:17:26.906988+00:00,15,1.22589,1.7201,1.9345282170488591,1.7724447466171784,-1.9345282170488591,1.7724447466171784
113358,2026-09-06T07:17:26.928983+00:00,15,1.21058,1.75083,1.9236651394610769,1.8023030737958734,-1.9236651394610769,1.8023030737958734
113359,2026-09-06T07:17:26.951016+00:00,15,1.23687,1.73436,1.9447061254288245,1.7859533313508924,-1.9447061254288245,1.7859533313508924
113360,2026-09-06T07:17:26.973977+00:00,15,1.22422,1.74497,1.934967202069234,1.7964968802554628,-1.934967202069234,1.7964968802554628
113361,2026-09-06T07:17:26.995986+00:00,15,1.24245,1.75142,1.9503679302995673,1.8021704088909727,-1.9503679302995673,1.8021704088909727
113362,2026-09-06T07:17:27.017991+00:00,15,1.24868,1.75741,1.9558586813467975,1.8077465960197063,-1.9558586813467975,1.8077465960197063
113363,2026-09-06T07:17:27.040007+00:00,15,1.24212,1.73846,1.949399624771583,1.7897972407558422,-1.949399624771583,1.7897972407558422
113364,2026-09-06T07:17:27.061990+00:00,15,1.24537,1.76098,1.9537622796308283,1.811452726524246,-1.9537622796308283,1.811452726524246
113365,2026-09-06T07:17:27.112013+00:00,15,1.20852,1.75591,1.922443357915065,1.8073221238365027,-1.922443357915065,1.8073221238365027
113366,2026-09-06T07:17:27.133983+00:00,15,1.20821,1.74276,1.9212782154847048,1.79465660123761,-1.9212782154847048,1.79465660123761
113367,2026-09-06T07:17:27.155981+00:00,15,1.21052,1.74686,1.9232882674408038,1.798456552714722,-1.9232882674408038,1.798456552714722
113368,2026-09-06T07:17:27.179012+00:00,15,1.22658,1.72889,1.9359054994350546,1.7809846092648012,-1.9359054994350546,1.7809846092648012
113369,2026-09-06T07:17:27.201104+00:00,15,1.21699,1.74724,1.9286881469075106,1.7986600880416455,-1.9286881469075106,1.7986600880416455
113370,2026-09-06T07:17:27.223006+00:00,15,1.21962,1.74019,1.9303234686053472,1.7917735142509843,-1.9303234686053472,1.7917735142509843
113371,2026-09-06T07:17:27.244990+00:00,15,1.22506,1.75552,1.9360570005341105,1.8064814596163938,-1.9360570005341105,1.8064814596163938
113372,2026-09-06T07:17:27.268015+00:00,15,1.20827,1.72539,1.920027637045152,1.7778696484349412,-1.920027637045152,1.7778696484349412
113373,2026-09-06T07:17:27.289987+00:00,15,1.22026,1.74784,1.9315575550625739,1.7992178043949227,-1.9315575550625739,1.7992178043949227
113374,2026-09-06T07:17:27.312452+00:00,15,1.22268,1.75443,1.9342965404067556,1.8056306183245372,-1.9342965404067556,1.8056306183245372
113375,2026-09-06T07:17:27.334011+00:00,15,1.22999,1.72824,1.9387622423898638,1.780309718466181,-1.9387622423898638,1.780309718466181
113376,2026-09-06T07:17:27.365994+00:00,15,1.22016,1.73835,1.9308012958916216,1.7900624828316043,-1.9308012958916216,1.7900624828316043
113377,2026-09-06T07:17:27.382968+00:00,15,1.24086,1.74161,1.9485717439155519,1.7928605082098765,-1.9485717439155519,1.7928605082098765
113378,2026-09-06T07:17:27.405024+00:00,15,1.23013,1.76374,1.9409449679744952,1.814336258595569,-1.9409449679744952,1.814336258595569
113379,2026-09-06T07:17:27.432988+00:00,15,1.23762,1.74846,1.94627835239379,1.7995037749548808,-1.94627835239379,1.7995037749548808
113380,2026-09-06T07:17:27.455016+00:00,15,1.21496,1.74594,1.9271257254146485,1.797555246350483,-1.9271257254146485,1.797555246350483
113381,2026-09-06T07:17:27.476979+00:00,15,1.22496,1.73015,1.9342923216500851,1.7820818817742519,-1.9342923216500851,1.7820818817742519
113382,2026-09-06T07:17:27.500027+00:00,15,1.21581,1.75592,1.928142970283454,1.8069771187725898,-1.928142970283454,1.8069771187725898
113383,2026-09-06T07:17:27.522002+00:00,15,1.22284,1.72992,1.9325454279828072,1.7819280898138636,-1.9325454279828072,1.7819280898138636
113384,2026-09-06T07:17:27.544004+00:00,15,1.22269,1.75074,1.9337192554317377,1.8019119369542305,-1.9337192554317377,1.8019119369542305
113385,2026-09-06T07:17:27.566001+00:00,15,1.20884,1.75855,1.9226396915063222,1.8097244491016429,-1.9226396915063222,1.8097244491016429
113386,2026-09-06T07:17:27.589007+00:00,15,1.22848,1.73802,1.9380944087879035,1.7897349491397592,-1.9380944087879035,1.7897349491397592
113387,2026-09-06T07:17:27.630097+00:00,15,1.21808,1.74654,1.9296070860130212,1.7979883859658299,-1.9296070860130212,1.7979883859658299
113388,2026-09-06T07:17:27.652007+00:00,15,1.23854,1.7309,1.9458625782583727,1.7825800159378271,-1.9458625782583727,1.7825800159378271
113389,2026-09-06T07:17:27.675033+00:00,15,1.23149,1.76314,1.941959594525913,1.813683067862796,-1.941959594525913,1.813683067862796
113390,2026-09-06T07:17:27.696999+00:00,15,1.23577,1.76331,1.9457200863002626,1.813832056818977,-1.9457200863002626,1.813832056818977
113391,2026-09-06T07:17:27.719026+00:00,15,1.2422,1.78394,1.9523261984722646,1.8334723685569931,-1.9523261984722646,1.8334723685569931
113392,2026-09-06T07:17:27.741002+00:00,15,1.2352,1.77841,1.9459710269021606,1.8282463760330225,-1.9459710269021606,1.8282463760330225
113393,2026-09-06T07:17:27.769018+00:00,15,1.22697,1.75216,1.9374386857709365,1.803213092452156,-1.9374386857709365,1.803213092452156
113394,2026-09-06T07:17:27.791017+00:00,15,1.22095,1.71791,1.930161127060191,1.7704048925225713,-1.930161127060191,1.7704048925225713
113395,2026-09-06T07:17:27.813001+00:00,15,1.22082,1.73885,1.931644304744228,1.7906522152667987,-1.931644304744228,1.7906522152667987
113396,2026-09-06T07:17:27.835994+00:00,15,1.21527,1.72871,1.9259242396309997,1.780825199620575,-1.9259242396309997,1.780825199620575
113397,2026-09-06T07:17:27.858022+00:00,15,1.21597,1.73783,1.9275239644011903,1.7897763361478827,-1.9275239644011903,1.7897763361478827
113398,2026-09-06T07:17:27.889994+00:00,15,1.22905,1.74799,1.9390023995024779,1.7991969407306394,-1.9390023995024779,1.7991969407306394
113399,2026-09-06T07:17:27.907020+00:00,15,1.20456,1.7575,1.9189102366067172,1.8087758874979785,-1.9189102366067172,1.8087758874979785
113400,2026-09-06T07:17:27.929026+00:00,15,1.19817,1.72624,1.9117975008482233,1.7789890248049274,-1.9117975008482233,1.7789890248049274
113401,2026-09-06T07:17:27.952034+00:00,15,1.1977,1.73892,1.9119403818132419,1.7910573921273152,-1.9119403818132419,1.7910573921273152
113402,2026-09-06T07:17:27.974019+00:00,15,1.22173,1.74282,1.9323690671309046,1.7943045541399123,-1.9323690671309046,1.7943045541399123
113403,2026-09-06T07:17:27.996022+00:00,15,1.20935,1.75611,1.922909156487785,1.8073696640918706,-1.922909156487785,1.8073696640918706
113404,2026-09-06T07:17:28.018010+00:00,15,1.22402,1.76432,1.9357793641121943,1.8149726558632422,-1.9357793641121943,1.8149726558632422
113405,2026-09-06T07:17:28.040998+00:00,15,1.22195,1.75372,1.9335741290450688,1.8049303439658846,-1.9335741290450688,1.8049303439658846
113406,2026-09-06T07:17:28.063044+00:00,15,1.22546,1.76971,1.937357422279447,1.8201379837454468,-1.937357422279447,1.8201379837454468
113407,2026-09-06T07:17:28.085021+00:00,15,1.23876,1.75752,1.9476710006398052,1.808114042692429,-1.9476710006398052,1.808114042692429
113408,2026-09-06T07:17:28.138036+00:00,15,1.20506,1.73984,1.9181128441395414,1.7917565627098824,-1.9181128441395414,1.7917565627098824
113409,2026-09-06T07:17:28.160014+00:00,15,1.21301,1.73503,1.9246424389705148,1.7870460607659744,-1.9246424389705148,1.7870460607659744
113410,2026-09-06T07:17:28.182002+00:00,15,1.22236,1.73534,1.9328160886942347,1.7872940201855747,-1.9328160886942347,1.7872940201855747
113411,2026-09-06T07:17:28.204040+00:00,15,1.22799,1.73868,1.9376276896613414,1.7903339464572807,-1.9376276896613414,1.7903339464572807
113412,2026-09-06T07:17:28.226728+00:00,15,1.21761,1.73758,1.9285722761028758,1.789360763947463,-1.9285722761028758,1.789360763947463
113413,2026-09-06T07:17:28.249022+00:00,15,1.22301,1.73422,1.9332875677041717,1.7862069003020615,-1.9332875677041717,1.7862069003020615
113414,2026-09-06T07:17:28.271013+00:00,15,1.20952,1.73451,1.9216976440772564,1.7866260387652413,-1.9216976440772564,1.7866260387652413
113415,2026-09-06T07:17:28.293026+00:00,15,1.19687,1.74461,1.9116278623617757,1.7965541633903892,-1.9116278623617757,1.7965541633903892
113416,2026-09-06T07:17:28.315052+00:00,15,1.22316,1.76477,1.9351198462730617,1.8154453883810489,-1.9351198462730617,1.8154453883810489
113417,2026-09-06T07:17:28.338017+00:00,15,1.21524,1.73437,1.9264467740257516,1.7863551995746614,-1.9264467740257516,1.7863551995746614
113418,2026-09-06T07:17:28.360009+00:00,15,1.23972,1.75171,1.948235152679478,1.8025781066218278,-1.948235152679478,1.8025781066218278
113419,2026-09-06T07:17:28.382022+00:00,15,1.20892,1.75462,1.9222302531308864,1.8058519011062668,-1.9222302531308864,1.8058519011062668
113420,2026-09-06T07:17:28.404010+00:00,15,1.21214,1.75938,1.9254437177132797,1.8104483123945692,-1.9254437177132797,1.8104483123945692
113421,2026-09-06T07:17:28.427040+00:00,15,1.22299,1.7438,1.9336402600490707,1.7952932863980735,-1.9336402600490707,1.7952932863980735
113422,2026-09-06T07:17:28.455040+00:00,15,1.20496,1.7414,1.9182605741542476,1.793316505608095,-1.9182605741542476,1.793316505608095
113423,2026-09-06T07:17:28.477018+00:00,15,1.21701,1.75564,1.9291664400651807,1.8066932872016885,-1.9291664400651807,1.8066932872016885
113424,2026-09-06T07:17:28.499031+00:00,15,1.19477,1.73539,1.9094623776004944,1.7878192378768945,-1.9094623776004944,1.7878192378768945
113425,2026-09-06T07:17:28.522022+00:00,15,1.20139,1.75103,1.915770248228091,1.802594951501707,-1.915770248228091,1.802594951501707
113426,2026-09-06T07:17:28.544050+00:00,15,1.20354,1.74727,1.9175689555550937,1.7990456666710033,-1.9175689555550937,1.7990456666710033
113427,2026-09-06T07:17:28.566030+00:00,15,1.22262,1.73825,1.9332110198572452,1.790082400443615,-1.9332110198572452,1.790082400443615
113428,2026-09-06T07:17:28.588023+00:00,15,1.20695,1.72825,1.9191435017036065,1.7806650072781305,-1.9191435017036065,1.7806650072781305
113429,2026-09-06T07:17:28.611022+00:00,15,1.19823,1.7575,1.9135799488805696,1.808898328400424,-1.9135799488805696,1.808898328400424
113430,2026-09-06T07:17:28.650023+00:00,15,1.1916,1.74819,1.9073277654018495,1.800049686966023,-1.9073277654018495,1.800049686966023
113431,2026-09-06T07:17:28.673033+00:00,15,1.21205,1.73945,1.9240867781722264,1.7912965071440106,-1.9240867781722264,1.7912965071440106
113432,2026-09-06T07:17:28.695017+00:00,15,1.2212,1.74125,1.9319472630464407,1.792866541712015,-1.9319472630464407,1.792866541712015
113433,2026-09-06T07:17:28.717075+00:00,15,1.22336,1.76113,1.9351424534308759,1.81198336037727,-1.9351424534308759,1.81198336037727
113434,2026-09-06T07:17:28.739559+00:00,15,1.20086,1.75113,1.9156925864196022,1.8028714704230682,-1.9156925864196022,1.8028714704230682
113435,2026-09-06T07:17:28.762028+00:00,15,1.23077,1.75288,1.9408270513022117,1.80390263306224,-1.9408270513022117,1.80390263306224
113436,2026-09-06T07:17:28.790022+00:00,15,1.22648,1.74164,1.9363363830367468,1.7931044054390635,-1.9363363830367468,1.7931044054390635
113437,2026-09-06T07:17:28.812027+00:00,15,1.22229,1.74734,1.9333723673039143,1.7987559561276953,-1.9333723673039143,1.7987559561276953
113438,2026-09-06T07:17:28.834024+00:00,15,1.19104,1.73146,1.9061720889482174,1.784163812236453,-1.9061720889482174,1.784163812236453
113439,2026-09-06T07:17:28.857029+00:00,15,1.20548,1.72504,1.9176586203856114,1.7775894457583634,-1.9176586203856114,1.7775894457583634
113440,2026-09-06T07:17:28.879050+00:00,15,1.20506,1.72078,1.9172888816738327,1.7736236639406364,-1.9172888816738327,1.7736236639406364
113441,2026-09-06T07:17:28.901022+00:00,15,1.21954,1.72199,1.9295653099497867,1.7745176019625524,-1.9295653099497867,1.7745176019625524
113442,2026-09-06T07:17:28.923017+00:00,15,1.22084,1.74592,1.932134108400981,1.797463272010084,-1.932134108400981,1.797463272010084
113443,2026-09-06T07:17:28.946022+00:00,15,1.21439,1.73556,1.926181853154235,1.7876872130694086,-1.926181853154235,1.7876872130694086
113444,2026-09-06T07:17:28.968026+00:00,15,1.22534,1.73922,1.9354347277451138,1.7909083311316027,-1.9354347277451138,1.7909083311316027
113445,2026-09-06T07:17:28.990039+00:00,15,1.21222,1.74237,1.9244569332382704,1.794116847387767,-1.9244569332382704,1.794116847387767
113446,2026-09-06T07:17:29.013024+00:00,15,1.20856,1.73382,1.9209423492195141,1.7860342057580343,-1.9209423492195141,1.7860342057580343
113447,2026-09-06T07:17:29.035068+00:00,15,1.21036,1.76293,1.9242803425188395,1.8139501752780405,-1.9242803425188395,1.8139501752780405
113448,2026-09-06T07:17:29.056997+00:00,15,1.21007,1.74254,1.922741529658843,1.7943655060508206,-1.922741529658843,1.7943655060508206
113449,2026-09-06T07:17:29.079040+00:00,15,1.22852,1.7472,1.9384360012406971,1.7984220465789935,-1.9384360012406971,1.7984220465789935
113450,2026-09-06T07:17:29.101044+00:00,15,1.2251,1.74322,1.9351671973567843,1.7945929085039152,-1.9351671973567843,1.7945929085039152
113451,2026-09-06T07:17:29.151038+00:00,15,1.21831,1.75821,1.9307059856365334,1.8092738647868671,-1.9307059856365334,1.8092738647868671
113452,2026-09-06T07:17:29.173061+00:00,15,1.2087,1.73718,1.921143120677353,1.7891887112918157,-1.921143120677353,1.7891887112918157
113453,2026-09-06T07:17:29.196082+00:00,15,1.21415,1.74284,1.926076896311005,1.794517430442228,-1.926076896311005,1.794517430442228
113454,2026-09-06T07:17:29.218041+00:00,15,1.20617,1.73347,1.918698578329433,1.7856384029207488,-1.918698578329433,1.7856384029207488
113455,2026-09-06T07:17:29.240049+00:00,15,1.23238,1.73915,1.941217211343339,1.7906360376365966,-1.941217211343339,1.7906360376365966
113456,2026-09-06T07:17:29.262034+00:00,15,1.22845,1.74167,1.9381034970402022,1.79314470818792,-1.9381034970402022,1.79314470818792
113457,2026-09-06T07:17:29.285017+00:00,15,1.19676,1.74768,1.9118056188597983,1.7995334957558278,-1.9118056188597983,1.7995334957558278
113458,2026-09-06T07:17:29.307072+00:00,15,1.24185,1.72271,1.9483152112728916,1.774732259712126,-1.9483152112728916,1.774732259712126
113459,2026-09-06T07:17:29.329069+00:00,15,1.21633,1.74589,1.9282797095056958,1.7974922444060177,-1.9282797095056958,1.7974922444060177
113460,2026-09-06T07:17:29.352074+00:00,15,1.20228,1.7496,1.9168565376022162,1.801413805805956,-1.9168565376022162,1.801413805805956
113461,2026-09-06T07:17:29.374058+00:00,15,1.21935,1.75146,1.931251124426136,1.8028221004164189,-1.931251124426136,1.8028221004164189
113462,2026-09-06T07:17:29.396045+00:00,15,1.25209,1.74551,1.958265434683775,1.7963796583438276,-1.958265434683775,1.7963796583438276
113463,2026-09-06T07:17:29.418051+00:00,15,1.22037,1.76265,1.9327147829087956,1.813500270078342,-1.9327147829087956,1.813500270078342
113464,2026-09-06T07:17:29.440046+00:00,15,1.21667,1.75731,1.9292165873417197,1.8084193164963152,-1.9292165873417197,1.8084193164963152
113465,2026-09-06T07:17:29.468071+00:00,15,1.21333,1.7327,1.9248197800481406,1.784833139240275,-1.9248197800481406,1.784833139240275
113466,2026-09-06T07:17:29.490068+00:00,15,1.22609,1.74874,1.9365361651613748,1.7999666189726236,-1.9365361651613748,1.7999666189726236
113467,2026-09-06T07:17:29.512052+00:00,15,1.20638,1.74715,1.9198758449371958,1.7988365798537953,-1.9198758449371958,1.7988365798537953
113468,2026-09-06T07:17:29.535052+00:00,15,1.22418,1.74545,1.934797353903206,1.7968744025419463,-1.934797353903206,1.7968744025419463
113469,2026-09-06T07:17:29.557029+00:00,15,1.20661,1.74787,1.9200855194151023,1.799516077738853,-1.9200855194151023,1.799516077738853
113470,2026-09-06T07:17:29.579047+00:00,15,1.20133,1.74068,1.9150011781119192,1.7926257688069553,-1.9150011781119192,1.7926257688069553
113471,2026-09-06T07:17:29.601057+00:00,15,1.22958,1.74479,1.9392201047242186,1.7961036561141686,-1.9392201047242186,1.7961036561141686
113472,2026-09-06T07:17:29.624051+00:00,15,1.21323,1.74216,1.9252287003133446,1.7938724445302123,-1.9252287003133446,1.7938724445302123
113473,2026-09-06T07:17:29.663027+00:00,15,1.22464,1.76292,1.9361949982580897,1.8136181537526856,-1.9361949982580897,1.8136181537526856
113474,2026-09-06T07:17:29.686046+00:00,15,1.24556,1.73042,1.9517688131748987,1.7819916818770287,-1.9517688131748987,1.7819916818770287
113475,2026-09-06T07:17:29.708044+00:00,15,1.23213,1.75361,1.9418335375756794,1.8044780347784932,-1.9418335375756794,1.8044780347784932
113476,2026-09-06T07:17:29.730044+00:00,15,1.24599,1.7462,1.9530415678393505,1.7971042940364115,-1.9530415678393505,1.7971042940364115
113477,2026-09-06T07:17:29.752052+00:00,15,1.20954,1.7487,1.9224754717400525,1.8001927654079857,-1.9224754717400525,1.8001927654079857
113478,2026-09-06T07:17:29.775078+00:00,15,1.22817,1.75473,1.9385839697234577,1.8056447680937564,-1.9385839697234577,1.8056447680937564
113479,2026-09-06T07:17:29.803124+00:00,15,1.22336,1.77085,1.9356677965068356,1.821282744813977,-1.9356677965068356,1.821282744813977
113480,2026-09-06T07:17:29.825058+00:00,15,1.22865,1.74755,1.9386917096147442,1.7988093910882594,-1.9386917096147442,1.7988093910882594
113481,2026-09-06T07:17:29.847059+00:00,15,1.21946,1.7384,1.9303285255272566,1.7901773803629375,-1.9303285255272566,1.7901773803629375
113482,2026-09-06T07:17:29.870053+00:00,15,1.21915,1.75505,1.9311693082022072,1.8061964772742687,-1.9311693082022072,1.8061964772742687
113483,2026-09-06T07:17:29.892046+00:00,15,1.20596,1.73679,1.9189470988884438,1.788938027489181,-1.9189470988884438,1.788938027489181
113484,2026-09-06T07:17:29.914079+00:00,15,1.19189,1.74318,1.9074488120434643,1.7953167390385165,-1.9074488120434643,1.7953167390385165
113485,2026-09-06T07:17:29.936046+00:00,15,1.22289,1.74604,1.9337673459083773,1.7974851148338773,-1.9337673459083773,1.7974851148338773
113486,2026-09-06T07:17:29.959038+00:00,15,1.21438,1.73096,1.9255307943700544,1.783104941001192,-1.9255307943700544,1.783104941001192
113487,2026-09-06T07:17:29.981062+00:00,15,1.21334,1.72952,1.9245822565394244,1.781750580770492,-1.9245822565394244,1.781750580770492
113488,2026-09-06T07:17:30.003062+00:00,15,1.23106,1.75226,1.9409579754900583,1.8032645226726847,-1.9409579754900583,1.8032645226726847
113489,2026-09-06T07:17:30.026037+00:00,15,1.22947,1.71922,1.9376749280603318,1.7716237504289498,-1.9376749280603318,1.7716237504289498
113490,2026-09-06T07:17:30.048051+00:00,15,1.23273,1.75167,1.9423037594044044,1.8026564012357296,-1.9423037594044044,1.8026564012357296
113491,2026-09-06T07:17:30.070033+00:00,15,1.24261,1.77806,1.9521120511327432,1.8277221054040043,-1.9521120511327432,1.8277221054040043
113492,2026-09-06T07:17:30.092061+00:00,15,1.2308,1.76206,1.9414722416283912,1.8127295266059626,-1.9414722416283912,1.8127295266059626
113493,2026-09-06T07:17:30.115086+00:00,15,1.22696,1.76681,1.9383263834413242,1.8172685379012485,-1.9383263834413242,1.8172685379012485
113494,2026-09-06T07:17:30.166064+00:00,15,1.22832,1.75183,1.9384258269178796,1.8028086201382725,-1.9384258269178796,1.8028086201382725
113495,2026-09-06T07:17:30.188027+00:00,15,1.23094,1.75662,1.9411860836843018,1.8074784323538815,-1.9411860836843018,1.8074784323538815
113496,2026-09-06T07:17:30.210096+00:00,15,1.22769,1.7456,1.9378145825711237,1.7969856184826196,-1.9378145825711237,1.7969856184826196
113497,2026-09-06T07:17:30.232096+00:00,15,1.22158,1.755,1.9331052449542623,1.8060544672479604,-1.9331052449542623,1.8060544672479604
113498,2026-09-06T07:17:30.255059+00:00,15,1.23139,1.76081,1.9417151777028545,1.8114320885210415,-1.9417151777028545,1.8114320885210415
113499,2026-09-06T07:17:30.277054+00:00,15,1.21783,1.75517,1.9299706820488869,1.8062933160375139,-1.9299706820488869,1.8062933160375139
113500,2026-09-06T07:17:30.299114+00:00,15,1.21356,1.75202,1.925998183241202,1.8032696098963716,-1.925998183241202,1.8032696098963716
113501,2026-09-06T07:17:30.321086+00:00,15,1.2224,1.73533,1.9325904306815715,1.7871583665105932,-1.9325904306815715,1.7871583665105932
113502,2026-09-06T07:17:30.343061+00:00,15,1.23012,1.75121,1.940269012528762,1.8023499438478083,-1.940269012528762,1.8023499438478083
113503,2026-09-06T07:17:30.366064+00:00,15,1.20708,1.75635,1.9208365852444818,1.8075660675183343,-1.9208365852444818,1.8075660675183343
113504,2026-09-06T07:17:30.388057+00:00,15,1.22297,1.76309,1.9348778908601205,1.813837522260576,-1.9348778908601205,1.813837522260576
113505,2026-09-06T07:17:30.410056+00:00,15,1.22258,1.74615,1.9336039385230661,1.7976426801612846,-1.9336039385230661,1.7976426801612846
113506,2026-09-06T07:17:30.432058+00:00,15,1.23994,1.76702,1.9492764961062516,1.8172249067672643,-1.9492764961062516,1.8172249067672643
113507,2026-09-06T07:17:30.455092+00:00,15,1.25471,1.76467,1.9616025674575766,1.8147029976407314,-1.9616025674575766,1.8147029976407314
113508,2026-09-06T07:17:30.483061+00:00,15,1.21832,1.75535,1.9304296621456067,1.8064773225820967,-1.9304296621456067,1.8064773225820967
113509,2026-09-06T07:17:30.505049+00:00,15,1.20363,1.75756,1.9182811039367105,1.8089225318488298,-1.9182811039367105,1.8089225318488298
113510,2026-09-06T07:17:30.527065+00:00,15,1.22609,1.74448,1.936278581031774,1.7958867357139472,-1.936278581031774,1.7958867357139472
113511,2026-09-06T07:17:30.550060+00:00,15,1.22261,1.7737,1.9351473411699647,1.8240010277129381,-1.9351473411699647,1.8240010277129381
113512,2026-09-06T07:17:30.572072+00:00,15,1.23162,1.73568,1.9402239636610366,1.78725024749985,-1.9402239636610366,1.78725024749985
113513,2026-09-06T07:17:30.594095+00:00,15,1.22458,1.72653,1.933906197052386,1.778689445759824,-1.933906197052386,1.778689445759824
113514,2026-09-06T07:17:30.616082+00:00,15,1.22884,1.73215,1.9378391424065944,1.7840022057237248,-1.9378391424065944,1.7840022057237248
113515,2026-09-06T07:17:30.639066+00:00,15,1.20999,1.73651,1.922334340492427,1.7885937628921202,-1.922334340492427,1.7885937628921202
113516,2026-09-06T07:17:30.678082+00:00,15,1.2097,1.75006,1.9229572880588612,1.8016242995066427,-1.9229572880588612,1.8016242995066427
113517,2026-09-06T07:17:30.701082+00:00,15,1.21506,1.73281,1.9261057207348216,1.7848106232680272,-1.9261057207348216,1.7848106232680272
113518,2026-09-06T07:17:30.723054+00:00,15,1.22145,1.75813,1.9331374366205003,1.809038024801565,-1.9331374366205003,1.809038024801565
113519,2026-09-06T07:17:30.745090+00:00,15,1.2206,1.76243,1.9327894868138056,1.8132296003174326,-1.9327894868138056,1.8132296003174326
113520,2026-09-06T07:17:30.767108+00:00,15,1.23157,1.74907,1.9412750690714677,1.800224887852965,-1.9412750690714677,1.800224887852965
113521,2026-09-06T07:17:30.789064+00:00,15,1.22699,1.76532,1.9384745521806048,1.8159341146694405,-1.9384745521806048,1.8159341146694405
113522,2026-09-06T07:17:30.817081+00:00,15,1.21294,1.73998,1.9248841660755456,1.79179575166887,-1.9248841660755456,1.79179575166887
113523,2026-09-06T07:17:30.839065+00:00,15,1.19674,1.72827,1.9105820779706413,1.7809033650043518,-1.9105820779706413,1.7809033650043518
113524,2026-09-06T07:17:30.861091+00:00,15,1.21815,1.75325,1.9303579219753728,1.8045617869297315,-1.9303579219753728,1.8045617869297315
113525,2026-09-06T07:17:30.884113+00:00,15,1.2111,1.72756,1.922720948813096,1.7799804283659282,-1.922720948813096,1.7799804283659282
113526,2026-09-06T07:17:30.906088+00:00,15,1.22154,1.73432,1.9318744385187772,1.7862450522724385,-1.9318744385187772,1.7862450522724385
113527,2026-09-06T07:17:30.928086+00:00,15,1.20822,1.755,1.921951248578598,1.806350574664754,-1.921951248578598,1.806350574664754
113528,2026-09-06T07:17:30.950090+00:00,15,1.22384,1.73675,1.9338810256063346,1.7884973355844023,-1.9338810256063346,1.7884973355844023
113529,2026-09-06T07:17:30.973075+00:00,15,1.19886,1.7475,1.9137592947848805,1.799408880070318,-1.9137592947848805,1.799408880070318
113530,2026-09-06T07:17:30.995088+00:00,15,1.21977,1.74676,1.9309714165439489,1.7981329800837116,-1.9309714165439489,1.7981329800837116
113531,2026-09-06T07:17:31.017108+00:00,15,1.21785,1.73088,1.9284863550267786,1.7829779301998645,-1.9284863550267786,1.7829779301998645
113532,2026-09-06T07:17:31.040108+00:00,15,1.20713,1.74239,1.920120317584086,1.7942241888516528,-1.920120317584086,1.7942241888516528
113533,2026-09-06T07:17:31.062107+00:00,15,1.20729,1.75791,1.9214990389664472,1.8092442212508784,-1.9214990389664472,1.8092442212508784
113534,2026-09-06T07:17:31.084087+00:00,15,1.21334,1.74925,1.9260693902413561,1.8008157052172973,-1.9260693902413561,1.8008157052172973
113535,2026-09-06T07:17:31.106089+00:00,15,1.20336,1.7644,1.9185323196940007,1.8155259176941698,-1.9185323196940007,1.8155259176941698
113536,2026-09-06T07:17:31.138090+00:00,15,1.23447,1.7671,1.9447531043673112,1.8174459313723212,-1.9447531043673112,1.8174459313723212
113537,2026-09-06T07:17:31.188112+00:00,15,1.21678,1.74049,1.9281787378191722,1.7922312425719318,-1.9281787378191722,1.7922312425719318
113538,2026-09-06T07:17:31.210093+00:00,15,1.21964,1.75017,1.931022592738259,1.801390842523242,-1.931022592738259,1.801390842523242
113539,2026-09-06T07:17:31.243120+00:00,15,1.21326,1.73437,1.9247227683621617,1.7863664523590919,-1.9247227683621617,1.7863664523590919
113540,2026-09-06T07:17:31.261090+00:00,15,1.21258,1.73246,1.9239021893815127,1.784492271634088,-1.9239021893815127,1.784492271634088
113541,2026-09-06T07:17:31.283600+00:00,15,1.21322,1.74741,1.9255757822374622,1.7989241517457697,-1.9255757822374622,1.7989241517457697
113542,2026-09-06T07:17:31.305099+00:00,15,1.23185,1.73417,1.9404038394172893,1.7858330756252012,-1.9404038394172893,1.7858330756252012
113543,2026-09-06T07:17:31.327090+00:00,15,1.23027,1.72807,1.9387651495729452,1.7800453938507559,-1.9387651495729452,1.7800453938507559
113544,2026-09-06T07:17:31.349081+00:00,15,1.21855,1.74037,1.929587610959139,1.7920427386298208,-1.929587610959139,1.7920427386298208
113545,2026-09-06T07:17:31.372099+00:00,15,1.20452,1.7385,1.9179487908052426,1.7906549548400548,-1.9179487908052426,1.7906549548400548
113546,2026-09-06T07:17:31.394104+00:00,15,1.21516,1.72992,1.9262564740391726,1.7821475792140562,-1.9262564740391726,1.7821475792140562
113547,2026-09-06T07:17:31.416110+00:00,15,1.21385,1.76085,1.9271861644974575,1.811931342980021,-1.9271861644974575,1.811931342980021
113548,2026-09-06T07:17:31.438123+00:00,15,1.23774,1.7491,1.9463347834228608,1.8000712198655606,-1.9463347834228608,1.8000712198655606
113549,2026-09-06T07:17:31.461155+00:00,15,1.24154,1.75656,1.9499037440088545,1.807116377096846,-1.9499037440088545,1.807116377096846
113550,2026-09-06T07:17:31.489081+00:00,15,1.21452,1.75498,1.9270747058937043,1.806135067453912,-1.9270747058937043,1.806135067453912
113551,2026-09-06T07:17:31.511086+00:00,15,1.21373,1.73993,1.9257872085067638,1.7918495030085075,-1.9257872085067638,1.7918495030085075
113552,2026-09-06T07:17:31.533130+00:00,15,1.23945,1.73302,1.9469068729598786,1.7846587781710364,-1.9469068729598786,1.7846587781710364
113553,2026-09-06T07:17:31.556078+00:00,15,1.21267,1.75276,1.9256298573686947,1.8041548310987412,-1.9256298573686947,1.8041548310987412
113554,2026-09-06T07:17:31.578098+00:00,15,1.21114,1.73909,1.9234483699668896,1.7910379429431627,-1.9234483699668896,1.7910379429431627
113555,2026-09-06T07:17:31.600095+00:00,15,1.21748,1.73017,1.928205484423654,1.78234105386629,-1.928205484423654,1.78234105386629
113556,2026-09-06T07:17:31.622735+00:00,15,1.21033,1.73718,1.9225808162029376,1.7891968644572864,-1.9225808162029376,1.7891968644572864
113557,2026-09-06T07:17:31.645130+00:00,15,1.21496,1.74925,1.927188595333552,1.8006769085523437,-1.927188595333552,1.8006769085523437
113558,2026-09-06T07:17:31.667094+00:00,15,1.21864,1.72771,1.9290417115244483,1.7799569267853976,-1.9290417115244483,1.7799569267853976
113559,2026-09-06T07:17:31.708099+00:00,15,1.20999,1.75086,1.9229112248352773,1.8022252085320174,-1.9229112248352773,1.8022252085320174
113560,2026-09-06T07:17:31.730134+00:00,15,1.22735,1.74488,1.9374458397463934,1.7962820752187696,-1.9374458397463934,1.7962820752187696
113561,2026-09-06T07:17:31.752103+00:00,15,1.23412,1.76648,1.9445335614460437,1.8169087023832875,-1.9445335614460437,1.8169087023832875
113562,2026-09-06T07:17:31.775094+00:00,15,1.22025,1.75011,1.9317159832906883,1.801398439628678,-1.9317159832906883,1.801398439628678
113563,2026-09-06T07:17:31.797090+00:00,15,1.23427,1.7645,1.9446297779305408,1.8150494266432504,-1.9446297779305408,1.8150494266432504
113564,2026-09-06T07:17:31.819105+00:00,15,1.22648,1.75652,1.937549395747322,1.807526933017669,-1.937549395747322,1.807526933017669
113565,2026-09-06T07:17:31.847499+00:00,15,1.22406,1.75939,1.9355616207466955,1.8102681518811863,-1.9355616207466955,1.8102681518811863
113566,2026-09-06T07:17:31.869142+00:00,15,1.22365,1.73276,1.9335084506534375,1.7846818315524913,-1.9335084506534375,1.7846818315524913
113567,2026-09-06T07:17:31.891103+00:00,15,1.21802,1.7204,1.9280578036295348,1.7729552240249578,-1.9280578036295348,1.7729552240249578
113568,2026-09-06T07:17:31.914095+00:00,15,1.20657,1.73479,1.9191403768848905,1.786919371638957,-1.9191403768848905,1.786919371638957
113569,2026-09-06T07:17:31.936113+00:00,15,1.22326,1.74396,1.9339020259090698,1.7954538200173185,-1.9339020259090698,1.7954538200173185
113570,2026-09-06T07:17:31.958103+00:00,15,1.24292,1.74005,1.9501699046915277,1.7913033258939983,-1.9501699046915277,1.7913033258939983
113571,2026-09-06T07:17:31.980113+00:00,15,1.21649,1.74472,1.928196059090685,1.7962962446730648,-1.928196059090685,1.7962962446730648
113572,2026-09-06T07:17:32.003112+00:00,15,1.2163,1.74125,1.9280831426864085,1.7930827800668865,-1.9280831426864085,1.7930827800668865
113573,2026-09-06T07:17:32.025120+00:00,15,1.22767,1.73856,1.9373088086233594,1.7901998440129359,-1.9373088086233594,1.7901998440129359
113574,2026-09-06T07:17:32.047137+00:00,15,1.20726,1.74702,1.9204906614468267,1.798646587338037,-1.9204906614468267,1.798646587338037
113575,2026-09-06T07:17:32.070136+00:00,15,1.23853,1.74453,1.9466952935330957,1.795658809626437,-1.9466952935330957,1.795658809626437
113576,2026-09-06T07:17:32.092101+00:00,15,1.2254,1.76254,1.9369300549433937,1.81329923851985,-1.9369300549433937,1.81329923851985
113577,2026-09-06T07:17:32.114117+00:00,15,1.21618,1.77827,1.9300855556470031,1.8285359168574111,-1.9300855556470031,1.8285359168574111
113578,2026-09-06T07:17:32.136111+00:00,15,1.22591,1.77124,1.9379143222037536,1.821637504319343,-1.9379143222037536,1.821637504319343
113579,2026-09-06T07:17:32.158157+00:00,15,1.2358,1.74656,1.9445572286119701,1.797677710711725,-1.9445572286119701,1.797677710711725
113580,2026-09-06T07:17:32.210112+00:00,15,1.20737,1.74465,1.9203142304255691,1.7963012637943616,-1.9203142304255691,1.7963012637943616
113581,2026-09-06T07:17:32.232139+00:00,15,1.22103,1.72394,1.9306066290606323,1.7761947833027931,-1.9306066290606323,1.7761947833027931
113582,2026-09-06T07:17:32.255119+00:00,15,1.22083,1.72986,1.9307658490729334,1.7818687245567646,-1.9307658490729334,1.7818687245567646
113583,2026-09-06T07:17:32.277110+00:00,15,1.21164,1.73918,1.9237070851044582,1.7910374977575043,-1.9237070851044582,1.7910374977575043
113584,2026-09-06T07:17:32.299148+00:00,15,1.21099,1.73134,1.922991137498474,1.7836736253944487,-1.922991137498474,1.7836736253944487
113585,2026-09-06T07:17:32.321714+00:00,15,1.2139,1.75091,1.9266078158332263,1.8023849136003698,-1.9266078158332263,1.8023849136003698
113586,2026-09-06T07:17:32.344120+00:00,15,1.2529,1.73632,1.9584877841313788,1.7875994055318196,-1.9584877841313788,1.7875994055318196
113587,2026-09-06T07:17:32.375127+00:00,15,1.21641,1.72066,1.9266160017739833,1.7731871916325999,-1.9266160017739833,1.7731871916325999
113588,2026-09-06T07:17:32.391196+00:00,15,1.22122,1.753,1.9325947359567155,1.804105524288659,-1.9325947359567155,1.804105524288659
113589,2026-09-06T07:17:32.414117+00:00,15,1.2189,1.74364,1.9303420957996889,1.7952911387395138,-1.9303420957996889,1.7952911387395138
113590,2026-09-06T07:17:32.437102+00:00,15,1.20785,1.78273,1.9235055815369102,1.8330551768514094,-1.9235055815369102,1.8330551768514094
113591,2026-09-06T07:17:32.459105+00:00,15,1.21788,1.77309,1.9309911817862182,1.823443011087785,-1.9309911817862182,1.823443011087785
113592,2026-09-06T07:17:32.481199+00:00,15,1.21685,1.75901,1.9294835786203914,1.8100514645686516,-1.9294835786203914,1.8100514645686516
113593,2026-09-06T07:17:32.502198+00:00,15,1.20299,1.77111,1.9183897591993841,1.8218539516532632,-1.9183897591993841,1.8218539516532632
113594,2026-09-06T07:17:32.531190+00:00,15,1.2335,1.74015,1.9420443023436498,1.791486035671771,-1.9420443023436498,1.791486035671771
113595,2026-09-06T07:17:32.553107+00:00,15,1.19111,1.746,1.9068094190587423,1.797964046049901,-1.9068094190587423,1.797964046049901
113596,2026-09-06T07:17:32.574202+00:00,15,1.2336,1.73059,1.941781020717521,1.7824253318485141,-1.941781020717521,1.7824253318485141
113597,2026-09-06T07:17:32.597194+00:00,15,1.2127,1.75939,1.9259559069148917,1.8104733093594503,-1.9259559069148917,1.8104733093594503
113598,2026-09-06T07:17:32.620118+00:00,15,1.22873,1.74868,1.9389046173668194,1.7999318039818675,-1.9389046173668194,1.7999318039818675
113599,2026-09-06T07:17:32.642143+00:00,15,1.22097,1.7349,1.931630930744872,1.786900550533698,-1.931630930744872,1.786900550533698
113600,2026-09-06T07:17:32.663198+00:00,15,1.22952,1.73149,1.9384392862459345,1.783381410239296,-1.9384392862459345,1.783381410239296
113601,2026-09-06T07:17:32.687128+00:00,15,1.23279,1.7434,1.941825383868923,1.7947061017174948,-1.941825383868923,1.7947061017174948
113602,2026-09-06T07:17:32.726125+00:00,15,1.21905,1.75079,1.9305629693202426,1.8019974903467302,-1.9305629693202426,1.8019974903467302
113603,2026-09-06T07:17:32.749184+00:00,15,1.21022,1.74639,1.9230850877895602,1.7980487496019022,-1.9230850877895602,1.7980487496019022
113604,2026-09-06T07:17:32.770193+00:00,15,1.21653,1.75015,1.928438825885388,1.8014483013047609,-1.928438825885388,1.8014483013047609
113605,2026-09-06T07:17:32.793118+00:00,15,1.25103,1.76846,1.9587046846906573,1.8183902084674295,-1.9587046846906573,1.8183902084674295
113606,2026-09-06T07:17:32.814203+00:00,15,1.22011,1.73571,1.9309012563610664,1.7876836359045498,-1.9309012563610664,1.7876836359045498
113607,2026-09-06T07:17:32.837193+00:00,15,1.2351,1.75589,1.9445762372171334,1.8066650886738753,-1.9445762372171334,1.8066650886738753
113608,2026-09-06T07:17:32.866112+00:00,15,1.20205,1.73119,1.915190680578954,1.783570805384304,-1.915190680578954,1.783570805384304
113609,2026-09-06T07:17:32.897230+00:00,15,1.20993,1.73879,1.9222360554065534,1.7906938565131845,-1.9222360554065534,1.7906938565131845
113610,2026-09-06T07:17:32.914191+00:00,15,1.22587,1.75153,1.9367005387092668,1.8027385991406781,-1.9367005387092668,1.8027385991406781
113611,2026-09-06T07:17:32.937131+00:00,15,1.21381,1.73458,1.9254739245203734,1.7866886734616898,-1.9254739245203734,1.7866886734616898
113612,2026-09-06T07:17:32.958195+00:00,15,1.21535,1.73066,1.926383739226174,1.782829545772197,-1.926383739226174,1.782829545772197
113613,2026-09-06T07:17:32.982127+00:00,15,1.22175,1.74649,1.9327402721157503,1.7978965930225352,-1.9327402721157503,1.7978965930225352
113614,2026-09-06T07:17:33.003227+00:00,15,1.21997,1.74381,1.9311237672986732,1.7953736901722792,-1.9311237672986732,1.7953736901722792
113615,2026-09-06T07:17:33.025209+00:00,15,1.21421,1.74767,1.9264120430265095,1.799140561644188,-1.9264120430265095,1.799140561644188
113616,2026-09-06T07:17:33.049121+00:00,15,1.19998,1.75505,1.9151255809420276,1.8066166681340496,-1.9151255809420276,1.8066166681340496
113617,2026-09-06T07:17:33.070215+00:00,15,1.24196,1.72443,1.9483998022762223,1.776333298632334,-1.9483998022762223,1.776333298632334
113618,2026-09-06T07:17:33.093136+00:00,15,1.23698,1.75186,1.9459366411558108,1.802778212657364,-1.9459366411558108,1.802778212657364
113619,2026-09-06T07:17:33.115151+00:00,15,1.22892,1.76306,1.9397993858687532,1.8136547931790008,-1.9397993858687532,1.8136547931790008
113620,2026-09-06T07:17:33.138154+00:00,15,1.2299,1.78442,1.9419581707138256,1.8341493690122719,-1.9419581707138256,1.8341493690122719
113621,2026-09-06T07:17:33.159207+00:00,15,1.22825,1.7642,1.9392775190408489,1.8147446037339652,-1.9392775190408489,1.8147446037339652
113622,2026-09-06T07:17:33.182139+00:00,15,1.24597,1.77891,1.9547647050787138,1.8283637080494697,-1.9547647050787138,1.8283637080494697
113623,2026-09-06T07:17:33.233126+00:00,15,1.22311,1.74723,1.9340413384858188,1.798634156821429,-1.9340413384858188,1.798634156821429
113624,2026-09-06T07:17:33.254200+00:00,15,1.23625,1.74672,1.9448418836189996,1.797772245970235,-1.9448418836189996,1.797772245970235
113625,2026-09-06T07:17:33.276221+00:00,15,1.21166,1.75835,1.9247963407622843,1.8093866476662739,-1.9247963407622843,1.8093866476662739
113626,2026-09-06T07:17:33.298281+00:00,15,1.21342,1.75196,1.926000705918144,1.8032712876875188,-1.926000705918144,1.8032712876875188
113627,2026-09-06T07:17:33.322152+00:00,15,1.21708,1.7421,1.928508550533726,1.7937548559514562,-1.928508550533726,1.7937548559514562
113628,2026-09-06T07:17:33.344129+00:00,15,1.1851,1.7526,1.9023836635261164,1.8045303898845375,-1.9023836635261164,1.8045303898845375
113629,2026-09-06T07:17:33.366146+00:00,15,1.21131,1.73832,1.9234273037329843,1.7902442728490122,-1.9234273037329843,1.7902442728490122
113630,2026-09-06T07:17:33.387220+00:00,15,1.22594,1.73773,1.9356983784123623,1.7893856935928816,-1.9356983784123623,1.7893856935928816
113631,2026-09-06T07:17:33.410175+00:00,15,1.20152,1.75025,1.9159682834723504,1.80191103738328,-1.9159682834723504,1.80191103738328
113632,2026-09-06T07:17:33.433133+00:00,15,1.20216,1.76065,1.917321165836972,1.811965778644933,-1.917321165836972,1.811965778644933
113633,2026-09-06T07:17:33.455152+00:00,15,1.21726,1.75483,1.92968208607559,1.8060814506251466,-1.92968208607559,1.8060814506251466
113634,2026-09-06T07:17:33.476218+00:00,15,1.21877,1.76593,1.9314263595004484,1.8166098233869965,-1.9314263595004484,1.8166098233869965
113635,2026-09-06T07:17:33.499191+00:00,15,1.20399,1.75011,1.9179571962430437,1.8016895513971187,-1.9179571962430437,1.8016895513971187
113636,2026-09-06T07:17:33.522136+00:00,15,1.23639,1.77705,1.9471595567867623,1.827049700509512,-1.9471595567867623,1.827049700509512
113637,2026-09-06T07:17:33.550146+00:00,15,1.23216,1.76161,1.9423454609401585,1.8121634790563244,-1.9423454609401585,1.8121634790563244
113638,2026-09-06T07:17:33.572150+00:00,15,1.21497,1.75518,1.9276066888940697,1.8063810188829446,-1.9276066888940697,1.8063810188829446
113639,2026-09-06T07:17:33.593206+00:00,15,1.22074,1.74158,1.9316123527069564,1.793214457547182,-1.9316123527069564,1.793214457547182
113640,2026-09-06T07:17:33.616224+00:00,15,1.22351,1.75006,1.9343321962604143,1.8012277702186796,-1.9343321962604143,1.8012277702186796
113641,2026-09-06T07:17:33.639138+00:00,15,1.19535,1.75408,1.910928084533494,1.805665601448559,-1.910928084533494,1.805665601448559
113642,2026-09-06T07:17:33.661124+00:00,15,1.22207,1.74772,1.933249286738517,1.7991401146288475,-1.933249286738517,1.7991401146288475
113643,2026-09-06T07:17:33.682235+00:00,15,1.22222,1.75811,1.9339315060344275,1.8090737626568565,-1.9339315060344275,1.8090737626568565
113644,2026-09-06T07:17:33.706173+00:00,15,1.20735,1.74192,1.9204840668493877,1.7938541241479484,-1.9204840668493877,1.7938541241479484
113645,2026-09-06T07:17:33.747145+00:00,15,1.22262,1.75167,1.9337884181475344,1.8028493281332245,-1.9337884181475344,1.8028493281332245
113646,2026-09-06T07:17:33.769141+00:00,15,1.22415,1.74092,1.9343422435027546,1.7924601812821166,-1.9343422435027546,1.7924601812821166
113647,2026-09-06T07:17:33.790222+00:00,15,1.21852,1.76159,1.9310152343511044,1.8124778064441862,-1.9310152343511044,1.8124778064441862
113648,2026-09-06T07:17:33.813268+00:00,15,1.21719,1.76008,1.929899763117469,1.8111043892351477,-1.929899763117469,1.8111043892351477
113649,2026-09-06T07:17:33.836137+00:00,15,1.2312,1.76734,1.9419412639029625,1.8176985305905375,-1.9419412639029625,1.8176985305905375
113650,2026-09-06T07:17:33.857225+00:00,15,1.23745,1.77692,1.9480470260872473,1.8268933180087252,-1.9480470260872473,1.8268933180087252
113651,2026-09-06T07:17:33.886143+00:00,15,1.19941,1.72677,1.9127991972134246,1.7794414170233082,-1.9127991972134246,1.7794414170233082
113652,2026-09-06T07:17:33.907292+00:00,15,1.2022,1.75375,1.916784059810981,1.805264003455565,-1.916784059810981,1.805264003455565
113653,2026-09-06T07:17:33.929173+00:00,15,1.24106,1.75106,1.9492485410270624,1.8018924315257183,-1.9492485410270624,1.8018924315257183
113654,2026-09-06T07:17:33.952238+00:00,15,1.20759,1.75148,1.9211461223490927,1.8029734320633715,-1.9211461223490927,1.8029734320633715
113655,2026-09-06T07:17:33.975156+00:00,15,1.23536,1.75838,1.9450444980535546,1.80909585679257,-1.9450444980535546,1.80909585679257
113656,2026-09-06T07:17:33.997166+00:00,15,1.22883,1.74304,1.9384238238030531,1.7944081622676884,-1.9384238238030531,1.7944081622676884
113657,2026-09-06T07:17:34.018230+00:00,15,1.21425,1.73764,1.9258888320277674,1.7895472527936542,-1.9258888320277674,1.7895472527936542
113658,2026-09-06T07:17:34.042184+00:00,15,1.20899,1.76008,1.9229342347016605,1.8112287395144009,-1.9229342347016605,1.8112287395144009
113659,2026-09-06T07:17:34.063244+00:00,15,1.21224,1.74814,1.9249627445251298,1.799724211330251,-1.9249627445251298,1.799724211330251
113660,2026-09-06T07:17:34.085185+00:00,15,1.2124,1.71798,1.923087478309598,1.7706932582935948,-1.923087478309598,1.7706932582935948
113661,2026-09-06T07:17:34.109182+00:00,15,1.2235,1.74057,1.9336155794842687,1.792068248771212,-1.9336155794842687,1.792068248771212
113662,2026-09-06T07:17:34.131162+00:00,15,1.21992,1.74932,1.9316161727854961,1.800761723621275,-1.9316161727854961,1.800761723621275
113663,2026-09-06T07:17:34.152182+00:00,15,1.2229,1.75672,1.9343844839937099,1.8077152222245811,-1.9343844839937099,1.8077152222245811
113664,2026-09-06T07:17:34.174237+00:00,15,1.25332,1.76123,1.9601852473553736,1.8114041449444587,-1.9601852473553736,1.8114041449444587
113665,2026-09-06T07:17:34.197183+00:00,15,1.21923,1.77058,1.932290016979889,1.8211545124970712,-1.932290016979889,1.8211545124970712
113666,2026-09-06T07:17:34.249154+00:00,15,1.24143,1.73888,1.9490171357862367,1.7902939575363317,-1.9490171357862367,1.7902939575363317
113667,2026-09-06T07:17:34.270187+00:00,15,1.20161,1.75928,1.9166882665625034,1.8106109389482457,-1.9166882665625034,1.8106109389482457
113668,2026-09-06T07:17:34.292242+00:00,15,1.21571,1.73872,1.9271143285902563,1.7905190633226833,-1.9271143285902563,1.7905190633226833
113669,2026-09-06T07:17:34.315223+00:00,15,1.22656,1.73572,1.9362568601685315,1.787524249131389,-1.9362568601685315,1.787524249131389
113670,2026-09-06T07:17:34.338144+00:00,15,1.20902,1.74974,1.9222874244526353,1.8012880841001957,-1.9222874244526353,1.8012880841001957
113671,2026-09-06T07:17:34.359187+00:00,15,1.22019,1.75138,1.9315489038976896,1.8025314197057276,-1.9315489038976896,1.8025314197057276
113672,2026-09-06T07:17:34.382194+00:00,15,1.20065,1.74617,1.9149384690311595,1.7979857623322042,-1.9149384690311595,1.7979857623322042
113673,2026-09-06T07:17:34.404233+00:00,15,1.20541,1.74354,1.9187434722478574,1.7953461457945952,-1.9187434722478574,1.7953461457945952
113674,2026-09-06T07:17:34.426187+00:00,15,1.21077,1.73576,1.9227631897254416,1.7877682180554575,-1.9227631897254416,1.7877682180554575
113675,2026-09-06T07:17:34.449179+00:00,15,1.23722,1.72167,1.9444511694217965,1.7738727179680553,-1.9444511694217965,1.7738727179680553
113676,2026-09-06T07:17:34.471250+00:00,15,1.22685,1.77315,1.9386523962159163,1.823369022689864,-1.9386523962159163,1.823369022689864
113677,2026-09-06T07:17:34.493696+00:00,15,1.24523,1.75832,1.9533918487016864,1.8088583558660019,-1.9533918487016864,1.8088583558660019
113678,2026-09-06T07:17:34.515208+00:00,15,1.20044,1.76155,1.9159335871424665,1.8128651454213833,-1.9159335871424665,1.8128651454213833
113679,2026-09-06T07:17:34.537191+00:00,15,1.22511,1.74273,1.9354815260216731,1.794287588989739,-1.9354815260216731,1.794287588989739
113680,2026-09-06T07:17:34.566198+00:00,15,1.22953,1.74768,1.9392515430560735,1.7988260828135993,-1.9392515430560735,1.7988260828135993
113681,2026-09-06T07:17:34.587246+00:00,15,1.22111,1.74017,1.9321032552448911,1.791983410548403,-1.9321032552448911,1.791983410548403
113682,2026-09-06T07:17:34.618202+00:00,11,1.12639,1.95679,1.8829066200977618,1.9434307092402103,-1.8829066200977618,1.9434307092402103
113683,2026-09-06T07:17:34.634257+00:00,15,1.23979,1.7414,1.9474742283989728,1.7925877735615048,-1.9474742283989728,1.7925877735615048
113684,2026-09-06T07:17:34.656184+00:00,15,1.21119,1.752,1.9239898038887673,1.8032919225317845,-1.9239898038887673,1.8032919225317845
113685,2026-09-06T07:17:34.680149+00:00,15,1.23244,1.7342,1.941060008707676,1.7859230414500156,-1.941060008707676,1.7859230414500156
113686,2026-09-06T07:17:34.701244+00:00,15,1.22386,1.75145,1.9347197928651791,1.8025667758737567,-1.9347197928651791,1.8025667758737567
113687,2026-09-06T07:17:34.723257+00:00,15,1.23047,1.74351,1.9396611675855202,1.7947572235162041,-1.9396611675855202,1.7947572235162041
113688,2026-09-06T07:17:34.763168+00:00,15,1.23189,1.74628,1.9411828182508908,1.7974549605543892,-1.9411828182508908,1.7974549605543892
113689,2026-09-06T07:17:34.786219+00:00,15,1.23315,1.73994,1.9418280481371533,1.7913367216856846,-1.9418280481371533,1.7913367216856846
113690,2026-09-06T07:17:34.807242+00:00,15,1.23035,1.77725,1.94225761573286,1.827431519887878,-1.94225761573286,1.827431519887878
113691,2026-09-06T07:17:34.829234+00:00,15,1.218,1.7737,1.9312880853365542,1.8240985545570767,-1.9312880853365542,1.8240985545570767
113692,2026-09-06T07:17:34.851263+00:00,15,1.23247,1.77213,1.9432636272388806,1.822258202758747,-1.9432636272388806,1.822258202758747
113693,2026-09-06T07:17:34.874217+00:00,15,1.23734,1.78129,1.9481537740081132,1.8310622060390802,-1.9481537740081132,1.8310622060390802
113694,2026-09-06T07:17:34.903172+00:00,15,1.20675,1.7524,1.9203867766714684,1.8038082885710973,-1.9203867766714684,1.8038082885710973
113695,2026-09-06T07:17:34.924254+00:00,15,1.23938,1.74488,1.947485861284986,1.796008464899939,-1.947485861284986,1.796008464899939
113696,2026-09-06T07:17:34.946271+00:00,15,1.22997,1.73629,1.9392292540003668,1.7880341757879221,-1.9392292540003668,1.7880341757879221
113697,2026-09-06T07:17:34.969179+00:00,15,1.20677,1.75172,1.9205481358887344,1.803243956368228,-1.9205481358887344,1.803243956368228
113698,2026-09-06T07:17:34.991197+00:00,15,1.2232,1.74728,1.9342073781020015,1.7987156146280958,-1.9342073781020015,1.7987156146280958
113699,2026-09-06T07:17:35.014169+00:00,15,1.2302,1.73672,1.9392554347460988,1.7883568434154826,-1.9392554347460988,1.7883568434154826
113700,2026-09-06T07:17:35.035205+00:00,15,1.21617,1.75617,1.9285202217127688,1.8072361743312262,-1.9285202217127688,1.8072361743312262
113701,2026-09-06T07:17:35.058220+00:00,15,1.22006,1.74982,1.931532561571714,1.8011218226031396,-1.931532561571714,1.8011218226031396
113702,2026-09-06T07:17:35.080268+00:00,15,1.21405,1.72393,1.9250241495688931,1.7764635505279218,-1.9250241495688931,1.7764635505279218
113703,2026-09-06T07:17:35.102207+00:00,15,1.19923,1.72573,1.9125993580244933,1.778450881141548,-1.9125993580244933,1.778450881141548
113704,2026-09-06T07:17:35.126189+00:00,15,1.20396,1.72188,1.9162994271324199,1.7746522656640629,-1.9162994271324199,1.7746522656640629
113705,2026-09-06T07:17:35.147186+00:00,15,1.20195,1.74728,1.9160932434931852,1.7990216222845836,-1.9160932434931852,1.7990216222845836
113706,2026-09-06T07:17:35.169278+00:00,15,1.2142,1.76686,1.9276441907267623,1.8175966276004287,-1.9276441907267623,1.8175966276004287
113707,2026-09-06T07:17:35.191261+00:00,15,1.2133,1.77691,1.9275700361479675,1.8272873400219296,-1.9275700361479675,1.8272873400219296
113708,2026-09-06T07:17:35.214262+00:00,15,1.24322,1.7842,1.9535094899736722,1.8338484426149277,-1.9535094899736722,1.8338484426149277
113709,2026-09-06T07:17:35.266192+00:00,15,1.21975,1.77047,1.932609256158402,1.8209818415684962,-1.932609256158402,1.8209818415684962
113710,2026-09-06T07:17:35.287213+00:00,15,1.21315,1.74882,1.9255383729073339,1.800241199532378,-1.9255383729073339,1.800241199532378
113711,2026-09-06T07:17:35.309190+00:00,15,1.21803,1.73912,1.9290102892596572,1.7908249845953998,-1.9290102892596572,1.7908249845953998
113712,2026-09-06T07:17:35.331175+00:00,15,1.2161,1.73952,1.9276530399726945,1.791360394525949,-1.9276530399726945,1.791360394525949
113713,2026-09-06T07:17:35.355184+00:00,15,1.22045,1.76012,1.9324497202862276,1.8109807799282547,-1.9324497202862276,1.8109807799282547
113714,2026-09-06T07:17:35.376193+00:00,15,1.2196,1.72093,1.9293590539074552,1.773395325815969,-1.9293590539074552,1.773395325815969
113715,2026-09-06T07:17:35.398248+00:00,15,1.2058,1.74031,1.918893519103393,1.7922495155491078,-1.918893519103393,1.7922495155491078
113716,2026-09-06T07:17:35.420185+00:00,15,1.22276,1.74109,1.9330860759480888,1.7926053504093136,-1.9330860759480888,1.7926053504093136
113717,2026-09-06T07:17:35.442273+00:00,15,1.2285,1.74068,1.9382237741874397,1.7922572843752147,-1.9382237741874397,1.7922572843752147
113718,2026-09-06T07:17:35.466187+00:00,15,1.1916,1.74831,1.9075527045779725,1.8002624245058478,-1.9075527045779725,1.8002624245058478
113719,2026-09-06T07:17:35.487210+00:00,15,1.22196,1.75848,1.933814235220413,1.8094779092587734,-1.933814235220413,1.8094779092587734
113720,2026-09-06T07:17:35.509264+00:00,15,1.21268,1.78165,1.9273447821233416,1.8318538836214369,-1.9273447821233416,1.8318538836214369
113721,2026-09-06T07:17:35.531216+00:00,15,1.23183,1.74887,1.9412852754306638,1.7999382608470162,-1.9412852754306638,1.7999382608470162
113722,2026-09-06T07:17:35.554220+00:00,15,1.2335,1.77472,1.9443353002508457,1.8247404998286303,-1.9443353002508457,1.8247404998286303
113723,2026-09-06T07:17:35.583208+00:00,15,1.22681,1.72502,1.9357464353852676,1.7772156153747936,-1.9357464353852676,1.7772156153747936
113724,2026-09-06T07:17:35.604187+00:00,15,1.22833,1.75612,1.938665298040178,1.806903990925604,-1.938665298040178,1.806903990925604
113725,2026-09-06T07:17:35.626183+00:00,15,1.21162,1.77373,1.9259242231617923,1.8242552857579926,-1.9259242231617923,1.8242552857579926
113726,2026-09-06T07:17:35.649197+00:00,15,1.2273,1.7372,1.9369551135829859,1.7889209691499306,-1.9369551135829859,1.7889209691499306
113727,2026-09-06T07:17:35.671216+00:00,15,1.21116,1.74828,1.9240764283159544,1.799881587841635,-1.9240764283159544,1.799881587841635
113728,2026-09-06T07:17:35.694174+00:00,15,1.22001,1.75444,1.9317742384882846,1.8055651226166243,-1.9317742384882846,1.8055651226166243
113729,2026-09-06T07:17:35.715200+00:00,15,1.24381,1.72214,1.949701281011053,1.7740412897730804,-1.949701281011053,1.7740412897730804
113730,2026-09-06T07:17:35.738337+00:00,15,1.21258,1.77172,1.9267824603876997,1.8223821878775535,-1.9267824603876997,1.8223821878775535
113731,2026-09-06T07:17:35.778208+00:00,15,1.20382,1.75706,1.918353646167522,1.808416474886552,-1.918353646167522,1.808416474886552
113732,2026-09-06T07:17:35.801265+00:00,15,1.22094,1.74204,1.9318414919123879,1.7936663552101624,-1.9318414919123879,1.7936663552101624
113733,2026-09-06T07:17:35.822365+00:00,15,1.21047,1.75035,1.923541552286238,1.8018417646728067,-1.923541552286238,1.8018417646728067
113734,2026-09-06T07:17:35.844217+00:00,15,1.22778,1.77068,1.939262047835295,1.8209727692483766,-1.939262047835295,1.8209727692483766
113735,2026-09-06T07:17:35.866281+00:00,15,1.25215,1.76266,1.9591914649359596,1.8127590801129043,-1.9591914649359596,1.8127590801129043
113736,2026-09-06T07:17:35.888202+00:00,15,1.22722,1.76931,1.9387989020088445,1.819712814568646,-1.9387989020088445,1.819712814568646
113737,2026-09-06T07:17:35.917191+00:00,15,1.20217,1.72656,1.9149438208857281,1.7791053769449272,-1.9149438208857281,1.7791053769449272
113738,2026-09-06T07:17:35.938263+00:00,15,1.21802,1.73837,1.9290597680105128,1.7901451997489668,-1.9290597680105128,1.7901451997489668
113739,2026-09-06T07:17:35.960271+00:00,15,1.22467,1.74028,1.9348122935267191,1.7918789039371914,-1.9348122935267191,1.7918789039371914
113740,2026-09-06T07:17:35.983271+00:00,15,1.20974,1.75884,1.923351221886218,1.809958844676194,-1.923351221886218,1.809958844676194
113741,2026-09-06T07:17:36.005214+00:00,15,1.23126,1.72967,1.9396773330048085,1.781546745447961,-1.9396773330048085,1.781546745447961
113742,2026-09-06T07:17:36.028208+00:00,15,1.23667,1.73439,1.94461284587131,1.7860186703807963,-1.94461284587131,1.7860186703807963
113743,2026-09-06T07:17:36.049214+00:00,15,1.22358,1.76359,1.9353510104164546,1.8142842797861178,-1.9353510104164546,1.8142842797861178
113744,2026-09-06T07:17:36.072280+00:00,15,1.23504,1.73434,1.9433058425032002,1.7860333638200316,-1.9433058425032002,1.7860333638200316
113745,2026-09-06T07:17:36.094282+00:00,15,1.23121,1.74209,1.9404513983055467,1.7934965275889174,-1.9404513983055467,1.7934965275889174
113746,2026-09-06T07:17:36.116271+00:00,15,1.21185,1.74906,1.9245416176366248,1.800540865467698,-1.9245416176366248,1.800540865467698
113747,2026-09-06T07:17:36.149295+00:00,15,1.24003,1.72402,1.946765534065862,1.7759761036244572,-1.946765534065862,1.7759761036244572
113748,2026-09-06T07:17:36.166288+00:00,15,1.23366,1.77577,1.9445590267582946,1.8257624607857754,-1.9445590267582946,1.8257624607857754
113749,2026-09-06T07:17:36.188286+00:00,15,1.21746,1.76952,1.930417562443598,1.8200144751354075,-1.930417562443598,1.8200144751354075
113750,2026-09-06T07:17:36.211241+00:00,15,1.22109,1.74252,1.9318408212905571,1.7940459897490526,-1.9318408212905571,1.7940459897490526
113751,2026-09-06T07:17:36.243276+00:00,15,1.21449,1.78764,1.9290720474232408,1.8374922288331197,-1.9290720474232408,1.8374922288331197
113752,2026-09-06T07:17:36.293718+00:00,15,1.21529,1.73154,1.9262620923515408,1.7836121674608083,-1.9262620923515408,1.7836121674608083
113753,2026-09-06T07:17:36.315227+00:00,15,1.22712,1.73493,1.9368109965156959,1.786816371443316,-1.9368109965156959,1.786816371443316
113754,2026-09-06T07:17:36.338199+00:00,15,1.19697,1.74839,1.9119486034059487,1.8001725843274072,-1.9119486034059487,1.8001725843274072
113755,2026-09-06T07:17:36.360272+00:00,15,1.24123,1.72648,1.9478838449951423,1.7782955073062992,-1.9478838449951423,1.7782955073062992
113756,2026-09-06T07:17:36.383201+00:00,15,1.23374,1.73635,1.9422965860447572,1.787968083919679,-1.9422965860447572,1.787968083919679
113757,2026-09-06T07:17:36.404215+00:00,15,1.19313,1.742,1.9082003140588615,1.7940610213945143,-1.9082003140588615,1.7940610213945143
113758,2026-09-06T07:17:36.427200+00:00,15,1.22229,1.72967,1.9323020940390654,1.7818145705826733,-1.9323020940390654,1.7818145705826733
113759,2026-09-06T07:17:36.449263+00:00,15,1.21267,1.74677,1.925244349961916,1.7984073730127168,-1.925244349961916,1.7984073730127168
113760,2026-09-06T07:17:36.471220+00:00,15,1.22014,1.73692,1.9306104303598117,1.7886465607036108,-1.9306104303598117,1.7886465607036108
113761,2026-09-06T07:17:36.495223+00:00,15,1.20525,1.73412,1.9181633585767746,1.786372461980157,-1.9181633585767746,1.786372461980157
113762,2026-09-06T07:17:36.516308+00:00,15,1.20816,1.73633,1.9206358845622662,1.7883906457232164,-1.9206358845622662,1.7883906457232164
113763,2026-09-06T07:17:36.538295+00:00,15,1.21339,1.76935,1.927046207712799,1.8199649192589638,-1.927046207712799,1.8199649192589638
113764,2026-09-06T07:17:36.560317+00:00,15,1.2434,1.75834,1.9516178020858228,1.8088033143408768,-1.9516178020858228,1.8088033143408768
113765,2026-09-06T07:17:36.582305+00:00,15,1.22996,1.74204,1.9394570587569935,1.7934977506058685,-1.9394570587569935,1.7934977506058685
113766,2026-09-06T07:17:36.611235+00:00,15,1.24679,1.74245,1.953437143495663,1.7934650323189003,-1.953437143495663,1.7934650323189003
113767,2026-09-06T07:17:36.632250+00:00,15,1.21445,1.74625,1.9265279731085778,1.7977877412233239,-1.9265279731085778,1.7977877412233239
113768,2026-09-06T07:17:36.654249+00:00,15,1.21271,1.74262,1.9246840981113855,1.7942520608198664,-1.9246840981113855,1.7942520608198664
113769,2026-09-06T07:17:36.677231+00:00,15,1.21165,1.7526,1.9245412760340166,1.803919288426657,-1.9245412760340166,1.803919288426657
113770,2026-09-06T07:17:36.699240+00:00,15,1.20349,1.74127,1.917050646901326,1.7932397281960724,-1.917050646901326,1.7932397281960724
113771,2026-09-06T07:17:36.721287+00:00,15,1.21942,1.73773,1.9303062784173615,1.7895562912943193,-1.9303062784173615,1.7895562912943193
113772,2026-09-06T07:17:36.743764+00:00,15,1.23118,1.7505,1.94111445647985,1.8016482952739041,-1.94111445647985,1.8016482952739041
113773,2026-09-06T07:17:36.766304+00:00,15,1.2116,1.74111,1.9239295824624731,1.7929591632243027,-1.9239295824624731,1.7929591632243027
113774,2026-09-06T07:17:36.805297+00:00,15,1.22712,1.75423,1.9378562478649497,1.805264659223351,-1.9378562478649497,1.805264659223351
113775,2026-09-06T07:17:36.829212+00:00,15,1.21245,1.77169,1.9265212353532102,1.8222836093836703,-1.9265212353532102,1.8222836093836703
113776,2026-09-06T07:17:36.850295+00:00,15,1.22392,1.75801,1.935435644467744,1.8089848434461544,-1.935435644467744,1.8089848434461544
113777,2026-09-06T07:17:36.872294+00:00,15,1.24184,1.76701,1.9508185976061354,1.8171604563438626,-1.9508185976061354,1.8171604563438626
113778,2026-09-06T07:17:36.894305+00:00,15,1.23625,1.7345,1.9441897450027634,1.7860940572509885,-1.9441897450027634,1.7860940572509885
113779,2026-09-06T07:17:36.916258+00:00,15,1.23472,1.7723,1.9452899494790494,1.8224360224175942,-1.9452899494790494,1.8224360224175942
