seq,stamp_ns,x,y,variance,anchor_mask,pair_residual_m,report_span_s,source_mode
245918,1788682183025654272,1.8974895797038283,1.8291808795544235,0.0937702876630728,15,0.060219063917274614,0.011998,raw_ranges
245919,1788682183053654272,1.9209195913286379,1.8388775373826418,0.09339572085053144,15,0.05702428295499598,0.011998,raw_ranges
245920,1788682183075653632,1.9202096534714876,1.8695041680716484,0.0958852719638339,15,0.07577133998309586,0.011999,raw_ranges
245921,1788682183097654784,1.918677261550238,1.8389018179076257,0.09151522727485313,15,0.03703073413872776,0.011998,raw_ranges
245922,1788682183120654592,1.91903239828708,1.871055120487771,0.0949007939224604,15,0.06896968842513644,0.011999,raw_ranges
245923,1788682183142653696,1.9101471750931014,1.8198975323547157,0.09310794182117813,15,0.05444253683635737,0.011998,raw_ranges
245924,1788682183164654592,1.9173976383222202,1.8496375367916584,0.09537707490776036,15,0.07234032695364577,0.011998,raw_ranges
245925,1788682183186653696,1.902702355799787,1.8080936847032867,0.09097088824875169,15,0.02875649917412927,0.011998,raw_ranges
245926,1788682183209654272,1.9202782246948706,1.8530677569680267,0.09402509146045565,15,0.06229879177364244,0.011998,raw_ranges
245927,1788682183231654656,1.9477574527630805,1.8570863423373178,0.09296453824475114,15,0.05310919167857054,0.011998,raw_ranges
245928,1788682183253653760,1.914176305442,1.8325619470588068,0.09192895224980248,15,0.042249263257511147,0.011998,raw_ranges
245929,1788682183276654336,1.934819645593847,1.8339361244071677,0.09127463565205482,15,0.03362563974194133,0.011998,raw_ranges
245930,1788682183298653696,1.8922590800677848,1.8263923418744312,0.09096584487178659,15,0.02866867398026283,0.011998,raw_ranges
245931,1788682183320654848,1.8982706251816952,1.8046926198830424,0.0927185944242012,15,0.050740934364684374,0.011998,raw_ranges
245932,1788682183342656000,1.912058045858148,1.8305156608661552,0.09292049646878804,15,0.05269292613613372,0.011998,raw_ranges
245933,1788682183383654400,1.908595861959829,1.8385692352482201,0.09114173324796078,15,0.031587675507399715,0.011998,raw_ranges
245934,1788682183411654144,1.8992101938916135,1.8423222234774843,0.0940835112303349,15,0.06276590815351037,0.011998,raw_ranges
245935,1788682183433654272,1.9318414366986885,1.8406540055233598,0.09296390865576547,15,0.053103038093554294,0.011999,raw_ranges
245936,1788682183456655104,1.9221521305905636,1.8350181130834837,0.0911706974142411,15,0.03204286832106491,0.011998,raw_ranges
245937,1788682183478653952,1.9161219658140933,1.85968332700764,0.09440806128601335,15,0.06529996389748893,0.011999,raw_ranges
245938,1788682183500654336,1.9031962243164515,1.8718783456813564,0.09449764690208261,15,0.06598253479582773,0.011998,raw_ranges
245939,1788682183522654464,1.8994733986018961,1.8560549857633162,0.09431782274125108,15,0.0646055008281113,0.011998,raw_ranges
245940,1788682183545654272,1.9027902753192638,1.8574707216549713,0.0924972559214877,15,0.048510863911991,0.011998,raw_ranges
245941,1788682183567654400,1.9103920217139654,1.8308989040609036,0.09185217858084972,15,0.041330697754208404,0.011998,raw_ranges
245942,1788682183589654784,1.903773928464081,1.8571695155680703,0.09417201321923539,15,0.06346700887260562,0.011998,raw_ranges
245943,1788682183611653888,1.885538719328311,1.8499825378759305,0.0948923312380198,15,0.06890848448500227,0.011998,raw_ranges
245944,1788682183634654976,1.8900874518589152,1.874310632048107,0.09452332609729056,15,0.06617683955350664,0.011998,raw_ranges
245945,1788682183659154688,1.886961381578023,1.8371608744018164,0.0928429710182829,15,0.048570145298144886,0.021998,raw_ranges
245946,1788682183683654912,1.8804058270093469,1.8632869200508635,0.09175626409332138,15,0.040154801173973936,0.011994,raw_ranges
245947,1788682183705654528,1.8948131795990941,1.8466420218577047,0.09327557781861116,15,0.055960931144961895,0.011998,raw_ranges
245948,1788682183727653376,1.8938238856630998,1.8341451131531026,0.09501190275575239,15,0.06977070124165582,0.011998,raw_ranges
245949,1788682183755654144,1.8841732577352868,1.8617788117573202,0.0961373075250029,15,0.0774167651158514,0.011998,raw_ranges
245950,1788682183777654272,1.89692584996936,1.8576416649315348,0.09558457842820413,15,0.0737604394455736,0.011999,raw_ranges
245951,1788682183799654912,1.8692687350774475,1.8490283023015714,0.0949135838757995,15,0.06906252147003829,0.011998,raw_ranges
245952,1788682183822653952,1.8991411246366692,1.871142870125353,0.09565841781165396,15,0.07425928770634671,0.011999,raw_ranges
245953,1788682183844654848,1.918775344379061,1.8692102403826056,0.09399579460441242,15,0.06206321455107226,0.011998,raw_ranges
245954,1788682183886654208,1.916330277646053,1.8732195605338238,0.09598199506207661,15,0.07640708774764686,0.011998,raw_ranges
245955,1788682183908654080,1.9067555906832718,1.8627383659958083,0.09524314494867908,15,0.0714086335444047,0.011998,raw_ranges
245956,1788682183930654464,1.9147192418540653,1.8351374206227367,0.09199358931209511,15,0.04300740992079291,0.011998,raw_ranges
245957,1788682183952654592,1.918056070795659,1.8644292276303687,0.09427339510153546,15,0.06426074305153545,0.011998,raw_ranges
245958,1788682183975654400,1.8950715916921999,1.8548939297878348,0.09290280917534605,15,0.05252482433427127,0.011998,raw_ranges
245959,1788682183997654528,1.9052596230177743,1.8707833212019613,0.09238859932422079,15,0.04737770910692911,0.011998,raw_ranges
245960,1788682184019655680,1.9192728950020757,1.864588339917943,0.09534888504148653,15,0.07214522186178751,0.011998,raw_ranges
245961,1788682184041654272,1.9202962162395478,1.8677756909950698,0.09283805753519296,15,0.05190477368405501,0.011998,raw_ranges
245962,1788682184063654144,1.8947633289797263,1.8838180847904584,0.09251289697346325,15,0.04867180877533997,0.011998,raw_ranges
245963,1788682184091654400,1.9090830142409634,1.870099622568658,0.09461114977708171,15,0.06683709877816149,0.011998,raw_ranges
245964,1788682184113654272,1.9244036663150677,1.8551242823468646,0.0926145203317577,15,0.04970457052181117,0.011999,raw_ranges
245965,1788682184135655424,1.9208596017956567,1.8627124375815955,0.09476336677633015,15,0.06796627672846409,0.011998,raw_ranges
245966,1788682184158654720,1.9183150152591297,1.8633898096391757,0.09222679639406789,15,0.045637927133776575,0.011999,raw_ranges
245967,1788682184180654592,1.899756274057701,1.8673438946834218,0.0945476886832047,15,0.06636065610890768,0.011998,raw_ranges
245968,1788682184202653952,1.9293895941754409,1.838393664787352,0.09298743122309086,15,0.05332428357784903,0.011998,raw_ranges
245969,1788682184224654592,1.9104119516016398,1.8390182426160562,0.09273555681979977,15,0.050907807022103874,0.011998,raw_ranges
245970,1788682184247653632,1.9267695375553753,1.8554870358925877,0.0941246870740171,15,0.06309306673492028,0.011998,raw_ranges
245971,1788682184269654016,1.8974046392533237,1.8548288310604377,0.09278221748796432,15,0.05136404855503821,0.011998,raw_ranges
245972,1788682184291653632,1.9043855062739812,1.8618746750706896,0.09262348389744417,15,0.04979489826723394,0.011998,raw_ranges
245973,1788682184314654464,1.913141557192711,1.854661220747773,0.09223511919677188,15,0.045729281568508,0.011998,raw_ranges
245974,1788682184336654592,1.894086471850011,1.8484199698068697,0.09253563777514665,15,0.048904864493694834,0.011998,raw_ranges
245975,1788682184358654464,1.896598834466036,1.8643403412126571,0.09310393286427249,15,0.05440570613706333,0.011998,raw_ranges
245976,1788682184397654528,1.9004796206228363,1.854677272295677,0.09183228666042573,15,0.041089349671486974,0.011998,raw_ranges
245977,1788682184425654016,1.9285957692696354,1.856177338136862,0.09380687935769981,15,0.06052212284528535,0.011998,raw_ranges
245978,1788682184447653376,1.8910937696832617,1.853257638014107,0.09363967773567172,15,0.05912445969877215,0.011999,raw_ranges
245979,1788682184469653760,1.8791890708106038,1.8547952118442514,0.09318689324744842,15,0.055162861088312136,0.011998,raw_ranges
245980,1788682184492653824,1.879423293015596,1.8604698864740252,0.09594051237194805,15,0.07613498782391744,0.011999,raw_ranges
245981,1788682184514653440,1.8992193799446109,1.8349786142885591,0.09313063586708281,15,0.05465056141598925,0.011998,raw_ranges
245982,1788682184536654592,1.90059755827309,1.8505422459339187,0.0942427713786434,15,0.06402202257538733,0.011998,raw_ranges
245983,1788682184559654912,1.9077939786264875,1.8348469286907059,0.09230230717175099,15,0.046458101206904606,0.011998,raw_ranges
245984,1788682184581654784,1.9011680587811963,1.8638769107603486,0.09309121164560087,15,0.05428866955084528,0.011998,raw_ranges
245985,1788682184603654400,1.9101046373190274,1.8573323290073054,0.09265568181173169,15,0.05011716081076108,0.011998,raw_ranges
245986,1788682184625654016,1.9040089571340404,1.8456126258559207,0.09226230065259045,15,0.04602552170905233,0.011998,raw_ranges
245987,1788682184648654080,1.9193912624372695,1.8551052573210007,0.09317578682226452,15,0.055062099653614,0.011998,raw_ranges
245988,1788682184670653696,1.8861510629114742,1.8486441135004474,0.0918791236101478,15,0.04165539108144117,0.011998,raw_ranges
245989,1788682184692658176,1.898041936566656,1.8575423789263716,0.09197797458810393,15,0.042825489887494954,0.011998,raw_ranges
245990,1788682184714654720,1.912016236750803,1.863585746482791,0.09163949204937634,15,0.03867221283268325,0.011998,raw_ranges
245991,1788682184737654528,1.9055005953047106,1.8613316274455587,0.09128703848389988,15,0.03380956195959779,0.011998,raw_ranges
245992,1788682184765655296,1.890820056679742,1.8576159222188517,0.09346560545061494,15,0.057633787370039734,0.011998,raw_ranges
245993,1788682184787654144,1.89813910588932,1.8496800407106035,0.09318145111749124,15,0.05511329346438345,0.011999,raw_ranges
245994,1788682184809654528,1.9118916428482042,1.8567581368696064,0.09435190166032947,15,0.06486871091928278,0.011998,raw_ranges
245995,1788682184832654336,1.901376729860571,1.8518420451404003,0.09227960526181299,15,0.04621286899569211,0.011999,raw_ranges
245996,1788682184854654976,1.903229956224693,1.8652798320683883,0.09505179043812804,15,0.07005596644203868,0.011998,raw_ranges
245997,1788682184876654848,1.9045916357739516,1.8602039933711312,0.09407083226402349,15,0.06266482474262178,0.011998,raw_ranges
245998,1788682184917654272,1.895175863901975,1.845663891706256,0.09326560098873815,15,0.0558717190064719,0.011998,raw_ranges
245999,1788682184940654336,1.8753943375493671,1.862250460019585,0.09392836958883213,15,0.0615176201167774,0.011998,raw_ranges
246000,1788682184971653888,1.9068194741153177,1.8441675954493821,0.09216179122640403,15,0.04492036534139089,0.011998,raw_ranges
246001,1788682184988656128,1.889908530089975,1.8567069287558522,0.0932586160400396,15,0.05581003497615462,0.011994,raw_ranges
246002,1788682185011654400,1.8805773868718092,1.8485744057769558,0.09320987111996751,15,0.05537074241842445,0.011998,raw_ranges
246003,1788682185033654016,1.889382021327934,1.8300067316168207,0.09184109270383757,15,0.041196367556346224,0.011998,raw_ranges
246004,1788682185055654400,1.9000460936587185,1.8533973869796438,0.09244851463806629,15,0.04800586041376929,0.011998,raw_ranges
246005,1788682185077654016,1.8847530627753066,1.849856058334365,0.09337790967458923,15,0.056867896660499385,0.011998,raw_ranges
246006,1788682185105654528,1.9086538980722199,1.8498835156378812,0.09497123766560224,15,0.06947867055148825,0.011998,raw_ranges
246007,1788682185127654912,1.8939615096648608,1.8707716626819588,0.09531606146540923,15,0.07191721257396753,0.011999,raw_ranges
246008,1788682185149654016,1.8961854989841072,1.8374401280930361,0.09316126470147297,15,0.054930070976405745,0.011998,raw_ranges
246009,1788682185172653824,1.907821460418547,1.8443015777824716,0.09373879830593121,15,0.05995683701573343,0.011999,raw_ranges
246010,1788682185194654464,1.8934291869246336,1.857134347360601,0.09458262705814365,15,0.06662338218781487,0.011998,raw_ranges
246011,1788682185216654592,1.893126333348474,1.8620913130204697,0.09591246205281063,15,0.07595070802046971,0.011998,raw_ranges
246012,1788682185238654464,1.9165222206295751,1.8540513949372557,0.09614092946021006,15,0.07744015403012877,0.011998,raw_ranges
246013,1788682185261654016,1.9133982244873458,1.8673697145700938,0.0952373147269918,15,0.07136779892214565,0.011998,raw_ranges
246014,1788682185283654144,1.9273309277562243,1.8681761609357033,0.09520193911156452,15,0.07111952690762588,0.011998,raw_ranges
246015,1788682185305655040,1.9105370194616789,1.866012998006866,0.09883996896660394,15,0.09325243676496581,0.011998,raw_ranges
246016,1788682185328654848,1.916515431946287,1.8708725835282363,0.09741841808342179,15,0.0852904805908713,0.011998,raw_ranges
246017,1788682185350654208,1.9121734816892992,1.8739274007548563,0.0942359529417387,15,0.06396874969654089,0.011998,raw_ranges
246018,1788682185372654848,1.9071255287733178,1.8650749811247513,0.09309093616546722,15,0.054286132312656304,0.011998,raw_ranges
246019,1788682185394654208,1.8934236551173524,1.8768866297417928,0.09340624624451793,15,0.05711649709600488,0.011998,raw_ranges
246020,1788682185435653888,1.8933924866329674,1.8765997721869014,0.09589967403047941,15,0.07586647498387825,0.011998,raw_ranges
246021,1788682185463653888,1.925313664665305,1.8647361493408883,0.09562218233527536,15,0.07401506827177402,0.011998,raw_ranges
246022,1788682185485654784,1.8972626168906972,1.8883336539485507,0.09792190611590906,15,0.08819257403494397,0.011999,raw_ranges
246023,1788682185507654144,1.910780458304103,1.8737361530625523,0.0954826324021247,15,0.07306627401287623,0.011998,raw_ranges
246024,1788682185530653696,1.9143417356044918,1.8833202585633415,0.0969329490521309,15,0.08239522468645197,0.011999,raw_ranges
246025,1788682185552654848,1.9195326477189758,1.8434909977854739,0.09278070715600466,15,0.051349344221758735,0.011998,raw_ranges
246026,1788682185574654208,1.9000363031463552,1.8385942476514836,0.09269281473796126,15,0.05048626282426994,0.011998,raw_ranges
246027,1788682185597656064,1.9254448320446798,1.862298444802207,0.09423785998773054,15,0.0639836540354687,0.011998,raw_ranges
246028,1788682185619654400,1.8898803805911188,1.8518401514956908,0.09513309862114602,15,0.07063389142009681,0.011998,raw_ranges
246029,1788682185641654272,1.9006861785880595,1.8569814621185208,0.09852294809453725,15,0.09153685645977395,0.011998,raw_ranges
246030,1788682185663654144,1.902222401580766,1.8401951949226314,0.096920087895293,15,0.08231728792479136,0.011998,raw_ranges
246031,1788682185686653696,1.8925761527764158,1.8351437129392432,0.09527218522709863,15,0.07161168356559307,0.011998,raw_ranges
246032,1788682185708653824,1.8916875875249315,1.8511870301022342,0.09565175008520113,15,0.07421454090137013,0.011998,raw_ranges
246033,1788682185730654464,1.891442385855854,1.8434517174521434,0.09594371636160691,15,0.07615618397482188,0.011998,raw_ranges
246034,1788682185752654336,1.8936176651224246,1.8210150662965778,0.09264085119834589,15,0.04996898232249584,0.011998,raw_ranges
246035,1788682185775654656,1.8858526543768088,1.85022191631628,0.09504881686363956,15,0.07003474037675561,0.011998,raw_ranges
246036,1788682185803654144,1.8858961805479202,1.8450173847992195,0.09651866839806009,15,0.079841821084317,0.011998,raw_ranges
246037,1788682185825655040,1.90384063447114,1.832853162087388,0.09345316365053105,15,0.05752553910682674,0.011999,raw_ranges
246038,1788682185847654656,1.8717624486537796,1.8313693773900903,0.09530384799196637,15,0.07183241599700221,0.011998,raw_ranges
246039,1788682185870654976,1.8932737272140434,1.8486668809866447,0.09513615124388233,15,0.07065532706655839,0.011999,raw_ranges
246040,1788682185892654848,1.8863882817110467,1.8370902862307072,0.09433736820133329,15,0.06475659192185218,0.011998,raw_ranges
246041,1788682185914654720,1.9187972554021857,1.8353727299687006,0.09305039018194802,15,0.05391139191254509,0.011998,raw_ranges
246042,1788682185955653632,1.9143797337566564,1.8383456563328082,0.09391249985194762,15,0.06138849931336998,0.011998,raw_ranges
246043,1788682185977654016,1.90143385419976,1.8218922052865003,0.09323134971441482,15,0.05556435647440565,0.011998,raw_ranges
246044,1788682186000654336,1.9265020314432797,1.836940774765318,0.09247513607129575,15,0.04828233701153816,0.011998,raw_ranges
246045,1788682186022654464,1.9027432224208805,1.8437393102782844,0.09375803126129763,15,0.060117212654094636,0.011998,raw_ranges
246046,1788682186044654848,1.8877483921143499,1.8222400820790898,0.09237338128759488,15,0.04721683262984593,0.011998,raw_ranges
246047,1788682186066653952,1.8833024348101093,1.8214543145018798,0.09378637316164394,15,0.06035247432909402,0.011998,raw_ranges
246048,1788682186089654272,1.8706585163041138,1.8186128487713888,0.0932192099647052,15,0.05545500843661647,0.011998,raw_ranges
246049,1788682186111654656,1.8653559880435295,1.823033944314853,0.09452560768284422,15,0.06619407585912983,0.011998,raw_ranges
246050,1788682186139653888,1.8937706111376127,1.8260976106382854,0.09142572438244549,15,0.03580184881323166,0.011998,raw_ranges
246051,1788682186161654016,1.8891025214006567,1.8463881469302104,0.09265106987146163,15,0.050070888452888866,0.011999,raw_ranges
246052,1788682186183655168,1.8808848357207633,1.8348259378150542,0.09467353129203511,15,0.06730214920814281,0.011998,raw_ranges
246053,1788682186206653696,1.8747091864999745,1.8301179970198829,0.09664764868496847,15,0.08064535128554207,0.011999,raw_ranges
246054,1788682186228654080,1.8823214450370438,1.8412021515600558,0.09667770166184442,15,0.08083161298554192,0.011998,raw_ranges
246055,1788682186250654208,1.888464195736773,1.8566059602280516,0.09636204483465709,15,0.07885488463409919,0.011998,raw_ranges
246056,1788682186272654592,1.8742708769538996,1.837524300575577,0.09416075114300022,15,0.0633782229081901,0.011998,raw_ranges
246057,1788682186295654656,1.8812970365369177,1.8658269237807654,0.09426116913463743,15,0.06416554473108937,0.011998,raw_ranges
246058,1788682186317654528,1.8872290920916035,1.8652280800313812,0.09432966104412381,15,0.06469705588451319,0.011998,raw_ranges
246059,1788682186339653888,1.9125246105867169,1.8569987391205558,0.09434901821127682,15,0.06484648184193822,0.011998,raw_ranges
246060,1788682186362653952,1.8989565505247619,1.837182378533764,0.09375034280349372,15,0.060053233047802884,0.011998,raw_ranges
246061,1788682186384654336,1.8703110476081388,1.8581921131416843,0.09382403133534574,15,0.06066365741814245,0.011998,raw_ranges
246062,1788682186406654208,1.893140470916928,1.8993829667270383,0.09519484680809963,15,0.07106964755857201,0.011998,raw_ranges
246063,1788682186428654080,1.8918807209285855,1.8405635342517697,0.09338509250085947,15,0.05693101524529025,0.011998,raw_ranges
246064,1788682186467653888,1.8827359421123593,1.8389625212496694,0.09543970461438601,15,0.07277192185442147,0.011998,raw_ranges
246065,1788682186495653888,1.8876229992199178,1.866539002915599,0.09776263490782139,15,0.08728506690048073,0.011998,raw_ranges
246066,1788682186517675008,1.8813350602375976,1.848614216934587,0.098919752212137,15,0.09367911299290256,0.011999,raw_ranges
246067,1788682186539654656,1.8827236642945804,1.852024165284832,0.09724396994900628,15,0.08426160421571789,0.011998,raw_ranges
246068,1788682186562654464,1.8730830822875062,1.880050677605884,0.09581385212386478,15,0.07529857981970706,0.011999,raw_ranges
246069,1788682186584654080,1.9032636532574703,1.8912591136579415,0.0968478335245709,15,0.0818772344462788,0.011998,raw_ranges
246070,1788682186606653696,1.8993252507253706,1.88415020320477,0.09438288160440271,15,0.06510706260001846,0.011998,raw_ranges
246071,1788682186629654016,1.8874295497562414,1.8712126339181356,0.09734124933502174,15,0.08483688661791958,0.011998,raw_ranges
246072,1788682186651653632,1.8713412579201247,1.8935052581486824,0.09737346071719478,15,0.085026517705918,0.011998,raw_ranges
246073,1788682186673654272,1.8757714276619486,1.8662116767795194,0.09758054603966852,15,0.086235688874552,0.011998,raw_ranges
246074,1788682186695654912,1.8778743710533785,1.8724381641716124,0.09648877602535558,15,0.0796544036532544,0.011998,raw_ranges
246075,1788682186718654720,1.9008978111508568,1.8852782557597223,0.09605114102727894,15,0.07685823978779986,0.011998,raw_ranges
246076,1788682186740654592,1.8581849682736031,1.8645839093379575,0.0952648039355785,15,0.07156012808525782,0.011998,raw_ranges
246077,1788682186762654464,1.8576119787379342,1.8590493021270516,0.0959996028997543,15,0.07652222484843414,0.011998,raw_ranges
246078,1788682186784654336,1.8685664203204317,1.879011251303954,0.09853689122197619,15,0.09161298607717244,0.011998,raw_ranges
246079,1788682186807654144,1.880893926814906,1.8755033370001644,0.095440134342867,15,0.07277487436517494,0.011998,raw_ranges
246080,1788682186835654400,1.8775664210034793,1.8709149772855636,0.09572681908499876,15,0.07471858591407339,0.011998,raw_ranges
246081,1788682186857653760,1.889507222897998,1.8621107239535657,0.0953647032691336,15,0.07225460032505615,0.011999,raw_ranges
246082,1788682186879655168,1.8766693360115454,1.8887438414032434,0.10102299653325837,15,0.10430265830389164,0.011998,raw_ranges
246083,1788682186902653696,1.9035532834043143,1.8781174870311925,0.09867735449645189,15,0.09237628751715397,0.011999,raw_ranges
246084,1788682186924654080,1.890493541190016,1.8935423167695895,0.09790742174439115,15,0.08811055408060464,0.011998,raw_ranges
246085,1788682186946653952,1.8823587042120404,1.8867911403701079,0.0986399424845057,15,0.09217369733555067,0.011998,raw_ranges
246086,1788682186987654400,1.8913034313058117,1.873785988174606,0.09739749233711663,15,0.08516771884415263,0.011998,raw_ranges
246087,1788682187009653760,1.8800978137436561,1.8503328714566825,0.0977489528985671,15,0.08720665625149898,0.011998,raw_ranges
246088,1788682187032653824,1.8597266624691766,1.833423589680637,0.0961359339722947,15,0.07740789344953587,0.011998,raw_ranges
246089,1788682187054654208,1.8777288762807651,1.8635071391964748,0.09925767781211339,15,0.09546583581634534,0.011998,raw_ranges
246090,1788682187076654080,1.8760059554766098,1.8681595026183666,0.09616108561073235,15,0.07757018503737342,0.011998,raw_ranges
246091,1788682187098654464,1.8566068438783816,1.8391603559729837,0.09567260001695482,15,0.07435487887795145,0.011998,raw_ranges
246092,1788682187121654528,1.8604424478027877,1.8714959158166238,0.09807414497433391,15,0.08905163092461539,0.011998,raw_ranges
246093,1788682187143653632,1.8568891191851746,1.860292305672683,0.09506121981414416,15,0.07012323302689459,0.011998,raw_ranges
246094,1788682187171654400,1.8812142111596064,1.9006353401208234,0.0987016667056615,15,0.09250791696747636,0.011998,raw_ranges
246095,1788682187193653760,1.8862188875153048,1.8805299931816903,0.09568310978876436,15,0.07442535715577299,0.011999,raw_ranges
246096,1788682187215654400,1.8761352318469564,1.8783911137818678,0.09888771294890773,15,0.0935080795702047,0.011998,raw_ranges
246097,1788682187238654976,1.858546951346456,1.8658690979374961,0.09612000693196598,15,0.07730479241913785,0.011999,raw_ranges
246098,1788682187260654592,1.8755966148664591,1.879026780909741,0.0982233970814019,15,0.08988573344753835,0.011998,raw_ranges
246099,1788682187282653952,1.9079281536913035,1.8979129554738303,0.0973532015182083,15,0.08490729953430563,0.011998,raw_ranges
246100,1788682187304654080,1.894214883630089,1.8863582243791375,0.09701459939715686,15,0.08288936839641654,0.011998,raw_ranges
246101,1788682187327653888,1.8926944690755307,1.8881123025394742,0.0970875818853788,15,0.08332844581161235,0.011998,raw_ranges
246102,1788682187349654272,1.876353743608367,1.8664792497921732,0.09656652571562482,15,0.08014096150923589,0.011998,raw_ranges
246103,1788682187371654656,1.8892943496259433,1.8850165907911625,0.09509548645089037,15,0.07036714039159458,0.011998,raw_ranges
246104,1788682187394654464,1.8682576479133928,1.912279217043422,0.10022964559518914,15,0.1004275539440703,0.011998,raw_ranges
246105,1788682187416654336,1.869987164016925,1.8867193711061483,0.09469775740972323,15,0.06748188946467967,0.011998,raw_ranges
246106,1788682187438654720,1.8656472355815383,1.8651197926779586,0.09714544583314139,15,0.08367492951381189,0.011998,raw_ranges
246107,1788682187460654080,1.8771441951787748,1.8879702721945226,0.09925760790696499,15,0.09546546968912369,0.011998,raw_ranges
246108,1788682187501654528,1.8542051000924282,1.873518425521415,0.0962291685654165,15,0.07800779808081046,0.011998,raw_ranges
246109,1788682187529654528,1.8948110598255472,1.902508195643956,0.09853342963282927,15,0.09159409166987391,0.011998,raw_ranges
246110,1788682187551653632,1.8842083121654238,1.8982040560632913,0.09723637448570649,15,0.0842163789574599,0.011999,raw_ranges
246111,1788682187573655552,1.866843314701903,1.863844007916935,0.09723410312923172,15,0.08420303513075837,0.011998,raw_ranges
246112,1788682187596654080,1.8482000228163276,1.8864334791043436,0.10330594924022743,15,0.11472564333760536,0.011999,raw_ranges
246113,1788682187618653952,1.8496454372734052,1.9005901759725639,0.10080848863689779,15,0.1032692434023693,0.011998,raw_ranges
246114,1788682187640657664,1.8452827875164473,1.88014368661527,0.10112598608414294,15,0.1047952006541471,0.011998,raw_ranges
246115,1788682187663656960,1.843010832544468,1.849965724423653,0.09769448799691033,15,0.08689382022278876,0.011998,raw_ranges
246116,1788682187685656576,1.8535821693934076,1.8667400936996401,0.09927825648454006,15,0.0955735553411092,0.011998,raw_ranges
246117,1788682187707656704,1.8793438065040469,1.876000954867018,0.09945299748906494,15,0.09648339486701817,0.011998,raw_ranges
246118,1788682187729657088,1.8833070481052239,1.88121287576028,0.0995692976834929,15,0.09708421951837956,0.011998,raw_ranges
246119,1788682187752657408,1.8725489283654018,1.8745803699657098,0.10046300963964985,15,0.10158276249270765,0.011998,raw_ranges
246120,1788682187774657536,1.8952022165748106,1.8634644228806083,0.09744093558218021,15,0.08542238335577051,0.011998,raw_ranges
246121,1788682187796659968,1.8829554549338667,1.869496969923193,0.09490249412534774,15,0.06898218698582806,0.011998,raw_ranges
246122,1788682187818657536,1.8611587766075184,1.893056468655026,0.09736855717880477,15,0.08499767746712131,0.011998,raw_ranges
246123,1788682187841657088,1.8645634102948492,1.8399951796235607,0.09479430434181249,15,0.06819349190217856,0.011998,raw_ranges
246124,1788682187869657088,1.9005791267366772,1.872470043758059,0.09513094689557566,15,0.0706186582397008,0.011998,raw_ranges
246125,1788682187891656704,1.88060585914394,1.8747767365692414,0.09614915770399662,15,0.07749310745477063,0.011999,raw_ranges
246126,1788682187913657600,1.8760642404092682,1.861179291239956,0.09752173368291449,15,0.08589401422051768,0.011998,raw_ranges
246127,1788682187936656896,1.8754502124839099,1.8545903794191883,0.09717489635088,15,0.08385058347966341,0.011999,raw_ranges
246128,1788682187958657792,1.8651859335631247,1.8633365777272293,0.09688968350546937,15,0.08213240226286683,0.011998,raw_ranges
246129,1788682187980657152,1.856618653476068,1.8604863577549822,0.09801928301479867,15,0.08874306176146209,0.011998,raw_ranges
246130,1788682188021657088,1.8596950443192461,1.889129875450628,0.10092064291520686,15,0.10381084197330676,0.011998,raw_ranges
246131,1788682188044657408,1.8670928063137393,1.8655792325771465,0.09743163131437266,15,0.08536790562250346,0.011998,raw_ranges
246132,1788682188066657280,1.8951018235777073,1.8801799498946405,0.09576420063074666,15,0.07496831748643333,0.011998,raw_ranges
246133,1788682188088656896,1.8736328332571022,1.859423751357004,0.09617391751571572,15,0.07765285256650732,0.011998,raw_ranges
246134,1788682188110656768,1.8655185190371386,1.8371474045579717,0.09432215690287794,15,0.06463903541110391,0.011998,raw_ranges
246135,1788682188133657344,1.865362512745853,1.853598254960693,0.0973296079747118,15,0.08476824860000239,0.011998,raw_ranges
246136,1788682188155657216,1.861246063846018,1.8635362603468026,0.09365798618479908,15,0.059279289644858964,0.011998,raw_ranges
246137,1788682188177658368,1.8555161820593518,1.841688845454107,0.09487504297915654,15,0.06878292648002511,0.011998,raw_ranges
246138,1788682188205656576,1.8793581359017408,1.8201804771002794,0.09443470809694422,15,0.06550386319099229,0.011998,raw_ranges
246139,1788682188227657472,1.8809347122989915,1.850353239775069,0.094061410526559,15,0.06258941224807126,0.011999,raw_ranges
246140,1788682188249676032,1.9179089170591503,1.8503161693705148,0.09342849147411728,15,0.05731090184351734,0.011998,raw_ranges
246141,1788682188272675584,1.8994314483549912,1.8144815201214626,0.09373711587258834,15,0.059942805002671976,0.011999,raw_ranges
246142,1788682188294675712,1.8916480682273447,1.8515892874792932,0.09600201525862084,15,0.07653798569743557,0.011998,raw_ranges
246143,1788682188316675072,1.8944057647787163,1.8558067712534159,0.09517407114066408,15,0.07092333280849172,0.011998,raw_ranges
246144,1788682188338675968,1.9008451412556693,1.806483615153796,0.09203644250204081,15,0.04350276425746767,0.011998,raw_ranges
246145,1788682188361675520,1.910917482009337,1.8336355941620381,0.09252491210115918,15,0.048795082714953884,0.011998,raw_ranges
246146,1788682188383676160,1.9162765911727209,1.8275511470051948,0.09091318942315296,15,0.027735129694179808,0.011998,raw_ranges
246147,1788682188405676032,1.9076923777050456,1.8500760029861114,0.09167322122999015,15,0.039105872014189365,0.011998,raw_ranges
246148,1788682188428676864,1.9090474914878668,1.8405398050314283,0.09201312876723089,15,0.043233976953675,0.011998,raw_ranges
246149,1788682188450675712,1.9063949119913108,1.8091834548283918,0.0907315011221405,15,0.0242394124957786,0.011998,raw_ranges
246150,1788682188472676864,1.9243468565290518,1.8197756197150303,0.09046616701275602,15,0.01795034842993358,0.011998,raw_ranges
246151,1788682188494675968,1.9079557384939378,1.8259592322803673,0.09123046053878357,15,0.03296222891103659,0.011998,raw_ranges
246152,1788682188535675904,1.8932192925462434,1.8458680114944146,0.09092477633338598,15,0.027943234053809798,0.011998,raw_ranges
246153,1788682188563675904,1.9469033967361289,1.8367625573522384,0.0914204734310076,15,0.03572844003042415,0.011998,raw_ranges
246154,1788682188585675264,1.933452730098531,1.8396783488992723,0.09143024279286094,15,0.03586456178264193,0.011999,raw_ranges
246155,1788682188607675904,1.9087079572509351,1.8327158244937019,0.09205830358913393,15,0.04375330370536533,0.011998,raw_ranges
246156,1788682188630679552,1.9272591110003032,1.8521351667363206,0.09193164452875986,15,0.04228082931731433,0.011999,raw_ranges
246157,1788682188652678656,1.9229639587345522,1.834953761660767,0.09037758538468088,15,0.015285070516058858,0.011998,raw_ranges
246158,1788682188677178112,1.9307134824573267,1.823039176907988,0.09093142607164104,15,0.02115452830107646,0.021998,raw_ranges
246159,1788682188701679104,1.9145292345481497,1.814156144075517,0.09129921527210388,15,0.03399057569538768,0.011994,raw_ranges
246160,1788682188723680000,1.9261828846329854,1.8021797301278204,0.09192098230073285,15,0.042154837168857186,0.011998,raw_ranges
246161,1788682188746678016,1.9178650210590589,1.7866269736560714,0.0912981035221284,15,0.03397280556751828,0.011998,raw_ranges
246162,1788682188768678656,1.9321306578061113,1.7984663413278608,0.0907237762693135,15,0.024079540388335912,0.011998,raw_ranges
246163,1788682188790678528,1.9382982152279393,1.8445307719383424,0.09083122162852737,15,0.026215827748277874,0.011998,raw_ranges
246164,1788682188812678656,1.8950776987565932,1.816146451507603,0.09092321922579678,15,0.027915358170670018,0.011998,raw_ranges
246165,1788682188835680512,1.9143081278764402,1.8361226817215412,0.09061695087607531,15,0.02174853723989999,0.011998,raw_ranges
246166,1788682188857684992,1.930894685429446,1.8639665791760545,0.09063888418414083,15,0.022247071271087333,0.011998,raw_ranges
246167,1788682188879681792,1.9289320007778736,1.836523157194619,0.09046288209021794,15,0.017858613782092674,0.011998,raw_ranges
246168,1788682188907680512,1.9535260202923228,1.831646071657062,0.0907862910141068,15,0.025344407866565267,0.011998,raw_ranges
246169,1788682188929683968,1.96019195642858,1.838653152993677,0.09132859744189174,15,0.03441833001311582,0.011999,raw_ranges
246170,1788682188951680768,1.9417204146989513,1.8235432218600158,0.0903924310039881,15,0.015763216676430748,0.011998,raw_ranges
246171,1788682188974680320,1.9438547245144993,1.8335703496038482,0.09101538760350264,15,0.029519681612487837,0.011999,raw_ranges
246172,1788682188996682240,1.9457069511660645,1.8592250765036147,0.09178851203481432,15,0.04055317534810719,0.011998,raw_ranges
246173,1788682189036680704,1.95605808971008,1.8370042554522326,0.09167942278879328,15,0.03918508370277245,0.011998,raw_ranges
246174,1788682189058681088,1.9590328278743578,1.8472029061877457,0.09201702272328444,15,0.043278987040877556,0.011998,raw_ranges
246175,1788682189080681216,1.9367013430373028,1.8395774588738176,0.0911555056963225,15,0.031804931886776695,0.011998,raw_ranges
246176,1788682189102681344,1.9300230312777953,1.8089568676280559,0.09184037336839068,15,0.04118763606218124,0.011998,raw_ranges
246177,1788682189125680896,1.9392636408840294,1.8216496622425908,0.09240128223983314,15,0.047511369542806804,0.011998,raw_ranges
246178,1788682189147680768,1.9588191322722213,1.8377788334360432,0.09172990146030414,15,0.03982398091984463,0.011998,raw_ranges
246179,1788682189169680384,1.9151672859670745,1.8284619618803812,0.09338139561987459,15,0.05689853790629941,0.011998,raw_ranges
246180,1788682189191681024,1.9243308846257718,1.8278519023810234,0.09291226091409371,15,0.05261472141990035,0.011998,raw_ranges
246181,1788682189214680832,1.931188151089774,1.8182211269018702,0.0928775557280401,15,0.052283876329515894,0.011998,raw_ranges
246182,1788682189242680832,1.9416503144755155,1.8256642327102888,0.0940794225830377,15,0.06273332909257809,0.011998,raw_ranges
246183,1788682189264682752,1.9345790280323618,1.812639088779271,0.09236284992562437,15,0.04710492463240304,0.011999,raw_ranges
246184,1788682189286701568,1.9472337205422934,1.8297666160495785,0.09192718614255947,15,0.04222835704309928,0.011998,raw_ranges
246185,1788682189309703168,1.9479041993582997,1.8302706885772162,0.09344337134655177,15,0.05744036338283193,0.011999,raw_ranges
246186,1788682189331702016,1.9270048058394424,1.8402845295498262,0.09377406554531682,15,0.06025042357790378,0.011998,raw_ranges
246187,1788682189353701632,1.9431746574557411,1.818673457989996,0.09188674136949503,15,0.04174672879993155,0.011998,raw_ranges
246188,1788682189375703296,1.9590417743371347,1.8211895428329439,0.09351342037790036,15,0.05804712201220974,0.011998,raw_ranges
246189,1788682189398702592,1.926352267863497,1.8130201305602962,0.09243049732834392,15,0.04781783479355724,0.011998,raw_ranges
246190,1788682189420701184,1.9514302110487631,1.823860193773448,0.09165486665298427,15,0.03887048557690356,0.011998,raw_ranges
246191,1788682189442701056,1.9597070381714046,1.845486125970702,0.09101047032154186,15,0.02943668319532394,0.011998,raw_ranges
246192,1788682189465701376,1.9465104317267752,1.832991680315093,0.0931949094831772,15,0.05523547301487703,0.011998,raw_ranges
246193,1788682189487700992,1.9239994180037832,1.8205668769586292,0.09284327810389958,15,0.05195503921564863,0.011998,raw_ranges
246194,1788682189509701632,1.9184112945701874,1.837975680330585,0.09288409381130146,15,0.05234636384030381,0.011998,raw_ranges
246195,1788682189550702080,1.9127865312444676,1.8354444978838222,0.09458295076655485,15,0.06662581153393064,0.011998,raw_ranges
246196,1788682189578701824,1.931529700373329,1.8249350204555255,0.09345018878296457,15,0.05749988503435962,0.011998,raw_ranges
246197,1788682189600702208,1.927352491786389,1.840062413482355,0.09535132863727769,15,0.07216198886032517,0.011999,raw_ranges
246198,1788682189622701056,1.9417163134895217,1.8320050316645016,0.09284583252115378,15,0.05197961636212585,0.011998,raw_ranges
246199,1788682189645700864,1.941908692080881,1.8303679548715261,0.09414382361546203,15,0.06324434847843752,0.011999,raw_ranges
246200,1788682189667701248,1.9543782675423564,1.8290259512526204,0.0927182963959457,15,0.05073799751611902,0.011998,raw_ranges
246201,1788682189689702400,1.9402290340876953,1.847868175920286,0.09360481757136102,15,0.058829121762618786,0.011998,raw_ranges
246202,1788682189712701696,1.919208096567889,1.8234021518591303,0.09357346648859949,15,0.0585620566971439,0.011998,raw_ranges
246203,1788682189734702080,1.9256806990604516,1.844620011674747,0.0933427549680598,15,0.056557961102393056,0.011998,raw_ranges
246204,1788682189756701440,1.9436455884027573,1.8336504462671048,0.09351562522399397,15,0.05806611077034501,0.011998,raw_ranges
246205,1788682189778701824,1.9081828094428233,1.809828835607396,0.09277712346086807,15,0.051314437119275406,0.011998,raw_ranges
246206,1788682189801701632,1.9317880784168102,1.8374133424266912,0.09378019396251444,15,0.06030126000768516,0.011998,raw_ranges
246207,1788682189823701760,1.920083604277109,1.8402666112545911,0.09175750259702728,15,0.040169025293468094,0.011998,raw_ranges
246208,1788682189845701632,1.8942414443197297,1.8330668456435106,0.09211290065725936,15,0.044372836885411784,0.011998,raw_ranges
246209,1788682189867701760,1.886801133715831,1.8141822368209082,0.09490614426989723,15,0.06900863906712866,0.011998,raw_ranges
246210,1788682189890702080,1.9178261806245498,1.8298031730071889,0.0938828147711223,15,0.06114624082576379,0.011998,raw_ranges
246211,1788682189918701312,1.9249347377684056,1.8399355764842016,0.09455493716033975,15,0.06641524792048696,0.011998,raw_ranges
246212,1788682189940700928,1.9370595742100492,1.8411386274035246,0.09503822815906833,15,0.0699589319391623,0.011999,raw_ranges
246213,1788682189972700928,1.93211606209811,1.8159257094017083,0.09237434760988299,15,0.0472270643369138,0.011998,raw_ranges
246214,1788682189989701888,1.92523851814663,1.8130467106626496,0.09415304107405999,15,0.06331793623500372,0.011995,raw_ranges
246215,1788682190011701248,1.9269661011849624,1.8239263727627792,0.09282041661393461,15,0.051734559145068734,0.011998,raw_ranges
246216,1788682190051702528,1.9034034054091578,1.8347680331339706,0.09618171705437228,15,0.07770305689207016,0.011998,raw_ranges
246217,1788682190073701120,1.9338504631110638,1.8355252305477225,0.09368013947655364,15,0.05946585131446151,0.011998,raw_ranges
246218,1788682190095718400,1.942983360801068,1.835388595861542,0.09288664103909194,15,0.05237068870171514,0.011998,raw_ranges
246219,1788682190118718464,1.9309236155404048,1.8233982851339703,0.09386437995455672,15,0.060995310889909664,0.011998,raw_ranges
246220,1788682190140717568,1.9378337647264248,1.8324687754691775,0.09422646586794074,15,0.0638945526937997,0.011998,raw_ranges
246221,1788682190162717952,1.8887563073990488,1.8352472170388776,0.09463070321986505,15,0.06698321592656671,0.011998,raw_ranges
246222,1788682190184717568,1.9003352403448786,1.8132561893826404,0.09273373648900679,15,0.05088992518177632,0.011998,raw_ranges
246223,1788682190207717632,1.8968566808087728,1.8096225848980882,0.09350672086129888,15,0.057989385729621944,0.011998,raw_ranges
246224,1788682190229719808,1.8942608306226716,1.813517477492978,0.09202892356122945,15,0.04341625913444705,0.011998,raw_ranges
246225,1788682190257717248,1.933403720146421,1.8225261128144685,0.09319409266180785,15,0.0552280785272116,0.011998,raw_ranges
246226,1788682190279690496,1.919961675886516,1.8424097763671439,0.0919472219105176,15,0.04246464305180968,0.011999,raw_ranges
246227,1788682190301690112,1.9067905914502372,1.810906658166115,0.09278983900694796,15,0.05143818623306972,0.011998,raw_ranges
246228,1788682190324691200,1.9164995206038367,1.839771848570934,0.09450744905584768,15,0.0660565897912365,0.011999,raw_ranges
246229,1788682190346690304,1.9280460158659627,1.8436415636555679,0.09184775068307147,15,0.0412770963013567,0.011998,raw_ranges
246230,1788682190368690176,1.9120353183500312,1.83329713481404,0.09264325143513849,15,0.04999299382051942,0.011998,raw_ranges
246231,1788682190390690304,1.903609743238147,1.8363064040900634,0.0949753847978881,15,0.06950850878768801,0.011998,raw_ranges
246232,1788682190413690624,1.9216987543868151,1.833575107414187,0.09225465541779324,15,0.045942392338593284,0.011998,raw_ranges
246233,1788682190435690240,1.9228946498722836,1.8159462278686822,0.09321316743971587,15,0.055400500320086254,0.011998,raw_ranges
246234,1788682190462690560,1.9327065791338456,1.8303702404763482,0.09326860163098659,15,0.052770158489307155,0.021998,raw_ranges
246235,1788682190484691968,1.9380076569754794,1.8486219845278666,0.09255317588121012,15,0.04908482296199222,0.011994,raw_ranges
246236,1788682190507684608,1.9117595240772072,1.8131212652283892,0.09319365306754518,15,0.055224098576121525,0.011998,raw_ranges
246237,1788682190529684480,1.9113721890295758,1.8503768378427472,0.09302942224605722,15,0.053716573253114505,0.011998,raw_ranges
246238,1788682190570684160,1.9113764693927737,1.8261476733935078,0.09228782208402059,15,0.046301944667806204,0.011998,raw_ranges
246239,1788682190598684160,1.93895025317449,1.8531327177838253,0.09302108987838914,15,0.05363895855056416,0.011998,raw_ranges
246240,1788682190620683520,1.96320614244961,1.8493083675248572,0.09225234241612143,15,0.045916951282956836,0.011999,raw_ranges
246241,1788682190642684160,1.944768172257466,1.8288202700059777,0.09258803452770618,15,0.04943766300813769,0.011998,raw_ranges
246242,1788682190665683200,1.9366919053826637,1.851963269655792,0.09349771200723843,15,0.05791144969898818,0.011999,raw_ranges
246243,1788682190687681536,1.9607819467893919,1.813684980524261,0.09110798709954904,15,0.031048914563138057,0.011998,raw_ranges
246244,1788682190709681152,1.945392174515768,1.8297435059295317,0.0916802465969702,15,0.03919559405048244,0.011998,raw_ranges
246245,1788682190732681216,1.9528848779168833,1.8453430607179468,0.09202234106158237,15,0.043340385987925535,0.011998,raw_ranges
246246,1788682190754681856,1.9428480532282542,1.8479429663312132,0.09261826116717882,15,0.04974242819946395,0.011998,raw_ranges
246247,1788682190776681728,1.9269215253862675,1.8267054923662407,0.09196817765805504,15,0.04271095473125188,0.011998,raw_ranges
246248,1788682190798681600,1.9523949540530838,1.8478495314301058,0.09394933273631709,15,0.06168776809317296,0.011998,raw_ranges
246249,1788682190821682176,1.937987128383819,1.8347903226924513,0.09118333455135273,15,0.03223945637495683,0.011998,raw_ranges
246250,1788682190843681792,1.9010572674900188,1.838418962567752,0.0920634092048583,15,0.04381161034313047,0.011998,raw_ranges
246251,1788682190865681920,1.9206672873088007,1.8476656141711243,0.09377154898169615,15,0.060229535758597366,0.011998,raw_ranges
246252,1788682190887681792,1.92471724673239,1.8230509914670967,0.09177617084617327,15,0.04040072823815526,0.011998,raw_ranges
246253,1788682190910681600,1.918227263557522,1.812390951165397,0.09203293169012441,15,0.04346239392997608,0.011998,raw_ranges
246254,1788682190938681344,1.9242014129690792,1.8385364961938593,0.09189551702517733,15,0.04185170272733634,0.011998,raw_ranges
246255,1788682190960680960,1.9318368837855981,1.8294487819411924,0.09234805061053011,15,0.046947572988708594,0.011999,raw_ranges
246256,1788682190982681856,1.9445425461413541,1.8468631194218408,0.0914249605817453,15,0.03579118016698128,0.011998,raw_ranges
246257,1788682191005680896,1.9280376820003244,1.8202266783880618,0.09195995382800914,15,0.04261429134702522,0.011999,raw_ranges
246258,1788682191027681280,1.9270504379943958,1.8448768641935445,0.09288999224286679,15,0.052402673966762306,0.011998,raw_ranges
246259,1788682191049681920,1.931702142777474,1.845661733555997,0.09154068215705204,15,0.03737285315642942,0.011998,raw_ranges
246260,1788682191088681984,1.9076635956122685,1.8290908518581912,0.09316812808060265,15,0.054992509277197565,0.011998,raw_ranges
246261,1788682191110681344,1.9417588875347893,1.827044040707277,0.0913178730462876,15,0.034262531171640125,0.011998,raw_ranges
246262,1788682191133681152,1.9426655921123959,1.8277964858261495,0.0925789639916556,15,0.04934584063176556,0.011998,raw_ranges
246263,1788682191155681280,1.9419727900372021,1.824632598689193,0.0908400268227478,15,0.0263832298770982,0.011998,raw_ranges
246264,1788682191177681152,1.9142746763034215,1.8309490591575093,0.09109991959834775,15,0.030918725626192214,0.011998,raw_ranges
246265,1788682191199681792,1.889983173899508,1.83442773993695,0.09237239876426297,15,0.0472064271075769,0.011998,raw_ranges
246266,1788682191222681344,1.9205979856740185,1.8185549484310146,0.09121365920466876,15,0.03270637859300179,0.011998,raw_ranges
246267,1788682191244681216,1.9157681109643148,1.8415657177222333,0.09111368125453666,15,0.031140476080764402,0.011998,raw_ranges
246268,1788682191272682496,1.9181578958082388,1.8278304406729653,0.09227062622316576,15,0.04611587816756575,0.011998,raw_ranges
246269,1788682191294684160,1.9347060774747002,1.848087405314271,0.09115778581336814,15,0.031840380217078815,0.011999,raw_ranges
246270,1788682191316682240,1.9159530582642232,1.8390892792885878,0.09223807031996824,15,0.045761537517529365,0.011998,raw_ranges
246271,1788682191339681536,1.9241441786076596,1.8250702645730714,0.09112560729434423,15,0.03133099572857899,0.011999,raw_ranges
246272,1788682191361681664,1.9192033426295199,1.8406196811970013,0.09143228939541094,15,0.0358934171041285,0.011998,raw_ranges
246273,1788682191383684608,1.9189249454220176,1.826570350308103,0.09240875414089504,15,0.04758993734913976,0.011998,raw_ranges
246274,1788682191405681408,1.9333256971893489,1.8355827091596146,0.0927895725349653,15,0.05143559595227123,0.011998,raw_ranges
246275,1788682191428682240,1.9268272904879802,1.832600958644973,0.0910160383518236,15,0.029531108137413605,0.011998,raw_ranges
246276,1788682191450682368,1.9095515786200754,1.8332869704743637,0.09377364442868737,15,0.06024692875730153,0.011998,raw_ranges
246277,1788682191472680960,1.913856236650393,1.8556381218729392,0.09349038289634022,15,0.05784834390317698,0.011998,raw_ranges
246278,1788682191495682048,1.8951789722496009,1.850129301440947,0.09335956525921267,15,0.05670637755325824,0.011998,raw_ranges
246279,1788682191517681408,1.8943491248704338,1.8370543417633007,0.0927734946500286,15,0.051279066352934013,0.011998,raw_ranges
246280,1788682191539681280,1.9076720006021621,1.8449605265685005,0.09117043735246029,15,0.03203881003502306,0.011998,raw_ranges
246281,1788682191561681664,1.8961904288250075,1.8377804184679916,0.09212771484130741,15,0.044539452593261815,0.011998,raw_ranges
246282,1788682191600681728,1.902211181554007,1.854239789197617,0.09244868005946708,15,0.04800758331208804,0.011998,raw_ranges
246283,1788682191628680960,1.921398448327643,1.847210460607558,0.09194003441807135,15,0.042380212529803965,0.011998,raw_ranges
246284,1788682191650681856,1.9123961920964163,1.8275115270747289,0.09235419814473676,15,0.047012999731316577,0.011999,raw_ranges
246285,1788682191672681216,1.9159324735021017,1.8245148569559788,0.09248757649748136,15,0.04841099558448855,0.011998,raw_ranges
246286,1788682191695681280,1.9048330241940927,1.8197596922907018,0.09249102230040171,15,0.04844632389977302,0.011999,raw_ranges
246287,1788682191717681664,1.919657624920777,1.8366388226045198,0.09191961335655828,15,0.04213859694577274,0.011998,raw_ranges
246288,1788682191739681536,1.9378678125460571,1.8410619838595002,0.09155031014003369,15,0.037501441786065896,0.011998,raw_ranges
246289,1788682191762682112,1.9208312235329563,1.8123011035368473,0.09205571317746757,15,0.04372369121503326,0.011998,raw_ranges
246290,1788682191784681472,1.9252203048535357,1.8493773955605728,0.09117458473658761,15,0.03210346916748435,0.011998,raw_ranges
246291,1788682191806681600,1.90620817742375,1.848709895277293,0.09175670531219327,15,0.040159099942519476,0.011998,raw_ranges
246292,1788682191828686336,1.9235715188697662,1.8260000523059647,0.09100933451598507,15,0.029417384519788172,0.011998,raw_ranges
246293,1788682191851681024,1.9238501273934956,1.832565548843609,0.09136529968864744,15,0.0349477851179076,0.011998,raw_ranges
246294,1788682191873681408,1.9006456696433225,1.8146231060485036,0.0907070722162933,15,0.02373015407226243,0.011998,raw_ranges
246295,1788682191895681792,1.8800020426572996,1.8198004016705231,0.09166023623927162,15,0.03893949454309368,0.011998,raw_ranges
246296,1788682191917681408,1.8835396458773153,1.8155103277116615,0.09154843765233177,15,0.037476467927644655,0.011998,raw_ranges
246297,1788682191940681472,1.878299760477951,1.8050175389745078,0.09219524945581233,15,0.04529125138271556,0.011998,raw_ranges
246298,1788682191968681984,1.9127226787974638,1.810866671062786,0.09083609537291795,15,0.02630861776904975,0.011998,raw_ranges
246299,1788682191990681344,1.8948735862906212,1.813583308173452,0.09250209855651118,15,0.04856050406978072,0.011999,raw_ranges
246300,1788682192012681216,1.9207338505539127,1.8203229588232923,0.09210239297642044,15,0.04425427631789318,0.011998,raw_ranges
246301,1788682192035681024,1.9132462930803285,1.8183488127065301,0.09116857208711754,15,0.0320093124905479,0.011999,raw_ranges
246302,1788682192057681408,1.9258518276577095,1.8152686522904087,0.09149392066555243,15,0.03674191967701792,0.011998,raw_ranges
246303,1788682192079681024,1.928896742142132,1.8219269094396835,0.09168014993948055,15,0.039194361016357426,0.011998,raw_ranges
246304,1788682192120681216,1.93324193032141,1.8240074223813605,0.09047649803052422,15,0.018235844551986895,0.011998,raw_ranges
246305,1788682192142680832,1.9066155316400242,1.8145816400919337,0.09124298611243965,15,0.03315168334247396,0.011998,raw_ranges
246306,1788682192165681664,1.9282231163177816,1.8181049026424392,0.09270915474862837,15,0.05064783060140263,0.011998,raw_ranges
246307,1788682192187682048,1.9028656762202845,1.8256349976604196,0.09150017704121097,15,0.036826960738173466,0.011998,raw_ranges
246308,1788682192209681664,1.8997653256726872,1.8132864747109163,0.09189724039641162,15,0.04187228668715888,0.011998,raw_ranges
246309,1788682192231682048,1.9056571834352771,1.8422863772818157,0.0918437081653086,15,0.04122809917166456,0.011998,raw_ranges
246310,1788682192254681856,1.8971649014182894,1.8103136654243532,0.09192919105158255,15,0.042252089268846243,0.011998,raw_ranges
246311,1788682192276681472,1.8821319843673148,1.828478855210183,0.09230973735197187,15,0.04653799896828262,0.011998,raw_ranges
246312,1788682192304681984,1.9287562589245144,1.8260519209297186,0.09146924400308745,15,0.03640456014138145,0.011998,raw_ranges
246313,1788682192326683904,1.9250985093946882,1.8147248744131816,0.09238771080711002,15,0.04736807792290103,0.011999,raw_ranges
246314,1788682192348682240,1.918788274104114,1.8237244534606272,0.09195630983416257,15,0.04257179618200975,0.011998,raw_ranges
246315,1788682192371681536,1.9095374125338618,1.8103257109542064,0.09188586077142037,15,0.04173589307083752,0.011999,raw_ranges
246316,1788682192393684224,1.910139893592243,1.8096380237769218,0.09236455712520313,15,0.047126350688368915,0.011986,raw_ranges
246317,1788682192416681984,1.9110403323065266,1.790598626746298,0.09129264853619176,15,0.033892425882367475,0.011998,raw_ranges
246318,1788682192438682112,1.9141669554775465,1.802860557015759,0.09213483266407818,15,0.04461928574146148,0.011998,raw_ranges
246319,1788682192460681984,1.9213227104702066,1.798908988652297,0.09173818501921299,15,0.03992784761558018,0.011998,raw_ranges
246320,1788682192482682112,1.9025481533089714,1.7960976743685626,0.09180659075474969,15,0.040775467511111274,0.011998,raw_ranges
246321,1788682192504682240,1.9098467932491572,1.7962011949164918,0.09136006752369781,15,0.034872847886254034,0.011998,raw_ranges
246322,1788682192527682048,1.9172697085998471,1.7966756558766503,0.09255518555323929,15,0.049104312939285626,0.011998,raw_ranges
246323,1788682192549680640,1.9094135026072052,1.7790676128352636,0.09094915312376428,15,0.02837606596701319,0.011998,raw_ranges
246324,1788682192571682048,1.9215545663274225,1.820536557848304,0.09056288436056577,15,0.020467837124761797,0.011998,raw_ranges
246325,1788682192593681920,1.8980126936157717,1.8095043523718346,0.0920523729683416,15,0.04368547772820617,0.011998,raw_ranges
246326,1788682192634681856,1.9150891421572278,1.827502791184289,0.09038221336245902,15,0.015435716972626386,0.011998,raw_ranges
246327,1788682192662681600,1.9407887926565044,1.8335098599025674,0.0911240772446753,15,0.03130695195440332,0.011998,raw_ranges
246328,1788682192684683008,1.9309931302710281,1.8242787101349731,0.09148839399026984,15,0.0366663059125111,0.011999,raw_ranges
246329,1788682192706689792,1.9347294474243228,1.8420411863275858,0.09101356381937124,15,0.029489181327586055,0.011998,raw_ranges
246330,1788682192729681408,1.947166310890423,1.810496906223809,0.09059143318425225,15,0.021153183761605774,0.011999,raw_ranges
246331,1788682192751683840,1.904702278583451,1.8242122748786225,0.09110752436143921,15,0.03104146190886014,0.011998,raw_ranges
246332,1788682192773681408,1.9340185585204868,1.847975067067101,0.09114594088442468,15,0.03165420794183108,0.011998,raw_ranges
246333,1788682192796680960,1.9110009003050172,1.8045288454261394,0.09137700595081578,15,0.035114867888343025,0.011998,raw_ranges
246334,1788682192818682112,1.9552489780784312,1.816522435209779,0.09043097015757282,15,0.016941610123386276,0.011998,raw_ranges
246335,1788682192840681984,1.9407634564891567,1.8070839186433656,0.09080386645297743,15,0.025688800068851776,0.011998,raw_ranges
246336,1788682192862681856,1.9324560824047645,1.8356818640472796,0.0923448770159273,15,0.04691401722222598,0.011998,raw_ranges
246337,1788682192885681920,1.9396515903273357,1.8168020850213507,0.09051107482170771,15,0.019160449308607667,0.011998,raw_ranges
246338,1788682192907684352,1.900616457654771,1.8054803666354469,0.09242811032819821,15,0.04779286896806064,0.011998,raw_ranges
246339,1788682192929681408,1.914808637899253,1.8159947353567347,0.09066844600784482,15,0.02290183407163785,0.011998,raw_ranges
246340,1788682192951681536,1.8963310924827663,1.7812638396453224,0.09123553509127012,15,0.03303911450493386,0.011998,raw_ranges
246341,1788682192974681600,1.9027954364256687,1.8024094342297843,0.09241157080903367,15,0.04761952126002192,0.011998,raw_ranges
246342,1788682193002682368,1.8977269373643415,1.8041336693887713,0.09348916536314328,15,0.05783781945356588,0.011998,raw_ranges
246343,1788682193024681472,1.9276453748011986,1.8118551709167825,0.09286727772169676,15,0.05218526344378041,0.011999,raw_ranges
246344,1788682193046682112,1.9115091603200784,1.7962643537197922,0.09138835058338077,15,0.03527603406536483,0.011998,raw_ranges
246345,1788682193069681664,1.9308761497669746,1.8184600165509064,0.09248882298809691,15,0.0484236201362198,0.011999,raw_ranges
246346,1788682193091681536,1.938552852850863,1.8239679965824256,0.0929647522709353,15,0.05311120660402381,0.011998,raw_ranges
246347,1788682193113682688,1.8938379478974368,1.8160872354920194,0.09337905895379793,15,0.056878000578412906,0.011998,raw_ranges
246348,1788682193154681344,1.925548146433018,1.8344286966960035,0.09188834627313468,15,0.04176594628563655,0.011998,raw_ranges
246349,1788682193177682176,1.9194456399767421,1.8079701261124643,0.09195426092047307,15,0.04254772516214078,0.011998,raw_ranges
246350,1788682193199681536,1.9314222638631922,1.8317309026284558,0.09069118952944184,15,0.02339310850318622,0.011998,raw_ranges
246351,1788682193221682432,1.9339194876294357,1.8269656494551736,0.09198427160892546,15,0.0428989464314156,0.011998,raw_ranges
246352,1788682193243681280,1.930304188620183,1.8302399660721318,0.09039881236916451,15,0.01596434668768263,0.011998,raw_ranges
246353,1788682193266681344,1.929467754744022,1.8353865184245797,0.0903905920045787,15,0.015704776361944943,0.011998,raw_ranges
246354,1788682193288681984,1.9244921583764887,1.8283470222945382,0.09051862289406223,15,0.01935641728373918,0.011998,raw_ranges
246355,1788682193310681088,1.9288576196533955,1.8224763266090391,0.0904440848053356,15,0.017324341295864774,0.011998,raw_ranges
246356,1788682193338681344,1.9565859018851515,1.8153254827985983,0.09110436611442063,15,0.030990548727324006,0.011998,raw_ranges
246357,1788682193360681984,1.9477721429541144,1.8315682695742064,0.09146207136484795,15,0.036305583094724724,0.011999,raw_ranges
246358,1788682193382682624,1.942234488812724,1.7917071914965907,0.09083081220174341,15,0.026208017814085452,0.011998,raw_ranges
246359,1788682193405682176,1.961976577855958,1.842386687632667,0.09117892330093078,15,0.03217059682273215,0.011999,raw_ranges
246360,1788682193427681792,1.926085501902665,1.834931101370936,0.09190877396801987,15,0.04200978414631375,0.011998,raw_ranges
246361,1788682193449681664,1.94461871801577,1.829509547769988,0.09063991807970294,15,0.02227029581534445,0.011998,raw_ranges
246362,1788682193471681792,1.9434975706512083,1.8293512886125824,0.09101611892641155,15,0.029532472338284713,0.011998,raw_ranges
246363,1788682193494681856,1.9407121397986917,1.8254364699876677,0.09140199698544693,15,0.035468929804082616,0.011998,raw_ranges
246364,1788682193516681984,1.9256172287543758,1.8457178584338043,0.0924006950080575,15,0.047505189232940816,0.011998,raw_ranges
246365,1788682193538681600,1.9335411379095764,1.8438556691093884,0.09193329346650378,15,0.04230060829945332,0.011998,raw_ranges
246366,1788682193561681408,1.9255602279342274,1.84882066772944,0.0913640581720017,15,0.034930018150606715,0.011998,raw_ranges
246367,1788682193583682560,1.9214531495283598,1.8428242396343835,0.09122502577714918,15,0.032879686329847946,0.011998,raw_ranges
246368,1788682193605681664,1.9324256954470962,1.8604546060612697,0.09187640570657166,15,0.041622754624984507,0.011998,raw_ranges
246369,1788682193627681024,1.9164583033527174,1.8646503508775163,0.09407887914728524,15,0.06272899762697673,0.011998,raw_ranges
246370,1788682193668680960,1.9037072943319762,1.8477922024146858,0.09191464366281327,15,0.0420795871987033,0.011998,raw_ranges
246371,1788682193696681984,1.9554432220504394,1.840036291752283,0.09226502196934633,15,0.04605507534839495,0.011998,raw_ranges
246372,1788682193726181120,1.9412521817652892,1.8330446087840984,0.09177615457192208,15,0.03594716360051352,0.021999,raw_ranges
246373,1788682193745682176,1.9419896463415498,1.84287178354129,0.09256314082197323,15,0.049186225571527895,0.011994,raw_ranges
246374,1788682193767681024,1.9367394738526509,1.8295700135393058,0.09249926303220035,15,0.04853129950042915,0.011999,raw_ranges
246375,1788682193789681152,1.9431139345587907,1.844871661634058,0.0937043383010082,15,0.0596689726491768,0.011998,raw_ranges
246376,1788682193812682496,1.9321354804874782,1.8168597654860852,0.0927585628741934,15,0.05113326578846109,0.011998,raw_ranges
246377,1788682193834681856,1.9313987390187273,1.829945560864033,0.09348780000480053,15,0.0578260149137093,0.011998,raw_ranges
246378,1788682193856681216,1.950368527742736,1.8362141632530424,0.09381228053995821,15,0.06056672796146599,0.011998,raw_ranges
246379,1788682193879681024,1.9408155845937547,1.8604416975585099,0.09565202593985772,15,0.07421639937276486,0.011998,raw_ranges
246380,1788682193901682432,1.9455103855315492,1.8434996653008937,0.09229583662626697,15,0.04638841043048347,0.011998,raw_ranges
246381,1788682193923682048,1.9197293600814238,1.8474888816999344,0.0953402243302011,15,0.07208517410814176,0.011998,raw_ranges
246382,1788682193945681664,1.9264906631226242,1.8579096757281686,0.09389223913455198,15,0.06122325645171108,0.011998,raw_ranges
246383,1788682193968682496,1.8881991056771923,1.8363730400925984,0.09440095828857122,15,0.06524573767359226,0.011998,raw_ranges
246384,1788682193990681344,1.9119367718328046,1.841186611899148,0.09236766427643081,15,0.0471562537997965,0.011998,raw_ranges
246385,1788682194012681472,1.8891887200334312,1.8305901706167562,0.09477392427699777,15,0.06804389960163781,0.011998,raw_ranges
246386,1788682194040681472,1.928571118777485,1.8315702365446858,0.09304072731704956,15,0.053821699276867585,0.011998,raw_ranges
246387,1788682194062683904,1.9022326678484023,1.837509678734202,0.09494477923265109,15,0.06928782888539006,0.011999,raw_ranges
246388,1788682194084680960,1.9389186643224707,1.8436237493224306,0.09176805181724507,15,0.040300121752236254,0.011998,raw_ranges
246389,1788682194107681024,1.925680978474689,1.8478118126428669,0.0937201193210729,15,0.05980086387396844,0.011999,raw_ranges
246390,1788682194129681408,1.9309031775060832,1.8444673050940041,0.09289766433323508,15,0.052475826141520486,0.011998,raw_ranges
246391,1788682194171681280,1.9319922995926944,1.8645310085217148,0.0933722724081607,15,0.0568183104655595,0.011998,raw_ranges
246392,1788682194193681408,1.9197880717576796,1.8359008581360072,0.09421711175939476,15,0.06382131113816733,0.011998,raw_ranges
246393,1788682194215681280,1.9301298866119205,1.8517661233703346,0.09194757127455012,15,0.042469038964287095,0.011998,raw_ranges
246394,1788682194237681664,1.89858909007043,1.813957422497503,0.09422193339664336,15,0.06385907447374548,0.011998,raw_ranges
246395,1788682194260681984,1.9301899330426517,1.855371407034385,0.09565072180324428,15,0.07420761281192305,0.011998,raw_ranges
246396,1788682194282681344,1.8930063898790872,1.8267085105922822,0.09253913769990293,15,0.048940634404377514,0.011998,raw_ranges
246397,1788682194304682496,1.8958933233356106,1.8297256036823955,0.09252568075064191,15,0.04880295838001951,0.011998,raw_ranges
246398,1788682194326681600,1.878821000184483,1.836211603836044,0.09718034699148533,15,0.0838832223241652,0.011998,raw_ranges
246399,1788682194348680960,1.902600419962557,1.837910297381037,0.09521396373072061,15,0.07120401482164201,0.011998,raw_ranges
246400,1788682194376683008,1.9017891264600826,1.8305231527658121,0.09588026652038516,15,0.07573846127553133,0.011998,raw_ranges
246401,1788682194398682368,1.9306881082295937,1.8447723759076422,0.09371727348816496,15,0.05977706489252351,0.011999,raw_ranges
246402,1788682194420681472,1.923847101524689,1.834574561697646,0.09335604853575229,15,0.056675360887711086,0.011998,raw_ranges
246403,1788682194443681792,1.9249208308490653,1.8394384723753907,0.09356884794355022,15,0.05852240547474302,0.011999,raw_ranges
246404,1788682194465681408,1.919603473659192,1.843189018777625,0.09657884899288664,15,0.08021780967395366,0.011998,raw_ranges
246405,1788682194487681280,1.9131474730376146,1.8571856778708897,0.09579256210970048,15,0.07515723588384883,0.011998,raw_ranges
246406,1788682194509681664,1.9293121825917277,1.8180940580286307,0.093437650076084,15,0.05739074901135208,0.011998,raw_ranges
246407,1788682194532681984,1.9340486387092883,1.857608296175992,0.09430272323387305,15,0.06448853564683463,0.011998,raw_ranges
246408,1788682194554681088,1.9093418409644685,1.8253913650685656,0.09325517367313083,15,0.05577832615927827,0.011998,raw_ranges
246409,1788682194576680960,1.9151677704125247,1.8730711848299062,0.09401213733605822,15,0.06219473717331892,0.011998,raw_ranges
246410,1788682194599682048,1.8999195056548457,1.8495117329173485,0.0973039742115232,15,0.08461691442922752,0.011998,raw_ranges
246411,1788682194621681664,1.9142776602424798,1.8817333369270486,0.09341244424115959,15,0.05717072884929487,0.011998,raw_ranges
246412,1788682194643682560,1.894499019281902,1.8331519120918105,0.09518633258801185,15,0.07100972175703726,0.011998,raw_ranges
246413,1788682194682681600,1.8997165254430384,1.8603218449931298,0.0945810717712165,15,0.0666117089348149,0.011998,raw_ranges
246414,1788682194710682368,1.8958485155344078,1.8460084206040992,0.09499987377351266,15,0.06968444424340815,0.011998,raw_ranges
246415,1788682194732683264,1.9163828586481162,1.8170576096942155,0.09574777594917382,15,0.07485853290155922,0.011999,raw_ranges
246416,1788682194755681536,1.9191256285707692,1.8638589356026447,0.09370295008046675,15,0.05965733883158679,0.011998,raw_ranges
246417,1788682194777681920,1.9148385848966423,1.8323414496222052,0.09436330654894248,15,0.06495637419024007,0.011999,raw_ranges
246418,1788682194799681792,1.9059722407337245,1.852800997370168,0.09627645014534114,15,0.07831026842848358,0.011998,raw_ranges
246419,1788682194821681920,1.904315692632317,1.8488313729514891,0.09964161454235587,15,0.09745595178518278,0.011998,raw_ranges
246420,1788682194844681728,1.8914959895550363,1.8544270847501958,0.09699985476022742,15,0.08280037896185874,0.011998,raw_ranges
246421,1788682194866681856,1.8890165042224485,1.8463618719245407,0.09754986517637239,15,0.08605761542346149,0.011998,raw_ranges
246422,1788682194888681984,1.9118940970085383,1.8566810146257786,0.0959729756929709,15,0.07634804312469909,0.011998,raw_ranges
246423,1788682194910681856,1.8903772012988644,1.8554677504383137,0.09940403698835079,15,0.09622933536271978,0.011998,raw_ranges
246424,1788682194933681664,1.9056006488354864,1.8539248209873578,0.09495754667079098,15,0.06938007398951794,0.011998,raw_ranges
246425,1788682194955682048,1.8870132127303145,1.8498418125906502,0.09976797683776242,15,0.09810211431851219,0.011998,raw_ranges
246426,1788682194987682048,1.891343179608888,1.8475794232989504,0.09683704461685748,15,0.08181132325575403,0.011998,raw_ranges
246427,1788682195004687616,1.8838279429493585,1.842510742388338,0.09667149730271146,15,0.08079381948337049,0.011994,raw_ranges
246428,1788682195026681344,1.8732619269842588,1.857870313283757,0.09861029639203991,15,0.09201274035719138,0.011998,raw_ranges
246429,1788682195054681344,1.9065943072662739,1.8519418061927653,0.09515416228110228,15,0.07078283886015231,0.011998,raw_ranges
246430,1788682195076681216,1.8927719285310682,1.8457315879453877,0.09786208372095499,15,0.0878527615954957,0.011999,raw_ranges
246431,1788682195098681344,1.928659461218331,1.85746957489662,0.09496514191101861,15,0.06943478888150098,0.011998,raw_ranges
246432,1788682195121683968,1.8906334131367082,1.843053880107625,0.09671918276104123,15,0.08108764862814337,0.011999,raw_ranges
246433,1788682195143682560,1.922385074731599,1.8422804676348807,0.09468537773191293,15,0.06739010111220292,0.011998,raw_ranges
246434,1788682195185685504,1.9060271698397517,1.8702969763776653,0.09642770871510725,15,0.07927015018976098,0.011998,raw_ranges
246435,1788682195207681280,1.8954439430828027,1.837134987646242,0.09662646760767718,15,0.08051407084278618,0.011998,raw_ranges
246436,1788682195229681408,1.918113728067137,1.8394960864191776,0.09449295145117553,15,0.06594694418375681,0.011998,raw_ranges
246437,1788682195251681280,1.8981579474641825,1.8409919452293175,0.09732642668502763,15,0.08474948189238467,0.011998,raw_ranges
246438,1788682195274681856,1.8940986237763253,1.8132481413846462,0.09598338713166286,15,0.07641619676261618,0.011998,raw_ranges
246439,1788682195296684544,1.883940911517149,1.8562049114886658,0.09631541191391221,15,0.07855863994438941,0.011998,raw_ranges
246440,1788682195318681856,1.8925954811729655,1.8467559638555715,0.09941281017479979,15,0.0962749093523323,0.011998,raw_ranges
246441,1788682195341683456,1.8823993311369782,1.835122990400341,0.09415707222254878,15,0.06334919272215543,0.011998,raw_ranges
246442,1788682195363685120,1.8935676812174114,1.8389593977159568,0.09490760661242718,15,0.06901923361228517,0.011998,raw_ranges
246443,1788682195391681536,1.8829054176132498,1.8241945249913118,0.09582459990541338,15,0.07537007298267251,0.011998,raw_ranges
246444,1788682195413681152,1.913627533568623,1.8427122502945505,0.0927743605815538,15,0.05128727503537123,0.011999,raw_ranges
246445,1788682195435681792,1.8912570258790722,1.850529911782748,0.09640817727080041,15,0.07914685885618213,0.011998,raw_ranges
246446,1788682195463681280,1.8919662482691946,1.8269020116113728,0.09413137524397304,15,0.06039386759409473,0.021999,raw_ranges
246447,1788682195485682432,1.8923558213465275,1.8441390427294762,0.09643728065017726,15,0.07933110748109634,0.011994,raw_ranges
246448,1788682195508681216,1.8864725528226876,1.8236594886845792,0.0941280757324901,15,0.0631199154664367,0.011998,raw_ranges
246449,1788682195530681344,1.8939625300540486,1.8444281973798928,0.09490307533886379,15,0.06898639963691247,0.011998,raw_ranges
246450,1788682195552681984,1.9007149309839888,1.8387640974012884,0.09344574917221109,15,0.05746126667774646,0.011998,raw_ranges
246451,1788682195574681600,1.8932948052167364,1.8667661747113187,0.09717100016384875,15,0.08382749047805713,0.011998,raw_ranges
246452,1788682195597681152,1.9034096354885213,1.852231996762976,0.092738674235907,15,0.05093841607183136,0.011998,raw_ranges
246453,1788682195619681792,1.880262074732704,1.8485108884623536,0.09913599677409582,15,0.09482639279280752,0.011998,raw_ranges
246454,1788682195641681920,1.879114435675038,1.843393833699968,0.09621272019385062,15,0.07790229900234408,0.011998,raw_ranges
246455,1788682195663681280,1.8825527193456677,1.8429280935813077,0.09865847330450325,15,0.09227416377569216,0.011998,raw_ranges
246456,1788682195702700800,1.8767022788328602,1.8148083556149832,0.09469138053920938,15,0.06743462415710036,0.011998,raw_ranges
246457,1788682195730698752,1.8924307393708073,1.8438672562686376,0.09888592467162047,15,0.09349851692738484,0.011998,raw_ranges
246458,1788682195752699904,1.9048382341856225,1.8189664195418993,0.09308138143742398,15,0.05419783608617585,0.011999,raw_ranges
246459,1788682195774712832,1.8779781365140986,1.8306318143367757,0.09292419047081057,15,0.05272796664779114,0.011998,raw_ranges
246460,1788682195797709056,1.9033620738040924,1.8306317261059084,0.0931756758490308,15,0.05506087402167537,0.011999,raw_ranges
246461,1788682195819709696,1.871902085723925,1.836522673975099,0.09421829757907182,15,0.06383060061656814,0.011998,raw_ranges
246462,1788682195841709056,1.8809413229196292,1.8400545868730156,0.0937643525883409,15,0.06016976470238942,0.011998,raw_ranges
246463,1788682195864709888,1.8852923193097033,1.8272375890229273,0.09418022858440231,15,0.06353169744625362,0.011998,raw_ranges
246464,1788682195886776832,1.8820958905755885,1.8273687190625911,0.09197104573663632,15,0.04274451698915701,0.011998,raw_ranges
246465,1788682195908779520,1.867119815269832,1.8420556898834057,0.09141704956191478,15,0.03568049268038182,0.011998,raw_ranges
246466,1788682195930777088,1.85654655747523,1.802804535754449,0.09169250601046527,15,0.03935167094883376,0.011998,raw_ranges
246467,1788682195953777152,1.824444969907038,1.7850612890486226,0.09015955953830158,15,0.003950637201970702,0.011998,raw_ranges
246468,1788682195975777280,1.8226410586639312,1.7842760591629245,0.09021539057499531,15,0.008452134108928856,0.011998,raw_ranges
246469,1788682195997777408,1.8084366761824366,1.788808624520217,0.09058589854801388,15,0.021022524682204415,0.011998,raw_ranges
246470,1788682196019776768,1.8087007182240638,1.774156419246867,0.09014617871299867,15,0.0014922161367162858,0.011998,raw_ranges
246471,1788682196042777344,1.784789186747823,1.7591677253308102,0.09030819223717038,15,0.012815624571997196,0.011998,raw_ranges
246472,1788682196070776832,1.7821219582132604,1.7262301771573227,0.09244875802478653,15,0.048008395315679166,0.011998,raw_ranges
246473,1788682196092780288,1.7980825241025549,1.7380542402874255,0.09244417561943694,15,0.04796039635404351,0.011999,raw_ranges
246474,1788682196114777344,1.807935771870139,1.7131930065573104,0.09231283161134242,15,0.04657123154204139,0.011998,raw_ranges
246500,1788682196734777088,1.8961266569135231,1.8468785110400416,0.09697088576236587,15,0.08262526101844325,0.011998,raw_ranges
246501,1788682196762777088,1.90644841489059,1.855420542220389,0.09437406523098651,15,0.06503932062211695,0.011998,raw_ranges
246502,1788682196784779008,1.8949386311487881,1.8555013739831936,0.09743868260845134,15,0.08540905459874466,0.011999,raw_ranges
246503,1788682196806777088,1.9446266263105125,1.8569773088007604,0.0962332031514071,15,0.07803365394114972,0.011998,raw_ranges
246504,1788682196829776896,1.905761873565263,1.8341543187173337,0.09474680706876118,15,0.06784416752942869,0.011999,raw_ranges
246553,1788682197974776576,1.906693631929052,1.8620973034838573,0.09495209776627989,15,0.06934079435858731,0.011998,raw_ranges
246554,1788682197996777216,1.8841191739114618,1.8148390917354065,0.09391083067572933,15,0.06137490262093569,0.011998,raw_ranges
246560,1788682198136777984,1.81935982386322,1.7318045065047891,0.09291885037351538,15,0.052677304121560686,0.011998,raw_ranges
246574,1788682198470780928,1.8703460746678258,1.8277961023680795,0.094150677823917,15,0.06329870314561756,0.011998,raw_ranges
246575,1788682198492779008,1.8976094872530023,1.8308050055712042,0.09511532041750254,15,0.07050776139193862,0.011999,raw_ranges
246576,1788682198514777600,1.9071592434455666,1.8361532177488142,0.0932376288943126,15,0.05562083144211887,0.011998,raw_ranges
246577,1788682198537777664,1.8980232322534871,1.8384515659637273,0.09329154894240546,15,0.056103234678630313,0.011999,raw_ranges
246578,1788682198559777024,1.8986213105813339,1.8272971121408392,0.09157201285323947,15,0.03778969236762165,0.011998,raw_ranges
246579,1788682198581777920,1.871218790059258,1.836739485351006,0.09296834376763878,15,0.05314500694927786,0.011998,raw_ranges
246580,1788682198603776768,1.883310063526857,1.8350379403026489,0.09182000222615139,15,0.04093959235448478,0.011998,raw_ranges
246581,1788682198626777088,1.863650279387336,1.8094905096611025,0.09334124147473181,15,0.056544579499115705,0.011998,raw_ranges
246582,1788682198648777728,1.899061883131778,1.817580646427227,0.0907459949412931,15,0.024536563273879743,0.011998,raw_ranges
246583,1788682198670777600,1.8768512482699604,1.8285469502524903,0.09294030069863862,15,0.05288051337344057,0.011998,raw_ranges
246584,1788682198696277248,1.8846964864587576,1.8199732532485315,0.09168598705707781,15,0.0346709540260693,0.021998,raw_ranges
246585,1788682198720778240,1.8772081777839735,1.8307505586695076,0.09153353648619013,15,0.037278418021559324,0.011994,raw_ranges
246586,1788682198750277120,1.8812761246726613,1.8122256470815512,0.09287921209963854,15,0.04894180315066603,0.021998,raw_ranges
246587,1788682198791777024,1.899706738011379,1.8382273304018644,0.09277841839961952,15,0.05132705325283663,0.011998,raw_ranges
246588,1788682198819776768,1.9176240752061173,1.8275384912219461,0.09518574771867687,15,0.07100560340337149,0.011998,raw_ranges
246589,1788682198841776640,1.9421641429584535,1.851044472461709,0.09328683264254008,15,0.05606118658697911,0.011999,raw_ranges
246590,1788682198864776960,1.9185453867534767,1.8407006373056292,0.09439358821393767,15,0.0651892338499056,0.011998,raw_ranges
246591,1788682198886777088,1.9322224046592076,1.855230456019786,0.09562509315542228,15,0.07403456729408424,0.011999,raw_ranges
246592,1788682198908777216,1.9073430917419911,1.8315463075022145,0.09547630536572511,15,0.0730229646188452,0.011998,raw_ranges
246593,1788682198930777088,1.9232872213000802,1.8290826872289503,0.09272306779617671,15,0.050784995738669896,0.011998,raw_ranges
246594,1788682198953777152,1.903992730317661,1.8421106525241169,0.09513461484510359,15,0.07064462358243259,0.011998,raw_ranges
246595,1788682198975777280,1.9238166486958657,1.8610744749650092,0.09358045897739711,15,0.05862172782678039,0.011998,raw_ranges
246596,1788682198997777152,1.8873776066067418,1.843913768187004,0.09584381981263768,15,0.07549746888894805,0.011998,raw_ranges
246597,1788682199019777280,1.9118113869906355,1.8327406919369504,0.09108598258732979,15,0.030692516731767053,0.011998,raw_ranges
246598,1788682199042777088,1.8918270538250728,1.834119478905962,0.09361345008783492,15,0.05890244548263618,0.011998,raw_ranges
246599,1788682199064777728,1.856379906845305,1.7918643896215802,0.09015551010507455,15,0.003399720734790706,0.011998,raw_ranges
246600,1788682199086777344,1.801975070970243,1.757088331099368,0.0903768717846526,15,0.015261709624174336,0.011998,raw_ranges
246601,1788682199108776960,1.8093414527099299,1.7706896386185889,0.09049413995168107,15,0.01871330937277178,0.011998,raw_ranges
246608,1788682199270777344,1.8848713202638743,1.8318317252376612,0.09189880621751007,15,0.041890980097272414,0.011998,raw_ranges
246609,1788682199309776896,1.8893236027062772,1.8181178043105248,0.09325961425326644,15,0.05581811757186412,0.011998,raw_ranges
246610,1788682199331777024,1.8973138437986328,1.8258381984719023,0.09094343942423648,15,0.028275208579893525,0.011998,raw_ranges
246611,1788682199354779392,1.8963708372580286,1.8011577356907225,0.09192417034649822,15,0.04219263374687835,0.011998,raw_ranges
246612,1788682199376776704,1.9149841544877544,1.8326620502690871,0.09204913061436681,15,0.043648351748569215,0.011998,raw_ranges
246613,1788682199398777088,1.9129038480007505,1.8197556115543536,0.0955213967241458,15,0.07333106245068183,0.011998,raw_ranges
246614,1788682199420776704,1.8972992322836888,1.83719811008152,0.09338804796633021,15,0.05695696588065601,0.011998,raw_ranges
246615,1788682199443776512,1.8971637652121365,1.84276945196967,0.09474569751064775,15,0.06783616665649499,0.011998,raw_ranges
246616,1788682199465780224,1.905772763861523,1.842454597700458,0.09336893522346265,15,0.056788935713417484,0.011998,raw_ranges
246617,1788682199493778432,1.9202232735189175,1.818601533626447,0.09266771133891827,15,0.050237031509816225,0.011998,raw_ranges
246618,1788682199515776512,1.898743725377628,1.8539180175460515,0.09413011764721764,15,0.06313589823719665,0.011999,raw_ranges
246619,1788682199537776640,1.9013904619598303,1.825090571959931,0.0926527441855739,15,0.050087844648915684,0.011998,raw_ranges
246620,1788682199560776448,1.891647483555785,1.8270978019126987,0.09370900208768784,15,0.05970783940729936,0.011999,raw_ranges
246621,1788682199582777600,1.9271965643416034,1.8343847393170927,0.09234059843237814,15,0.04686839477065697,0.011998,raw_ranges
246622,1788682199605007360,1.899666933621213,1.8284016786574981,0.09549926286877596,15,0.0731799895106303,0.011998,raw_ranges
246623,1788682199627006976,1.9084044281264696,1.828736059170031,0.09208812965011892,15,0.04409282987197492,0.011998,raw_ranges
246624,1788682199650006528,1.9058401513155325,1.8374566740564675,0.09392084244642046,15,0.06145641091391907,0.011998,raw_ranges
246625,1788682199672006656,1.9289921603050333,1.8397443855318154,0.09220388005297182,15,0.045386430229440035,0.011998,raw_ranges
246626,1788682199694006528,1.8835678307311674,1.8033095076162955,0.09187646051508916,15,0.041623413015863545,0.011998,raw_ranges
246627,1788682199717006848,1.9207129129802856,1.8401125943556382,0.09271191118646514,15,0.050675035100778656,0.011998,raw_ranges
246628,1788682199739008256,1.8858191889764981,1.843449296477805,0.09305291817634834,15,0.05393483264411178,0.011998,raw_ranges
246629,1788682199761007616,1.8800911670228018,1.8540129457446597,0.09239194662512883,15,0.04741302164098844,0.011998,raw_ranges
246630,1788682199783006208,1.8876179713185608,1.80152014190802,0.09267878787127358,15,0.05034715351709155,0.011998,raw_ranges
246631,1788682199824006400,1.894182814738997,1.8282311511931102,0.09118490105970434,15,0.03226374212183615,0.011998,raw_ranges
246632,1788682199852007424,1.8841527267770126,1.8330595075892342,0.09417885574033953,15,0.06352089212487126,0.011998,raw_ranges
246633,1788682199874006528,1.902726150261259,1.834511163046525,0.09108748815839393,15,0.03071664300332866,0.011999,raw_ranges
246634,1788682199896009728,1.8871562180213994,1.8351205801675867,0.09239543544565924,15,0.047449799174066526,0.011998,raw_ranges
246635,1788682199919007488,1.90249702816837,1.8144811647490053,0.09079919805398347,15,0.02559730558053875,0.011999,raw_ranges
246636,1788682199941007872,1.87478419540762,1.8249555305935492,0.09278906262146523,15,0.05143063889808523,0.011998,raw_ranges
246637,1788682199963006976,1.8916386195184238,1.827769570152772,0.09196012701941797,15,0.042616604925990675,0.011998,raw_ranges
246638,1788682199995007488,1.8859912967659056,1.8334660458987255,0.09152075207861421,15,0.03710525669786173,0.011998,raw_ranges
246639,1788682200012008192,1.8762975855886528,1.8086698748780865,0.09202394354264984,15,0.04335997586080774,0.011994,raw_ranges
246640,1788682200034014464,1.8880540372286527,1.837846254314279,0.09208784881689275,15,0.04408964518900959,0.011998,raw_ranges
246641,1788682200056014080,1.8944766321421498,1.8143781724484014,0.09212842247910383,15,0.04454739582853107,0.011998,raw_ranges
246642,1788682200079013632,1.890844445840418,1.8503502314912237,0.09280917936537812,15,0.05162584005493885,0.011998,raw_ranges
246643,1788682200101015552,1.877150084211267,1.8189994175308122,0.09183067662839026,15,0.04106975315716259,0.011998,raw_ranges
246644,1788682200123015680,1.8801018294047045,1.8502647837494746,0.09196673350201218,15,0.04269404522895646,0.011998,raw_ranges
246645,1788682200145015808,1.8880406629211828,1.8454540056126145,0.09417329223735177,15,0.06347708431671834,0.011998,raw_ranges
246646,1788682200168016384,1.8785759920239522,1.8515617810123333,0.09325213900564358,15,0.05575111659548702,0.011998,raw_ranges
246647,1788682200196016896,1.9224808162630718,1.8537589417929983,0.09337995844603589,15,0.05688590723576354,0.011998,raw_ranges
246648,1788682200218021632,1.9036941448585722,1.835567547810752,0.09456935619592027,15,0.06652353113688626,0.011999,raw_ranges
246649,1788682200240023808,1.9183465920926372,1.8290854877647844,0.09205401740735288,15,0.04370429502180403,0.011998,raw_ranges
246650,1788682200263022080,1.9123591515535898,1.8389911217606267,0.09342141216894413,15,0.057248896652635536,0.011999,raw_ranges
246651,1788682200285021696,1.9027649498669417,1.8403796834824677,0.09170948140629843,15,0.03956677144143106,0.011998,raw_ranges
246652,1788682200327021824,1.9049446789370856,1.8471038648063929,0.09352820927621583,15,0.05817436954721408,0.011998,raw_ranges
246653,1788682200349021696,1.9093887654788857,1.8213390883689524,0.09164741147415408,15,0.03877446930847773,0.011998,raw_ranges
246654,1788682200371021824,1.8953345688199166,1.8264460536372957,0.09249334772547436,15,0.04847056551634583,0.011998,raw_ranges
246655,1788682200393021184,1.884923766662007,1.8526976029876583,0.0955778428048716,15,0.07371492929435398,0.011998,raw_ranges
246656,1788682200416020992,1.8822196498827222,1.8397799424218968,0.09298810961403559,15,0.05333064419295521,0.011998,raw_ranges
246657,1788682200438021376,1.867590962472444,1.832812535341185,0.09385619421752468,15,0.060928172576605995,0.011998,raw_ranges
246658,1788682200465021184,1.8863781771569719,1.8242315388313044,0.09561769811141303,15,0.07165044387450113,0.021998,raw_ranges
246659,1788682200487022080,1.8905059320757223,1.8421335508061667,0.09542940210271336,15,0.07270176109774346,0.011994,raw_ranges
246660,1788682200509022976,1.8591600761667981,1.8379206683355749,0.09509881744451937,15,0.07039080508503494,0.011998,raw_ranges
246661,1788682200537021952,1.9080522986981872,1.826236291037764,0.0934597629036847,15,0.057583078240787955,0.011998,raw_ranges
246662,1788682200559021824,1.8866299789845193,1.83559375434415,0.09691873657964986,15,0.08230893377179577,0.011999,raw_ranges
246663,1788682200581022464,1.918957558873626,1.8391739525913686,0.09207125701307757,15,0.04390108209460874,0.011998,raw_ranges
246664,1788682200604021504,1.8937453470213987,1.8283814567512673,0.09553768107254829,15,0.07344184823074852,0.011999,raw_ranges
246665,1788682200626021632,1.911807208221224,1.8304681627729285,0.09196723316222705,15,0.042699896466233345,0.011998,raw_ranges
246666,1788682200648022016,1.8998457022596413,1.8355641742471682,0.09785122525997435,15,0.08779107731412318,0.011998,raw_ranges
246667,1788682200670022144,1.896958259747819,1.854476692677612,0.092723189158987,15,0.05078619059337895,0.011998,raw_ranges
246668,1788682200693020928,1.8932010179802803,1.8412562492539613,0.09732110234540728,15,0.0847180638435941,0.011998,raw_ranges
246669,1788682200715021824,1.9296046207170159,1.8388238567898842,0.09409587592754333,15,0.06286432950046736,0.011998,raw_ranges
246670,1788682200737025024,1.8753639772309563,1.8280358335210047,0.09331863821785905,15,0.05634435387737666,0.011998,raw_ranges
246671,1788682200760020736,1.9218808806369287,1.8429663558737308,0.09259133766816488,15,0.04947105885429259,0.011998,raw_ranges
246672,1788682200782021632,1.8751195890881798,1.8641742978688445,0.09427884520907003,15,0.06430313526625296,0.011998,raw_ranges
246673,1788682200804021248,1.8993839505390533,1.8258646463491486,0.091486050861638,15,0.03663466742906234,0.011998,raw_ranges
246674,1788682200843025920,1.9108460657986486,1.8047401719231442,0.09226055878658297,15,0.04600659499009873,0.011998,raw_ranges
246675,1788682200871025664,1.8890766335938898,1.8160834834648398,0.09372132097882523,15,0.05981111079745326,0.011998,raw_ranges
246676,1788682200893025280,1.8952413951755938,1.8362892300460283,0.09289752733897211,15,0.0524742921626592,0.011999,raw_ranges
246677,1788682200915024896,1.9147544829929297,1.8299391394646563,0.09275313010544509,15,0.051080114540250326,0.011998,raw_ranges
246678,1788682200938024448,1.899498585430959,1.8239819041307586,0.09122281892340091,15,0.03284574435754073,0.011999,raw_ranges
246679,1788682200960025600,1.9081004767901548,1.8221481440668417,0.0928935676477463,15,0.05243677758736043,0.011998,raw_ranges
246680,1788682200982025216,1.8631975478950231,1.7941304911183862,0.0904966353137714,15,0.018779864476917974,0.011998,raw_ranges
246681,1788682201005025024,1.8688293369290807,1.7856001745894514,0.09017458349215356,15,0.0055345720840520125,0.011998,raw_ranges
246682,1788682201027025408,1.8607068922809893,1.7761862497310434,0.0902959145944987,15,0.012327310756961802,0.011998,raw_ranges
246683,1788682201049025280,1.884126710775091,1.8006208483467159,0.09038339540796064,15,0.015473958897472006,0.011998,raw_ranges
246684,1788682201071024896,1.8845328517322883,1.820461692543191,0.09303386714231757,15,0.05375793093411966,0.011998,raw_ranges
246685,1788682201094025472,1.942075779570244,1.855024050251651,0.09492227972868751,15,0.06912544918253705,0.011998,raw_ranges
246686,1788682201116025088,1.8828581761254735,1.8411618782244916,0.09697900485451874,15,0.08267437844047419,0.011998,raw_ranges
246687,1788682201138024704,1.9199583280852448,1.8730286037884931,0.09540511254158753,15,0.07253385787056646,0.011998,raw_ranges
246688,1788682201160037376,1.886075626162858,1.8404784587634138,0.09514700962029896,15,0.07073229542648085,0.011998,raw_ranges
246689,1788682201183045632,1.9176462957896458,1.8419405337162502,0.09323484902719616,15,0.05559583638363725,0.011998,raw_ranges
246690,1788682201211045376,1.8945779941649101,1.8361862517661929,0.094324689360135,15,0.06465862166900097,0.011998,raw_ranges
246691,1788682201233045248,1.924639743963062,1.8418672170072525,0.09497898794189147,15,0.06953425012820288,0.011999,raw_ranges
246692,1788682201255048704,1.9042289625445141,1.8372696211751856,0.09517632086237895,15,0.0709391912723775,0.011998,raw_ranges
246693,1788682201278048000,1.889307239694654,1.828713527067401,0.09477063734196603,15,0.0680195658686972,0.011999,raw_ranges
246694,1788682201300048640,1.8885019349607246,1.8486831029609792,0.09665276753018014,15,0.08067723053117366,0.011998,raw_ranges
246695,1788682201322048256,1.9055523457282424,1.846237393952749,0.09566109452476357,15,0.07427746980588106,0.011998,raw_ranges
246696,1788682201361050624,1.881718946099424,1.852357400454212,0.09844596733016828,15,0.09111539565939598,0.011998,raw_ranges
246697,1788682201383048448,1.8967262829617142,1.8185066493365685,0.09355543046267041,15,0.05840786298667688,0.011998,raw_ranges
246698,1788682201406048512,1.8867547725964056,1.8281644766793959,0.09310762855141942,15,0.054439659692355084,0.011998,raw_ranges
246699,1788682201428048384,1.8858143149739681,1.8095137491405004,0.09272727083029182,15,0.050826359561666694,0.011998,raw_ranges
246700,1788682201450047744,1.8811446162480705,1.8490106284886392,0.09483765414330488,15,0.06851059873701941,0.011998,raw_ranges
246701,1788682201472048384,1.89050991001597,1.8533312307632834,0.0952648154578246,15,0.07156020859265717,0.011998,raw_ranges
246702,1788682201495051776,1.8862733809792105,1.8747253297256066,0.09629413608713903,15,0.07842310936923526,0.011998,raw_ranges
246703,1788682201517048576,1.904280511304467,1.8783278153762826,0.09595180685401193,15,0.07620928322725477,0.011998,raw_ranges
246704,1788682201545050880,1.8961069370197619,1.8672427287822881,0.09304192529011227,15,0.053832827216413845,0.011998,raw_ranges
246705,1788682201567048704,1.9021324114508376,1.8563081965103307,0.09449650350940203,15,0.06597368800061158,0.011999,raw_ranges
246706,1788682201589048832,1.9174384566981209,1.8457685663950036,0.09198124318643291,15,0.04286363473193705,0.011998,raw_ranges
246707,1788682201612047872,1.9014999537103752,1.8344350548343367,0.09226788370795372,15,0.04608587318206882,0.011999,raw_ranges
246708,1788682201634048256,1.8993413615921397,1.8393857122538253,0.09438914602542268,15,0.06515515345252973,0.011998,raw_ranges
246709,1788682201656049152,1.8823922899068013,1.819054766213827,0.09359762608030395,15,0.05876796811447501,0.011998,raw_ranges
246710,1788682201678048768,1.8980460923188005,1.7916137192994341,0.09142259195497356,15,0.03575807532535216,0.011998,raw_ranges
246711,1788682201701048320,1.9237483180103196,1.825530679330405,0.09250226243381009,15,0.048562438466474234,0.011998,raw_ranges
246712,1788682201723048704,1.896278084099978,1.787569618621037,0.0914872278095459,15,0.036650727217149674,0.011998,raw_ranges
246713,1788682201745048832,1.8933857109694718,1.8416869210340931,0.09261157918108445,15,0.04967521693042179,0.011998,raw_ranges
246714,1788682201768048128,1.8920708218762294,1.8325131516286535,0.09250690303129505,15,0.04861019468480921,0.011998,raw_ranges
246715,1788682201790048768,1.8901998052500641,1.8532927323692787,0.0931525186191936,15,0.054850402142496694,0.011998,raw_ranges
246716,1788682201812048384,1.8684885212988678,1.8401178181099278,0.09337582239987037,15,0.05684954173843774,0.011998,raw_ranges
246717,1788682201834048512,1.8819799439457077,1.8494664663958318,0.09151554088072125,15,0.037034968296479794,0.011998,raw_ranges
246718,1788682201875048960,1.8904316196885336,1.8347876172753628,0.09222549840675356,15,0.0456239674157517,0.011998,raw_ranges
246719,1788682201903048960,1.9129768853051876,1.8285933664743943,0.09323163934471353,15,0.055566962673098644,0.011998,raw_ranges
246720,1788682201925048320,1.9107087322506184,1.8382223357394687,0.09324803362882277,15,0.055714070285905117,0.011999,raw_ranges
246721,1788682201952065280,1.9272292036508667,1.8608578268852445,0.09341973193082825,15,0.05723421991980201,0.011999,raw_ranges
246722,1788682201970066176,1.9159727605569559,1.82557373597045,0.09268398774210788,15,0.05039852915619558,0.011999,raw_ranges
246723,1788682201992066816,1.9331018347313997,1.8410099029786364,0.0929813350522841,15,0.053267091607146266,0.011998,raw_ranges
246724,1788682202014066176,1.8970649584913302,1.8408851903037111,0.09601123647409579,15,0.07659820148081678,0.011998,raw_ranges
246725,1788682202037066240,1.8956983406110077,1.8442887105928247,0.09336546545156453,15,0.056758377774250565,0.011998,raw_ranges
246726,1788682202059066112,1.9052148316442918,1.815520807338367,0.09294317855110022,15,0.05290771727357202,0.011998,raw_ranges
246727,1788682202081066752,1.9245524758939607,1.8398555306021154,0.09451480120751737,15,0.06611239825870323,0.011998,raw_ranges
246728,1788682202103066112,1.917854723476836,1.839451162105694,0.09400190091500381,15,0.06211238935191448,0.011998,raw_ranges
246729,1788682202126065664,1.9382998346872706,1.8501965706773986,0.09298351080164662,15,0.05328751070979593,0.011998,raw_ranges
246730,1788682202148069120,1.9262041846452578,1.8433249375995846,0.09577225431205809,15,0.07502201215682028,0.011998,raw_ranges
246731,1788682202170066944,1.9255779874220478,1.848450583637597,0.09591681342503455,15,0.07597934864839631,0.011998,raw_ranges
246732,1788682202192066048,1.9342415704462346,1.8690147842429632,0.09448611763962514,15,0.06589511086283367,0.011998,raw_ranges
246733,1788682202215066112,1.9271478345407551,1.8397477617366778,0.09762821061426248,15,0.08651160968484224,0.011998,raw_ranges
246734,1788682202243066112,1.934806940672831,1.8367105537810255,0.09446652833848634,15,0.06574630281990268,0.011998,raw_ranges
246735,1788682202265066240,1.9366153514431892,1.8692172055769627,0.09441470725711547,15,0.0653508320996411,0.011999,raw_ranges
246736,1788682202287066368,1.9067945783030287,1.8615848179426502,0.0969834028421373,15,0.08270097241349283,0.011998,raw_ranges
246737,1788682202310065152,1.933512707271693,1.8524715144610875,0.0941114128189204,15,0.062987592571239,0.011999,raw_ranges
246738,1788682202332066304,1.929165012855467,1.8500432666646702,0.09433137807356948,15,0.06471032428886049,0.011998,raw_ranges
246739,1788682202354065920,1.9311657284895012,1.8521295485807256,0.09508084302226044,15,0.07026301315955961,0.011998,raw_ranges
246740,1788682202395067648,1.8819454381648126,1.8558654747237042,0.09440089748319985,15,0.06524527169994661,0.011998,raw_ranges
246741,1788682202418065920,1.9149355379179167,1.8491702086806516,0.09655433359090637,15,0.08006485862665583,0.011998,raw_ranges
246742,1788682202440066048,1.9265803071418819,1.8475722700465902,0.09475163798030739,15,0.06787993795155826,0.011998,raw_ranges
246743,1788682202462066176,1.9347810045990936,1.8540244947280666,0.09268760957031802,15,0.05043468614275324,0.011998,raw_ranges
246744,1788682202484066048,1.9160481279239356,1.8531121236861323,0.09691828341158687,15,0.08230632665589492,0.011998,raw_ranges
246745,1788682202507070464,1.9231378735117786,1.8573821485866386,0.09413901607502188,15,0.06320651921298855,0.011998,raw_ranges
246746,1788682202529070592,1.9059117928302856,1.8534575434182723,0.0943985976319138,15,0.06522764466017313,0.011998,raw_ranges
246747,1788682202551070720,1.922140539672392,1.8544085805720396,0.09627090888015845,15,0.07827488023726673,0.011998,raw_ranges
246748,1788682202579069696,1.9151079213938957,1.864288634069152,0.09786901925942323,15,0.08789236175813712,0.011998,raw_ranges
246749,1788682202601069824,1.927346203917746,1.8699336714694603,0.09604218736785836,15,0.07679981358609124,0.011999,raw_ranges
246750,1788682202623070976,1.9387104386927112,1.8579943577643463,0.09444889462122522,15,0.06561206152244585,0.011998,raw_ranges
246751,1788682202646069760,1.931971771684949,1.8730647437523695,0.09438999195824953,15,0.06516146067461602,0.011999,raw_ranges
246752,1788682202668070144,1.9145164470944327,1.8630489461284083,0.09701169138370881,15,0.08287182500529852,0.011998,raw_ranges
246753,1788682202690070272,1.92676003257257,1.8417793466382453,0.09638563709220417,15,0.07900433588230574,0.011998,raw_ranges
246754,1788682202712072192,1.9159845180680428,1.8670570507611077,0.09867324887628436,15,0.09235419249976888,0.011998,raw_ranges
246755,1788682202735070208,1.9130429322230564,1.8722276785693532,0.0966593459860285,15,0.08071799044840322,0.011998,raw_ranges
246756,1788682202757070336,1.9275677290154491,1.8559371867795031,0.09603904930026627,15,0.07677953696308848,0.011998,raw_ranges
246757,1788682202779069696,1.9399927650243691,1.8508563782197196,0.09636951601125779,15,0.07890224336010858,0.011998,raw_ranges
246758,1788682202802070016,1.9373963613550245,1.8546256277134137,0.09440979978223112,15,0.06531345786460183,0.011998,raw_ranges
246759,1788682202824069888,1.9247833283751226,1.864261637529332,0.09641142021778012,15,0.07916734310168637,0.011998,raw_ranges
246760,1788682202846070528,1.9027045601899288,1.854213405895718,0.09862829530894804,15,0.09211049508578296,0.011998,raw_ranges
246761,1788682202868069888,1.9217720572237533,1.8673807001451772,0.09623064550633934,15,0.07801726413005869,0.011998,raw_ranges
246762,1788682202909070080,1.8950096271480412,1.868992252026253,0.09631443932463646,15,0.07855244948845619,0.011998,raw_ranges
246763,1788682202937070080,1.9292814679203236,1.8677422530555687,0.09528866864787754,15,0.07172668013980252,0.011998,raw_ranges
246764,1788682202959069184,1.9047928875224,1.8553270817552983,0.09623151072380774,15,0.07802265518942396,0.011999,raw_ranges
246765,1788682202981070336,1.9401347913447695,1.8662800801875299,0.09611027887724378,15,0.0772420020017852,0.011998,raw_ranges
246766,1788682203004070144,1.9047426311872728,1.851573981451287,0.09733302691443366,15,0.08478827108411677,0.011999,raw_ranges
246767,1788682203026070272,1.9378856596998009,1.8517002591094136,0.09301286738741577,15,0.0535622570791763,0.011998,raw_ranges
246768,1788682203048083712,1.9175858019671268,1.8488204557480852,0.09606680557564548,15,0.07696007777832276,0.011998,raw_ranges
246769,1788682203071080704,1.9362720788082708,1.8626533562963803,0.09356221859368395,15,0.05846594384497663,0.011998,raw_ranges
246770,1788682203093081344,1.908593541704104,1.83956112574936,0.09553898110587664,15,0.0734508618184745,0.011998,raw_ranges
246771,1788682203115081216,1.936762851603775,1.8759608280738034,0.09557320664745421,15,0.07368347605436525,0.011998,raw_ranges
246772,1788682203137081344,1.9424838581307102,1.8460144565542405,0.09641402500453664,15,0.07918379253696205,0.011998,raw_ranges
246773,1788682203160081408,1.948535317428012,1.8596352891257681,0.09331983786352097,15,0.05635499853181586,0.011998,raw_ranges
246774,1788682203182080768,1.913796868134485,1.8562292030006387,0.09883404719344584,15,0.09322068005247465,0.011998,raw_ranges
246775,1788682203204080896,1.9279281934843022,1.8942147147158337,0.09711709539909233,15,0.08350534949985138,0.011998,raw_ranges
246776,1788682203226081280,1.922049610271276,1.8572538300545136,0.09772969953557681,15,0.08709619699835816,0.011998,raw_ranges
246777,1788682203249081344,1.9499928886738849,1.8866045292385447,0.10028286876017309,15,0.10069218815863072,0.011998,raw_ranges
246778,1788682203277081344,1.9852414626298547,1.910654661978365,0.10372086081146767,15,0.1165199931662703,0.011998,raw_ranges
246779,1788682203299086336,1.9725552497983474,1.9074252567368724,0.10804956984875913,15,0.13381178516019854,0.011999,raw_ranges
246780,1788682203321086720,1.951325020700878,1.90567828716141,0.10314743329290395,15,0.11403280794974731,0.011998,raw_ranges
246786,1788682203474087424,1.923495354381274,1.8509341716193355,0.09340078318407158,15,0.057068653217607825,0.011998,raw_ranges
246787,1788682203496086528,1.916032898712733,1.8311616432875724,0.09736733587800331,15,0.08499049284480775,0.011998,raw_ranges
246788,1788682203518087168,1.932812720695493,1.8568010544803049,0.09424000788859838,15,0.06400043659693565,0.011998,raw_ranges
246789,1788682203540086784,1.9127544221855373,1.816513794323856,0.09290611947789183,15,0.05255632667806833,0.011998,raw_ranges
246790,1788682203563086592,1.9213260787347677,1.8678239641871222,0.0954584105868872,15,0.07290033321520012,0.011998,raw_ranges
246791,1788682203585086720,1.9073537581824829,1.8455896949776216,0.09512668026496562,15,0.07058844282859365,0.011998,raw_ranges
246792,1788682203613094912,1.9347066398717636,1.871064629635762,0.09456444230509503,15,0.06648676786470396,0.011998,raw_ranges
246793,1788682203635094784,1.9319399409395288,1.8373543904601488,0.0951454044278877,15,0.07072077790075355,0.011999,raw_ranges
246794,1788682203657094656,1.9239592401943904,1.86661808060752,0.09584504579624654,15,0.07550558782134308,0.011998,raw_ranges
246795,1788682203680093952,1.9229754874068334,1.843096995952751,0.09505423282540426,15,0.0700732247324488,0.011999,raw_ranges
246796,1788682203704594944,1.9296291573561188,1.863779891037976,0.09482894731370412,15,0.06591688182631308,0.021998,raw_ranges
246797,1788682203729096448,1.89509025122048,1.8412529749778301,0.0959529666674193,15,0.07621752181368334,0.011994,raw_ranges
246798,1788682203759595008,1.9297228438286627,1.8452033852770489,0.09297349577132764,15,0.049895728948755276,0.021998,raw_ranges
246799,1788682203779096576,1.920317390632285,1.8240131008367526,0.09600462124736917,15,0.07655563474604048,0.011994,raw_ranges
246800,1788682203801094912,1.9102582559582737,1.8510737013287202,0.09394779875160277,15,0.061675333380556335,0.011998,raw_ranges
246801,1788682203823094528,1.9180996541029527,1.8466942953880827,0.0962850250410196,15,0.07836499880061001,0.011998,raw_ranges
246802,1788682203846094592,1.9113070265608507,1.8564596034011434,0.093847010113083,15,0.060852757612806674,0.011998,raw_ranges
246803,1788682203868094720,1.9077925399270226,1.8480275096300127,0.09458239945105033,15,0.06662167400366294,0.011998,raw_ranges
246804,1788682203890094848,1.9108972294569535,1.8389315246583866,0.09421009961718625,15,0.06376635173182055,0.011998,raw_ranges
246805,1788682203927096832,1.907760740467354,1.8466425702203941,0.09715950331143408,15,0.08375888793097772,0.011998,raw_ranges
246806,1788682203955095552,1.9262110075097993,1.8761711294045085,0.09663032173128767,15,0.08053800175872056,0.011998,raw_ranges
246807,1788682203977094656,1.9345841614703403,1.8516179697575703,0.09736198834063053,15,0.08495888617225714,0.011999,raw_ranges
246808,1788682204000095744,1.9462994352062184,1.872081779492206,0.09521705243675775,15,0.07122570064771395,0.011998,raw_ranges
246809,1788682204022094848,1.9225993661184504,1.8417753342796437,0.09741244776081813,15,0.08525533273536699,0.011999,raw_ranges
246810,1788682204044094976,1.9216795094987096,1.8651269201190677,0.09462711377110276,15,0.06695641692252331,0.011998,raw_ranges
246811,1788682204066101760,1.9150336183918781,1.8534303715789027,0.09866095487821366,15,0.09228760953786627,0.011998,raw_ranges
246812,1788682204089104384,1.9285197170395947,1.8878501794805347,0.0982975010631132,15,0.0902970047073169,0.011998,raw_ranges
246813,1788682204111104768,1.9239851544298152,1.8559857012891912,0.09838120967456285,15,0.09075933930215037,0.011998,raw_ranges
246814,1788682204133104128,1.9349942321647478,1.8784913656026927,0.09578103184125099,15,0.07508048905841648,0.011998,raw_ranges
246815,1788682204155105024,1.9295668471265544,1.854008403760049,0.09655487815133305,15,0.08006825930000643,0.011998,raw_ranges
246816,1788682204178104320,1.9227888309171524,1.8686535027937423,0.09889175408665857,15,0.09352968556912067,0.011998,raw_ranges
246817,1788682204200104448,1.9216542176076035,1.8748395624197103,0.09945516776961362,15,0.09649464112381387,0.011998,raw_ranges
246818,1788682204222104832,1.9289938418420138,1.8776209379735234,0.09719764610096007,15,0.08398627326510015,0.011998,raw_ranges
246819,1788682204244104448,1.8953305092861223,1.8663525064110502,0.10097615084588235,15,0.10407784990997053,0.011998,raw_ranges
246820,1788682204267105024,1.9134606614725842,1.8708459778848228,0.09882934906997475,15,0.0931954777120368,0.011998,raw_ranges
246821,1788682204295104256,1.929664861046381,1.884002907831492,0.09718050900113705,15,0.08388418800427799,0.011998,raw_ranges
246822,1788682204317106432,1.9181303715092275,1.8559824791249526,0.09976549416920148,15,0.09808933768866775,0.011999,raw_ranges
246823,1788682204339111936,1.9510528428408236,1.8641450894121596,0.09666131621013073,15,0.08073019389380118,0.011998,raw_ranges
246824,1788682204362111488,1.9275537198431827,1.8626679945597422,0.09750030473708386,15,0.08576904299386734,0.011999,raw_ranges
246825,1788682204384111104,1.945469489617932,1.8756443407914352,0.09720435553411287,15,0.08402620740050618,0.011998,raw_ranges
246826,1788682204406112000,1.928863489814043,1.8807705824077081,0.09922122072327376,15,0.09527470136019194,0.011998,raw_ranges
246827,1788682204447111424,1.9261649656025992,1.8843404250910447,0.10070060865997042,15,0.10274559190529987,0.011998,raw_ranges
246828,1788682204469111808,1.942476201899303,1.8593755129713623,0.09953438033740714,15,0.09690422247460194,0.011998,raw_ranges
246829,1788682204492114944,1.9200291900523876,1.872422491453211,0.10000835377291714,15,0.09931969476854605,0.011998,raw_ranges
246830,1788682204514111488,1.9280454790732928,1.8652024197526949,0.09833451270165522,15,0.09050171654535193,0.011998,raw_ranges
246831,1788682204536113408,1.949392208920207,1.875101889935884,0.09695276913295389,15,0.08251555689052764,0.011998,raw_ranges
246832,1788682204558113792,1.8963959097866046,1.8763474666534419,0.10066583406577326,15,0.102576225616725,0.011998,raw_ranges
246833,1788682204581113088,1.9123391407005386,1.8775592086287727,0.09854009408058324,15,0.09163046478428037,0.011998,raw_ranges
246834,1788682204603113728,1.9348499904831518,1.8701537424453987,0.09875327019018967,15,0.09278641164626253,0.011998,raw_ranges
246835,1788682204631112960,1.9347067584733044,1.8535655757261997,0.10031078773575919,15,0.10083072811280894,0.011998,raw_ranges
246836,1788682204653113856,1.952537977712291,1.8732072163477083,0.09802436687395218,15,0.08877156567816176,0.011999,raw_ranges
246837,1788682204675113472,1.954595275362016,1.8705644778089796,0.09749447628252132,15,0.08573519859731667,0.011998,raw_ranges
246838,1788682204698113536,1.9441110010352807,1.8729620525913333,0.10002278213729833,15,0.09939218347686267,0.011999,raw_ranges
246839,1788682204720113920,1.9508279013351357,1.8652732494120103,0.0973550641592973,15,0.0849182675005638,0.011998,raw_ranges
246840,1788682204742113792,1.9356627492271625,1.880009700218254,0.09860371472476341,15,0.09197696842559779,0.011998,raw_ranges
246841,1788682204764113664,1.928079841468377,1.8692849969404017,0.09855077248548373,15,0.09168871512614701,0.011998,raw_ranges
246842,1788682204787113728,1.9268118264987304,1.8937107590542972,0.1016683972777466,15,0.10735196911909253,0.011998,raw_ranges
246843,1788682204809113600,1.9405261170284744,1.8557636539901639,0.09771984129609529,15,0.08703958462731369,0.011998,raw_ranges
246844,1788682204831113984,1.9380964375593766,1.888139199687276,0.09797050205690679,15,0.08846779104796725,0.011998,raw_ranges
246845,1788682204854114048,1.9392727591755885,1.8684804423479642,0.10038507117501924,15,0.10119841486416296,0.011998,raw_ranges
246846,1788682204876113920,1.9262545680394103,1.9044046268304846,0.1000323454751057,15,0.09944040160370285,0.011998,raw_ranges
246847,1788682204898114048,1.923575696410488,1.8723336304776868,0.09992665343703509,15,0.0989075398189395,0.011998,raw_ranges
246848,1788682204920124672,1.9448386339627028,1.8938250459600752,0.09942537181574136,15,0.09634012565769971,0.011998,raw_ranges
246849,1788682204961138944,1.918760509005869,1.8950529184719005,0.09947647964290456,15,0.09660500835311053,0.011998,raw_ranges
246850,1788682204989124096,1.9489514024746755,1.91171485173955,0.1002624129825507,15,0.10059056108080276,0.011998,raw_ranges
246851,1788682205021124352,1.933947593033079,1.8978962240444233,0.10697173797573692,15,0.12972186390403478,0.011999,raw_ranges
246852,1788682205038126080,1.983711907113557,1.9113498586097162,0.09943271143642024,15,0.0963787082317471,0.011994,raw_ranges
246853,1788682205060125440,1.953218497082946,1.907353738892254,0.10795660986741604,15,0.1334639796589928,0.011999,raw_ranges
246854,1788682205082124544,1.9659819617308862,1.9272087786965348,0.1061963237676902,15,0.12669795485204252,0.011998,raw_ranges
246855,1788682205105123840,1.96101730388928,1.9270719394941291,0.10980989907896263,15,0.14023532748549003,0.011998,raw_ranges
246856,1788682205127124224,1.9753678691253127,1.9054686735302138,0.10708597790289635,15,0.1301615377094799,0.011998,raw_ranges
246857,1788682205149124608,1.9722394808557948,1.89722566880853,0.10618082317450303,15,0.1266367686357443,0.011998,raw_ranges
246858,1788682205172125696,1.9663344800780158,1.892724965074406,0.10095657486404058,15,0.10398376248261351,0.011998,raw_ranges
246859,1788682205194124032,1.949790649986408,1.8935389661894317,0.10435835912244001,15,0.11922418847884862,0.011998,raw_ranges
246860,1788682205216126208,1.9509016118620082,1.8812493963522852,0.1017954457279894,15,0.10794208504559012,0.011998,raw_ranges
246861,1788682205238125568,1.9568138248231532,1.8874655742223736,0.10230207300992379,15,0.11026386990271927,0.011998,raw_ranges
246862,1788682205261124096,1.9416472962697093,1.8619625505717,0.10297914889273725,15,0.11329252794750969,0.011998,raw_ranges
246863,1788682205283124992,1.9609503481782835,1.9088571097735025,0.10180124978733938,15,0.10796896676054368,0.011998,raw_ranges
246864,1788682205305124608,1.9294049249351015,1.9076299387074085,0.10401138764266593,15,0.11776007659077814,0.011998,raw_ranges
246865,1788682205333124352,1.946316765125312,1.8748152791329773,0.09781007566096749,15,0.08755640271829064,0.011998,raw_ranges
246866,1788682205355127808,1.9363720084026776,1.8701876640015689,0.09869219968041625,15,0.09245660430394496,0.011999,raw_ranges
246867,1788682205377127936,1.947560810469361,1.8718784127351789,0.09697962195623878,15,0.08267811047815975,0.011998,raw_ranges
246868,1788682205400128256,1.933357169257214,1.9003264053497535,0.10113763892206501,15,0.10485066962621184,0.011999,raw_ranges
246869,1788682205422128640,1.9549465657498495,1.8728784677926218,0.1008058245717646,15,0.10325634395892876,0.011998,raw_ranges
246870,1788682205464128256,1.936162339353233,1.8885060278248276,0.10332533793996618,15,0.11481021703649107,0.011998,raw_ranges
246871,1788682205491128576,1.9437613494428003,1.8788096930321871,0.09858406618810847,15,0.09000085657430418,0.021998,raw_ranges
246872,1788682205513129472,1.952635697060385,1.8736678002859146,0.09708257384261104,15,0.08329896641982441,0.011994,raw_ranges
246873,1788682205535128832,1.9603212154306673,1.8651331411404373,0.09721255593951841,15,0.08407498995253239,0.011998,raw_ranges
246874,1788682205558128640,1.9498291512766868,1.866110451225149,0.09908750575323472,15,0.09457036401132607,0.011998,raw_ranges
246875,1788682205580128768,1.9391539455382962,1.8814774985945244,0.09624369992778224,15,0.07810088298977319,0.011998,raw_ranges
246876,1788682205602128384,1.92107667937547,1.8750287702885713,0.09735555560448435,15,0.08492116108770745,0.011998,raw_ranges
246877,1788682205624133888,1.9479379755762594,1.8806311779054607,0.09550398525685821,15,0.07321224797025581,0.011998,raw_ranges
246878,1788682205647134720,1.9201463496129445,1.8814855490480165,0.09977493799815056,15,0.09813758706097558,0.011998,raw_ranges
246879,1788682205675134976,1.9261262817676137,1.8634225177812898,0.10061405473714019,15,0.10232351994111714,0.011998,raw_ranges
246880,1788682205697133824,1.9444122414840408,1.8868808409999438,0.09888571555013854,15,0.09349727027640196,0.011999,raw_ranges
246881,1788682205719137536,1.936834337999776,1.8686405073291874,0.09805133148698619,15,0.0889234473183884,0.011998,raw_ranges
246882,1788682205742137344,1.974850678468987,1.8802011820333486,0.09713526757604962,15,0.08361394366401832,0.011999,raw_ranges
246883,1788682205764138240,1.9496670635745466,1.8681483202668092,0.10024714211796318,15,0.10051462636832105,0.011998,raw_ranges
246884,1788682205786137600,1.9548967223075702,1.880883255743363,0.09981790961940218,15,0.098356278983104,0.011998,raw_ranges
246885,1788682205808142336,1.949432516518251,1.8647345521824563,0.09930472801884108,15,0.09571194290599833,0.011998,raw_ranges
246886,1788682205831142656,1.9507048834137304,1.868152683223551,0.0989166637055016,15,0.09366275514579749,0.011998,raw_ranges
246887,1788682205853142016,1.9479177589489594,1.8509144129272599,0.09699785903757373,15,0.0827883266745604,0.011998,raw_ranges
246888,1788682205875142400,1.929858775062445,1.8742988014663966,0.09755693234897687,15,0.08609866633680732,0.011998,raw_ranges
246889,1788682205898142464,1.938557108642943,1.8853152902824446,0.09738876070817054,15,0.0851164420319044,0.011998,raw_ranges
246890,1788682205920144640,1.933359059699103,1.8757751677416556,0.10122750523870727,15,0.10527845570061935,0.011998,raw_ranges
246891,1788682205942144256,1.9547379304611652,1.8920570397812064,0.09783420905720583,15,0.08769411070993217,0.011998,raw_ranges
246892,1788682205983144448,1.9261664747092857,1.892792916848396,0.09866858670333191,15,0.09232894832787773,0.011998,raw_ranges
246893,1788682206011144448,1.9325734803859154,1.8726814098081517,0.09842610662440368,15,0.09100634384702912,0.011998,raw_ranges
246894,1788682206033143808,1.9486296634413998,1.8887910849686966,0.09796936653262724,15,0.08846123745249802,0.011999,raw_ranges
246895,1788682206055143936,1.9441412996234089,1.8573297550371888,0.09816098506592241,15,0.08953788618189744,0.011998,raw_ranges
246896,1788682206078144000,1.9504686160737814,1.8662273942436267,0.0964589137806434,15,0.07946658278574344,0.011999,raw_ranges
246897,1788682206100143616,1.939449375975382,1.8678069210574242,0.09718989388755336,15,0.08394010890839593,0.011998,raw_ranges
246898,1788682206122144000,1.9276580829530872,1.879860050728548,0.1000708754101255,15,0.09963394705684162,0.011998,raw_ranges
246899,1788682206145145088,1.9540020254281782,1.8710763097046028,0.09627501311292604,15,0.07830109264196795,0.011998,raw_ranges
246900,1788682206167144448,1.9242996662522733,1.8804289250831852,0.10068319559390805,15,0.10266081818253765,0.011998,raw_ranges
246901,1788682206189144320,1.9499447064279534,1.8759235804543937,0.09727904703143032,15,0.08446949169629427,0.011998,raw_ranges
246902,1788682206211144448,1.9279379145663829,1.8597431386657404,0.10077459544617237,15,0.10310501172189632,0.011998,raw_ranges
246903,1788682206234143744,1.9650293603084097,1.8615269293388748,0.0956343686773289,15,0.0740973459263482,0.011998,raw_ranges
246904,1788682206256143872,1.9226846498014598,1.8826485692282513,0.0985643754991486,15,0.09176286555654528,0.011998,raw_ranges
246905,1788682206278150400,1.9470696668158527,1.8799527592987462,0.09638944376409193,15,0.07902842374799045,0.011998,raw_ranges
246906,1788682206300150784,1.9396847473941987,1.8706750214093308,0.09793034066966926,15,0.08824051600976313,0.011998,raw_ranges
246907,1788682206323151360,1.9330571954032971,1.8696630084802066,0.09940646529980866,15,0.09624195184953738,0.011998,raw_ranges
246908,1788682206351151360,1.9372684113238643,1.8838539902025313,0.09695623649960357,15,0.08253656459778042,0.011998,raw_ranges
246909,1788682206373150976,1.9452419918601,1.884539252546709,0.09671974185012432,15,0.0810910959916335,0.011999,raw_ranges
246910,1788682206395151104,1.9559651829611797,1.8757370562970768,0.09721144453818027,15,0.08406838010917234,0.011998,raw_ranges
246911,1788682206418150912,1.9584121807264558,1.8736214710564218,0.09657048438132802,15,0.08016550617521245,0.011999,raw_ranges
246912,1788682206440151296,1.9501497666636889,1.8643896795756754,0.09836149507815913,15,0.09065066505083748,0.011998,raw_ranges
246913,1788682206462151168,1.9354328547121076,1.895773253508233,0.09778986471703965,15,0.08744090983652708,0.011998,raw_ranges
246914,1788682206503151616,1.938523074473198,1.8859549206020527,0.10198088278494102,15,0.1087976598137158,0.011998,raw_ranges
246915,1788682206526151680,1.955837702720232,1.8676196456274998,0.09730977614630112,15,0.08465119102706786,0.011998,raw_ranges
246916,1788682206548151040,1.9348463267310507,1.8878031407731461,0.09987391104697144,15,0.0986405547580276,0.011998,raw_ranges
246917,1788682206570151936,1.9554959759583117,1.867981933402071,0.09893579865202676,15,0.09376484761373403,0.011998,raw_ranges
246918,1788682206592153856,1.9581032709825514,1.8861195872784504,0.09830181616535572,15,0.090320895485794,0.011998,raw_ranges
246919,1788682206615159296,1.9408874094118622,1.8549258944579803,0.09940569549772024,15,0.09623795246014043,0.011998,raw_ranges
246920,1788682206637160192,1.9440393550372785,1.8937874250397202,0.09720449502627548,15,0.08402703744792799,0.011998,raw_ranges
246921,1788682206659158784,1.926109117973254,1.8602728459161324,0.09870907500089969,15,0.09254794971742862,0.011998,raw_ranges
246922,1788682206687159296,1.9560014466936442,1.8661683592778964,0.0987341956837892,15,0.09268356747444076,0.011998,raw_ranges
246923,1788682206709158912,1.9315055755250143,1.8921164758006377,0.10110776655807788,15,0.10470812077903933,0.011999,raw_ranges
246924,1788682206731158784,1.9483469690451833,1.8911124158590833,0.09856606678163528,15,0.09177208059990405,0.011998,raw_ranges
246925,1788682206754158592,1.9232540580971795,1.8678052657408024,0.10248679112307986,15,0.11109822285743311,0.011999,raw_ranges
246926,1788682206776158976,1.950211527034182,1.8846758977726057,0.09923297657869476,15,0.09533637592595375,0.011998,raw_ranges
246927,1788682206798159104,1.9458553285637992,1.8854033055040291,0.09949420704597352,15,0.09669671681072486,0.011998,raw_ranges
246928,1788682206820171008,1.9328506620083743,1.891599291905188,0.09995570916670286,15,0.09905431420540384,0.011998,raw_ranges
246929,1788682206843171328,1.938588252948399,1.8908336135215764,0.1006693925674611,15,0.10259356979587515,0.011998,raw_ranges
246930,1788682206865171456,1.9264414614776417,1.9001888331265404,0.10500337113374479,15,0.1218992171006229,0.011998,raw_ranges
246931,1788682206887170560,1.9554399218408092,1.8764920361366493,0.10000660151386509,15,0.0993108730696951,0.011998,raw_ranges
246932,1788682206910170880,1.9295844418968024,1.8795245472490665,0.10255955889932165,15,0.11142534224906675,0.011998,raw_ranges
246933,1788682206932170752,1.9523427014619168,1.8989607418014005,0.09853718583463804,15,0.09161459398282595,0.011998,raw_ranges
246934,1788682206954175488,1.9201948315886748,1.8789889363637045,0.10156957211660696,15,0.10689069235722519,0.011998,raw_ranges
246935,1788682206976171776,1.9464912724289811,1.874276919654287,0.09584370091676253,15,0.07549668146854224,0.011998,raw_ranges
246936,1788682207015171328,1.9374224494849406,1.8869886163066685,0.09631002835378255,15,0.0785243678725436,0.011998,raw_ranges
246937,1788682207043171328,1.9137601709514058,1.8581927724324774,0.10128930097489812,15,0.10557153485148411,0.011998,raw_ranges
246938,1788682207065170944,1.9434894928861515,1.8767478596381233,0.09583206930489989,15,0.07541944910896588,0.011999,raw_ranges
246939,1788682207087170816,1.9295927093431025,1.8817707590702704,0.09742064485518145,15,0.0853035336383052,0.011998,raw_ranges
246940,1788682207110179328,1.951792161123404,1.8589828633297723,0.09492247228881151,15,0.06912666842696467,0.011999,raw_ranges
246941,1788682207132178688,1.9226578302410218,1.874225636899352,0.1005167745389189,15,0.10184705462073465,0.011998,raw_ranges
246942,1788682207154179328,1.9385686256330752,1.8671830493219106,0.09740265590071569,15,0.08519802754005336,0.011998,raw_ranges
246943,1788682207177178624,1.9331236201966786,1.8616011169967628,0.09686957517399421,15,0.08200989678078013,0.011998,raw_ranges
246944,1788682207199178752,1.9444317226086143,1.8707788354478863,0.09500738583844091,15,0.06973832400080258,0.011998,raw_ranges
246945,1788682207221179392,1.9345703609930514,1.854171219864955,0.09815363455601075,15,0.08949682984335679,0.011998,raw_ranges
246946,1788682207243178496,1.9278503193772045,1.8683792409602653,0.09734967388475407,15,0.08488652355205786,0.011998,raw_ranges
246947,1788682207266178304,1.9368365712443962,1.863408284281564,0.09728774215220722,15,0.08452094502670462,0.011998,raw_ranges
246948,1788682207288178944,1.9104366030022892,1.865002478948541,0.09628606854441255,15,0.07837165648633791,0.011998,raw_ranges
246949,1788682207310184704,1.921992430847827,1.855841939326789,0.09571527861288019,15,0.07464131971555836,0.011998,raw_ranges
246950,1788682207332183808,1.92790805498122,1.886649224550845,0.09702145733824646,15,0.08293072611672024,0.011998,raw_ranges
246951,1788682207355184384,1.938037324342397,1.8797187505205122,0.09798409083076329,15,0.0885445584254803,0.011998,raw_ranges
246952,1788682207383183616,1.9254300155089341,1.8879343376477056,0.09792528978367386,15,0.08821189137340762,0.011998,raw_ranges
246953,1788682207405183232,1.9407001603155094,1.8635330478973144,0.0961322414569458,15,0.07738388369645063,0.011999,raw_ranges
246954,1788682207428183808,1.9268275449102918,1.8953351426975868,0.0976219539864268,15,0.0864754414988834,0.011998,raw_ranges
246955,1788682207450183168,1.934930796347904,1.8747283739321157,0.09717860848590551,15,0.08387257290619801,0.012,raw_ranges
246956,1788682207472183552,1.928126524699819,1.875045279740466,0.09788138365753819,15,0.08796267193269085,0.011998,raw_ranges
246957,1788682207495183616,1.9324186346037542,1.853455858394233,0.09729927785886815,15,0.08458915920416842,0.011998,raw_ranges
246958,1788682207536183552,1.9294268873843952,1.8677222253642851,0.09890239842538323,15,0.09358657180056999,0.011998,raw_ranges
246959,1788682207559184384,1.9453812083875603,1.8763969104930962,0.09543392982148445,15,0.07273223368964035,0.011998,raw_ranges
246960,1788682207581184000,1.9287881606571702,1.8637222470884702,0.09655551064256165,15,0.08007220890272512,0.011998,raw_ranges
246961,1788682207603217152,1.9302100378802975,1.865909807015278,0.09594921459037761,15,0.07619227379713522,0.011998,raw_ranges
246962,1788682207625184000,1.9178016005796428,1.869831019131973,0.09957901510319807,15,0.09713425296566643,0.011998,raw_ranges
246963,1788682207648183552,1.9266142568030413,1.875115000485648,0.09690767963276258,15,0.08224188488089622,0.011998,raw_ranges
246964,1788682207670183936,1.8994149657418207,1.855516407627526,0.09814549753030716,15,0.08945135843746126,0.011998,raw_ranges
246965,1788682207692183808,1.924412687929634,1.8877854912460403,0.09476545052015893,15,0.06798160424820035,0.011998,raw_ranges
246966,1788682207720184064,1.921924082814362,1.8370377547554473,0.09658225319302159,15,0.08023902534939961,0.011998,raw_ranges
246967,1788682207742184448,1.928334642507286,1.8646855708201733,0.09531336976587171,15,0.07189849626293808,0.011999,raw_ranges
246968,1788682207764183296,1.9102053213461605,1.8622614698417457,0.09817716716909998,15,0.08962820518731807,0.011998,raw_ranges
246969,1788682207787184384,1.9282474385395867,1.8732403583973243,0.09470418417912364,15,0.06752931347291821,0.011999,raw_ranges
246970,1788682207809187584,1.9288915490166714,1.842541155861051,0.09526152611621524,15,0.07153722186537058,0.011998,raw_ranges
246971,1788682207831191040,1.9410554540502012,1.8809452780886973,0.09577560142854852,15,0.07504431640403239,0.011998,raw_ranges
246972,1788682207853191424,1.9033699092411371,1.865837850747723,0.10001473020646723,15,0.09935179013217246,0.011998,raw_ranges
246973,1788682207876191488,1.9374984474041346,1.8601077035542561,0.0969240905843696,15,0.08234159690198875,0.011998,raw_ranges
246974,1788682207898191360,1.9049116249125788,1.8649165729020107,0.0993380278159865,15,0.09588574352836034,0.011998,raw_ranges
246975,1788682207920191232,1.943345748100834,1.8851792639343121,0.09641420332222336,15,0.0791849185023472,0.011998,raw_ranges
246976,1788682207943193344,1.9172262226258234,1.8500931315390545,0.09667191485389051,15,0.08079580960600938,0.011998,raw_ranges
246977,1788682207965191680,1.9296746560784983,1.8769792783535706,0.09636117318052907,15,0.07884935748964016,0.011998,raw_ranges
246978,1788682207987191296,1.908688996247347,1.853437915612909,0.09902135299817812,15,0.0942199606993026,0.011998,raw_ranges
246979,1788682208009191168,1.9266275483782838,1.8920928263787704,0.09543855607947305,15,0.07276403009367371,0.011998,raw_ranges
246980,1788682208050195456,1.9134238411931455,1.864028533577475,0.09942015511186658,15,0.09631304744356599,0.011998,raw_ranges
246981,1788682208078195456,1.920023397744814,1.8590115134517726,0.09802757874825824,15,0.0887897896396778,0.011998,raw_ranges
246982,1788682208100194560,1.9258883785135075,1.8589959647788024,0.09492303916547513,15,0.0691307685800986,0.011999,raw_ranges
246983,1788682208122197760,1.9230071425090975,1.8800704493320435,0.0964534223660061,15,0.07943217460202194,0.011998,raw_ranges
246984,1788682208145198336,1.9265246567139882,1.8490710956998286,0.09547481476124442,15,0.07301259316203215,0.011999,raw_ranges
246985,1788682208167197696,1.9214601078063636,1.8510365625911704,0.09605299204415763,15,0.07687028060412965,0.011998,raw_ranges
246986,1788682208189198080,1.911707994509876,1.8759249896814585,0.09778889196812472,15,0.08743534733804587,0.011998,raw_ranges
246987,1788682208212198400,1.91676976112406,1.8654438947184746,0.0982298064354246,15,0.08992137916771857,0.011998,raw_ranges
246988,1788682208234205440,1.9220845299343214,1.863732552083392,0.09769463428194242,15,0.08689466196460185,0.011998,raw_ranges
246989,1788682208256205568,1.942064832579199,1.858760340914882,0.09808667611572679,15,0.08912196200559541,0.011998,raw_ranges
246990,1788682208278204928,1.9300583881219149,1.8737738286017478,0.0985331895035074,15,0.09159278082636971,0.011998,raw_ranges
246991,1788682208301206272,1.9437606363897715,1.853787751904423,0.09605607291903683,15,0.07689031743358085,0.011998,raw_ranges
246992,1788682208323205376,1.92011260924086,1.8679406093535769,0.0986604668390945,15,0.09228496537949459,0.011998,raw_ranges
246993,1788682208345232640,1.916221387317089,1.8719447228926487,0.09800038551037432,15,0.08863652467450608,0.011998,raw_ranges
246994,1788682208367205376,1.902611791132302,1.855551032225369,0.09637351112650341,15,0.0789275561670537,0.011998,raw_ranges
246995,1788682208390204928,1.9203275867901124,1.8689522778757275,0.09740639222305228,15,0.08521995200099727,0.011998,raw_ranges
246996,1788682208418204928,1.9302774776591447,1.8752586155706823,0.09664109269824225,15,0.0806048428708986,0.011998,raw_ranges
246997,1788682208440205312,1.9124490837021484,1.857143168306319,0.09923646834685654,15,0.09535456122208597,0.011999,raw_ranges
246998,1788682208462205184,1.9373209467018155,1.8624171920718122,0.09536209683409863,15,0.0722367277089614,0.011998,raw_ranges
246999,1788682208485204736,1.9048989969637777,1.8538633021564692,0.09800522159887576,15,0.08866366560139374,0.011999,raw_ranges
247000,1788682208507204608,1.9533742312139608,1.864289096328772,0.09432766277963278,15,0.06468161079961432,0.011998,raw_ranges
247001,1788682208529204992,1.9305971865825409,1.8474583440349979,0.09821852958088918,15,0.08985865332225491,0.011998,raw_ranges
247002,1788682208570204928,1.9455089431675445,1.847009775088613,0.0960015069741443,15,0.07653466515340807,0.011998,raw_ranges
247003,1788682208593205760,1.9309924631415172,1.8606000856732405,0.09492948755464026,15,0.06917756537086475,0.011998,raw_ranges
247004,1788682208615204864,1.9360785698777143,1.849137760119664,0.09551422392523454,15,0.0732821391693402,0.011998,raw_ranges
247005,1788682208637205248,1.9250021090100997,1.8769292014868957,0.09768651382323787,15,0.08684792351713354,0.011998,raw_ranges
247006,1788682208659205632,1.909759443891826,1.8549729270889959,0.09613610898899783,15,0.07740902392484894,0.011998,raw_ranges
247007,1788682208682204928,1.9262792257554824,1.867702702130335,0.09705603231953294,15,0.08313892178476304,0.011998,raw_ranges
247008,1788682208706707968,1.9150153042706621,1.8635105613956977,0.10027775153095077,15,0.09896382938705822,0.021998,raw_ranges
247009,1788682208731211776,1.9174066314863718,1.8503168498522866,0.09995649759801502,15,0.09905877831880934,0.011994,raw_ranges
247010,1788682208759207424,1.9146159592486052,1.8664125042171216,0.09950412660217432,15,0.09674799531863347,0.011998,raw_ranges
247011,1788682208781207808,1.929700773231925,1.8632813027505428,0.09542873535566575,15,0.07269635035313506,0.011999,raw_ranges
247012,1788682208803208192,1.9247280089519159,1.8330824109423238,0.09480099235235258,15,0.06824251129869552,0.011998,raw_ranges
247013,1788682208826207744,1.9532400630524014,1.8482301050713443,0.09485564952365773,15,0.06864163111886065,0.011999,raw_ranges
247014,1788682208848208128,1.9299252644336224,1.8583252928461642,0.09860183307468375,15,0.09196673893687733,0.011998,raw_ranges
247015,1788682208870208000,1.9249793065712628,1.8678172969395166,0.09692303323051092,15,0.08233517611878245,0.011998,raw_ranges
247016,1788682208892208128,1.9348091058400816,1.8462002992978785,0.0963817412939522,15,0.07897967643610737,0.011998,raw_ranges
247017,1788682208915208192,1.9413887302027064,1.8668032396519882,0.09444488767995429,15,0.06558151931721538,0.011998,raw_ranges
247018,1788682208937208320,1.9364821930205842,1.8479372893312231,0.09706074168401424,15,0.08316723922323171,0.011998,raw_ranges
247019,1788682208959208192,1.9265190907908083,1.8923934814791057,0.09750985510749738,15,0.085824839664851,0.011998,raw_ranges
247020,1788682208982208000,1.9344517967638806,1.8480058540174735,0.09666165252538858,15,0.08073227682524865,0.011998,raw_ranges
247021,1788682209004211456,1.9177853238648213,1.8843598118348817,0.0968253979573968,15,0.08174011226684733,0.011998,raw_ranges
247022,1788682209026222080,1.9135636987685094,1.862765434280079,0.10017747800353945,15,0.1001674897336429,0.011998,raw_ranges
247023,1788682209048214784,1.9390599776835922,1.8776784131327444,0.09665794576202981,15,0.0807093164264809,0.011998,raw_ranges
247024,1788682209089214976,1.9088207792776484,1.864709293474601,0.09423724580232556,15,0.06397885430613438,0.011998,raw_ranges
247025,1788682209117215744,1.9373936219726071,1.8675753597712108,0.0965573774387464,15,0.08008386500879193,0.011998,raw_ranges
247026,1788682209139215360,1.94716391640886,1.8415124907652993,0.09654436969148916,15,0.08000246052771862,0.011999,raw_ranges
247027,1788682209161214976,1.9489286255416096,1.8538437528696343,0.09531917996571387,15,0.07193905727568214,0.011998,raw_ranges
247028,1788682209184214016,1.947292953155335,1.8595009637358622,0.09588090974562533,15,0.07574254910303274,0.011999,raw_ranges
247029,1788682209206215168,1.926920953575555,1.8744633138694933,0.09712769815739007,15,0.083568810888932,0.011998,raw_ranges
247030,1788682209228214784,1.9491441755229686,1.8653593535622484,0.09665781955588297,15,0.08070853456656844,0.011998,raw_ranges
247031,1788682209251214592,1.931086835129728,1.8689364345247335,0.0991763553573755,15,0.09503895703013318,0.011998,raw_ranges
247032,1788682209273220608,1.9438544873915151,1.8655874708076519,0.09647459596535063,15,0.07956534397179868,0.011998,raw_ranges
247033,1788682209295219968,1.9561465188703238,1.8688523168697022,0.09554993989538091,15,0.07352542343557714,0.011998,raw_ranges
247034,1788682209317220096,1.931047486183289,1.876702029574548,0.09816675606890223,15,0.08957010698275528,0.011998,raw_ranges
247035,1788682209340227584,1.9338564470094934,1.8563730850883957,0.09773892500989464,15,0.08714914231301793,0.011998,raw_ranges
247036,1788682209362230272,1.918438076559432,1.8780617488989872,0.0978501492477178,15,0.08778494884499172,0.011998,raw_ranges
247037,1788682209384228352,1.920492964953366,1.8650156113486265,0.096994564352386,15,0.08276842603545152,0.011998,raw_ranges
247038,1788682209406230784,1.932823886615469,1.863041486737317,0.09543585595923712,15,0.07274547377835358,0.011998,raw_ranges
247039,1788682209429228032,1.9414244193200139,1.851746268353231,0.0975030523531438,15,0.08578519889318788,0.011998,raw_ranges
247040,1788682209457228288,1.9259533303888068,1.8792167170989889,0.09665085532611474,15,0.08066537870806006,0.011998,raw_ranges
247041,1788682209479228672,1.9342646555647094,1.8511743455328582,0.09681018479721118,15,0.08164685417216752,0.011999,raw_ranges
247042,1788682209501228800,1.94816866676784,1.878605708305492,0.09557287470203017,15,0.07368122351067587,0.011998,raw_ranges
247043,1788682209524227840,1.9390398808899239,1.8566502472053086,0.0951708009393373,15,0.0709001053478576,0.011999,raw_ranges
247044,1788682209546228736,1.9305961976896557,1.8682483694969485,0.09749930160916274,15,0.0857633348533203,0.011998,raw_ranges
247045,1788682209568241664,1.9241295399326563,1.866585212734033,0.09884451936167948,15,0.09327683183770494,0.011998,raw_ranges
247046,1788682209609241344,1.938631877243282,1.863159923224053,0.09554270344761213,15,0.07347619644219579,0.011998,raw_ranges
247047,1788682209632241920,1.938344055009211,1.8751314725780956,0.09476350534589266,15,0.06796729612021263,0.011998,raw_ranges
247048,1788682209654241280,1.9221120221820607,1.8771735322411447,0.09759340243515634,15,0.0863101988826138,0.011998,raw_ranges
247049,1788682209676242176,1.9423749199286264,1.8658806257823712,0.09618710412829765,15,0.07773771365494132,0.011998,raw_ranges
247050,1788682209698241536,1.9610568505055754,1.8681351002673319,0.09442578796135068,15,0.06543573914422209,0.011998,raw_ranges
247051,1788682209721243904,1.945608332779814,1.8654591178911968,0.09490992812416608,15,0.06903604942467446,0.011998,raw_ranges
247052,1788682209743243264,1.9376775000110045,1.8871636205896316,0.09503532998982916,15,0.06993838706911366,0.011998,raw_ranges
247053,1788682209765243648,1.9268457829408958,1.868590426098857,0.09648859864408826,15,0.07965329020252877,0.011998,raw_ranges
247054,1788682209793247488,1.942627597692641,1.8525112683521212,0.09620585927263273,15,0.07785825112749922,0.011998,raw_ranges
247055,1788682209815243520,1.9316577375145918,1.8601770782083191,0.09700362835329089,15,0.08282301825151571,0.011999,raw_ranges
247056,1788682209837242880,1.9489684745374338,1.870331310726153,0.09597784674554975,15,0.07637993677366958,0.011998,raw_ranges
247057,1788682209859458304,1.9236966209496917,1.8785270868219208,0.09727763513507,15,0.0844609917895238,0.011999,raw_ranges
247058,1788682209881458176,1.9391394659491767,1.8728714507952209,0.09558622188257804,15,0.07377174173474585,0.011998,raw_ranges
247059,1788682209903458304,1.943300230867208,1.8339836052757394,0.09743733811015329,15,0.08540132379625798,0.011998,raw_ranges
247060,1788682209925458432,1.948245861922077,1.8712246852011967,0.09623755139575152,15,0.07806151030918837,0.011998,raw_ranges
247061,1788682209948458240,1.9396737565122395,1.8735144021628365,0.09533870774524739,15,0.07207465394469402,0.011998,raw_ranges
247062,1788682209970458368,1.9448914995449573,1.8871316071737987,0.09682398405781834,15,0.08173146305932828,0.011998,raw_ranges
247063,1788682209992457472,1.930276585641246,1.8707573219276585,0.09852608105599932,15,0.09155396797517473,0.011998,raw_ranges
247064,1788682210024458240,1.9322704844523557,1.854904377082305,0.09560088327077032,15,0.0738710448468839,0.011998,raw_ranges
247065,1788682210041458944,1.9285991588832978,1.861002981580415,0.09694920423101563,15,0.08249453433419471,0.011994,raw_ranges
247066,1788682210063457536,1.9296133031387654,1.9097754524018378,0.09424880252726825,15,0.06406910740183797,0.011998,raw_ranges
247067,1788682210086458368,1.9398556460037633,1.8655282551862566,0.09548020137681955,15,0.0730496363633629,0.011998,raw_ranges
247068,1788682210127458304,1.9333057495135437,1.8679579442763885,0.09628136181399956,15,0.07834162246213414,0.011998,raw_ranges
247069,1788682210155458560,1.946849826670207,1.865318404638575,0.09536842966179036,15,0.07228054826708474,0.011998,raw_ranges
247070,1788682210177457664,1.9420127299306715,1.857314341048938,0.09739426409603734,15,0.08514862356513665,0.011999,raw_ranges
247071,1788682210199458304,1.9323433728776958,1.8550235473460401,0.09533718961365764,15,0.07206412151450707,0.011998,raw_ranges
247072,1788682210222457856,1.9336452396490003,1.859589966664479,0.09637093346573149,15,0.07891107314396059,0.011999,raw_ranges
247073,1788682210244458496,1.941909076078823,1.889886279574559,0.09705825714225477,15,0.08315230085965616,0.011998,raw_ranges
247074,1788682210266458368,1.9217431655574726,1.8853438084594747,0.09830693427544535,15,0.09034922396703446,0.011998,raw_ranges
247075,1788682210289457920,1.9315887316006137,1.8916504708366726,0.09740643265966943,15,0.08522018924919984,0.011998,raw_ranges
247076,1788682210311458304,1.9365428980861836,1.8677640138521736,0.09660249436199299,15,0.08036505682193595,0.011998,raw_ranges
247077,1788682210333458432,1.943059164670534,1.876842517703461,0.09511826281137659,15,0.07052879417214361,0.011998,raw_ranges
247078,1788682210355458304,1.9227269388628296,1.8659173847882973,0.09944246662183066,15,0.09642880595460401,0.011998,raw_ranges
247079,1788682210378458368,1.951818797274782,1.87038278471301,0.09530157272703879,15,0.07181657693763187,0.011998,raw_ranges
247080,1788682210400457984,1.9246391357362167,1.870967499626183,0.09827585578519128,15,0.09017706904302941,0.011998,raw_ranges
247081,1788682210422457856,1.929038071693569,1.8808954858515647,0.09799288976714213,15,0.08859423098115435,0.011998,raw_ranges
247082,1788682210444458496,1.918894927829543,1.8629125933741972,0.0955248050812962,15,0.0733542982878045,0.011998,raw_ranges
247083,1788682210467458304,1.9388457147523368,1.8848612516015923,0.09556957364260021,15,0.07365881915018875,0.011998,raw_ranges
247084,1788682210495458816,1.924050684386346,1.8942988704757011,0.09800968590945612,15,0.08868897285151138,0.011998,raw_ranges
247085,1788682210517457152,1.9346377443244842,1.8702507704119904,0.0961064408450909,15,0.07721699841415039,0.011999,raw_ranges
247086,1788682210539458304,1.9600234314830873,1.8592567595382012,0.09599075902992428,15,0.07646441673042619,0.011998,raw_ranges
247087,1788682210562458112,1.930732554189948,1.8656957797274114,0.0947521183359644,15,0.06788329938183921,0.011999,raw_ranges
247088,1788682210584457984,1.933936880656884,1.883772190346122,0.09674431134117713,15,0.08124259558370309,0.011998,raw_ranges
247089,1788682210606457856,1.9255867008240595,1.8748386949553946,0.09650040458036299,15,0.07972736403746829,0.011998,raw_ranges
247090,1788682210645457664,1.9255012397770412,1.879076927150271,0.09846506869033164,15,0.09122015504443984,0.011998,raw_ranges
247091,1788682210667458304,1.9272272000684645,1.8896737787718987,0.09613349058773814,15,0.07739210931185518,0.011998,raw_ranges
247092,1788682210690457600,1.9365111823157293,1.8554852028073108,0.09606985404013928,15,0.07697988072307775,0.011998,raw_ranges
247093,1788682210712457728,1.9321711577995062,1.8848389483859755,0.09719966041188242,15,0.08399826431470135,0.011998,raw_ranges
247094,1788682210734458368,1.9139950715008833,1.8686777270256265,0.09771357455079308,15,0.08700357778156641,0.011998,raw_ranges
247095,1788682210756458496,1.9328887229977614,1.8923014463027177,0.09560535552895592,15,0.07390130935887355,0.011998,raw_ranges
247096,1788682210779458048,1.909093751926115,1.8736440281991806,0.1008546839525211,15,0.10349266615814431,0.011998,raw_ranges
247097,1788682210801457920,1.9368641050019966,1.8827059736895226,0.09536918392656955,15,0.07228576569816188,0.011998,raw_ranges
247098,1788682210829457152,1.9228024530137167,1.8833094592183517,0.09683871526615083,15,0.08182153299804912,0.011998,raw_ranges
247099,1788682210851457792,1.9482706282808404,1.8883687086943424,0.09611869082453399,15,0.0772962794934788,0.011999,raw_ranges
247100,1788682210873458176,1.9370960723618413,1.8772285131441597,0.09716941566354118,15,0.0838180389864925,0.011998,raw_ranges
247101,1788682210896457984,1.937684379708264,1.8592936337024715,0.09671864080352713,15,0.08108430675862704,0.011999,raw_ranges
247102,1788682210918458368,1.9179620311995709,1.8784286306461901,0.09824462068055016,15,0.09000371479305826,0.011998,raw_ranges
247103,1788682210940457984,1.9178993333453571,1.8881705758344436,0.09805139688827484,15,0.08892381505690614,0.011998,raw_ranges
247104,1788682210962457856,1.93672358191625,1.8718427368170487,0.09704236292927025,15,0.08305667297255685,0.011998,raw_ranges
247105,1788682210985458176,1.924633328497886,1.8852494166558451,0.09721556155619762,15,0.08409286267096408,0.011998,raw_ranges
247106,1788682211007458048,1.9300098154039889,1.8797389177762371,0.09726233197330353,15,0.08437049229027604,0.011998,raw_ranges
247107,1788682211029457920,1.9355954753855604,1.861975334514453,0.09647501964543655,15,0.07956800639350313,0.011998,raw_ranges
247108,1788682211052457472,1.9596754992659435,1.8668071528318768,0.09407672079623441,15,0.06271179149278404,0.011998,raw_ranges
247109,1788682211074458112,1.9279784618709999,1.8687636210089755,0.09691011270052419,15,0.0822566756958011,0.011998,raw_ranges
247110,1788682211096457728,1.9094090822444898,1.8967445035716766,0.0987117396913835,15,0.09256234486757293,0.011998,raw_ranges
247111,1788682211118457600,1.9382192259737359,1.8866713412010876,0.09627886701249973,15,0.0783256982637227,0.011998,raw_ranges
247112,1788682211157458176,1.9203310102509052,1.8969209857059361,0.09655843195231685,15,0.08009044854610849,0.011998,raw_ranges
247113,1788682211185457408,1.9341927556448315,1.858027553222436,0.096065017261711,15,0.07694845844921784,0.011998,raw_ranges
247114,1788682211207457792,1.9405856881004342,1.8773950955130148,0.09683261276961422,15,0.08178408627975388,0.011999,raw_ranges
247115,1788682211229457920,1.9164920485274166,1.8711057616683646,0.10015912655650815,15,0.10007584400097834,0.011998,raw_ranges
247116,1788682211252459776,1.9414367698861645,1.8927656701178937,0.09639548757509347,15,0.0790665009602264,0.011999,raw_ranges
247117,1788682211274457856,1.9105322117740848,1.8679553924475478,0.09983789782051689,15,0.09845783776072317,0.011998,raw_ranges
247118,1788682211296458240,1.93295336435758,1.8843025042023847,0.09741664122174588,15,0.08528006342484676,0.011998,raw_ranges
247119,1788682211319458816,1.9015319876939936,1.876061175628133,0.10022099937195522,15,0.10038449764757124,0.011998,raw_ranges
247120,1788682211341457664,1.9410082316910773,1.8789644609319467,0.09632745783684231,15,0.07863527092114779,0.011998,raw_ranges
247121,1788682211363458048,1.934951522695622,1.8496825475855199,0.09633125911507687,15,0.07865943752072524,0.011998,raw_ranges
247122,1788682211385457920,1.933079861326,1.8771733733337992,0.09621091519568434,15,0.07789071312861595,0.011998,raw_ranges
247123,1788682211408458496,1.9349559011300272,1.8476076218139512,0.0958675672697774,15,0.07565457861740688,0.011998,raw_ranges
247124,1788682211430458368,1.921229660775472,1.8915303236656995,0.09815144068461032,15,0.0894845723050087,0.011998,raw_ranges
247125,1788682211452458496,1.9057071091946702,1.8682205919230659,0.10046198000940275,15,0.1015776944284657,0.011998,raw_ranges
247126,1788682211474457856,1.91063846760342,1.8922809545625179,0.09780238659351206,15,0.0875124824782846,0.011998,raw_ranges
247127,1788682211497458944,1.8992281853398647,1.8658342869931774,0.09909563789712252,15,0.09461334944458165,0.011998,raw_ranges
247128,1788682211525458944,1.9096095468029475,1.8598910724404312,0.09584258245160773,15,0.07548927372552829,0.011998,raw_ranges
247129,1788682211547458816,1.926430961196903,1.861214952469179,0.09745621441680553,15,0.08551162737198689,0.011999,raw_ranges
247130,1788682211569457664,1.9307909504934937,1.8727966924917228,0.0969574210612826,15,0.08254374026710087,0.011998,raw_ranges
247131,1788682211592457216,1.9021045667550223,1.871467159409564,0.09816694898425578,15,0.08957104991712325,0.011999,raw_ranges
247132,1788682211614458368,1.9232221967588208,1.8699240495858391,0.09745818569361615,15,0.08552329325754572,0.011998,raw_ranges
247133,1788682211636457984,1.9303037984003855,1.8535090971310921,0.09459209863595182,15,0.06669442729307917,0.011998,raw_ranges
247134,1788682211677457664,1.9191471559997815,1.8613747866650063,0.09647024588808666,15,0.07953800276651826,0.011998,raw_ranges
247135,1788682211700458240,1.9227717333464056,1.8723339835601245,0.09717347551320296,15,0.08384225372211178,0.011998,raw_ranges
247136,1788682211722457856,1.9223578181848955,1.8582388135822645,0.09767455025190593,15,0.08677901962978112,0.011998,raw_ranges
247137,1788682211744457984,1.9343921815110374,1.8658289870787916,0.0966936586599195,15,0.0809302579751202,0.011998,raw_ranges
247138,1788682211766457856,1.9307598847639214,1.8664950460268854,0.09639071967235985,15,0.079036495800104,0.011998,raw_ranges
247139,1788682211789458176,1.9262140480885053,1.8705939318297042,0.09604676979939167,15,0.07682979757484507,0.011998,raw_ranges
247140,1788682211811458560,1.902669709897053,1.8576217544934845,0.09628109837764394,15,0.0783399411133551,0.011998,raw_ranges
247141,1788682211833457408,1.92026568691288,1.8613914749674823,0.09885130648125968,15,0.09331320633897265,0.011998,raw_ranges
247142,1788682211861458432,1.9236756864882616,1.8532524712241798,0.09677082487641679,15,0.08140560713130761,0.011998,raw_ranges
247143,1788682211883457792,1.918813316373759,1.8537403096458622,0.09617212774985205,15,0.07764117302599216,0.011999,raw_ranges
247144,1788682211905459712,1.9265080941221402,1.8621127245403986,0.09859105261123019,15,0.0919081095835955,0.011998,raw_ranges
247145,1788682211928458496,1.922964751633916,1.8640263118648088,0.09902505007913254,15,0.09423945075249822,0.011999,raw_ranges
247146,1788682211950458624,1.9184306315667385,1.8716101752040968,0.09745673454660606,15,0.08551480890820054,0.011998,raw_ranges
247147,1788682211972458752,1.8984579110685111,1.8535456261726684,0.09748132389861645,15,0.08565846072990377,0.011998,raw_ranges
247148,1788682211994458624,1.9398345906256935,1.8543307304047902,0.09473395484246629,15,0.0677495596920474,0.011998,raw_ranges
247149,1788682212017460992,1.9229024607220329,1.861481009819055,0.09932389971705495,15,0.0958120436743469,0.011998,raw_ranges
247150,1788682212039458816,1.9301047869816836,1.8803652640412942,0.09428448792688675,15,0.06434699622272014,0.011998,raw_ranges
247151,1788682212061457920,1.9196819302530737,1.8455120521562673,0.0967149386431292,15,0.08106162248024161,0.011998,raw_ranges
247152,1788682212084458496,1.9395948235565117,1.8589897560295419,0.09575626969889336,15,0.0749154035889374,0.011998,raw_ranges
247153,1788682212106458112,1.9108961582311086,1.8614559920966829,0.09813944822253876,15,0.08941753865175872,0.011998,raw_ranges
247154,1788682212128460800,1.9309249089906428,1.8728352991034691,0.09781499563973575,15,0.08758449426545635,0.011998,raw_ranges
247155,1788682212150459136,1.9153439063227562,1.8578667404030278,0.09949215769882258,15,0.09668611945270424,0.011998,raw_ranges
247156,1788682212189458688,1.9354139565992847,1.879935668228606,0.09726942193959053,15,0.08441249869296923,0.011998,raw_ranges
247157,1788682212217458176,1.9383477704774412,1.842954161616527,0.0977900375900704,15,0.08744189834438869,0.011998,raw_ranges
247158,1788682212239458304,1.9367864604966856,1.8503738372570953,0.09644550455658676,15,0.07938216774305662,0.011999,raw_ranges
247159,1788682212261457920,1.9119502109143591,1.8698989197033127,0.09850393189165908,15,0.09143292562123935,0.011998,raw_ranges
247160,1788682212284457984,1.9272345728912577,1.8665590119645294,0.09631997848288938,15,0.0785875466081579,0.011999,raw_ranges
247161,1788682212306459136,1.9128461954555762,1.8570622628728795,0.0974748984098232,15,0.08562094606942389,0.011998,raw_ranges
247162,1788682212328458496,1.9216370388491533,1.873136678242626,0.09636766640931824,15,0.0788905216443537,0.011998,raw_ranges
247163,1788682212351458304,1.9194397891207866,1.855458403983545,0.09753651677333763,15,0.08598002540903117,0.011998,raw_ranges
247164,1788682212373458176,1.931697260378026,1.8794639573660457,0.09660481282833344,15,0.08037948011982561,0.011998,raw_ranges
247165,1788682212395457536,1.9041279489661895,1.878005025766028,0.09717029080141956,15,0.08382325928654631,0.011998,raw_ranges
247166,1788682212417457920,1.9395269743575474,1.8716280365757978,0.09475481210094144,15,0.06790331432957784,0.011998,raw_ranges
247167,1788682212440457728,1.921043036076349,1.86198789818888,0.09669402207641811,15,0.08093250318888026,0.011998,raw_ranges
247168,1788682212462458112,1.9345672030738243,1.886340236195107,0.09537307116405733,15,0.0723124827609821,0.011999,raw_ranges
247169,1788682212484458240,1.9204588076772435,1.874716557856401,0.09671033086305475,15,0.08103319603134729,0.011998,raw_ranges
247170,1788682212507457792,1.9471038929162823,1.8801444547214061,0.09521927440342029,15,0.07124112858749708,0.011999,raw_ranges
247171,1788682212529457920,1.9279819153332094,1.8712223681685827,0.09718253433076304,15,0.08389625931329146,0.011998,raw_ranges
247172,1788682212557457920,1.9635729441368128,1.8680294390186136,0.09438724191767858,15,0.06514053970975822,0.011998,raw_ranges
247173,1788682212579457792,1.9412757727655787,1.861003429293795,0.09577472502795299,15,0.07503831705837359,0.011999,raw_ranges
247174,1788682212601458688,1.945687503275219,1.8757308050390513,0.09562790416168147,15,0.07405371130255035,0.011998,raw_ranges
247175,1788682212624457984,1.9325396891082334,1.8492597301758698,0.0974334876350072,15,0.08537863687133451,0.011999,raw_ranges
247176,1788682212646458112,1.9298740620300845,1.8843213423097538,0.09831087402083706,15,0.09037102421040202,0.011998,raw_ranges
247177,1788682212668458240,1.9286472015118277,1.847636566121183,0.09798966862386944,15,0.08857604992247879,0.011998,raw_ranges
247178,1788682212709458176,1.9333710510103588,1.8738298884197337,0.09695492470719469,15,0.08252861748020925,0.011998,raw_ranges
247179,1788682212731458304,1.939176862391906,1.8698736388765804,0.09520032790386113,15,0.07110819854180764,0.011998,raw_ranges
247180,1788682212754457600,1.9337524285760483,1.8862581572311814,0.09667255606045289,15,0.08079977757675387,0.011998,raw_ranges
247181,1788682212776458496,1.910815005476579,1.8768615139245437,0.10085324423947468,15,0.10348571029603405,0.011998,raw_ranges
247182,1788682212798457856,1.929735013464987,1.8433042736833705,0.09632061154305951,15,0.07859172691231256,0.011998,raw_ranges
247183,1788682212820462080,1.9287870161240388,1.8649767310142495,0.09627689598824997,15,0.0783131150207293,0.011998,raw_ranges
247184,1788682212843458560,1.9227090015925894,1.851925492097659,0.09633546780603987,15,0.07868618558578036,0.011998,raw_ranges
247185,1788682212865458432,1.9388494264641543,1.8799112622191103,0.09611175991206995,15,0.07725158838541739,0.011998,raw_ranges
247186,1788682212893458176,1.9295545084078007,1.8717082305347017,0.09814996819586895,15,0.08947634431439942,0.011998,raw_ranges
247187,1788682212915458048,1.9550140386144301,1.8629569617043227,0.09593652032586993,15,0.07610876641274597,0.011999,raw_ranges
247188,1788682212937457920,1.9256810008671421,1.862021129310873,0.0970080068448607,15,0.08284959167588399,0.011998,raw_ranges
247189,1788682212960458496,1.9451697036424405,1.8641992700248522,0.09488077633640532,15,0.06882441670951764,0.011999,raw_ranges
247190,1788682212982457856,1.93034193427541,1.8461335753596633,0.09620409550107784,15,0.07784692349141259,0.011998,raw_ranges
247191,1788682213004458240,1.930861016422802,1.8910802614163915,0.09764617774799109,15,0.08661538976412382,0.011998,raw_ranges
247192,1788682213026458624,1.9281269574757303,1.8678549417182408,0.09646819990823027,15,0.0795251400767724,0.011998,raw_ranges
247193,1788682213049458432,1.92766672239974,1.8653720557937825,0.09768557839284589,15,0.08684253789961403,0.011998,raw_ranges
247194,1788682213071458304,1.9319841303682275,1.8646976174958552,0.09831446341786651,15,0.09039088125395454,0.011998,raw_ranges
247195,1788682213093457408,1.92563298731634,1.8565008605492124,0.09703371096732462,15,0.08300457194230101,0.011998,raw_ranges
247196,1788682213116457728,1.928685128021754,1.8581001405782658,0.0955794203422411,15,0.0737256287748101,0.011998,raw_ranges
247197,1788682213138457856,1.9086323585656015,1.8644671949709493,0.09910766694428541,15,0.09467689760593882,0.011998,raw_ranges
247198,1788682213160458752,1.9276587565723775,1.8997147634245273,0.09721065117101381,15,0.08406366139428981,0.011998,raw_ranges
247199,1788682213182457856,1.9134400271588123,1.8568591894259316,0.09779574513791923,15,0.08747452848640706,0.011998,raw_ranges
247200,1788682213223459328,1.9319656403622119,1.875078330564185,0.09580896424943196,15,0.07526627561818085,0.011998,raw_ranges
247201,1788682213251457792,1.9318010043041955,1.8417143506996339,0.09727661782396389,15,0.08445511127198815,0.011998,raw_ranges
247202,1788682213273457920,1.943112523024518,1.8715664327143369,0.09474990843010875,15,0.06786702018733956,0.011999,raw_ranges
247203,1788682213295458304,1.9266587252038685,1.8581883210304189,0.09749027099549572,15,0.08571067023128291,0.011998,raw_ranges
247204,1788682213318457856,1.9404741520270499,1.8619537659352978,0.09475137730569805,15,0.06787784104328935,0.011999,raw_ranges
247205,1788682213340457728,1.905736721147948,1.8680323865148916,0.09887476506131987,15,0.0934388198626239,0.011998,raw_ranges
247206,1788682213362458112,1.9213166906230326,1.8708259558635412,0.09813629560685885,15,0.08939990829334706,0.011998,raw_ranges
247207,1788682213385457920,1.9169225670251258,1.88239749935163,0.09711664712374422,15,0.0835026653451507,0.011998,raw_ranges
247208,1788682213407457792,1.9194124834474406,1.8529867912789242,0.09692901147501634,15,0.0823714724344317,0.011998,raw_ranges
247209,1788682213429462528,1.9408603762294865,1.8610116440265723,0.09496584673952606,15,0.06943986416696152,0.011998,raw_ranges
247210,1788682213451457792,1.9340490133403048,1.8456976020958982,0.09844694873893113,15,0.09112078102678411,0.011998,raw_ranges
247211,1788682213474458112,1.9441229769996329,1.8698676982463025,0.0945254314526143,15,0.06619274468258815,0.011998,raw_ranges
247212,1788682213496458496,1.9075040299481194,1.8574912126616108,0.09694544889450327,15,0.08247118824476385,0.011998,raw_ranges
247213,1788682213518458112,1.9273285245757672,1.8752144071122168,0.09773317044799239,15,0.0871161204599493,0.011998,raw_ranges
247214,1788682213540457984,1.9171296108485163,1.8644355762569054,0.09972405001183585,15,0.09787797509059863,0.011998,raw_ranges
247215,1788682213563458560,1.9292136230916128,1.8806232479138356,0.09727161387018948,15,0.08442548114277758,0.011998,raw_ranges
247216,1788682213591458304,1.93195249487162,1.8666150402952102,0.09841267314388276,15,0.09093250870773753,0.011998,raw_ranges
247217,1788682213613457920,1.945241860199287,1.8838087733550801,0.09629853519812988,15,0.0784509987006532,0.011999,raw_ranges
247218,1788682213635458304,1.9270055814827685,1.853799439554727,0.09790371233344172,15,0.08808950181174668,0.011998,raw_ranges
247219,1788682213658458368,1.9381732212317608,1.882982793418093,0.0954464638970754,15,0.07281818382846011,0.011999,raw_ranges
247220,1788682213680458496,1.9465057279909201,1.844564566582843,0.09550628132893654,15,0.07322792721999272,0.011998,raw_ranges
247221,1788682213702458624,1.9488367226210515,1.8659187175321268,0.09582398883542485,15,0.0753660190764038,0.011998,raw_ranges
247222,1788682213743458816,1.9171127998073707,1.8805635482589345,0.0983290908881864,15,0.09047175738420472,0.011998,raw_ranges
247223,1788682213772957696,1.9298413231680924,1.8708904829393398,0.09641941685990563,15,0.0770422277449558,0.021998,raw_ranges
247224,1788682213792458752,1.9408523507596898,1.8797882903817673,0.09564831586307629,15,0.07419204692604382,0.011994,raw_ranges
247225,1788682213814458112,1.9147572979905112,1.8633522010896324,0.09734911745787983,15,0.08488324601403881,0.011998,raw_ranges
247226,1788682213837458432,1.9330757226999646,1.8871814862793583,0.09515387194727928,15,0.07078078795322426,0.011998,raw_ranges
247227,1788682213859458048,1.9163278189157802,1.878046551050986,0.09950613944650856,15,0.09675839727128888,0.011998,raw_ranges
247228,1788682213881457920,1.9345466903256772,1.868648194381511,0.09542654663758367,15,0.07268146004025833,0.011998,raw_ranges
247229,1788682213903458048,1.9166849599262399,1.8885302112030227,0.09868005191893693,15,0.09239101641900543,0.011998,raw_ranges
247230,1788682213931457536,1.9364125409521535,1.853998189245028,0.09538296761220996,15,0.07238104453660484,0.011998,raw_ranges
247231,1788682213953458432,1.9319469893698344,1.8834535243510637,0.09558698330692407,15,0.07377673959944342,0.011999,raw_ranges
247232,1788682213975458560,1.902118558651848,1.8723358598394573,0.09741912090025494,15,0.0852946006277944,0.011998,raw_ranges
247233,1788682213998458112,1.928776470641097,1.8936109747268715,0.095495618516668,15,0.07315492133594301,0.011999,raw_ranges
247234,1788682214020460544,1.9259043677863201,1.854343717367696,0.09721133044194186,15,0.08406770151456423,0.011998,raw_ranges
247235,1788682214042457600,1.9381289942042454,1.8676434816646086,0.09379488767713123,15,0.06042297305769749,0.011998,raw_ranges
247236,1788682214064457984,1.9203240685298515,1.8611011762318883,0.097775543102097,15,0.08735897834851901,0.011998,raw_ranges
247237,1788682214087458048,1.9354191714302333,1.881504080748087,0.0954167081633944,15,0.07261374635283875,0.011998,raw_ranges
247238,1788682214109458176,1.926092391666389,1.874072030673165,0.09917860281819614,15,0.09505078018720388,0.011998,raw_ranges
247239,1788682214131457792,1.9441342148716452,1.8781426698931585,0.09606607470490088,15,0.0769553292560098,0.011998,raw_ranges
247240,1788682214154458624,1.9117869646671182,1.8619561691378677,0.09780599279621915,15,0.08753308398667996,0.011998,raw_ranges
247241,1788682214176458752,1.9322222430823461,1.8750441548023629,0.09561944185652371,15,0.07399655297730913,0.011998,raw_ranges
247242,1788682214198457600,1.9285565558281603,1.8639040642360318,0.09520385104286415,15,0.07113296731378603,0.011998,raw_ranges
247243,1788682214220458752,1.9325928043683183,1.8746658471524171,0.09572116164582432,15,0.07468071800554901,0.011998,raw_ranges
247244,1788682214259458560,1.9128213686262223,1.856283688894932,0.10016005789559232,15,0.10008049705907901,0.011998,raw_ranges
247245,1788682214287458304,1.9513553523890452,1.8762721298836045,0.09462951720694837,15,0.06697436228101303,0.011998,raw_ranges
247246,1788682214309458432,1.9245921890882118,1.8723275076378654,0.09634417043598138,15,0.07874131339380487,0.011999,raw_ranges
247247,1788682214331458048,1.932942865742465,1.886001206372297,0.09484944905143232,15,0.06859662562715693,0.011998,raw_ranges
247248,1788682214354458368,1.9212586991598348,1.8752397623008352,0.0974611566978458,15,0.08554052078895598,0.011999,raw_ranges
247249,1788682214376458240,1.908554426356143,1.8702982884396062,0.09813179277695276,15,0.0893747211069929,0.011998,raw_ranges
247250,1788682214398458368,1.9322368761285282,1.8721751246411484,0.09478340493594471,15,0.06811352972754176,0.011998,raw_ranges
247251,1788682214421457920,1.9158172126195212,1.8636642623385147,0.09837541665086859,15,0.090727419487543,0.011998,raw_ranges
247252,1788682214443458560,1.944622000649906,1.8891699468379324,0.09508409103631692,15,0.0702861226154703,0.011998,raw_ranges
247253,1788682214465458432,1.9321070704427132,1.8606409226899148,0.09593031766653401,15,0.07606816457976372,0.011998,raw_ranges
247254,1788682214487458048,1.917724022048592,1.8843560834878788,0.09824818794206247,15,0.09002352991336472,0.011998,raw_ranges
247255,1788682214510458368,1.9153636344001643,1.8475373375255522,0.09751881159088603,15,0.08587700266594096,0.011998,raw_ranges
247256,1788682214532457216,1.9195864471268453,1.8779808606079418,0.09553558647770281,15,0.07342775002478844,0.011998,raw_ranges
247257,1788682214554457856,1.9378027905011777,1.9087487370638452,0.09810525367387397,15,0.08922612661028145,0.011998,raw_ranges
247258,1788682214576457472,1.9195673611700996,1.869052980650123,0.09723031906991046,15,0.08418056228079299,0.011998,raw_ranges
247259,1788682214599458048,1.9407523697321636,1.8865213256695585,0.09474912029630736,15,0.06786139029158901,0.011998,raw_ranges
247260,1788682214627458048,1.9269638232599964,1.8709678494013045,0.09759645559750788,15,0.0863278842177189,0.011998,raw_ranges
247261,1788682214649458176,1.937995833555551,1.8695367315714475,0.09556551890136972,15,0.0736311272517929,0.011999,raw_ranges
247262,1788682214671457792,1.921693824176051,1.86604699310654,0.0971832568034649,15,0.08390056495319272,0.011998,raw_ranges
247263,1788682214694458112,1.942317857653655,1.8682211117318464,0.09681331906104743,15,0.08166604594350971,0.011999,raw_ranges
247264,1788682214716457984,1.912511385140098,1.8632521571012273,0.09629897843888746,15,0.07845397653967238,0.011998,raw_ranges
247265,1788682214738457856,1.9160468141984364,1.8839046348563622,0.09586182095784593,15,0.0756165917894078,0.011998,raw_ranges
247266,1788682214777457664,1.9159766135347143,1.881760375924805,0.09608844477711123,15,0.07710053678873605,0.011998,raw_ranges
247267,1788682214799458304,1.9316075540611393,1.880161498223814,0.09672447917659435,15,0.0811204485477882,0.011998,raw_ranges
247268,1788682214822458624,1.9141325175416082,1.867235562711061,0.09952445133524454,15,0.09685297791624455,0.011998,raw_ranges
247269,1788682214844457984,1.9353780180799733,1.8860970956415908,0.09613920161924307,15,0.07742899725066228,0.011998,raw_ranges
247270,1788682214866459392,1.9300932285898997,1.846347659984622,0.09399677145172096,15,0.06207108382911451,0.011998,raw_ranges
247271,1788682214889458944,1.9246456071506997,1.885722665745309,0.09777325835837113,15,0.08734590061571938,0.011998,raw_ranges
247272,1788682214911459584,1.9378466849829064,1.8875868273248315,0.09597040538052866,15,0.07633120840474533,0.011998,raw_ranges
247273,1788682214933459712,1.9255584048140943,1.8720580264031539,0.09596973405889776,15,0.0763268108523982,0.011998,raw_ranges
247274,1788682214961458944,1.9411778181085195,1.8572769157005111,0.09504035177161584,15,0.06997427932902092,0.011998,raw_ranges
247275,1788682214983458304,1.9186091598384916,1.8599044173221408,0.09779125352200449,15,0.08744871366123405,0.011999,raw_ranges
247276,1788682215005459456,1.9342963637369055,1.8807619685122972,0.09634844065521771,15,0.07876857654685471,0.011998,raw_ranges
247277,1788682215037458688,1.9326003239874983,1.8837345741005072,0.09665531938239756,15,0.08069289548279683,0.011999,raw_ranges
247278,1788682215054460672,1.930097108639474,1.8673676419826557,0.0962225234598689,15,0.07796580932606863,0.011994,raw_ranges
247279,1788682215077459456,1.9197204632320597,1.8752935804619806,0.09758593302593456,15,0.08626691730863323,0.011998,raw_ranges
247280,1788682215099459584,1.9337257325022876,1.8566431247237736,0.09529197114635887,15,0.07174969785552329,0.011998,raw_ranges
247281,1788682215121459712,1.9318911793832785,1.8758056429262364,0.09560169471317093,15,0.07387653693271584,0.011998,raw_ranges
247282,1788682215143458816,1.905361033008955,1.8651937595417518,0.09790877174944541,15,0.08811821460654667,0.011998,raw_ranges
247283,1788682215166459136,1.9330561584065098,1.8842030469921272,0.09697315357715713,15,0.08263898337441683,0.011998,raw_ranges
247284,1788682215188459520,1.9313187482183063,1.8554143308094333,0.09657177597302433,15,0.08017371120900121,0.011998,raw_ranges
247285,1788682215210459136,1.9399118336731924,1.8779772267121402,0.09580279027331667,15,0.07522525021106061,0.011998,raw_ranges
247286,1788682215232459520,1.9197227531694705,1.8561007282318616,0.09500490832999546,15,0.06972055884741218,0.011998,raw_ranges
247287,1788682215255458816,1.926307980540161,1.8834609842095242,0.09815730804744374,15,0.08951735051621978,0.011998,raw_ranges
247288,1788682215306459904,1.9206338721398022,1.8574902675446934,0.09898985969914008,15,0.09405268574123807,0.011998,raw_ranges
247289,1788682215328460288,1.9240746719281745,1.852315263307004,0.09758767776283546,15,0.0862770291493365,0.011998,raw_ranges
247290,1788682215350459136,1.9434529967401946,1.8710344648061028,0.09510902429227952,15,0.07046326907176197,0.011998,raw_ranges
247291,1788682215372460032,1.921669159170466,1.8680607540089562,0.09710244572586336,15,0.08341758640636497,0.011998,raw_ranges
247292,1788682215395458048,1.9418805022406764,1.8719486296306114,0.09538483903207165,15,0.07239397093730705,0.011998,raw_ranges
247293,1788682215417458688,1.921596806462944,1.8635707674720177,0.09850293566854176,15,0.09142747762320565,0.011998,raw_ranges
247294,1788682215439458816,1.9454237150740012,1.8828822080586578,0.09564598601186389,15,0.07417569688155203,0.011998,raw_ranges
247295,1788682215461459200,1.9414356440191245,1.8596926448342064,0.09679201725679437,15,0.08153566859230611,0.011998,raw_ranges
247296,1788682215483459072,1.9225149299625055,1.8770860615768978,0.0971031422581434,15,0.08342176127452242,0.011998,raw_ranges
247297,1788682215511459072,1.9266359573617593,1.8580404014530638,0.09677284249076326,15,0.07930277729539659,0.021998,raw_ranges
247298,1788682215533460736,1.9323348152791149,1.869554664926833,0.09544976491372975,15,0.07284166992683344,0.011994,raw_ranges
247299,1788682215555459072,1.9214751008858555,1.8881607396747164,0.09708698634582939,15,0.08332487228810731,0.011998,raw_ranges
247300,1788682215578458880,1.9311565672925248,1.878475982581961,0.09689462139554342,15,0.08216245731198296,0.011998,raw_ranges
247301,1788682215600459776,1.9217987078407615,1.8699119736514604,0.09739928759084095,15,0.0851782577119358,0.011998,raw_ranges
247302,1788682215628459008,1.9366207716083919,1.8829613791964022,0.09512535461172299,15,0.07057905218776313,0.011998,raw_ranges
247303,1788682215650459392,1.9289067882043618,1.8656825163568995,0.09921961182997698,15,0.09526613159448105,0.011999,raw_ranges
247304,1788682215672459776,1.9249053957348365,1.8647902660880178,0.09862220775594283,15,0.09207744431695979,0.011998,raw_ranges
247305,1788682215695459072,1.919072186363883,1.8680141771849088,0.09738830578174316,15,0.08511362864279241,0.011999,raw_ranges
247306,1788682215717460736,1.9336119748174925,1.8579332436808833,0.09414560226598188,15,0.06325859832451146,0.011998,raw_ranges
247307,1788682215739459584,1.9245246878125744,1.8715960074192137,0.09624324436551551,15,0.07809796643649257,0.011998,raw_ranges
247308,1788682215761459200,1.9187733614744305,1.8660652041356176,0.09807513641220046,15,0.08905719739695649,0.011998,raw_ranges
247309,1788682215784460032,1.9316443289077705,1.8739914879571453,0.09742242730505887,15,0.08531398068932712,0.011998,raw_ranges
247310,1788682215823459072,1.965069759667549,1.8547738405463217,0.09617448449873517,15,0.0776565032353065,0.011998,raw_ranges
247311,1788682215846459392,1.9305320411517302,1.856555058190881,0.09617600315448369,15,0.07766628065308452,0.011998,raw_ranges
247312,1788682215868461312,1.9410082838057379,1.8924480452902455,0.09413461268713653,15,0.06317167627296698,0.011998,raw_ranges
247313,1788682215890459392,1.9134875179494963,1.844846428288361,0.10104906334789616,15,0.1044275411177347,0.011998,raw_ranges
247314,1788682215912459520,1.9371239703304475,1.8790049310047192,0.09731475561622874,15,0.08468059761379072,0.011998,raw_ranges
247315,1788682215934458880,1.9231699090678394,1.859080780566603,0.09689732885671083,15,0.08217893192729407,0.011998,raw_ranges
247316,1788682215962459648,1.932987619665025,1.8882587595768279,0.09612842673697966,15,0.07735938684464655,0.011998,raw_ranges
247317,1788682215984459008,1.9186475001974048,1.8453369888565294,0.09911264117898573,15,0.09470303679389448,0.011999,raw_ranges
247318,1788682216006458880,1.935130049965888,1.8839842996598979,0.09571392730784428,15,0.07463226717609676,0.011998,raw_ranges
247319,1788682216029458688,1.9283511711166463,1.850214897312385,0.09613737927870972,15,0.07741707355428597,0.011999,raw_ranges
247320,1788682216051458560,1.931919677709014,1.863517557751307,0.0954903171598149,15,0.0731188426865121,0.011998,raw_ranges
247321,1788682216073459200,1.9221292411765183,1.8572216996955297,0.09890584814384522,15,0.09360500061345665,0.011998,raw_ranges
247322,1788682216095460096,1.9298700076222117,1.863010858519201,0.0964042002713536,15,0.07912173068982763,0.011998,raw_ranges
247323,1788682216118459136,1.9200803169535685,1.8816539168164856,0.09844254482223544,15,0.09109661255082674,0.011998,raw_ranges
247324,1788682216140459776,1.923627365492516,1.8453619964680321,0.09861001323337462,15,0.09201120165161758,0.011998,raw_ranges
247325,1788682216162459136,1.935078411457025,1.8647061041295685,0.09691092852828881,15,0.08226163458313249,0.011998,raw_ranges
247326,1788682216185458688,1.9367878595400645,1.8600102539402361,0.09531282575381966,15,0.07189487985816283,0.011998,raw_ranges
247327,1788682216207459328,1.935955980781564,1.8877770126012194,0.09805223689608526,15,0.08892853811957817,0.011998,raw_ranges
247328,1788682216229459456,1.9079788151225607,1.8675644902826312,0.10014173934060415,15,0.09998893607096813,0.011998,raw_ranges
247329,1788682216251458560,1.9367464143627686,1.8609712430981744,0.09692081803917825,15,0.0823217227418028,0.011998,raw_ranges
247330,1788682216273459456,1.9216704824101172,1.868364834637427,0.099865424571375,15,0.09859752820114207,0.011998,raw_ranges
247331,1788682216323459328,1.9376929627775434,1.836737385203289,0.09608365095682005,15,0.07706944240631339,0.011998,raw_ranges
247332,1788682216345458944,1.9324993518412725,1.8615877721340293,0.09740458223703718,15,0.08520933184245252,0.011998,raw_ranges
247333,1788682216368459008,1.9302486440616613,1.8590634495831455,0.09616331381017654,15,0.07758454618141777,0.011998,raw_ranges
247334,1788682216390459136,1.9285963329272195,1.868787021354074,0.09897058241181325,15,0.09395014852470034,0.011998,raw_ranges
247335,1788682216412459776,1.9187424700911795,1.8552008946804688,0.09600424009651458,15,0.07655251852496156,0.011998,raw_ranges
247336,1788682216434460672,1.9286740957455464,1.8662087631877695,0.09753372097159006,15,0.08596376543399009,0.011998,raw_ranges
247337,1788682216457459200,1.9319326312793348,1.8814683058032438,0.09757408361856461,15,0.08619821120281221,0.011998,raw_ranges
247338,1788682216479458304,1.9418823720682463,1.8434694027888923,0.09780342411041555,15,0.08751841009990732,0.011998,raw_ranges
247339,1788682216501459200,1.945981592012618,1.8807461892973794,0.09686662794441217,15,0.08199192606843787,0.011998,raw_ranges
247340,1788682216524459776,1.9348313144663347,1.8484811666712728,0.09570942270808785,15,0.07460208243801149,0.011998,raw_ranges
247341,1788682216546459392,1.926839308939156,1.8741059761412588,0.09712939051093433,15,0.0835789357848874,0.011998,raw_ranges
247342,1788682216568458752,1.9081398467334596,1.853340983850279,0.10000051340866029,15,0.09928021658246067,0.011998,raw_ranges
247343,1788682216590458880,1.934672971842531,1.86029422363683,0.0969103004963749,15,0.0822578172113442,0.011998,raw_ranges
247344,1788682216612459264,1.9045244370206076,1.8521264656638974,0.09881635733813526,15,0.09312575011314143,0.011998,raw_ranges
247345,1788682216640459776,1.9318473520873642,1.8647387665761568,0.09556098142341199,15,0.07360047159775537,0.011998,raw_ranges
247346,1788682216662459136,1.9211380099940931,1.8517907693531996,0.09647251652447073,15,0.07955212456918248,0.011999,raw_ranges
247347,1788682216684459776,1.9199368579311378,1.8581935528902769,0.09865702979720369,15,0.09226634160517959,0.011998,raw_ranges
247348,1788682216707458816,1.923343049261935,1.8761726424839504,0.10054724657943133,15,0.10199642434140198,0.011999,raw_ranges
247349,1788682216729459200,1.9181517893958233,1.8587720775671728,0.09866042103069121,15,0.09228471718920322,0.011998,raw_ranges
247350,1788682216751459328,1.939389700628421,1.8510538046117542,0.09603827115666053,15,0.07677446940657114,0.011998,raw_ranges
247351,1788682216773458944,1.9233314125878647,1.8469724405621266,0.09617412111112865,15,0.077654163488693,0.011998,raw_ranges
247352,1788682216796459520,1.9471272964142765,1.860120001360848,0.09619994928927175,15,0.0778202883910858,0.011998,raw_ranges
247353,1788682216837458688,1.928501026339469,1.8758795776574182,0.09765667890216667,15,0.08667598801379002,0.011998,raw_ranges
247354,1788682216859459328,1.935285871258576,1.8610159773283124,0.0961397519550257,15,0.07743255097842061,0.011998,raw_ranges
247355,1788682216882459136,1.9118713231799238,1.8500732792965455,0.0968779340448235,15,0.08206084352980728,0.011998,raw_ranges
247356,1788682216904460544,1.9414504542841333,1.8737955623268339,0.0943602443044424,15,0.06493298314756837,0.011998,raw_ranges
247357,1788682216926459136,1.9096753388525967,1.878339134561839,0.10035346138832986,15,0.10104211688365335,0.011998,raw_ranges
247358,1788682216948459776,1.9428947788494044,1.8798333090805857,0.09608008320923901,15,0.07704629261190328,0.011998,raw_ranges
247359,1788682216976459520,1.9263403163252486,1.8514989603490648,0.09643877242714696,15,0.07933990435554461,0.011998,raw_ranges
247360,1788682216998459136,1.9220944052322593,1.8799179982370362,0.09601768081934614,15,0.07664009928455301,0.011999,raw_ranges
247361,1788682217020459008,1.9080046238758597,1.8579569825540534,0.10022637311385912,15,0.10041125987586819,0.011998,raw_ranges
247362,1788682217043459072,1.9270156492859127,1.8876593138727287,0.09749216608706146,15,0.0857215847150615,0.011999,raw_ranges
247363,1788682217065459200,1.9129383223524261,1.8548189059433728,0.09728806643132437,15,0.08452286334078125,0.011998,raw_ranges
247364,1788682217087459072,1.9427379245538183,1.8566970762731483,0.09601295066647003,15,0.0766093901716365,0.011998,raw_ranges
247365,1788682217109459200,1.9106397250780702,1.881521715976947,0.09967117611182658,15,0.09760750026420396,0.011998,raw_ranges
247366,1788682217132459008,1.9410589709447332,1.8745472895973048,0.09494778274529346,15,0.06930967278304999,0.011998,raw_ranges
247367,1788682217154459392,1.9251985314684055,1.8730459807410136,0.09900148968651046,15,0.09411449241487979,0.011998,raw_ranges
247368,1788682217176459520,1.9246001046880261,1.8637725068434499,0.09728112692517638,15,0.08448180230781288,0.011998,raw_ranges
247369,1788682217199459072,1.9240725047459235,1.884011788442048,0.09857794925257443,15,0.0918367968113786,0.011998,raw_ranges
247370,1788682217221458688,1.9321237855584839,1.8577107418060568,0.0980382361742733,15,0.08884978430065721,0.011998,raw_ranges
247371,1788682217243459328,1.9393011726692158,1.884796322340387,0.09493744497752092,15,0.06923505595809773,0.011998,raw_ranges
247372,1788682217265458688,1.922821752232719,1.8803145652637856,0.09997195229350808,15,0.09913627131130207,0.011998,raw_ranges
247373,1788682217287458816,1.925678570862401,1.8746375776657274,0.09684298723684567,15,0.0818476342532005,0.011998,raw_ranges
247374,1788682217339459328,1.9078637615227887,1.8549783466136174,0.09821301418334387,15,0.08982795878424421,0.011998,raw_ranges
247375,1788682217361458944,1.936614824155719,1.870175750630695,0.09634247558799544,15,0.07873070293091154,0.011998,raw_ranges
247376,1788682217383459072,1.9375891443846394,1.8564131885074873,0.09635252760964623,15,0.0787945150733618,0.011998,raw_ranges
247377,1788682217406459136,1.9408478192047633,1.8576937249834837,0.09431366761999332,15,0.06457333517786833,0.011998,raw_ranges
247378,1788682217428459776,1.9208323144486084,1.8462969400315719,0.09797080649011237,15,0.08846951161904523,0.011998,raw_ranges
247379,1788682217451458816,1.940922254925958,1.8605877390218286,0.09525613172332636,15,0.0714995085250687,0.011998,raw_ranges
247380,1788682217473466112,1.906125936778186,1.8632018200402607,0.09834751594880604,15,0.09057339536423517,0.011999,raw_ranges
247381,1788682217495467264,1.9122473276775753,1.8772713135540642,0.09898726028906603,15,0.09403886582188259,0.011998,raw_ranges
247382,1788682217517466368,1.9346118626088726,1.8646345755222145,0.09693592011437846,15,0.08241339763884549,0.011998,raw_ranges
247383,1788682217540466944,1.9250537634384222,1.863648158000599,0.09657700481372032,15,0.08020631402651743,0.011998,raw_ranges
247384,1788682217562467328,1.942138497067532,1.885294686292112,0.09575501024958552,15,0.07490699730723106,0.011998,raw_ranges
247385,1788682217584467200,1.9134529485390965,1.8573216807344726,0.09860849500746294,15,0.09200295105844669,0.011998,raw_ranges
247386,1788682217606466816,1.9162308432863864,1.880384110572699,0.09832681586576983,15,0.09045918340207276,0.011998,raw_ranges
247387,1788682217629466624,1.9119154340337456,1.8555062107051146,0.09732557715802057,15,0.08474446975479033,0.011998,raw_ranges
247388,1788682217657466624,1.9346787887679762,1.8605655919512247,0.09649941204754764,15,0.07972113925144103,0.011998,raw_ranges
247389,1788682217679466496,1.9248815571238627,1.8497667847417978,0.09605598280627611,15,0.07688957540054521,0.011999,raw_ranges
247390,1788682217701467136,1.9384406050385594,1.8690253922988163,0.09736377506741452,15,0.08496954197484254,0.011998,raw_ranges
247391,1788682217724466688,1.930669588354958,1.8573783549836944,0.09698037614226042,15,0.08268252621479599,0.011999,raw_ranges
247392,1788682217746467328,1.928771205881904,1.8688374380147945,0.0972098779336828,15,0.08405906215086396,0.011998,raw_ranges
247393,1788682217768466688,1.932302526554149,1.8559491178707042,0.0970034271783144,15,0.08282194862664362,0.011998,raw_ranges
247394,1788682217790466560,1.9359810496043932,1.8704441756750547,0.09615161308151238,15,0.07750910319125354,0.011998,raw_ranges
247395,1788682217813466112,1.9343904492982316,1.8368727383210208,0.09595555978410639,15,0.0762339017767449,0.011998,raw_ranges
247396,1788682217854466560,1.9351937431306756,1.8566594867378392,0.09654010880735116,15,0.07997597641386546,0.011998,raw_ranges
247397,1788682217876467200,1.925862704184971,1.8386254303448046,0.09822797419400016,15,0.08991119057158659,0.011998,raw_ranges
247398,1788682217898466816,1.9384804712366184,1.8810899975618043,0.09555536851377834,15,0.07356233077994706,0.011998,raw_ranges
247399,1788682217921466880,1.9179640779845053,1.8555596909398475,0.09763247156645084,15,0.08653623265690996,0.011998,raw_ranges
247400,1788682217943466496,1.9400700717870771,1.8994038376145854,0.09761004968176101,15,0.08640658353251222,0.011998,raw_ranges
247401,1788682217965467136,1.9087637363693133,1.8762013465288478,0.0991836005857845,15,0.0950770665396472,0.011998,raw_ranges
247402,1788682217993472512,1.93572512415215,1.8760286759489437,0.09509381686393024,15,0.07035527599214043,0.011998,raw_ranges
247403,1788682218015471872,1.9217103483407527,1.8594441006557496,0.09705991759633893,15,0.08316214039657072,0.011999,raw_ranges
247404,1788682218037472000,1.9236417950555196,1.86520631380932,0.09722787146243628,15,0.08416602318297021,0.011998,raw_ranges
247405,1788682218060472064,1.9140149597771805,1.8636634109678,0.09775624784371933,15,0.08724833432633167,0.011999,raw_ranges
247406,1788682218082472192,1.9309652242336974,1.8598887768982788,0.09627010677284353,15,0.07826975641231766,0.011998,raw_ranges
247407,1788682218104472064,1.9333437002689318,1.863145397468076,0.09570141151961588,15,0.0745483703082494,0.011998,raw_ranges
247408,1788682218126471936,1.9230831092557017,1.8539793659143464,0.0955162847859404,15,0.0732961989597033,0.011998,raw_ranges
247409,1788682218149471488,1.936611907308544,1.876616322751273,0.09556484808812822,15,0.07362673484630582,0.011998,raw_ranges
247410,1788682218171472128,1.9013600929267946,1.8782385079520785,0.09976449203745828,15,0.09808435162378495,0.011998,raw_ranges
247411,1788682218193471744,1.9406129018546878,1.8841961354463157,0.09580981674942873,15,0.0752719386320609,0.011998,raw_ranges
247412,1788682218216472576,1.919340073322635,1.8614012717036093,0.09750722222707442,15,0.08580949960857724,0.011998,raw_ranges
247413,1788682218238472192,1.9398834594530054,1.8789619934724318,0.09538288855842782,15,0.07238049844003443,0.011998,raw_ranges
247414,1788682218260472320,1.9187625295338642,1.8461674182236,0.0974376917441158,15,0.08540339419552254,0.011998,raw_ranges
247415,1788682218282471424,1.938450683009092,1.87887576615465,0.09821532403788896,15,0.08984081496674531,0.011998,raw_ranges
247416,1788682218304472064,1.908786382370589,1.865544201349175,0.09994486606648693,15,0.09899956597120485,0.011998,raw_ranges
247417,1788682218356471808,1.9402623371615322,1.8765974026516783,0.09605097991523878,15,0.07685719166895698,0.011998,raw_ranges
247418,1788682218378471936,1.9292622202720107,1.8631311209582204,0.09817347849065108,15,0.08960762515908502,0.011998,raw_ranges
247419,1788682218401471744,1.9218491297817935,1.869255585174276,0.09985934614455444,15,0.09856669894317474,0.011998,raw_ranges
247420,1788682218423472128,1.9490612741068074,1.859261855159065,0.09608521699941619,15,0.07707960168174322,0.011998,raw_ranges
247421,1788682218445471488,1.9464789059466476,1.8582287892646292,0.09593092994408092,15,0.07607218900545011,0.011998,raw_ranges
247422,1788682218467471616,1.9438074446105833,1.8662056841019414,0.09500839849818907,15,0.06974558404794576,0.011998,raw_ranges
247423,1788682218490472704,1.947959315950369,1.8608463343730217,0.0954297243974725,15,0.07270331762356179,0.011998,raw_ranges
247424,1788682218512472064,1.9396554023124557,1.882463648651945,0.09624511405627476,15,0.07810993568218295,0.011998,raw_ranges
247425,1788682218534471936,1.9176900174849172,1.8658073668161552,0.09843330996214696,15,0.09104591126539932,0.011998,raw_ranges
247426,1788682218556472576,1.9461199323991958,1.8866230903736019,0.09619712223269698,15,0.07780212226345104,0.011998,raw_ranges
247427,1788682218579490816,1.9237437329537108,1.8623952847861018,0.09815454355973117,15,0.08950190811223625,0.011998,raw_ranges
247428,1788682218601490688,1.9436706496649312,1.8845678232912724,0.09631626697698883,15,0.07856408195217991,0.011998,raw_ranges
247429,1788682218623490816,1.9181372634483536,1.864852043458442,0.09914385975923913,15,0.09486784363122804,0.011998,raw_ranges
247430,1788682218645490944,1.933835805572524,1.8939272791857906,0.09693910137917709,15,0.08243269603244273,0.011998,raw_ranges
247431,1788682218673492224,1.9328685717895937,1.8561362782008015,0.09636922434434841,15,0.07890039505825318,0.011998,raw_ranges
247432,1788682218695491328,1.9415702418040877,1.8611282000598237,0.09539939542110633,15,0.07249427163649785,0.011999,raw_ranges
247433,1788682218717492736,1.9381137862647038,1.8613509977223412,0.0968874017490806,15,0.08211851036812962,0.011998,raw_ranges
247434,1788682218742992128,1.9365541976623488,1.854174372434436,0.09626480671100576,15,0.07603190586856132,0.021999,raw_ranges
247435,1788682218767492864,1.9283159645167078,1.8652508310272817,0.09775625300334735,15,0.08724905138365317,0.011994,raw_ranges
247436,1788682218797997312,1.942131671095347,1.870566032998067,0.09614501864924499,15,0.07524032592463296,0.021998,raw_ranges
247437,1788682218817498112,1.9201997529691597,1.8602209612642495,0.09862542191389365,15,0.09209541724697078,0.011994,raw_ranges
247438,1788682218856497920,1.9353775294525428,1.8661740122294856,0.09706670114066757,15,0.08320305965929123,0.011998,raw_ranges
247439,1788682218879498240,1.9639777100276101,1.874952925495312,0.0949597466397259,15,0.0693959266508194,0.011998,raw_ranges
247440,1788682218901498368,1.9356067924080629,1.8540884882793178,0.09670827887461195,15,0.08102053363568983,0.011998,raw_ranges
247441,1788682218923497728,1.9277274784491747,1.8735763583995093,0.09829636415404333,15,0.09029070910145373,0.011998,raw_ranges
247442,1788682218945498368,1.928400586754662,1.875502010616993,0.0979551134644839,15,0.08838077540101076,0.011998,raw_ranges
247443,1788682218967498240,1.9213261550690486,1.8827061644090672,0.09504890712324301,15,0.07003538476543857,0.011998,raw_ranges
247444,1788682218995497984,1.9400361121057446,1.8551556597805368,0.0966040106166895,15,0.0803744898129344,0.011998,raw_ranges
247445,1788682219017499648,1.9444843229694257,1.855123356311197,0.09738278648127442,15,0.08508119933495548,0.011999,raw_ranges
247446,1788682219039499008,1.9204361418489417,1.8726363899329415,0.09969315535920746,15,0.09772002535410779,0.011998,raw_ranges
247447,1788682219062499840,1.9307253204683807,1.8539328206201195,0.09733116725807128,15,0.08477730390305703,0.011999,raw_ranges
247448,1788682219084499712,1.9156021762517799,1.8722373085697626,0.09889775427661596,15,0.09356175646393115,0.011998,raw_ranges
247449,1788682219106500096,1.952817220269164,1.8636568435267287,0.09534752195405612,15,0.07213577441225764,0.011998,raw_ranges
247450,1788682219128499712,1.932217516442519,1.8507911305733842,0.09644260589871587,15,0.0793640592126932,0.011998,raw_ranges
247451,1788682219151499520,1.9506316937467236,1.8630532468554806,0.09596297703274805,15,0.0762825342312908,0.011998,raw_ranges
247452,1788682219173499648,1.9338868430624916,1.8666305945799044,0.09941535681704572,15,0.0962881343315246,0.011998,raw_ranges
247453,1788682219195500032,1.9167994906866803,1.8779624493940652,0.10006654236893833,15,0.09961219988002641,0.011998,raw_ranges
247454,1788682219218499328,1.9187467140988654,1.863374501620271,0.0994731059846302,15,0.0965875456807461,0.011998,raw_ranges
247455,1788682219240499712,1.9339136270004607,1.878104749727195,0.09779350436307878,15,0.0874617193924221,0.011998,raw_ranges
247456,1788682219262499584,1.9275169986188663,1.8657536786878093,0.09782973310947105,15,0.08766858676556304,0.011998,raw_ranges
247457,1788682219284499968,1.9174160165050038,1.8877795945891502,0.096925331253028,15,0.08234913022629936,0.011998,raw_ranges
247458,1788682219306501632,1.9210836629164896,1.8681107145070033,0.09793280494547006,15,0.08825447830829927,0.011998,raw_ranges
247459,1788682219356499200,1.9339528906961745,1.8604445695263343,0.09864812278763942,15,0.09221806104901262,0.011998,raw_ranges
247460,1788682219378499328,1.9512875835118018,1.866184328294939,0.09635415635707524,15,0.07880484980681862,0.011998,raw_ranges
247461,1788682219401499904,1.9289345740192723,1.8576559978461225,0.09851561314476319,15,0.09149678213337996,0.011998,raw_ranges
247462,1788682219423500288,1.9443100621263176,1.8461053603348307,0.09682775851504496,15,0.08175455039962586,0.011998,raw_ranges
247463,1788682219445499648,1.9415647759666363,1.865495386030136,0.09698193466770101,15,0.08269209553337624,0.011998,raw_ranges
247464,1788682219467499520,1.9245389724899487,1.8739508594273266,0.09787675699228979,15,0.08793636897376307,0.011998,raw_ranges
247465,1788682219490499072,1.932859939113018,1.8770973438520673,0.09772693962851324,15,0.0870803515410523,0.011998,raw_ranges
247466,1788682219512500480,1.9076233344271412,1.8611635884555182,0.10002471283691433,15,0.09940201624169569,0.011998,raw_ranges
247467,1788682219534499328,1.9444750147454861,1.8578553532652782,0.09713592461599349,15,0.0836180160730539,0.011998,raw_ranges
247468,1788682219557499648,1.9258770646342231,1.873075508780536,0.09780957826614957,15,0.08755356224705867,0.011998,raw_ranges
247469,1788682219579499776,1.9388871938387389,1.8534639566529951,0.09739963482414846,15,0.0851802959618506,0.011998,raw_ranges
247470,1788682219601522944,1.9189250627216607,1.8796505236548169,0.09947574607047252,15,0.09660121151658778,0.011998,raw_ranges
247471,1788682219623522816,1.9155753820595727,1.882709552169575,0.09802154962734455,15,0.08875583148922983,0.011998,raw_ranges
247472,1788682219645523200,1.9178086759702933,1.8814699258271081,0.09834453612913559,15,0.09055707661544508,0.011998,raw_ranges
247473,1788682219673523200,1.9238811895246533,1.8758618239422078,0.09835120333430643,15,0.09059388130721872,0.011998,raw_ranges
247474,1788682219695522304,1.9210844002963356,1.8671148561140831,0.09827960089374638,15,0.09019769893265782,0.011999,raw_ranges
247475,1788682219717522944,1.944658615025231,1.8648491571889907,0.09544123174812454,15,0.07278241370086969,0.011998,raw_ranges
247476,1788682219740522240,1.9361163601401914,1.8671067570918065,0.09831774950137255,15,0.09040892378727093,0.011999,raw_ranges
247477,1788682219762522624,1.949230167956451,1.8782771281113877,0.09516789241551227,15,0.07087976023881765,0.011998,raw_ranges
247478,1788682219784523520,1.9271359212215786,1.858696627009614,0.09867519480754017,15,0.09236472705281044,0.011998,raw_ranges
247479,1788682219806523136,1.923839741177153,1.8849346740084685,0.0988372654054425,15,0.0932379397104125,0.011998,raw_ranges
247480,1788682219829522432,1.9187622589706421,1.8637158750840355,0.09968426765172303,15,0.09767453940369021,0.011998,raw_ranges
247481,1788682219868523264,1.9342395618018047,1.8543649447106827,0.09770028645253986,15,0.08692717899793985,0.011998,raw_ranges
247482,1788682219891523072,1.9449236457031478,1.8721838734898422,0.09672317015325023,15,0.08111237975334121,0.011998,raw_ranges
247483,1788682219913522688,1.936627679129635,1.8463418039587929,0.09637608454223093,15,0.07894385687455946,0.011998,raw_ranges
247484,1788682219935523072,1.9430590171959488,1.881271559087844,0.09640033116675978,15,0.07909727658244485,0.011998,raw_ranges
247485,1788682219957523200,1.922962537062077,1.8684355147640894,0.09822063420478953,15,0.08987036330620646,0.011998,raw_ranges
247486,1788682219979523840,1.9495289432896568,1.8794453073232806,0.09607592010028183,15,0.0770192709409914,0.011998,raw_ranges
247487,1788682220007523584,1.9196819571515789,1.8603128544172685,0.09991250080341883,15,0.09883596915808958,0.011998,raw_ranges
247488,1788682220039534080,1.9455424949292168,1.8674229670412916,0.09791491415854128,15,0.08815292483826782,0.011999,raw_ranges
247489,1788682220056535040,1.9338418047223682,1.8360553144227407,0.09739521986547783,15,0.08515494013548382,0.011994,raw_ranges
247490,1788682220078533632,1.9510439817744114,1.8760046191911388,0.09656809817319054,15,0.08015062178293153,0.011999,raw_ranges
247491,1788682220100534016,1.923738209664155,1.865985341963485,0.09839572953543714,15,0.09083929508443549,0.011998,raw_ranges
247492,1788682220123534592,1.9451581063553733,1.869430034047001,0.09595491356123652,15,0.07622966323706622,0.011998,raw_ranges
247493,1788682220145533696,1.9305491106260746,1.8719126535089345,0.09763976971983315,15,0.08657839058236849,0.011998,raw_ranges
247494,1788682220167533824,1.94337335086473,1.8632120897468152,0.09662401871488971,15,0.08049886155027106,0.011998,raw_ranges
247495,1788682220190533376,1.9312282785527235,1.879052679131339,0.09733215574855998,15,0.08478327514645789,0.011998,raw_ranges
247496,1788682220212534016,1.932637398116524,1.8561677516766346,0.0957841459652312,15,0.0751012247651875,0.011998,raw_ranges
247497,1788682220234533376,1.953744161076771,1.8794034504041768,0.0952328878002382,15,0.07133677730482503,0.011998,raw_ranges
247498,1788682220256534784,1.9211859281449617,1.8516483375445827,0.0971703341482394,15,0.08382351784695874,0.011998,raw_ranges
247499,1788682220279537408,1.9408545844663958,1.8920113648697763,0.09588954749809371,15,0.07579970642485179,0.011998,raw_ranges
247500,1788682220301534720,1.9143787042590006,1.8694310025144512,0.10006995087031724,15,0.09962930726607126,0.011998,raw_ranges
247501,1788682220323534592,1.9248631252274755,1.8965509991368044,0.09869898077600917,15,0.09249339853205295,0.011998,raw_ranges
247502,1788682220375534592,1.9369546845626304,1.896319960411603,0.0972396136768768,15,0.0842357505627913,0.011998,raw_ranges
247503,1788682220397533696,1.9409164548975097,1.857658676417336,0.09710478246304319,15,0.08343159149293025,0.011998,raw_ranges
247504,1788682220419538176,1.9433487501393925,1.8804649695233517,0.09538556257938104,15,0.07239896805466943,0.011998,raw_ranges
247505,1788682220442535936,1.9372238753165507,1.8592762616994758,0.095947193253287,15,0.07617900793057762,0.011998,raw_ranges
247506,1788682220464534528,1.9429068048088844,1.8793422620864977,0.09641486077419598,15,0.07918906976468391,0.011998,raw_ranges
247507,1788682220486533888,1.9107483476550309,1.8708000409279923,0.10185460306681003,15,0.10821576161913768,0.011998,raw_ranges
247508,1788682220514534400,1.9324215314581765,1.8731308905427642,0.09861763668459862,15,0.09018716472203034,0.021998,raw_ranges
247509,1788682220536536064,1.925169646737921,1.8644376967897935,0.09974308975454182,15,0.09797567921959928,0.011994,raw_ranges
247510,1788682220558534400,1.9175707317151296,1.878116040156803,0.09812956271098908,15,0.08936224430367157,0.011998,raw_ranges
247511,1788682220581534976,1.9249636760929996,1.8740284431636762,0.09873003254183808,15,0.09266110585266123,0.011998,raw_ranges
247512,1788682220603534592,1.929796445070602,1.8866659621008475,0.09838757685308402,15,0.09079440978983251,0.011998,raw_ranges
247513,1788682220625535232,1.9461616015473895,1.867959365919562,0.09679312014994211,15,0.0815424315675104,0.011998,raw_ranges
247514,1788682220647534080,1.925496775817626,1.8838282466005833,0.09745632407632375,15,0.08551240887920157,0.011998,raw_ranges
247515,1788682220670535168,1.9279743894969994,1.9019785944544438,0.09470115371109024,15,0.06750704931405496,0.011998,raw_ranges
247516,1788682220698545664,1.9425414191111006,1.8708870809211033,0.09794441154097171,15,0.08832021024075809,0.011998,raw_ranges
247517,1788682220720546048,1.9419278347908422,1.8506770309067089,0.09721463811197602,15,0.08408722917884752,0.011999,raw_ranges
247518,1788682220742545920,1.9309582902069216,1.8684445198477697,0.09839042580490548,15,0.09081009746116056,0.011998,raw_ranges
247519,1788682220765546240,1.941477535116083,1.8389091167771012,0.0971545577648077,15,0.083729216906691,0.011999,raw_ranges
247520,1788682220787546368,1.928862004154919,1.8670914974589106,0.0976886455032545,15,0.0868601951370966,0.011998,raw_ranges
247521,1788682220809545216,1.9221313313367419,1.8541914244861835,0.09916188811247387,15,0.09496281434579468,0.011998,raw_ranges
247522,1788682220831546368,1.9427492185970596,1.8766381142265989,0.0959302493405966,15,0.07606771546849958,0.011998,raw_ranges
247523,1788682220854545664,1.9319842991624816,1.8563516224741796,0.0972957035488521,15,0.08456802909405008,0.011998,raw_ranges
247524,1788682220895546112,1.9360881937237355,1.8818632703380271,0.09961214566159324,15,0.09730464355616972,0.011998,raw_ranges
247525,1788682220917545728,1.9353033549288767,1.8770234346745018,0.09812437372960903,15,0.08933320617558192,0.011998,raw_ranges
247526,1788682220939546112,1.943172298293256,1.8664821325226304,0.09593571289661061,15,0.07610361944487673,0.011998,raw_ranges
247527,1788682220962545664,1.9378129981900458,1.9005742762001039,0.09554540799208758,15,0.07349459835993111,0.011998,raw_ranges
247528,1788682220984546048,1.9321641807347167,1.8775735325639953,0.09544478322379817,15,0.07280680750999988,0.011998,raw_ranges
247529,1788682221006545664,1.9381550923845041,1.8872972272561788,0.09761835352299704,15,0.08645462115466726,0.011998,raw_ranges
247530,1788682221034545920,1.9488911924982768,1.8673292511662716,0.09567884069083127,15,0.07439683250536455,0.011998,raw_ranges
247531,1788682221056546048,1.9477843715182048,1.8608835881141763,0.09521698032473608,15,0.07122502596514851,0.011999,raw_ranges
247532,1788682221078545664,1.9199402902675968,1.872826498486616,0.10013581335793642,15,0.09995929848661618,0.011998,raw_ranges
247533,1788682221101545472,1.934839517669887,1.8568911499511156,0.09798748544498836,15,0.08856358983232537,0.011999,raw_ranges
247534,1788682221123546624,1.9134564269381598,1.8743103542717618,0.10025618555050389,15,0.10055960196074709,0.011998,raw_ranges
247535,1788682221145546496,1.924034027374616,1.8705604475001034,0.09744070324209379,15,0.0854210233964321,0.011998,raw_ranges
247536,1788682221167546112,1.944865470933324,1.8740733136404784,0.09578433833931073,15,0.075102505519528,0.011998,raw_ranges
247537,1788682221190546176,1.9428417954950348,1.865547958415618,0.09742944654770311,15,0.08535510848041322,0.011998,raw_ranges
247538,1788682221212546304,1.9426042674199187,1.8657498446952354,0.09561441754105639,15,0.07396259552676877,0.011998,raw_ranges
247539,1788682221234545664,1.9215911791720308,1.864586861964539,0.09988274811946249,15,0.0986853389083834,0.011998,raw_ranges
247540,1788682221257545472,1.9379543127654795,1.878442244954974,0.09660005962768435,15,0.08034990742797625,0.011998,raw_ranges
247541,1788682221279546624,1.905811497517975,1.8801117625671715,0.09845539207466349,15,0.09116709971619967,0.011998,raw_ranges
247542,1788682221301534464,1.931440246662313,1.8871118351669587,0.09607672147098026,15,0.07702447316911853,0.011998,raw_ranges
247543,1788682221323534592,1.9375703868512626,1.875820116965213,0.09674027121072491,15,0.08121772717039626,0.011998,raw_ranges
247544,1788682221345534720,1.9164030247662294,1.8884464437971074,0.09912318429276468,15,0.0947588111405197,0.011998,raw_ranges
247545,1788682221397535232,1.9426792615589508,1.8786977923547126,0.09777982381851581,15,0.08738347563765025,0.011998,raw_ranges
247546,1788682221419534592,1.923148469218194,1.8708179475463664,0.09996137353821231,15,0.0990829023303835,0.011998,raw_ranges
247547,1788682221442534656,1.9439070215241108,1.8827175841760708,0.09666774699687504,15,0.08077001295576873,0.011998,raw_ranges
247548,1788682221464535808,1.9118651285273571,1.877383875181336,0.09953377189683427,15,0.0969010830323081,0.011998,raw_ranges
247549,1788682221486535168,1.9396600002382696,1.858654456114656,0.09866878185365727,15,0.09233000514273396,0.011998,raw_ranges
247550,1788682221508538880,1.9397677872633379,1.8640816042017025,0.09785242646654976,15,0.08779791832697273,0.011998,raw_ranges
247551,1788682221531529472,1.9395228301583611,1.8678821936579562,0.09618758899348077,15,0.07774083218927347,0.011998,raw_ranges
247552,1788682221553529344,1.9428563295884114,1.8655030530021914,0.09773335002757552,15,0.08711715114474029,0.011998,raw_ranges
247553,1788682221575529984,1.9189293577367892,1.849151335476181,0.1005443964536513,15,0.10198256934227194,0.011998,raw_ranges
247554,1788682221597529088,1.9381338875399035,1.8706952979756106,0.09828350627254645,15,0.09021947832118327,0.011998,raw_ranges
247555,1788682221620529664,1.9092650539175606,1.8767940177715488,0.0998025255124597,15,0.09827804184282321,0.011998,raw_ranges
247556,1788682221642529792,1.9278743731819536,1.8831043488232244,0.09664312282306776,15,0.08061743495713423,0.011998,raw_ranges
247557,1788682221664530432,1.920299967416317,1.8477302284743142,0.09946893939555206,15,0.09656597429504897,0.011998,raw_ranges
247558,1788682221686530048,1.9449419823112397,1.881394801625138,0.09597931491348877,15,0.07638954712189862,0.011998,raw_ranges
247559,1788682221714529280,1.9255071453724089,1.8542169223042464,0.09975916917902777,15,0.09805721378372823,0.011998,raw_ranges
247560,1788682221736529152,1.9496028269873513,1.8689018642337827,0.09533214865412633,15,0.0720289709292472,0.011999,raw_ranges
247561,1788682221758530048,1.928509184060799,1.8530288655388674,0.09969721219912432,15,0.09774078061446166,0.011998,raw_ranges
247562,1788682221781529600,1.947881446822068,1.8664312298497174,0.09735785156335024,15,0.08493453692315184,0.011999,raw_ranges
247563,1788682221803530240,1.9319732092296162,1.875819456277543,0.09789757089979913,15,0.0880546358563769,0.011998,raw_ranges
247564,1788682221825529600,1.916026189436068,1.8759218167276155,0.09873679658722745,15,0.09269759750515358,0.011998,raw_ranges
247565,1788682221847530496,1.9416297081283298,1.8787155927866852,0.09561369639480226,15,0.07395772029208486,0.011998,raw_ranges
247566,1788682221870529024,1.9130619769478476,1.8638747792370705,0.10091885275841207,15,0.10380221940985694,0.011998,raw_ranges
247567,1788682221911529472,1.9503237504100372,1.8826647466772026,0.09594980489259029,15,0.07619614746553983,0.011998,raw_ranges
247568,1788682221933546752,1.9350265908639326,1.8709901088089838,0.09807749161469126,15,0.08907041939213747,0.011998,raw_ranges
247569,1788682221955529728,1.9481996828926516,1.8761223257323232,0.0961902099614764,15,0.07775768744938599,0.011998,raw_ranges
247570,1788682221978529536,1.92775691830137,1.8717461474382915,0.10074556561575448,15,0.10296413750308644,0.011998,raw_ranges
247571,1788682222000529152,1.9330580288482286,1.8518439357657244,0.09802509911016795,15,0.08877582500978494,0.011998,raw_ranges
247572,1788682222022531584,1.940631572791555,1.8866133346762644,0.09660893350454726,15,0.0804051086719449,0.011998,raw_ranges
247573,1788682222050529024,1.941903739365896,1.858302389525498,0.09842923112323261,15,0.09102350860757133,0.011998,raw_ranges
247574,1788682222072529920,1.9632679370363206,1.879633585287349,0.09693068469389753,15,0.08238148270635538,0.011999,raw_ranges
247575,1788682222094529536,1.9330045211080353,1.8647129756695477,0.09795520930707934,15,0.08838131761339241,0.011998,raw_ranges
247576,1788682222117531392,1.9483241903434794,1.8653036113320323,0.09574934947872385,15,0.07486904218516395,0.011999,raw_ranges
247577,1788682222139529216,1.9316291861534642,1.8783933460299804,0.09789635843691227,15,0.0880477508679937,0.011998,raw_ranges
247578,1788682222161529856,1.9228963077242527,1.8885559449698448,0.0981558079197857,15,0.08950897114695106,0.011998,raw_ranges
247579,1788682222183529728,1.918440885158619,1.8738167448778125,0.09847293030060937,15,0.09126323628169986,0.011998,raw_ranges
247580,1788682222206529536,1.9197988438127809,1.868584539509069,0.09927106645637539,15,0.09553593278120746,0.011998,raw_ranges
247581,1788682222228523520,1.9292871020771687,1.8844028735202847,0.09750372724887156,15,0.08578913244037127,0.011998,raw_ranges
247582,1788682222250524160,1.935922529788239,1.8429356762196636,0.09706134822695053,15,0.08317088566890787,0.011998,raw_ranges
247583,1788682222273523456,1.9382317373457312,1.8738446392126544,0.09911989640058834,15,0.0947414608109266,0.011998,raw_ranges
247584,1788682222295523584,1.9227531407102902,1.8663304129962321,0.098644734962467,15,0.0921996906636189,0.011998,raw_ranges
247585,1788682222317523712,1.9410644770688774,1.8871884015506848,0.0972469444316128,15,0.08427925265219675,0.011998,raw_ranges
247586,1788682222339523840,1.9221583154141553,1.8804869847755894,0.097906078644354,15,0.08810293207580551,0.011998,raw_ranges
247587,1788682222361523456,1.927733957131132,1.8941598348230932,0.09807618916218022,15,0.08906310772806117,0.011998,raw_ranges
247588,1788682222413523968,1.9433721417993584,1.8912094243281006,0.09582065334576201,15,0.07534388722226919,0.011998,raw_ranges
247589,1788682222435523328,1.9227475381486048,1.8723556783829032,0.09883306187153645,15,0.0932153950135731,0.011998,raw_ranges
247590,1788682222458523392,1.9321930208998006,1.8953660868631874,0.0981077995149837,15,0.08924039170120057,0.011998,raw_ranges
247591,1788682222480523008,1.925855112463022,1.857720367386005,0.09769674260722565,15,0.08690665455663135,0.011999,raw_ranges
247592,1788682222502523392,1.9491992832476712,1.8628720485975478,0.09534590818622622,15,0.07212458791720221,0.011998,raw_ranges
247593,1788682222524523776,1.9383024637389443,1.859284388141021,0.09680333327755716,15,0.08160503215829992,0.011998,raw_ranges
247594,1788682222547523584,1.9479005523956272,1.8809380911670415,0.09516009474927328,15,0.07082473258172807,0.011998,raw_ranges
247595,1788682222569523712,1.9417124819100455,1.8710724970466932,0.09554437221775759,15,0.07348755142034326,0.011998,raw_ranges
247596,1788682222591523328,1.9318146616393004,1.8782128345539832,0.0987639721805195,15,0.09284406376564683,0.011998,raw_ranges
247597,1788682222614523904,1.9463722444959015,1.8695806044222905,0.09625747661308694,15,0.07818903125814347,0.011998,raw_ranges
247598,1788682222636523264,1.9142078723307958,1.8814556772350697,0.09927392330008243,15,0.09555088328258633,0.011998,raw_ranges
247599,1788682222658523648,1.9384522366181856,1.8883724575907466,0.09716344956199326,15,0.0837824418240079,0.011998,raw_ranges
247600,1788682222680524800,1.9246845395574157,1.8660943018510292,0.09757245566188501,15,0.08618876758537053,0.011998,raw_ranges
247601,1788682222703522816,1.9488368818450585,1.8925908592670875,0.09486144169880159,15,0.06868398426708798,0.011998,raw_ranges
247602,1788682222731523072,1.9489508447224149,1.884530092995836,0.09571070487213297,15,0.07461067529605245,0.011998,raw_ranges
247603,1788682222753522688,1.926594577673413,1.8656869132076817,0.09870809028332753,15,0.09254249987074879,0.011999,raw_ranges
247604,1788682222775523328,1.9429023661638438,1.885013567924771,0.09703930177589191,15,0.08303824282757866,0.011998,raw_ranges
247605,1788682222798522880,1.9281233104174014,1.8700108356962062,0.09862498396169726,15,0.09209238818000798,0.011999,raw_ranges
247606,1788682222820523264,1.9265653907336193,1.8792077882438765,0.09776283661947614,15,0.08728622236914681,0.011998,raw_ranges
247607,1788682222842522880,1.9569599663207449,1.8693344323189998,0.09500164888097999,15,0.06969717983519852,0.011998,raw_ranges
247608,1788682222864523776,1.9470678246186588,1.8780329397651168,0.09694714828257515,15,0.08248149052105667,0.011998,raw_ranges
247609,1788682222887523072,1.9426366977603278,1.8687951709253794,0.09665171890869832,15,0.08067073140054158,0.011998,raw_ranges
247610,1788682222926523136,1.9394123532543452,1.8907500316450918,0.09702946975580069,15,0.08297901994962761,0.011998,raw_ranges
247611,1788682222949523456,1.9370328326900577,1.8622757996610064,0.09725414617630936,15,0.08432196731759381,0.011998,raw_ranges
247612,1788682222971522816,1.940485479174179,1.8943688213770942,0.09521801970563096,15,0.07123249049156541,0.011998,raw_ranges
247613,1788682222993522944,1.9294113095569212,1.877538591335093,0.09802833671676699,15,0.08879405786857018,0.011998,raw_ranges
247614,1788682223015523584,1.922591720682196,1.8714077440275938,0.09835914358851258,15,0.09063769405999135,0.011998,raw_ranges
247615,1788682223038523136,1.9297339580248194,1.8920109685971833,0.09878737226967382,15,0.09296999658854371,0.011998,raw_ranges
247616,1788682223066523648,1.9363005126211088,1.8624749984431177,0.09798974908290778,15,0.08857650410186547,0.011998,raw_ranges
247617,1788682223088523264,1.9331259240672667,1.882243869211535,0.0968010106512492,15,0.08159065295883598,0.011999,raw_ranges
247618,1788682223110523904,1.9111775572072527,1.873556300483738,0.10077973487964803,15,0.10312993200641621,0.011998,raw_ranges
247619,1788682223133522176,1.943871329125159,1.8713950685167378,0.09708923829886637,15,0.0833382403093944,0.011999,raw_ranges
247620,1788682223155524096,1.9234464747833884,1.8883057138582364,0.1004989378711021,15,0.10175945099646573,0.011998,raw_ranges
247621,1788682223177523200,1.935597559017827,1.881079324904359,0.0980249931072761,15,0.0887752279821128,0.011998,raw_ranges
247622,1788682223199524864,1.943662682502083,1.8816470873133235,0.09619655557700493,15,0.07779848053146629,0.011998,raw_ranges
247623,1788682223222523904,1.9305058758073228,1.8722295406052938,0.09830442888801438,15,0.09033535788391157,0.011998,raw_ranges
247624,1788682223244546304,1.9572145148322861,1.8839446649758176,0.09507792808876969,15,0.0702422670816489,0.011998,raw_ranges
247625,1788682223266525952,1.9333030625482226,1.8645050700678878,0.09717949813349651,15,0.0838781624113006,0.011998,raw_ranges
247626,1788682223289522688,1.94803234246412,1.871973249034517,0.09546870005946988,15,0.07297087128073701,0.011998,raw_ranges
247627,1788682223311522816,1.915093573450287,1.8694389886112999,0.09825211021174422,15,0.09004531196983119,0.011998,raw_ranges
247628,1788682223333523200,1.9244333615907985,1.906129968986063,0.09757389936540624,15,0.08619714242018839,0.011998,raw_ranges
247629,1788682223355524096,1.9196011492827734,1.8844051417725125,0.09784588096698003,15,0.0877606344722965,0.011998,raw_ranges
247630,1788682223377523712,1.9500396270439138,1.9118675494147168,0.09410811618929898,15,0.06296160882076468,0.011998,raw_ranges
247631,1788682223428523008,1.9335635963400672,1.8595093274780548,0.09835796482888434,15,0.09063119123615418,0.011998,raw_ranges
247632,1788682223450523392,1.9311034159332203,1.8638652224894565,0.09817962099764128,15,0.08964189307261028,0.011998,raw_ranges
247633,1788682223472523776,1.9299541853463673,1.876722411133682,0.09821366168432691,15,0.08983156282914662,0.011998,raw_ranges
247634,1788682223494522880,1.9365138189274866,1.876319049141223,0.09975040667025921,15,0.09801252300731379,0.011998,raw_ranges
247635,1788682223517523456,1.91252508312059,1.8663704304231397,0.09887526845539223,15,0.09344151353329117,0.011998,raw_ranges
247636,1788682223539523072,1.9296181987619774,1.8959308867171059,0.09702396694093066,15,0.08294585545360697,0.011998,raw_ranges
247637,1788682223561523712,1.9481818393056478,1.8578535671657386,0.09687890736357833,15,0.08206677378560913,0.011998,raw_ranges
247638,1788682223583523328,1.9403206163425368,1.8791987262126226,0.09697113257317715,15,0.08262675456035504,0.011998,raw_ranges
247639,1788682223605522944,1.9266454171996008,1.8592124999017894,0.09929781635287174,15,0.0956758294914225,0.011998,raw_ranges
247640,1788682223628523008,1.9478789717003162,1.8624441687298718,0.09644421657833513,15,0.07937420597609236,0.011998,raw_ranges
247641,1788682223650523648,1.912158530873584,1.8843235420783593,0.0979732672241726,15,0.08848341776950418,0.011998,raw_ranges
247642,1788682223672523520,1.924874872712626,1.8987284747295972,0.09737244603457193,15,0.08502055063672512,0.011998,raw_ranges
247643,1788682223694523392,1.920927719133684,1.8782739522534153,0.09903145614690012,15,0.09427356014758394,0.011998,raw_ranges
247644,1788682223717522944,1.9299275940388765,1.8998522262467727,0.09783974716178925,15,0.08772568128996923,0.011998,raw_ranges
247645,1788682223745526784,1.9515742365219857,1.872358065102801,0.09469244335433379,15,0.06744250403368629,0.011998,raw_ranges
247646,1788682223767523328,1.9341967142592473,1.8556992226008173,0.09775144171723801,15,0.08722078717965129,0.011999,raw_ranges
247647,1788682223797023232,1.9537685015564146,1.8734801337059577,0.09538769316431141,15,0.07002700307960792,0.021998,raw_ranges
247648,1788682223816524032,1.9411819601731872,1.8629534024999614,0.09700324169734646,15,0.08282126340708927,0.011995,raw_ranges
247649,1788682223838523136,1.9477583270829366,1.8653089719469442,0.09587299196052393,15,0.0756904218281543,0.011998,raw_ranges
247650,1788682223861523200,1.9451597192517833,1.8698541183857629,0.09762948096074042,15,0.08651895143111955,0.011998,raw_ranges
247651,1788682223883523584,1.9553966850097177,1.8728066311329394,0.0961121026377734,15,0.07725380659730237,0.011998,raw_ranges
247652,1788682223905522944,1.9399070836703645,1.8588418904711572,0.09841255542361153,15,0.09093186141068231,0.011998,raw_ranges
247653,1788682223946523648,1.9434682485546928,1.8720795024648953,0.09710172461306064,15,0.08341326398757365,0.011998,raw_ranges
247654,1788682223968523264,1.9354719528108153,1.8705651489626407,0.09809343359040039,15,0.08915986533413113,0.011998,raw_ranges
247655,1788682223990523136,1.9167186936548013,1.890188268949318,0.09912233209991367,15,0.09475431439208279,0.011998,raw_ranges
247656,1788682224013525760,1.9300214878322008,1.8802178114412693,0.09777580918210704,15,0.0873605012468853,0.011998,raw_ranges
247657,1788682224035523840,1.909445357220813,1.8793268336647906,0.09958423348165882,15,0.09716111093260939,0.011998,raw_ranges
247658,1788682224057523712,1.9367948337096315,1.8797836298262987,0.09654726951702922,15,0.0800207317701433,0.011998,raw_ranges
247659,1788682224085523456,1.9084566221174075,1.8694526182498443,0.10091629418243242,15,0.10378989439455284,0.011998,raw_ranges
247660,1788682224107523072,1.9342656561447171,1.8939829179417194,0.09908936434995766,15,0.09458006316850111,0.011999,raw_ranges
247661,1788682224129523456,1.9490529205509934,1.8657429956079472,0.09689120683310243,15,0.08214167534876819,0.011998,raw_ranges
247662,1788682224152523264,1.9386601944475514,1.8788506892284191,0.09690882323607904,15,0.08224869138824666,0.011999,raw_ranges
247663,1788682224174523648,1.9400088140186802,1.8556668043387905,0.09697064447636473,15,0.08262380088306726,0.011998,raw_ranges
247664,1788682224196525568,1.9344849332216765,1.8693688625625335,0.0974662214250309,15,0.08557026014352716,0.011998,raw_ranges
247665,1788682224218523648,1.9454507067139348,1.862614205857753,0.09732504184310098,15,0.08474131128971861,0.011998,raw_ranges
247666,1788682224241523712,1.9220891231098787,1.8661823348368283,0.1001167919457307,15,0.0998641073746254,0.011998,raw_ranges
247667,1788682224263522560,1.9352962074853697,1.8818107608630297,0.09764324900587765,15,0.08659848152177758,0.011998,raw_ranges
247668,1788682224285523968,1.9414346807099967,1.8671287530465195,0.09743729431312631,15,0.08540106737697323,0.011998,raw_ranges
247669,1788682224308523776,1.9278748262371308,1.8784434020761858,0.09907879136704628,15,0.09452427922521432,0.011998,raw_ranges
247670,1788682224330523392,1.9181049162056332,1.8610615854814734,0.09939701859028185,15,0.09619286141019955,0.011998,raw_ranges
247671,1788682224352523776,1.941290588087079,1.9151926063853868,0.09420460708608253,15,0.06372326954953372,0.011998,raw_ranges
247672,1788682224374523392,1.9260626502461198,1.891273482930834,0.09699012942732994,15,0.08274163053342581,0.011998,raw_ranges
247673,1788682224396523520,1.9239115575083854,1.8600097360124748,0.09718698793381304,15,0.08392279743796108,0.011998,raw_ranges
247674,1788682224446523136,1.9414426636150899,1.8623834532807353,0.0967513153058585,15,0.08128568940384585,0.011998,raw_ranges
247675,1788682224468524288,1.9249225403285357,1.8736055203425452,0.10057001972342297,15,0.10210811779394907,0.011998,raw_ranges
247676,1788682224491523072,1.945886604468368,1.8623625394251269,0.09731960519154338,15,0.08470922728689823,0.011998,raw_ranges
247677,1788682224513523456,1.922503728183638,1.8797903397319216,0.09956099055605004,15,0.09704142698894139,0.011998,raw_ranges
247678,1788682224535523328,1.9393867864204792,1.8630536091904155,0.09746762011598963,15,0.08557843251654958,0.011998,raw_ranges
247679,1788682224557523968,1.9559880414534754,1.865502108574736,0.09729778806320384,15,0.08458035267840781,0.011998,raw_ranges
247680,1788682224580523520,1.938359825044949,1.862109029982852,0.09739729041458618,15,0.08516653339537889,0.011998,raw_ranges
247681,1788682224602523136,1.9568507797921644,1.8668052540973081,0.09472302731545001,15,0.06766886515562393,0.011998,raw_ranges
247682,1788682224624523264,1.9264372378851982,1.8548425298696563,0.09748839776941041,15,0.08569974192149253,0.011998,raw_ranges
247683,1788682224647523840,1.9493653648469547,1.8716798457487345,0.09753332291114328,15,0.08596145012238497,0.011998,raw_ranges
247684,1788682224669523712,1.9071359540564825,1.8671957011788696,0.10000973528443698,15,0.09932664939701216,0.011998,raw_ranges
247685,1788682224691523328,1.920540866291508,1.9201984236158016,0.09597718510715815,15,0.0763756054192578,0.011998,raw_ranges
247686,1788682224713523456,1.91723927808064,1.875539962517488,0.0994296699426473,15,0.09636243012008006,0.011998,raw_ranges
247687,1788682224735524864,1.9401272076573417,1.887470668987981,0.09684329940778486,15,0.08184954125579973,0.011998,raw_ranges
247688,1788682224763523072,1.9416589402142497,1.8675812205388096,0.09711056255370838,15,0.08346622400533274,0.011998,raw_ranges
247689,1788682224785524480,1.950467940755754,1.8749289022774298,0.09526679167074426,15,0.07157384766619906,0.011999,raw_ranges
247690,1788682224807523072,1.9512975861483215,1.8532044874810765,0.09625830687409746,15,0.07819434039684373,0.011998,raw_ranges
247691,1788682224830522880,1.939552858936682,1.8668642440088277,0.09743419948696332,15,0.08538280556390337,0.011999,raw_ranges
247692,1788682224852523264,1.9551477224402085,1.871403832148081,0.09621704699267779,15,0.0779300647290748,0.011998,raw_ranges
247693,1788682224874523904,1.9356260842280772,1.8663371440150103,0.10212058836476393,15,0.10943781960896302,0.011998,raw_ranges
247694,1788682224896523776,1.93596472764151,1.8878250347630177,0.09850880126265688,15,0.09145954984941093,0.011998,raw_ranges
247695,1788682224919523584,1.9258332223565293,1.863655953440037,0.09896866587228023,15,0.09393994820245666,0.011998,raw_ranges
247696,1788682224958523904,1.939431067233062,1.860077646225679,0.09748699813454631,15,0.08569157561012822,0.011998,raw_ranges
247697,1788682224981522688,1.9454475793801045,1.881948294537754,0.09761877461012572,15,0.086457056427603,0.011998,raw_ranges
247698,1788682225003553536,1.929392288685595,1.8590322828746735,0.09679466722144568,15,0.08155191731311835,0.011998,raw_ranges
247699,1788682225025522944,1.9300046205802426,1.8928779914894955,0.0981577086844056,15,0.0895195882497546,0.011998,raw_ranges
247700,1788682225057522944,1.934911840008566,1.868347047704212,0.09789613982717218,15,0.08804650943207339,0.011998,raw_ranges
247701,1788682225074524160,1.9426662819203213,1.9222947607105962,0.09547965187890863,15,0.07304653203889025,0.011994,raw_ranges
247702,1788682225102523648,1.9551047054913568,1.8811155983284262,0.09591799782556074,15,0.0759871424752947,0.011998,raw_ranges
247703,1788682225124524288,1.9165524252043094,1.8740385427341184,0.10000736463768223,15,0.09931459427839516,0.011999,raw_ranges
247704,1788682225146523136,1.9326663128573902,1.895865034861795,0.0977522891983459,15,0.08722578285315592,0.011998,raw_ranges
247705,1788682225169522944,1.9222956495892456,1.87031352388047,0.10269645417926518,15,0.1120378426169711,0.011999,raw_ranges
247706,1788682225191523328,1.9301082994848298,1.8900248137747946,0.1010363991496794,15,0.10436688720891989,0.011998,raw_ranges
247707,1788682225213522944,1.934726110087698,1.8710947849387252,0.09992170585972064,15,0.09888252553267768,0.011998,raw_ranges
247708,1788682225235523072,1.9543863784308897,1.8739406256527231,0.09759763693211823,15,0.08633472608468878,0.011998,raw_ranges
247709,1788682225258523136,1.9562680375734642,1.8704083038159955,0.09567586691448672,15,0.07437684391318795,0.011998,raw_ranges
247710,1788682225280523008,1.9374794251820127,1.8590342366192976,0.09709882275690675,15,0.08339586772080951,0.011998,raw_ranges
247711,1788682225302525696,1.9383306457578333,1.8738657301632557,0.09682944465290348,15,0.08176486194511363,0.011998,raw_ranges
247712,1788682225325523712,1.9552958394923776,1.881682221941126,0.09787927201694557,15,0.08795066806423688,0.011998,raw_ranges
247713,1788682225347523584,1.9298469632320432,1.8780217165759272,0.10118186018237241,15,0.10506144953489087,0.011998,raw_ranges
247714,1788682225369523968,1.9481381641816804,1.8902609257221994,0.09805415673003882,15,0.08893933171571973,0.011998,raw_ranges
247715,1788682225391526144,1.937135751806605,1.8541217402229018,0.09956099582408977,15,0.09704145413218915,0.011998,raw_ranges
247716,1788682225413522688,1.9547055083342697,1.9003704043023342,0.09557403117101149,15,0.07368907087900817,0.011998,raw_ranges
247717,1788682225465523456,1.952466043243607,1.8734566111729611,0.09549607005129446,15,0.07315817143214055,0.011998,raw_ranges
247718,1788682225487522816,1.9401814876958843,1.8554180405268872,0.09712906325920423,15,0.08357697802148767,0.011998,raw_ranges
247719,1788682225514524416,1.9389203047840888,1.8746306018561043,0.09844135194750206,15,0.08920448387554332,0.021998,raw_ranges
247720,1788682225537522944,1.9431923816463523,1.847573497195058,0.09748011049340698,15,0.08565137762702353,0.011998,raw_ranges
247721,1788682225559525376,1.950797035264741,1.8911242567638733,0.09610715991254497,15,0.07722180979843048,0.011998,raw_ranges
247722,1788682225581522688,1.9126050836228878,1.8682251435520876,0.10391360782334863,15,0.11734417675943123,0.011998,raw_ranges
247723,1788682225603523584,1.9360456764888585,1.8769134332727502,0.09857350539794375,15,0.09181259932026627,0.011998,raw_ranges
247724,1788682225625523968,1.9518102980687535,1.887180001187723,0.09727889947312474,15,0.08446861825035819,0.011998,raw_ranges
247725,1788682225648523264,1.9300158097279967,1.8676865292275175,0.0979169204435126,15,0.08816443976747437,0.011998,raw_ranges
247726,1788682225670523392,1.9507923537971243,1.8810545908319987,0.09485814994413935,15,0.06866001704150208,0.011998,raw_ranges
247727,1788682225692523008,1.9223368990745069,1.8746033995177345,0.09825482554233907,15,0.09006038828663283,0.011998,raw_ranges
247728,1788682225714523136,1.9591692155017866,1.8971736850048515,0.09582934236790748,15,0.0754015275966441,0.011998,raw_ranges
247729,1788682225737522688,1.9356672969796616,1.8932418688320638,0.09804012836319936,15,0.0888604319098178,0.011998,raw_ranges
247730,1788682225765523456,1.9180647521204872,1.8573643867879763,0.09958150083161602,15,0.09714704744672387,0.011998,raw_ranges
247731,1788682225787523840,1.9501765896262389,1.8704545358165687,0.09508019350377983,15,0.07025822017941984,0.011999,raw_ranges
247732,1788682225809523200,1.9266005805641317,1.8714925838913876,0.09731210618553922,15,0.08466495249829896,0.011998,raw_ranges
247733,1788682225832523520,1.948528396795434,1.8644612863580863,0.09797998832729467,15,0.08852125352871294,0.011999,raw_ranges
247734,1788682225854523392,1.948006140414918,1.8833200788174218,0.0967781842801568,15,0.08145079665759454,0.011998,raw_ranges
247735,1788682225876523520,1.9315545853389355,1.879667182994222,0.10046350579609883,15,0.10158520459249387,0.011998,raw_ranges
247736,1788682225898523392,1.9492893100189599,1.8819040907343305,0.09718134901275641,15,0.08388919482720296,0.011998,raw_ranges
247737,1788682225921522944,1.9212139981938618,1.882126804935123,0.09936737810201633,15,0.09603866980553373,0.011998,raw_ranges
247738,1788682225943522816,1.9360738446813544,1.8634642823489491,0.09832977003787119,15,0.09047551068588225,0.011998,raw_ranges
247739,1788682225984523264,1.93735974603425,1.8763788905382754,0.0973805144909088,15,0.08506798743892327,0.011998,raw_ranges
247740,1788682226006523136,1.934770795688625,1.8950224255718557,0.09718705123168056,15,0.08392317455673713,0.011998,raw_ranges
247741,1788682226028525312,1.9267293996957415,1.904873021957479,0.09586802639163886,15,0.07565761288620508,0.011998,raw_ranges
247742,1788682226051522816,1.9237343583573216,1.8980655759660792,0.09773104070399476,15,0.08710389600927598,0.011998,raw_ranges
247743,1788682226073522688,1.931003495216229,1.8723088686041693,0.09929594031384895,15,0.0956660248460704,0.011998,raw_ranges
247744,1788682226095523072,1.9545211565693146,1.8981800742724753,0.09518210738577844,15,0.07097996465044515,0.011998,raw_ranges
247745,1788682226123523328,1.9172277424670872,1.8759220438293391,0.09967664207894177,15,0.09763549597836728,0.011998,raw_ranges
247746,1788682226145523200,1.9364479073531404,1.8770829522832397,0.09803217963279542,15,0.08881555962665229,0.011999,raw_ranges
247747,1788682226167523840,1.9521482153952783,1.8682579014287,0.09647558159579636,15,0.07957153757340857,0.011998,raw_ranges
247748,1788682226190523648,1.9348704108736838,1.8815765218227185,0.09869765324356408,15,0.09248609215749196,0.011999,raw_ranges
247749,1788682226212524288,1.9657924416506936,1.8774091344818393,0.09677020568723456,15,0.08140180393108355,0.011998,raw_ranges
247750,1788682226234523904,1.934325275796849,1.8765787701793692,0.099838229991966,15,0.09845952461781443,0.011998,raw_ranges
247751,1788682226256523776,1.9379762766951298,1.8783275048687675,0.09924633342634455,15,0.09540640136984808,0.011998,raw_ranges
247752,1788682226279523328,1.9306418571139412,1.869421574924402,0.09763774238002378,15,0.08656668167386213,0.011998,raw_ranges
247753,1788682226301525248,1.917749596333259,1.887907109538723,0.0986134612467762,15,0.09202993666615335,0.011998,raw_ranges
247754,1788682226323523328,1.9320003101869154,1.8942967664760646,0.09822881114272496,15,0.08991584475900208,0.011998,raw_ranges
247755,1788682226346523136,1.9199430804862345,1.884830927863964,0.1016452801873746,15,0.10724424545575678,0.011998,raw_ranges
247756,1788682226368523776,1.9385159820461608,1.8859560620964915,0.09801194459677733,15,0.08870170569260398,0.011998,raw_ranges
247757,1788682226390523648,1.95112561366289,1.894509879455652,0.09618441511420354,15,0.07772041630230467,0.011998,raw_ranges
247758,1788682226412523008,1.9279853879261708,1.8799802029662271,0.09727532294671995,15,0.08444744485607578,0.011998,raw_ranges
247759,1788682226434522880,1.9431471590403167,1.9049076245429077,0.09762747536932209,15,0.08650736018005695,0.011998,raw_ranges
247760,1788682226486524672,1.9436912695891393,1.8895483252816387,0.09518830170860793,15,0.07102358555161747,0.011998,raw_ranges
247761,1788682226508523264,1.9279840835009066,1.8736738530752484,0.0982648425672728,15,0.0901159839499786,0.011998,raw_ranges
247762,1788682226530523136,1.9448633690432118,1.8930590368665743,0.09651611536822662,15,0.07982583143460906,0.011998,raw_ranges
247763,1788682226553523200,1.922489797364413,1.8832710639216201,0.09967094610456992,15,0.09760632203177168,0.011998,raw_ranges
247764,1788682226575523072,1.939188019365761,1.8808936446251232,0.09969678616255105,15,0.09773860116940009,0.011998,raw_ranges
247765,1788682226597522944,1.94622219431741,1.886768234545459,0.09733209581871588,15,0.08478292171608552,0.011998,raw_ranges
247766,1788682226620523776,1.9186230115520784,1.8708281279287235,0.09964161179315507,15,0.09745593768034395,0.011998,raw_ranges
247767,1788682226642522624,1.94683308211793,1.8736996801806802,0.09582222906330252,15,0.07535434333402771,0.011998,raw_ranges
247768,1788682226664523264,1.927837797183767,1.8662722014427886,0.09764651396434872,15,0.08661733060045618,0.011998,raw_ranges
247769,1788682226686523136,1.9330028041220693,1.8843097435466964,0.09700558843003428,15,0.08283499517736621,0.011998,raw_ranges
247770,1788682226709523200,1.930630343049698,1.8827598795044227,0.09820464660689725,15,0.08978137113509267,0.011998,raw_ranges
247771,1788682226731523584,1.9285908366724631,1.8928462170458356,0.09883773853151367,15,0.09324047687304952,0.011998,raw_ranges
247772,1788682226753523456,1.9512375592070714,1.902980334221981,0.09644805414862939,15,0.07939837620902203,0.011998,raw_ranges
247773,1788682226775523584,1.9224077959321688,1.8733146080684868,0.09995285487013711,15,0.09903990542269873,0.011998,raw_ranges
247774,1788682226803523072,1.9268114944145112,1.8684038671890295,0.09764366220189195,15,0.08660086718902972,0.011998,raw_ranges
247775,1788682226825523456,1.9466969375092151,1.8932276289167476,0.09835284975152642,15,0.09060283522344335,0.011999,raw_ranges
247776,1788682226847523584,1.92279458352713,1.8762081475257688,0.09932465477419983,15,0.09581598389725923,0.011998,raw_ranges
247777,1788682226870523392,1.9409917768580696,1.8866532372015732,0.09732291602324422,15,0.0847286257544888,0.011999,raw_ranges
247778,1788682226892523264,1.9270626377843363,1.871303180528884,0.10037746609393754,15,0.10116083278590354,0.011998,raw_ranges
247779,1788682226914523392,1.9490279620862272,1.8683873055506117,0.09639939286301091,15,0.0790913450322532,0.011998,raw_ranges
247780,1788682226936522752,1.9539079085615085,1.8807638132926618,0.09878414162287023,15,0.092952620290502,0.011998,raw_ranges
247781,1788682226959523328,1.9446452018958924,1.8630791982688137,0.09618573570341407,15,0.07772891160574728,0.011998,raw_ranges
247782,1788682227000524288,1.9522203165263048,1.864129145046969,0.09758499760253607,15,0.08626149545733643,0.011998,raw_ranges
247783,1788682227022523392,1.9458762847600435,1.89325113936321,0.09647331375527542,15,0.07955728597228179,0.011998,raw_ranges
247784,1788682227044523264,1.9341977056086148,1.8607866850618109,0.09830330524981046,15,0.09032913840954347,0.011998,raw_ranges
247785,1788682227067525632,1.9409246978911854,1.8980123536293092,0.09778005616978873,15,0.0873848051195901,0.011998,raw_ranges
247786,1788682227089522688,1.911648727620012,1.8826292807219904,0.10016840367553002,15,0.10012218371335113,0.011998,raw_ranges
247787,1788682227111523328,1.953615495104845,1.8869918134418318,0.09552784642883302,15,0.07337502589323582,0.011998,raw_ranges
247788,1788682227139524608,1.9464025009177395,1.8847028482069113,0.09963730317767032,15,0.09743382971879085,0.011998,raw_ranges
247789,1788682227161523200,1.9291519113649842,1.8767571015814821,0.10021465330639373,15,0.10035276431366372,0.011999,raw_ranges
247790,1788682227183524096,1.9588038799049634,1.8917510739518215,0.09739372274634636,15,0.08514558557169222,0.011998,raw_ranges
247791,1788682227206523392,1.907373161842186,1.8813797689072778,0.1006487870937572,15,0.10249298069993483,0.011999,raw_ranges
247792,1788682227228538624,1.9373516209203792,1.8852850980921667,0.09804070455105633,15,0.08886367394529857,0.011998,raw_ranges
247793,1788682227250619904,1.954620092395346,1.869066428613703,0.09671692510054934,15,0.0810738743156471,0.011998,raw_ranges
247794,1788682227272619776,1.9443334788607434,1.8599144542434767,0.09585295609443664,15,0.07555795186766677,0.011998,raw_ranges
247795,1788682227295623936,1.9633550509418345,1.8740909491692401,0.09703992479601704,15,0.08304199414764227,0.011998,raw_ranges
247796,1788682227317619712,1.9412781680837061,1.8342664673672056,0.09774286735050076,15,0.08717175773437616,0.011998,raw_ranges
247797,1788682227339619584,1.9485477619353324,1.8721421357839654,0.0981974649344739,15,0.08974136688547761,0.011998,raw_ranges
247798,1788682227362619648,1.9590098623105996,1.8589859905006283,0.09634239675033983,15,0.0787302022500885,0.011998,raw_ranges
247799,1788682227384619776,1.9354265259099068,1.870744135461551,0.09738912293846695,15,0.08511856985680008,0.011998,raw_ranges
247800,1788682227406619136,1.9327326800229816,1.8971312942149687,0.09712124319368165,15,0.08353018131000112,0.011998,raw_ranges
247801,1788682227428619520,1.92984484742386,1.8515815544165337,0.0998016598027657,15,0.09827363735389931,0.011998,raw_ranges
247802,1788682227450619648,1.9567869418085706,1.8791865122877691,0.09579415313645837,15,0.07516781979316928,0.011998,raw_ranges
247803,1788682227503620096,1.9610892575775682,1.8710711899897727,0.09590850158902973,15,0.0759246309508959,0.011998,raw_ranges
247804,1788682227525619456,1.9480075681397098,1.855241945217835,0.09799673427320126,15,0.08861592559580508,0.011998,raw_ranges
247805,1788682227547620864,1.9434843745687924,1.8878191191884517,0.09833288097785495,15,0.09049270121868923,0.011998,raw_ranges
247806,1788682227569619456,1.9190370665176766,1.8593624904222281,0.09936120167628354,15,0.09600650848918288,0.011998,raw_ranges
247807,1788682227591619840,1.949342220501161,1.8816880935741374,0.09955639457431255,15,0.09701774358493685,0.011998,raw_ranges
247808,1788682227614619648,1.9339109678373378,1.88351016107837,0.09702560169992903,15,0.08295570924251712,0.011998,raw_ranges
247809,1788682227636620800,1.9302788995801243,1.8666560730757158,0.09922760888551967,15,0.09530822042992763,0.011998,raw_ranges
247810,1788682227658620416,1.931656153666155,1.8995833601791596,0.09788709005485312,15,0.08799510242538004,0.011998,raw_ranges
247811,1788682227680620288,1.9377141799329454,1.8571122423038795,0.0991567615505862,15,0.09493581803822101,0.011998,raw_ranges
247812,1788682227703621888,1.9302379561468512,1.8843630185939761,0.0980005815953909,15,0.08863763078620115,0.011998,raw_ranges
247813,1788682227725620736,1.9185367106785298,1.8757160200143796,0.10032324664554049,15,0.1008924905111401,0.011998,raw_ranges
247814,1788682227747619328,1.9271072266783886,1.8852993320653364,0.09742930337482396,15,0.08535426978671874,0.011998,raw_ranges
247815,1788682227769619712,1.9326887967572426,1.8682672978726114,0.09717767395374802,15,0.08386728772142342,0.011998,raw_ranges
247816,1788682227792623616,1.9257568896878763,1.8841981680778181,0.10097245613508371,15,0.1040600986501729,0.011998,raw_ranges
247817,1788682227820619776,1.9446700929856489,1.86316765651921,0.09642452974239585,15,0.07925009614124041,0.011998,raw_ranges
247818,1788682227842619904,1.9363339426475035,1.8702934963497035,0.09660556286841306,15,0.08038399633890485,0.011999,raw_ranges
247819,1788682227864619520,1.9265722504972147,1.8626451371408779,0.0999792738270726,15,0.09917319105016538,0.011998,raw_ranges
247820,1788682227887619328,1.955919940646069,1.8744289582655504,0.09626807939257669,15,0.07825665078174945,0.011999,raw_ranges
247821,1788682227909619200,1.9338750967495701,1.863267422634436,0.10013661964652512,15,0.0999633314897274,0.011998,raw_ranges
247822,1788682227931622656,1.930716032864717,1.8757304531381505,0.09878374034864298,15,0.09295046177745968,0.011998,raw_ranges
247823,1788682227953619968,1.9286539700564633,1.8766835969024687,0.09730751909741937,15,0.0846378585115395,0.011998,raw_ranges
247824,1788682227976619264,1.9253295633883796,1.857741946180902,0.1002590069540463,15,0.10057362949623679,0.011998,raw_ranges
247825,1788682228017619712,1.949534864244264,1.8694058386069405,0.09662021499865904,15,0.08047523218145476,0.011998,raw_ranges
247826,1788682228039620096,1.954878876010851,1.8631311245446593,0.09629372680364631,15,0.07842049986863328,0.011998,raw_ranges
247827,1788682228061619968,1.9377653992153179,1.8565199509930794,0.09736671369771924,15,0.08498683247256152,0.011998,raw_ranges
247828,1788682228084620288,1.9585180077805886,1.8758371879221496,0.09650895040091774,15,0.07978094006037875,0.011998,raw_ranges
247829,1788682228106620160,1.9358337295840704,1.8450988526107928,0.09838336144335373,15,0.09077119278357941,0.011998,raw_ranges
247830,1788682228128619776,1.9559931258051284,1.8789100404952448,0.09680675803411506,15,0.08162601319502917,0.011998,raw_ranges
247831,1788682228156619264,1.940126250054926,1.8681612711140232,0.09969963361388254,15,0.09775316675117253,0.011998,raw_ranges
247832,1788682228178618880,1.9552702471515535,1.8522050599480813,0.0966778460788292,15,0.08083235786384813,0.011999,raw_ranges
247833,1788682228200620544,1.9635483200562767,1.8754771233834049,0.09476302445612998,15,0.06796375837260608,0.011998,raw_ranges
247834,1788682228223619840,1.9311782951454035,1.8649037513011433,0.0980947351774035,15,0.08916702964887585,0.011999,raw_ranges
247835,1788682228245619200,1.9531055554189596,1.8701468542385298,0.09712193721176549,15,0.0835343355020287,0.011998,raw_ranges
247836,1788682228267619328,1.9471971135679327,1.8652238728841082,0.0970009145462413,15,0.08280677835927024,0.011998,raw_ranges
247837,1788682228289622016,1.9538381038665356,1.8818357740736642,0.09676747547459176,15,0.08138503222701192,0.011998,raw_ranges
247838,1788682228312619776,1.9564822982294277,1.8703702608099668,0.09631464440485228,15,0.07855375484884405,0.011998,raw_ranges
247839,1788682228334619904,1.946756405189969,1.8607304628035395,0.09635809524870559,15,0.07882983727438228,0.011998,raw_ranges
247840,1788682228356619520,1.9493371540470492,1.8805896251666663,0.09543806607105129,15,0.07276066290964713,0.011998,raw_ranges
247841,1788682228379619584,1.9482114029309279,1.869522322622953,0.09690690615469934,15,0.08223718228818001,0.011998,raw_ranges
247842,1788682228401619456,1.9431404146737277,1.8645679297887572,0.09811819513565348,15,0.0892986177477204,0.011998,raw_ranges
247843,1788682228423619584,1.9417041601717455,1.8814558916499429,0.09692078432090717,15,0.08232151794583956,0.011998,raw_ranges
247844,1788682228445620992,1.9382418824952485,1.86976643150064,0.09719768940494941,15,0.08398653106867446,0.011998,raw_ranges
247845,1788682228467619328,1.9340038434195104,1.8904017777051907,0.0964694329848288,15,0.0795328924460113,0.011998,raw_ranges
247846,1788682228519619584,1.947432011661343,1.8812985471731736,0.09655055955434198,15,0.0800412865360246,0.011998,raw_ranges
247847,1788682228541620224,1.933633108511154,1.886752784964093,0.09804927766349207,15,0.08891189830102647,0.011998,raw_ranges
247848,1788682228563620352,1.933688310605048,1.8977190370290953,0.09776988718641286,15,0.08732660065760525,0.011998,raw_ranges
247849,1788682228586618880,1.946953942781149,1.8521220215502852,0.09595283112677182,15,0.07621600306216417,0.011998,raw_ranges
247850,1788682228608621056,1.9468332150834524,1.8809438576075779,0.09517766966709648,15,0.07094869740239418,0.011998,raw_ranges
247851,1788682228630619648,1.9278290681924353,1.8552438086509784,0.09907680741017336,15,0.09451378421253358,0.011998,raw_ranges
247852,1788682228653619200,1.9607619763997217,1.888785291281586,0.09623843980865597,15,0.07806720056884306,0.011998,raw_ranges
247853,1788682228675619840,1.9538194106727578,1.8643619909320808,0.09675952367294093,15,0.08133616458218897,0.011998,raw_ranges
247854,1788682228697619712,1.9202302863502254,1.8801809211764717,0.09914389770987848,15,0.09486804364947392,0.011998,raw_ranges
247855,1788682228719619328,1.956395231707132,1.8810516625359164,0.09633661082505945,15,0.07869344839984753,0.011998,raw_ranges
247856,1788682228745119744,1.9260333541831542,1.864030254696378,0.0987057183975937,15,0.09067417710458535,0.021998,raw_ranges
247857,1788682228769620736,1.93779054010225,1.889043435172226,0.09749654890989588,15,0.08574784471866265,0.011994,raw_ranges
247858,1788682228799119872,1.9485165060839378,1.8675219708222723,0.09595503133140848,15,0.07396701513112777,0.021998,raw_ranges
247859,1788682228829619968,1.948716792436202,1.8549736665229934,0.09642077786278326,15,0.07922642146899773,0.011998,raw_ranges
247860,1788682228851618560,1.9655663610790608,1.8735162408575396,0.09447639767352785,15,0.06582113393529355,0.011999,raw_ranges
247861,1788682228873620736,1.9475837562801528,1.849388031394561,0.09772826107762908,15,0.08708793873797381,0.011998,raw_ranges
247862,1788682228896620032,1.9405227487097803,1.878102748621252,0.0968046754240282,15,0.08161310815688984,0.011999,raw_ranges
247863,1788682228918619648,1.9604552769521473,1.8830025903407916,0.0947016732401374,15,0.06751089716584574,0.011998,raw_ranges
247864,1788682228940619776,1.930897793122002,1.861133629598208,0.09931426652674998,15,0.09576175918784066,0.011998,raw_ranges
247865,1788682228962619648,1.9502178199348434,1.8787685654122765,0.09597952511811388,15,0.0763909229824714,0.011998,raw_ranges
247866,1788682228985619712,1.9631284965990075,1.8868115755936457,0.09606386219799423,15,0.07694095264548158,0.011998,raw_ranges
247867,1788682229023619328,1.947902134701728,1.8645281409237648,0.09699131063228823,15,0.08274876813758766,0.011998,raw_ranges
247868,1788682229045619200,1.956747082772628,1.8801985997314032,0.09742100115420152,15,0.0853056220316195,0.011998,raw_ranges
247869,1788682229067621888,1.9306125403199232,1.8640180278896918,0.09726400506649607,15,0.08438040686377421,0.011998,raw_ranges
247870,1788682229089619712,1.9570928821171294,1.875640816909522,0.09613483559358349,15,0.07740079837820474,0.011998,raw_ranges
247871,1788682229112619520,1.964388864641594,1.8910278580001958,0.09562202758229348,15,0.07401402284900804,0.011998,raw_ranges
247872,1788682229134619136,1.9295489578637433,1.8673816991375973,0.10039557602416425,15,0.10125030380282449,0.011998,raw_ranges
247873,1788682229162619136,1.9519143928563942,1.8692413043375355,0.09675494890315495,15,0.08130803711291372,0.011998,raw_ranges
247874,1788682229184623616,1.9523946732467696,1.876757357296167,0.09611760305751202,15,0.07728924282532486,0.011999,raw_ranges
247875,1788682229206619904,1.92091740280269,1.8783835212344988,0.10102940032578683,15,0.10433335191484472,0.011998,raw_ranges
247876,1788682229229619712,1.9453180600458602,1.8628416238651109,0.09672984731412584,15,0.08115338140290801,0.011999,raw_ranges
247877,1788682229251619840,1.9409469486537891,1.8810720853886571,0.09674009689374426,15,0.0812166540171673,0.011998,raw_ranges
247878,1788682229273619968,1.927993830064008,1.8666316379029484,0.0992394644520545,15,0.0953703960778947,0.011998,raw_ranges
247879,1788682229295620096,1.9575469195409652,1.8818465041453682,0.09644551327237608,15,0.07938237378899729,0.011998,raw_ranges
247880,1788682229318620160,1.9285854192801788,1.8792202124873603,0.09907205211212632,15,0.09448862422602161,0.011998,raw_ranges
247881,1788682229340619520,1.941146584410401,1.8551479090119007,0.09770157066990973,15,0.08693456542658812,0.011998,raw_ranges
247882,1788682229362619904,1.964823809762558,1.8805255382808435,0.09499360937691897,15,0.06963948142339216,0.011998,raw_ranges
247883,1788682229385619968,1.924080622277099,1.8708415350570338,0.09931565805267874,15,0.09576902447388064,0.011998,raw_ranges
247884,1788682229407619328,1.9410469790197094,1.8617940628398844,0.09632584068285878,15,0.07862498762390224,0.011998,raw_ranges
247885,1788682229429619456,1.9468302412166265,1.882029878922345,0.09596195577863993,15,0.07627584004545564,0.011998,raw_ranges
247886,1788682229451618816,1.934329354841533,1.8709241389651943,0.09754432599229955,15,0.08602542640579906,0.011998,raw_ranges
247887,1788682229473619200,1.9354963623189978,1.896373316254404,0.095244152435367,15,0.07141568757189842,0.011998,raw_ranges
247888,1788682229501619712,1.9564724167307423,1.8764163542393044,0.09548100151381765,15,0.07305511282461791,0.011998,raw_ranges
247889,1788682229541619968,1.9659987773839147,1.8630361410258647,0.09497271192334569,15,0.06948927916841341,0.011998,raw_ranges
247890,1788682229563619072,1.9473155390411943,1.8515018868487896,0.09549281143241181,15,0.07313589698917908,0.011998,raw_ranges
247891,1788682229585619712,1.955525188207498,1.8669935263988766,0.09498912521731503,15,0.06960727845071261,0.011998,raw_ranges
247892,1788682229607620096,1.9441275449646376,1.8797579411990273,0.0974305850150012,15,0.08536177722494538,0.011998,raw_ranges
247893,1788682229630618880,1.9438183556344721,1.8559910211447743,0.09679146557529217,15,0.08153228545362978,0.011998,raw_ranges
247894,1788682229652619520,1.9531767948101677,1.8774764969719329,0.09639038622219495,15,0.0790343863023871,0.011998,raw_ranges
247895,1788682229674619648,1.9191918610343734,1.8647041368366855,0.1004287195128283,15,0.10141384278700963,0.011998,raw_ranges
247896,1788682229696619520,1.9350372246737628,1.8787659364089688,0.09985942166495729,15,0.09856708203531897,0.011998,raw_ranges
247897,1788682229719619072,1.9509747812777873,1.8858066939383626,0.09546726364058805,15,0.07296102820402171,0.011998,raw_ranges
247898,1788682229741619968,1.9171782949867688,1.8664407863874812,0.09825889795030147,15,0.09008299476761127,0.011998,raw_ranges
247899,1788682229763619072,1.9343843392721287,1.8899342582672725,0.09925966997533822,15,0.0954762691528017,0.011998,raw_ranges
247900,1788682229785622528,1.930513197881188,1.8812031076059959,0.09763047968210808,15,0.08652472292997007,0.011998,raw_ranges
247901,1788682229808622336,1.9168094857608151,1.8903034869580495,0.0979164153853425,15,0.08816157542457204,0.011998,raw_ranges
247902,1788682229836620544,1.9422016568095963,1.8497587312017503,0.09716324415786344,15,0.0837812159965672,0.011998,raw_ranges
247903,1788682229858622208,1.9539884766448976,1.8651537625705201,0.09526688056977552,15,0.0715744686936307,0.011999,raw_ranges
247904,1788682229880620288,1.9495883758522254,1.8715345848922325,0.0983578002382839,15,0.09063028320756757,0.011998,raw_ranges
247905,1788682229903619328,1.9505233797321155,1.8562292560560607,0.0949795389360526,15,0.0695382120495818,0.011999,raw_ranges
247906,1788682229925619200,1.95132171504832,1.8759316857241146,0.09555363406228384,15,0.07355054084290505,0.011998,raw_ranges
247907,1788682229947619328,1.9382194257528347,1.8589793885211172,0.0990990284136317,15,0.0946312654973593,0.011998,raw_ranges
247908,1788682229969619456,1.9390846132202377,1.8882921261345014,0.09690124663455658,15,0.08220276534616451,0.011998,raw_ranges
247909,1788682229992620288,1.9363149760119436,1.8737021125698075,0.09686028231655625,15,0.08195322026959194,0.011998,raw_ranges
247910,1788682230014620160,1.9172921184932332,1.8805937145315172,0.10040707859246022,15,0.10130709051423907,0.011998,raw_ranges
247911,1788682230055619840,1.9587650754339252,1.8687674569389512,0.09676097746060688,15,0.08134510099942646,0.011998,raw_ranges
247912,1788682230087619584,1.952015400527541,1.8809171230611397,0.09707016833171975,15,0.08322389276956321,0.011998,raw_ranges
247913,1788682230104620800,1.931505343240049,1.8716171635287377,0.09629545938518114,15,0.0784321576216104,0.011994,raw_ranges
247914,1788682230126619904,1.9588851891041263,1.8827883396116258,0.09559615957038156,15,0.07383906531356936,0.011998,raw_ranges
247915,1788682230149619968,1.9532298746471939,1.8935886696048028,0.09470931504473448,15,0.067567470285149,0.011998,raw_ranges
247916,1788682230171619072,1.9406088489950835,1.8633823119074882,0.09660301031409088,15,0.08036826681029574,0.011998,raw_ranges
247917,1788682230199619840,1.9283361742399177,1.8742884396386998,0.09853434408511215,15,0.0915990834075983,0.011998,raw_ranges
247918,1788682230221620224,1.9371590134577026,1.8872295112228121,0.09745495048876295,15,0.08550423666557669,0.011999,raw_ranges
247919,1788682230243619328,1.951367127677289,1.8624502846320048,0.09592584268428435,15,0.07603874459960762,0.011998,raw_ranges
247920,1788682230266619648,1.931635588757201,1.8580426235260192,0.09770389985916633,15,0.08694782261889218,0.011999,raw_ranges
247921,1788682230288621824,1.9460863012069411,1.8846064249506151,0.0972996971844738,15,0.08459163776918971,0.011998,raw_ranges
247922,1788682230310619648,1.9590597134670535,1.8719697198480505,0.09509764788906398,15,0.07038249700787826,0.011998,raw_ranges
247923,1788682230332619264,1.9469017959214416,1.854824359458734,0.09605942487609678,15,0.07691211134858278,0.011998,raw_ranges
247924,1788682230355645952,1.9401114844295229,1.8883121607407476,0.09958593216141547,15,0.0971698521014387,0.011998,raw_ranges
247925,1788682230377619200,1.9663161612785638,1.8739455005546326,0.09725499287738654,15,0.08432698781165221,0.011998,raw_ranges
247926,1788682230399619328,1.946623297121216,1.8514614191879242,0.09716570456544629,15,0.08379589823760052,0.011998,raw_ranges
247927,1788682230422619136,1.9449479429025422,1.873919702512105,0.09743710724635556,15,0.08539997214493436,0.011998,raw_ranges
247928,1788682230444619264,1.9434188721683465,1.8757880798199618,0.09636326878095548,15,0.07886264500354709,0.011998,raw_ranges
247929,1788682230466619392,1.9521776594776734,1.8819888768745983,0.09457579075907692,15,0.06657205686379924,0.011998,raw_ranges
247930,1788682230488619776,1.9467439898598446,1.8901279352161946,0.09655420574576092,15,0.08006406023779286,0.011998,raw_ranges
247931,1788682230515619584,1.940330389347704,1.9058002847708668,0.09688159237799099,15,0.07998550102356673,0.021998,raw_ranges
247932,1788682230572620032,1.9394833599309516,1.8814091453032848,0.09762855355968104,15,0.08651359173957032,0.011998,raw_ranges
247933,1788682230594619648,1.9272006929112389,1.8727134587804593,0.0980891495993061,15,0.08913583788413115,0.011998,raw_ranges
247934,1788682230617618944,1.948201647047425,1.8765553299937592,0.09820157943055688,15,0.08976428814710721,0.011998,raw_ranges
247935,1788682230639619072,1.9559640998846897,1.888914882306783,0.09692537637554026,15,0.08234940419663193,0.011998,raw_ranges
247936,1788682230661823232,1.94315124636738,1.8605082935627424,0.0985271984914407,15,0.09156007037699737,0.011998,raw_ranges
247937,1788682230683822848,1.9551851949889476,1.8668380082995502,0.09611365089215612,15,0.07726382651769277,0.011998,raw_ranges
247938,1788682230706838272,1.9504831146461625,1.875107811543048,0.09703639181325231,15,0.08302071915643901,0.011998,raw_ranges
247939,1788682230728837632,1.9297294377144758,1.872319730498794,0.0979288496968061,15,0.08823206725905328,0.011998,raw_ranges
247940,1788682230750838272,1.9533462568425766,1.862712580615962,0.09485659558873079,15,0.06864869689025997,0.011998,raw_ranges
247941,1788682230772838400,1.9527284776420946,1.8700418936592536,0.09578280353301481,15,0.07509228674780662,0.011998,raw_ranges
247942,1788682230795837952,1.9139833814950358,1.8944690577243262,0.09745525108466563,15,0.08550613475456384,0.011998,raw_ranges
247943,1788682230817837824,1.9360897858607244,1.8805271615192478,0.09746745796821468,15,0.08557748514775766,0.011998,raw_ranges
247944,1788682230839859200,1.9688417877284505,1.8917365231319716,0.09546884481295118,15,0.07297186313197151,0.011998,raw_ranges
247945,1788682230861838336,1.9424981996293629,1.8599720037348833,0.09662975003712627,15,0.08053445246058538,0.011998,raw_ranges
247946,1788682230889838336,1.9229679549909613,1.8817672929107032,0.09840586896121511,15,0.09089508764072525,0.011998,raw_ranges
247947,1788682230911837696,1.9459924771839632,1.8896661403367923,0.09701448887893852,15,0.08288855697826161,0.011999,raw_ranges
247948,1788682230933837824,1.9557162285144356,1.860035588117983,0.09650936057828421,15,0.07978351066657961,0.011998,raw_ranges
247949,1788682230956839424,1.928392997061553,1.8656316296340312,0.09942076685624837,15,0.09631609862971187,0.011999,raw_ranges
247950,1788682230978838528,1.931941318202277,1.8804978351976416,0.09771933700091755,15,0.08703668764904576,0.011998,raw_ranges
247951,1788682231000838400,1.94955386512068,1.886755624157392,0.09545160956371954,15,0.07285367224594476,0.011998,raw_ranges
247952,1788682231022838528,1.9437424930655882,1.8613260125496598,0.0963761477290444,15,0.07894425707449791,0.011998,raw_ranges
247953,1788682231045838336,1.944199900203274,1.8815502688342576,0.10048444425039237,15,0.10168821095088834,0.011998,raw_ranges
247954,1788682231086838784,1.9607583093235477,1.8700355782757265,0.0965687404550004,15,0.08015477809214126,0.011998,raw_ranges
247955,1788682231108837888,1.9477806942484814,1.8662808928460364,0.09785656453840919,15,0.08782148105338004,0.011998,raw_ranges
247956,1788682231131838720,1.946295990477624,1.863219925514978,0.09701876202111874,15,0.0829144741110908,0.011998,raw_ranges
247957,1788682231153838592,1.9687178959613534,1.888455862275923,0.09365529153684074,15,0.05925655687635544,0.011998,raw_ranges
247958,1788682231175838208,1.9566536347380437,1.8828585672033527,0.09546697290878758,15,0.07295903579946485,0.011998,raw_ranges
247959,1788682231197839872,1.9220466809516794,1.8665665863685694,0.09747042059627999,15,0.0855947930208374,0.011998,raw_ranges
247960,1788682231225839360,1.947142443149179,1.8718719045854166,0.09946428901796554,15,0.09654189253358127,0.011998,raw_ranges
247961,1788682231247838976,1.961791033936045,1.8669519422762375,0.09527318976577184,15,0.07161852947926152,0.011999,raw_ranges
247962,1788682231269839360,1.9593783718117381,1.865505745565846,0.09653537435886231,15,0.07994637174295222,0.011998,raw_ranges
247963,1788682231292852992,1.9356438593751761,1.8728653989036184,0.09723367795355865,15,0.0842003678884995,0.011999,raw_ranges
247964,1788682231314852608,1.9594535237164838,1.8771532048100912,0.0948052232403905,15,0.06827350317942167,0.011998,raw_ranges
247965,1788682231336853248,1.9639708562288989,1.8627896158330401,0.0960798378123064,15,0.07704470006630186,0.011998,raw_ranges
247966,1788682231358853120,1.9554806370526374,1.874203964151118,0.09629508441119264,15,0.07842915533902332,0.011998,raw_ranges
247967,1788682231381853184,1.965744279546972,1.8735530181247124,0.09509692717330517,15,0.07037737682881604,0.011998,raw_ranges
247968,1788682231403852288,1.9456255498969115,1.8492204559935113,0.097820076078669,15,0.08761349253778784,0.011998,raw_ranges
247969,1788682231425853440,1.9494297547216348,1.8539751592226625,0.09682442236052546,15,0.08173414437385074,0.011998,raw_ranges
247970,1788682231448855552,1.9595887992977363,1.8724889448342796,0.09610527288144172,15,0.0772095905794204,0.011998,raw_ranges
247971,1788682231470855680,1.942811356318462,1.8749083601526733,0.0964253809197623,15,0.07925546615699325,0.011998,raw_ranges
247972,1788682231492855552,1.941741443907688,1.8937962170261413,0.09426723726420298,15,0.06421281227452184,0.011998,raw_ranges
247973,1788682231514854912,1.9465248210749944,1.893745164323631,0.095294337980536,15,0.071766189647605,0.011998,raw_ranges
247974,1788682231536855552,1.9209452922417833,1.902045283060837,0.0965132431095778,15,0.07980783862239228,0.011998,raw_ranges
247975,1788682231588859904,1.9488043197868516,1.8646620795398219,0.0957887976916025,15,0.07513218809273771,0.011998,raw_ranges
247976,1788682231610866432,1.9536082904951695,1.8507028909078478,0.09566582980509375,15,0.07430933858603343,0.011998,raw_ranges
247977,1788682231632867072,1.9667453585675403,1.8719203472084442,0.09406016890503893,15,0.0625796844114681,0.011998,raw_ranges
247978,1788682231655866880,1.9608883056784197,1.8765081912713473,0.09569922010406194,15,0.07453367091497609,0.011998,raw_ranges
247979,1788682231677866752,1.9594479800263847,1.8756691611381484,0.09562558355236693,15,0.07403804122454166,0.011998,raw_ranges
247980,1788682231699866368,1.954797321096421,1.871438472927335,0.09422985442505762,15,0.06392106398565046,0.011998,raw_ranges
247981,1788682231722866688,1.9367886543982056,1.884775746507491,0.09609439072285841,15,0.07713908684226449,0.011998,raw_ranges
247982,1788682231744866560,1.9403257201838786,1.8577693724928295,0.0952884053165634,15,0.07172484445827262,0.011998,raw_ranges
247983,1788682231766867200,1.9765283563503053,1.8713277198786034,0.09323375266483168,15,0.05558597539696219,0.011998,raw_ranges
247984,1788682231788866816,1.9577525604846877,1.8406452029447404,0.09561218119493173,15,0.07394747589290479,0.011998,raw_ranges
247985,1788682231811866880,1.9258451453405845,1.883324567355255,0.0977812866333118,15,0.0873918453250176,0.011998,raw_ranges
247986,1788682231833866752,1.9424343251831069,1.8963990078387691,0.09563314368622705,15,0.07408907937224662,0.011998,raw_ranges
247987,1788682231855867392,1.931861564016273,1.8682850540325966,0.09711287010547111,15,0.08348004612762928,0.011998,raw_ranges
247988,1788682231877867264,1.942406553195741,1.9044664035500778,0.09380969393932262,15,0.06054537088269115,0.011998,raw_ranges
247989,1788682231905867264,1.9285458274595337,1.889866115811149,0.09649451693037828,15,0.07969043183706734,0.011998,raw_ranges
247990,1788682231927866112,1.9341871891544047,1.86468410893735,0.09793780920323726,15,0.0882826891425339,0.011999,raw_ranges
247991,1788682231949866496,1.9470888053218636,1.8767839235225008,0.09758700184136385,15,0.08627311190263076,0.011998,raw_ranges
247992,1788682231972867072,1.9349835956446995,1.8818532567979238,0.0961679852274116,15,0.07761449108518083,0.011999,raw_ranges
247993,1788682231994866432,1.937804768841897,1.8742209220495682,0.09610878335131302,15,0.07723232061328357,0.011998,raw_ranges
247994,1788682232016866304,1.9256466592987682,1.8669885092496412,0.0973430832473039,15,0.08484769439002982,0.011998,raw_ranges
247995,1788682232038866176,1.9545322431134418,1.8745845251473823,0.09496437811843383,15,0.06942928859230697,0.011998,raw_ranges
247996,1788682232061868288,1.9461502568614015,1.859008320532388,0.09842809791583737,15,0.09101728358854361,0.011998,raw_ranges
247997,1788682232102867968,1.9601378596338217,1.8715554775674128,0.09507232549412387,15,0.07020237524559891,0.011998,raw_ranges
247998,1788682232125871104,1.926986563905811,1.8663129578346784,0.09767622751904059,15,0.0867886831046571,0.011998,raw_ranges
247999,1788682232147869696,1.9478605066539008,1.86699066432523,0.09525966428878983,15,0.07152420768376147,0.011998,raw_ranges
248000,1788682232169868288,1.94040905354585,1.8803315454379768,0.09541704880309132,15,0.07261609187426249,0.011998,raw_ranges
248001,1788682232191868928,1.932335708607108,1.8589408163101646,0.09703464827403466,15,0.08301021786524036,0.011998,raw_ranges
248002,1788682232214868224,1.9355690082873427,1.8767644982102338,0.09517320646339879,15,0.07091723668755572,0.011998,raw_ranges
248003,1788682232242868480,1.9495196865275783,1.867241423423351,0.09478693570547811,15,0.06813944306697932,0.011998,raw_ranges
248004,1788682232264871424,1.9510464298953518,1.8869865967268376,0.09513342471518323,15,0.07063602985858726,0.011999,raw_ranges
248005,1788682232286870272,1.93659824465579,1.8657266573307716,0.09828365485143128,15,0.09022030174761825,0.011998,raw_ranges
248006,1788682232309874688,1.9383195304136298,1.8535140805720578,0.09607456095146358,15,0.0770102911984079,0.011999,raw_ranges
248007,1788682232331870976,1.94219868517262,1.873279613575223,0.09534272280467997,15,0.0721025020417459,0.011998,raw_ranges
248008,1788682232353870848,1.9355287738868021,1.8639351606170034,0.09738524969616506,15,0.0850958147746707,0.011998,raw_ranges
248009,1788682232375870976,1.9208421724521454,1.8690604183738568,0.0978716144900619,15,0.08790712420539024,0.011998,raw_ranges
248010,1788682232398870272,1.9619543964139736,1.8666420250564328,0.09479783316565366,15,0.06821936060718875,0.011998,raw_ranges
248011,1788682232420870912,1.9554210650270567,1.8768462935092622,0.09552098381646057,15,0.07332824702978094,0.011998,raw_ranges
248012,1788682232442875136,1.944322159842661,1.8600463729792744,0.09676456781632324,15,0.08136716667257901,0.011998,raw_ranges
248013,1788682232465874432,1.9505812737563373,1.855727928939969,0.09446732507230561,15,0.06575236169374919,0.011998,raw_ranges
248014,1788682232487875328,1.9356010788955673,1.8780567699094677,0.09604676739358392,15,0.07682978191810726,0.011998,raw_ranges
248015,1788682232509878528,1.931370243700237,1.8847775253437955,0.09691912686949739,15,0.08231319865912996,0.011986,raw_ranges
248016,1788682232531874048,1.9234530153437566,1.8767668348964461,0.09588381766021702,15,0.07576174271502091,0.011999,raw_ranges
248017,1788682232554874624,1.958004729171902,1.8709455701419915,0.09454939378457203,15,0.06637350209663521,0.011998,raw_ranges
248018,1788682232607878912,1.9381634294065928,1.8649218237325864,0.09569568491634209,15,0.07450995176714378,0.011998,raw_ranges
248019,1788682232629878016,1.9456550940880133,1.867120322177334,0.09628997287717661,15,0.07839656161577888,0.011998,raw_ranges
248020,1788682232651878400,1.9508088537149353,1.880314134509844,0.09502860478762971,15,0.06989029105412077,0.011998,raw_ranges
248021,1788682232673878272,1.9275300961360466,1.8583663247674636,0.09826306178368363,15,0.09010610289921339,0.011998,raw_ranges
248022,1788682232695878656,1.9263501790500723,1.8784083085009118,0.09744310666116068,15,0.08543509031516672,0.011998,raw_ranges
248023,1788682232718878720,1.9515549407891444,1.8683389059139128,0.0953212797672857,15,0.07195365010397811,0.011998,raw_ranges
248024,1788682232740880384,1.924108592877434,1.8664951539769232,0.09855812179407324,15,0.09172878386893199,0.011998,raw_ranges
248025,1788682232762877952,1.9421256262183233,1.8708686956623577,0.09671021389019975,15,0.0810324742692691,0.011998,raw_ranges
248026,1788682232784891904,1.9446530952001158,1.8932721213451222,0.09683927896818598,15,0.08182497763021988,0.011998,raw_ranges
248027,1788682232807893248,1.9440042675009945,1.8691155971874218,0.09483675023979764,15,0.0685040016042687,0.011998,raw_ranges
248028,1788682232829893376,1.9370489677129406,1.8712812196578044,0.09670531703096319,15,0.08100225322151966,0.011998,raw_ranges
248029,1788682232851892224,1.9335778525782688,1.8843669305446407,0.09574096245216147,15,0.07481317028546161,0.011998,raw_ranges
248030,1788682232873891584,1.9352020460578547,1.876467727394049,0.09644979539418394,15,0.07940934069858502,0.011998,raw_ranges
248031,1788682232896892160,1.9290231824139665,1.8696496298477243,0.09453437870736066,15,0.06626029507450648,0.011998,raw_ranges
248032,1788682232924892416,1.9371401423803865,1.8567146521756102,0.09668131455212292,15,0.0808539581475324,0.011998,raw_ranges
248033,1788682232946892544,1.9516693566703212,1.8666026263944537,0.09556386648973311,15,0.07361990551972424,0.011999,raw_ranges
248034,1788682232968891904,1.9653165226669544,1.8636469076847175,0.09381594741780215,15,0.06059699178838964,0.011998,raw_ranges
248035,1788682232991891712,1.9269267864292143,1.8769655848019446,0.09720489128244389,15,0.08402925253412587,0.011999,raw_ranges
248036,1788682233013892096,1.923240250126601,1.8670331867928343,0.09737564595995396,15,0.08503936709521044,0.011998,raw_ranges
248037,1788682233035891712,1.9414112756957094,1.8619290479402508,0.09494862863381744,15,0.06931577475450625,0.011998,raw_ranges
248038,1788682233057892352,1.9537558259896726,1.8573558191630921,0.09510485353975903,15,0.07043366762961477,0.011998,raw_ranges
248039,1788682233080892416,1.9297069680863246,1.8597542321709173,0.09782025761570844,15,0.08761452854240807,0.011998,raw_ranges
248040,1788682233121892352,1.9507742537393922,1.848959136371749,0.09622490803308589,15,0.07798048492466493,0.011998,raw_ranges
248041,1788682233144891904,1.9380781061339196,1.872088432059652,0.0965376579716094,15,0.07996065262120744,0.011998,raw_ranges
248042,1788682233166892800,1.93240397573499,1.8696143851557727,0.09660978173228917,15,0.08041038321192837,0.011998,raw_ranges
248043,1788682233188891904,1.9319102515537259,1.8613710848510392,0.0948340835917206,15,0.06848453539099614,0.011998,raw_ranges
248044,1788682233210892544,1.935634615942302,1.8659626818069974,0.09523938009559206,15,0.07138226734695435,0.011998,raw_ranges
248045,1788682233233892608,1.9302256144295042,1.9108521915838925,0.09424995612243428,15,0.0640781095104583,0.011998,raw_ranges
248046,1788682233261892096,1.9329180776929098,1.8572214576674244,0.09525003067186183,15,0.0714568307991744,0.011998,raw_ranges
248047,1788682233283892992,1.9392587527464198,1.8603569308640584,0.09561690437062631,15,0.07397924282950126,0.011999,raw_ranges
248048,1788682233305896448,1.9259836189557535,1.8611743187063678,0.09718087642776012,15,0.08388637805841977,0.011998,raw_ranges
248049,1788682233328891648,1.9449913142035402,1.856293586999657,0.09554596266651733,15,0.07349820858713042,0.011999,raw_ranges
248050,1788682233350892800,1.9594148866324588,1.8558296338304454,0.09494454325900513,15,0.06928629918681711,0.011998,raw_ranges
248051,1788682233372892416,1.953968636964573,1.859362768251165,0.09598578368519088,15,0.07643187608053911,0.011998,raw_ranges
248052,1788682233394892544,1.9485100596738218,1.874194657771473,0.0942551838589119,15,0.06411888844101958,0.011998,raw_ranges
248053,1788682233417892864,1.9641310821069744,1.8595663781839518,0.09495046041943725,15,0.06932898683405991,0.011998,raw_ranges
248054,1788682233439892736,1.9452441777993856,1.855069161950897,0.0956426608485141,15,0.07415327939150161,0.011998,raw_ranges
248055,1788682233461892352,1.9536350940843885,1.8622321017781494,0.09422913816996438,15,0.06391546108700454,0.011998,raw_ranges
248056,1788682233484892160,1.9421688027102098,1.8708294666594956,0.0956746583604961,15,0.07436871893811345,0.011998,raw_ranges
248057,1788682233506891776,1.9314182870802288,1.876686137783874,0.09888848823609875,15,0.09351222504089375,0.011998,raw_ranges
248058,1788682233528893696,1.928182812693691,1.864290323675832,0.09692761901661195,15,0.08236301969095088,0.011998,raw_ranges
248059,1788682233550892544,1.9493855517358145,1.885734900013486,0.09561067875821214,15,0.07393731638497669,0.011998,raw_ranges
248060,1788682233572894720,1.9302454932273472,1.870544929873387,0.09660251238697543,15,0.08036516896625943,0.011998,raw_ranges
248061,1788682233625892352,1.9408583308964988,1.8813192685014555,0.09669229002551029,15,0.08092180189238432,0.011998,raw_ranges
248062,1788682233647891968,1.9421098502570837,1.8678296953742528,0.09658896870248383,15,0.08028086134617543,0.011998,raw_ranges
248063,1788682233669891840,1.9290784743377225,1.8869299922656875,0.09735939636266239,15,0.08494377174732938,0.011998,raw_ranges
248064,1788682233691903232,1.9357259561425604,1.897815135736426,0.09803213127342815,15,0.08881542247508684,0.011998,raw_ranges
248065,1788682233713903872,1.9301865074830011,1.8655753036213254,0.09878454741588073,15,0.09295480305977062,0.011998,raw_ranges
248066,1788682233736903680,1.9454764527537929,1.869351768222767,0.09853984514324332,15,0.09162910639771256,0.011998,raw_ranges
248067,1788682233761410304,1.9529851222135315,1.871190931411653,0.09699408189171471,15,0.08068562379826236,0.021998,raw_ranges
248068,1788682233785909504,1.945644730438521,1.8734630351924635,0.09866647232397971,15,0.09231801713630826,0.011994,raw_ranges
248069,1788682233815408384,1.9585249124403228,1.8632712910406777,0.09636656699351626,15,0.0766984679737233,0.021998,raw_ranges
248070,1788682233834912000,1.9498047554228586,1.881330912732112,0.09695445410956635,15,0.08252634775371044,0.011994,raw_ranges
248071,1788682233857908992,1.9318842961568992,1.875151873587798,0.09824072019944478,15,0.08998204373898601,0.011998,raw_ranges
248072,1788682233879908864,1.9326274162506805,1.8818149124824681,0.09713850094647976,15,0.08363342000946608,0.011998,raw_ranges
248073,1788682233901909760,1.9429373577811941,1.8923109084192802,0.09701251369932505,15,0.08287678622705553,0.011998,raw_ranges
248074,1788682233923909120,1.932040122332293,1.8850712175373716,0.0991139542522466,15,0.09471009580951026,0.011998,raw_ranges
248075,1788682233951909120,1.958592708280996,1.8754513099734091,0.09801969110098424,15,0.08874536098852857,0.011998,raw_ranges
248076,1788682233973909248,1.9501684519577585,1.8727508817486003,0.09946364363575867,15,0.09653842569028502,0.011999,raw_ranges
248077,1788682233995908864,1.9467337646727283,1.9053341073168282,0.09892505703328805,15,0.09370755054577011,0.011998,raw_ranges
248078,1788682234018908160,1.9461764196930358,1.8674408448357835,0.09709445910486927,15,0.08336955741677703,0.011999,raw_ranges
248079,1788682234040909568,1.9441260810962224,1.858822656921723,0.09780989752393945,15,0.08755538544224141,0.011998,raw_ranges
248080,1788682234062909184,1.9374546813112714,1.8749665605157784,0.09942709375760936,15,0.09634906202765735,0.011998,raw_ranges
248081,1788682234084909056,1.9419497460107469,1.8841582946989506,0.09718774826835488,15,0.08392732727994434,0.011998,raw_ranges
248082,1788682234123908864,1.9507659733142222,1.8788201266956448,0.09703108321458581,15,0.08298874146886322,0.011998,raw_ranges
248083,1788682234146909184,1.9703266725540798,1.877523469707938,0.09649991008244395,15,0.079724262796491,0.011998,raw_ranges
248084,1788682234168908800,1.9530714043013544,1.8714409579612696,0.09822250760981173,15,0.08988078552066475,0.011998,raw_ranges
248085,1788682234190908672,1.9501983141674184,1.8773401263684608,0.09689449943653801,15,0.08216171512656006,0.011998,raw_ranges
248086,1788682234212909312,1.9498477552543898,1.9106321554099341,0.09697597654071806,15,0.08265606170583054,0.011998,raw_ranges
248087,1788682234235912448,1.948035962291617,1.8703301698175085,0.09700823514107146,15,0.08285096943953921,0.011998,raw_ranges
248088,1788682234257908992,1.9276438931723006,1.8735834334696784,0.09879107626616787,15,0.09298991484116909,0.011998,raw_ranges
248089,1788682234285910528,1.949767938728396,1.86785560055929,0.09845806056290371,15,0.09118173369103985,0.011998,raw_ranges
248090,1788682234307909888,1.9549348528119768,1.8763742204220506,0.09738543667728272,15,0.08509677241989103,0.011999,raw_ranges
248091,1788682234329909504,1.97105762865031,1.8692636443357014,0.09694551842879533,15,0.08247160981086357,0.011998,raw_ranges
248092,1788682234352909056,1.937574741744836,1.8635648564154808,0.09815679437179252,15,0.08951434729021113,0.011999,raw_ranges
248093,1788682234374908672,1.958794115164494,1.8564316886532737,0.09500349990209851,15,0.06971045759495854,0.011998,raw_ranges
248094,1788682234396909056,1.956350884977923,1.8720345073196847,0.09582195949337266,15,0.07535255463070029,0.011998,raw_ranges
248095,1788682234418908928,1.9465985770483023,1.872424573976487,0.09715065727879718,15,0.08370606474322628,0.011998,raw_ranges
248096,1788682234441909760,1.9483488373103277,1.8610546844286824,0.09787731420956361,15,0.08793953721485927,0.011998,raw_ranges
248097,1788682234463913728,1.9664483708396558,1.857352975721731,0.09802854374291552,15,0.08879522362669923,0.011998,raw_ranges
248098,1788682234485914624,1.9546524839611605,1.888375626752406,0.0970653980368996,15,0.08319522842627222,0.011998,raw_ranges
248099,1788682234508914688,1.9573526048695982,1.8847270883158624,0.09518647104771652,15,0.07101069668519332,0.011998,raw_ranges
248100,1788682234530914304,1.9384525649815632,1.8750973668287894,0.09708355607670954,15,0.08330428604045265,0.011998,raw_ranges
248101,1788682234552913664,1.9432698795997516,1.8971403236119306,0.09687710201718087,15,0.08205577379551596,0.011998,raw_ranges
248102,1788682234574936832,1.9372358145939128,1.900801705756787,0.09729745225767536,15,0.08457836752784581,0.011998,raw_ranges
248103,1788682234596937216,1.9197639769877899,1.8906005609717331,0.09830638143075308,15,0.09034616442745698,0.011998,raw_ranges
248104,1788682234647940352,1.9252220181282327,1.8989608318599227,0.0996384066052787,15,0.0974394920003112,0.011998,raw_ranges
248105,1788682234669940736,1.9629233005493825,1.8792258304646525,0.09411115122611631,15,0.06298570649057063,0.011998,raw_ranges
248106,1788682234691943424,1.941098680356728,1.8589825718982205,0.09633362661402406,15,0.07867448512716216,0.011998,raw_ranges
248107,1788682234713943040,1.9444406411611785,1.8758081261024109,0.09695253827138949,15,0.08251415798146092,0.011998,raw_ranges
248108,1788682234736943104,1.9590140104624179,1.8706047118521434,0.09753150262556763,15,0.08595086166855825,0.011998,raw_ranges
248109,1788682234758969600,1.9615239548620882,1.8644760900634614,0.09658776466929361,15,0.0802733621152971,0.011998,raw_ranges
248110,1788682234780943360,1.9476455014656184,1.876464511380215,0.09821748368364923,15,0.08985283345364925,0.011998,raw_ranges
248111,1788682234802942720,1.9398008288415165,1.8791249815547277,0.09854406260558976,15,0.09165211727827004,0.011998,raw_ranges
248112,1788682234824943104,1.9377859367773287,1.8835326828196883,0.1006692902201101,15,0.10259307099463448,0.011998,raw_ranges
248113,1788682234847943424,1.9580345936286703,1.8785706676571994,0.09574145950804075,15,0.07481649219283647,0.011998,raw_ranges
248114,1788682234869943040,1.9256303578831653,1.8540411281419502,0.09836755479827561,15,0.09068408236441287,0.011998,raw_ranges
248115,1788682234891944704,1.9376942618108288,1.8841734440182005,0.09740005632558825,15,0.08518277009811465,0.011998,raw_ranges
248116,1788682234913943552,1.9475785164126034,1.8993631316388184,0.09612691840742994,15,0.07734963738395897,0.011998,raw_ranges
248117,1788682234936942848,1.9447691175761375,1.9038567184759405,0.09733902071622397,15,0.084823750873349,0.011998,raw_ranges
248118,1788682234964942592,1.9355845961521168,1.8973001955092883,0.09766242833470544,15,0.0867091479066969,0.011998,raw_ranges
248119,1788682234986943232,1.937140066736693,1.8720249483005478,0.09747677631292422,15,0.085631771626682,0.011999,raw_ranges
248120,1788682235008943616,1.9497373509360036,1.8603742171552997,0.09619416916891205,15,0.07778314190692003,0.011998,raw_ranges
248121,1788682235031942400,1.9424163714435638,1.8867545637937346,0.09828995391570536,15,0.09025507140712573,0.011999,raw_ranges
248122,1788682235053943808,1.9704180113498202,1.8720335693687418,0.09492710928674361,15,0.06916037364519961,0.011998,raw_ranges
248123,1788682235075942912,1.955830983966163,1.8635121698521917,0.09819108102956665,15,0.0897057914828617,0.011998,raw_ranges
248124,1788682235107944704,1.9166478331395418,1.8739916969940829,0.10215660843475884,15,0.10960226471546487,0.011998,raw_ranges
248125,1788682235148942848,1.9490263332090454,1.8704595187435642,0.09791265398103513,15,0.08814024039583243,0.011998,raw_ranges
248126,1788682235171942656,1.947044075260541,1.8645606766835585,0.0965344906720586,15,0.07994084480450914,0.011998,raw_ranges
248127,1788682235193943040,1.9586398558482074,1.8762815587960222,0.09467374999153716,15,0.06730377394721017,0.011998,raw_ranges
248128,1788682235215942656,1.9522397215641667,1.8738466824659314,0.09715763516385734,15,0.08374773525210898,0.011998,raw_ranges
248129,1788682235237943040,1.9218593972420595,1.8584531087691043,0.09843417786053094,15,0.09105067740841324,0.011998,raw_ranges
248130,1788682235260943616,1.9598275532699034,1.8800635330654132,0.09575968362341929,15,0.0749381853224329,0.011998,raw_ranges
248131,1788682235282942976,1.9457160071066535,1.8949317658412617,0.09611828692286827,15,0.07729382199676937,0.011998,raw_ranges
248132,1788682235310942976,1.932073156195347,1.876132695129947,0.09842286560770148,15,0.09098853556191291,0.011998,raw_ranges
248133,1788682235332952064,1.9382733954614466,1.8795587205214894,0.09823404196071804,15,0.0899447939556151,0.011999,raw_ranges
248134,1788682235354952192,1.9391325382375866,1.865500841289695,0.09713383113483037,15,0.08360549701323697,0.011998,raw_ranges
248135,1788682235377952256,1.9282261674340846,1.878967256893962,0.10089324011130672,15,0.1036786579306789,0.011999,raw_ranges
248136,1788682235399952640,1.9360958150893057,1.8789744474780365,0.09835417209109912,15,0.09061026479985106,0.011998,raw_ranges
248137,1788682235421952512,1.9505817067238733,1.8693292616346175,0.09730345788260689,15,0.08461386339487688,0.011998,raw_ranges
248138,1788682235443952640,1.9588702564426583,1.8715321613752534,0.09571599266895076,15,0.07464610281153841,0.011998,raw_ranges
248139,1788682235466951680,1.9285362166681856,1.874533658826514,0.0996761113113867,15,0.0976327778329937,0.011998,raw_ranges
248140,1788682235488952576,1.9348739422753336,1.859693223198309,0.09731056684690677,15,0.08465586124366566,0.011998,raw_ranges
248141,1788682235515952640,1.9526999189683871,1.8579087997675703,0.09674147724980331,15,0.07910477384964394,0.021998,raw_ranges
248142,1788682235538952192,1.9239340937178364,1.889212316588591,0.0979152021385968,15,0.08815469434237067,0.011998,raw_ranges
248143,1788682235560952320,1.9370456288035374,1.8937275116358387,0.09758733150015543,15,0.08627502243497495,0.011998,raw_ranges
248144,1788682235582951936,1.931616670893795,1.8735080703364382,0.09821227267297276,15,0.08982383129756137,0.011998,raw_ranges
248145,1788682235604952320,1.9483077105196722,1.8610762044082,0.09686655468892011,15,0.08199147934340567,0.011998,raw_ranges
248146,1788682235626951680,1.9586806918511093,1.8946464059471742,0.09497527818768925,15,0.06950774189749837,0.011998,raw_ranges
248147,1788682235679952384,1.9438777626442358,1.8675184353044294,0.0970702947871889,15,0.08322465249665453,0.011998,raw_ranges
248148,1788682235701952256,1.9320793129434037,1.8748281270040184,0.09820180406027397,15,0.08976553935823021,0.011998,raw_ranges
248149,1788682235723952640,1.9434085905524228,1.8735096088781016,0.09802216628005851,15,0.08875930529278901,0.011998,raw_ranges
248150,1788682235745952512,1.9331315797652031,1.8749492924939435,0.09763921157450817,15,0.08657516716996957,0.011998,raw_ranges
248151,1788682235767955712,1.939119770399237,1.8625296513055765,0.09836564903669764,15,0.09067357405935672,0.011998,raw_ranges
248152,1788682235790951936,1.9349042759325545,1.870199153034499,0.09996992208660452,15,0.09912603130663775,0.011998,raw_ranges
248153,1788682235812952576,1.9417050322042835,1.8916770794100335,0.09945411108803842,15,0.09648916563033609,0.011998,raw_ranges
248154,1788682235834952192,1.9556761695110618,1.8890784997715162,0.09739981243033788,15,0.08518133848641903,0.011998,raw_ranges
248155,1788682235856952064,1.947323951569554,1.8541640079453974,0.09801920712266722,15,0.08874263416569979,0.011998,raw_ranges
248156,1788682235879957248,1.926498074213091,1.8652736490458695,0.09819652031906304,15,0.08973610374349356,0.011998,raw_ranges
248157,1788682235901955584,1.9358023882381734,1.8855834789774215,0.0971685711491507,15,0.08381300105085551,0.011998,raw_ranges
248158,1788682235923955200,1.950827345569865,1.887283772052905,0.09518083888728057,15,0.07097102847839094,0.011998,raw_ranges
248159,1788682235945954048,1.9417432316761587,1.8742223854332025,0.0960315742421814,15,0.07673084280901261,0.011998,raw_ranges
248160,1788682235968959232,1.9265603072622943,1.8822785983514345,0.09746281677703596,15,0.08555036395618644,0.011998,raw_ranges
248161,1788682235996954368,1.9471201938546654,1.8674068082770146,0.09541324264235915,15,0.072589879724099,0.011998,raw_ranges
248162,1788682236018955776,1.9356116909242502,1.8511113001223438,0.09739926540070108,15,0.08517798659102653,0.011999,raw_ranges
248163,1788682236040954624,1.937767342024637,1.8734637868696136,0.09725064624657202,15,0.08430121139445167,0.011998,raw_ranges
248164,1788682236063954688,1.9589933457555138,1.8724846003194626,0.0950596698481781,15,0.07011200929354472,0.011999,raw_ranges
248165,1788682236085955328,1.9351061338925992,1.8716933446825115,0.09704248369445571,15,0.08305739997408854,0.011998,raw_ranges
248166,1788682236107955200,1.9341716759852026,1.868872181505083,0.09741565844224291,15,0.08527430115951061,0.011998,raw_ranges
248167,1788682236129954560,1.9252275632381315,1.8720770237735596,0.09705465940886639,15,0.08313066464828965,0.011998,raw_ranges
248168,1788682236152954880,1.9454601870903607,1.8606196758357807,0.09431107343760717,15,0.06455324495025157,0.011998,raw_ranges
248169,1788682236191954944,1.9191230541733544,1.870908009566321,0.09703924941348782,15,0.08303792753608333,0.011998,raw_ranges
248170,1788682236214953984,1.9402083991135348,1.8603466385368843,0.09618032180174411,15,0.07769407826690604,0.011998,raw_ranges
248171,1788682236236955136,1.9462082592856236,1.877327289851468,0.09581517996646648,15,0.0753075558125908,0.011998,raw_ranges
248172,1788682236258955520,1.9432296518168464,1.8829797444968437,0.09564807267137411,15,0.07418976120310754,0.011998,raw_ranges
248173,1788682236280957440,1.9245584092290322,1.8697312345713633,0.09920016114394767,15,0.09516411687157968,0.011998,raw_ranges
248174,1788682236303968768,1.9313693661262672,1.8657142825187747,0.0969440370356959,15,0.08246262809112931,0.011998,raw_ranges
248175,1788682236331966976,1.913895144787279,1.8709915065880678,0.09890120334809047,15,0.09358018670685835,0.011998,raw_ranges
248176,1788682236353966592,1.9333855491641836,1.872927845841997,0.0968999303365092,15,0.08219461256985895,0.011999,raw_ranges
248177,1788682236375967232,1.9398958187154396,1.86964690852309,0.09563642806678967,15,0.07411124113648128,0.011998,raw_ranges
248178,1788682236398967296,1.9311024913619146,1.8615438341147015,0.0947896599474985,15,0.06815925429828666,0.011999,raw_ranges
248179,1788682236420966656,1.9212958481030198,1.8541509970996775,0.09808815300787634,15,0.08913024741285275,0.011998,raw_ranges
248180,1788682236442967552,1.9386335545852926,1.8584134727857924,0.09577886343690106,15,0.07506604713784436,0.011998,raw_ranges
248181,1788682236464967424,1.9444579000225428,1.8581715834183714,0.09359368597108925,15,0.05873443595616843,0.011998,raw_ranges
248182,1788682236487969792,1.9280080290942767,1.8822442130564387,0.09708743188575543,15,0.08332754575622298,0.011998,raw_ranges
248183,1788682236509967616,1.9248118496827222,1.8724284732913694,0.09762812389917085,15,0.08651110850735215,0.011998,raw_ranges
248184,1788682236531967744,1.9366840894455,1.8502094423542184,0.09578301195277766,15,0.07509367449244758,0.011998,raw_ranges
248185,1788682236554976000,1.917445674397907,1.8823654919949826,0.09810220700808575,15,0.08920905225416174,0.011998,raw_ranges
248186,1788682236576975872,1.9213801731994216,1.8703091253958295,0.09649059608928964,15,0.07966582758805468,0.011998,raw_ranges
248187,1788682236598993408,1.9390252972099717,1.8764816968098894,0.09528000622658203,15,0.07166626976885318,0.011998,raw_ranges
248188,1788682236620975616,1.914544546554924,1.8468260247199275,0.0986672239125377,15,0.09232156794886935,0.011998,raw_ranges
248189,1788682236642975488,1.9524870035455997,1.8883031946371236,0.0945197199374175,15,0.06614958755289042,0.011998,raw_ranges
248190,1788682236692976640,1.9329589589912557,1.868493989269338,0.09713032899609642,15,0.08358454996048265,0.011998,raw_ranges
248191,1788682236714976000,1.919313840237143,1.8645152641199918,0.09857356064711778,15,0.0918129001999054,0.011998,raw_ranges
248192,1788682236737975552,1.939795004673834,1.8622602463581888,0.09461674711667713,15,0.06687895866920425,0.011998,raw_ranges
248193,1788682236759975936,1.9359308657550014,1.8596580084767946,0.09538977510964143,15,0.07242805468629844,0.011998,raw_ranges
248194,1788682236781976064,1.931128833555019,1.8722448420396482,0.09539538894326241,15,0.07246679887550174,0.011998,raw_ranges
248195,1788682236803975424,1.9350055073270591,1.8526425966656141,0.09589249888776341,15,0.07581917227036591,0.011998,raw_ranges
248196,1788682236826975488,1.9411210626058062,1.8610205542918017,0.09624132381009022,15,0.07808566965897283,0.011998,raw_ranges
248197,1788682236848975872,1.9454174165788702,1.8625870569219334,0.09532570114267687,15,0.07198436732150161,0.011998,raw_ranges
248198,1788682236870975488,1.9408584945483598,1.8837208713844393,0.09621305268908822,15,0.07790443302590833,0.011998,raw_ranges
248199,1788682236893976320,1.939161754399832,1.8359220083115981,0.09688724845360899,15,0.08211757698330484,0.011998,raw_ranges
248200,1788682236915976448,1.934456108447683,1.8776827661019286,0.09702302691888104,15,0.08294018878011454,0.011998,raw_ranges
248201,1788682236937976064,1.9354145377388194,1.9260576677640224,0.0958234197523621,15,0.07536224351996228,0.011998,raw_ranges
248202,1788682236959975424,1.9258170626865891,1.9012547151897596,0.09646948559186021,15,0.07953322317032183,0.011998,raw_ranges
248203,1788682236981975808,1.909343528272845,1.9014028283155247,0.09885734780757496,15,0.09334557195483338,0.011998,raw_ranges
248204,1788682237009978368,1.9599740916646644,1.8600270850132843,0.09588272283781732,15,0.07575467532645971,0.011998,raw_ranges
248205,1788682237031981824,1.9631200641640596,1.8872182795172439,0.09632570548366373,15,0.0786239752407861,0.011999,raw_ranges
248206,1788682237053986048,1.9565878910615093,1.8818581644485173,0.09952515515139974,15,0.09685661127357158,0.011998,raw_ranges
248207,1788682237076985600,1.9519072007218317,1.8691558206148475,0.09881122524513915,15,0.09309806251549578,0.011999,raw_ranges
248208,1788682237098985728,1.9711576507582012,1.861673216616748,0.0967089824755095,15,0.0810248756340268,0.011998,raw_ranges
248209,1788682237120986112,1.9705289335998821,1.8782045966615701,0.09494038588785474,15,0.06925629129439968,0.011998,raw_ranges
248210,1788682237142985984,1.9558435650269235,1.872397649063742,0.09634676775586441,15,0.07875795675272705,0.011998,raw_ranges
248211,1788682237165986304,1.9659695417098104,1.8626303919463805,0.09509880033084281,15,0.0703906835230545,0.011998,raw_ranges
248212,1788682237206985984,1.9450627681494337,1.8742181612444537,0.09847635124432451,15,0.09128197653603097,0.011998,raw_ranges
248213,1788682237228986112,1.9444090636796145,1.8660882124156057,0.09896701935453654,15,0.0939311841218695,0.011998,raw_ranges
248214,1788682237250986496,1.9422761759935645,1.8884259844122115,0.09731560966383493,15,0.08468564022214704,0.011998,raw_ranges
248215,1788682237273985536,1.957207704668019,1.893796988745986,0.09576572248152221,15,0.07497846675894497,0.011998,raw_ranges
248216,1788682237295985664,1.9456417172999456,1.868250049533913,0.09762779063155909,15,0.08650918233088956,0.011998,raw_ranges
248217,1788682237317986048,1.930456806385729,1.8679702474137976,0.09731830991007231,15,0.08470158148507215,0.011998,raw_ranges
248218,1788682237345986560,1.9480111726903968,1.863088025565308,0.09597261305035412,15,0.07634566815710064,0.011998,raw_ranges
248219,1788682237367985920,1.9637655073774007,1.875306313865243,0.09453824826323011,15,0.06628930729936859,0.011999,raw_ranges
248220,1788682237389985536,1.9665301141958618,1.874943595785606,0.09468377959439829,15,0.06737824270785259,0.011998,raw_ranges
248221,1788682237412985344,1.925009870284763,1.873563260988472,0.0983773236767194,15,0.09073779629084788,0.011999,raw_ranges
248222,1788682237434986240,1.949166004648038,1.8462031270707882,0.0961842904552632,15,0.07771961432780787,0.011998,raw_ranges
248223,1788682237456986112,1.9596863875932038,1.8670770344470031,0.09534031825523867,15,0.07208582559171171,0.011998,raw_ranges
248224,1788682237478985728,1.9633917775844132,1.8661189814531938,0.09418238500786166,15,0.06354866642079647,0.011998,raw_ranges
248225,1788682237501985792,1.945443734393517,1.8783898178483107,0.09839060271265225,15,0.09081107150921774,0.011998,raw_ranges
248226,1788682237523988736,1.9346711042520592,1.8839877475369382,0.09892815367987647,15,0.09372560740734881,0.011986,raw_ranges
248227,1788682237545990656,1.9491479474318358,1.8878111676498905,0.09871402608869825,15,0.09257456501490173,0.011999,raw_ranges
248228,1788682237568990976,1.9361673594680113,1.902123258565428,0.10015904097059299,15,0.10007541639480191,0.011998,raw_ranges
248229,1788682237590991360,1.9401587177460737,1.8964350863083845,0.09882119409223256,15,0.09315171543365457,0.011998,raw_ranges
248230,1788682237612990976,1.9243413009197163,1.8863014361436863,0.09970835336632367,15,0.09779775745038158,0.011998,raw_ranges
248231,1788682237634991616,1.9521101474274805,1.8796149066000367,0.09799642337025467,15,0.08861417136245577,0.011998,raw_ranges
248232,1788682237657991168,1.9436479110560831,1.903186198871576,0.09660664914453505,15,0.0803909021005179,0.011998,raw_ranges
248233,1788682237710990848,1.945164975973556,1.877807746805974,0.09626332066282704,15,0.07822639362022925,0.011998,raw_ranges
248234,1788682237732990720,1.936772159224115,1.858805081799037,0.09689651344999924,15,0.08217397061113234,0.011998,raw_ranges
248235,1788682237754991104,1.9341764362031706,1.8913885014279905,0.09813812116119265,15,0.0894101177562845,0.011998,raw_ranges
248236,1788682237777000448,1.9594035173374134,1.8807629348534527,0.09557190534442853,15,0.07367464516662793,0.011998,raw_ranges
248237,1788682237799000320,1.9576087062738792,1.864447108398138,0.09806923668316853,15,0.08902406797697199,0.011998,raw_ranges
248238,1788682237822033664,1.93382811005141,1.8885891194398658,0.09797053709647732,15,0.08846798908349465,0.011998,raw_ranges
248239,1788682237844000256,1.9443042264647157,1.8838404709923555,0.09785753514302495,15,0.08782700688868404,0.011998,raw_ranges
248240,1788682237866000128,1.9523669507496728,1.879832592699275,0.09643645414121037,15,0.07932529317443697,0.011998,raw_ranges
248241,1788682237888000512,1.949030311370219,1.8672358551215968,0.0984086999471013,15,0.09091065912807644,0.011998,raw_ranges
248242,1788682237911000832,1.9318703460554554,1.8634236137535376,0.09979054741352761,15,0.09821708308399113,0.011998,raw_ranges
248243,1788682237933000704,1.9438754571535188,1.8961421921179569,0.09832095982063006,15,0.09042680916979252,0.011998,raw_ranges
248244,1788682237955000064,1.9355124930796153,1.894745481837237,0.09727647940278483,15,0.08445429177244242,0.011998,raw_ranges
248245,1788682237977000192,1.9319253143907098,1.8687402512326106,0.10003591040751332,15,0.0994583249583127,0.011998,raw_ranges
248246,1788682238000000512,1.9491027452115612,1.9056683796229608,0.0991189297403961,15,0.09473635910460201,0.011998,raw_ranges
248247,1788682238027999488,1.977942073676678,1.8802057049558392,0.09891950154100407,15,0.09367790314158442,0.011998,raw_ranges
248248,1788682238049999360,1.9789972475118782,1.8932839471390743,0.09849022730195814,15,0.0913578201412345,0.011999,raw_ranges
248249,1788682238072012544,1.9659371775041263,1.8718387346887513,0.09754124639439406,15,0.08600752519631095,0.011998,raw_ranges
248250,1788682238095011328,1.9315835330981386,1.8757406089884312,0.0962791548043347,15,0.07832738220657394,0.011999,raw_ranges
248251,1788682238117012480,1.9506441042515583,1.8631620549404682,0.09428302483918458,15,0.06433562648474465,0.011998,raw_ranges
248252,1788682238139012352,1.9546790949278987,1.8647892607182284,0.09521453496913715,15,0.07120802598820693,0.011998,raw_ranges
248253,1788682238161012480,1.9476329535778447,1.8700333720416402,0.09500078215966967,15,0.0696909617932604,0.011998,raw_ranges
248254,1788682238184013568,1.9180889363407987,1.8502748650594985,0.09759219654962197,15,0.0863032128348764,0.011998,raw_ranges
248255,1788682238225012992,1.9347414453834966,1.8499687366738415,0.09618991702878181,15,0.07775580380127142,0.011998,raw_ranges
248256,1788682238248014592,1.9270060806446627,1.8554734890782312,0.09410563665514869,15,0.06294191489896613,0.011998,raw_ranges
248257,1788682238270013952,1.9147862918877538,1.8720689864849054,0.09573314889340842,15,0.07476093157129879,0.011998,raw_ranges
248258,1788682238292014080,1.934864070069628,1.8703612106999357,0.0950464360333583,15,0.07001774081872617,0.011998,raw_ranges
248259,1788682238314014208,1.9131203192389192,1.8732351837648855,0.09692612943820733,15,0.08235397643227275,0.011998,raw_ranges
248260,1788682238337014272,1.9092655681521469,1.8776290792469257,0.09867529601838536,15,0.09236527493807052,0.011998,raw_ranges
248261,1788682238365014528,1.936368366972308,1.8437308032190383,0.09570409361777849,15,0.07456635711752643,0.011998,raw_ranges
248262,1788682238387014656,1.9451788621376935,1.8719114345627283,0.09694892014300405,15,0.08249208532946697,0.011999,raw_ranges
248263,1788682238409014528,1.9528833047757015,1.875177697257005,0.09419267646919992,15,0.06362958796974823,0.011998,raw_ranges
248264,1788682238432014336,1.9492124495815888,1.8621351771850043,0.09676093144440537,15,0.0813446706515269,0.011999,raw_ranges
248265,1788682238454014464,1.9480506970875422,1.8564866510647773,0.09657884492445881,15,0.0802177843153176,0.011998,raw_ranges
248266,1788682238476016640,1.9466511244444553,1.8454430263826092,0.09293739202170287,15,0.05285300386641113,0.011998,raw_ranges
248267,1788682238498017024,1.9499646090610028,1.8921212348440206,0.09713501438168734,15,0.0836125730837614,0.011998,raw_ranges
248268,1788682238521021184,1.982547943051934,1.8885912076035705,0.10018717088544837,15,0.10021586142646471,0.011998,raw_ranges
248269,1788682238543020800,1.9929565471566646,1.9119211144925883,0.1052074574045099,15,0.12273347302390619,0.011998,raw_ranges
248270,1788682238565020928,2.002672167990841,1.9239467629690836,0.1092247064978798,15,0.1381331042649799,0.011998,raw_ranges
248271,1788682238588021248,1.9967018951940114,1.907191976262707,0.10244968120615112,15,0.11093119129510479,0.011998,raw_ranges
248272,1788682238610021120,1.9595365028604759,1.8937785649520162,0.10575397303234343,15,0.12494006974683279,0.011998,raw_ranges
248273,1788682238632021504,1.9744034062712752,1.8915456046348778,0.10210526702933316,15,0.10936779702148695,0.011998,raw_ranges
248274,1788682238654020608,1.9681463227738998,1.914852743629418,0.09846212253220572,15,0.0912040050009084,0.011998,raw_ranges
248275,1788682238676020736,1.934566218698959,1.8969798513666654,0.09982044630428522,15,0.0983691735264926,0.011998,raw_ranges
248276,1788682238728023040,1.9568115250636429,1.8794938324403299,0.09490898113267278,15,0.06902919041009233,0.011998,raw_ranges
248277,1788682238750023680,1.9458085025248477,1.8633131875738997,0.09742285660380597,15,0.08531649664517395,0.011998,raw_ranges
248278,1788682238775523328,1.9520875141079734,1.875145394901221,0.09714801239111115,15,0.08163394139150182,0.021998,raw_ranges
248279,1788682238801029376,1.9547516854593459,1.871323929563724,0.09704862808060274,15,0.083094380535646,0.011998,raw_ranges
248280,1788682238830529536,1.940829194833182,1.8853156051314928,0.0990010240130862,15,0.09228820081183842,0.021998,raw_ranges
248281,1788682238850030848,1.9638298284479043,1.8543995584936903,0.09774080712554659,15,0.08716049041593664,0.011994,raw_ranges
248282,1788682238872028928,1.9425503572763076,1.880462184446883,0.09914014935331512,15,0.0948482859587622,0.011998,raw_ranges
248283,1788682238894031872,1.9477907535590855,1.8943269818545259,0.09945395791130525,15,0.09648837187612433,0.011998,raw_ranges
248284,1788682238917031424,1.9661626501133034,1.875701141790695,0.10062594434500312,15,0.10238160157471225,0.011998,raw_ranges
248285,1788682238939030272,1.950157951891231,1.879611490434736,0.10166185769039926,15,0.10732150616907717,0.011998,raw_ranges
248286,1788682238961030912,1.9615062149995144,1.9232227801177693,0.09991684976231313,15,0.09885796760157034,0.011998,raw_ranges
