input_line,seq,t_rel_s,variant,x_m,y_m,reference_difference_m,range_fit_rms_m,in_reported_span
1,245747,0.0,without_bias,1.9382465771787925,1.8333375756842207,0.21573482207253025,0.12673373628835652,False
1,245747,0.0,with_candidate_bias,2.0799303658306734,1.7206947602177958,0.04192208298126378,0.061585997548089494,False
2,245748,0.022255,without_bias,1.9254773952879243,1.82284007170904,0.2178783457507643,0.10877916720976052,False
2,245748,0.022255,with_candidate_bias,2.068089183391392,1.7085821449937786,0.03601420409923611,0.05780531370489892,False
3,245749,0.044509,without_bias,1.9334406225979914,1.84230691720214,0.22550914399235977,0.10633555182131003,False
3,245749,0.044509,with_candidate_bias,2.075823423200785,1.7288364681211932,0.05085249205590977,0.04248646901160637,False
4,245750,0.066762,without_bias,1.9417206042817379,1.8261477518836369,0.2081968889662236,0.12483862493647825,False
4,245750,0.066762,with_candidate_bias,2.0835762854030224,1.7130950394324649,0.03371269411156324,0.05885803323380177,False
5,245751,0.08902,without_bias,1.930437385584311,1.8078236873254536,0.2044483381215047,0.10384840339670726,False
5,245751,0.08902,with_candidate_bias,2.073416362041809,1.6927264036499834,0.020904028267074843,0.05067802345263073,False
6,245752,0.111281,without_bias,1.9164068806726093,1.7980152881619162,0.20990993144144893,0.10956481550280164,False
6,245752,0.111281,with_candidate_bias,2.0592348077488913,1.6832029963840827,0.030931476526090938,0.05519652211463709,False
7,245753,0.133537,without_bias,1.9143422149006921,1.796855973165778,0.21097624494363254,0.10852597959210265,False
7,245753,0.133537,with_candidate_bias,2.05719518337501,1.6820652310133843,0.03286976076788298,0.051709228855111256,False
8,245754,0.155797,without_bias,1.9336058253624522,1.8218782429811842,0.2111600665182404,0.10534682239985976,False
8,245754,0.155797,with_candidate_bias,2.076330143705182,1.7074106965106228,0.030630234317067274,0.04887888703282392,False
9,245755,0.178052,without_bias,1.93749782715082,1.821918755122485,0.20832149620055285,0.10217977626918122,False
9,245755,0.178052,with_candidate_bias,2.0804217477227893,1.706980163944188,0.02862991727443779,0.05277166013479892,False
10,245756,0.200311,without_bias,1.9518023982871975,1.8479380774489138,0.21748971234614237,0.12148453855600876,False
10,245756,0.200311,with_candidate_bias,2.093566364857379,1.7351907033542258,0.055305810680525265,0.0572151591329813,False
11,245757,0.22257,without_bias,1.935553805891654,1.815604933156229,0.20552937690475834,0.11516251209065013,False
11,245757,0.22257,with_candidate_bias,2.0779127935888573,1.701712586683686,0.024850291332741883,0.0491393009225942,False
12,245758,0.244827,without_bias,1.9143581909535345,1.8364728510599984,0.23523137164068791,0.11716832575103088,False
12,245758,0.244827,with_candidate_bias,2.0563646077830824,1.7236193477391295,0.05508164037837816,0.05977021878386407,False
13,245759,0.283974,without_bias,1.941697687613108,1.8443336403010189,0.22135745118220876,0.08667768553698069,False
13,245759,0.283974,with_candidate_bias,2.0849469195944135,1.7292588834858198,0.04951738304731882,0.040596788106558895,False
14,245760,0.311856,without_bias,1.9657110557486823,1.8589862205211378,0.2179077988497624,0.09788911851822077,False
14,245760,0.311856,with_candidate_bias,2.1083792338768803,1.7446757740923236,0.0672365376290477,0.04525539043192698,False
15,245761,0.334117,without_bias,1.9520091552300567,1.8365605551702353,0.20869279018580125,0.09600075954108728,False
15,245761,0.334117,with_candidate_bias,2.0950356417536296,1.7214805663008572,0.041785105821461256,0.04839157486221247,False
16,245762,0.35637,without_bias,1.9472126436769217,1.8380548159308925,0.213001300382608,0.0927072232456392,False
16,245762,0.35637,with_candidate_bias,2.090338419939134,1.7229269133468395,0.042928247315052036,0.04651777277730513,False
17,245763,0.378621,without_bias,1.9453668654607181,1.8482988432830754,0.22190818880131294,0.09394266401028943,False
17,245763,0.378621,with_candidate_bias,2.0882233462772306,1.7340292059195794,0.05405840906603665,0.03115373835655911,False
18,245764,0.400874,without_bias,1.958504719270959,1.842420892364054,0.2089774033965033,0.09311517443595294,False
18,245764,0.400874,with_candidate_bias,2.101554584535951,1.727359985894469,0.04874911986613452,0.04227169238093055,False
19,245765,0.423132,without_bias,1.950796656236875,1.8639208146209125,0.23066087003576222,0.08537220563813226,False
19,245765,0.423132,with_candidate_bias,2.093832960868337,1.7494659840240407,0.06957165029986348,0.031932620089269545,False
20,245766,0.445393,without_bias,1.9485445915018014,1.8383739272702595,0.2123486129749796,0.07631544059079659,False
20,245766,0.445393,with_candidate_bias,2.0923021162171516,1.722323728581457,0.042386291889172346,0.034256494756901686,False
21,245767,0.46765,without_bias,1.9434626610388879,1.864221957775698,0.23539524514423588,0.10109620557495506,False
21,245767,0.46765,with_candidate_bias,2.0858621877865375,1.7512038612491276,0.07132398857816988,0.02291592848752064,False
22,245768,0.489904,without_bias,1.9398351330959425,1.8520155862004706,0.22833932895628123,0.08986092454449215,False
22,245768,0.489904,with_candidate_bias,2.082821857491574,1.7375695372305664,0.05801531993200461,0.03787287558669881,False
23,245769,0.512157,without_bias,1.9301540585594767,1.8730338411175407,0.2506247968809134,0.08287706357060112,False
23,245769,0.512157,with_candidate_bias,2.0731562418127867,1.7593843789009966,0.08115165927672903,0.01335283950744518,False
24,245770,0.534414,without_bias,1.9420197863030721,1.882797311439482,0.25104759145004896,0.09414926305196498,False
24,245770,0.534414,with_candidate_bias,2.0845113692423562,1.7700268905830066,0.09019404689689002,0.012891924528260311,False
25,245771,0.556676,without_bias,1.9026424172552512,1.8771841226963575,0.2720008126007853,0.08370789146340556,False
25,245771,0.556676,with_candidate_bias,2.0455355051078197,1.7643644237307794,0.09536481163114213,0.0063620203563084935,False
26,245772,0.578931,without_bias,1.9002921185080486,1.8706480217421853,0.26895306002046715,0.07879015079869033,False
26,245772,0.578931,with_candidate_bias,2.043368156964976,1.7572556575696134,0.09023838103244353,0.0217193795891231,False
27,245773,0.601185,without_bias,1.9049336712731204,1.8593998058598042,0.25774762146522495,0.09098952662729458,False
27,245773,0.601185,with_candidate_bias,2.047902163051986,1.7462738409389056,0.07851401065094651,0.007015754837599329,False
28,245774,0.62344,without_bias,1.8912720318939686,1.8666089260970407,0.2726090545206497,0.07349984833988985,False
28,245774,0.62344,with_candidate_bias,2.0347738542926943,1.7528968064994266,0.09145420475571035,0.011693133724287702,False
29,245775,0.651752,without_bias,1.9390994738971936,1.8672172305527512,0.24046051691274756,0.08061134844750265,False
29,245775,0.651752,with_candidate_bias,2.0822763004582234,1.7529764942151351,0.07338408712073277,0.017293377348011937,False
30,245776,0.674012,without_bias,1.910723475419848,1.8647162361892209,0.25741048964144764,0.08186160451601311,False
30,245776,0.674012,with_candidate_bias,2.0539596087134306,1.7510694227908523,0.07968546078121115,0.0028449665433995814,False
31,245777,0.696268,without_bias,1.9123552564783017,1.8514953779821413,0.2469176372196353,0.0885517035254203,False
31,245777,0.696268,with_candidate_bias,2.0554488196833596,1.737796649780882,0.06733674173263017,0.005775216860403494,False
32,245778,0.718521,without_bias,1.9067010450109871,1.874860522938186,0.26752407424343605,0.08840893184147866,False
32,245778,0.718521,with_candidate_bias,2.049444524686718,1.7621822497384922,0.09164425104700316,0.0071215375440851336,False
33,245779,0.74078,without_bias,1.905776028847346,1.8505433120529458,0.2510448024421981,0.07210886440988792,False
33,245779,0.74078,with_candidate_bias,2.0495346609778,1.7358101889581443,0.0689363536439617,0.013087404949753875,False
34,245780,0.763038,without_bias,1.918013121568646,1.8792410130357446,0.26320423178222474,0.08082502063419585,False
34,245780,0.763038,with_candidate_bias,2.06113896292411,1.7659024413152788,0.09062112824844343,0.00441023347856249,False
35,245781,0.80399,without_bias,1.9062508428868339,1.8682654117982764,0.26307340804302815,0.09677401979202817,False
35,245781,0.80399,with_candidate_bias,2.048783234033429,1.7558989493557013,0.08636823669638284,0.012211763448953666,False
36,245782,0.826245,without_bias,1.9116757163533105,1.8704402503505486,0.26089660613293647,0.08560988264832757,False
36,245782,0.826245,with_candidate_bias,2.0546576115587856,1.7572669288508598,0.08496624456084613,0.0022530314853657202,False
37,245783,0.848499,without_bias,1.916358465751275,1.891931638594653,0.2739824845745904,0.089930144269996,False
37,245783,0.848499,with_candidate_bias,2.058938614616808,1.779739456660694,0.10446419902001668,0.004767070781303381,False
38,245784,0.870765,without_bias,1.9011605063943244,1.8337684419837004,0.2435263601652654,0.08443699767081152,False
38,245784,0.870765,with_candidate_bias,2.0446721771729854,1.7193216439832568,0.06000669302488858,0.000540959297123775,False
39,245785,0.89302,without_bias,1.8760533446816772,1.8868615881427517,0.2975985348936359,0.07627208563601473,False
39,245785,0.89302,with_candidate_bias,2.0189468999187197,1.7744941868547972,0.11822729964145236,0.020531956871534432,False
40,245786,0.915276,without_bias,1.8961598834424773,1.8871228928786823,0.28367919123803925,0.07377858908488111,False
40,245786,0.915276,with_candidate_bias,2.0394424191927887,1.7740774848454,0.10680188262345452,0.012683635993161442,False
41,245787,0.937531,without_bias,1.888416345376244,1.8736416672621343,0.27952292412524754,0.07748726892788375,False
41,245787,0.937531,with_candidate_bias,2.0316800884218793,1.760524290856257,0.09942521563659239,0.008329754536937692,False
42,245788,0.959789,without_bias,1.892104654367439,1.877289962756935,0.27943853926698015,0.07762142290376071,False
42,245788,0.959789,with_candidate_bias,2.0353505874929594,1.7642201282334755,0.10039715278347161,0.008910117010434121,False
43,245789,0.996757,without_bias,1.8969820789508376,1.869714343101717,0.2706426607625942,0.08104593558832597,False
43,245789,0.996757,with_candidate_bias,2.0401696625039643,1.7564992113926168,0.0912972720220111,0.004475580376324695,False
44,245790,1.019017,without_bias,1.907697024604232,1.8686276686463779,0.26232569873559414,0.08553475608508182,False
44,245790,1.019017,with_candidate_bias,2.0507620107903044,1.755426175926178,0.08502192547847255,0.0027369693938625547,False
45,245791,1.041272,without_bias,1.9069156667835996,1.8608832679961078,0.25736866497350774,0.10534341289670059,False
45,245791,1.041272,with_candidate_bias,2.0492797193048924,1.7487582949237999,0.07991147840402274,0.02072361375794639,False
46,245792,1.063526,without_bias,1.8991927296416833,1.857032592713153,0.26028437007306615,0.09901702088641279,False
46,245792,1.063526,with_candidate_bias,2.041909398907098,1.7444494503259667,0.08041416268789886,0.015570975080543033,False
47,245793,1.085786,without_bias,1.8944067737840538,1.8581677148509645,0.264575971616428,0.11254363885763151,False
47,245793,1.085786,with_candidate_bias,2.0363344665311853,1.7467743502472624,0.08566681582407815,0.028683212490929064,False
48,245794,1.108044,without_bias,1.8933938098598433,1.8593828880353935,0.2661432218211577,0.11203079662431134,False
48,245794,1.108044,with_candidate_bias,2.0354655124046928,1.74795213136593,0.08712922870343413,0.0271005020706607,False
49,245795,1.130304,without_bias,1.8839353028532657,1.8403092590886356,0.2610779921014458,0.1020733904420567,False
49,245795,1.130304,with_candidate_bias,2.026597722795056,1.7277102081643612,0.07934804797762338,0.017389750923759002,False
50,245796,1.152561,without_bias,1.9094302696487302,1.8593420932418945,0.2544975715552403,0.0915180901347523,False
50,245796,1.152561,with_candidate_bias,2.052395027379332,1.7461467704954508,0.07608895591857619,0.007683339282387196,False
51,245797,1.174814,without_bias,1.8904299765206884,1.878701411276656,0.28162110204114277,0.10156078939962054,False
51,245797,1.174814,with_candidate_bias,2.032768048549736,1.7672834342852195,0.10437381935824512,0.01808725431611307,False
52,245798,1.197067,without_bias,1.8949599849524306,1.8367428418797906,0.25021775706434013,0.09309424457035734,False
52,245798,1.197067,with_candidate_bias,2.0380758951805578,1.7231406639018547,0.06750725548556397,0.008789305178954758,False
53,245799,1.219326,without_bias,1.895823155249936,1.840685086780705,0.2520403621462505,0.1103272274444618,False
53,245799,1.219326,with_candidate_bias,2.0380721097260523,1.7284566254443028,0.07102499797784291,0.02710190110831009,False
54,245800,1.241586,without_bias,1.8710766052104177,1.837698047070009,0.26980757371854863,0.09114528960775964,False
54,245800,1.241586,with_candidate_bias,2.0140737879638477,1.7245863150791834,0.08804958356800419,0.010406533536396364,False
55,245801,1.263842,without_bias,1.88227477938349,1.834695159142392,0.2589987635921602,0.08984956602553644,False
55,245801,1.263842,with_candidate_bias,2.025343905763654,1.7211309079712642,0.07663003401043107,0.015427683261032322,False
56,245802,1.305117,without_bias,1.8848369541075003,1.8484194211416347,0.265437331243311,0.10929639753289866,False
56,245802,1.305117,with_candidate_bias,2.0268602547086636,1.7366125244218609,0.084803333406598,0.03368110885242204,False
57,245803,1.33286,without_bias,1.9023813391589657,1.8426093295823924,0.24827918954881853,0.11320644654199992,False
57,245803,1.33286,with_candidate_bias,2.0444179836262353,1.7305078232826903,0.06803499415340326,0.03357287764760526,False
58,245804,1.355121,without_bias,1.9130093131609107,1.8586382724882398,0.2514703474077115,0.10114994261116583,False
58,245804,1.355121,with_candidate_bias,2.0554733996798804,1.7460740991107153,0.07455114152686,0.01771124350148307,False
59,245805,1.377375,without_bias,1.9259721471278959,1.8400571128053607,0.22917987668515,0.08133560485870578,False
59,245805,1.377375,with_candidate_bias,2.0694206477511123,1.7249653519310508,0.049450911146985486,0.03173595523451619,False
60,245806,1.399626,without_bias,1.9178995764729116,1.8396621463497684,0.23475637745377234,0.09235247136965251,False
60,245806,1.399626,with_candidate_bias,2.060862420916667,1.7256367223710258,0.05414525781273526,0.02386153209142248,False
61,245807,1.421879,without_bias,1.8893806791143817,1.8307282546018973,0.2509324981901328,0.09458562321075628,False
61,245807,1.421879,with_candidate_bias,2.0323082292996726,1.717179416749528,0.06863417105476127,0.019657085740135388,False
62,245808,1.444136,without_bias,1.9084036792640788,1.837041408985079,0.2400817107587381,0.11413588282008996,False
62,245808,1.444136,with_candidate_bias,2.0505132145619696,1.7246725680829478,0.0596225172510743,0.03357212486336753,False
63,245809,1.470975,without_bias,1.920358318274282,1.829574231796362,0.22616531784560062,0.09980751023803365,False
63,245809,1.470975,with_candidate_bias,2.063143138456222,1.7154424490439257,0.044468620466716964,0.03990698874754668,False
64,245810,1.493232,without_bias,1.8934464984234876,1.8408465895616386,0.2539781572411263,0.08843980779171065,False
64,245810,1.493232,with_candidate_bias,2.036476085491997,1.7270844220980486,0.07128640984484498,0.02679816394660754,False
65,245811,1.515486,without_bias,1.9135499952624013,1.8461262594200343,0.24234796933498554,0.11679942664374927,False
65,245811,1.515486,with_candidate_bias,2.0553729266957337,1.734058454820545,0.06419774718168812,0.04378817186636706,False
66,245812,1.537741,without_bias,1.887144871005855,1.841409567710508,0.2592359001136306,0.10008173421023149,False
66,245812,1.537741,with_candidate_bias,2.029665335978365,1.7286707486690793,0.07751847172521031,0.026380153076893863,False
67,245813,1.559997,without_bias,1.9143905905456726,1.8227222891552746,0.2262925462992968,0.10257268594088584,False
67,245813,1.559997,with_candidate_bias,2.0571418391756757,1.7085795085146784,0.043548215114947365,0.044507835933069104,False
68,245814,1.582257,without_bias,1.9288602666685477,1.8650359108980676,0.24536564955186607,0.08847379489817109,False
68,245814,1.582257,with_candidate_bias,2.0716799940102755,1.7514220561790248,0.07373420324587038,0.025610015463666248,False
69,245815,1.604515,without_bias,1.91426195377863,1.8719415159739503,0.2602410544938722,0.07921203195839718,False
69,245815,1.604515,with_candidate_bias,2.0573428680307,1.758170627583819,0.0847179749835204,0.03221197996638975,False
70,245816,1.626769,without_bias,1.9129954290373417,1.8537469267092366,0.24802945930388903,0.09597735288187241,False
70,245816,1.626769,with_candidate_bias,2.055599182518866,1.7405912925086553,0.06967582773989633,0.02712540783042221,False
71,245817,1.649021,without_bias,1.9126861459665976,1.829778592742357,0.23210736669924886,0.11316018508969253,False
71,245817,1.649021,with_candidate_bias,2.054866273809716,1.7168352725446419,0.050903988247011624,0.043582657533098514,False
72,245818,1.67675,without_bias,1.9069365065163808,1.8242458788325835,0.2330646180925183,0.10945416441805814,False
72,245818,1.67675,with_candidate_bias,2.0493438279457035,1.711069896501822,0.05116896319784572,0.03465619422040358,False
73,245819,1.69901,without_bias,1.9212124132710688,1.8200906829382635,0.2193505160237502,0.1125569421722485,False
73,245819,1.69901,with_candidate_bias,2.0635822178076557,1.706452091645368,0.03738465418292763,0.04832811118348813,False
74,245820,1.721266,without_bias,1.9103830106127109,1.8110976428516066,0.22237098470304278,0.09427830153676754,False
74,245820,1.721266,with_candidate_bias,2.0536217267413046,1.6960656035569852,0.039767856152105055,0.0392753879224985,False
75,245821,1.743521,without_bias,1.929830859361492,1.8373736537173448,0.2245453640074204,0.09814997803588006,False
75,245821,1.743521,with_candidate_bias,2.07261945341545,1.7231922034752123,0.046558026597159935,0.04004647868311942,False
76,245822,1.76578,without_bias,1.9003673735776363,1.8192848000105155,0.23528873436230008,0.09869191239016407,False
76,245822,1.76578,with_candidate_bias,2.0432951699607784,1.7050076086712214,0.052978501681771914,0.04414270644605737,False
77,245823,1.805691,without_bias,1.9255216116571332,1.825505693950312,0.21960202003585655,0.08552820101005076,False
77,245823,1.805691,with_candidate_bias,2.0690125113558833,1.7100142820763027,0.03662419703068985,0.039571748364236804,False
78,245824,1.827954,without_bias,1.9174121918503204,1.8037741870935988,0.2123831464890559,0.09479331515777785,False
78,245824,1.827954,with_candidate_bias,2.060779055095317,1.6882194133329147,0.030354939905389604,0.04487864951329814,False
79,245825,1.850208,without_bias,1.9101709999378007,1.8036946187284877,0.21826320799840815,0.09382287794925255,False
79,245825,1.850208,with_candidate_bias,2.053670062216601,1.6879082600206752,0.03718070676977827,0.05444514389421858,False
80,245826,1.872461,without_bias,1.9067179770913314,1.818254043720921,0.2295789200398852,0.08787006607822302,False
80,245826,1.872461,with_candidate_bias,2.0501113476442954,1.7032375366109946,0.046163705380976174,0.031180554141984052,False
81,245827,1.894719,without_bias,1.9217376747732613,1.8170418918824072,0.21700850264774912,0.07654919876341863,False
81,245827,1.894719,with_candidate_bias,2.065730375916167,1.7006418219294492,0.03186062563318017,0.04041946323116592,False
82,245828,1.916979,without_bias,1.9181188971682792,1.844372812585952,0.23782669115989702,0.08939186032192846,False
82,245828,1.916979,with_candidate_bias,2.0613028249488172,1.7296384539162397,0.057336759265874795,0.05330447488350802,False
83,245829,1.939235,without_bias,1.879376455377561,1.8224717271898598,0.25428423190945676,0.09129613927166497,False
83,245829,1.939235,with_candidate_bias,2.022481122738257,1.7084838060057486,0.0732811434903921,0.030044555258247393,False
84,245830,1.961489,without_bias,1.8851383899851601,1.8385372576092316,0.2590411961602404,0.10217696865128703,False
84,245830,1.961489,with_candidate_bias,2.027579511226922,1.7257211054040253,0.07737400660451771,0.03824461333904385,False
85,245831,1.983743,without_bias,1.9035819345930107,1.813377527951346,0.22921880392432156,0.10026290467970529,False
85,245831,1.983743,with_candidate_bias,2.0464949402359887,1.6990992675439274,0.0475128640031803,0.0369180258823367,False
86,245832,2.011758,without_bias,1.923512162403914,1.8038278656643476,0.20748865121352636,0.09583180155215405,False
86,245832,2.011758,with_candidate_bias,2.0668052315598597,1.6884031790846121,0.024670036516385295,0.037610636194347215,False
87,245833,2.034019,without_bias,1.9457142930787517,1.8345421240522695,0.21142760777238007,0.07310220104392914,False
87,245833,2.034019,with_candidate_bias,2.089779249802451,1.7178000728394969,0.03780071741807279,0.048876136591606,False
88,245834,2.056275,without_bias,1.9482297535572748,1.8320943609928542,0.20792185412374442,0.07244946157383786,False
88,245834,2.056275,with_candidate_bias,2.0923961276643035,1.7150728289403394,0.03515458373614962,0.05134241963362714,False
89,245835,2.07853,without_bias,1.937505466621236,1.8339950673876169,0.21672347240233034,0.07646172231182764,False
89,245835,2.07853,with_candidate_bias,2.081390643848844,1.717695919852989,0.038666566784502976,0.047316901099750494,False
90,245836,2.100789,without_bias,1.9156435208517175,1.8346575479144256,0.23306466688000624,0.07144141861857013,False
90,245836,2.100789,with_candidate_bias,2.059572783250851,1.7188462281221717,0.04934414816793873,0.03518521609573704,False
91,245837,2.123047,without_bias,1.9327253099686457,1.8038432053468838,0.20018108710627233,0.08588003622797985,False
91,245837,2.123047,with_candidate_bias,2.0766170897128533,1.6870674319254184,0.015134427038188045,0.05110297902970397,False
92,245838,2.145308,without_bias,1.9251439256539638,1.8165575312626985,0.21406887815221687,0.07826541758873122,False
92,245838,2.145308,with_candidate_bias,2.069095752929884,1.7001284582232743,0.029019689454136882,0.04258778382074834,False
93,245839,2.167565,without_bias,1.9265218493077543,1.8240044496410726,0.2178586405681096,0.07605064676758172,False
93,245839,2.167565,with_candidate_bias,2.0704981746782205,1.7076120034424584,0.03380449563279321,0.0448244492748943,False
94,245840,2.189819,without_bias,1.9353164506321074,1.848335066926837,0.22861254384287824,0.07965379057971164,False
94,245840,2.189819,with_candidate_bias,2.078758679998531,1.7333762393741834,0.05454713746023303,0.02026628184526293,False
95,245841,2.212071,without_bias,1.923498320740198,1.8297015456624997,0.2239048055984404,0.0728599989206916,False
95,245841,2.212071,with_candidate_bias,2.067574670791092,1.7132541602703788,0.040109033463995844,0.04877898568216654,False
96,245842,2.23433,without_bias,1.9274813053128483,1.829384639553746,0.22074441478193335,0.08700443701576163,False
96,245842,2.23433,with_candidate_bias,2.070841190977625,1.7141908154434007,0.03919275218507274,0.035769504895769105,False
97,245843,2.25659,without_bias,1.9147884394153478,1.8217884674312026,0.22539534258497534,0.08008557559420464,False
97,245843,2.25659,with_candidate_bias,2.0585730876156556,1.7058847333943057,0.04071449674142537,0.04376041155204909,False
98,245844,2.278847,without_bias,1.8908103251420685,1.8017596330872239,0.23345649448996664,0.054836308051203216,False
98,245844,2.278847,with_candidate_bias,2.03601291044678,1.6836034624785052,0.05410721560255492,0.054741553158883474,False
99,245845,2.319846,without_bias,1.896061026098829,1.808337942813047,0.23255741906747235,0.07634931012272417,False
99,245845,2.319846,with_candidate_bias,2.0402105044776717,1.6918669452719772,0.051184160190981334,0.05009023808152018,False
100,245846,2.347859,without_bias,1.9268934652525136,1.7871323124288025,0.19514372663161766,0.0799680479681794,False
100,245846,2.347859,with_candidate_bias,2.071080410458813,1.6699823979127,0.021408017656627264,0.026212538552103648,False
101,245847,2.370121,without_bias,1.939089444243679,1.8246291846206453,0.2090253498566964,0.08779442465539716,False
101,245847,2.370121,with_candidate_bias,2.08251889570779,1.7090229031230295,0.02997158366052218,0.037748337528508494,False
102,245848,2.392373,without_bias,1.937467782015906,1.829475351743995,0.21356253955724105,0.08437254116230902,False
102,245848,2.392373,with_candidate_bias,2.080956010037906,1.7139463593221755,0.0351304578060792,0.031939157990681005,False
103,245849,2.414623,without_bias,1.9483500451132054,1.8270116639946066,0.20414979566459043,0.09397578928144656,False
103,245849,2.414623,with_candidate_bias,2.0914920135184736,1.7118302167084403,0.03186516593469399,0.03482995073754477,False
104,245850,2.436877,without_bias,1.950406905897522,1.8180089542816724,0.196297486950353,0.11379913377489141,False
104,245850,2.436877,with_candidate_bias,2.0928471078474677,1.7037607344683336,0.0239307025715873,0.0497469183285417,False
105,245851,2.459136,without_bias,1.940825125967347,1.8093701119339305,0.19745827129916732,0.11431208005279506,False
105,245851,2.459136,with_candidate_bias,2.083313087838009,1.695094657065716,0.01650949624288256,0.04818599986720793,False
106,245852,2.481395,without_bias,1.941235086982365,1.8235604221353565,0.20673798429129145,0.11953219106203779,False
106,245852,2.481395,with_candidate_bias,2.083325546632364,1.7101834039235768,0.030912557321750977,0.05061607763683615,False
107,245853,2.503651,without_bias,1.9398077977199837,1.8393241769161093,0.2189563677441627,0.10146441897781792,False
107,245853,2.503651,with_candidate_bias,2.082464218368076,1.7254574561278033,0.04607785067052511,0.0280925456643225,False
108,245854,2.525906,without_bias,1.9107340004909263,1.8473092850974888,0.24521153206939506,0.09234459940051251,False
108,245854,2.525906,with_candidate_bias,2.0536671151956627,1.7337710918402724,0.0648953683701715,0.012018801981262203,False
109,245855,2.548159,without_bias,1.9180506047504768,1.8410614439914765,0.23560004937880688,0.11417811936112121,False
109,245855,2.548159,with_candidate_bias,2.0601053637770654,1.7286223793039242,0.057077360170879145,0.0358206120541064,False
110,245856,2.570418,without_bias,1.9130927813580092,1.8381141232551874,0.23726828692516347,0.10431150928001645,False
110,245856,2.570418,with_candidate_bias,2.055578313248874,1.7249943682544062,0.05665108731000449,0.027704621900792096,False
111,245857,2.592678,without_bias,1.9173536143452317,1.8332160281184173,0.23082878016408315,0.11552781931657669,False
111,245857,2.592678,with_candidate_bias,2.0594831156629065,1.7206085974920458,0.05079703160534601,0.03519052094176766,False
112,245858,2.614933,without_bias,1.9172414984670025,1.8352968725638428,0.23229855462321988,0.1040506425786004,False
112,245858,2.614933,with_candidate_bias,2.059998451646563,1.72190638589283,0.05153870470047147,0.020268527438271986,False
113,245859,2.637187,without_bias,1.9246669678795696,1.8392961412472821,0.2295871776175867,0.08640209103298074,False
113,245859,2.637187,with_candidate_bias,2.06790585237742,1.724545157421363,0.049723459341264445,0.03305791319055227,False
114,245860,2.65944,without_bias,1.9147913582194425,1.8555968549548436,0.2480570975090616,0.0900147001597249,False
114,245860,2.65944,with_candidate_bias,2.0576665430731733,1.7421181557602206,0.07002940605124376,0.016654875506620134,False
115,245861,2.687745,without_bias,1.953050090695159,1.8557288173736288,0.22279114639980283,0.10149557340872914,False
115,245861,2.687745,with_candidate_bias,2.0955193913681978,1.7421064185341453,0.062351190078568416,0.03394699395509673,False
116,245862,2.710006,without_bias,1.942989102140166,1.843599226674943,0.21994751887255723,0.09217506004113779,False
116,245862,2.710006,with_candidate_bias,2.085981227867552,1.7291593614447647,0.04932335498635066,0.02432062221613816,False
117,245863,2.732261,without_bias,1.9468899334201082,1.8229270301929554,0.20225881220920644,0.09205580355451398,False
117,245863,2.732261,with_candidate_bias,2.090187456004046,1.7073643084007892,0.027364950466005972,0.04009232959544079,False
118,245864,2.754515,without_bias,1.9473060585260167,1.8272787645015258,0.20506729482410513,0.09695322245187173,False
118,245864,2.754515,with_candidate_bias,2.090364730568092,1.7121241733972534,0.03212624386454335,0.045309628013142714,False
119,245865,2.776769,without_bias,1.954286765092131,1.8119992802084695,0.18931955024432226,0.09516651090559682,False
119,245865,2.776769,with_candidate_bias,2.097688516081887,1.6958455861949238,0.01761237864123396,0.05007302443622497,False
120,245866,2.799027,without_bias,1.9645233076117843,1.8106378568614119,0.181137102709604,0.08963952171285344,False
120,245866,2.799027,with_candidate_bias,2.1081446595545756,1.6940133666638284,0.02292603575863819,0.04183303471406942,False
121,245867,2.84026,without_bias,1.9520034306910372,1.833069346036536,0.20609046032530504,0.09935168099098274,False
121,245867,2.84026,with_candidate_bias,2.0948568656295756,1.7183805625719888,0.03868664791741598,0.03877684929493332,False
122,245868,2.862513,without_bias,1.9433327458089176,1.8286660114892932,0.20883693740353074,0.10669321895240769,False
122,245868,2.862513,with_candidate_bias,2.085899201511339,1.7146135514875176,0.034855623575309025,0.037844325642781895,False
123,245869,2.884766,without_bias,1.9656483963020106,1.8204334505098707,0.18757631877284003,0.10740873035900332,False
123,245869,2.884766,with_candidate_bias,2.1084980668551956,1.7050925626564373,0.031173950311863336,0.058744536578449795,False
124,245870,2.907031,without_bias,1.9464210232506325,1.8373246861433146,0.21299290935260692,0.0812919438533554,False
124,245870,2.907031,with_candidate_bias,2.090018577579501,1.721466784775734,0.04146678893721458,0.04147382168570367,False
125,245871,2.929286,without_bias,1.9406932981386755,1.820430203312917,0.20497105459848128,0.09714110490342845,False
125,245871,2.929286,with_candidate_bias,2.0837956064193968,1.7052328621680846,0.025984453677085174,0.04327185660450934,False
126,245872,2.951542,without_bias,1.9230513348074274,1.8139961712008565,0.21407202224034538,0.08806995209444429,False
126,245872,2.951542,with_candidate_bias,2.066540015000107,1.698574606833895,0.029923016479442167,0.023830851997995076,False
127,245873,2.973803,without_bias,1.922056442788121,1.8483400139605037,0.23778855882737973,0.09063002882172302,False
127,245873,2.973803,with_candidate_bias,2.064983604216797,1.7343993825433044,0.059875812137077815,0.02615410943149673,False
128,245874,2.996057,without_bias,1.9314367807998027,1.8380576610854025,0.22388505691742297,0.09255494090481146,False
128,245874,2.996057,with_candidate_bias,2.0744445702260697,1.7236608611789064,0.04634913369563032,0.026952878263171543,False
129,245875,3.023757,without_bias,1.9378271298143261,1.8478800485297708,0.22658396482298596,0.09677548232528255,False
129,245875,3.023757,with_candidate_bias,2.080556394178673,1.7340330932451258,0.05485213629882672,0.02646112332582248,False
130,245876,3.046019,without_bias,1.949952909290932,1.8489461151578908,0.21944470247198308,0.0921484800282489,False
130,245876,3.046019,with_candidate_bias,2.0928901429192717,1.7344797609460494,0.05455636790359593,0.03022821804556745,False
131,245877,3.068273,without_bias,1.932302683798499,1.8438134679227944,0.22738358738055084,0.07735468789849895,False
131,245877,3.068273,with_candidate_bias,2.07590155122444,1.7285995325957513,0.05060317012206435,0.018680213839908307,False
132,245878,3.090526,without_bias,1.9373340871918927,1.8400631635317284,0.22119470439709316,0.10820796718629906,False
132,245878,3.090526,with_candidate_bias,2.079737119098881,1.7267757619386217,0.04788839764837787,0.02897970898274823,False
133,245879,3.112787,without_bias,1.9178404443803079,1.8463493160530804,0.2393971753018349,0.10146936889152974,False
133,245879,3.112787,with_candidate_bias,2.06037515971636,1.7332504742875698,0.06093639449198075,0.023199991550285324,False
134,245880,3.135046,without_bias,1.9233464891054919,1.86008204305095,0.2453628637811152,0.09447857369590222,False
134,245880,3.135046,with_candidate_bias,2.065959055966181,1.7468046886326032,0.07099882684478867,0.028709908095788363,False
135,245881,3.157304,without_bias,1.9491415601153106,1.8757127885372196,0.2411319051551724,0.10399626410623186,False
135,245881,3.157304,with_candidate_bias,2.091237285238507,1.7630804926520287,0.08308970534347342,0.03501790671870495,False
136,245882,3.179561,without_bias,1.9402111881638202,1.8389301967454825,0.21839298429402954,0.08718683808158847,False
136,245882,3.179561,with_candidate_bias,2.0834748780723142,1.7238383689098045,0.04432132449333255,0.035465992066755554,False
137,245883,3.201815,without_bias,1.9384796006112446,1.864512914930169,0.23875394699764793,0.09573089896447895,False
137,245883,3.201815,with_candidate_bias,2.0810305337524766,1.7511567386120686,0.07171982135136504,0.029149083958744472,False
138,245884,3.224067,without_bias,1.9232684584164135,1.8333547160275812,0.22653272586259865,0.08652915313440135,False
138,245884,3.224067,with_candidate_bias,2.066571837682061,1.7185486885159502,0.045109646151299365,0.023832174499548005,False
139,245885,3.246325,without_bias,1.910932458960965,1.8543480498048848,0.24992484215166166,0.09955182169052833,False
139,245885,3.246325,with_candidate_bias,2.0533848332544538,1.7415392278153612,0.07160828859786468,0.025878488169399295,False
140,245886,3.268585,without_bias,1.925247136106619,1.8428081857268712,0.2316247212642603,0.07582266976629601,False
140,245886,3.268585,with_candidate_bias,2.068901316280499,1.7274177253717926,0.051899856783331116,0.03379400398737731,False
141,245887,3.290842,without_bias,1.918761481733014,1.8568682940836039,0.246180875760724,0.07146351709388774,False
141,245887,3.290842,with_candidate_bias,2.0623872668832006,1.7419282467326196,0.06780538897134798,0.030834281428524273,False
142,245888,3.313096,without_bias,1.9326901884889371,1.8660876119036105,0.2436698095818086,0.07755598440333311,False
142,245888,3.313096,with_candidate_bias,2.075978406847605,1.7517110257091206,0.07306898304195464,0.021234060604796153,False
144,245889,3.354376,without_bias,1.9371559409337842,1.836115129990738,0.218479381644726,0.08780875903590331,False
144,245889,3.354376,with_candidate_bias,2.08041015664524,1.7210867299732089,0.0421910473377969,0.03246102039206689,False
145,245890,3.382826,without_bias,1.9246887675227786,1.8362425167717633,0.22746324457000222,0.08954851737774454,False
145,245890,3.382826,with_candidate_bias,2.0678382021203494,1.7215628109997414,0.04710215009379836,0.03549730039557584,False
146,245891,3.405088,without_bias,1.957393131443094,1.8311537946161,0.20107722699329905,0.08028013958260988,False
146,245891,3.405088,with_candidate_bias,2.101088363817861,1.714965618601563,0.036681688842625834,0.03161684912317714,False
147,245892,3.427342,without_bias,1.937574026706775,1.8291331850587185,0.21324723730952508,0.069648903609848,False
147,245892,3.427342,with_candidate_bias,2.081700073587582,1.7125505066635678,0.03359202676985311,0.0326566664521385,False
148,245893,3.449594,without_bias,1.943821126418399,1.8438597827094823,0.21958663773368445,0.0900780654267425,False
148,245893,3.449594,with_candidate_bias,2.0869144179342745,1.7290479113113626,0.04914487176391473,0.037494711110925956,False
149,245894,3.471848,without_bias,1.9082633089221566,1.826665436808036,0.23353581146799615,0.07908113266727913,False
149,245894,3.471848,with_candidate_bias,2.051930673625326,1.7113367585285821,0.04930787001787941,0.029038839785871576,False
150,245895,3.494106,without_bias,1.921754821342917,1.8281386335611303,0.22416845205048944,0.09174277344610993,False
150,245895,3.494106,with_candidate_bias,2.0649028832937186,1.7133928496621436,0.041772570851304154,0.0350573953064569,False
151,245896,3.516366,without_bias,1.9480205792805692,1.850919501261056,0.22219728130459482,0.09562390019907797,False
151,245896,3.516366,with_candidate_bias,2.090781783911869,1.7368437622224284,0.0568491379854158,0.029318022454625406,False
152,245897,3.538622,without_bias,1.936372692602262,1.838461884078333,0.22070686052756527,0.07278072148067881,False
152,245897,3.538622,with_candidate_bias,2.080233281563871,1.7225198570307134,0.04362713640525736,0.02993405296467261,False
153,245898,3.560875,without_bias,1.9428159038944768,1.8643729241721647,0.2359163693222551,0.08804900114356194,False
153,245898,3.560875,with_candidate_bias,2.0857463259736484,1.7504716420720956,0.07059990140970468,0.015329986141174383,False
154,245899,3.583128,without_bias,1.9243486727194967,1.8585184618014705,0.2435348094908723,0.11183698788457518,False
154,245899,3.583128,with_candidate_bias,2.066398851846914,1.7464361098415266,0.07050369412321113,0.028694631124176764,False
155,245900,3.605388,without_bias,1.9227088662093235,1.84758369357008,0.2367923516407582,0.11030536941092198,False
155,245900,3.605388,with_candidate_bias,2.0650199293620664,1.7349984624994734,0.06040558588725168,0.026475502513921247,False
156,245901,3.627649,without_bias,1.9129131735884384,1.8584987884189723,0.2514389817740272,0.09725788089434971,False
156,245901,3.627649,with_candidate_bias,2.0554625294123325,1.745677321068391,0.07420476654039482,0.018455172400409038,False
157,245902,3.649904,without_bias,1.925785907105822,1.8678143034828278,0.2494804218727342,0.09268758250852406,False
157,245902,3.649904,with_candidate_bias,2.068434972590835,1.7547425066460316,0.07779134082203575,0.016273473936100475,False
158,245903,3.672158,without_bias,1.9171131865620745,1.8756663270356955,0.26110373761468786,0.08297909426098286,False
158,245903,3.672158,with_candidate_bias,2.060084255234276,1.7624159235740282,0.08767745573092317,0.007949834145650939,False
159,245904,3.694412,without_bias,1.8899949613175153,1.8392107612141435,0.25563662097745143,0.06360516775452507,False
159,245904,3.694412,with_candidate_bias,2.034143992810137,1.7237920072189732,0.07097628783939473,0.025631176766263645,False
160,245905,3.72276,without_bias,1.9028974307967488,1.829840766127151,0.2397073770162882,0.07139849436599723,False
160,245905,3.72276,with_candidate_bias,2.0468505076943013,1.7141619259620824,0.05503558732019074,0.0332605545089323,False
161,245906,3.745023,without_bias,1.8816816178427442,1.8449064058830227,0.2656890495407604,0.09096829064333956,False
161,245906,3.745023,with_candidate_bias,2.0245520111147597,1.731819203758632,0.08347855489466229,0.01743762947720955,False
162,245907,3.767278,without_bias,1.9229877800348518,1.8381581877889839,0.23001542118384694,0.10438075349699812,False
162,245907,3.767278,with_candidate_bias,2.065533759855547,1.7248451954177666,0.051085109952545914,0.025087427594823138,False
163,245908,3.789531,without_bias,1.898869505157274,1.8492995411518656,0.25532959227840696,0.0838573551777562,False
163,245908,3.789531,with_candidate_bias,2.0421000271198184,1.7355093030874675,0.07331909799757808,0.008121493607985931,False
164,245909,3.811792,without_bias,1.9232016818007018,1.8495460025237433,0.2378392859178136,0.09130522769190862,False
164,245909,3.811792,with_candidate_bias,2.0660913231086777,1.735689866731127,0.060605165516021194,0.024816532160509823,False
165,245910,3.834052,without_bias,1.8967442987501437,1.8532044086889325,0.259514032866927,0.07097645452022557,False
165,245910,3.834052,with_candidate_bias,2.0403859929250068,1.7386821583167202,0.07684494389838599,0.023589005558671015,False
166,245911,3.873113,without_bias,1.9261895335458954,1.8231664928712448,0.21755577124260225,0.09561772204844016,False
166,245911,3.873113,with_candidate_bias,2.0692641713031743,1.708590317756644,0.03531827941972779,0.023212234424543978,False
167,245912,3.895368,without_bias,1.9198346310352679,1.8282360453061495,0.22567715418914294,0.09731630119675828,False
167,245912,3.895368,with_candidate_bias,2.0627429376408926,1.7138863720018782,0.043488316314821196,0.03905009149286799,False
168,245913,3.91762,without_bias,1.932106360522654,1.8496842928353943,0.2317825718695215,0.09862840986555862,False
168,245913,3.91762,with_candidate_bias,2.074720887053934,1.736166015559392,0.05820715244913222,0.026587063201581836,False
169,245914,3.939885,without_bias,1.906008466690583,1.836467011233304,0.24152600260392904,0.07826041817992316,False
169,245914,3.939885,with_candidate_bias,2.049597021466753,1.7216192727071695,0.0580048664771478,0.018120735885050265,False
170,245915,3.962139,without_bias,1.9222244631986651,1.8118069568137043,0.21335816040982766,0.07123718894624124,False
170,245915,3.962139,with_candidate_bias,2.0665379675576774,1.6947642659876871,0.027720940036004726,0.042857594850285306,False
171,245916,3.984396,without_bias,1.9103950405051089,1.8177584092632812,0.22635220519780924,0.0725062727783465,False
171,245916,3.984396,with_candidate_bias,2.0544720913272267,1.7015786696036224,0.04156767105002643,0.029537509876211246,False
172,245917,4.00665,without_bias,1.8975290170753476,1.8102800940192916,0.23241768901195375,0.0911221366649937,False
172,245917,4.00665,with_candidate_bias,2.0408594067987043,1.695378712948261,0.05149080220894048,0.03269237026343411,False
173,245918,4.028903,without_bias,1.9060424349904355,1.8222112801826496,0.23251759919506348,0.10003258477801714,False
173,245918,4.028903,with_candidate_bias,2.0488638592399258,1.7083036335716526,0.049932732250408784,0.029747654552663854,False
174,245919,4.056738,without_bias,1.9283288592384482,1.832524626691499,0.22226407605036533,0.10515034752593465,False
174,245919,4.056738,with_candidate_bias,2.070863370281009,1.7188054535570314,0.04326746841182977,0.0377868888904572,False
175,245920,4.079001,without_bias,1.9340943449047039,1.8620363200177326,0.23967435218707017,0.10526446750751041,False
175,245920,4.079001,with_candidate_bias,2.0763304690144193,1.7494299343820392,0.0707627858811397,0.025545201385027715,False
176,245921,4.101255,without_bias,1.9216941377137233,1.8340537387398286,0.2281653297493869,0.09078548663429847,False
176,245921,4.101255,with_candidate_bias,2.064831589007858,1.719346987166142,0.04670796838786631,0.04023578284403448,False
177,245922,4.123507,without_bias,1.930572815925032,1.863623441658277,0.24317605833737913,0.1078459418149136,False
177,245922,4.123507,with_candidate_bias,2.0726204303398643,1.751288529354415,0.07337645302879385,0.032543405057042195,False
178,245923,4.14576,without_bias,1.9164407304347217,1.8135837649089857,0.21901470795198216,0.10431110907947981,False
178,245923,4.14576,with_candidate_bias,2.059216754470738,1.699332935039751,0.03635066137728518,0.038731623288973276,False
179,245924,4.16802,without_bias,1.9296657721951187,1.8424167893307881,0.22822418378057388,0.10499486829647352,False
179,245924,4.16802,with_candidate_bias,2.0721293783268586,1.7291526587644257,0.05230050652332754,0.027452243934399816,False
180,245925,4.19028,without_bias,1.9044611351631142,1.8042841891736034,0.22331867374561445,0.07368146981972437,False
180,245925,4.19028,with_candidate_bias,2.048683363446661,1.6876294297838554,0.04201514792199945,0.037994098882667894,False
181,245926,4.212537,without_bias,1.929784498695383,1.8463840889059333,0.2309819731047149,0.10300585133021999,False
181,245926,4.212537,with_candidate_bias,2.072242590534763,1.7330705221771816,0.05596254028432604,0.031616682524667816,False
182,245927,4.234797,without_bias,1.9549615387218848,1.851747231987107,0.21847768242910787,0.09985532044149383,False
182,245927,4.234797,with_candidate_bias,2.0975568470654204,1.7377850709788603,0.05827709983863371,0.0353746505999903,False
183,245928,4.257049,without_bias,1.9193238719357633,1.8277100184330817,0.2257179439843032,0.08181884326109354,False
183,245928,4.257049,with_candidate_bias,2.062890137333894,1.7123641746531164,0.04221829526108972,0.029533287911818227,False
184,245929,4.279309,without_bias,1.9366943590867842,1.8296404645927624,0.21423092255636117,0.09237780207640836,False
184,245929,4.279309,with_candidate_bias,2.0798918667268396,1.71446386605851,0.035915629215801,0.0442869604146439,False
185,245930,4.30157,without_bias,1.893506166006841,1.8219315368058349,0.24239304432552744,0.08243135699308524,False
185,245930,4.30157,with_candidate_bias,2.0371064782723334,1.7067176722811668,0.0592584057571494,0.04203000191706952,False
186,245931,4.323826,without_bias,1.9034821307125358,1.798517176759555,0.22098696058951336,0.10106663079732404,False
186,245931,4.323826,with_candidate_bias,2.0465527254062765,1.6837285234080897,0.04360696683360434,0.03808636794081909,False
187,245932,4.346082,without_bias,1.9189215734672118,1.8245784208487268,0.2239882760325775,0.09536017302587992,False
187,245932,4.346082,with_candidate_bias,2.061944455246714,1.710105953049169,0.04115193799084541,0.031013672125088376,False
188,245933,4.386847,without_bias,1.9113599045686875,1.8343514941092016,0.23608614408611805,0.07584635471343833,False
188,245933,4.386847,with_candidate_bias,2.0550991404522083,1.718889912470843,0.05225414135898231,0.036561735504160225,False
189,245934,4.414861,without_bias,1.9097984855602326,1.8355852534584283,0.2380742676143498,0.09015593838877922,False
189,245934,4.414861,with_candidate_bias,2.0529173553032427,1.7214675075036572,0.05562981858924044,0.01669624097150416,False
190,245935,4.437122,without_bias,1.9387040714293158,1.8350356620281658,0.21662528592612915,0.099361847465554,False
190,245935,4.437122,with_candidate_bias,2.0814831180682276,1.7207789077815487,0.04165881176528934,0.03480357324281172,False
191,245936,4.459375,without_bias,1.924532033674877,1.8308930842221491,0.2239383190654172,0.08137205276027266,False
191,245936,4.459375,with_candidate_bias,2.068126800171636,1.715346968899414,0.041567355955216684,0.038627492463094264,False
192,245937,4.481626,without_bias,1.926599253374972,1.8526040777668669,0.23768039813869207,0.10401007201011143,False
192,245937,4.481626,with_candidate_bias,2.068931508497363,1.7396790590322568,0.06328879380405576,0.030537904373573406,False
193,245938,4.503881,without_bias,1.9153620100827011,1.8647651387264745,0.25423725928936525,0.09172666639881154,False
193,245938,4.503881,with_candidate_bias,2.05806205656342,1.7517445350632617,0.07853222613934854,0.015315217660873234,False
194,245939,4.526141,without_bias,1.911772747454657,1.8495013196984507,0.24595863662286346,0.0821727259232992,False
194,245939,4.526141,with_candidate_bias,2.055119672457723,1.7353095882449772,0.06538950834258832,0.00713923267862151,False
195,245940,4.548401,without_bias,1.9104258107042975,1.8518522738801575,0.2485560168231488,0.07944233718722833,False
195,245940,4.548401,with_candidate_bias,2.0537544408823076,1.737548730052861,0.06801174079856498,0.022350277873700062,False
196,245941,4.570657,without_bias,1.915758408762782,1.8262290476192724,0.22747102339532654,0.07604488616769044,False
196,245941,4.570657,with_candidate_bias,2.059582403374857,1.7105298311386,0.04309641253980821,0.027478417636572546,False
197,245942,4.59291,without_bias,1.913924303969818,1.8499074521140293,0.24468590686100863,0.10072896973984045,False
197,245942,4.59291,with_candidate_bias,2.056388959247732,1.7369364947550556,0.06611706659738538,0.027898159938697355,False
198,245943,4.615164,without_bias,1.8974342465150251,1.8420281419003408,0.2516638396411234,0.09767752077903596,False
198,245943,4.615164,with_candidate_bias,2.0401200745757913,1.728951621208838,0.06988753951383737,0.020105464181401217,False
199,245944,4.637423,without_bias,1.902761747107294,1.86691423869863,0.26456586320725756,0.08764899334467235,False
199,245944,4.637423,with_candidate_bias,2.045593192717808,1.7539776423958233,0.08628242061649662,0.010305390282096033,False
200,245945,4.659683,without_bias,1.8943939936090164,1.8313772162815438,0.24733938494582455,0.07744437558217626,False
200,245945,4.659683,with_candidate_bias,2.038041032277036,1.716514003710881,0.0635059587269907,0.02119686559489365,False
201,245946,4.686866,without_bias,1.8865317195588658,1.8579664020832196,0.2703171866828267,0.06948275469129887,False
201,245946,4.686866,with_candidate_bias,2.0301353459363405,1.7437221219302648,0.08743160543794873,0.027671978762009997,False
202,245947,4.709119,without_bias,1.904972867926025,1.8407587028025758,0.24510895563052582,0.07434133381791495,False
202,245947,4.709119,with_candidate_bias,2.048718543222526,1.7258363692560807,0.06168574730235683,0.013668339026380788,False
203,245948,4.731372,without_bias,1.9050615135245141,1.8263963376864332,0.23586888618010557,0.10274860385146407,False
203,245948,4.731372,with_candidate_bias,2.047743764076835,1.7129067106599358,0.05355782931421815,0.02610435197134799,False
204,245949,4.758744,without_bias,1.8983974110694743,1.8529179383272587,0.2580933270741993,0.10411325777106858,False
204,245949,4.758744,with_candidate_bias,2.040706948232168,1.740676687988578,0.07817586211772405,0.022676687137121062,False
205,245950,4.781006,without_bias,1.9091867753250324,1.8491325176139963,0.2475868145354454,0.11133197070277234,False
205,245950,4.781006,with_candidate_bias,2.0512170297399797,1.736981697413137,0.06892773478268317,0.03377566015739265,False
206,245951,4.80326,without_bias,1.8808726268139742,1.8403162478695592,0.2635062761048799,0.10061149834100032,False
206,245951,4.80326,with_candidate_bias,2.023390547149223,1.7277354196026204,0.08194809023838281,0.023286931544432593,False
207,245952,4.825514,without_bias,1.9121627607586476,1.8626508482750115,0.25492629530232314,0.10916252967928008,False
207,245952,4.825514,with_candidate_bias,2.054128241163132,1.7507981530143528,0.07936725743210563,0.03068746965457747,False
208,245953,4.847767,without_bias,1.9285506299318294,1.8622653082379497,0.24348827832666584,0.10361171288688477,False
208,245953,4.847767,with_candidate_bias,2.070772052409424,1.7496007528062631,0.07220788571717414,0.032234867016377365,False
209,245954,4.889293,without_bias,1.9309904190397662,1.8657748738473579,0.24453292332557358,0.10062415804574178,False
209,245954,4.889293,with_candidate_bias,2.0733938126880154,1.7530585604808822,0.0749220843048259,0.019219484435074655,False
210,245955,4.911556,without_bias,1.920598395479154,1.8557411805402102,0.24409396992122495,0.09001713813364583,False
210,245955,4.911556,with_candidate_bias,2.0635712925430862,1.7421357708857965,0.06752281541386827,0.008596351302148846,False
211,245956,4.933812,without_bias,1.9200504550285895,1.8302016285045009,0.22681132476442514,0.08270310143072195,False
211,245956,4.933812,with_candidate_bias,2.06354766283239,1.7150003852291555,0.04387200824920375,0.02938021399489633,False
212,245957,4.956064,without_bias,1.9292869402841841,1.8578672312201956,0.23971950172056902,0.09412714487460538,False
212,245957,4.956064,with_candidate_bias,2.071996884509099,1.7444341301939152,0.06690193794820258,0.019878318442303887,False
213,245958,4.978322,without_bias,1.9029880958421834,1.8484619480539783,0.25169998060960125,0.08884770864853236,False
213,245958,4.978322,with_candidate_bias,2.0459318101633333,1.7348294630779377,0.07034397896689829,0.024944878373162237,False
214,245959,5.000583,without_bias,1.913296444970469,1.8654032942396703,0.25612209563994326,0.07403309449348476,False
214,245959,5.000583,with_candidate_bias,2.0566910936110463,1.7511972671731497,0.07860365193649048,0.02165109844705005,False
215,245960,5.022839,without_bias,1.933118521496951,1.8578723398125454,0.237171599412097,0.09297501511696592,False
215,245960,5.022839,with_candidate_bias,2.075959992417006,1.7442824272846034,0.06579781356953171,0.012150882642941863,False
216,245961,5.045094,without_bias,1.9303112354593055,1.8629238394542047,0.2428201650629556,0.0675915265655718,False
216,245961,5.045094,with_candidate_bias,2.0741207127443517,1.747812337927504,0.06964671520568204,0.01843077112341453,False
217,245962,5.067348,without_bias,1.9048080652418606,1.8786927448489612,0.2716152785744523,0.05954721710526169,False
217,245962,5.067348,with_candidate_bias,2.048711915760187,1.7641990202134397,0.09377729418733033,0.02588383519553909,False
218,245963,5.094737,without_bias,1.9223568289831918,1.8636210835935911,0.24863816104664094,0.08316483850098769,False
218,245963,5.094737,with_candidate_bias,2.065522246893525,1.7497968904906671,0.07396462883911292,0.005391850866910039,False
219,245964,5.116997,without_bias,1.9313009401573853,1.8495875424306798,0.23226133156986636,0.09128278356222118,False
219,245964,5.116997,with_candidate_bias,2.07421001146836,1.7354912111313514,0.0576940053268409,0.029830166803315405,False
220,245965,5.139252,without_bias,1.932618701610156,1.8558549522088708,0.23599541796242005,0.10012178228561566,False
220,245965,5.139252,with_candidate_bias,2.0751136352461113,1.7426854507433853,0.06442879473098354,0.02417172061681874,False
221,245966,5.161505,without_bias,1.924794233381703,1.858076475902306,0.24290775325979982,0.08423074580118013,False
221,245966,5.161505,with_candidate_bias,2.067871702498331,1.7439563866196122,0.06767629525734756,0.028055275961631706,False
222,245967,5.183759,without_bias,1.9115822510025262,1.8599660390584987,0.2534179716826149,0.09517490979800448,False
222,245967,5.183759,with_candidate_bias,2.0541747999721403,1.7470799523827156,0.07604712334272452,0.019052929762176676,False
223,245968,5.206016,without_bias,1.93605370253271,1.8326264299025898,0.2167816634512649,0.10164996602281019,False
223,245968,5.206016,with_candidate_bias,2.0787598323574796,1.7184811570727025,0.04008916085784247,0.03692159548690328,False
224,245969,5.228277,without_bias,1.9197522817733301,1.8342484380117596,0.229732161854746,0.06555323290902186,False
224,245969,5.228277,with_candidate_bias,2.064010302182072,1.7181106670552817,0.04612902921226228,0.019447394196225615,False
225,245970,5.250534,without_bias,1.9380642905472791,1.8496592005715158,0.2277470178629512,0.08770324151343065,False
225,245970,5.250534,with_candidate_bias,2.0811966549177208,1.7352873395299189,0.055983826208416874,0.013958099878961195,False
226,245971,5.272795,without_bias,1.9066830033620619,1.8493355690319604,0.2495589232941423,0.07054310347914337,False
226,245971,5.272795,with_candidate_bias,2.0504635781582117,1.734439794318207,0.06728164576955978,0.017893775564298164,False
227,245972,5.295047,without_bias,1.9133946548025211,1.8566208618733528,0.24976864655357892,0.06976803226248161,False
227,245972,5.295047,with_candidate_bias,2.0571199008754624,1.7418006250040885,0.07000298686010038,0.019266288259204734,False
228,245973,5.317307,without_bias,1.9202776684631349,1.8496517800660897,0.23997374085908316,0.0753016426422344,False
228,245973,5.317307,with_candidate_bias,2.0638408827723786,1.7347525708137514,0.06068066763676305,0.023273217189895386,False
229,245974,5.339569,without_bias,1.9036313654703465,1.8435317065317836,0.2479433140410221,0.058964696360270685,False
229,245974,5.339569,with_candidate_bias,2.048048231742102,1.7276291345536967,0.06347034991473195,0.025423730591243598,False
230,245975,5.361824,without_bias,1.906736515001365,1.8584742732405712,0.2558096384865022,0.07340464303806898,False
230,245975,5.361824,with_candidate_bias,2.0502806488586183,1.7441342323725622,0.07543756767758475,0.015340018996881324,False
231,245976,5.400969,without_bias,1.9067616990834346,1.8498358971367341,0.2498409631726332,0.06934564784364924,False
231,245976,5.400969,with_candidate_bias,2.050540703281018,1.734818673140925,0.06754348986015024,0.026481622587020807,False
232,245977,5.428857,without_bias,1.938958643950518,1.850416000370109,0.22771715881639515,0.08928874613355009,False
232,245977,5.428857,with_candidate_bias,2.0819936618224544,1.736152849605269,0.05672075431273091,0.01812776767013065,False
233,245978,5.451118,without_bias,1.9013591627276132,1.8465701613726169,0.25165648043816935,0.08460752153721401,False
233,245978,5.451118,with_candidate_bias,2.0445453197250436,1.7326709779425122,0.06957269490481961,0.014849574043421153,False
234,245979,5.473371,without_bias,1.8885991138971001,1.8480926828303588,0.2623308349091673,0.0811448112008689,False
234,245979,5.473371,with_candidate_bias,2.0318652202329983,1.7342897149469776,0.0795426034750049,0.01656900083338108,False
235,245980,5.495622,without_bias,1.8951150202379563,1.8525019700127383,0.26026349147571165,0.08628032979961303,False
235,245980,5.495622,with_candidate_bias,2.038334188730136,1.7390094118308115,0.07843128673425886,0.0032870766999192444,False
236,245981,5.517874,without_bias,1.90804580545638,1.8290801512895716,0.23522801793268383,0.08140670965718988,False
236,245981,5.517874,with_candidate_bias,2.0516050903539567,1.714128077918957,0.05137017412049741,0.017102867469274724,False
237,245982,5.540132,without_bias,1.9118447382672876,1.843747926232503,0.24197661173860677,0.0894367216398453,False
237,245982,5.540132,with_candidate_bias,2.0549053850011916,1.7298493770097088,0.06096386134564202,0.014678455419610308,False
238,245983,5.562392,without_bias,1.9139059381518695,1.8294687641261969,0.2309762543370765,0.08488731101474666,False
238,245983,5.562392,with_candidate_bias,2.0572997484678797,1.714556901250385,0.04757610612789566,0.027576140012842244,False
239,245984,5.584649,without_bias,1.9104412861400362,1.8577532817731937,0.25266096038799646,0.0820268632921108,False
239,245984,5.584649,with_candidate_bias,2.0535962020548566,1.7438857831308103,0.07352978846064875,0.018063297106699846,False
240,245985,5.606903,without_bias,1.9184515461624654,1.8519421375043517,0.2428846859388506,0.07700278380622771,False
240,245985,5.606903,with_candidate_bias,2.061917219654806,1.7373171841655586,0.06382712709017198,0.019654668340047438,False
241,245986,5.629156,without_bias,1.9110897676852066,1.8404460809461507,0.24031607544630065,0.07497787900595589,False
241,245986,5.629156,with_candidate_bias,2.0547654381619367,1.725379542799552,0.0574523911827582,0.022811283057265083,False
242,245987,5.651414,without_bias,1.927922709534233,1.8492056513443464,0.2343066378308329,0.09072513651856692,False
242,245987,5.651414,with_candidate_bias,2.070855976748232,1.7351941992449864,0.05841997309618942,0.02450803103738184,False
243,245988,5.673675,without_bias,1.8925587995057633,1.8435141946435554,0.2563589661052171,0.06861137404701069,False
243,245988,5.673675,with_candidate_bias,2.0364187312617603,1.7285295626310695,0.07229156803363963,0.025989255339499223,False
244,245989,5.695933,without_bias,1.9057461314059259,1.852921861496142,0.2526884609062575,0.05994874963730006,False
244,245989,5.695933,with_candidate_bias,2.0499234710003207,1.7374333786286686,0.07003371443359366,0.02714094586558168,False
245,245990,5.718189,without_bias,1.9185484975182423,1.8594314849297868,0.24817589626585507,0.06004160148247208,False
245,245990,5.718189,with_candidate_bias,2.062641964150179,1.7438938954636407,0.06950461857372314,0.029572163550723025,False
246,245991,5.740441,without_bias,1.9105365606717573,1.8573098409593578,0.25228140192363485,0.060133827324575104,False
246,245991,5.740441,with_candidate_bias,2.0546241240070753,1.7418297999362473,0.07123465983931666,0.03314733887187596,False
247,245992,5.768758,without_bias,1.9010330363931114,1.8511021596833803,0.25492050208471684,0.0814230495701161,False
247,245992,5.768758,with_candidate_bias,2.0442985379532814,1.7371639525854283,0.07318702827958484,0.014183037656013893,False
248,245993,5.791018,without_bias,1.9073287396687575,1.8435451958970888,0.24518527780440177,0.0823406496554716,False
248,245993,5.791018,with_candidate_bias,2.0506537711484807,1.729228992502372,0.06302078567928783,0.017329202561321786,False
249,245994,5.813271,without_bias,1.9238462579113027,1.850391642742876,0.23799239048064788,0.08671670438395361,False
249,245994,5.813271,with_candidate_bias,2.0669917030942604,1.736292141503674,0.06081272006391698,0.01094935159623113,False
250,245995,5.835524,without_bias,1.9088477662469787,1.8466442502218203,0.24614312488002157,0.07253481371221286,False
250,245995,5.835524,with_candidate_bias,2.0525457090309174,1.7317087705916558,0.06384842103057202,0.022179304153003582,False
251,245996,5.857784,without_bias,1.9164277250336683,1.8580338457519205,0.24864308731635082,0.09263408147562194,False
251,245996,5.857784,with_candidate_bias,2.059212978733354,1.7447987352658785,0.07174062148134987,0.013003888433944939,False
252,245997,5.880042,without_bias,1.9164366978850667,1.853884743825491,0.24568297453485916,0.0816249925988199,False
252,245997,5.880042,with_candidate_bias,2.059743896500115,1.7397241071185796,0.06695073390267889,0.008953280989969312,False
253,245998,5.921228,without_bias,1.905211587717128,1.8397685726180257,0.24428007309321403,0.07510287694423316,False
253,245998,5.921228,with_candidate_bias,2.04893245695983,1.7248571297162016,0.06081698099817464,0.013699786336267342,False
254,245999,5.943483,without_bias,1.8872657122087997,1.8551966825971191,0.2679460188904491,0.07787879952748303,False
254,245999,5.943483,with_candidate_bias,2.030650969909401,1.7414741592588907,0.08544811074144525,0.009470853652776575,False
255,246000,5.965735,without_bias,1.9132920993502935,1.8390291636334255,0.23773084999211466,0.07784757867988512,False
255,246000,5.965735,with_candidate_bias,2.0568632834211362,1.7240328588213385,0.05510838993844648,0.024957008201880387,False
256,246001,5.992211,without_bias,1.899732556287684,1.8503576453355814,0.25538877708525703,0.07941660231896458,False
256,246001,5.992211,with_candidate_bias,2.0430868278674312,1.7362785552567355,0.07326746550362888,0.015025067549545083,False
257,246002,6.014465,without_bias,1.8896947872881276,1.8418503427949848,0.25752225477112173,0.08349251213834288,False
257,246002,6.014465,with_candidate_bias,2.032939087844974,1.727939053455497,0.07452583808433562,0.017819344324264515,False
258,246003,6.036721,without_bias,1.894836170595468,1.8249106556861237,0.243080271596079,0.07432134115804574,False
258,246003,6.036721,with_candidate_bias,2.0386968510983827,1.7095121581103294,0.05918598282997914,0.027056404242473277,False
259,246004,6.058976,without_bias,1.907718900856022,1.847892531863917,0.24781908998463592,0.07649768539137129,False
259,246004,6.058976,with_candidate_bias,2.0512234141305394,1.7333033288426478,0.06591561633937056,0.02153095933463268,False
260,246005,6.081228,without_bias,1.8940932648926159,1.8430400165750753,0.25487545167245035,0.08623131191114171,False
260,246005,6.081228,with_candidate_bias,2.037215314452854,1.7292654284220916,0.07220322337626824,0.018465614261043563,False
261,246006,6.108749,without_bias,1.9209885417697412,1.8428843768653618,0.2347257830744967,0.09542920426043733,False
261,246006,6.108749,with_candidate_bias,2.063845615927799,1.7291714862846292,0.055694585640218876,0.01731597557120905,False
262,246007,6.13101,without_bias,1.9076204153601208,1.8629126963374465,0.25830092406890404,0.09521173430917508,False
262,246007,6.13101,with_candidate_bias,2.050206813620703,1.7502349213781736,0.08072448118889147,0.014641201282554875,False
263,246008,6.153266,without_bias,1.9043435495146934,1.8310485814920188,0.2393407436638277,0.08985818086814848,False
263,246008,6.153266,with_candidate_bias,2.0474824779151195,1.7168121942666803,0.05623946417744486,0.023655762598433737,False
264,246009,6.175519,without_bias,1.9174274605101609,1.8378703106662115,0.23388953883365154,0.09213504229001035,False
264,246009,6.175519,with_candidate_bias,2.0604315748592295,1.723791331134531,0.052839118537684665,0.021453130345351814,False
265,246010,6.197779,without_bias,1.9045354517243878,1.8493575733364522,0.2511555022560498,0.10060430235651992,False
265,246010,6.197779,with_candidate_bias,2.04699657092811,1.7365850899582993,0.07107156476066838,0.02529943473700353,False
266,246011,6.220038,without_bias,1.906968308209322,1.853684570378461,0.2523230670931777,0.10357578289875768,False
266,246011,6.220038,with_candidate_bias,2.049307778076243,1.7412469195322595,0.0735325919391078,0.02294088535907314,False
267,246012,6.242298,without_bias,1.9298037291666985,1.846233367940381,0.23086008274645178,0.11184484766783769,False
267,246012,6.242298,with_candidate_bias,2.0719384324255636,1.733579550405241,0.05654191759105527,0.033021092099671134,False
268,246013,6.264555,without_bias,1.9259951513623779,1.8598890568412494,0.24342896940973063,0.10350661085231393,False
268,246013,6.264555,with_candidate_bias,2.0682830280935733,1.7472509164205121,0.0706704508842503,0.02582111267211048,False
269,246014,6.286809,without_bias,1.9405348977992638,1.861548182052615,0.2351585830508551,0.09714710065229985,False
269,246014,6.286809,with_candidate_bias,2.083139519159139,1.7482265740840328,0.06857063226055195,0.018333185838580564,False
270,246015,6.309063,without_bias,1.9292664598833071,1.8573540922403065,0.23935276257613494,0.11186185533559025,False
270,246015,6.309063,with_candidate_bias,2.071422658660176,1.7450889365476117,0.06768816197944334,0.027822983490675118,False
271,246016,6.331322,without_bias,1.9334606206593916,1.862956843433222,0.24078576337356694,0.10576222470682341,False
271,246016,6.331322,with_candidate_bias,2.075757332771163,1.7504154710124145,0.07184143739995447,0.02222665937644445,False
272,246017,6.353582,without_bias,1.9240568054090352,1.8673312253874164,0.2502601283389061,0.08878174142468741,False
272,246017,6.353582,with_candidate_bias,2.0668727587085596,1.7540112742937108,0.07754055720931732,0.01399254378908553,False
273,246018,6.375838,without_bias,1.916626799322464,1.8592127919298647,0.2493501383686605,0.07992997392680944,False
273,246018,6.375838,with_candidate_bias,2.059877000596575,1.7451242685463668,0.07175350476985809,0.016863523361884743,False
274,246019,6.398091,without_bias,1.904507010764963,1.8706160105651815,0.26597389446924086,0.07516437011634713,False
274,246019,6.398091,with_candidate_bias,2.047819878033771,1.756918349452915,0.08772454144449374,0.013301709041381607,False
275,246020,6.439115,without_bias,1.908059813746451,1.8682800629590095,0.2618236304878241,0.0993267718371397,False
275,246020,6.439115,with_candidate_bias,2.050415521965599,1.756074950329847,0.08575738434061912,0.017314503412480614,False
276,246021,6.466868,without_bias,1.9386025959778292,1.8576255529066423,0.2333923970270728,0.10442946893513082,False
276,246021,6.466868,with_candidate_bias,2.0809354084454523,1.7446982466771308,0.06533016105250047,0.025667185247078117,False
277,246022,6.489127,without_bias,1.9151336260617386,1.8789704761385218,0.2648914855353148,0.11079288953830811,False
277,246022,6.489127,with_candidate_bias,2.056946725857387,1.7677722728884135,0.09378960933677497,0.026557893051667447,False
278,246023,6.51138,without_bias,1.9246655975443068,1.866320698383828,0.24910011497712833,0.09771107046881881,False
278,246023,6.51138,with_candidate_bias,2.0671500103874725,1.7535655224436741,0.07703251338041192,0.017333868026920468,False
279,246024,6.533631,without_bias,1.9311765804677103,1.8754839936858698,0.2518707414117544,0.1014228718874804,False
279,246024,6.533631,with_candidate_bias,2.0734842886512306,1.7631610906709911,0.08478523292970708,0.017484161904238904,False
280,246025,6.555884,without_bias,1.9267433561247482,1.8378962165333756,0.2271209963102606,0.09043909407799904,False
280,246025,6.555884,with_candidate_bias,2.069827252310362,1.7234292245790122,0.04788566901364194,0.027615771360217447,False
281,246026,6.578141,without_bias,1.907595408249056,1.832844106239918,0.2379763767774184,0.08257699608704931,False
281,246026,6.578141,with_candidate_bias,2.051033479799909,1.7180955803342812,0.05449461383944074,0.02209083137167173,False
282,246027,6.6004,without_bias,1.9346618699120988,1.8551228464434644,0.2340896110588142,0.11406443721627038,False
282,246027,6.6004,with_candidate_bias,2.0765556617918883,1.7427229942807139,0.0641476752610144,0.042882975191144396,False
283,246028,6.622657,without_bias,1.9021995199148143,1.843866940285108,0.24924163865339466,0.09932503127725857,False
283,246028,6.622657,with_candidate_bias,2.044811058626125,1.7308701425002644,0.0680427205547273,0.02097322980287507,False
284,246029,6.644911,without_bias,1.918154250062405,1.8478044862419207,0.24018598496691973,0.11505839029146696,False
284,246029,6.644911,with_candidate_bias,2.0602117895729815,1.7356718188528193,0.06314023198267062,0.03161233317078764,False
285,246030,6.667165,without_bias,1.9162585439871516,1.8316156961054169,0.23059360971847123,0.1147140478696872,False
285,246030,6.667165,with_candidate_bias,2.058439706445673,1.7189169088349319,0.05010566756866622,0.034393613059143256,False
286,246031,6.689423,without_bias,1.9033021846526719,1.8267246726459196,0.2374535824503755,0.11369563392891648,False
286,246031,6.689423,with_candidate_bias,2.045486713204149,1.7140094680596232,0.05601853817325301,0.038038919400390475,False
287,246032,6.711683,without_bias,1.9040104537638642,1.8425833350429606,0.24703330168788018,0.11013709550523783,False
287,246032,6.711683,with_candidate_bias,2.046165398572851,1.7302272818874205,0.06666522427829526,0.032115752874352414,False
288,246033,6.733941,without_bias,1.905001455349983,1.835277921611691,0.24152783372247338,0.10169451610031059,False
288,246033,6.733941,with_candidate_bias,2.047668696295979,1.72206125520637,0.059674856202738,0.020820261800868402,False
289,246034,6.756195,without_bias,1.900569819903116,1.8152407243834183,0.23275275865881714,0.08360727422715436,False
289,246034,6.756195,with_candidate_bias,2.0441727943866503,1.7000339833446136,0.0500149304006361,0.023207664858605273,False
290,246035,6.778449,without_bias,1.8984521796201157,1.8423997627945228,0.2511259653002884,0.09423245888227247,False
290,246035,6.778449,with_candidate_bias,2.0413117560974094,1.7290800907596302,0.06913320767396575,0.014980710942735804,False
291,246036,6.806766,without_bias,1.900423606433265,1.8363351919684527,0.24572322081069703,0.10380035716774862,False
291,246036,6.806766,with_candidate_bias,2.0429979684274677,1.7233993551091213,0.06397417444432503,0.021586406496389723,False
292,246037,6.829026,without_bias,1.9115805745171293,1.8261358359730495,0.2306277822491897,0.10137984953986734,False
292,246037,6.829026,with_candidate_bias,2.054304932435517,1.7123132108188794,0.04814853519950895,0.03324170212585921,False
293,246038,6.85128,without_bias,1.8837264655219952,1.8227985693366924,0.25087886007125976,0.10063077214941558,False
293,246038,6.85128,with_candidate_bias,2.0265049353652462,1.7094987132691213,0.07001283680515578,0.021823933689645414,False
294,246039,6.873534,without_bias,1.9046200519725933,1.8404109984600183,0.2451477382265314,0.10836785375063923,False
294,246039,6.873534,with_candidate_bias,2.046866529436912,1.7278273445692955,0.06440458967625586,0.032046383650960686,False
295,246040,6.895794,without_bias,1.8977614150201814,1.8300242933850663,0.24385028636589987,0.08694898165507836,False
295,246040,6.895794,with_candidate_bias,2.041090329514375,1.7157377402688516,0.06057509345049589,0.011164020919998099,False
296,246041,6.918051,without_bias,1.9261783878164127,1.8295537243846858,0.2218193794413829,0.09480578178249058,False
296,246041,6.918051,with_candidate_bias,2.0691830133970046,1.7150899808663878,0.04080016775005645,0.029523207684359527,False
297,246042,6.958957,without_bias,1.9226512115688912,1.8314020972779654,0.2256727986477912,0.10924597771550014,False
297,246042,6.958957,with_candidate_bias,2.065009802203089,1.7180687128720151,0.045538301304074304,0.039245084934945,False
298,246043,6.981212,without_bias,1.9086008982928941,1.8154363258149704,0.22638160802150803,0.09873086492467166,False
298,246043,6.981212,with_candidate_bias,2.0515671650351,1.7010891214729082,0.043838725436972946,0.03202129409843353,False
299,246044,7.003466,without_bias,1.9319506379793423,1.8314434635773207,0.21889432038185036,0.09875575231153887,False
299,246044,7.003466,with_candidate_bias,2.0747871419152273,1.7170923356714982,0.04009080214556119,0.03787102309608959,False
300,246045,7.025731,without_bias,1.9126968608487067,1.8372857224878436,0.23701308329167356,0.08882318903892662,False
300,246045,7.025731,with_candidate_bias,2.0558473400849584,1.7230693310728615,0.05496700335961786,0.017836710680149363,False
301,246046,7.047985,without_bias,1.8932158305411961,1.8161355396420797,0.23928412923391193,0.09151918627114072,False
301,246046,7.047985,with_candidate_bias,2.036438145941715,1.7015925941405097,0.05775043144321753,0.031923316227495835,False
302,246047,7.07024,without_bias,1.891845593254081,1.8141499339887048,0.23929348863268501,0.09839990813740808,False
302,246047,7.07024,with_candidate_bias,2.034801574925046,1.7001418780971216,0.058758500525750254,0.027731030657332872,False
303,246048,7.092493,without_bias,1.8776895400268758,1.8112026853711545,0.2495793983136462,0.09875372924623138,False
303,246048,7.092493,with_candidate_bias,2.020614054818112,1.69736515193605,0.07152592460462188,0.03172620302120748,False
304,246049,7.114747,without_bias,1.8758413132435667,1.8148401356337118,0.25307272727608926,0.09625234845655746,False
304,246049,7.114747,with_candidate_bias,2.0188681580395156,1.701097861812494,0.07419473508107163,0.020469473441370213,False
305,246050,7.142753,without_bias,1.897236422943993,1.8213031699099127,0.239007076183984,0.07906668023619345,False
305,246050,7.142753,with_candidate_bias,2.04095691493878,1.7059261514583457,0.055474223940161126,0.03397513168737826,False
306,246051,7.165014,without_bias,1.8976680383316125,1.8407323438811884,0.25065208925670396,0.0720567737447423,False
306,246051,7.165014,with_candidate_bias,2.041457787423815,1.7258065243973746,0.06674267060253739,0.018731151868693324,False
307,246052,7.187269,without_bias,1.893891626663599,1.8279047939462512,0.2456304585448071,0.07854307988500012,False
307,246052,7.187269,with_candidate_bias,2.0377118101055776,1.7129726945563502,0.06181628740664982,0.005543583065660132,False
308,246053,7.209522,without_bias,1.8897274915475017,1.82144825705338,0.2451870450600827,0.0973480616564352,False
308,246053,7.209522,with_candidate_bias,2.0328093568345325,1.7076977087956384,0.06354473021587087,0.013582110665561406,False
309,246054,7.231782,without_bias,1.8965085765685328,1.8321019471716646,0.24611772239102808,0.108765574242118,False
309,246054,7.231782,with_candidate_bias,2.038891776125789,1.719438598099695,0.06455581745780718,0.027309715749076244,False
310,246055,7.254039,without_bias,1.9020725885911804,1.847438530282563,0.2516989737404674,0.11311020399697173,False
310,246055,7.254039,with_candidate_bias,2.044051066345489,1.7355170929289798,0.07206560976826334,0.03326082027097675,False
311,246056,7.276299,without_bias,1.8856646731851,1.830320729774664,0.25367153483301896,0.08255655572896482,False
311,246056,7.276299,with_candidate_bias,2.0291624324577024,1.7160004175650792,0.07069115708010205,0.008612508360615476,False
312,246057,7.298556,without_bias,1.8934551141554659,1.8584764798218594,0.26548775113221984,0.08423380725893749,False
312,246057,7.298556,with_candidate_bias,2.036520820520944,1.7451891094440684,0.08431869678703414,0.009144525159388128,False
313,246058,7.32081,without_bias,1.900004934113775,1.8582951206901834,0.2605518664739096,0.07982487550565996,False
313,246058,7.32081,with_candidate_bias,2.0433241812776783,1.7445322542389403,0.07964322878034427,0.006650903863108859,False
314,246059,7.343064,without_bias,1.9245359422577317,1.8506797496865406,0.23771817632986506,0.08615680444180607,False
314,246059,7.343064,with_candidate_bias,2.0677065791111042,1.7365364036282478,0.06077303308331423,0.010384985192941648,False
315,246060,7.365322,without_bias,1.9090002328442175,1.8307964102460015,0.2355853837858534,0.08608921005098709,False
315,246060,7.365322,with_candidate_bias,2.0523530278759474,1.7162281275402294,0.05224721748744434,0.015229354078677685,False
316,246061,7.387581,without_bias,1.882034922226455,1.8511658885655697,0.2693459392339109,0.07571927269265641,False
316,246061,7.387581,with_candidate_bias,2.0255622650867724,1.7372497823913187,0.08619605132835681,0.010606415829990152,False
317,246062,7.409837,without_bias,1.9086624607984244,1.8920154945121301,0.27898722737234055,0.08199524816321196,False
317,246062,7.409837,with_candidate_bias,2.051533203936939,1.7794660870793557,0.1066451915382738,0.003651774743848716,False
318,246063,7.432092,without_bias,1.9019050012706988,1.8344607384311726,0.24338826648727113,0.0773568943866972,False
318,246063,7.432092,with_candidate_bias,2.04558652087785,1.7195770116704214,0.059488629001636366,0.012966730138356,False
319,246064,7.470969,without_bias,1.8974538696205148,1.8317864565332975,0.24517981301699435,0.08015928240965123,False
319,246064,7.470969,with_candidate_bias,2.04124462122953,1.7169778588473752,0.061191903091735944,0.006652644423036358,False
320,246065,7.498865,without_bias,1.9043170623868828,1.8569335813253791,0.25648322658852624,0.11212395398137748,False
320,246065,7.498865,with_candidate_bias,2.0463055124052505,1.7452502902223834,0.07852903042998163,0.028672824989191815,False
321,246066,7.521126,without_bias,1.8994046399555113,1.8386633253068747,0.24799322988324374,0.11286158553495634,False
321,246066,7.521126,with_candidate_bias,2.04166435225959,1.7264197815866733,0.06701590083733458,0.028669013848362908,False
322,246067,7.54338,without_bias,1.8984388383259703,1.842730913356949,0.25135041043111617,0.10774837630879226,False
322,246067,7.54338,with_candidate_bias,2.0407769594704197,1.730345688201032,0.07041019840486339,0.02458788928749242,False
323,246068,7.565631,without_bias,1.888599365075614,1.8714552828523674,0.2778800839931242,0.09008793822282268,False
323,246068,7.565631,with_candidate_bias,2.031317884982827,1.7591461249871665,0.0985276596868762,0.0050689638300489386,False
324,246069,7.587884,without_bias,1.9207018251840873,1.883191147007663,0.2644778142269953,0.09623879605541213,False
324,246069,7.587884,with_candidate_bias,2.063137809348403,1.7710104242085511,0.09489191009365958,0.011250535130709996,False
325,246070,7.610142,without_bias,1.9123886324132242,1.8772790952396217,0.2654521412884222,0.08290318557024667,False
325,246070,7.610142,with_candidate_bias,2.05533466373573,1.7641897330826026,0.09104722233453791,0.007277913209225076,False
326,246071,7.632402,without_bias,1.9042452522889752,1.8620521442292757,0.2600919251258359,0.1049936589482875,False
326,246071,7.632402,with_candidate_bias,2.046495315461695,1.75006552197121,0.0824732377555018,0.02078777919802125,False
327,246072,7.654659,without_bias,1.8887602496888376,1.883314128704169,0.28606655176031043,0.10615705158780962,False
327,246072,7.654659,with_candidate_bias,2.030617919145823,1.772553363844432,0.10996525217309251,0.021211175225653283,False
328,246073,7.676913,without_bias,1.8921350922653621,1.8561321607335437,0.26490198141483123,0.11169448654742736,False
328,246073,7.676913,with_candidate_bias,2.0341022766683183,1.7446588542422952,0.08547118172572316,0.0282115104749667,False
329,246074,7.699166,without_bias,1.8940790060355948,1.863634093918378,0.26852656539944825,0.09511267919151273,False
329,246074,7.699166,with_candidate_bias,2.0367186175946435,1.7512420091177872,0.08896251780477382,0.010190683933810885,False
330,246075,7.721424,without_bias,1.916299541269553,1.8772158396793417,0.26280398928402043,0.09789084324022868,False
330,246075,7.721424,with_candidate_bias,2.058645358128244,1.765060751917472,0.09065564010954746,0.014908322354853242,False
331,246076,7.743685,without_bias,1.8729599891153008,1.85624280399018,0.27958521470770104,0.08160127722502071,False
331,246076,7.743685,with_candidate_bias,2.016245959916817,1.743082144168654,0.09705161174090082,0.004376616743407932,False
332,246077,7.765941,without_bias,1.8721584459133134,1.8495713796852504,0.2760604924563856,0.09713199998790309,False
332,246077,7.765941,with_candidate_bias,2.014767273780304,1.7372983180761574,0.09456775533343383,0.013759643037582578,False
333,246078,7.788195,without_bias,1.886886672614759,1.8681156706157835,0.27684387169076,0.11359833933920575,False
333,246078,7.788195,with_candidate_bias,2.028649006882991,1.7573190330307138,0.09870246818214762,0.028682306269808694,False
334,246079,7.810448,without_bias,1.8954041203849747,1.8673166325508348,0.2701019755450334,0.09068936368052177,False
334,246079,7.810448,with_candidate_bias,2.0381312205633284,1.7547565245136034,0.09098850607413593,0.007728653800905571,False
335,246080,7.838748,without_bias,1.8926325696860204,1.8625936745896285,0.2688760914415536,0.09022284943035552,False
335,246080,7.838748,with_candidate_bias,2.035466910969553,1.7498681129970972,0.08863075658583641,0.005832687720584296,False
336,246081,7.86101,without_bias,1.9022753570713735,1.8537643447411891,0.25580185508712616,0.10267254922277937,False
336,246081,7.86101,with_candidate_bias,2.0446111420342765,1.7413660127168973,0.07632781894042967,0.023881810352264433,False
337,246082,7.883265,without_bias,1.8977877448235485,1.8766219848194572,0.274965008599931,0.12991815094092551,False
337,246082,7.883265,with_candidate_bias,2.0388208530775342,1.7669807520392118,0.10092054451407888,0.044902421922529495,False
338,246083,7.905517,without_bias,1.9227305721510513,1.8691885693451225,0.25252995122117466,0.10876823557007276,False
338,246083,7.905517,with_candidate_bias,2.064861569027466,1.7572823436079632,0.08126808318952863,0.02418085394018415,False
339,246084,7.927771,without_bias,1.9089451108349864,1.8840761075683439,0.27281482835579446,0.10658439131411596,False
339,246084,7.927771,with_candidate_bias,2.0508833804828677,1.7729057521281215,0.10080470574799598,0.021491962378986033,False
340,246085,7.950029,without_bias,1.9010782631008658,1.8763965292460723,0.2725124205846203,0.1143765714687956,False
340,246085,7.950029,with_candidate_bias,2.042748321194,1.7656472813978585,0.09781706375080662,0.029573131311424937,False
341,246086,7.990991,without_bias,1.908811564041176,1.865029614689809,0.2589695110190851,0.10053400876192826,False
341,246086,7.990991,with_candidate_bias,2.051275627475622,1.7527213205860648,0.08238912243244252,0.015766745497722102,False
342,246087,8.013245,without_bias,1.8958403398158443,1.8403743983784455,0.25182915100932046,0.1156320064501426,False
342,246087,8.013245,with_candidate_bias,2.037842903780402,1.7285026816129891,0.07122410273012493,0.03307655462801252,False
343,246088,8.035498,without_bias,1.8728802994739349,1.8237691251596424,0.26040454240603617,0.10593706842681978,False
343,246088,8.035498,with_candidate_bias,2.015402734552076,1.711110797208001,0.08082470980600791,0.025036776297233696,False
344,246089,8.057763,without_bias,1.8970555735099606,1.8532369911736724,0.25930408177365283,0.11149178741470944,False
344,246089,8.057763,with_candidate_bias,2.0392200173266426,1.7414717003860816,0.0797331586522361,0.026751821238977826,False
345,246090,8.080017,without_bias,1.890985963541877,1.8591765493473449,0.2677887647818268,0.09897413040305106,False
345,246090,8.080017,with_candidate_bias,2.033445098112083,1.7469777167592573,0.08766111720617768,0.015790991225016468,False
346,246091,8.102273,without_bias,1.8697787655335387,1.8298942202890334,0.26639382385105953,0.0983299076597308,False
346,246091,8.102273,with_candidate_bias,2.012557294758674,1.717010830570047,0.08583224437575664,0.016911742319744273,False
347,246092,8.124527,without_bias,1.8779072508826202,1.8605578916183887,0.2785399189592859,0.11125709380290627,False
347,246092,8.124527,with_candidate_bias,2.0198243154307303,1.749523298806809,0.098783175600638,0.026508501960214856,False
348,246093,8.146787,without_bias,1.8699079986517533,1.8513685895867096,0.2789402849256713,0.09263696370550469,False
348,246093,8.146787,with_candidate_bias,2.0126391289255405,1.738915398045065,0.0972405702379802,0.012240197175936784,False
349,246094,8.174745,without_bias,1.901754378239437,1.8907696073545273,0.2825955440137061,0.10334487924493274,False
349,246094,8.174745,with_candidate_bias,2.043832831836732,1.7797214230567995,0.10988980677337021,0.01839369044699059,False
350,246095,8.197008,without_bias,1.90141711385083,1.8724357329885557,0.2694346233860702,0.09069053269665399,False
350,246095,8.197008,with_candidate_bias,2.0441165664197354,1.75992641608509,0.09216030308826839,0.006594899026390211,False
351,246096,8.219262,without_bias,1.8957184975380752,1.8681683625889443,0.27046743774115817,0.10798066686751599,False
351,246096,8.219262,with_candidate_bias,2.037838843097304,1.7567485721372582,0.09279617241317455,0.02286719492121019,False
352,246097,8.241515,without_bias,1.8736607347502021,1.8563881084994376,0.2791333776330443,0.09601351576827902,False
352,246097,8.241515,with_candidate_bias,2.016251037783066,1.7442586586756095,0.09781658674715257,0.011807009986770546,False
353,246098,8.263768,without_bias,1.8949421517923823,1.8694420509122738,0.2719114833934648,0.0996210659399499,False
353,246098,8.263768,with_candidate_bias,2.0374446619083235,1.7574784128659837,0.09362140792661819,0.015487792139519114,False
354,246099,8.286027,without_bias,1.9263148307437292,1.8897426816740968,0.2660541808547565,0.09895332414322466,False
354,246099,8.286027,with_candidate_bias,2.0685862404929636,1.7778584759131506,0.10017400064023536,0.013910698840373522,False
355,246100,8.308288,without_bias,1.9120548039359706,1.8780568083528488,0.2662536237071393,0.0942536468256239,False
355,246100,8.308288,with_candidate_bias,2.0546593181764004,1.7657105193476974,0.09271060844697827,0.009607079855508703,False
356,246101,8.330545,without_bias,1.909981187990911,1.879292618593908,0.2685597149670453,0.10098876073770702,False
356,246101,8.330545,with_candidate_bias,2.0522070386847093,1.767545773502569,0.09535497041655551,0.01615828392868999,False
357,246102,8.352805,without_bias,1.8933443317641365,1.8580907621611047,0.26531070731581324,0.08813949083864317,False
357,246102,8.352805,with_candidate_bias,2.0364583331223236,1.744943570854303,0.08416874412362314,0.006757584449635887,False
359,246103,8.375293,without_bias,1.9051419481163003,1.8781668151973037,0.27100292616811145,0.07389362350601983,False
359,246103,8.375293,with_candidate_bias,2.04865521821923,1.7644994400109848,0.09407202741872589,0.014959398389270967,False
360,246104,8.397555,without_bias,1.8928781029382755,1.9020882928089282,0.29695159892480344,0.0971578332815564,False
360,246104,8.397555,with_candidate_bias,2.035404637391375,1.7909208283765061,0.12362881454619538,0.025589725445201036,False
361,246105,8.419811,without_bias,1.884389405005223,1.8790210585205904,0.2861557242285439,0.07785052547812593,False
361,246105,8.419811,with_candidate_bias,2.027532781463569,1.766243719985911,0.10649005882563145,0.007907934068620616,False
362,246106,8.442067,without_bias,1.884110919904415,1.8563742799240204,0.2711055143690789,0.08571401944916054,False
362,246106,8.442067,with_candidate_bias,2.027467758095237,1.7430716909131905,0.08881621176499721,0.013749621944546458,False
363,246107,8.464323,without_bias,1.8994371847865494,1.878655741072401,0.2752785680053943,0.09462949285059435,False
363,246107,8.464323,with_candidate_bias,2.042301931433144,1.7663608971367892,0.09865754050897263,0.021164182320532212,False
364,246108,8.50512,without_bias,1.8720861341575694,1.8650906635660076,0.2859108369154583,0.07657818007436869,False
364,246108,8.50512,with_candidate_bias,2.015749314233347,1.7516920087482284,0.10321292775216825,0.020254415633871217,False
365,246109,8.532862,without_bias,1.9154556431937828,1.8934720550936666,0.27574635228559136,0.100589540697935,False
365,246109,8.532862,with_candidate_bias,2.0576809541094607,1.7820110569847143,0.10700830096031529,0.016588327103106308,False
366,246110,8.555122,without_bias,1.9027980508832083,1.8893073606535888,0.28080979501594555,0.09461657169721881,False
366,246110,8.555122,with_candidate_bias,2.0452283231577186,1.777609089553741,0.10738732425561184,0.009908456317031968,False
367,246111,8.577375,without_bias,1.8835812994834127,1.854103824087403,0.27003855555237644,0.10130953564808813,False
367,246111,8.577375,with_candidate_bias,2.026055017316871,1.742007695505236,0.08907252725849714,0.016413989141624733,False
368,246112,8.599627,without_bias,1.874426581808355,1.8735350951661662,0.289702833420398,0.11642392927354257,False
368,246112,8.599627,with_candidate_bias,2.0164132282224454,1.763080724433583,0.11098387158975338,0.03553721076923817,False
369,246113,8.62188,without_bias,1.8752264464263473,1.8897817945748392,0.30022671541635776,0.09531714789249182,False
369,246113,8.62188,with_candidate_bias,2.018155214122999,1.7781937158533807,0.12167037063643137,0.03229912557417499,False
370,246114,8.644137,without_bias,1.8684334256574586,1.8678407129567305,0.29047526626200326,0.11066353528501116,False
370,246114,8.644137,with_candidate_bias,2.010562707162972,1.7570458707507604,0.11066322647121134,0.027676152984065727,False
371,246115,8.666397,without_bias,1.859751626567327,1.8389752034736655,0.2797989077674981,0.10479844939300798,False
371,246115,8.666397,with_candidate_bias,2.002206093034429,1.727067066335217,0.0996146517018606,0.019740944552443886,False
372,246116,8.688653,without_bias,1.8733698331840922,1.8554622736563215,0.27877524755855543,0.10830113919254396,False
372,246116,8.688653,with_candidate_bias,2.015608525900059,1.7440554133400576,0.09816917742819194,0.023263463768700067,False
373,246117,8.710906,without_bias,1.9007141263495626,1.8663663370410781,0.265634247689785,0.101225372202734,False
373,246117,8.710906,with_candidate_bias,2.0433367285842796,1.7541594929271405,0.08761901215163168,0.020232228112910075,False
374,246118,8.733159,without_bias,1.9046239449844236,1.8714444702908917,0.266486898323535,0.10482145704324851,False
374,246118,8.733159,with_candidate_bias,2.046984533151137,1.7596419767131213,0.09051615791116506,0.021660949606488792,False
375,246119,8.755417,without_bias,1.893891778306014,1.8635014775980232,0.268572572867438,0.11519634036894369,False
375,246119,8.755417,with_candidate_bias,2.035819279360118,1.7524034233817607,0.09043122362577762,0.030337419621350045,False
376,246120,8.777677,without_bias,1.9124334345884737,1.8549562053246107,0.249278075517349,0.10096947479799559,False
376,246120,8.777677,with_candidate_bias,2.055021991352944,1.742217454870592,0.07137557551072819,0.016561161799440092,False
377,246121,8.799933,without_bias,1.8975010303035786,1.862355311576467,0.26515903340134217,0.07747267740756501,False
377,246121,8.799933,with_candidate_bias,2.040959699484049,1.7485786271386863,0.08430883212879745,0.008215757897656965,False
378,246122,8.822187,without_bias,1.880877355119695,1.8838425607878038,0.29203436474200023,0.08602424762011238,False
378,246122,8.822187,with_candidate_bias,2.023869558355727,1.7716798410789167,0.11304171164805508,0.015340462879363349,False
379,246123,8.84444,without_bias,1.8752410244209063,1.8310419676847776,0.2625549344306275,0.10483819980038617,False
379,246123,8.84444,with_candidate_bias,2.0176609624811865,1.7185054839541831,0.08194881721961667,0.028964890575362015,False
380,246124,8.872746,without_bias,1.9132312380408725,1.864555815158934,0.25555438582333373,0.10173218495914756,False
380,246124,8.872746,with_candidate_bias,2.055493053065613,1.7522525777272993,0.08006974693960271,0.023803172903989537,False
381,246125,8.895009,without_bias,1.896288795951443,1.86620698979296,0.2686951313695453,0.0940135536471565,False
381,246125,8.895009,with_candidate_bias,2.0389261006091943,1.7537988878322102,0.089748643690327,0.00946664048324011,False
382,246126,8.917262,without_bias,1.8920610029668787,1.851133613379783,0.26166115526554384,0.11258687624557298,False
382,246126,8.917262,with_candidate_bias,2.034045617996384,1.7395376511955711,0.08170449666506766,0.029508468215422596,False
383,246127,8.939517,without_bias,1.88997556038909,1.844353850196819,0.2588860067987009,0.11844722901760801,False
383,246127,8.939517,with_candidate_bias,2.0317402059920453,1.732945334756098,0.07872364365477867,0.03738503246156553,False
384,246128,8.96177,without_bias,1.8812589630026957,1.853633275726249,0.27151673054553666,0.10103722580500872,False
384,246128,8.96177,with_candidate_bias,2.0237150078588804,1.741565749850551,0.09046569370655876,0.016507007622603653,False
385,246129,8.984028,without_bias,1.875032728368965,1.8503174262864879,0.27426074011667145,0.09877214648964637,False
385,246129,8.984028,with_candidate_bias,2.0177564347972563,1.7380143317556866,0.09265417099225452,0.014605342580974368,False
386,246130,9.025263,without_bias,1.8824297403692356,1.877234250422028,0.28633330617083685,0.11421417061787348,False
386,246130,9.025263,with_candidate_bias,2.024239327332596,1.766797122048863,0.10889539230672106,0.02940221651517412,False
387,246131,9.047516,without_bias,1.884724262526736,1.856041164271829,0.2704230387991628,0.09732289661139627,False
387,246131,9.047516,with_candidate_bias,2.0274154159542963,1.7436751588980093,0.08928245080003389,0.012536550736209042,False
388,246132,9.06977,without_bias,1.9103733897571298,1.8723531129337097,0.26318328055298734,0.09175225833358033,False
388,246132,9.06977,with_candidate_bias,2.0530536389357117,1.7597141221684538,0.087859973076367,0.00788997615380354,False
389,246133,9.092035,without_bias,1.8882300753448789,1.8503501349675047,0.26406489917969084,0.10040965411427105,False
389,246133,9.092035,with_candidate_bias,2.030726486274807,1.737978608432348,0.08291482656969237,0.017718755122746795,False
390,246134,9.114289,without_bias,1.8754709781613157,1.8286823395357754,0.26101559206471603,0.10068384861493523,False
390,246134,9.114289,with_candidate_bias,2.0180968423576355,1.7157610917235,0.08030516646019283,0.02661292577361018,False
391,246135,9.136546,without_bias,1.8814186159005915,1.8435807395345,0.26507518205120395,0.1062274666887336,False
391,246135,9.136546,with_candidate_bias,2.0237750965802523,1.7314891551088514,0.08388605919208655,0.02220576627653934,False
392,246136,9.158807,without_bias,1.8720650058780919,1.8559486169946227,0.28009565774077344,0.0815145688071919,False
392,246136,9.158807,with_candidate_bias,2.015187661507151,1.7428587907872743,0.09771444913628151,0.01262480520038844,False
393,246137,9.181061,without_bias,1.866885930435298,1.832587708329118,0.2703014923578015,0.09998528336964274,False
393,246137,9.181061,with_candidate_bias,2.0094886485018466,1.7199790502431993,0.08989105727716991,0.02258719596724466,False
394,246138,9.208758,without_bias,1.8895659258009139,1.8125582710639891,0.24030296154545983,0.09641082543559906,False
394,246138,9.208758,with_candidate_bias,2.03265141911895,1.6984384711042928,0.06023982856660647,0.021462191726824488,False
395,246139,9.23102,without_bias,1.8912101742428606,1.8427026746050206,0.2568843225036923,0.09458643312888652,False
395,246139,9.23102,with_candidate_bias,2.0339714982935413,1.729558845322221,0.07480155180972162,0.021417425836749004,False
396,246140,9.253274,without_bias,1.9266993779139596,1.844185086469349,0.2315682098057403,0.09400088412644213,False
396,246140,9.253274,with_candidate_bias,2.0695564940592446,1.7302412191785885,0.054241285380240346,0.025760539765957744,False
397,246141,9.275526,without_bias,1.907799661711242,1.807874243780971,0.22259556485943963,0.09743659121282135,False
397,246141,9.275526,with_candidate_bias,2.0509261480609564,1.693218958706342,0.04124932453549107,0.027317097896037517,False
398,246142,9.297787,without_bias,1.9039049743811738,1.8424695660290422,0.24703788868458387,0.11803569210200748,False
398,246142,9.297787,with_candidate_bias,2.045715718630345,1.7306318636692504,0.06726576540149028,0.040388914531830404,False
399,246143,9.320044,without_bias,1.9071899177503249,1.8480817892377315,0.2483364935837867,0.09675104987018261,False
399,246143,9.320044,with_candidate_bias,2.0498868417152907,1.7349594820173668,0.06804123846015303,0.017573078229834727,False
400,246144,9.342304,without_bias,1.9044676116266352,1.8009308607034453,0.22146453487184153,0.09730336750065025,False
400,246144,9.342304,with_candidate_bias,2.0476865038231393,1.6858652059700432,0.04271805941028012,0.040102336095778596,False
401,246145,9.36456,without_bias,1.9165131991789432,1.827732899270495,0.22786548572785487,0.09778946376211627,False
401,246145,9.36456,with_candidate_bias,2.059388344902229,1.7135271491112047,0.04539981448585256,0.036404014374660947,False
402,246146,9.386813,without_bias,1.9177070912479381,1.8237620758859199,0.22439336191000675,0.07743654121610738,False
402,246146,9.386813,with_candidate_bias,2.0615623541347508,1.70776843074815,0.03974651492360211,0.04053317922624689,False
403,246147,9.409066,without_bias,1.913644773266069,1.8456858209561815,0.24197718335062088,0.06566662188910155,False
403,246147,9.409066,with_candidate_bias,2.0576583072550974,1.7300956302049595,0.05962849365226104,0.02797568360320304,False
404,246148,9.431325,without_bias,1.9150282613105034,1.8356062274513951,0.23415466547066868,0.07715641072532442,False
404,246148,9.431325,with_candidate_bias,2.05867847800758,1.7203770017503592,0.051101272100312206,0.026233678238917025,False
405,246149,9.453585,without_bias,1.9063841988617758,1.8055070302957332,0.22241127912335282,0.0808073322195894,False
405,246149,9.453585,with_candidate_bias,2.0503392351987357,1.6891806073927216,0.040709456109367104,0.044926106439150376,False
406,246150,9.475842,without_bias,1.923489319446099,1.816929301792687,0.21558163286318258,0.07265806026924712,False
406,246150,9.475842,with_candidate_bias,2.0677261407114673,1.700020953748999,0.029949347181948822,0.04731509749346537,False
407,246151,9.498096,without_bias,1.9111664088305504,1.8218580703331815,0.22826555905176685,0.07293150729131181,False
407,246151,9.498096,with_candidate_bias,2.0551854285027056,1.7057697039042248,0.04331433974853635,0.034139451537032094,False
408,246152,9.538845,without_bias,1.8959919682915154,1.841930787317823,0.2527067396188126,0.06465178614819193,False
408,246152,9.538845,with_candidate_bias,2.0400686225823317,1.726365458147192,0.06813881536998301,0.037594932603576194,False
409,246153,9.566862,without_bias,1.9502081653840817,1.8329140872753233,0.2071822268258777,0.08303765712113578,False
409,246153,9.566862,with_candidate_bias,2.093762634432715,1.7170559193157684,0.03724645720348443,0.03633711033455486,False
410,246154,9.589124,without_bias,1.93759460730791,1.8357971876676857,0.21794533123421161,0.0740816727583784,False
410,246154,9.589124,with_candidate_bias,2.081442713540111,1.7197807019737263,0.040690679535724604,0.03191439121245488,False
411,246155,9.611376,without_bias,1.9151446219031016,1.8280050717640342,0.22908492861226412,0.07223640118541146,False
411,246155,9.611376,with_candidate_bias,2.059113196162607,1.7121689288637685,0.044596352267105725,0.024027139240044963,False
412,246156,9.633627,without_bias,1.9320704437689633,1.8471128886937944,0.22993142955872015,0.08987543306917217,False
412,246156,9.633627,with_candidate_bias,2.075085020048157,1.7327104969674858,0.05478004305879297,0.035176313718291496,False
413,246157,9.65588,without_bias,1.920784041828707,1.8318389775263442,0.22735240398129597,0.08229147251938958,False
413,246157,9.65588,with_candidate_bias,2.0644715358331793,1.7160362133743143,0.04416232735121368,0.053403281391952606,False
414,246158,9.678138,without_bias,1.930556695536019,1.8200049080438157,0.2121875152188531,0.07478972800331558,False
414,246158,9.678138,with_candidate_bias,2.0746559105464906,1.7032699040669432,0.02787345540908122,0.045239297301666336,False
415,246159,9.704979,without_bias,1.9169115912048547,1.8098844367174145,0.21640139593042224,0.08384771591840555,False
415,246159,9.704979,with_candidate_bias,2.0606471269568294,1.6938956457621002,0.032475839127484564,0.038133227563732115,False
416,246160,9.727235,without_bias,1.9284219926751074,1.7970853780398741,0.19954056780971446,0.10801410372758195,False
416,246160,9.727235,with_candidate_bias,2.071334438212111,1.6819851682420408,0.018770830823560014,0.05110245616974532,False
417,246161,9.74949,without_bias,1.9183134634588084,1.7822053639873956,0.19980541348348374,0.10089520306985482,False
417,246161,9.74949,with_candidate_bias,2.061719995243795,1.6661678004078635,0.03148155673672552,0.05051669271201344,False
418,246162,9.771745,without_bias,1.9316805230511307,1.7952683160691016,0.19583626188928813,0.08405687918148395,False
418,246162,9.771745,with_candidate_bias,2.075708979967185,1.6781935382396345,0.014404740805373168,0.04669551972064485,False
419,246163,9.794003,without_bias,1.9380200776917293,1.840469254455634,0.22101646637835604,0.09592485679438387,False
419,246163,9.794003,with_candidate_bias,2.0810043321042295,1.725689211832356,0.04656636252438975,0.05266417847289868,False
420,246164,9.816262,without_bias,1.8960382153478959,1.8119123856984605,0.23456779703550226,0.08178651548264457,False
420,246164,9.816262,with_candidate_bias,2.0398104274692677,1.6962038134062671,0.05274046605522891,0.04227663773945283,False
421,246165,9.838518,without_bias,1.9153823898856286,1.8330454142188166,0.2321943336420244,0.06320824573906132,False
421,246165,9.838518,with_candidate_bias,2.059726909803854,1.716479845929483,0.0474050540455636,0.04250948150267013,False
422,246166,9.860772,without_bias,1.9309505068596005,1.8602891203509806,0.2404181943721156,0.0813967717119451,False
422,246166,9.860772,with_candidate_bias,2.0742519462850697,1.7454795686086222,0.06734667847028236,0.04743555956300245,False
423,246167,9.883025,without_bias,1.927826710526004,1.8334561820119604,0.22326884157110763,0.07748939781684938,False
423,246167,9.883025,with_candidate_bias,2.0716703597748856,1.7173601175746036,0.04161434964012219,0.04924779622587628,False
424,246168,9.910747,without_bias,1.9538876577457371,1.8284372845010204,0.2013956234479251,0.08342971847051539,False
424,246168,9.910747,with_candidate_bias,2.097565727853433,1.7121246182482646,0.0330035048979491,0.04557155722450122,False
425,246169,9.93301,without_bias,1.9628061044402154,1.8349938371423593,0.20050280950596572,0.0873817264951464,False
425,246169,9.93301,with_candidate_bias,2.1062038254474484,1.7191735536072612,0.04239258498077647,0.040304557792745,False
426,246170,9.955264,without_bias,1.9402547370272112,1.8209971350921657,0.2056789631610099,0.0736329006463804,False
426,246170,9.955264,with_candidate_bias,2.0844691913767863,1.7038704359735717,0.024502807137040467,0.04950511886734026,False
427,246171,9.977519,without_bias,1.944755229400949,1.8297332644736588,0.20860511469355109,0.09071185220909873,False
427,246171,9.977519,with_candidate_bias,2.0880717219946505,1.7141936199776289,0.03424794743105663,0.04650029339957173,False
428,246172,9.99978,without_bias,1.9503969960367862,1.85476759240327,0.22367992773154372,0.08716942704368301,False
428,246172,9.99978,with_candidate_bias,2.093483511096185,1.7400570727756568,0.06015801559175459,0.03482802169122936,False
429,246173,10.039408,without_bias,1.9578103728510916,1.832246122907347,0.20162584027372685,0.11238760924149752,False
429,246173,10.039408,with_candidate_bias,2.1002251166615875,1.7179928220350598,0.03934472692662645,0.057231378544939676,False
430,246174,10.061672,without_bias,1.963085732893033,1.8426135523936082,0.20627747966602497,0.10127792784135063,False
430,246174,10.061672,with_candidate_bias,2.1057936927113485,1.728065226301008,0.050593544141793574,0.04428048328688855,False
431,246175,10.083926,without_bias,1.9379281583421135,1.8352603259243967,0.21732835487200275,0.0952049165262482,False
431,246175,10.083926,with_candidate_bias,2.08095917312953,1.720387847023647,0.04138737413399573,0.047817739910515536,False
432,246176,10.106179,without_bias,1.9308835846294168,1.8034471473974036,0.2013882614278703,0.122070339114349,False
432,246176,10.106179,with_candidate_bias,2.0731776438674228,1.6893273482341746,0.01923515248010309,0.06498583738408098,False
433,246177,10.128437,without_bias,1.942113095594219,1.8159158180522028,0.2008572779152503,0.12190492786511173,False
433,246177,10.128437,with_candidate_bias,2.0842566351443312,1.7021348357627706,0.02286782005592487,0.06130028932090692,False
434,246178,10.150697,without_bias,1.9619713961794598,1.8335265355955228,0.19990427841394529,0.09847494504332108,False
434,246178,10.150697,with_candidate_bias,2.1049185798428622,1.7184374017122999,0.041231030485795246,0.0444425273458744,False
435,246179,10.172954,without_bias,1.9209801182116804,1.8214791377289425,0.22041793677526023,0.11921092461625436,False
435,246179,10.172954,with_candidate_bias,2.0630492558855504,1.7083583524351567,0.03912210067415973,0.052798946895257166,False
436,246180,10.195207,without_bias,1.9282362683419976,1.82109992198312,0.21465482259563787,0.12696436442326242,False
436,246180,10.195207,with_candidate_bias,2.0700402434668392,1.708189526666692,0.03454042985481204,0.06336018149695831,False
437,246181,10.217461,without_bias,1.935748540985569,1.812255030721188,0.20318687398339252,0.11649070798865907,False
437,246181,10.217461,with_candidate_bias,2.0781083328367234,1.698248920196528,0.021781525113301888,0.0530057967432693,False
438,246182,10.245752,without_bias,1.9480272275053012,1.8189699989168324,0.19866788549933248,0.13052174594451565,False
438,246182,10.245752,with_candidate_bias,2.0897526392890926,1.7059536228792,0.025954801634322695,0.06247785800055078,False
439,246183,10.268013,without_bias,1.9373034293379479,1.806985531462628,0.19859901281929154,0.11982296735083225,False
439,246183,10.268013,with_candidate_bias,2.079625604553226,1.692855213968529,0.01651921932364541,0.05947868206326183,False
440,246184,10.29027,without_bias,1.950685462204741,1.825133269481411,0.201177052248686,0.10083909539470759,False
440,246184,10.29027,with_candidate_bias,2.0935983288243896,1.7101654693021897,0.0303793269930357,0.04460966943265514,False
441,246185,10.312523,without_bias,1.9525867769613128,1.8237992425231666,0.19889850682223953,0.13420438157272055,False
441,246185,10.312523,with_candidate_bias,2.094141627358077,1.71098279304671,0.03125838354983258,0.06892791779293546,False
442,246186,10.334782,without_bias,1.9332893559232869,1.8330364566837338,0.2190396837133641,0.12777896971517824,False
442,246186,10.334782,with_candidate_bias,2.0749019196146636,1.7206288495478437,0.04334345910173064,0.06021489212297912,False
443,246187,10.357039,without_bias,1.9463229335324845,1.814106660154257,0.19653929817326668,0.10035910987784313,False
443,246187,10.357039,with_candidate_bias,2.0893831957286597,1.6987888383935423,0.0187989599629287,0.04454484057082432,False
444,246188,10.379299,without_bias,1.9642506262258426,1.815474664831072,0.18484125571874918,0.12817761221438004,False
444,246188,10.379299,with_candidate_bias,2.106182409397226,1.7017819711128785,0.027135302457531364,0.06260454957734159,False
445,246189,10.401556,without_bias,1.9292769067504432,1.8070745340994725,0.20488984826072693,0.11969217922811021,False
445,246189,10.401556,with_candidate_bias,2.0715718548311974,1.6931224652629997,0.022622900542173887,0.0588037180114899,False
446,246190,10.423811,without_bias,1.9521980245770634,1.8189244273307221,0.1956767255951323,0.11978968327813676,False
446,246190,10.423811,with_candidate_bias,2.0944789930786025,1.7047275605108236,0.025129934894754864,0.06433940628656142,False
447,246191,10.446064,without_bias,1.959982836543735,1.8415402970649037,0.20736376339425952,0.10012399149785225,False
447,246191,10.446064,with_candidate_bias,2.1028344207676852,1.7266437784647835,0.048377313132436324,0.05351041475304819,False
448,246192,10.468322,without_bias,1.9514040418122593,1.8268398222376974,0.2019177382519339,0.12592374295144024,False
448,246192,10.468322,with_candidate_bias,2.093249969762457,1.713635569173892,0.03379221533295157,0.0612477686419506,False
449,246193,10.490583,without_bias,1.9291093498193597,1.8145971734732385,0.20976701461987346,0.10996761933269932,False
449,246193,10.490583,with_candidate_bias,2.0716828946466244,1.7004210397180077,0.027432375246979782,0.0463933127081724,False
450,246194,10.512838,without_bias,1.9235527561523789,1.831376490311042,0.22498783701204483,0.1150656735653287,False
450,246194,10.512838,with_candidate_bias,2.0656861065450887,1.718240646366016,0.04531569760499637,0.051071255366261975,False
451,246195,10.554112,without_bias,1.9212825430517393,1.8276769492722482,0.22421878071527895,0.12208253876321412,False
451,246195,10.554112,with_candidate_bias,2.063144882323717,1.7150844629005442,0.04418276680366069,0.05059849927873964,False
452,246196,10.581868,without_bias,1.9369711825885683,1.8183412634813778,0.20629135740492205,0.12438223820013058,False
452,246196,10.581868,with_candidate_bias,2.0789252381624665,1.7050854268548283,0.02742132364141144,0.058295030127181714,False
453,246197,10.604129,without_bias,1.9390412999859608,1.8332337101129332,0.21510253142374483,0.10778121835968248,False
453,246197,10.604129,with_candidate_bias,2.081523564547374,1.7196128688152084,0.04050962026177788,0.03130889058735041,False
454,246198,10.626382,without_bias,1.9465936351469555,1.8262304711150281,0.2048139061755514,0.11573781835560104,False
454,246198,10.626382,with_candidate_bias,2.0888457188989076,1.7124509547775735,0.032471477189011,0.0524252775755613,False
455,246199,10.648633,without_bias,1.9491217308134576,1.823834015216287,0.20133283552921755,0.12454443869000234,False
455,246199,10.648633,with_candidate_bias,2.09103000552828,1.7106195385123857,0.030636857706033783,0.05565419032837974,False
456,246200,10.670886,without_bias,1.958790698105508,1.823718839757636,0.19460469111745732,0.1165595121951533,False
456,246200,10.670886,with_candidate_bias,2.1010873135079247,1.709617902251126,0.03162512694963087,0.05423698055599635,False
457,246201,10.693142,without_bias,1.9468972144353998,1.841308036636186,0.215635548831284,0.1215792303800092,False
457,246201,10.693142,with_candidate_bias,2.0887070616421104,1.7285224926171825,0.04853971548517603,0.054439900512778014,False
458,246202,10.715402,without_bias,1.925006692952292,1.8163918121922276,0.21406895572132614,0.12308497934318252,False
458,246202,10.715402,with_candidate_bias,2.066992536602088,1.7032580303722877,0.032715124160004556,0.056158200847671494,False
459,246203,10.737659,without_bias,1.9318275447930795,1.8378036045695008,0.22342896679104213,0.11898825060206389,False
459,246203,10.737659,with_candidate_bias,2.0737377311741034,1.725024303573769,0.04787117399509466,0.052727524718164775,False
460,246204,10.759913,without_bias,1.94980594775528,1.8274706671633778,0.20347474034485707,0.12095842237056668,False
460,246204,10.759913,with_candidate_bias,2.091826092663542,1.7140791688274104,0.03412805828615199,0.054448213749360604,False
461,246205,10.782167,without_bias,1.9125317708222827,1.8033952830190458,0.21615126240395913,0.11345874204685424,False
461,246205,10.782167,with_candidate_bias,2.055052263155602,1.6893584466041478,0.03617906623156497,0.05020610485241916,False
462,246206,10.804424,without_bias,1.9388521399077852,1.8307505322509043,0.21347458533602232,0.11886065692754591,False
462,246206,10.804424,with_candidate_bias,2.080873870546465,1.717617508834706,0.03870869682296047,0.050709554608215406,False
463,246207,10.826685,without_bias,1.9236185243644521,1.8351035850993775,0.22746410166297062,0.0951937863041987,False
463,246207,10.826685,with_candidate_bias,2.0665549064237005,1.720714957098481,0.04698276433259951,0.0410664516003909,False
464,246208,10.848942,without_bias,1.8961824257963493,1.8258780858656514,0.24258126062417507,0.12473000812612221,False
464,246208,10.848942,with_candidate_bias,2.037936473840746,1.7135265457211413,0.06192447031769506,0.06497200319787298,False
465,246209,10.871197,without_bias,1.8957722968621145,1.8057577894818135,0.2313858731244643,0.11766021487251563,False
465,246209,10.871197,with_candidate_bias,2.0380178350027434,1.6926573643382172,0.053500975222816015,0.044243594989495635,False
466,246210,10.893451,without_bias,1.9260764868844675,1.8232168196375473,0.21767401218159205,0.10652162309230842,False
466,246210,10.893451,with_candidate_bias,2.0686666529548514,1.709335991240714,0.03627274566701556,0.036566988494606045,False
467,246211,10.921765,without_bias,1.932783278179633,1.832249542105907,0.21885387977232892,0.12981174010844587,False
467,246211,10.921765,with_candidate_bias,2.074310295009223,1.720038170671967,0.043002580776683286,0.05943214300639595,False
468,246212,10.944025,without_bias,1.9472029286615171,1.8343304259376887,0.2102590876822121,0.11732309044124338,False
468,246212,10.944025,with_candidate_bias,2.089273592902544,1.72117319077198,0.041179598172117984,0.043880884240246866,False
469,246213,10.966279,without_bias,1.9363116331626915,1.8106851783685949,0.20173926228265665,0.10467103535711313,False
469,246213,10.966279,with_candidate_bias,2.0791877303732176,1.695813842482198,0.019156794839795394,0.0444743349619052,False
470,246214,10.992857,without_bias,1.9327396464420286,1.806454228747549,0.20179566588337713,0.11652098997114851,False
470,246214,10.992857,with_candidate_bias,2.0751402727577766,1.6924667958600275,0.01939671345173899,0.04674020048635573,False
471,246215,11.015111,without_bias,1.9307488624033537,1.8174538386387504,0.2103674941200602,0.12469300194543309,False
471,246215,11.015111,with_candidate_bias,2.072701653344405,1.70421179431353,0.02975640739232158,0.061585593308441836,False
472,246216,11.054693,without_bias,1.91454762966742,1.8258513290797176,0.22815815665814107,0.12777525572286116,False
472,246216,11.054693,with_candidate_bias,2.0561844366665833,1.713800845319377,0.04781202221053563,0.051822678873694294,False
473,246217,11.076955,without_bias,1.940312858568266,1.828858453462669,0.21110442789600958,0.1222871724299157,False
473,246217,11.076955,with_candidate_bias,2.0822260155008783,1.7158177156013785,0.0366516518849263,0.05491954468194884,False
474,246218,11.099209,without_bias,1.9489129888024903,1.8299518306183922,0.20589098143059395,0.10622314191861755,False
474,246218,11.099209,with_candidate_bias,2.0915070314375166,1.7156970887025582,0.03572888587112642,0.04245194165125556,False
475,246219,11.121461,without_bias,1.937078127545345,1.816553987801013,0.20501729356177972,0.1267950325058916,False
475,246219,11.121461,with_candidate_bias,2.0789484551713238,1.7034315345671625,0.02590701556089333,0.05911759603265651,False
476,246220,11.143719,without_bias,1.9453263879294025,1.825744096073428,0.20535772585859607,0.1240504546326847,False
476,246220,11.143719,with_candidate_bias,2.087217006791708,1.712657122604173,0.03277548943923468,0.054677182852263674,False
477,246221,11.165981,without_bias,1.8988109732002407,1.8272496493723482,0.24132074757243424,0.10653015438241145,False
477,246221,11.165981,with_candidate_bias,2.0412762863986873,1.7141584992191592,0.05950464970074216,0.03223745804240895,False
478,246222,11.188237,without_bias,1.904509840766154,1.8064950072260046,0.22451633799281615,0.11485162923434264,False
478,246222,11.188237,with_candidate_bias,2.0469082793092324,1.6928178463478054,0.04495768651840384,0.051710015820848824,False
479,246223,11.210491,without_bias,1.904168815069176,1.8029246787275612,0.22280867562343304,0.10137686903233478,False
479,246223,11.210491,with_candidate_bias,2.047170262597123,1.6883971374231646,0.04364514088535965,0.03304135935984882,False
480,246224,11.232743,without_bias,1.898190045528702,1.8077911843350312,0.23048133422911127,0.09508613617606633,False
480,246224,11.232743,with_candidate_bias,2.0413936806050796,1.6929832069275503,0.05031041589218469,0.0381739291310645,False
481,246225,11.260754,without_bias,1.9387275241094022,1.8163744997090125,0.20366974771171817,0.11821093156245244,False
481,246225,11.260754,with_candidate_bias,2.080966880714657,1.702607208176651,0.024345083806914174,0.05308141684454703,False
482,246226,11.283015,without_bias,1.9236994954320001,1.8368888215443167,0.2286262455299823,0.10069258240990236,False
482,246226,11.283015,with_candidate_bias,2.0663806605738984,1.7229312522436937,0.048999649122591214,0.04393724486688243,False
483,246227,11.30527,without_bias,1.9119874877536553,1.804735709406069,0.217364789506696,0.10487655997652201,False
483,246227,11.30527,with_candidate_bias,2.054843315545893,1.6902426981264738,0.0366183741681101,0.04143125295747376,False
484,246228,11.327523,without_bias,1.9253737848779506,1.8323088496223556,0.22427611638044875,0.11769540327765032,False
484,246228,11.327523,with_candidate_bias,2.0673757055320863,1.719523569690805,0.045540874621320115,0.045977040405288466,False
485,246229,11.349782,without_bias,1.9322505636160745,1.8387080595088063,0.22377026798146563,0.09182920036341488,False
485,246229,11.349782,with_candidate_bias,2.0752987722492025,1.7240869380249038,0.046473478477434056,0.03754165832793748,False
486,246230,11.37204,without_bias,1.9167513461887438,1.8268375675194,0.22710430925551991,0.11122777675822984,False
486,246230,11.37204,with_candidate_bias,2.059082482213396,1.713415613175291,0.045524675835920535,0.04860731647698319,False
487,246231,11.394301,without_bias,1.9137072030435824,1.8283851716003763,0.23042853427817864,0.11429014227861098,False
487,246231,11.394301,with_candidate_bias,2.055871914141069,1.7155291410342228,0.04926505969776417,0.040048460330684,False
488,246232,11.416557,without_bias,1.9270675060189089,1.828369178077009,0.22036426797043457,0.09140917429803355,False
488,246232,11.416557,with_candidate_bias,2.0702380431348675,1.7135259302018064,0.038916872112693665,0.03320622627549838,False
489,246233,11.438811,without_bias,1.9282714435287156,1.8095958406766708,0.20724673193799326,0.11625907258046125,False
489,246233,11.438811,with_candidate_bias,2.0706395386394174,1.6956888062256954,0.02491919149735855,0.05083845327507814,False
490,246234,11.461064,without_bias,1.9375894214033171,1.8242217707187867,0.20983065461804642,0.11753054531345494,False
490,246234,11.461064,with_candidate_bias,2.07976175312634,1.7106797646846357,0.03234300017238088,0.05367229214840478,False
491,246235,11.488209,without_bias,1.9436728457437273,1.8431712822827508,0.2191723144800368,0.10176691030588281,False
491,246235,11.488209,with_candidate_bias,2.08627100991837,1.7291931988826834,0.0493343306769246,0.04019150561576858,False
492,246236,11.510471,without_bias,1.9180516480896825,1.8068779903201697,0.21369197493672853,0.10502253498887715,False
492,246236,11.510471,with_candidate_bias,2.060887569947242,1.6923984182916274,0.0316426035545573,0.039025758379060665,False
493,246237,11.532725,without_bias,1.9196723815122276,1.8444706503726582,0.23677434923091076,0.08766709111138321,False
493,246237,11.532725,with_candidate_bias,2.0627742673793446,1.7302548057217682,0.05715580473463812,0.022937511341735696,False
494,246238,11.573845,without_bias,1.917670471402717,1.821124589442956,0.22274114162409378,0.08059446910081258,False
494,246238,11.573845,with_candidate_bias,2.06137010962234,1.7055374425068142,0.038364457416020806,0.024890989062221137,False
495,246239,11.601866,without_bias,1.9454504944964213,1.8472100831695857,0.22102889280568927,0.10825177151407847,False
495,246239,11.601866,with_candidate_bias,2.0877291745127065,1.7337998130767631,0.05384771615851874,0.043433811481395114,False
496,246240,11.624126,without_bias,1.9692618734805218,1.8452011357132785,0.2046194282965099,0.08760090352450202,False
496,246240,11.624126,with_candidate_bias,2.1124952702525217,1.729835808512462,0.05467764619865042,0.0304437083806619,False
497,246241,11.646379,without_bias,1.9512805289942035,1.8242549684690808,0.2001314257285534,0.08909498739854328,False
497,246241,11.646379,with_candidate_bias,2.09466582363276,1.7086382751198885,0.029015870002714977,0.028394399141324314,False
498,246242,11.668631,without_bias,1.9452717694165076,1.846197838847054,0.22038144741620114,0.09891244467516837,False
498,246242,11.668631,with_candidate_bias,2.087948482293191,1.7322413036178763,0.052281569683747,0.030631570290551857,False
499,246243,11.690884,without_bias,1.9617765857451979,1.8103397299918318,0.18283787675835167,0.09123025113089228,False
499,246243,11.690884,with_candidate_bias,2.1053559056275164,1.6937827784366883,0.020634166304361247,0.04568653778332473,False
500,246244,11.713141,without_bias,1.9489674314327154,1.8255653461324994,0.20268067345299642,0.08976073661654999,False
500,246244,11.713141,with_candidate_bias,2.0923262940713756,1.709930134634346,0.030020403117490005,0.037828860447352466,False
501,246245,11.735401,without_bias,1.9572021230233887,1.8407267364559878,0.20849067111333242,0.09793788780952953,False
501,246245,11.735401,with_candidate_bias,2.1000474573473005,1.7260399477207335,0.04712354173100435,0.041199920511620414,False
502,246246,11.757659,without_bias,1.9495810946363838,1.842993747490359,0.21513816654528573,0.09188250798581056,False
502,246246,11.757659,with_candidate_bias,2.0926051312151093,1.7282904247552573,0.04836064341684372,0.030510704835904776,False
503,246247,11.779913,without_bias,1.9305542460369423,1.8215927154335008,0.2132403468405551,0.09936567006561003,False
503,246247,11.779913,with_candidate_bias,2.0735066288724333,1.7068473070983654,0.031508874774983486,0.04272625057981131,False
504,246248,11.802167,without_bias,1.961607848174331,1.8423631441962462,0.2069935632905445,0.10347924777566528,False
504,246248,11.802167,with_candidate_bias,2.1041947031683934,1.7282404171138765,0.050285459542094284,0.03316234321245317,False
505,246249,11.824425,without_bias,1.9390155195005434,1.8304368593339175,0.21313742514618042,0.09809465120532017,False
505,246249,11.824425,with_candidate_bias,2.0819959065129434,1.7155392876052298,0.036429472629133444,0.04967689970164653,False
506,246250,11.846684,without_bias,1.9047426102176488,1.832203795538403,0.23976299932488737,0.10455648560311742,False
506,246250,11.846684,with_candidate_bias,2.04725821752394,1.7187360635586255,0.05768312222174436,0.0462118458318515,False
507,246251,11.868941,without_bias,1.9292502594759724,1.841066199717785,0.2275583436617335,0.10487108962348801,False
507,246251,11.868941,with_candidate_bias,2.0716914038198753,1.727663139967011,0.05105858992962657,0.03518359641364606,False
508,246252,11.891195,without_bias,1.928557201450497,1.8184037608696537,0.21264848512594595,0.08897834261059404,False
508,246252,11.891195,with_candidate_bias,2.0719765224673106,1.7029155269205074,0.02915419551995661,0.0360695805609534,False
509,246253,11.913448,without_bias,1.9224555747991876,1.807436867025017,0.2105024690900856,0.09185010622880546,False
509,246253,11.913448,with_candidate_bias,2.065869810027801,1.6918954721151713,0.02690294268174442,0.035667936067424896,False
510,246254,11.94176,without_bias,1.9281576435088905,1.8333997810896732,0.22298977822526977,0.09543885286779479,False
510,246254,11.94176,with_candidate_bias,2.0711131479960354,1.7188950702738346,0.04323817376145982,0.0399622605305241,False
511,246255,11.964019,without_bias,1.9365270596239657,1.8241610049309598,0.21056195945699682,0.10139017715421277,False
511,246255,11.964019,with_candidate_bias,2.079366993030637,1.7095790772128854,0.03143219123727068,0.041454775069694166,False
512,246256,11.986275,without_bias,1.947808790429201,1.8427709451452752,0.21613125794917554,0.08553327812570295,False
512,246256,11.986275,with_candidate_bias,2.091129018424475,1.7274841646460994,0.04749758493587532,0.0378707388670584,False
513,246257,12.008529,without_bias,1.931599951272542,1.8152574457976507,0.20829102736451582,0.09848812613190346,False
513,246257,12.008529,with_candidate_bias,2.0746723025517437,1.7002005716775148,0.02535747237332013,0.0420678757343201,False
514,246258,12.030788,without_bias,1.9343257523166635,1.8393221429264484,0.22275101934323088,0.09353233588413348,False
514,246258,12.030788,with_candidate_bias,2.0772820719049045,1.7249493364230257,0.04671390092790761,0.029604106634126878,False
515,246259,12.053046,without_bias,1.9351385244919095,1.8411134838372913,0.2234717683975585,0.0884079806279505,False
515,246259,12.053046,with_candidate_bias,2.0783194265896516,1.7262431424699705,0.04769553459908512,0.038352144256689674,False
516,246260,12.092084,without_bias,1.9150457464372226,1.8228719718683926,0.22587915172780187,0.09650441743698815,False
516,246260,12.092084,with_candidate_bias,2.0580311991304683,1.7085178892839887,0.04284010081978806,0.03023288361256167,False
517,246261,12.114338,without_bias,1.945409572243301,1.8235816793931723,0.20376969955375826,0.07243600403142206,False
517,246261,12.114338,with_candidate_bias,2.089509413539663,1.7067998440372667,0.026804333893922613,0.03265657638127759,False
518,246262,12.136592,without_bias,1.9474217119954382,1.8225085513986439,0.20158684340018737,0.1079185250442482,False
518,246262,12.136592,with_candidate_bias,2.0900451249425567,1.7080662628642018,0.02806629914012388,0.046251947614896254,False
519,246263,12.158857,without_bias,1.9422181140542012,1.8211289570673521,0.20434497384720668,0.08700735934596167,False
519,246263,12.158857,with_candidate_bias,2.085808414757443,1.7050311582707767,0.025379682252193256,0.04666264267815257,False
520,246264,12.181112,without_bias,1.9171305425777672,1.8271033073201577,0.2269872955343226,0.071314132715646,False
520,246264,12.181112,with_candidate_bias,2.061171767827804,1.7109489985371562,0.0422954782527274,0.03558320571424009,False
521,246265,12.203368,without_bias,1.895827647553086,1.8283184885711128,0.24433844664069526,0.09000788158442027,False
521,246265,12.203368,with_candidate_bias,2.038962400084853,1.7140878803661876,0.061374426212862696,0.030692637351889738,False
522,246266,12.225621,without_bias,1.9234080097353996,1.8147073505797984,0.21424042923908967,0.07561575278754969,False
522,246266,12.225621,with_candidate_bias,2.067442417662433,1.6982352569289185,0.02900636337391828,0.03519467335558471,False
523,246267,12.247875,without_bias,1.9177673938966828,1.837206957767344,0.23319111941839435,0.08404877478584352,False
523,246267,12.247875,with_candidate_bias,2.0611569657835704,1.7221872595391707,0.051104652334552435,0.040915845408799056,False
524,246268,12.275745,without_bias,1.9238767423662264,1.8227527516640536,0.21903261134935145,0.086779110632611,False
524,246268,12.275745,with_candidate_bias,2.0673054996369458,1.707482842646781,0.03564192737039326,0.02932226802064277,False
525,246269,12.298008,without_bias,1.937023899914583,1.8440208434484735,0.2242867010834395,0.08378397640092791,False
525,246269,12.298008,with_candidate_bias,2.0803881937645925,1.7288328658840022,0.04976982629618038,0.04024740012859989,False
526,246270,12.320263,without_bias,1.9210324732235011,1.8335281778451178,0.22830007993298854,0.09522839717916928,False
526,246270,12.320263,with_candidate_bias,2.06395959836238,1.7192383180911568,0.047092973192094725,0.036551034992319056,False
527,246271,12.342517,without_bias,1.9256907631241853,1.8209337110050148,0.2164713288644886,0.08723653455880295,False
527,246271,12.342517,with_candidate_bias,2.06918762601718,1.7053178146474175,0.03277417656207002,0.04260025830770624,False
528,246272,12.36477,without_bias,1.9234627648396054,1.8364634737419783,0.228507044334032,0.07285971325589047,False
528,246272,12.36477,with_candidate_bias,2.0673155734127935,1.720709669672063,0.04660322321898822,0.03156461350457709,False
529,246273,12.387029,without_bias,1.9239883298357199,1.8210224443877991,0.21782379220793033,0.09841104843150993,False
529,246273,12.387029,with_candidate_bias,2.0669499411660266,1.70642412195332,0.035064789080408894,0.03805031767172674,False
530,246274,12.409289,without_bias,1.9396409389801748,1.8301582369507658,0.2124978667067645,0.09891282184471893,False
530,246274,12.409289,with_candidate_bias,2.082505454243647,1.715650471858014,0.03642971808555636,0.03569205937125542,False
531,246275,12.431546,without_bias,1.9283156368115917,1.8286664876070509,0.21964416185516633,0.08343615864794536,False
531,246275,12.431546,with_candidate_bias,2.071883846386171,1.7130205288947313,0.03766364759615872,0.0419353261224398,False
532,246276,12.453807,without_bias,1.9178313614793305,1.8265044061557245,0.2260654354674823,0.1042253590695515,False
532,246276,12.453807,with_candidate_bias,2.0604510804946896,1.7127684791358413,0.0441238242767711,0.03445933080648272,False
533,246277,12.47606,without_bias,1.9228367209076482,1.8492529796545834,0.23788680711393448,0.09493345044152018,False
533,246277,12.47606,with_candidate_bias,2.065576434988047,1.7356474238152946,0.060771262165369815,0.02617599901807788,False
534,246278,12.498318,without_bias,1.9044139837596832,1.8436110053797754,0.24740802433496778,0.08700157529614463,False
534,246278,12.498318,with_candidate_bias,2.0475229483071913,1.7296788960336298,0.06536277711078176,0.019357995692714826,False
535,246279,12.520578,without_bias,1.902145268376983,1.8311320977198524,0.24110228359424285,0.08214253858075213,False
535,246279,12.520578,with_candidate_bias,2.0456126076652423,1.7164165379118055,0.05741432601504316,0.020997468624595707,False
536,246280,12.542834,without_bias,1.9113053417040207,1.840916394254457,0.2404700955282645,0.06804141594889623,False
536,246280,12.542834,with_candidate_bias,2.055279541648877,1.7252458753609277,0.05703244221746661,0.034169155486564906,False
537,246281,12.565088,without_bias,1.9018384239413557,1.8321874327707686,0.24200370533987728,0.0844579320678369,False
537,246281,12.565088,with_candidate_bias,2.0451804936802214,1.7175927002622056,0.0584978568817072,0.029038533023189157,False
538,246282,12.603969,without_bias,1.9091890907869367,1.848454659997877,0.24712255535554614,0.08437949238899023,False
538,246282,12.603969,with_candidate_bias,2.052341085590731,1.7343555907949806,0.0661265762394819,0.025807178571418486,False
539,246283,12.631859,without_bias,1.924731301497313,1.8414688408448716,0.231053953155012,0.10612712218881876,False
539,246283,12.631859,with_candidate_bias,2.067139725290004,1.7279708837289895,0.05313941894259582,0.04886094448546536,False
540,246284,12.65412,without_bias,1.916735679702056,1.8215506849161909,0.22373448792832817,0.10482143829350579,False
540,246284,12.65412,with_candidate_bias,2.0594059619885,1.7075033997286349,0.04113918033313473,0.044410583863438734,False
541,246285,12.676373,without_bias,1.9231720207234593,1.8196784141028195,0.21758132740603592,0.07667827897768104,False
541,246285,12.676373,with_candidate_bias,2.0670830993587157,1.7036777246269337,0.03295176745656285,0.020791112073296335,False
542,246286,12.698624,without_bias,1.9100034181060994,1.8138439718946677,0.2243055467571594,0.0981650996705427,False
542,246286,12.698624,with_candidate_bias,2.0530229201239787,1.6992771520014223,0.041700276083541585,0.0370278542586116,False
543,246287,12.720877,without_bias,1.9244843455814418,1.8317374973756464,0.2245433142345322,0.0859758192717845,False
543,246287,12.720877,with_candidate_bias,2.0678381207183287,1.7166859603006566,0.04286033803502625,0.032374183002397715,False
544,246288,12.743136,without_bias,1.9416887265215552,1.836868934391724,0.21587981938567813,0.08352001781050224,False
544,246288,12.743136,with_candidate_bias,2.085140982929276,1.7214068692042948,0.04169099260266134,0.03503806063600055,False
545,246289,12.765395,without_bias,1.9250900315174837,1.8073883325227194,0.20838206489000777,0.09232076754955341,False
545,246289,12.765395,with_candidate_bias,2.06849206983196,1.6918218533992515,0.024542764267838003,0.03586183939740191,False
546,246290,12.787652,without_bias,1.9279615800751202,1.845229231156778,0.23142417410549748,0.07974675739512961,False
546,246290,12.787652,with_candidate_bias,2.071443330272111,1.730055441427661,0.05338442851532604,0.03787943722319755,False
547,246291,12.809906,without_bias,1.9119021792780544,1.8440031597153523,0.24210714599640717,0.07184828998152938,False
547,246291,12.809906,with_candidate_bias,2.0556623020148272,1.7287935949528395,0.05966483395889654,0.02754347961235946,False
548,246292,12.832158,without_bias,1.9244358783298376,1.8218820745035025,0.21804128381989893,0.0893866125633743,False
548,246292,12.832158,with_candidate_bias,2.067845356929158,1.706411230311242,0.03447290669714224,0.04556981332345739,False
549,246293,12.854416,without_bias,1.9285658564652852,1.8289564827395584,0.21965658753820066,0.06312780937777784,False
549,246293,12.854416,with_candidate_bias,2.072947309997523,1.7121722530435417,0.03641219716274014,0.03101455040998482,False
550,246294,12.876677,without_bias,1.901112942294681,1.8110358537542313,0.2298884850045185,0.07423501759518875,False
550,246294,12.876677,with_candidate_bias,2.045250076320917,1.6946362929348973,0.04708265859273318,0.042754896561834295,False
551,246295,12.898932,without_bias,1.8843139806475975,1.814576715217235,0.24579998135821254,0.0780956247852371,False
551,246295,12.898932,with_candidate_bias,2.0281205782154204,1.6992171854630571,0.06479477646782515,0.030558898329809993,False
552,246296,12.921186,without_bias,1.8880178609302347,1.810770818740137,0.24061959923739323,0.0708181003411707,False
552,246296,12.921186,with_candidate_bias,2.0322041311395664,1.694702259666996,0.059636556713547756,0.02942878507812011,False
553,246297,12.943439,without_bias,1.883252274003597,1.7991119028304106,0.23860483566048032,0.08752436001814767,False
553,246297,12.943439,with_candidate_bias,2.0268433180751524,1.683859672175521,0.06327450940986304,0.03034955671567826,False
554,246298,12.971764,without_bias,1.9132194421123645,1.8071330201288949,0.21774795166466573,0.0814608532633421,False
554,246298,12.971764,with_candidate_bias,2.0571286436462697,1.6908086757434193,0.034602796705762086,0.0434865255038901,False
555,246299,12.994027,without_bias,1.900634547859321,1.8077315683976118,0.22841766137879435,0.09055844744182383,False
555,246299,12.994027,with_candidate_bias,2.0440290891771857,1.6926658445991145,0.04768383647828737,0.030021525827285712,False
556,246300,13.016283,without_bias,1.925181147410285,1.815245520287028,0.2132055461912262,0.09355751889628601,False
556,246300,13.016283,with_candidate_bias,2.0684300608354396,1.7000562560217571,0.029453619152374193,0.03644270721678293,False
557,246301,13.038537,without_bias,1.9152552660128497,1.8141609683034061,0.2203063491421603,0.08271378479288086,False
557,246301,13.038537,with_candidate_bias,2.058987996036397,1.698262134735154,0.03598958119961165,0.03924340804250604,False
558,246302,13.060796,without_bias,1.9278210971032523,1.8106444857133075,0.20825459945001765,0.09744939118679818,False
558,246302,13.060796,with_candidate_bias,2.0710135954719653,1.6953187738900866,0.024395663352279877,0.045662790676969975,False
559,246303,13.083053,without_bias,1.9323013726676908,1.8174230057013474,0.2091744237675512,0.08997106982389487,False
559,246303,13.083053,with_candidate_bias,2.0757083083233887,1.7018555883126654,0.02611358250933859,0.0378653873660912,False
560,246304,13.12399,without_bias,1.9318391144893878,1.8209970314332506,0.2118844698851004,0.0808542154003826,False
560,246304,13.12399,with_candidate_bias,2.075722127626739,1.7045450062898315,0.02839568582152936,0.0502014355717162,False
561,246305,13.146244,without_bias,1.9084346046757845,1.8100512341425434,0.22333677771750282,0.08781769216184376,False
561,246305,13.146244,with_candidate_bias,2.051986936320873,1.6944738059637316,0.04067534965245042,0.04130900265527671,False
562,246306,13.168496,without_bias,1.9334760846663346,1.8125878400832927,0.20513232658294797,0.10390309502346698,False
562,246306,13.168496,with_candidate_bias,2.076340453044519,1.697856672262918,0.02248208102765975,0.04125922103199872,False
563,246307,13.190761,without_bias,1.9065962404517804,1.820978603313368,0.2313264049100514,0.07923104069423084,False
563,246307,13.190761,with_candidate_bias,2.050336996781389,1.705410496683709,0.04710464059975736,0.03310660658925076,False
564,246308,13.213015,without_bias,1.9028124469344374,1.8076179000762935,0.22655133732237293,0.10026898431615759,False
564,246308,13.213015,with_candidate_bias,2.0458244618240067,1.6929872122630312,0.04604504159519958,0.04389461032603758,False
565,246309,13.235272,without_bias,1.9103580445938408,1.8370437189311495,0.23860838584985716,0.08549647048112641,False
565,246309,13.235272,with_candidate_bias,2.053622669348516,1.7224595711174273,0.055911764100261226,0.03282930526996954,False
566,246310,13.257526,without_bias,1.9023177908038538,1.8054168824616663,0.22572994053769072,0.0772421521651001,False
566,246310,13.257526,with_candidate_bias,2.046327815926165,1.6892983937221298,0.04465108943341305,0.026919375053396692,False
567,246311,13.279787,without_bias,1.8878571686535275,1.822341363745128,0.24723023297645302,0.08788180522041295,False
567,246311,13.279787,with_candidate_bias,2.031138863247031,1.7079178919707443,0.0651463131108879,0.029554947912216266,False
568,246312,13.307755,without_bias,1.9322002374015714,1.8219251508090653,0.21223457189698455,0.08145086807654305,False
568,246312,13.307755,with_candidate_bias,2.075908458370698,1.7059610884990986,0.029538951598666797,0.0346966610231693,False
569,246313,13.330018,without_bias,1.930171949670107,1.809628833293287,0.2057878521517574,0.09503581361811558,False
569,246313,13.330018,with_candidate_bias,2.073438083539458,1.6942623973969095,0.021856647875494174,0.035266287241955886,False
570,246314,13.352272,without_bias,1.923075252012875,1.8187417876811485,0.21705564986778395,0.09080836681115641,False
570,246314,13.352272,with_candidate_bias,2.066391698824645,1.7035334460024436,0.033334291129948866,0.03557486199386403,False
571,246315,13.374525,without_bias,1.9122612846457128,1.804869106936497,0.21721727556276604,0.1029279269029369,False
571,246315,13.374525,with_candidate_bias,2.055230910368431,1.6900887583934294,0.03620321311332807,0.046479115362093294,False
573,246316,13.397017,without_bias,1.9143391297955887,1.8039084950976259,0.21496524481489876,0.10259546602923626,False
573,246316,13.397017,with_candidate_bias,2.057318724325184,1.6891264692253316,0.03393166987129058,0.042313058565933384,False
574,246317,13.419281,without_bias,1.911089743817645,1.7858099115626715,0.20785720375328878,0.1058849765304805,False
574,246317,13.419281,with_candidate_bias,2.054230860189324,1.6703527182228226,0.03704728611496285,0.05464875232776247,False
575,246318,13.441537,without_bias,1.9161290909330506,1.7969136801458254,0.2095230336383275,0.11830898567089008,False
575,246318,13.441537,with_candidate_bias,2.05857913928495,1.6827238410724705,0.031538703179785785,0.05919565410570746,False
576,246319,13.463799,without_bias,1.923994409682764,1.7942472550604402,0.20151995262360323,0.09581388195950485,False
576,246319,13.463799,with_candidate_bias,2.0674323377183463,1.6783580856008784,0.022627312340461687,0.041856144010524565,False
577,246320,13.486053,without_bias,1.9047812116984193,1.7907022053941826,0.21577992913855892,0.10246994788875811,False
577,246320,13.486053,with_candidate_bias,2.0479321370215406,1.6755074361206383,0.042307070635823556,0.04674777474980002,False
578,246321,13.508308,without_bias,1.9100786415080309,1.7911878625467534,0.21150516783121726,0.10775748656919053,False
578,246321,13.508308,with_candidate_bias,2.0530663390611537,1.6760839934251008,0.0371406841326369,0.055551290395319135,False
579,246322,13.530571,without_bias,1.9217176948157413,1.7912081013691479,0.20170814571617732,0.10285158873053732,False
579,246322,13.530571,with_candidate_bias,2.0648641423722167,1.675845298192294,0.025476908874412906,0.04134494040394959,False
580,246323,13.552826,without_bias,1.908983302001982,1.7751207082736875,0.2044871489766376,0.09332895825023334,False
580,246323,13.552826,with_candidate_bias,2.052799762006403,1.6584305729075106,0.0430011382625908,0.0488596667244413,False
581,246324,13.575083,without_bias,1.9205371391551556,1.8171893482959796,0.21803343434343886,0.08276671417062237,False
581,246324,13.575083,with_candidate_bias,2.064338484186657,1.7010137960610343,0.033167650184075116,0.049187516940769366,False
582,246325,13.597337,without_bias,1.9021876539271405,1.8040088506382035,0.22505926413724844,0.0923324569835434,False
582,246325,13.597337,with_candidate_bias,2.045566931225482,1.6888078187394149,0.04529762986810036,0.03570163377298429,False
583,246326,13.638117,without_bias,1.9142729115502064,1.824859319462104,0.2277371995306551,0.06481803588982647,False
583,246326,13.638117,with_candidate_bias,2.058717809017811,1.707932645221841,0.041938146617791494,0.048002127770549324,False
584,246327,13.665865,without_bias,1.9423184210964424,1.8295772387432183,0.2101979997466518,0.08895735388793866,False
584,246327,13.665865,with_candidate_bias,2.0856846703582614,1.7140241628425055,0.03429673055919763,0.04385002547907905,False
585,246328,13.688126,without_bias,1.9333443832401793,1.8197716336407381,0.20994544966014506,0.09462421176259575,False
585,246328,13.688126,with_candidate_bias,2.0765500342096024,1.7044978079977249,0.027947167592732157,0.04351037324703035,False
586,246329,13.710379,without_bias,1.9369955829574288,1.8384269164995155,0.22024858570733546,0.07553811579844892,False
586,246329,13.710379,with_candidate_bias,2.080776882804144,1.722491912834339,0.04348135861641811,0.03832756340079116,False
587,246330,13.73263,without_bias,1.946035919656672,1.8075604653634878,0.1923468969150522,0.08502462208646776,False
587,246330,13.73263,with_candidate_bias,2.0899379522576127,1.6906192385570011,0.010619419826564737,0.04977015454909632,False
588,246331,13.754884,without_bias,1.9062405722426192,1.8197321580646588,0.23085190769652914,0.08617989002967706,False
588,246331,13.754884,with_candidate_bias,2.0497398471705965,1.7044270819140497,0.04709099952944945,0.04210480852049658,False
589,246332,13.777142,without_bias,1.9365921149939587,1.844030906881783,0.22458877441779446,0.08006740260147298,False
589,246332,13.777142,with_candidate_bias,2.080104446994827,1.7286305591194489,0.0496271422665904,0.03842877221070812,False
590,246333,13.799402,without_bias,1.913545220438778,1.8002169510437374,0.2135144129754518,0.08369333428512252,False
590,246333,13.799402,with_candidate_bias,2.0573973159635157,1.6839458442461244,0.03284059520163256,0.036985475449401804,False
591,246334,13.821658,without_bias,1.9537464347688343,1.8140673701588788,0.19115201746129004,0.07712907890921854,False
591,246334,13.821658,with_candidate_bias,2.0979369208457554,1.6966227741377344,0.01842040533066318,0.04963650187114986,False
592,246335,13.843912,without_bias,1.9399032238741412,1.8035479308624627,0.19440456122162364,0.09520634484746324,False
592,246335,13.843912,with_candidate_bias,2.083398671163331,1.687305963373731,0.009846554891338219,0.05251414886926452,False
593,246336,13.866164,without_bias,1.9382358282479628,1.8307391993353075,0.21390341288495465,0.0905052237018507,False
593,246336,13.866164,with_candidate_bias,2.081444543011737,1.7157011110480698,0.03671192141995058,0.031700979031793204,False
594,246337,13.888422,without_bias,1.9369322919818166,1.8133921128748003,0.20303492067903808,0.09883416864430196,False
594,246337,13.888422,with_candidate_bias,2.0802253040482026,1.697604016337619,0.020135691499554662,0.0598778634109372,False
595,246338,13.910682,without_bias,1.905147174197823,1.7995817387638882,0.2201598497747597,0.0999058827222261,False
595,246338,13.910682,with_candidate_bias,2.0482639393493245,1.6846811886569066,0.04199776524862251,0.0391885125976416,False
596,246339,13.932939,without_bias,1.9142972591353806,1.8123982542628703,0.22000170653700665,0.08365992545984921,False
596,246339,13.932939,with_candidate_bias,2.0580834244499617,1.6962946466814108,0.035835503419281094,0.0475499129653228,False
597,246340,13.955193,without_bias,1.8965006340913229,1.7764772392567527,0.21621716467862764,0.10021016982163611,False
597,246340,13.955193,with_candidate_bias,2.0399493008484013,1.6606250522548065,0.05366992720036803,0.05042160853353043,False
598,246341,13.977446,without_bias,1.907622239833319,1.7967832438156701,0.2165640169546309,0.09548537556160187,False
598,246341,13.977446,with_candidate_bias,2.050968627164744,1.681448397383121,0.03905823754836097,0.03527957654321038,False
599,246342,14.005757,without_bias,1.9039457667984374,1.797154005409939,0.21986641097678708,0.11103240757096035,False
599,246342,14.005757,with_candidate_bias,2.0466051648732337,1.6830205721662985,0.04349983415935091,0.043563053620099525,False
600,246343,14.028018,without_bias,1.932706052831832,1.8061389923852365,0.20162448069543817,0.10912075635652238,False
600,246343,14.028018,with_candidate_bias,2.075431613780523,1.6915291928613667,0.018578486619594114,0.04553321420815165,False
601,246344,14.050274,without_bias,1.9124080882615513,1.7914746656723508,0.20967948922505344,0.10140707872819171,False
601,246344,14.050274,with_candidate_bias,2.055649524276933,1.6759672379792696,0.03458638969185514,0.049898837400689205,False
602,246345,14.072529,without_bias,1.9350331485821572,1.812926943975818,0.20416732714396293,0.10930510748787953,False
602,246345,14.072529,with_candidate_bias,2.0776854393170336,1.6984641111685044,0.022193958773894927,0.04814143381341717,False
603,246346,14.094788,without_bias,1.943754718636831,1.818235151172703,0.20123776817668332,0.1135821015451065,False
603,246346,14.094788,with_candidate_bias,2.086180096048647,1.704117742808474,0.02441837800455348,0.04957216507871055,False
604,246347,14.117047,without_bias,1.9008874929056405,1.8092276937874472,0.22904876594545615,0.1024186839444624,False
604,246347,14.117047,with_candidate_bias,2.043751542447006,1.6950605888312755,0.04863888528714275,0.034828876365378056,False
605,246348,14.158261,without_bias,1.9291032700411443,1.8292528907533756,0.21946339810932475,0.09890332995028746,False
605,246348,14.158261,with_candidate_bias,2.071975730881793,1.7147771485894003,0.03917045240043546,0.04299486508724505,False
606,246349,14.180514,without_bias,1.922619478127516,1.8028704892407417,0.20763765609485252,0.09992653625422161,False
606,246349,14.180514,with_candidate_bias,2.065764433017872,1.6876306123398948,0.02540844252658876,0.0433428563642697,False
607,246350,14.202768,without_bias,1.9317502537561624,1.8284249126770458,0.21696298506756315,0.07733535313254715,False
607,246350,14.202768,with_candidate_bias,2.075622002538456,1.7121904107712225,0.03525548690096615,0.044348005432069494,False
608,246351,14.225034,without_bias,1.9388778403154128,1.8225251505088704,0.20772897168019205,0.08510839410934046,False
608,246351,14.225034,with_candidate_bias,2.0824257074772348,1.7067714722596516,0.027822322587622267,0.031116232030787564,False
609,246352,14.24729,without_bias,1.9282008318846093,1.8272041655263749,0.21874194191135088,0.08297967625671782,False
609,246352,14.24729,with_candidate_bias,2.0719365308918567,1.7111221437321489,0.035984395878010514,0.05312183285591224,False
610,246353,14.269545,without_bias,1.9283734285782135,1.8326868536877976,0.22234303199929775,0.07007843903575983,False
610,246353,14.269545,with_candidate_bias,2.0725418435348963,1.7160610632888489,0.04006479143440541,0.048775365439091146,False
611,246354,14.291805,without_bias,1.9241308515069788,1.8253575623009741,0.2205479434043343,0.07212853856126274,False
611,246354,14.291805,with_candidate_bias,2.068265129806558,1.7087654174610385,0.03605348560172207,0.04604977997993145,False
612,246355,14.314058,without_bias,1.9275830278868729,1.8196075405105738,0.2141717492990329,0.07614399206360814,False
612,246355,14.314058,with_candidate_bias,2.071665915873782,1.7028972800176996,0.029332986090000797,0.04903763977383016,False
613,246356,14.341768,without_bias,1.9583210377318254,1.8121236742600204,0.18653689823729594,0.08256649111770618,False
613,246356,14.341768,with_candidate_bias,2.1022083352974987,1.6951866961305926,0.01948535835182701,0.04014055437624656,False
614,246357,14.36403,without_bias,1.9507499925022058,1.8276157654254541,0.20293097050543668,0.0877805105949729,False
614,246357,14.36403,with_candidate_bias,2.094181107924947,1.7118439425327412,0.032117259215390465,0.038879325524672374,False
615,246358,14.386286,without_bias,1.9418895721261225,1.788541866091207,0.18362471385830545,0.0882820681160013,False
615,246358,14.386286,with_candidate_bias,2.085844589234068,1.6713026699819662,0.009639034602916059,0.04744585943061571,False
616,246359,14.408539,without_bias,1.9641355711573432,1.8388547933403752,0.20267387551211802,0.08606596006917483,False
616,246359,14.408539,with_candidate_bias,2.1075537058456164,1.723022876367424,0.04646612185066761,0.04138967336219467,False
617,246360,14.430798,without_bias,1.9305125063941386,1.8300785402231694,0.21899732613024553,0.08983240370779413,False
617,246360,14.430798,with_candidate_bias,2.0737462568221128,1.7150655819407838,0.03864943989424092,0.03535243109105524,False
618,246361,14.453056,without_bias,1.944911412277297,1.8266000464799177,0.2062577802539397,0.07383737591271301,False
618,246361,14.453056,with_candidate_bias,2.0889900336383507,1.709773858657256,0.029790983390850356,0.04397530899453069,False
619,246362,14.475315,without_bias,1.9452671520399987,1.8258944439057805,0.20550617032388532,0.07966182199133034,False
619,246362,14.475315,with_candidate_bias,2.0890689424028674,1.7095504668313388,0.029565130782718305,0.03996103592262874,False
620,246363,14.497571,without_bias,1.9430240703761623,1.8213028867737195,0.2038833727879198,0.091623779637428,False
620,246363,14.497571,with_candidate_bias,2.086365420307082,1.7056746947542727,0.025930679132434093,0.04227203874822006,False
621,246364,14.519826,without_bias,1.9328003931979016,1.8408968252677684,0.2249433367761337,0.07890633370551861,False
621,246364,14.519826,with_candidate_bias,2.0763578596848147,1.7256352900796794,0.04763074315015139,0.02293097436807037,False
622,246365,14.542079,without_bias,1.937918091802128,1.8389583154891773,0.21999239274180096,0.09328266511104706,False
622,246365,14.542079,with_candidate_bias,2.0809176567828938,1.724327973299618,0.045248847224707955,0.03789793853803771,False
623,246366,14.564337,without_bias,1.9292590173164503,1.8446049597260836,0.2300705463124274,0.07773378929512109,False
623,246366,14.564337,with_candidate_bias,2.0728212256175502,1.7293136773389743,0.05222019783546961,0.034363765251313204,False
624,246367,14.586597,without_bias,1.9252788153049372,1.8390116327529882,0.22894926957323136,0.06830167911433024,False
624,246367,14.586597,with_candidate_bias,2.0693019885517625,1.7229854448265887,0.047709078222609454,0.03330875553989911,False
625,246368,14.608853,without_bias,1.9377478801913237,1.8557472405734614,0.23252483857734774,0.08352316540712328,False
625,246368,14.608853,with_candidate_bias,2.0809297307354497,1.7411509149518187,0.06181993354878358,0.031373937222527494,False
626,246369,14.631108,without_bias,1.9271899274556388,1.8580745708426656,0.24128338629648677,0.09441558174699233,False
626,246369,14.631108,with_candidate_bias,2.0698692956034277,1.7447066066875483,0.06776570082659256,0.021470620519740736,False
627,246370,14.671846,without_bias,1.909233486677667,1.8426143276077782,0.2431459476981736,0.07992476261564581,False
627,246370,14.671846,with_candidate_bias,2.052655273874542,1.727939873886584,0.06076890716186248,0.02873961377028709,False
628,246371,14.699855,without_bias,1.9596576284379927,1.8351408078799967,0.20262725407522647,0.10672426566896931,False
628,246371,14.699855,with_candidate_bias,2.1022218187752175,1.720767299458905,0.0425599055373282,0.047380240093166,False
629,246372,14.722116,without_bias,1.9435641075594683,1.8287162266615502,0.2087102936304401,0.09460106755735084,False
629,246372,14.722116,with_candidate_bias,2.086691542281009,1.7135373406044352,0.033700135122818886,0.04414434583183527,False
630,246373,14.748853,without_bias,1.9484629765720256,1.8379783061763717,0.21210816632842402,0.09181055559400508,False
630,246373,14.748853,with_candidate_bias,2.0915514491293674,1.7231009972977809,0.04312891098166444,0.030931982646517187,False
631,246374,14.771106,without_bias,1.9403422169010784,1.8237209117102833,0.20749253602218773,0.11852689002051103,False
631,246374,14.771106,with_candidate_bias,2.082508962861972,1.710082143294301,0.03100082228880664,0.05721788942897106,False
632,246375,14.79336,without_bias,1.9515287330459208,1.8391150896763158,0.21093103976079447,0.10461028841209902,False
632,246375,14.79336,with_candidate_bias,2.094075768306447,1.7251387847376267,0.04532242022308217,0.03567829241434753,False
633,246376,14.815619,without_bias,1.936655416090964,1.8111204611854026,0.20176009703533562,0.11315045265586512,False
633,246376,14.815619,with_candidate_bias,2.079170790499184,1.6968348873725045,0.02001712295155022,0.05031370858282556,False
634,246377,14.83788,without_bias,1.9378210036025343,1.8235878565170498,0.2092269568762609,0.11614981505137437,False
634,246377,14.83788,with_candidate_bias,2.0800440630169224,1.710018412760662,0.03162634638842248,0.04928402523471521,False
635,246378,14.860135,without_bias,1.9573713702638764,1.8301682221715878,0.20035181151129405,0.12043804375557213,False
635,246378,14.860135,with_candidate_bias,2.099399072480133,1.7167218860137556,0.03790566548543981,0.052628051767271984,False
636,246379,14.882389,without_bias,1.9518994310754587,1.8529565874029486,0.22132724247899477,0.12669701924138954,False
636,246379,14.882389,with_candidate_bias,2.0933657033046704,1.7409897368828908,0.0610825340320728,0.052342301861477224,False
637,246380,14.904641,without_bias,1.9498454884261063,1.838248150033532,0.2113900756978717,0.1070367499544532,False
637,246380,14.904641,with_candidate_bias,2.092324683924564,1.7242217261058375,0.044282786894332196,0.04729034013772005,False
638,246381,14.926899,without_bias,1.9306549443911813,1.8398210601138674,0.22568477574461662,0.11725077343948404,False
638,246381,14.926899,with_candidate_bias,2.0726094236894093,1.7272295867787382,0.05032957392731276,0.04226515971514876,False
639,246382,14.949158,without_bias,1.935062849396271,1.8510796383962624,0.23081109876043335,0.11096927164622683,False
639,246382,14.949158,with_candidate_bias,2.077138082054565,1.7383032837281396,0.05970512395698589,0.0411902524784965,False
640,246383,14.971415,without_bias,1.8971839206398653,1.8281495379256147,0.24315905503885085,0.11263478216250437,False
640,246383,14.971415,with_candidate_bias,2.039357875733777,1.715495693750237,0.061843100059798,0.04025024115736966,False
641,246384,14.993668,without_bias,1.91675226397526,1.8351065290454598,0.2325356174658583,0.10308102220175426,False
641,246384,14.993668,with_candidate_bias,2.0593182144477375,1.7214597491027226,0.05157792900394241,0.042563240793127496,False
642,246385,15.015921,without_bias,1.8982406415597908,1.82204180643437,0.23863680840251705,0.11876063437920646,False
642,246385,15.015921,with_candidate_bias,2.0402363136066257,1.7095476942450993,0.05787478482603603,0.045758270640564196,False
643,246386,15.043753,without_bias,1.9345000793438203,1.8255319294539458,0.21297832710082598,0.10954930862095799,False
643,246386,15.043753,with_candidate_bias,2.076965106716368,1.7116458412594096,0.03422524962555305,0.04471668499108958,False
644,246387,15.066013,without_bias,1.9127849790691906,1.8297609036965508,0.23202045582128036,0.10928453747648452,False
644,246387,15.066013,with_candidate_bias,2.0551489795086764,1.7166552843875706,0.05057868625043888,0.03428752030708716,False
645,246388,15.088269,without_bias,1.9412976425148436,1.8383646428940894,0.2172366249982164,0.1098613193712193,False
645,246388,15.088269,with_candidate_bias,2.0836685524352436,1.724565797720365,0.04501330419684555,0.05392285242813511,False
646,246389,15.110524,without_bias,1.932290186564398,1.8405478284652939,0.2250510841538289,0.12494611753327044,False
646,246389,15.110524,with_candidate_bias,2.0739191582824517,1.7282577955710585,0.05086657354022305,0.05727178848494098,False
647,246390,15.132784,without_bias,1.936554706125511,1.8383140588464097,0.22047403348388386,0.11164749512750148,False
647,246390,15.132784,with_candidate_bias,2.0787822385614096,1.7249534310207426,0.046331945051225634,0.047629309583687995,False
648,246391,15.174293,without_bias,1.939141677614423,1.857854724184843,0.23321778737449952,0.11415096344366514,False
648,246391,15.174293,with_candidate_bias,2.0810170797971046,1.7453638994471385,0.06597827071322217,0.04732799081091753,False
649,246392,15.196556,without_bias,1.9262886020600363,1.8279694742042558,0.22067257897559692,0.13492042731523218,False
649,246392,15.196556,with_candidate_bias,2.067642940153926,1.7160021428393755,0.04237915069922621,0.0661522353683756,False
650,246393,15.218811,without_bias,1.934486855116805,1.8465939409727066,0.2278988358905749,0.09569082337863767,False
650,246393,15.218811,with_candidate_bias,2.0772788690368533,1.7324673765642624,0.05398752426734944,0.03970978225445994,False
651,246394,15.241064,without_bias,1.9067836627562604,1.8065712643718002,0.22268477989680346,0.11067938360944601,False
651,246394,15.241064,with_candidate_bias,2.0493496073491846,1.6927757794333431,0.0426107376466882,0.03939936856671757,False
652,246395,15.263323,without_bias,1.9422144792820464,1.8480517221990749,0.22378994943462432,0.11518177604063337,False
652,246395,15.263323,with_candidate_bias,2.0842004374317007,1.735398033941717,0.05570078177719996,0.038839951369168166,False
653,246396,15.285583,without_bias,1.8971906825487233,1.8197734943410122,0.23814294576225462,0.1121055073447502,False
653,246396,15.285583,with_candidate_bias,2.039512447703396,1.7065452445437366,0.0570407130459385,0.04991985929668237,False
654,246397,15.30784,without_bias,1.9003263191856945,1.8229483152755623,0.23750858096870642,0.10967384662776017,False
654,246397,15.30784,with_candidate_bias,2.0427181866041066,1.709624564398972,0.05579592004647752,0.047631777503075,False
655,246398,15.330094,without_bias,1.8925654969940622,1.8262582922607753,0.24570688031115448,0.12038098909449162,False
655,246398,15.330094,with_candidate_bias,2.034483680549189,1.7142516113731083,0.06523215930060071,0.040158615888931715,False
656,246399,15.352348,without_bias,1.9130559151619195,1.8297605760584017,0.23181337170346775,0.11620424804654496,False
656,246399,15.352348,with_candidate_bias,2.0551221092688383,1.7171041102963802,0.050923297838423594,0.041329167393177275,False
657,246400,15.379732,without_bias,1.9121271160461328,1.821641432421976,0.22737866703940166,0.1287077613264663,False
657,246400,15.379732,with_candidate_bias,2.053763304697716,1.7095295857885373,0.046744994633363186,0.0537611369908193,False
658,246401,15.401993,without_bias,1.93772240732559,1.8379614686830206,0.21940895792836346,0.1195358307732048,False
658,246401,15.401993,with_candidate_bias,2.0796225098324244,1.725144949039469,0.0463223350658663,0.05160286226016065,False
659,246402,15.424249,without_bias,1.9298371711835254,1.8278531262743898,0.21797403213136646,0.11837427888087365,False
659,246402,15.424249,with_candidate_bias,2.0718911006025023,1.7147222095068875,0.03916074655096453,0.05211119364267012,False
660,246403,15.446502,without_bias,1.9314495934959492,1.832552106007602,0.22002358157696267,0.11954899497878928,False
660,246403,15.446502,with_candidate_bias,2.073397862201305,1.7196554604102976,0.04299053988774204,0.05228022942977432,False
661,246404,15.468755,without_bias,1.9316677529917585,1.8347094896602245,0.22136875713073398,0.1291473395245118,False
661,246404,15.468755,with_candidate_bias,2.0732022459036092,1.7227235739311801,0.04590717059606079,0.05256683089990415,False
662,246405,15.491013,without_bias,1.9259243719241035,1.8493243292757748,0.23577858302481783,0.11066760268506498,False
662,246405,15.491013,with_candidate_bias,2.0680460343670903,1.736781749710305,0.06087810531853558,0.032585093293285516,False
663,246406,15.513275,without_bias,1.9358955047538289,1.812086167782169,0.2029653940317325,0.10997100200661564,False
663,246406,15.513275,with_candidate_bias,2.0785117462034135,1.6977560162511145,0.02114842992764771,0.04306337436691256,False
664,246407,15.53553,without_bias,1.9435452674035028,1.850902295059255,0.22507017384902908,0.1115746038564022,False
664,246407,15.53553,with_candidate_bias,2.0856284166351675,1.7380118593814362,0.05817634029403374,0.04001689888962941,False
665,246408,15.557789,without_bias,1.915693708522708,1.8187205443438457,0.22276910169864114,0.10910796290970587,False
665,246408,15.557789,with_candidate_bias,2.0581990191482804,1.7049881175531854,0.040443892023187385,0.04275479085989684,False
666,246409,15.580042,without_bias,1.9255322266646782,1.8661800631218226,0.24842033807626265,0.09869231549873868,False
666,246409,15.580042,with_candidate_bias,2.067907037737596,1.7534211641337585,0.07667311343805147,0.02656486131516631,False
667,246410,15.602301,without_bias,1.913303359851972,1.83977497525574,0.23822205052759912,0.13081322454915764,False
667,246410,15.602301,with_candidate_bias,2.0546526166169023,1.7284962041140675,0.060010993372089566,0.052303318851020436,False
668,246411,15.624564,without_bias,1.922631712375464,1.8745943386428758,0.2566692430624044,0.10615336026866862,False
668,246411,15.624564,with_candidate_bias,2.064558890352419,1.76260929115218,0.0864380994976515,0.038196957810900406,False
669,246412,15.646821,without_bias,1.9042905738330196,1.8245271398101837,0.2353212381171353,0.12086391775253251,False
669,246412,15.646821,with_candidate_bias,2.046190172218632,1.7121552816243886,0.05434393385261007,0.04672405778840435,False
670,246413,15.685967,without_bias,1.9097302100270805,1.8521448066053179,0.24926097090812824,0.11295818361560664,False
670,246413,15.685967,with_candidate_bias,2.0516250631638555,1.7401382351875063,0.07133893122724715,0.03967094501667505,False
671,246414,15.713866,without_bias,1.9072021058064672,1.8381127464178242,0.24169135421313098,0.10460729583603427,False
671,246414,15.713866,with_candidate_bias,2.0496527376160074,1.7251380284157893,0.06054207785620958,0.028234126178690748,False
672,246415,15.736125,without_bias,1.9270509769979414,1.8094820311123638,0.20812972031478003,0.1190539904410353,False
672,246415,15.736125,with_candidate_bias,2.069307107719924,1.6959965432770847,0.02615502222768075,0.043556408609658974,False
673,246416,15.75838,without_bias,1.9286839670488227,1.8573999432648924,0.23977823578776358,0.09672441671382066,False
673,246416,15.75838,with_candidate_bias,2.0712621187286024,1.744099617998322,0.06678225229858446,0.026572328322007992,False
674,246417,15.780631,without_bias,1.9230457644957208,1.8249003360431721,0.2210652033637191,0.11920400796554075,False
674,246417,15.780631,with_candidate_bias,2.065069805380165,1.7119739786080572,0.04054441899708695,0.048338358052982235,False
675,246418,15.802884,without_bias,1.9195172156590945,1.8445466758294926,0.2369387859409341,0.11130001213525362,False
675,246418,15.802884,with_candidate_bias,2.0616713900062473,1.7320188522538769,0.05923234871241231,0.03176003517187161,False
676,246419,15.825141,without_bias,1.9227875774741459,1.8394532262636518,0.23105264684234217,0.12081210515360999,False
676,246419,15.825141,with_candidate_bias,2.0647543277156637,1.7272953356620462,0.05361149824873133,0.03739070120982976,False
677,246420,15.847402,without_bias,1.906666278058546,1.8454591266995077,0.24695743805172202,0.1093872001801977,False
677,246420,15.847402,with_candidate_bias,2.0488974261556976,1.7331161676878817,0.06716210871074176,0.02720013045996939,False
678,246421,15.869658,without_bias,1.903088443723571,1.836289684864407,0.24364399328670566,0.12709804245910844,False
678,246421,15.869658,with_candidate_bias,2.044619635601,1.7248730386815714,0.06381980157838035,0.04729763364825675,False
679,246422,15.891911,without_bias,1.9248420462308566,1.8486411620968375,0.23604446879048507,0.11246612073989878,False
679,246422,15.891911,with_candidate_bias,2.0668945399171723,1.7362193950146982,0.0607822561399116,0.034146944892658286,False
680,246423,15.914164,without_bias,1.9074319356388976,1.844663646853027,0.24585608538227813,0.13193375807053104,False
680,246423,15.914164,with_candidate_bias,2.0487256510121576,1.7338005596113557,0.06780908566604653,0.049750662212623295,False
681,246424,15.936422,without_bias,1.9179367911725336,1.8467371596986242,0.23959763825290264,0.09611284184249534,False
681,246424,15.936422,with_candidate_bias,2.0607012475089075,1.7332831281333767,0.06080714301142703,0.018123571312133338,False
682,246425,15.958681,without_bias,1.9058481788576929,1.839632082726327,0.24370944804330663,0.11931099977827042,False
682,246425,15.958681,with_candidate_bias,2.0478446583844345,1.7277296781847384,0.06368041305098229,0.035286557060056976,False
683,246426,15.980937,without_bias,1.9071552646720853,1.8393174294856949,0.24251647485287367,0.09861662672466336,False
683,246426,15.980937,with_candidate_bias,2.050002229548075,1.7259554708334879,0.06092394390264344,0.014730944791657541,False
684,246427,16.007867,without_bias,1.8969076826845657,1.832878836227991,0.24628556915229374,0.11977304534634454,False
684,246427,16.007867,with_candidate_bias,2.0387625880939826,1.7209728884440587,0.06560525867852489,0.040610717324410996,False
685,246428,16.03012,without_bias,1.8899852276210227,1.8468637065774214,0.2604791848547017,0.12293701770328351,False
685,246428,16.03012,with_candidate_bias,2.031576970021238,1.7358534359207192,0.08082608945166911,0.03997595246541336,False
686,246429,16.057758,without_bias,1.917742635100259,1.8439907941181557,0.23783519570851114,0.1119588606417967,False
686,246429,16.057758,with_candidate_bias,2.0598268608663384,1.7314854413258771,0.059675530946105844,0.03642140492627523,False
687,246430,16.080018,without_bias,1.908483939130418,1.8363423036891462,0.2395641798692763,0.11667754008727957,False
687,246430,16.080018,with_candidate_bias,2.050536161960972,1.7241192339596023,0.05919376080257752,0.03451143976118522,False
688,246431,16.102274,without_bias,1.9397041324106656,1.8504196437429994,0.2272261049877886,0.11085129737985372,False
688,246431,16.102274,with_candidate_bias,2.0818226077663016,1.737596148454691,0.05817375749045741,0.03620429545108061,False
689,246432,16.124526,without_bias,1.9039470666366405,1.833763024057458,0.24136851820485017,0.11866499550108868,False
689,246432,16.124526,with_candidate_bias,2.045867551963131,1.7216675201151777,0.0606947707984441,0.03930632902418634,False
690,246433,16.146786,without_bias,1.9329679207290484,1.8355243524719174,0.22101334378712878,0.10487403973247063,False
690,246433,16.146786,with_candidate_bias,2.0755099540077624,1.721900422720382,0.04433516501608929,0.03055010453846511,False
691,246434,16.18858,without_bias,1.9200308027235176,1.861599813830422,0.24873282936929675,0.11498051632880522,False
691,246434,16.18858,with_candidate_bias,2.061803686373182,1.7499339370544602,0.07540416204745651,0.03541681226907515,False
692,246435,16.210844,without_bias,1.9086043055969255,1.8282590810682577,0.2342758055522972,0.11674113200379017,False
692,246435,16.210844,with_candidate_bias,2.0506959263354454,1.7157319577970045,0.05311857504334654,0.03747485812512604,False
693,246436,16.233099,without_bias,1.9266984945402525,1.8319863963599745,0.22308573769721626,0.12035353311284604,False
693,246436,16.233099,with_candidate_bias,2.0685974221124392,1.719321792448823,0.04476911548848632,0.04904899539783554,False
694,246437,16.255352,without_bias,1.9122893136087584,1.831792155674031,0.23371338554266735,0.12113942999932452,False
694,246437,16.255352,with_candidate_bias,2.054174481227551,1.7196203292037178,0.05341571193502967,0.041056450165728155,False
695,246438,16.27761,without_bias,1.9050048252146365,1.804678067473305,0.2230870574523433,0.11956562710004935,False
695,246438,16.27761,with_candidate_bias,2.0472341823603326,1.6915232756287981,0.04429109436000118,0.043066163598127205,False
696,246439,16.29987,without_bias,1.8976983277026527,1.8469999293013384,0.2546937564115154,0.1105363534883635,False
696,246439,16.29987,with_candidate_bias,2.0397859868899917,1.7349865857778088,0.07446456693026832,0.030180009291080192,False
697,246440,16.322127,without_bias,1.909183967892591,1.8361003709906834,0.23887604168374962,0.13347525846564573,False
697,246440,16.322127,with_candidate_bias,2.0505213341135193,1.724991416458186,0.05985643336426174,0.05176656427257684,False
698,246441,16.34438,without_bias,1.8920898967182065,1.8274344064418968,0.2467900184040768,0.09909425071128646,False
698,246441,16.34438,with_candidate_bias,2.0348525125647003,1.7139908757845839,0.06478136311493864,0.026056626168028993,False
699,246442,16.366633,without_bias,1.9034003819393082,1.8305453021367641,0.23975676310762464,0.11611972201681733,False
699,246442,16.366633,with_candidate_bias,2.0454211034469973,1.7180997377664189,0.05864186248537123,0.04217790425609428,False
700,246443,16.394741,without_bias,1.8946711803561354,1.8154579101966373,0.23770189990470333,0.11113083530425563,False
700,246443,16.394741,with_candidate_bias,2.0371084564762554,1.7023626274497383,0.057424754964909945,0.033072079793970165,False
701,246444,16.417002,without_bias,1.9195231816988931,1.8363847492875456,0.23134073438933547,0.1044995693580178,False
701,246444,16.417002,with_candidate_bias,2.06201266975531,1.7228772954243827,0.051203057693219124,0.04098217529739603,False
702,246445,16.439257,without_bias,1.904481939192201,1.8413936832234898,0.2458960590784862,0.11600210092682761,False
702,246445,16.439257,with_candidate_bias,2.0464155530025514,1.72938663506474,0.06586838196806724,0.036799539483391305,False
703,246446,16.46151,without_bias,1.9011339247206482,1.8200441707988135,0.23512287035963342,0.09352525396185603,False
703,246446,16.46151,with_candidate_bias,2.044261833548661,1.7057397788430717,0.05248348392800002,0.022485864105890704,False
704,246447,16.489196,without_bias,1.9065221660019938,1.835667550467163,0.2406169192659706,0.10556987974633121,False
704,246447,16.489196,with_candidate_bias,2.049031248977501,1.7226998988739373,0.059175332058113254,0.02415731415455964,False
705,246448,16.511457,without_bias,1.8945622338387056,1.8156799082309332,0.23791796472664944,0.11204707450407098,False
705,246448,16.511457,with_candidate_bias,2.0369110013440483,1.7025609619902193,0.05768395603818922,0.04100089091063242,False
706,246449,16.533712,without_bias,1.9060229816822136,1.836980759863271,0.24184809744207836,0.09495042277385243,False
706,246449,16.533712,with_candidate_bias,2.0489321051216973,1.723338607049032,0.05970600347273058,0.01691709785849583,False
707,246450,16.555966,without_bias,1.9079288332697553,1.8315785831045541,0.23690921596784023,0.10830239044722219,False
707,246450,16.555966,with_candidate_bias,2.0502752931010613,1.7184622288220632,0.05529371921084108,0.040514163920963,False
708,246451,16.578221,without_bias,1.9077174026863373,1.8569029252301426,0.2540110041679224,0.12361344962778348,False
708,246451,16.578221,with_candidate_bias,2.0491440765893354,1.745905870168653,0.07754218336122234,0.04365145221669872,False
709,246452,16.600481,without_bias,1.9105023652373392,1.8460143854107003,0.24449985081525527,0.09223474774494456,False
709,246452,16.600481,with_candidate_bias,2.0533530463790175,1.7323156194671294,0.06387427690336642,0.029405629754791652,False
710,246453,16.622742,without_bias,1.896772790246229,1.8374327484678292,0.24924250215274793,0.1302490902223758,False
710,246453,16.622742,with_candidate_bias,2.0381875069849644,1.726420567005067,0.06956582115884935,0.048102096505964656,False
711,246454,16.644999,without_bias,1.8917219369928258,1.83388398578043,0.2509869943832719,0.11596165482033621,False
711,246454,16.644999,with_candidate_bias,2.0337030773416114,1.7218666340817141,0.07015809682521845,0.03719916347288002,False
712,246455,16.667254,without_bias,1.8995169304285755,1.8329112040019526,0.24426550330056612,0.11692743128220613,False
712,246455,16.667254,with_candidate_bias,2.0416222920295852,1.7207574595402306,0.06325798871798138,0.03355219478941215,False
713,246456,16.70624,without_bias,1.886491609677624,1.8066558864729558,0.23970268774015602,0.10482784345963292,False
713,246456,16.70624,with_candidate_bias,2.0292643583818877,1.6929495885023964,0.06210080518918542,0.03006484084354184,False
714,246457,16.733867,without_bias,1.909972958239705,1.8343500880692176,0.23713642793113468,0.11580841570959127,False
714,246457,16.733867,with_candidate_bias,2.052165719521339,1.721936825724778,0.05648123698369565,0.032273828684924295,False
715,246458,16.756125,without_bias,1.9113906437588957,1.8126565435655717,0.22248384365527782,0.10048721119178945,False
715,246458,16.756125,with_candidate_bias,2.0543252888261216,1.698238952257883,0.040066749266754416,0.034921941510747935,False
716,246459,16.778378,without_bias,1.8842916809997665,1.8233938607375264,0.2507542857123581,0.101158379077652,False
716,246459,16.778378,with_candidate_bias,2.026971974317404,1.7099877856506869,0.06979827583599388,0.03622102165769542,False
717,246460,16.800629,without_bias,1.9118284763732027,1.8247099780665164,0.22953446273600395,0.08551017554077193,False
717,246460,16.800629,with_candidate_bias,2.0552683541203813,1.7097849365390794,0.04575401261249347,0.019752296680974078,False
718,246461,16.822882,without_bias,1.8812983466132618,1.8281904426948345,0.2559624727034204,0.10387307346189473,False
718,246461,16.822882,with_candidate_bias,2.0238016294813197,1.7153210616239072,0.07503200419533199,0.03093319365041013,False
719,246462,16.84514,without_bias,1.8898643773970272,1.832463384386282,0.25159362275939895,0.09856626024682155,False
719,246462,16.84514,with_candidate_bias,2.0325658367776875,1.719200138555786,0.06953656568913968,0.027825246186860084,False
720,246463,16.867399,without_bias,1.8953569094976528,1.819970861798888,0.23974522900993936,0.09384417056888711,False
720,246463,16.867399,with_candidate_bias,2.0384706394983136,1.7058266949307288,0.057639336956263436,0.02008587683715976,False
721,246464,16.889657,without_bias,1.8852348307393552,1.8208199075073324,0.24851362315316666,0.10489240301834077,False
721,246464,16.889657,with_candidate_bias,2.0278225981195663,1.7073524597320078,0.06792780254058017,0.047092387035092796,False
722,246465,16.911911,without_bias,1.8714492362676722,1.8368416930079128,0.2690051170397546,0.07144485242545377,False
722,246465,16.911911,with_candidate_bias,2.015212186897346,1.722177380757063,0.08586121613513144,0.03172543859934862,False
723,246466,16.934164,without_bias,1.8599469917772846,1.7968341694641197,0.258020560705327,0.08639431723653107,False
723,246466,16.934164,with_candidate_bias,2.003560512511582,1.6818426143362089,0.08645912458990304,0.034713852651635485,False
724,246467,16.956421,without_bias,1.821472249006587,1.7832032434851528,0.2876770107593515,0.052996142781079274,False
724,246467,16.956421,with_candidate_bias,1.9668835651016434,1.6656615718454157,0.1239485662039921,0.05774143370495414,False
725,246468,16.978682,without_bias,1.8203972816171101,1.7817843038631689,0.28817645683218757,0.05737462720887906,False
725,246468,16.978682,with_candidate_bias,1.9655758323474644,1.6646161922348406,0.1253715878394369,0.053658200386223674,False
726,246469,17.000937,without_bias,1.8088219422562286,1.784545690756941,0.2999848356374127,0.06389522195816026,False
726,246469,17.000937,with_candidate_bias,1.953521779094487,1.6684817350149983,0.1369634082877565,0.043246272174410835,False
727,246470,17.02319,without_bias,1.8063694103535353,1.773013853631256,0.29849269396509176,0.03671247068423628,False
727,246470,17.02319,with_candidate_bias,1.9526236144972584,1.6543355296001894,0.1397531263861406,0.06345367505924894,False
728,246471,17.045445,without_bias,1.7782559282080193,1.759434488914514,0.3217051512278807,0.05075283863252606,False
728,246471,17.045445,with_candidate_bias,1.9243395907278904,1.6410765380012657,0.170171698863735,0.07211321097307738,False
729,246472,17.073759,without_bias,1.7697420414764375,1.7317921119480504,0.3244188386295086,0.04898477371996495,False
729,246472,17.073759,with_candidate_bias,1.9178184241600846,1.6097711095823,0.18595319870337748,0.10491324358525703,False
730,246473,17.096019,without_bias,1.7861345559934776,1.743484492641601,0.310426301829021,0.044747833218672914,False
730,246473,17.096019,with_candidate_bias,1.9344339595461997,1.6210686813457325,0.16635412005960118,0.1075399768403467,False
731,246474,17.118273,without_bias,1.7951612988451933,1.7179350160489886,0.2972691123229764,0.05518658574114888,False
731,246474,17.118273,with_candidate_bias,1.9429665749689082,1.5954690610820659,0.16960043546736883,0.10054685818677538,False
732,246475,17.140528,without_bias,1.7070258575276984,1.6597937258595234,0.3835068282534676,0.11019809229243899,True
732,246475,17.140528,with_candidate_bias,1.8604465337134997,1.5288616891903315,0.2748410138217135,0.18696980488944928,True
733,246476,17.162788,without_bias,1.7178292978579686,1.6688262744843105,0.3723383994094519,0.09507135934080987,True
733,246476,17.162788,with_candidate_bias,1.8692824475741143,1.5408644125423254,0.2609117660169156,0.16415060574119186,True
734,246477,17.185046,without_bias,1.775535016443932,1.7470159985961036,0.32152662401541643,0.03276875012846954,True
734,246477,17.185046,with_candidate_bias,1.9237634663355285,1.6251664290355081,0.17504658131336603,0.10012653401776196,True
735,246478,17.226259,without_bias,1.6088520269414603,1.6093130362747754,0.48631267598020955,0.18686999838561671,True
735,246478,17.226259,with_candidate_bias,1.7665746293342686,1.4725044383197212,0.3842634233273836,0.2637490856594722,True
736,246479,17.248514,without_bias,1.5043705763667787,1.4950349866090253,0.6141448347122217,0.29776056903970494,True
736,246479,17.248514,with_candidate_bias,1.6710957827612585,1.343580822556606,0.5372695842610974,0.37468241771201777,True
737,246480,17.270767,without_bias,1.4900856710516177,1.5037881080779263,0.6252582130067099,0.30091295366034837,True
737,246480,17.270767,with_candidate_bias,1.658437456755499,1.3509613393246596,0.5426902145337462,0.38073045847073755,True
738,246481,17.293032,without_bias,1.964861061234007,1.8795453709288026,0.23553791426136123,0.17743199655539346,True
738,246481,17.293032,with_candidate_bias,2.104210431534497,1.7716750592360881,0.09276989193880156,0.09429219848815694,True
739,246482,17.315286,without_bias,1.9612361525566353,1.8788528875832233,0.23690208802077733,0.13563862743503735,True
739,246482,17.315286,with_candidate_bias,2.102069702632003,1.7682597994775289,0.08908125462429567,0.057409447421445756,True
740,246483,17.337542,without_bias,1.9623821232302776,1.879505867622359,0.23683098126504118,0.17620651956759523,True
740,246483,17.337542,with_candidate_bias,2.1016595814343932,1.7715780627792481,0.09231731918564995,0.09492392951434118,True
741,246484,17.359804,without_bias,1.9547341855054665,1.9023519255263188,0.2602637496005373,0.13729471727963224,True
741,246484,17.359804,with_candidate_bias,2.0951796774559996,1.792832898365171,0.11295172425436095,0.058255185962145906,True
742,246485,17.382057,without_bias,1.9562372104742514,1.8855404778830676,0.24523330098114632,0.16857050503589457,True
742,246485,17.382057,with_candidate_bias,2.095776151481306,1.7774865984156467,0.09765756906962501,0.0856240387288382,True
743,246486,17.409751,without_bias,1.9555737721800415,1.8500182894245503,0.21674092706444142,0.15299442071168953,True
743,246486,17.409751,with_candidate_bias,2.096119825020937,1.739731830540434,0.06004451546975802,0.07177132180433225,True
744,246487,17.432014,without_bias,1.7755808555899772,1.7211098045944946,0.3170952765421273,0.06492905954914605,True
744,246487,17.432014,with_candidate_bias,1.9251394016115275,1.596263172273017,0.18490774245223912,0.13243891278493689,True
745,246488,17.454269,without_bias,1.4443735072736554,1.443349943992184,0.6876313090011412,0.3688212926901253,True
745,246488,17.454269,with_candidate_bias,1.6176003938275507,1.281958566136731,0.6177364899241522,0.4459655836522843,True
746,246489,17.476524,without_bias,1.4974153966222035,1.4832612573432518,0.624389818160561,0.3245707584010789,True
746,246489,17.476524,with_candidate_bias,1.6673594419934321,1.3267276157434071,0.5508415550323348,0.40308100892363075,True
747,246490,17.498782,without_bias,1.4821156631240233,1.4527751175540746,0.6489641856232979,0.32853288794054775,True
747,246490,17.498782,with_candidate_bias,1.6522247875922749,1.2952130749535196,0.5828448458083458,0.40532579036119776,True
748,246491,17.52104,without_bias,1.4457400605494006,1.4616662222330954,0.6802503275227861,0.3734208176892523,True
748,246491,17.52104,with_candidate_bias,1.6198579328770835,1.299779281356565,0.6046497814142819,0.45219473183227393,True
749,246492,17.543301,without_bias,1.4548656907394084,1.472033419194598,0.6683155613419595,0.33127552060444365,True
749,246492,17.543301,with_candidate_bias,1.6250658291387092,1.3162159961277051,0.5903410748947032,0.4093883369544476,True
750,246493,17.565556,without_bias,1.4617620557839621,1.4960488788090534,0.6546151002995575,0.34937891066085947,True
750,246493,17.565556,with_candidate_bias,1.6330000285005482,1.3393632948627683,0.5699845075414322,0.42854993498383603,True
751,246494,17.587812,without_bias,1.5498402348474754,1.51107643948996,0.5659573669323684,0.2696926528165285,True
751,246494,17.587812,with_candidate_bias,1.71414371700062,1.3624327308790902,0.4920537733693567,0.3457181371347225,True
752,246495,17.610065,without_bias,1.6863209930523568,1.6364842290443657,0.40601768800398147,0.14730006454642217,True
752,246495,17.610065,with_candidate_bias,1.841069216780723,1.5030386804863336,0.3054207645825354,0.22091700463194305,True
753,246496,17.632324,without_bias,1.9252780025196343,1.8112476797091446,0.21061645207095234,0.10704855630218221,True
753,246496,17.632324,with_candidate_bias,2.067993864365181,1.696942150717577,0.027772404946549634,0.0391536188643135,True
754,246497,17.654585,without_bias,1.944402149430055,1.879921371694519,0.24732021541072216,0.15028277714789384,True
754,246497,17.654585,with_candidate_bias,2.084704217110806,1.7707420648174212,0.09089646661855766,0.06684776298673978,True
755,246498,17.676841,without_bias,1.888107415351482,1.826286542589423,0.24931981124416489,0.0844070242224953,True
755,246498,17.676841,with_candidate_bias,2.0314892926840167,1.7117977713605814,0.06659280091809071,0.026601581578323645,True
756,246499,17.699095,without_bias,1.9527317531564954,1.856383519621385,0.2235032831649611,0.16194134312910177,True
756,246499,17.699095,with_candidate_bias,2.092766474940828,1.746904026458086,0.06696119876392974,0.08294762067237367,True
757,246500,17.738242,without_bias,1.909514350434343,1.8374486169992141,0.23951020164932918,0.12385709089123331,True
757,246500,17.738242,with_candidate_bias,2.051179815101267,1.7257126120164528,0.05997207394228225,0.04488353069114078,True
758,246501,17.765867,without_bias,1.9168337080078897,1.848105123448192,0.2413418679214791,0.102830977853046,True
758,246501,17.765867,with_candidate_bias,2.0592438181814163,1.7351491632178309,0.06314564849365888,0.029250041215112807,True
759,246502,17.788128,without_bias,1.909399513674484,1.8457522265473807,0.24513330305453623,0.12447732964290582,True
759,246502,17.788128,with_candidate_bias,2.0509470469687465,1.7343740967255141,0.0669453175000078,0.044371939910752944,True
760,246503,17.810381,without_bias,1.9559678465066985,1.8492111347084181,0.21586344359192072,0.13497599671360716,True
760,246503,17.810381,with_candidate_bias,2.097158132086224,1.7375673445851294,0.058010671583311864,0.060341313300578674,True
761,246504,17.832632,without_bias,1.9145263951503497,1.8260533541359254,0.22830367551418268,0.12245533405397077,True
761,246504,17.832632,with_candidate_bias,2.0563703193478813,1.7135827239859696,0.04752635869789835,0.050292357639111544,True
762,246505,17.854885,without_bias,1.6248201029565623,1.589781892830763,0.473847700716742,0.21073819649547956,True
762,246505,17.854885,with_candidate_bias,1.7840338678659509,1.449484970092589,0.3830828278927221,0.2868066269937804,True
763,246506,17.877144,without_bias,1.6127065733180637,1.589727196944855,0.48575528213825714,0.18696236506838468,True
763,246506,17.877144,with_candidate_bias,1.770802402873391,1.451662730072848,0.39246020798188685,0.2633133784291682,True
764,246507,17.899403,without_bias,1.439762844400122,1.4802204449043306,0.6802354218627866,0.36400672612264107,True
764,246507,17.899403,with_candidate_bias,1.612355137577506,1.3216686804659845,0.5971146867709684,0.4429471135488176,True
765,246508,17.92166,without_bias,1.414849254956515,1.4495610662753007,0.7133937417085666,0.35801908511849223,True
765,246508,17.92166,with_candidate_bias,1.588179899693878,1.289693242565837,0.6357379790212447,0.4368883899648148,True
766,246509,17.943914,without_bias,1.4719683784022406,1.4604424175498643,0.655872409319148,0.34821602271128915,True
766,246509,17.943914,with_candidate_bias,1.6437863832640678,1.3009549666569855,0.5854756434409276,0.42604096430375626,True
767,246510,17.966167,without_bias,1.456241890988648,1.4735524264486535,0.66653577650632,0.34044243289295295,True
767,246510,17.966167,with_candidate_bias,1.6267146310540288,1.3172485402426934,0.5884062836471593,0.41817010209137684,True
768,246511,17.988427,without_bias,1.4083802439209305,1.419294326380292,0.7297759520118456,0.39947530698871037,True
768,246511,17.988427,with_candidate_bias,1.5849633692136091,1.2531841387037528,0.661236552143124,0.4769158294002196,True
769,246512,18.010688,without_bias,1.42548212500407,1.4743821806605057,0.695602396358031,0.3601882604359865,True
769,246512,18.010688,with_candidate_bias,1.5987284582188583,1.3153327124484482,0.6118251044001267,0.4400540884836651,True
770,246513,18.032944,without_bias,1.7843946151013934,1.7270809831727627,0.3092107214433862,0.03997813789112328,True
770,246513,18.032944,with_candidate_bias,1.9321466508401925,1.605300426039744,0.17463592468564929,0.09049275295864201,True
771,246514,18.055198,without_bias,1.531589824157659,1.5072884630215082,0.5845093664687905,0.272564619414858,True
771,246514,18.055198,with_candidate_bias,1.6973132437021101,1.3570994698475558,0.508397129166253,0.35082944092576135,True
772,246515,18.077451,without_bias,1.9671902257095037,1.883319694877642,0.23753134316637056,0.17984761024979748,True
772,246515,18.077451,with_candidate_bias,2.1063730715981928,1.775681850535999,0.09707262227607134,0.09712594674014842,True
773,246516,18.105783,without_bias,1.391456217732032,1.4315985908880073,0.7413950875168122,0.3893818859213022,True
773,246516,18.105783,with_candidate_bias,1.5683369025376745,1.2665942869145912,0.6656099990727624,0.46876371627175484,True
774,246517,18.128046,without_bias,1.5228126079170332,1.5213666656520748,0.5889533703988946,0.28242641677224467,True
774,246517,18.128046,with_candidate_bias,1.6882275547573269,1.3723300408842132,0.5060453551793421,0.36012373659505825,True
775,246518,18.150301,without_bias,1.4551625491654847,1.4544996186166244,0.6736980117130473,0.35389614518668666,True
775,246518,18.150301,with_candidate_bias,1.6268057259611641,1.2955902129829096,0.6019300788770144,0.43087676680505066,True
776,246519,18.172554,without_bias,1.4419071795542489,1.443216220053351,0.689993378489353,0.3599350871334343,True
776,246519,18.172554,with_candidate_bias,1.614946244587248,1.2822982750419918,0.6195504277831901,0.4376166732252404,True
777,246520,18.194808,without_bias,1.444205243686941,1.4605538112855494,0.6820612120790489,0.33808347487958945,True
777,246520,18.194808,with_candidate_bias,1.6152677151341797,1.3033683874473472,0.6059885426870163,0.4161807230649208,True
778,246521,18.217068,without_bias,1.4309605556258422,1.4822017710460482,0.6880822106538711,0.3604422835404275,True
778,246521,18.217068,with_candidate_bias,1.6045481456327992,1.3228382117345585,0.6026840348852139,0.44103157435021473,True
779,246522,18.257978,without_bias,1.4201374560939,1.4556316635285218,0.7064396493256377,0.3573664515107767,True
779,246522,18.257978,with_candidate_bias,1.593353639897077,1.2959968189024569,0.6277866278414305,0.43643688932850533,True
780,246523,18.280232,without_bias,1.4205879475951597,1.4610108184200934,0.7043214873577958,0.3636143300590315,True
780,246523,18.280232,with_candidate_bias,1.5947411118519346,1.3002619059254392,0.6240852396756694,0.4435041232216695,True
781,246524,18.302484,without_bias,1.4485943501498033,1.4715656928729905,0.6744227665546807,0.3326101171065603,True
781,246524,18.302484,with_candidate_bias,1.6193518731993217,1.3151975133904084,0.5954750318002665,0.4113884505898514,True
782,246525,18.32475,without_bias,1.4409548196523663,1.4603321582532238,0.6852106295367716,0.351339029524251,True
782,246525,18.32475,with_candidate_bias,1.61341116482294,1.301176353291116,0.6088056119331063,0.4300363967579879,True
783,246526,18.347004,without_bias,1.7164625652956615,1.649499393491711,0.37478060531845997,0.10857107489094232,True
783,246526,18.347004,with_candidate_bias,1.8687242015186787,1.519725695799605,0.2732230436483478,0.17759981960877186,True
784,246527,18.369259,without_bias,1.4303202692488277,1.4951102820965962,0.6850996678953648,0.34607504608450457,True
784,246527,18.369259,with_candidate_bias,1.6030126004242757,1.3378031369126624,0.5951935991358946,0.4276099800761262,True
785,246528,18.391512,without_bias,1.7174831858335984,1.6874133488388927,0.3725905723145614,0.06978743643475044,True
785,246528,18.391512,with_candidate_bias,1.8679893165140915,1.5616224730042605,0.2515988523016494,0.14072109734778732,True
787,246529,18.414006,without_bias,1.9372476829219183,1.8815923979387748,0.2529283797430176,0.16039901743754995,True
787,246529,18.414006,with_candidate_bias,2.0771830581304664,1.7732610463278566,0.09413764794732038,0.07602783577488821,True
788,246530,18.441746,without_bias,1.733373336218916,1.6983075650333765,0.3570962674925033,0.09473408176799127,True
788,246530,18.441746,with_candidate_bias,1.8846596410128351,1.570976633971054,0.23248818759080903,0.16639049072608306,True
789,246531,18.464009,without_bias,1.657264536157463,1.6484062518649314,0.4338872510091046,0.11809684041959871,True
789,246531,18.464009,with_candidate_bias,1.8108904288988763,1.5180201216110585,0.3227067301485195,0.19386587659413818,True
790,246532,18.486264,without_bias,1.7123739079370797,1.6811381231346323,0.3776278071474381,0.09925263823237537,True
790,246532,18.486264,with_candidate_bias,1.8644503096781517,1.5526878771460206,0.2590000761194257,0.1732899884096208,True
791,246533,18.508518,without_bias,1.6895122358579757,1.6645189964772793,0.4007868644274012,0.1040404889516004,True
791,246533,18.508518,with_candidate_bias,1.8419418160021541,1.5356191788076725,0.28701687089172984,0.17753311525236348,True
792,246534,18.530771,without_bias,1.9603121586695136,1.8571977646197773,0.21958593756251193,0.13149330124982628,True
792,246534,18.530771,with_candidate_bias,2.101584283995372,1.7455930571542557,0.06660814351509056,0.05356695150698972,True
793,246535,18.55303,without_bias,1.7166146110126352,1.6674398639147603,0.3735965815257486,0.09640647736114824,True
793,246535,18.55303,with_candidate_bias,1.8682784226187836,1.5391497738729896,0.26267707185143624,0.1665080554381977,True
794,246536,18.575291,without_bias,1.5587315083476978,1.5822733132737634,0.5401821132923601,0.22942388237855316,True
794,246536,18.575291,with_candidate_bias,1.7203038607381624,1.4403004606784,0.4406031145329038,0.30923639858412144,True
795,246537,18.597546,without_bias,1.5042809900064515,1.5254072889349861,0.6057769102419249,0.2666631410276929,True
795,246537,18.597546,with_candidate_bias,1.6691142844367255,1.378191035093817,0.5179125764672559,0.345512319115059,True
796,246538,18.619809,without_bias,1.4612950504315099,1.5004689931347452,0.6538358326353563,0.34456356713752084,True
796,246538,18.619809,with_candidate_bias,1.6325329654813094,1.3440750501646495,0.5675576266716953,0.42441311922419206,True
797,246539,18.642062,without_bias,1.6226774443853438,1.5897524997081092,0.4759569122254116,0.18493493012145668,True
797,246539,18.642062,with_candidate_bias,1.7804053792736658,1.451938415696571,0.38452687216587694,0.26028972992884875,True
798,246540,18.664322,without_bias,1.4603168856217936,1.4781777965428413,0.661235983852467,0.34456171638145644,True
798,246540,18.664322,with_candidate_bias,1.6320433124899199,1.320150236120943,0.5824226817346815,0.4237372543949084,True
799,246541,18.686581,without_bias,1.4370726210749079,1.4597343438809987,0.6890799093106146,0.3358601013939917,True
799,246541,18.686581,with_candidate_bias,1.608482172975984,1.3023550988658654,0.6119436976508055,0.4146355310711473,True
800,246542,18.708838,without_bias,1.4189065216613548,1.4926127912166594,0.6967642518702238,0.3587650226700162,True
800,246542,18.708838,with_candidate_bias,1.5926580083819812,1.334079471389066,0.6058135593902181,0.44042179105951557,True
801,246543,18.731091,without_bias,1.410138672911692,1.4742881058744646,0.7103019128898574,0.3562927795284323,True
801,246543,18.731091,with_candidate_bias,1.5827053328127434,1.31682703767346,0.6238930035844797,0.4359048096334136,True
802,246544,18.771864,without_bias,1.415180348613699,1.4470232633506244,0.7139045606500362,0.34176878026302804,True
802,246544,18.771864,with_candidate_bias,1.587769527414086,1.2882584202473886,0.6369434142064285,0.4210071147072165,True
803,246545,18.799877,without_bias,1.423554050474564,1.4467861424714399,0.7060728765376922,0.37315376515145326,True
803,246545,18.799877,with_candidate_bias,1.5988646318017594,1.2834976352016583,0.6312115930382604,0.452660569731619,True
804,246546,18.822139,without_bias,1.6107890116413304,1.590565685123576,0.4874850439153064,0.16857950337678526,True
804,246546,18.822139,with_candidate_bias,1.768524590056058,1.4533480070441096,0.3933415374830154,0.24672672720471014,True
805,246547,18.844392,without_bias,1.673596102376565,1.6460725037394732,0.41778377297173236,0.14154011514689224,True
805,246547,18.844392,with_candidate_bias,1.8285602461699535,1.5130254133728998,0.3102116333440869,0.218284384500401,True
806,246548,18.866643,without_bias,1.6159254327016739,1.6237975035368473,0.4773944029497892,0.1512703890558618,True
806,246548,18.866643,with_candidate_bias,1.771792894861155,1.4902660637804948,0.3704790524634168,0.22870003434441938,True
807,246549,18.888896,without_bias,1.913461361636924,1.8307773128576637,0.23216306533914188,0.10598389987655533,True
807,246549,18.888896,with_candidate_bias,2.055934848171812,1.717364624941439,0.05056233544934305,0.03847011556394634,True
808,246550,18.911156,without_bias,1.8988748232362584,1.8186558861554778,0.2361234591448555,0.1066556504576601,True
808,246550,18.911156,with_candidate_bias,2.041442312051063,1.7052419897649709,0.054726658094946805,0.03320596709697282,True
809,246551,18.933414,without_bias,1.925741107447192,1.8310115236917481,0.2231265651382155,0.09524662901126493,True
809,246551,18.933414,with_candidate_bias,2.068707983647328,1.7166540902010958,0.04238953041533398,0.028849119523186247,True
810,246552,18.955671,without_bias,1.8988011804539742,1.8145981877502837,0.23382399522173583,0.10999430446777676,True
810,246552,18.955671,with_candidate_bias,2.0413354929258047,1.701312674704028,0.0531268703370912,0.030459997349834442,True
811,246553,18.977924,without_bias,1.9190962216910534,1.8547939641512072,0.24446069488563402,0.0975073108074063,True
811,246553,18.977924,with_candidate_bias,2.0616926629895285,1.7417119474630403,0.06789454903234465,0.019770713951706,True
812,246554,19.000177,without_bias,1.8920739305287042,1.8072571228052792,0.23530640509989115,0.10587096873587647,True
812,246554,19.000177,with_candidate_bias,2.034790423075772,1.693471794289769,0.056829452096057595,0.035319146855707466,True
813,246555,19.022437,without_bias,1.6816702216892498,1.6673126373943723,0.4085268375825423,0.11528658636415756,True
813,246555,19.022437,with_candidate_bias,1.835229245912207,1.536982270338417,0.29216811622080907,0.19292717167155213,True
814,246556,19.044697,without_bias,1.874327530920377,1.7960914114385478,0.24493229621406615,0.09538337251314372,True
814,246556,19.044697,with_candidate_bias,2.0175984735815846,1.6813718156164237,0.07241452137383733,0.03835175292523039,True
815,246557,19.066953,without_bias,1.850928493751511,1.8121111006310766,0.2731456168600839,0.06633606761367318,True
815,246557,19.066953,with_candidate_bias,1.9952061769450493,1.6966637961804085,0.09624734278158267,0.027211830260099358,True
816,246558,19.089209,without_bias,1.7953909570703734,1.7529873478640985,0.30351547097989157,0.04747767708932649,True
816,246558,19.089209,with_candidate_bias,1.9414162110736972,1.6344258531111358,0.15541603905756904,0.05896710441720066,True
817,246559,19.111464,without_bias,1.8166367438244513,1.7995169477691315,0.29834840477359337,0.05675452406501125,True
817,246559,19.111464,with_candidate_bias,1.9615789927546674,1.6831282991617615,0.12845910383289777,0.053915756269015125,True
818,246560,19.13976,without_bias,1.8058885056099794,1.7372696255364075,0.2898260706934609,0.052080773799929515,True
818,246560,19.13976,with_candidate_bias,1.954054161532713,1.6144254924048862,0.15093471119300325,0.10843285130404781,True
819,246561,19.162022,without_bias,1.5889114625160607,1.5892975632845439,0.5092314350311794,0.19519617426278882,True
819,246561,19.162022,with_candidate_bias,1.7481004429883593,1.450323108474207,0.4118819995893325,0.27382223417101875,True
820,246562,19.184277,without_bias,1.673264595670661,1.666861751894392,0.41694245500407123,0.11396707384746493,True
820,246562,19.184277,with_candidate_bias,1.8268638581875392,1.5367031393364916,0.29962413020977524,0.19219568405070991,True
821,246563,19.20653,without_bias,1.4558865264367509,1.457711238013743,0.6719465686048498,0.34390850490162,True
821,246563,19.20653,with_candidate_bias,1.6271305529793134,1.299604525993446,0.5991233943270009,0.4214210334659218,True
822,246564,19.228789,without_bias,1.461374941086803,1.4636422031886094,0.6648158849897459,0.35132020660752433,True
822,246564,19.228789,with_candidate_bias,1.6333658869492962,1.3044471911961841,0.5912314482518992,0.4293983477635456,True
823,246565,19.251048,without_bias,1.655779218284525,1.5997499541527496,0.4415741807806292,0.16981013795754543,True
823,246565,19.251048,with_candidate_bias,1.8121608838942593,1.4634202506764746,0.35228023256416224,0.24324101120331887,True
824,246566,19.290104,without_bias,1.489136759257693,1.467739703031993,0.637252750283821,0.33129326908774204,True
824,246566,19.290104,with_candidate_bias,1.659467006354665,1.310214170551309,0.5675387372490711,0.40891700143253384,True
825,246567,19.312358,without_bias,1.480955735939379,1.4643867750756068,0.6460835691668998,0.3401627052502804,True
825,246567,19.312358,with_candidate_bias,1.6512397628043192,1.3069848665860953,0.5758913400111196,0.41683661784595344,True
826,246568,19.334612,without_bias,1.4921444266744086,1.4772445049035665,0.6313010988017297,0.3383878629575794,True
826,246568,19.334612,with_candidate_bias,1.6626720561506791,1.3196481358305006,0.5589835754339492,0.4161527826831876,True
827,246569,19.356877,without_bias,1.5149347619393856,1.4975792139009187,0.6033053714552172,0.3135816075283613,True
827,246569,19.356877,with_candidate_bias,1.6822048248044026,1.3448804578279634,0.5278276351787611,0.38986494023168194,True
828,246570,19.379133,without_bias,1.8452787399589443,1.784791440644884,0.26621371329913146,0.052824777163672156,False
828,246570,19.379133,with_candidate_bias,1.991098163469335,1.6660252496690304,0.09988426760982576,0.07235849782397086,False
829,246571,19.401389,without_bias,1.8773887426748581,1.8190466627794086,0.25404236097837746,0.10339055634242662,False
829,246571,19.401389,with_candidate_bias,2.020017731808723,1.7056774407617588,0.0745442742621418,0.04238064162312102,False
830,246572,19.423643,without_bias,1.894153691456706,1.8433804313129827,0.25504694059339605,0.09748912091860613,False
830,246572,19.423643,with_candidate_bias,2.036778306363602,1.7301351611602664,0.07311691362531986,0.04041161682611999,False
831,246573,19.445896,without_bias,1.9003108542942964,1.8309980082033208,0.24245075887678672,0.1169795611013387,False
831,246573,19.445896,with_candidate_bias,2.042270673590979,1.7185990025219102,0.061383805642411186,0.04736036817325492,False
832,246574,19.473761,without_bias,1.8795325600253532,1.8196238657479344,0.25256952938919364,0.102102858790606,False
832,246574,19.473761,with_candidate_bias,2.022220940661424,1.706352432409056,0.072721740756778,0.02938949287260665,False
833,246575,19.496023,without_bias,1.90815277912113,1.8228194901249486,0.23122676856479835,0.11107787975943013,False
833,246575,19.496023,with_candidate_bias,2.0505159441506287,1.7096798836077058,0.049395203788254925,0.03573483157617182,False
834,246576,19.518278,without_bias,1.9141468274969649,1.8294758315418016,0.230797232423821,0.1044423482588581,False
834,246576,19.518278,with_candidate_bias,2.056704955026086,1.7158879607396549,0.04895411878346863,0.03783419164631001,False
835,246577,19.540531,without_bias,1.90436887136751,1.8310364806180852,0.2393134647170302,0.11339199269666836,False
835,246577,19.540531,with_candidate_bias,2.0464981529467408,1.7182627402329174,0.05793485986154507,0.046707587822685255,False
836,246578,19.56279,without_bias,1.9022312692822205,1.8222971455845705,0.23559620938564013,0.08398960145651331,False
836,246578,19.56279,with_candidate_bias,2.0457397081624995,1.7071817370621802,0.05194054546554364,0.03486762508610024,False
837,246579,19.585047,without_bias,1.8789605050804543,1.8297602586298256,0.25877751734022253,0.08835121176315913,False
837,246579,19.585047,with_candidate_bias,2.022102736925615,1.7159215585554,0.07681403974561717,0.02376942664441611,False
838,246580,19.607308,without_bias,1.8882517758088184,1.829536166327841,0.2511242939349417,0.08025364540471257,False
838,246580,19.607308,with_candidate_bias,2.031773598107818,1.71483049601916,0.06784893020711957,0.029873729423296837,False
839,246581,19.629564,without_bias,1.871767720671365,1.8023342888753957,0.25018194574273356,0.08835374924468835,False
839,246581,19.629564,with_candidate_bias,2.0152656797171264,1.6876234888558328,0.07512214194548844,0.020540668764717884,False
840,246582,19.651818,without_bias,1.8993006206707423,1.813701532643453,0.23289987786122252,0.07999074966019355,False
840,246582,19.651818,with_candidate_bias,2.0431580753854304,1.6978037329268814,0.05011126427988753,0.0443627843459391,False
841,246583,19.67407,without_bias,1.8834329010244117,1.8214143645968237,0.25033575232777644,0.09819608857303286,False
841,246583,19.67407,with_candidate_bias,2.026264293422624,1.7077729822378307,0.06952394433071413,0.03319167004816802,False
842,246584,19.696328,without_bias,1.8868272868474247,1.814722860291533,0.24378146044133572,0.08987036174265038,False
842,246584,19.696328,with_candidate_bias,2.0301599401180632,1.6999484622658858,0.06307752304464115,0.04130002583420922,False
843,246585,19.723988,without_bias,1.8807610813009235,1.8252665483664934,0.2547219958556259,0.08363089728766783,False
843,246585,19.723988,with_candidate_bias,2.02418243769231,1.710708639473473,0.07262900279116029,0.03507223184907512,False
844,246586,19.746245,without_bias,1.88664895179945,1.8057746628744014,0.23910440110008782,0.0955410735602912,False
844,246586,19.746245,with_candidate_bias,2.029812414834563,1.6912541127931877,0.06123071502774178,0.03397566265082068,False
845,246587,19.794974,without_bias,1.9059592410925112,1.8317306010806782,0.23852290507108173,0.09945218010495549,False
845,246587,19.794974,with_candidate_bias,2.0486753285611514,1.7180415998034444,0.056168423381239764,0.03585057266965919,False
846,246588,19.822861,without_bias,1.9274517755842526,1.8200083072367446,0.2145326347109241,0.11929187270499675,False
846,246588,19.822861,with_candidate_bias,2.0695555994472996,1.7068820073104756,0.03377300447102264,0.04548602060276041,False
847,246589,19.845124,without_bias,1.9497490908982005,1.845344088950085,0.2168155558409378,0.1036419353648689,False
847,246589,19.845124,with_candidate_bias,2.0922513514905408,1.7315302583443022,0.051579415550823106,0.037065112684149124,False
848,246590,19.867378,without_bias,1.9260706161597227,1.8328175841668732,0.22411170633604197,0.12958063317878024,False
848,246590,19.867378,with_candidate_bias,2.06757649327447,1.720736858563332,0.046500594614249886,0.05961401202597091,False
849,246591,19.889628,without_bias,1.944545873034822,1.848169784549097,0.22234653018765957,0.1116241913383228,False
849,246591,19.889628,with_candidate_bias,2.0866937299512776,1.7352405648534313,0.055339420189962504,0.03473410780316541,False
850,246592,19.911882,without_bias,1.918327074270485,1.8236715176723597,0.22385955065355312,0.11455777042184243,False
850,246592,19.911882,with_candidate_bias,2.0605675261114373,1.7105875885412596,0.04244845217402294,0.038689511341539695,False
851,246593,19.934141,without_bias,1.92935362327768,1.823496785929692,0.215403309923876,0.09792730697669927,False
851,246593,19.934141,with_candidate_bias,2.072314083226758,1.7088933084660918,0.033876465669056666,0.035156340551935165,False
852,246594,19.9564,without_bias,1.914255762468522,1.8339152903925098,0.2336149687886698,0.11773216014151336,False
852,246594,19.9564,with_candidate_bias,2.0562047547076445,1.7214761559198999,0.0535013094630619,0.043336463424828976,False
853,246595,19.978657,without_bias,1.9315906851292923,1.8541751593464388,0.23543682203759958,0.11207178337901423,False
853,246595,19.978657,with_candidate_bias,2.073569145684291,1.7416181884912143,0.06377126411231689,0.043913460393692046,False
854,246596,20.000911,without_bias,1.899286834680336,1.8348665316531443,0.24567285982077833,0.11597435783338193,False
854,246596,20.000911,with_candidate_bias,2.041267518170729,1.7227103516265148,0.06479991451615318,0.03850113284565598,False
855,246597,20.023163,without_bias,1.9137797634304636,1.8285046268141099,0.23044998581432233,0.0814328122098926,False
855,246597,20.023163,with_candidate_bias,2.0573804043718753,1.7130796155221255,0.046457496510617244,0.039823982451039595,False
856,246598,20.045422,without_bias,1.8992919752714115,1.8265877558088854,0.24053590345095122,0.10874044107995245,False
856,246598,20.045422,with_candidate_bias,2.041655070212298,1.7135184120450662,0.058827852095760254,0.039950751030412825,False
857,246599,20.067682,without_bias,1.8521811193365945,1.7910756343109293,0.2624797450043915,0.04641660067288549,False
857,246599,20.067682,with_candidate_bias,1.997961298010411,1.672485221639132,0.09234497581212169,0.06459744834210351,False
858,246600,20.089938,without_bias,1.7953742747027277,1.7578308538490566,0.3047326037985054,0.044866073892461375,False
858,246600,20.089938,with_candidate_bias,1.9418543117457996,1.6385138821750036,0.15384486640931563,0.07500653426851407,False
859,246601,20.112193,without_bias,1.8029708540099458,1.772149526615852,0.3014585641565112,0.03284417449053141,False
859,246601,20.112193,with_candidate_bias,1.9499393189569763,1.6522676036802133,0.14277983113827145,0.082084467157609,False
860,246602,20.134446,without_bias,1.8755316902315695,1.8372946753646069,0.2659666723350587,0.11557717051470848,False
860,246602,20.134446,with_candidate_bias,2.017435412406446,1.725734433183904,0.08577445861837604,0.03586578118064501,False
861,246603,20.162751,without_bias,1.9103342488194142,1.834731727676735,0.2371111336422468,0.12076499943542231,False
861,246603,20.162751,with_candidate_bias,2.052131976488676,1.7226108283865178,0.05700587601677098,0.045866269276733256,False
862,246604,20.185014,without_bias,1.9018576366149396,1.8415653738143587,0.2479937880590753,0.11465247557228915,False
862,246604,20.185014,with_candidate_bias,2.0439092822926255,1.7295404021789968,0.06766539519457221,0.032120192807558144,False
863,246605,20.207269,without_bias,1.9081035695410453,1.81852090485226,0.22863585128933334,0.09593443764994425,False
863,246605,20.207269,with_candidate_bias,2.051159735796365,1.7039709330591146,0.0456417764239378,0.03813840520092546,False
864,246606,20.229523,without_bias,1.903082413672068,1.8354633921736527,0.24311941589432712,0.0937278342371365,False
864,246606,20.229523,with_candidate_bias,2.0459857463519837,1.7216503606166964,0.06059708791429472,0.028720501594050592,False
865,246607,20.251782,without_bias,1.8811985618219293,1.8120798695852285,0.2470690845388827,0.08096736919462871,False
865,246607,20.251782,with_candidate_bias,2.0249479465322002,1.6966911174133952,0.06715923660141773,0.04050742474138958,False
866,246608,20.27404,without_bias,1.8893801386791855,1.8260490623542764,0.24815047324344583,0.08759596114860439,False
866,246608,20.27404,with_candidate_bias,2.0326362093704486,1.711647457861976,0.06551462481397982,0.03353711820012695,False
867,246609,20.313084,without_bias,1.8952028146763569,1.8107369473050847,0.23460198805778743,0.11220662889691381,False
867,246609,20.313084,with_candidate_bias,2.0376121701542558,1.697336167100402,0.05518176696771946,0.04573394459816458,False
868,246610,20.335338,without_bias,1.8983649706110175,1.8214740608004134,0.23819927449149633,0.08342328976731106,False
868,246610,20.335338,with_candidate_bias,2.0419485973965004,1.7061843641200611,0.05472255674340835,0.04289550546891077,False
869,246611,20.357591,without_bias,1.8998072933057115,1.7957342179442741,0.2226379906549472,0.09428113166379463,False
869,246611,20.357591,with_candidate_bias,2.0432097665066156,1.6803656470120716,0.046791662164352085,0.038534268183176235,False
870,246612,20.379857,without_bias,1.9194250282764336,1.8272943007792846,0.2253695454593495,0.09431212976097003,False
870,246612,20.379857,with_candidate_bias,2.0624719338525455,1.7127161186195212,0.04275674032647031,0.03749350602093071,False
871,246613,20.402111,without_bias,1.923333250977385,1.8121161022652559,0.21267926487443678,0.11769248470181813,False
871,246613,20.402111,with_candidate_bias,2.065598950154004,1.6987060308595836,0.030746167632836333,0.042555759482152386,False
872,246614,20.424368,without_bias,1.905364988313243,1.8304253930422005,0.23815517297020725,0.0971348083053995,False
872,246614,20.424368,with_candidate_bias,2.0481979285442162,1.716625846131597,0.055577565463502177,0.029102157158186554,False
873,246615,20.446623,without_bias,1.906760594911201,1.8345073576709678,0.23968563401205617,0.11610878643237016,False
873,246615,20.446623,with_candidate_bias,2.0487398897157463,1.7221228882267605,0.05896383987863183,0.04280592196241318,False
874,246616,20.468876,without_bias,1.9133085954407258,1.8356253260715762,0.23545507970739024,0.10372939490759815,False
874,246616,20.468876,with_candidate_bias,2.055814468390587,1.7222552011344423,0.054352116741948,0.03618071070252925,False
875,246617,20.496755,without_bias,1.9246942786682153,1.812576838662241,0.21190233517990192,0.11121687012446321,False
875,246617,20.496755,with_candidate_bias,2.0672335606957377,1.698466369788484,0.02931411898317417,0.04871281402208896,False
876,246618,20.519018,without_bias,1.908146533421406,1.8462556995110349,0.2463973232942178,0.1066357544901139,False
876,246618,20.519018,with_candidate_bias,2.0503792072328975,1.7336423902412479,0.06668817923956244,0.034741922368816285,False
877,246619,20.541273,without_bias,1.9067225597970079,1.818741531941961,0.22986916446744987,0.10263218064211145,False
877,246619,20.541273,with_candidate_bias,2.049478208066148,1.7047253721718891,0.047469565519065095,0.039976386586028215,False
878,246620,20.563526,without_bias,1.899981357591142,1.8199731177281537,0.236007538331819,0.10016692047442516,False
878,246620,20.563526,with_candidate_bias,2.042805958099701,1.706116377573556,0.053938323745289986,0.030206265879617986,False
879,246621,20.585785,without_bias,1.93135470825797,1.8286521308684118,0.2174069561988144,0.10816895887154697,False
879,246621,20.585785,with_candidate_bias,2.073847516850323,1.7147473121799632,0.03831812124351106,0.047870045018331704,False
880,246622,20.608043,without_bias,1.9110488128113325,1.8204601823913276,0.22749195641525105,0.10999015233675828,False
880,246622,20.608043,with_candidate_bias,2.0535131573859804,1.7071156904109117,0.04545932633025526,0.03308303401364044,False
881,246623,20.630303,without_bias,1.9129006008667644,1.8232149856188946,0.22776024516840787,0.09418843988064103,False
881,246623,20.630303,with_candidate_bias,2.055984122570817,1.7086257364435413,0.04445798808102183,0.036971762433308894,False
882,246624,20.65256,without_bias,1.9147859476524325,1.8305347256504316,0.23099928087919844,0.10195918090444682,False
882,246624,20.65256,with_candidate_bias,2.0574449663191476,1.7168834150848808,0.04919569621709854,0.03100384522165448,False
883,246625,20.674815,without_bias,1.9335533127985443,1.834369915368588,0.2197854333371871,0.1001823217914149,False
883,246625,20.674815,with_candidate_bias,2.076307630177559,1.7201294734051518,0.042401127663415736,0.04140518760283021,False
884,246626,20.697068,without_bias,1.8866920314183553,1.7974797025161218,0.2348097327456242,0.09645186984056875,False
884,246626,20.697068,with_candidate_bias,2.0299439834208965,1.6825815221671714,0.06011147464543795,0.04066524927059492,False
885,246627,20.719327,without_bias,1.9267713610377366,1.8342344537929245,0.2245703794231881,0.10022307116467047,False
885,246627,20.719327,with_candidate_bias,2.0694903429377276,1.7202240789926921,0.04515110811068048,0.037351300392619295,False
886,246628,20.741588,without_bias,1.8915758957955133,1.8356605010538076,0.2521949974081076,0.11427889001277351,False
886,246628,20.741588,with_candidate_bias,2.03356609677,1.7233517001094847,0.07116287891981105,0.04870293476308738,False
887,246629,20.763843,without_bias,1.8868819079131125,1.8476632292331534,0.2633778991675388,0.08432512050365087,False
887,246629,20.763843,with_candidate_bias,2.0299775682299783,1.734021161855676,0.08075257422413258,0.026263622332445766,False
888,246630,20.786098,without_bias,1.8928021631621168,1.7951443665404034,0.22835326141645348,0.09935290536926775,False
888,246630,20.786098,with_candidate_bias,2.03595732195439,1.6803452638562737,0.05404378093242445,0.03659434086162245,False
889,246631,20.827114,without_bias,1.8960982081067246,1.823403688984603,0.24116907536791654,0.08630654407860049,False
889,246631,20.827114,with_candidate_bias,2.0395051982900734,1.7084951986688461,0.05798018063874766,0.04111728781349365,False
890,246632,20.854867,without_bias,1.8937977465501792,1.8254250842199529,0.24422075951722055,0.09957213342070971,False
890,246632,20.854867,with_candidate_bias,2.036571053089253,1.7119006098079455,0.06222781752649056,0.026525011592525866,False
891,246633,20.877129,without_bias,1.9040622499458952,1.8297979069270505,0.23877240170276795,0.089331308050209,False
891,246633,20.877129,with_candidate_bias,2.047297585815614,1.715098270466926,0.05527553497655466,0.04438803060363775,False
892,246634,20.899383,without_bias,1.8918524166105246,1.8283468737054085,0.24752628091024492,0.10375567334106481,False
892,246634,20.899383,with_candidate_bias,2.034393203512463,1.7150355610061543,0.06572371224012157,0.042700306819906414,False
893,246635,20.921634,without_bias,1.9031366615167165,1.8106801497380118,0.22802457938710763,0.07805382472740505,False
893,246635,20.921634,with_candidate_bias,2.0471143840278527,1.6944933450978088,0.045268456008954634,0.04255587466133933,False
894,246636,20.943887,without_bias,1.8812558377678799,1.818069603187957,0.2502745304470065,0.09405903780157457,False
894,246636,20.943887,with_candidate_bias,2.0243044354952024,1.7040745520947496,0.06996778726075886,0.03043509082668966,False
895,246637,20.966146,without_bias,1.896467797705852,1.822236220534971,0.2401787995575294,0.08545773316232223,False
895,246637,20.966146,with_candidate_bias,2.039885167624757,1.7074138851253418,0.0571228283759139,0.031422004588189875,False
896,246638,20.988407,without_bias,1.8900930413696113,1.8284126614077363,0.24897612370462205,0.07722113090404208,False
896,246638,20.988407,with_candidate_bias,2.033772520922407,1.7133776756688175,0.06538806188039166,0.032024810090786594,False
897,246639,21.014866,without_bias,1.8801411432598465,1.8025275498283906,0.24300975334178043,0.09475169430687563,False
897,246639,21.014866,with_candidate_bias,2.023372113678818,1.687890316841814,0.06709345970728098,0.03777020183694441,False
898,246640,21.037121,without_bias,1.8942827443059298,1.8323878517124255,0.2480469744341708,0.07647174943925134,False
898,246640,21.037121,with_candidate_bias,2.0379491013145916,1.7174615547846823,0.06413005645439893,0.025161423817967904,False
899,246641,21.059373,without_bias,1.898490824134017,1.8084761080386824,0.23061195714367272,0.09777264081672728,False
899,246641,21.059373,with_candidate_bias,2.0415707373533944,1.6938693792156732,0.050376116963517924,0.03960152338769353,False
900,246642,21.081632,without_bias,1.8989236178757976,1.8441398813555212,0.25189697190930815,0.08309819038184267,False
900,246642,21.081632,with_candidate_bias,2.042166600330853,1.7300593454653301,0.06923851668201463,0.021351386633187964,False
901,246643,21.10389,without_bias,1.88063674646167,1.8129613976143377,0.24801553416613448,0.09396620098773864,False
901,246643,21.10389,with_candidate_bias,2.0237727791178575,1.6986226763907328,0.06879570380282506,0.03898489578903067,False
902,246644,21.126146,without_bias,1.8845553739683347,1.8438300132107739,0.26276941906152834,0.09468532184746031,False
902,246644,21.126146,with_candidate_bias,2.027258280960857,1.730645164146572,0.08063160645441697,0.03824262560656463,False
903,246645,21.148401,without_bias,1.8970062515292785,1.8373373528440127,0.24900126415089027,0.10989937822713639,False
903,246645,21.148401,with_candidate_bias,2.0391758513755818,1.7248405008648933,0.0677773162733037,0.038104843493640975,False
904,246646,21.170653,without_bias,1.8872126897405295,1.8444015171156156,0.2610566069498851,0.09051126314528214,False
904,246646,21.170653,with_candidate_bias,2.0300951264022564,1.7311002150800192,0.07873897295485792,0.023303123650867313,False
905,246647,21.198742,without_bias,1.931223971740357,1.8477529957863599,0.23097812611848206,0.09405501751953806,False
905,246647,21.198742,with_candidate_bias,2.074045042502961,1.7338432357430171,0.056157410054332446,0.026209018879392653,False
906,246648,21.221003,without_bias,1.9134081889663492,1.8280408619853372,0.23043603134385526,0.10896348081817288,False
906,246648,21.221003,with_candidate_bias,2.0558011312811924,1.714815971817046,0.04880281257480527,0.0356076591260591,False
907,246649,21.243258,without_bias,1.9225104078979087,1.8237508464000158,0.22071943571703384,0.09688770194436513,False
907,246649,21.243258,with_candidate_bias,2.06550677935588,1.7091290283674623,0.038058089168453664,0.0396916583776435,False
908,246650,21.265511,without_bias,1.9181229513593538,1.8315627692803962,0.22915713578538552,0.12358090027185462,False
908,246650,21.265511,with_candidate_bias,2.0598752089788133,1.7191300108833258,0.04938279848084116,0.05703801652022673,False
909,246651,21.287765,without_bias,1.906074298378127,1.8347942261115502,0.24039533305489102,0.09577060544223348,False
909,246651,21.287765,with_candidate_bias,2.048937370976819,1.7207998737680599,0.05788582902390702,0.04185546400731868,False
910,246652,21.329583,without_bias,1.913454777120835,1.8403376564042844,0.23848769314719862,0.09876753430001829,False
910,246652,21.329583,with_candidate_bias,2.0561146627057334,1.7268483866539601,0.05781857327559337,0.029869837128192328,False
911,246653,21.351846,without_bias,1.9114162240992791,1.8158808410615181,0.22440090905017387,0.10412674559618504,False
911,246653,21.351846,with_candidate_bias,2.054210055681598,1.7015371499302638,0.041770431425028176,0.04959177563834355,False
912,246654,21.374101,without_bias,1.9006689241209294,1.8201843906441373,0.2355799644999431,0.09787617467949845,False
912,246654,21.374101,with_candidate_bias,2.0435891708595215,1.7060401259856246,0.05321703883958481,0.03659120262952357,False
913,246655,21.396353,without_bias,1.8974965444958072,1.844015129814506,0.252900263323556,0.10642351955577106,False
913,246655,21.396353,with_candidate_bias,2.0397796775165906,1.7316089631199816,0.07201087323909665,0.027713552286179013,False
914,246656,21.418612,without_bias,1.8901750224793492,1.8331319084138216,0.2517526623803363,0.087412874714154,False
914,246656,21.418612,with_candidate_bias,2.033349268358926,1.7191158655156868,0.06884298316103295,0.022884308218872544,False
915,246657,21.440873,without_bias,1.8762008146592983,1.8246284707958735,0.258123005981839,0.10221681789413402,False
915,246657,21.440873,with_candidate_bias,2.018799714452408,1.7116058321720609,0.0778999954386848,0.031102799885155883,False
916,246658,21.46313,without_bias,1.896868193295466,1.8157365228337448,0.23605994660668955,0.11293646063413114,False
916,246658,21.46313,with_candidate_bias,2.039207084173597,1.7027031951352865,0.05563591796222044,0.037202148164741086,False
917,246659,21.489865,without_bias,1.9022547024764889,1.8337363893277983,0.24265855465188124,0.10865346084816661,False
917,246659,21.489865,with_candidate_bias,2.044578033948225,1.72098518864374,0.061179577378170334,0.03129120048621754,False
918,246660,21.512118,without_bias,1.8693303598621362,1.828079349559346,0.2657490994236729,0.1160505967769368,False
918,246660,21.512118,with_candidate_bias,2.011268547887728,1.7162864830946936,0.08669112069346235,0.04071169446077113,False
919,246661,21.53974,without_bias,1.9161080834346256,1.8199319701088594,0.22320249753379964,0.09661423799800091,False
919,246661,21.53974,with_candidate_bias,2.059133811896781,1.7054780624388244,0.04002315871667209,0.028301892910999733,False
920,246662,21.562,without_bias,1.8999019918373898,1.8260827044494834,0.23974446656110102,0.12028777897383047,False
920,246662,21.562,with_candidate_bias,2.041840787407648,1.7139015382828102,0.058895025727612904,0.04082694948865724,False
921,246663,21.584257,without_bias,1.9238678342666087,1.8339424076065238,0.22649097410484176,0.09122384403814815,False
921,246663,21.584257,with_candidate_bias,2.0669687585726746,1.7193345291682796,0.045581172281699646,0.034771742131176016,False
922,246664,21.60651,without_bias,1.903840017820739,1.8195405392276203,0.23265231796162647,0.12356630877323915,False
922,246664,21.60651,with_candidate_bias,2.04569010395691,1.707186997144711,0.05198557204740498,0.04874930785332608,False
923,246665,21.628764,without_bias,1.9155550704132833,1.8249306147400093,0.22679487769222545,0.09868007378412808,False
923,246665,21.628764,with_candidate_bias,2.058445048245298,1.7105919664057752,0.0439497825798223,0.04195271778037007,False
924,246666,21.651022,without_bias,1.9148136145584351,1.8264429486021454,0.22833266704387942,0.1204371924453314,False
924,246666,21.651022,with_candidate_bias,2.0568323866338996,1.7139777410613084,0.04748239109430403,0.03937019081426121,False
925,246667,21.673283,without_bias,1.9038894076347184,1.8479788675917577,0.25070710510068367,0.09399587625091782,False
925,246667,21.673283,with_candidate_bias,2.046617430151754,1.7346057112326863,0.06974117195649528,0.03105034164589614,False
926,246668,21.695539,without_bias,1.906909723009381,1.8316155433300803,0.23771689571373972,0.12509240112360712,False
926,246668,21.695539,with_candidate_bias,2.048597227981324,1.7198112119447782,0.057437985056428435,0.04562004123856396,False
927,246669,21.717799,without_bias,1.9379649118369415,1.8321897535512417,0.21511947638169962,0.11328656402556955,False
927,246669,21.717799,with_candidate_bias,2.0801941815608074,1.718824090848173,0.04004327790590568,0.043088076699815764,False
928,246670,21.740052,without_bias,1.8820503703650595,1.8202285997877823,0.25081289572857074,0.10754556181823689,False
928,246670,21.740052,with_candidate_bias,2.024488759272338,1.7071896822265418,0.07092955294697664,0.04016425088189325,False
929,246671,21.762311,without_bias,1.9279451920103254,1.837274689199198,0.22582534989516698,0.09700159445164509,False
929,246671,21.762311,with_candidate_bias,2.070764350518288,1.723138600112548,0.04723292316439455,0.03521632286035611,False
930,246672,21.784573,without_bias,1.883784036656716,1.8547738382795913,0.27031632966689106,0.1208296715686101,False
930,246672,21.784573,with_candidate_bias,2.025207810450495,1.7438717458703747,0.09098146925142883,0.04925739439887374,False
931,246673,21.80683,without_bias,1.9019858475309468,1.820691481601252,0.2348263497221123,0.09171657515374264,False
931,246673,21.80683,with_candidate_bias,2.045200903671882,1.705960231102377,0.05177733703759584,0.04108719393081838,False
932,246674,21.84597,without_bias,1.914443609429578,1.7990768053135566,0.21213045946727493,0.10476889097457706,False
932,246674,21.84597,with_candidate_bias,2.0573997959520156,1.6842250889920254,0.032872856294528824,0.04521024232749732,False
933,246675,21.873868,without_bias,1.8966406290519449,1.8087583426598663,0.23230703204583178,0.10569600636113319,False
933,246675,21.873868,with_candidate_bias,2.0393576432932172,1.6949038021987053,0.05278988172742146,0.03623495004990292,False
934,246676,21.896128,without_bias,1.9021319296998207,1.8297744353892382,0.24026400757183372,0.09555803206921001,False
934,246676,21.896128,with_candidate_bias,2.04502716730969,1.7158719925303656,0.057526998255508076,0.031151979185725074,False
935,246677,21.918381,without_bias,1.919341081397893,1.823391045292903,0.2229023516444631,0.11521700036350165,False
935,246677,21.918381,with_candidate_bias,2.061559828965499,1.7100410787986227,0.04136797969271319,0.052018758329811364,False
936,246678,21.940632,without_bias,1.9013854474849123,1.819221364670879,0.23443130721234443,0.08773943431408253,False
936,246678,21.940632,with_candidate_bias,2.0448018384013036,1.704134420057811,0.051238111239864575,0.041519512839560256,False
937,246679,21.962885,without_bias,1.9134827510924033,1.81567597611827,0.22263492461325957,0.10862540164440687,False
937,246679,21.962885,with_candidate_bias,2.056045613439909,1.7017992816216758,0.0403498332820992,0.04445032950083299,False
938,246680,21.985142,without_bias,1.8630802737536998,1.7908583149308566,0.2525512386606028,0.06322110477878333,False
938,246680,21.985142,with_candidate_bias,2.0078835439139224,1.6737317018279478,0.0823553515086326,0.04475645834764666,False
939,246681,22.007401,without_bias,1.8648713573967997,1.7834401091840002,0.2477554477874449,0.06971806541915185,False
939,246681,22.007401,with_candidate_bias,2.0096758506826435,1.6659685098198713,0.08154049104728275,0.056920761711254965,False
940,246682,22.029658,without_bias,1.8581868871915637,1.7733535420121465,0.24990438786894154,0.07117125682443048,False
940,246682,22.029658,with_candidate_bias,2.0029542807866862,1.6559371291458078,0.09031045890210371,0.05137112557435328,False
941,246683,22.051912,without_bias,1.8825440360863988,1.7976005096635137,0.23846982374388495,0.07164194306451603,False
941,246683,22.051912,with_candidate_bias,2.026994944432589,1.6807191021809025,0.06300915913578821,0.049053064933189866,False
942,246684,22.074166,without_bias,1.8901614508801485,1.8131432761988124,0.24013033484189478,0.10928413763200133,False
942,246684,22.074166,with_candidate_bias,2.03264875553113,1.6997330660806513,0.06065112644519818,0.04390338153362124,False
943,246685,22.096424,without_bias,1.951909076353503,1.8480348491752996,0.21749669820691148,0.12215492462344525,False
943,246685,22.096424,with_candidate_bias,2.0936199249855787,1.7355601946679828,0.05567799465179554,0.0496690366012588,False
944,246686,22.118685,without_bias,1.8958812830968856,1.8311146861630174,0.24600350531295012,0.12547413090796464,False
944,246686,22.118685,with_candidate_bias,2.037506697020918,1.7195422521391543,0.06572013817613408,0.046602555330687835,False
945,246687,22.140941,without_bias,1.9319828109349757,1.8651331631752015,0.2434003289793738,0.1148636447130632,False
945,246687,22.140941,with_candidate_bias,2.073722597733049,1.7532893974601576,0.07507522630424165,0.038786683226096304,False
946,246688,22.163194,without_bias,1.8961485759342518,1.831509262089398,0.2460354265368961,0.11916800153876643,False
946,246688,22.163194,with_candidate_bias,2.0380024498460636,1.71946021761882,0.06527521732277694,0.044618253712921614,False
947,246689,22.185447,without_bias,1.925281666058454,1.8357648318138409,0.22670423985111698,0.09892968026720018,False
947,246689,22.185447,with_candidate_bias,2.0680279986855115,1.7218297145656039,0.04724927367064785,0.03225377295038347,False
948,246690,22.21375,without_bias,1.9046155991483757,1.8288138281803614,0.23772448661593487,0.09996232458697922,False
948,246690,22.21375,with_candidate_bias,2.0473654839140387,1.7152146823950327,0.05529715922239686,0.026270866048575196,False
949,246691,22.23601,without_bias,1.934038781759463,1.8342842611189982,0.21937988700905922,0.12364782988556397,False
949,246691,22.23601,with_candidate_bias,2.0757984181304243,1.721789919316985,0.04413708513391406,0.05104836892705711,False
950,246692,22.258265,without_bias,1.9158718508711905,1.8298127969238849,0.2297052163995891,0.10326768588809093,False
950,246692,22.258265,with_candidate_bias,2.0585261281901817,1.7162567123760983,0.048012017235521315,0.02614995505229,False
951,246693,22.280519,without_bias,1.8996854034332498,1.820853879273131,0.23676879222704716,0.1045804775354944,False
951,246693,22.280519,with_candidate_bias,2.042329132445878,1.7073848731846366,0.054976748655238536,0.02941276343513085,False
952,246694,22.302779,without_bias,1.9023008534457098,1.8394684100937693,0.2462948303051517,0.11438403148290852,False
952,246694,22.302779,with_candidate_bias,2.044337723357743,1.7273356708381769,0.06577012423474825,0.03417487225521885,False
953,246695,22.325037,without_bias,1.9172396023843161,1.8379960378363795,0.23411301321439576,0.11554264427737293,False
953,246695,22.325037,with_candidate_bias,2.0592549091477506,1.72553356029348,0.054941475448999834,0.038910383503455076,False
954,246696,22.364103,without_bias,1.8991235015486154,1.8424861102699477,0.2506702489162186,0.11251462360217351,False
954,246696,22.364103,with_candidate_bias,2.0413131224914265,1.730385718598536,0.07006520306275932,0.02850983519213014,False
955,246697,22.386357,without_bias,1.9037696091775544,1.8114104644186333,0.2279264544202837,0.10771966740621498,False
955,246697,22.386357,with_candidate_bias,2.046387092761587,1.69761210931494,0.04703479639913204,0.03944845955254494,False
956,246698,22.408609,without_bias,1.8945134820049978,1.821584357100792,0.24137338066459368,0.09031908358430442,False
956,246698,22.408609,with_candidate_bias,2.0377259294339,1.7072284137972407,0.05894035096148774,0.02446713717821191,False
957,246699,22.430874,without_bias,1.8906729207336759,1.8026874227405605,0.23405872815933274,0.10617934329792413,False
957,246699,22.430874,with_candidate_bias,2.033433705848706,1.6886436631547754,0.05722288481668766,0.042852052480219255,False
958,246700,22.453127,without_bias,1.8925753264663892,1.8407649467448408,0.25460139399014353,0.10080959041994046,False
958,246700,22.453127,with_candidate_bias,2.0351125031096053,1.7279545829935647,0.07288538498889721,0.024121980706204103,False
959,246701,22.475384,without_bias,1.901629581804846,1.8445474569926297,0.2501185320078431,0.11478178748990521,False
959,246701,22.475384,with_candidate_bias,2.043529114940193,1.732594817460656,0.07018374442819027,0.03897221362148117,False
960,246702,22.497638,without_bias,1.902109261495948,1.8662622144904553,0.26456859632708934,0.0955229704553973,False
960,246702,22.497638,with_candidate_bias,2.044697990849668,1.7538309991048022,0.08662152424120739,0.011137708763512022,False
961,246703,22.519891,without_bias,1.9192599480289336,1.8704849686706242,0.2558059589543041,0.09807433334984753,False
961,246703,22.519891,with_candidate_bias,2.0616875748530883,1.7580260138029193,0.08300392910984901,0.015705035726312624,False
962,246704,22.547742,without_bias,1.9059957316244391,1.8613012437720649,0.2583170760397444,0.07472848080829901,False
962,246704,22.547742,with_candidate_bias,2.0494303454764067,1.747178749980766,0.07847854048809769,0.01585806084634229,False
963,246705,22.570002,without_bias,1.9144642632357671,1.8495918568165006,0.24407825134540453,0.08616906914698787,False
963,246705,22.570002,with_candidate_bias,2.057631925513064,1.735628770678271,0.06436033229534695,0.009114265401115868,False
964,246706,22.592258,without_bias,1.9234641078684878,1.8410375586336214,0.23166203542815492,0.07654711518715832,False
964,246706,22.592258,with_candidate_bias,2.067092003982894,1.7257864834970325,0.05119744478529921,0.026367612315956176,False
965,246707,22.614511,without_bias,1.9072974861453473,1.8288260027872711,0.23564674339877129,0.08705857474609455,False
965,246707,22.614511,with_candidate_bias,2.050587401145842,1.7141652706844397,0.05215955012631724,0.029472580275714453,False
966,246708,22.636764,without_bias,1.9103571629526714,1.832473122809953,0.2356259792167069,0.09244984770403984,False
966,246708,22.636764,with_candidate_bias,2.053426978303138,1.7183875657081635,0.0530206668860144,0.017174836935165475,False
967,246709,22.659023,without_bias,1.8917946368280487,1.8124540872923476,0.2383892850582297,0.08425283327604141,False
967,246709,22.659023,with_candidate_bias,2.0354206803677424,1.697427426653,0.05729412998960562,0.014823850432370932,False
968,246710,22.681283,without_bias,1.9007119339306309,1.7871606074627824,0.2175163620238127,0.08182219480695595,False
968,246710,22.681283,with_candidate_bias,2.0447739287407867,1.6705633077747988,0.046200093957659887,0.03519714905489779,False
969,246711,22.703538,without_bias,1.9293625913975387,1.8202081087574649,0.2132198180372996,0.09516628151825197,False
969,246711,22.703538,with_candidate_bias,2.0724836649376903,1.7052798324526668,0.03075535600265428,0.03435572753875059,False
970,246712,22.725798,without_bias,1.898265959266392,1.7827518688197215,0.21753135158404655,0.09135600166593817,False
970,246712,22.725798,with_candidate_bias,2.0419773242496864,1.6666426251762942,0.04984573049319986,0.040747095517978386,False
971,246713,22.74805,without_bias,1.9013150177003326,1.8360130439597542,0.24483074241404804,0.07661355442053945,False
971,246713,22.74805,with_candidate_bias,2.044961655553083,1.7211281668802072,0.06099162714213557,0.01982573487831355,False
972,246714,22.770308,without_bias,1.8994976330648723,1.8269392836955523,0.24058741633935884,0.07670700861532356,False
972,246714,22.770308,with_candidate_bias,2.043251568811941,1.7117426889384637,0.05650676171564569,0.020791054582954608,False
973,246715,22.792568,without_bias,1.900223235532268,1.8473026042285474,0.25299284913509906,0.07359181915834959,False
973,246715,22.792568,with_candidate_bias,2.043895183758932,1.732688622989534,0.07001246369865784,0.014824955349449127,False
974,246716,22.814824,without_bias,1.8774191600396866,1.8328017777292545,0.26179953551420376,0.08805343736841591,False
974,246716,22.814824,with_candidate_bias,2.0205432004460016,1.719123962238318,0.07971782376300575,0.019959751211464854,False
975,246717,22.837078,without_bias,1.8872049327733738,1.8445981626715988,0.2611865127572975,0.06684191692603653,False
975,246717,22.837078,with_candidate_bias,2.031108039251858,1.7296139636137302,0.07700524934201074,0.029992019123178455,False
976,246718,22.877844,without_bias,1.8947990974417253,1.8283169870660527,0.24515570768782172,0.10166538329494496,False
976,246718,22.877844,with_candidate_bias,2.037442854707821,1.7147853472895573,0.06302597803539682,0.04214072578663132,False
977,246719,22.905865,without_bias,1.9217503892874155,1.8230483094346628,0.22084100691912098,0.08353578836639149,False
977,246719,22.905865,with_candidate_bias,2.065331154924557,1.7077136760022038,0.03710255725568416,0.017692274221538087,False
978,246720,22.928124,without_bias,1.9176656342881329,1.8315818208872545,0.22951292344616947,0.10563411852877484,False
978,246720,22.928124,with_candidate_bias,2.0601578368012863,1.7180698791281457,0.048372206908619354,0.039043774971599665,False
979,246721,22.950376,without_bias,1.9362484232097714,1.8549141668629348,0.2328830460442239,0.09401877802570706,False
979,246721,22.950376,with_candidate_bias,2.078994133578725,1.7411625841641007,0.06214491771105386,0.025886259846766662,False
980,246722,22.972627,without_bias,1.9216933121928192,1.8197628197596132,0.21877108343604715,0.09960199822259559,False
980,246722,22.972627,with_candidate_bias,2.0646089062047652,1.7052825031651997,0.03583172631086504,0.03699856824479756,False
981,246723,22.994881,without_bias,1.9403157775054156,1.8355458442073778,0.2158700445036181,0.09614736255552805,False
981,246723,22.994881,with_candidate_bias,2.0832280285264453,1.721076250855035,0.04163073362246223,0.03150265367026788,False
982,246724,23.017139,without_bias,1.9113039239847827,1.8332481293114609,0.23540874393424416,0.09602954937862052,False
982,246724,23.017139,with_candidate_bias,2.0543040485606046,1.7194076663112627,0.053171092834955955,0.013562263359786423,False
983,246725,23.039398,without_bias,1.9060827971032699,1.8384290709108346,0.24274535635316946,0.0740852502466399,False
983,246725,23.039398,with_candidate_bias,2.04988342562231,1.7233712239022942,0.05907962933688441,0.013011386047844223,False
984,246726,23.061656,without_bias,1.912266604280037,1.8097244302005486,0.22003996851709912,0.09042069787273165,False
984,246726,23.061656,with_candidate_bias,2.055676774695451,1.694523652780678,0.0372695624524963,0.026159358295982947,False
985,246727,23.083911,without_bias,1.9332553966284038,1.8326041603856087,0.2187622006954482,0.11985644199204039,False
985,246727,23.083911,with_candidate_bias,2.075190057802899,1.7197944896797013,0.042460991471576885,0.048523758582173046,False
986,246728,23.106164,without_bias,1.928485181013816,1.8335352055129042,0.22284545336180744,0.08731919903729976,False
986,246728,23.106164,with_candidate_bias,2.0718116589948914,1.7187345237580751,0.042792278267030845,0.014524458895456097,False
987,246729,23.128422,without_bias,1.944880493194216,1.8444150370786279,0.21929882734096076,0.1054898059865208,False
987,246729,23.128422,with_candidate_bias,2.087306016355075,1.7307448486657981,0.05081630854355602,0.04086549359662374,False
988,246730,23.150682,without_bias,1.938249049630466,1.8360368784401488,0.21765996042313918,0.1138301128667531,False
988,246730,23.150682,with_candidate_bias,2.08043768439563,1.7229475011993896,0.04399915611678423,0.036987533535940705,False
989,246731,23.172939,without_bias,1.9366720806955238,1.840370631417782,0.2218742667809361,0.1279169681726319,False
989,246731,23.172939,with_candidate_bias,2.0781941677608096,1.7283686144320647,0.04978855829342367,0.05289582238135549,False
990,246732,23.195193,without_bias,1.9446076019989558,1.862190400001458,0.23309288116367965,0.11001778189710239,False
990,246732,23.195193,with_candidate_bias,2.086618065668206,1.7496067750616608,0.06968888443869097,0.03723810096287486,False
991,246733,23.217445,without_bias,1.941661306421413,1.8317740667247129,0.21222567079116397,0.12307854723630067,False
991,246733,23.217445,with_candidate_bias,2.083566968163907,1.7191124561499131,0.03963796317525747,0.043395966409428895,False
992,246734,23.245746,without_bias,1.94348765327776,1.829979221583115,0.20966553042580682,0.1183057265582158,False
992,246734,23.245746,with_candidate_bias,2.085554564232311,1.7167588111449639,0.037026640354692913,0.047223432465939005,False
993,246735,23.268005,without_bias,1.9468315415728807,1.8624996983551005,0.23195548579005507,0.10995403407382316,False
993,246735,23.268005,with_candidate_bias,2.08884719917341,1.7498697959750749,0.069879305515613,0.03753556513530146,False
994,246736,23.29026,without_bias,1.9220260375908358,1.853125108886687,0.24122096794114412,0.11098096517573255,False
994,246736,23.29026,with_candidate_bias,2.064129199615166,1.7408435608345136,0.0661153326209215,0.0293410401301439,False
995,246737,23.312513,without_bias,1.9432713843715705,1.8462546133734885,0.22174283102775502,0.10262461662926502,False
995,246737,23.312513,with_candidate_bias,2.0857918789500682,1.732626548111733,0.052794524800659215,0.030932278218548097,False
996,246738,23.334766,without_bias,1.938919159913085,1.8434304819176972,0.22256446855061726,0.10737884146737438,False
996,246738,23.334766,with_candidate_bias,2.0812612844558376,1.7301082115493327,0.05086450642672617,0.035150683343335626,False
997,246739,23.357022,without_bias,1.9425939398443914,1.8453468354662925,0.22151325596748397,0.10805282413250997,False
997,246739,23.357022,with_candidate_bias,2.084912009705852,1.7321025507076673,0.052350390977321144,0.03256673688951741,False
998,246740,23.397955,without_bias,1.8938258677837283,1.8483874830978813,0.2585316897690619,0.08795529765676921,False
998,246740,23.397955,with_candidate_bias,2.0368543976400764,1.734963780372609,0.07645568783973833,0.01160614830713645,False
1000,246741,23.420438,without_bias,1.9302935543830761,1.8419481529688084,0.22744967140358766,0.09855384564969606,False
1000,246741,23.420438,with_candidate_bias,2.073149963039355,1.7281897919469769,0.05105075703129215,0.015572081764909563,False
1001,246742,23.442695,without_bias,1.9362040244835215,1.8403082921024339,0.2221529891805746,0.11791272347197003,False
1001,246742,23.442695,with_candidate_bias,2.078134165047134,1.727616455215075,0.04907264865867646,0.04531906354056438,False
1002,246743,23.464958,without_bias,1.941215001131111,1.848474337210282,0.22476783174391116,0.09874291849727782,False
1002,246743,23.464958,with_candidate_bias,2.083857920166334,1.734584303827954,0.054928784522011144,0.03619659967160208,False
1003,246744,23.487214,without_bias,1.9313996813085392,1.8454204406619248,0.2291680241172801,0.10639055950504021,False
1003,246744,23.487214,with_candidate_bias,2.073849369651818,1.7323297369536224,0.05476535611386934,0.024296168573260384,False
1004,246745,23.509467,without_bias,1.9325675813787246,1.8504926948509164,0.2320618999975484,0.10791227696133847,False
1004,246745,23.509467,with_candidate_bias,2.074772693802459,1.7375848533777505,0.059564135119807606,0.03650022316110485,False
1005,246746,23.531721,without_bias,1.9158175643558788,1.8459008121727511,0.24054646197044105,0.10790964542337919,False
1005,246746,23.531721,with_candidate_bias,2.058030304860655,1.7332067541802854,0.06207270009999543,0.03496673916336908,False
1006,246747,23.553973,without_bias,1.9350569203700387,1.846480679022148,0.22742729478427157,0.11828736737460041,False
1006,246747,23.553973,with_candidate_bias,2.0769207893120214,1.7341469680575878,0.05570421799154866,0.040475944158870784,False
1007,246748,23.581753,without_bias,1.9309243943883427,1.855408289381566,0.2367976272779833,0.12226291480215837,False
1007,246748,23.581753,with_candidate_bias,2.072543241329804,1.7437820742194639,0.06612784145128779,0.04115230685213923,False
1008,246749,23.604014,without_bias,1.940653935430793,1.8622545981743805,0.2356289149446957,0.11458222298564412,False
1008,246749,23.604014,with_candidate_bias,2.082492175810287,1.7501286817353852,0.07052942241367492,0.036524677346667235,False
1009,246750,23.626268,without_bias,1.9482635603753404,1.8512770693761724,0.2223174595293067,0.11476807904828108,False
1009,246750,23.626268,with_candidate_bias,2.090225148214889,1.7385070332694514,0.05850746647831687,0.04304802742104301,False
1010,246751,23.64852,without_bias,1.9423812991625575,1.8662133500151266,0.23762721342638843,0.10823655475579004,False
1010,246751,23.64852,with_candidate_bias,2.0844067615758703,1.7537077130583743,0.07391962716602947,0.035558447837493345,False
1011,246752,23.67078,without_bias,1.9290619129263689,1.854494912958789,0.23738058580982363,0.11878976295639108,False
1011,246752,23.67078,with_candidate_bias,2.0708080500757062,1.742634453515272,0.06550882161246203,0.03882085905509522,False
1012,246753,23.693038,without_bias,1.9399793714250313,1.8344157908156493,0.21529148950028437,0.11382035525142886,False
1012,246753,23.693038,with_candidate_bias,2.082216921180278,1.7212466754888236,0.04197457033483878,0.03517202719112096,False
1013,246754,23.715299,without_bias,1.9339585502056276,1.8583984448667203,0.2370125295945214,0.11644895230408933,False
1013,246754,23.715299,with_candidate_bias,2.0758714189857006,1.7464111793621369,0.06789743401445697,0.03311969930549408,False
1014,246755,23.737554,without_bias,1.9274781858015433,1.863707614645739,0.2452790813933895,0.11598514881788671,False
1014,246755,23.737554,with_candidate_bias,2.0692134506530375,1.7520277981809542,0.07496722180093097,0.036103090793287156,False
1015,246756,23.759808,without_bias,1.9395538310610092,1.8480110167291883,0.22552550075500316,0.12366668346007881,False
1015,246756,23.759808,with_candidate_bias,2.081172960960606,1.735966773986263,0.05665859518760087,0.04753634426482447,False
1016,246757,23.782061,without_bias,1.9537807397964038,1.8440848809856565,0.2132593140251841,0.111016953881775,False
1016,246757,23.782061,with_candidate_bias,2.09606580420344,1.7307869380264442,0.051147893942335175,0.0319014385049164,False
1017,246758,23.80432,without_bias,1.946327152449623,1.8477091625725128,0.2208353466590151,0.11945955062823148,False
1017,246758,23.80432,with_candidate_bias,2.0881325664801578,1.7351325038090768,0.05516412134901547,0.048503568651011575,False
1018,246759,23.82658,without_bias,1.9394426053024783,1.8568702705790674,0.23227273131561924,0.10687462175405647,False
1018,246759,23.82658,with_candidate_bias,2.08171522023348,1.744068698370854,0.06460213376286587,0.026086477335132186,False
1019,246760,23.848837,without_bias,1.9192691429136515,1.8446302329260844,0.23717533420390904,0.12424597203597089,False
1019,246760,23.848837,with_candidate_bias,2.060929880404316,1.7329962710580356,0.060445649962293825,0.042209596309286945,False
1020,246761,23.871091,without_bias,1.9358071026997319,1.8596817148129134,0.23677197514900317,0.11024214335754894,False
1020,246761,23.871091,with_candidate_bias,2.0778659501413275,1.7472882483142373,0.06837355868441558,0.030630192066581484,False
1021,246762,23.911843,without_bias,1.9084241894113847,1.8597048877974365,0.25546745720189473,0.11800055694875516,False
1021,246762,23.911843,with_candidate_bias,2.0500393837725954,1.7484118273363873,0.07922770329106846,0.039153272394111906,False
1022,246763,23.939866,without_bias,1.9408157066811442,1.8602626730215897,0.23398842847015944,0.1160280495600508,False
1022,246763,23.939866,with_candidate_bias,2.0825958586131224,1.74811659891906,0.06851782511125812,0.04084587444817106,False
1023,246764,23.962128,without_bias,1.9169654701306633,1.8463121061306726,0.24000138577250438,0.12486298313502939,False
1023,246764,23.962128,with_candidate_bias,2.0584780966369594,1.7347730298932196,0.06319584792779029,0.047935662805219215,False
1024,246765,23.984381,without_bias,1.9547242550334796,1.8597730093023568,0.22498413732944,0.10255790547057572,False
1024,246765,23.984381,with_candidate_bias,2.097192691408572,1.7464495139718577,0.06683765942038261,0.02188210766878685,False
1025,246766,24.006632,without_bias,1.9196053792066565,1.8427177979826845,0.23560859189690223,0.11771593924829704,False
1025,246766,24.006632,with_candidate_bias,2.0615346182149037,1.730562365787538,0.05802439826662644,0.03687132163724812,False
1026,246767,24.028886,without_bias,1.9448443122606727,1.845993031171282,0.22050818597164887,0.10255611190674409,False
1026,246767,24.028886,with_candidate_bias,2.087369470222952,1.7322086750130044,0.052274902520439454,0.03766848759048855,False
1027,246768,24.051145,without_bias,1.9295847040290728,1.840653153933944,0.22702974045345606,0.12164192023413041,False
1027,246768,24.051145,with_candidate_bias,2.071350664592492,1.7284296726906085,0.051896347733354116,0.04503004439808108,False
1028,246769,24.073405,without_bias,1.9453867751494989,1.856784791025654,0.22839843944222946,0.0976086098870037,False
1028,246769,24.073405,with_candidate_bias,2.0879842434368703,1.7431408264813226,0.06317299457257271,0.028712433348028223,False
1029,246770,24.095661,without_bias,1.9196821032992404,1.8314906459230254,0.22794210172485913,0.11717192010920512,False
1029,246770,24.095661,with_candidate_bias,2.061713561877332,1.7188352909317506,0.048044795799558115,0.04142145842601307,False
1030,246771,24.117915,without_bias,1.9501597683371013,1.8691198463229812,0.2352054562818669,0.10574437203354703,False
1030,246771,24.117915,with_candidate_bias,2.0923188618140425,1.7564506721866548,0.07648583135394421,0.02748722396093669,False
1031,246772,24.140168,without_bias,1.9541177504957394,1.8384312607058673,0.208720986245247,0.13192805135348323,False
1031,246772,24.140168,with_candidate_bias,2.0955639623305937,1.7262706174438363,0.04660394527773498,0.056590876594673364,False
1032,246773,24.162426,without_bias,1.9561266323120199,1.853897216059218,0.2194591541250158,0.10682277550444404,False
1032,246773,24.162426,with_candidate_bias,2.0984095319211282,1.7404548717982566,0.0610369703644941,0.04021014500891185,False
1033,246774,24.184685,without_bias,1.9295173522795388,1.8464625002735602,0.2312237968218121,0.1365630142500367,False
1033,246774,24.184685,with_candidate_bias,2.0706337687432863,1.7354901987026217,0.05877255367214319,0.05636527824575672,False
1034,246775,24.206942,without_bias,1.9446745438624884,1.8863751990614253,0.2524088171780429,0.10926179520412908,False
1034,246775,24.206942,with_candidate_bias,2.0865110105163818,1.7747061789102696,0.09477042456062337,0.026654883411968127,False
1035,246776,24.229196,without_bias,1.93620923552364,1.8482157791588631,0.22792136274655483,0.13385053873063543,False
1035,246776,24.229196,with_candidate_bias,2.0774140263752745,1.736961234764993,0.05833514376458615,0.05527420319681872,False
1036,246777,24.25145,without_bias,1.9710356567979108,1.8790471506228097,0.23188851443002506,0.12139942449991002,False
1036,246777,24.25145,with_candidate_bias,2.1126685670606546,1.767320416291089,0.09021484929784278,0.03771956865274198,False
1037,246778,24.279766,without_bias,2.009032714453253,1.9027675641125876,0.23702550274066359,0.15616249737751176,False
1037,246778,24.279766,with_candidate_bias,2.149058506034373,1.7934017452668376,0.12785876178258904,0.07382913364262024,False
1038,246779,24.302028,without_bias,1.999806820852612,1.897673632110706,0.23561965045594088,0.1767611542550963,False
1038,246779,24.302028,with_candidate_bias,2.1391097930537284,1.7896527406789717,0.12014780610643658,0.09390345537686864,False
1039,246780,24.324283,without_bias,1.9738745276360614,1.8957678332154393,0.24503241251359684,0.15597724009501887,False
1039,246780,24.324283,with_candidate_bias,2.113835918741117,1.7868858592587458,0.10951135982953346,0.07340812384407888,False
1040,246781,24.346538,without_bias,1.7930649777673564,1.7470158664265982,0.3044035705789407,0.046404710656672545,False
1040,246781,24.346538,with_candidate_bias,1.941366088651151,1.6245037478157396,0.1586564641272346,0.10924978033648239,False
1041,246782,24.368797,without_bias,1.9485100666437514,1.8396760329517163,0.21334440873937444,0.1076296012910841,False
1041,246782,24.368797,with_candidate_bias,2.0909202970169467,1.7258859104615472,0.0458951383643685,0.04304214042333291,False
1042,246783,24.391055,without_bias,1.9135241893919452,1.8209611323806238,0.22586224246606104,0.10111204556427554,False
1042,246783,24.391055,with_candidate_bias,2.056332319291263,1.706877527629426,0.043080322837416224,0.03363606697143991,False
1043,246784,24.431988,without_bias,1.9478971019700213,1.8338973385968536,0.2094698652687615,0.08873036361395407,False
1043,246784,24.431988,with_candidate_bias,2.091193997698676,1.7187806047988892,0.038798981160232476,0.017944478728561666,False
1044,246785,24.454242,without_bias,1.9261608768095722,1.8310312599474907,0.22283110144038393,0.11000372040546359,False
1044,246785,24.454242,with_candidate_bias,2.068650210952761,1.7177610422161462,0.04337867911326008,0.02752862803356256,False
1045,246786,24.476496,without_bias,1.932718820245507,1.845205651699681,0.2281014617631405,0.08885429733210402,False
1045,246786,24.476496,with_candidate_bias,2.0758071950815244,1.7308344608606152,0.0527785763586261,0.020936047979365255,False
1046,246787,24.498761,without_bias,1.9307166843351973,1.8232777298762914,0.21424211193805176,0.11403718604092415,False
1046,246787,24.498761,with_candidate_bias,2.0731039460846334,1.7099159040361587,0.03435750212415954,0.03312931820625662,False
1047,246788,24.521016,without_bias,1.942989149082752,1.8504740937313058,0.22510798946488622,0.10258020283370752,False
1047,246788,24.521016,with_candidate_bias,2.085459468967076,1.7370133721273957,0.05719388973830905,0.030108344228616097,False
1048,246789,24.543271,without_bias,1.919764549975324,1.810965782391085,0.21478394866100436,0.0901199595656574,False
1048,246789,24.543271,with_candidate_bias,2.0631920170417524,1.6956274423806132,0.031030386811141702,0.026266538397944062,False
1049,246790,24.565526,without_bias,1.934695304845595,1.8607283877008125,0.23829036585212132,0.10089492859015947,False
1049,246790,24.565526,with_candidate_bias,2.0771314448989355,1.7477612606076438,0.06897237236405718,0.02178394595009225,False
1050,246791,24.587787,without_bias,1.917750936010791,1.8375078618953666,0.23340622657506055,0.11726154441337175,False
1050,246791,24.587787,with_candidate_bias,2.0596862265354234,1.725095483547053,0.05433716497945215,0.04282697590291432,False
1051,246792,24.615759,without_bias,1.9465090816979627,1.8647960232834029,0.2339641294227,0.09744318512162554,False
1051,246792,24.615759,with_candidate_bias,2.0890437717376225,1.7514718469011683,0.07147824334686619,0.022159450547836516,False
1052,246793,24.638022,without_bias,1.9416425287392405,1.830119125304504,0.2110585015133871,0.12295893836258755,False
1052,246793,24.638022,with_candidate_bias,2.083510828266772,1.717285202495093,0.037845682380998544,0.04992520690775793,False
1053,246794,24.660278,without_bias,1.937627441547728,1.8593164841024714,0.2353121289695092,0.10583898756474772,False
1053,246794,24.660278,with_candidate_bias,2.0798812536255475,1.746570640965947,0.06733527505555698,0.026532031629569783,False
1054,246795,24.682532,without_bias,1.933391685963074,1.835794594462543,0.22090296441930474,0.11508857327266231,False
1054,246795,24.682532,with_candidate_bias,2.075494233269634,1.722844759224434,0.045233733666761644,0.04093081251964039,False
1055,246796,24.704792,without_bias,1.9418129923363379,1.8577858294003036,0.23144586921322247,0.08977802713371147,False
1055,246796,24.704792,with_candidate_bias,2.0847747464721462,1.7437840664713515,0.0639977375385423,0.013528252803428904,False
1056,246797,24.732205,without_bias,1.907571752157849,1.8327399987982878,0.2379276630483689,0.11180394910893429,False
1056,246797,24.732205,with_candidate_bias,2.04980184592745,1.7200591388995075,0.05675056123255968,0.03337568507084996,False
1057,246798,24.754464,without_bias,1.9370993984400846,1.8401855329297823,0.22144525038343527,0.08447052164465634,False
1057,246798,24.754464,with_candidate_bias,2.0804392322909973,1.7251843004098324,0.04618472997335258,0.024135681523807354,False
1058,246799,24.781864,without_bias,1.9315254508391555,1.81636482126351,0.20906828360600732,0.1208408685214707,False
1058,246799,24.781864,with_candidate_bias,2.073637594589775,1.703163755026372,0.028359969282958305,0.044827296092883544,False
1059,246800,24.804118,without_bias,1.9198155930161493,1.844232371330179,0.23650582270459783,0.09980100327001917,False
1059,246800,24.804118,with_candidate_bias,2.0624081905738287,1.7308475552956653,0.057851377053237785,0.028358229305691936,False
1060,246801,24.826373,without_bias,1.9302912035805133,1.838445611738848,0.22497091263774247,0.12333985517501898,False
1060,246801,24.826373,with_candidate_bias,2.072018932635503,1.7262444973201998,0.04961725824715174,0.046463363627051384,False
1061,246802,24.848632,without_bias,1.9208581402994418,1.8496813234142957,0.2395844740766607,0.09865215950296372,False
1061,246802,24.848632,with_candidate_bias,2.0634311379595416,1.7363970719103308,0.06234207367568015,0.02767450247770879,False
1062,246803,24.870892,without_bias,1.9175132632032723,1.8403213433564942,0.23548801987874987,0.11273870548545602,False
1062,246803,24.870892,with_candidate_bias,2.059597835581744,1.7276985367601247,0.056563610301780115,0.03975615710683604,False
1063,246804,24.893149,without_bias,1.920050750464767,1.8318273615747729,0.2278909720466032,0.10738498841735258,False
1063,246804,24.893149,with_candidate_bias,2.0624785503924947,1.7184749534368609,0.04730488590480966,0.03559502357886359,False
1064,246805,24.930098,without_bias,1.9220063683227164,1.8379522615354833,0.23058789475663397,0.11910467503074194,False
1064,246805,24.930098,with_candidate_bias,2.0639320839492235,1.7256613283946922,0.0525784476567943,0.039079370658482,False
1065,246806,24.957864,without_bias,1.9423132391033582,1.8689958483478961,0.2398558109299893,0.10079687846017539,False
1065,246806,24.957864,with_candidate_bias,2.0847470867986533,1.7561503074964853,0.07633126770144821,0.01773969551496833,False
1066,246807,24.980127,without_bias,1.947895569294734,1.8433109986569893,0.21648129597822283,0.13424867789558287,False
1066,246807,24.980127,with_candidate_bias,2.0891778408498207,1.7316461307992816,0.051652674395472865,0.05685058007500255,False
1067,246808,25.002382,without_bias,1.958303838503455,1.8654667723998568,0.22746824529446816,0.11122875378986449,False
1067,246808,25.002382,with_candidate_bias,2.100281633442668,1.7528278494089302,0.0735500349135146,0.035727653622690175,False
1068,246809,25.024632,without_bias,1.9357695492858444,1.833102581655094,0.21731873466626456,0.1328883433769691,False
1068,246809,25.024632,with_candidate_bias,2.077195860988785,1.7212446077884735,0.043186382662171834,0.05513610772784794,False
1069,246810,25.046885,without_bias,1.9334123086572144,1.8584161020087782,0.2373857841911984,0.09783540271796078,False
1069,246810,25.046885,with_candidate_bias,2.0759744612959725,1.7451695272723893,0.06666170580509373,0.022140036346560567,False
1070,246811,25.069143,without_bias,1.931316352462812,1.8442871300991648,0.22840919664480752,0.12751640525875002,False
1070,246811,25.069143,with_candidate_bias,2.0728708687908206,1.7326043209355189,0.055322886015358536,0.04625265016904916,False
1071,246812,25.091403,without_bias,1.9468533502469763,1.879735192242,0.24573382012955308,0.11372527153488479,False
1071,246812,25.091403,with_candidate_bias,2.088642852419322,1.7680666572913213,0.08807711380388655,0.03017463378035123,False
1072,246813,25.113659,without_bias,1.9393585457376805,1.847014209568009,0.22491463700678382,0.13274736495477402,False
1072,246813,25.113659,with_candidate_bias,2.080658196918575,1.7355987854255999,0.056378136060125504,0.052902502212360245,False
1073,246814,25.135914,without_bias,1.9489482877324635,1.8715368959273762,0.23786964504765715,0.10530000212883561,False
1073,246814,25.135914,with_candidate_bias,2.091102167403182,1.7589576481803166,0.07896534036620945,0.026079374291782153,False
1074,246815,25.158167,without_bias,1.942276932741293,1.845982569285962,0.22219882517036316,0.12594478851237448,False
1074,246815,25.158167,with_candidate_bias,2.0838445910378756,1.7339754988615843,0.05432534893443296,0.0488923563572318,False
1075,246816,25.180426,without_bias,1.9408418919550647,1.8600842938057645,0.2338343303945455,0.11996694788340966,False
1075,246816,25.180426,with_candidate_bias,2.0825971486388872,1.7482546343100442,0.06865491470443033,0.037009284195872516,False
1076,246817,25.202686,without_bias,1.9396776715948034,1.8654199812092271,0.23869933357424755,0.13126627780378236,False
1076,246817,25.202686,with_candidate_bias,2.080856513253657,1.7545743613639273,0.07513280723304679,0.04913933125384313,False
1077,246818,25.224941,without_bias,1.9449020367259358,1.869764949619685,0.23888104790971448,0.11387946302493136,False
1077,246818,25.224941,with_candidate_bias,2.0867404676640358,1.7577959664157548,0.07786422119054712,0.03248194361785345,False
1078,246819,25.247194,without_bias,1.9156858740961582,1.8556143765885271,0.2474385252021144,0.12888477863180137,False
1078,246819,25.247194,with_candidate_bias,2.057104725626083,1.744744817899936,0.07262224535933297,0.04477856150758874,False
1079,246820,25.269447,without_bias,1.93109226985537,1.8615996990341241,0.24130917386001505,0.12329053161034849,False
1079,246820,25.269447,with_candidate_bias,2.072632414437885,1.7502654278485545,0.07237999294693125,0.04065763235264689,False
1080,246821,25.297744,without_bias,1.945693198115976,1.8760726147293176,0.24345209655450983,0.11437182886240364,False
1080,246821,25.297744,with_candidate_bias,2.0874294149727257,1.7643496423985339,0.08438880304959301,0.03298363536060366,False
1081,246822,25.320007,without_bias,1.9358114067549903,1.8465339728633734,0.22695304889896017,0.13263669559817065,False
1081,246822,25.320007,with_candidate_bias,2.077165859951037,1.735183124553739,0.056655912192019944,0.050721669019491045,False
1082,246823,25.342261,without_bias,1.9646028913856541,1.8570447734784983,0.21695457281396677,0.12342740218966133,False
1082,246823,25.342261,with_candidate_bias,2.106219887956986,1.7448061403975743,0.06680509410641755,0.04591358629811478,False
1083,246824,25.364515,without_bias,1.9422922899958197,1.8542571029583104,0.228436217632192,0.12605926478019058,False
1083,246824,25.364515,with_candidate_bias,2.0837783967750245,1.7425877090719746,0.06289618170896513,0.04664713792109472,False
1084,246825,25.386767,without_bias,1.960199386351882,1.8679581140273285,0.22842165381622245,0.12548416709294205,False
1084,246825,25.386767,with_candidate_bias,2.101590811629056,1.7563529413941306,0.07722770599827374,0.046695842914967124,False
1085,246826,25.409025,without_bias,1.9476212516819076,1.8721475021562097,0.23914926417929308,0.12290485230083108,False
1085,246826,25.409025,with_candidate_bias,2.089123271219479,1.7608100159141329,0.08081477170293197,0.03983709129729811,False
1086,246827,25.449988,without_bias,1.9476034754182812,1.8754671459415446,0.2418350168099838,0.12248923424671478,False
1086,246827,25.449988,with_candidate_bias,2.089181137897863,1.764179693197062,0.08418367586351762,0.038304785835903236,False
1087,246828,25.472242,without_bias,1.9590817360705228,1.8507219393761978,0.21514081996375858,0.1412912831034108,False
1087,246828,25.472242,with_candidate_bias,2.1000662012821296,1.739597909885716,0.06044203232021799,0.061343143435918776,False
1088,246829,25.494494,without_bias,1.9395723633039426,1.8632704538009937,0.2371002596337321,0.12491777699320383,False
1088,246829,25.494494,with_candidate_bias,2.0811099879242914,1.7519099868808294,0.07245742562296369,0.041407490247221505,False
1089,246830,25.516759,without_bias,1.9437394624414706,1.8563379202481296,0.22910086635441976,0.1321215925656852,False
1089,246830,25.516759,with_candidate_bias,2.084963768269426,1.745122044888076,0.06531649378563298,0.05213185865072432,False
1090,246831,25.539012,without_bias,1.963341354297116,1.8674831127886442,0.22625722112721208,0.12849387812986965,False
1090,246831,25.539012,with_candidate_bias,2.1046133065862396,1.755973742433799,0.0773663897876892,0.050881551963263584,False
1091,246832,25.561268,without_bias,1.9163595449669524,1.8654098986529524,0.25402330236138154,0.13143036151404852,False
1091,246832,25.561268,with_candidate_bias,2.057509707027466,1.755067766723955,0.08179724163052939,0.04753417429618807,False
1092,246833,25.583521,without_bias,1.9300789973624093,1.8684200021810244,0.24713725802984365,0.11964954382520838,False
1092,246833,25.583521,with_candidate_bias,2.07168596966362,1.7571101687384065,0.0792551691060424,0.03663098807758068,False
1093,246834,25.60578,without_bias,1.9515914811903459,1.8615718726293318,0.22830957712983624,0.13093540417442429,False
1093,246834,25.60578,with_candidate_bias,2.092846309491434,1.7503071962151562,0.07036478748179027,0.050118101409928895,False
1094,246835,25.633761,without_bias,1.9526868743208217,1.8447116124231122,0.2144406905202633,0.13772040183729578,False
1094,246835,25.633761,with_candidate_bias,2.0939117794827893,1.7332825919307042,0.05342599200366733,0.05632934420720015,False
1095,246836,25.656024,without_bias,1.9696523143755806,1.8662783568975314,0.22177283802034492,0.1166160822977553,False
1095,246836,25.656024,with_candidate_bias,2.111531089405549,1.7538337052900381,0.07690906219585546,0.03481311783565631,False
1096,246837,25.678278,without_bias,1.9688046583249799,1.8628842998620987,0.2193968504326689,0.13472704366099317,False
1096,246837,25.678278,with_candidate_bias,2.1099013799308945,1.7515073756882982,0.07422512850094126,0.05714898188734086,False
1097,246838,25.700532,without_bias,1.9628456728020696,1.8645747847154348,0.22413405381134624,0.13360997114161793,False
1097,246838,25.700532,with_candidate_bias,2.1040345247975942,1.7533632339832614,0.07469358732031195,0.05169710892429861,False
1098,246839,25.722789,without_bias,1.964428643513033,1.857429062864662,0.21736889823295583,0.13636534013985147,False
1098,246839,25.722789,with_candidate_bias,2.1055054054623406,1.7460470008333204,0.0678426408509296,0.05935063607522774,False
1099,246840,25.745048,without_bias,1.953089850384714,1.8716596970754094,0.23553731880684564,0.12520683587168427,False
1099,246840,25.745048,with_candidate_bias,2.0944766128234478,1.760345999902795,0.08047061428093495,0.04346548844241199,False
1100,246841,25.767309,without_bias,1.943951917680134,1.860154558841911,0.23191745820622023,0.13543280363757687,False
1100,246841,25.767309,with_candidate_bias,2.084989747646917,1.7492865987728885,0.06946751325732638,0.05551621451073655,False
1101,246842,25.789566,without_bias,1.9489126425173193,1.8839868682502858,0.2480247666262488,0.13375889499271315,False
1101,246842,25.789566,with_candidate_bias,2.089887675453936,1.7737567985787892,0.09375686586350522,0.04969420710900991,False
1102,246843,25.811821,without_bias,1.9546518637713144,1.8476342909085293,0.21545387782303718,0.13411270458444843,False
1102,246843,25.811821,with_candidate_bias,2.0959187106641806,1.7359868222808716,0.05629880465015398,0.056022943384524786,False
1103,246844,25.834075,without_bias,1.9551875718295382,1.8801389907431811,0.24130894389747568,0.12014655645673485,False
1103,246844,25.834075,with_candidate_bias,2.096676383254011,1.7687463788676407,0.08899715644599711,0.038409771059746044,False
1104,246845,25.856333,without_bias,1.9574684520792363,1.8593835848545275,0.22303157110493382,0.14235183690295336,False
1104,246845,25.856333,with_candidate_bias,2.098322079169082,1.7486800054991432,0.06918236883092985,0.061235808351342964,False
1105,246846,25.878594,without_bias,1.9474908622419596,1.8954218985935298,0.2582933385478247,0.12080154916841199,False
1105,246846,25.878594,with_candidate_bias,2.088849077749617,1.784765768721687,0.10477209035746318,0.03621980239522855,False
1106,246847,25.900849,without_bias,1.9415005441135729,1.8625695369982265,0.2353374688363748,0.13874448482321025,False
1106,246847,25.900849,with_candidate_bias,2.0824003491062357,1.7520763969667128,0.0724759387204489,0.057227377140108227,False
1107,246848,25.923103,without_bias,1.9638883146962614,1.8855061881714055,0.24111605203073957,0.1284272629134471,False
1107,246848,25.923103,with_candidate_bias,2.1050283352061974,1.7746723381451301,0.09585771992351848,0.0459586649167504,False
1108,246849,25.964112,without_bias,1.9354094555753476,1.8839729476691527,0.25593592910405,0.15210683848567377,False
1108,246849,25.964112,with_candidate_bias,2.075418154113339,1.7751763240456195,0.09628687806912796,0.07239808495926284,False
1109,246850,25.991862,without_bias,1.9700226703031327,1.903287837994499,0.2534798182054115,0.1292427269945255,False
1109,246850,25.991862,with_candidate_bias,2.1109641605647784,1.7930051953414865,0.11493332937992075,0.04567616949443751,False
1110,246851,26.014124,without_bias,1.9610252068326286,1.8867464563172354,0.24367723421013449,0.15952301496018553,False
1110,246851,26.014124,with_candidate_bias,2.101055040813901,1.7780258708950987,0.09864727716536113,0.07540232788730733,False
1111,246852,26.040854,without_bias,2.0020234311909983,1.9039415354369746,0.24060275965432062,0.14360662191297116,False
1111,246852,26.040854,with_candidate_bias,2.142408337390809,1.7939094811858347,0.1253874145681892,0.06380904854072196,False
1112,246853,26.063106,without_bias,1.980524532076518,1.896406951430628,0.24252184789120254,0.1739405688207762,False
1112,246853,26.063106,with_candidate_bias,2.119886113287963,1.7885603402415389,0.11259896642873626,0.09051992962034978,False
1113,246854,26.085359,without_bias,1.9940787827286635,1.9180371992460215,0.2566370747723428,0.1551481122243273,False
1113,246854,26.085359,with_candidate_bias,2.1340170057352275,1.809418635805566,0.13669923221316493,0.07092373770786159,False
1114,246855,26.107617,without_bias,1.9916233056632788,1.9163505399879786,0.2560069369006038,0.1752035419117859,False
1114,246855,26.107617,with_candidate_bias,2.1308071555351953,1.809013213537072,0.1353130932690395,0.09104708964687785,False
1115,246856,26.129878,without_bias,2.002462975623654,1.8965920090957151,0.2336125618214555,0.16624250256795642,False
1115,246856,26.129878,with_candidate_bias,2.142222866078231,1.7877980114430159,0.11978163053028407,0.08311736269366043,False
1116,246857,26.152134,without_bias,1.9970228623140258,1.8878336955033512,0.2276830980087374,0.17232285579796516,False
1116,246857,26.152134,with_candidate_bias,2.136562427198805,1.7792543928479483,0.10963345349964523,0.0901609894940823,False
1117,246858,26.174389,without_bias,1.9851785660723023,1.8840109390998228,0.22936433088658378,0.15510894359348304,False
1117,246858,26.174389,with_candidate_bias,2.125298722678864,1.7743986001430732,0.10078241677857898,0.07502328128550352,False
1118,246859,26.196644,without_bias,1.9738838715996758,1.8839116204817983,0.23465486196154875,0.15306068234448927,False
1118,246859,26.196644,with_candidate_bias,2.1141744335537798,1.7744256081530263,0.09747101473112403,0.06978623430199948,False
1119,246860,26.218903,without_bias,1.971035210615683,1.872100685271396,0.2259541864958355,0.15000716399520267,False
1119,246860,26.218903,with_candidate_bias,2.111492917537727,1.7620669306238381,0.08483470166330169,0.06841445201898262,False
1120,246861,26.241163,without_bias,1.9788398071998414,1.879016733400378,0.2279566814917377,0.14233086446391685,False
1120,246861,26.241163,with_candidate_bias,2.1196098310907856,1.7685524712426974,0.09337174230147807,0.05948690422585874,False
1121,246862,26.26342,without_bias,1.9627471295445997,1.8525740622319364,0.21441804960024036,0.14939642493087862,False
1121,246862,26.26342,with_candidate_bias,2.103489456183605,1.7419911685265757,0.06344186632989063,0.06713851107882896,False
1122,246863,26.285675,without_bias,1.983269656975885,1.900425178559023,0.24490533980463228,0.1406413632858878,False
1122,246863,26.285675,with_candidate_bias,2.123843809202911,1.7905083256677432,0.11557462292065264,0.0575105924569077,False
1123,246864,26.307927,without_bias,1.9515235314769854,1.895296205910688,0.25598474293235285,0.17140858213119078,False
1123,246864,26.307927,with_candidate_bias,2.090752422187825,1.7878313814924456,0.10783400657361332,0.08931735609829607,False
1124,246865,26.335753,without_bias,1.9619924918148868,1.867036506488623,0.22664636972877045,0.12700119929610032,False
1124,246865,26.335753,with_candidate_bias,2.103355221009905,1.755473727373706,0.07664623573212138,0.04727005666827159,False
1125,246866,26.358015,without_bias,1.9533182923552272,1.8618462220701668,0.22748612635913323,0.12802737739741937,False
1125,246866,26.358015,with_candidate_bias,2.09470471819543,1.750362901779629,0.07052001361420834,0.04686551615926055,False
1126,246867,26.380269,without_bias,1.9618841390249497,1.8644362641910053,0.22456716007046243,0.12414327227821709,False
1126,246867,26.380269,with_candidate_bias,2.103377251586497,1.7525766968616372,0.07379923974780789,0.04575207701032089,False
1127,246868,26.402523,without_bias,1.9547856238115193,1.8908370128507386,0.25046990540953706,0.13475931343705047,False
1127,246868,26.402523,with_candidate_bias,2.095616929720162,1.7808029821698057,0.10095935377074983,0.05108659811453759,False
1128,246869,26.424782,without_bias,1.9739536371614321,1.8645129123185524,0.2179719549399288,0.14326447804220369,False
1128,246869,26.424782,with_candidate_bias,2.114778470944054,1.7537077073334995,0.07776116474620313,0.062057267101842395,False
1129,246870,26.466581,without_bias,1.9584988778821666,1.8781348026410807,0.23780232365531948,0.15280675974131427,False
1129,246870,26.466581,with_candidate_bias,2.0987683047375856,1.7687606803420963,0.08919272135529326,0.0698899142345927,False
1130,246871,26.488845,without_bias,1.960606454389519,1.8709441854847646,0.23065639296601298,0.12450503226174423,False
1130,246871,26.488845,with_candidate_bias,2.1020438030712123,1.7593950241798073,0.0803033190903735,0.043416058809062574,False
1131,246872,26.515865,without_bias,1.9672347828488288,1.8664239077018332,0.223215527920877,0.12409148369320319,False
1131,246872,26.515865,with_candidate_bias,2.108726741444367,1.7545214454045088,0.07683838019051015,0.045521508912778466,False
1132,246873,26.538119,without_bias,1.9749789231317796,1.8583843177525166,0.21225176782292263,0.12348287796323486,False
1132,246873,26.538119,with_candidate_bias,2.116628028908582,1.7459952749905607,0.07116479638582572,0.0448615343159841,False
1133,246874,26.560378,without_bias,1.9656910306345607,1.8576309006504295,0.21680741853216287,0.14407436252472403,False
1133,246874,26.560378,with_candidate_bias,2.106481499208309,1.7467757872699636,0.06877968872913673,0.06514276075097,False
1134,246875,26.582639,without_bias,1.9530394777108113,1.8740089546871304,0.2374819133418803,0.11669811916009692,False
1134,246875,26.582639,with_candidate_bias,2.094682972670795,1.7621840520411565,0.08231736537899485,0.03846116213642015,False
1135,246876,26.604894,without_bias,1.9367399896914126,1.8665912852671007,0.24146415571967791,0.11815600817106353,False
1135,246876,26.604894,with_candidate_bias,2.078401359220498,1.754969756154011,0.075861668883065,0.037168750797182674,False
1136,246877,26.627148,without_bias,1.9603127208294946,1.8736768198025482,0.23308689561508453,0.11637485455533982,False
1136,246877,26.627148,with_candidate_bias,2.1019790592665832,1.7616287994050852,0.08250308329528035,0.04062407625241704,False
1137,246878,26.649402,without_bias,1.9393168236237557,1.8720658937326546,0.2441203129159016,0.12780163642889875,False
1137,246878,26.649402,with_candidate_bias,2.080588458201654,1.7612336771606227,0.08177705927739332,0.04462633607436785,False
1138,246879,26.677747,without_bias,1.944813279329084,1.8538592140533512,0.22650874192936474,0.13880906376898544,False
1138,246879,26.677747,with_candidate_bias,2.0858598568671294,1.7429943167143107,0.0631302203660303,0.056825622428704085,False
1139,246880,26.700008,without_bias,1.9633048560739466,1.8792231068574121,0.2360963909092285,0.11868677303327753,False
1139,246880,26.700008,with_candidate_bias,2.104951475742908,1.7675154332170695,0.08878343132624539,0.03556796251055985,False
1140,246881,26.722262,without_bias,1.9519658382562985,1.8600866776042844,0.22690227248495282,0.13422191552025434,False
1140,246881,26.722262,with_candidate_bias,2.0930717900424476,1.7489557587654478,0.06902414476821518,0.055171530968809224,False
1141,246882,26.744515,without_bias,1.98931548294319,1.8736235960072534,0.21823718497484132,0.1293834494162129,False
1141,246882,26.744515,with_candidate_bias,2.130569351803787,1.7618438359621744,0.09134706229968627,0.05192709637811833,False
1142,246883,26.766768,without_bias,1.968840464327894,1.8602399741824382,0.2171775342376976,0.1315004368093221,False
1142,246883,26.766768,with_candidate_bias,2.1102120294409774,1.748602663504124,0.07151819051110724,0.04932447359170907,False
1143,246884,26.789026,without_bias,1.9747733930956892,1.8735626899583542,0.2252635920041108,0.12305179944524626,False
1143,246884,26.789026,with_candidate_bias,2.1163753846462803,1.7616922281230076,0.08584451672029364,0.040018431784811154,False
1144,246885,26.811288,without_bias,1.9671537118249947,1.85702520089582,0.21547420326011613,0.12927092831856254,False
1144,246885,26.811288,with_candidate_bias,2.1086175515808083,1.745161657107777,0.06776912854608344,0.047880137308331204,False
1145,246886,26.833543,without_bias,1.9676260141462785,1.8603458434818978,0.21794498313777266,0.13180541818006,False
1145,246886,26.833543,with_candidate_bias,2.108919274632203,1.748757243380283,0.0713126739778014,0.05127244594439556,False
1146,246887,26.855803,without_bias,1.9619238306180138,1.8439371918899479,0.20803583356798125,0.12099917090152493,False
1146,246887,26.855803,with_candidate_bias,2.1038122466169127,1.7311384714454252,0.05297094881518544,0.04245796437910924,False
1147,246888,26.878056,without_bias,1.9458005042624704,1.8661940984205063,0.2355031567889972,0.11914823284737026,False
1147,246888,26.878056,with_candidate_bias,2.087461440992092,1.754430335715037,0.07447361382724595,0.038142851530676064,False
1148,246889,26.900315,without_bias,1.955340894632593,1.8778972153749292,0.2393666278149515,0.11163652091512732,False
1148,246889,26.900315,with_candidate_bias,2.097225086285437,1.765845318319476,0.08614882790383269,0.029407828057566834,False
1149,246890,26.922574,without_bias,1.9545476829669297,1.8669433208852741,0.2308573919397903,0.1296119319999147,False
1149,246890,26.922574,with_candidate_bias,2.09593414522648,1.7556975926171485,0.0759298334490518,0.04602612691848468,False
1150,246891,26.944831,without_bias,1.972347304818677,1.885111961053856,0.23645945371413646,0.11450422072737694,False
1150,246891,26.944831,with_candidate_bias,2.1140850228160506,1.7731463479907983,0.09620982521589251,0.03221803824899942,False
1151,246892,26.985848,without_bias,1.9440712372999462,1.8837670430943574,0.2506316253679617,0.12567784819082697,False
1151,246892,26.985848,with_candidate_bias,2.0852533034210183,1.773114763289013,0.09323567059222475,0.043412039202936764,False
1152,246893,27.013858,without_bias,1.949423780709496,1.8642986031796833,0.23179225302842676,0.12518258570235213,False
1152,246893,27.013858,with_candidate_bias,2.0908840852582937,1.7527959540490512,0.07280132232765772,0.04381694904711913,False
1153,246894,27.036119,without_bias,1.9651723984175666,1.880962653997191,0.2365753969000527,0.1260412335415868,False
1153,246894,27.036119,with_candidate_bias,2.106419105466227,1.7697702347918995,0.09125942186373896,0.045578711538027915,False
1154,246895,27.058373,without_bias,1.9594141241399488,1.849450974082141,0.21393060461636412,0.13116113389737571,False
1154,246895,27.058373,with_candidate_bias,2.1008162370216477,1.7375926696001884,0.058599544153388604,0.051838784558661644,False
1155,246896,27.080626,without_bias,1.9638567328131264,1.859179247214871,0.2191285615547795,0.12172179378074541,False
1155,246896,27.080626,with_candidate_bias,2.1055125901602993,1.7469164505971286,0.06869098786594488,0.04436914737943814,False
1156,246897,27.10288,without_bias,1.9543541207052524,1.8601940641286914,0.2255431340494766,0.1207799088280225,False
1156,246897,27.10288,with_candidate_bias,2.0960305490599453,1.7481317505052851,0.06839812094552626,0.04121014479124983,False
1157,246898,27.125137,without_bias,1.946554696040108,1.8704284410231904,0.23841045777957923,0.1346349246018365,False
1157,246898,27.125137,with_candidate_bias,2.0875675193558263,1.7598398338758434,0.07987688048119157,0.052287195243877496,False
1158,246899,27.147397,without_bias,1.9678230088030169,1.864449676372588,0.22124398362870823,0.1152717083602178,False
1158,246899,27.147397,with_candidate_bias,2.109701105632156,1.7518710128668646,0.07452231916438466,0.037176728756449055,False
1159,246900,27.169655,without_bias,1.9438099202110393,1.8705392274813697,0.24015981478569606,0.13824727599909145,False
1159,246900,27.169655,with_candidate_bias,2.084672443461636,1.76025244668476,0.080429087136183,0.0556700135196308,False
1160,246901,27.19191,without_bias,1.9653574904992341,1.868694908172526,0.22614491713254686,0.12035141721606524,False
1160,246901,27.19191,with_candidate_bias,2.1069861604273656,1.7566769449323334,0.07853587416092282,0.04054618907648783,False
1161,246902,27.214163,without_bias,1.9466079361821829,1.8502525890324488,0.22259206643136417,0.1400304713915624,False
1161,246902,27.214163,with_candidate_bias,2.0876566531548146,1.7393031082933874,0.05934938860421463,0.05817754568046194,False
1162,246903,27.236419,without_bias,1.9765973418014025,1.8552483449935608,0.20873941963484055,0.12238363987855302,False
1162,246903,27.236419,with_candidate_bias,2.118300147806643,1.7425745415040113,0.06867657249976213,0.047895647227628464,False
1163,246904,27.25868,without_bias,1.9401682241287,1.873669020536947,0.24486169683412695,0.12445310783369264,False
1163,246904,27.25868,with_candidate_bias,2.0815172879301267,1.7626555467150302,0.08308968532147011,0.042302042392090115,False
1164,246905,27.280937,without_bias,1.9616353756345033,1.8730314138559954,0.23181588281163915,0.11259582172247164,False
1164,246905,27.280937,with_candidate_bias,2.1035078263552482,1.7607243474214616,0.08184669595936284,0.03328969743707273,False
1165,246906,27.303191,without_bias,1.9552011447230697,1.8625132557069914,0.22689605526041307,0.12910236700726319,False
1165,246906,27.303191,with_candidate_bias,2.0965083918189786,1.7510713974610113,0.07136877959675643,0.04945553257585077,False
1166,246907,27.325444,without_bias,1.9514687164098492,1.8612388577274355,0.22811935490764557,0.12551526897833826,False
1166,246907,27.325444,with_candidate_bias,2.0930078482017835,1.749602192428612,0.06966715396565673,0.04298176347029507,False
1167,246908,27.353743,without_bias,1.9524982519813028,1.876095980396157,0.23950023848782964,0.11811574922451966,False
1167,246908,27.353743,with_candidate_bias,2.094076540335194,1.764469300001669,0.08456761096233249,0.03817448443488984,False
1168,246909,27.376003,without_bias,1.9609896850047117,1.877640748647016,0.23602018324909507,0.10884161958237376,False
1168,246909,27.376003,with_candidate_bias,2.102988606606554,1.7652682062445701,0.08625178779449379,0.0276635797356408,False
1169,246910,27.398258,without_bias,1.9705045158294408,1.8684131470937577,0.22311137293945899,0.1279150814433282,False
1169,246910,27.398258,with_candidate_bias,2.111821486819661,1.7567588157809415,0.07980033262532912,0.04974871628936326,False
1170,246911,27.420511,without_bias,1.9723606052618496,1.8668508242137793,0.22079913429116296,0.12084955787176672,False
1170,246911,27.420511,with_candidate_bias,2.1139897686895313,1.7546301741759938,0.07839114681720377,0.04305630899279663,False
1171,246912,27.442764,without_bias,1.966421235877935,1.8568744597473485,0.21576905582787678,0.1274990786791401,False
1171,246912,27.442764,with_candidate_bias,2.1079245261846173,1.7448971814794698,0.0673270584751947,0.04720053709391419,False
1172,246913,27.465022,without_bias,1.9528847001972165,1.8878149654950545,0.24897322210173098,0.11574213917888701,False
1172,246913,27.465022,with_candidate_bias,2.0944626386387726,1.7764551475250068,0.09655832759369384,0.03326411305532678,False
1173,246914,27.50626,without_bias,1.9597969575175955,1.876402850289116,0.23564149013567984,0.14331105586239912,False
1173,246914,27.50626,with_candidate_bias,2.1004700196673496,1.766317512938799,0.08695018316124709,0.06042567017907715,False
1174,246915,27.528514,without_bias,1.970483403427615,1.860491779889982,0.2164751705487258,0.1260445029795504,False
1174,246915,27.528514,with_candidate_bias,2.111982694605385,1.7484409342334069,0.07188463216053317,0.04751796295337026,False
1175,246916,27.550769,without_bias,1.955065625235686,1.8793864096633504,0.24075345449541885,0.1223583654439367,False
1175,246916,27.550769,with_candidate_bias,2.096566964867684,1.7680990564695584,0.0883434704910321,0.038605657361538315,False
1176,246917,27.573035,without_bias,1.9725750342571233,1.8604779898842867,0.21531587821707074,0.13073825666712102,False
1176,246917,27.573035,with_candidate_bias,2.1139319785589255,1.7487196334351454,0.07276762753591483,0.05011789288024355,False
1177,246918,27.595289,without_bias,1.9741979878268519,1.8782436793772406,0.22958802764163488,0.1358683002777354,False
1177,246918,27.595289,with_candidate_bias,2.115094492979402,1.7673939484495391,0.09092544090348964,0.05669811938968263,False
1178,246919,27.617545,without_bias,1.9575215942229491,1.8464764329714525,0.21275556569013052,0.13738186315534529,False
1178,246919,27.617545,with_candidate_bias,2.098721345226671,1.7349796069076069,0.055667037268726294,0.05711401463750139,False
1179,246920,27.639806,without_bias,1.9598605376507796,1.8860547104988463,0.24371053194170234,0.12037152403937287,False
1179,246920,27.639806,with_candidate_bias,2.101246402774848,1.7747783951647806,0.09544331178969763,0.040218470447031474,False
1180,246921,27.662058,without_bias,1.94203258119228,1.8512115081745197,0.2262912670873819,0.13438660686996926,False
1180,246921,27.662058,with_candidate_bias,2.0832274462118328,1.7400022302141143,0.060383235384344806,0.05422080985047037,False
1181,246922,27.689759,without_bias,1.972925513129133,1.858854813719629,0.21376501085715593,0.12830487514968453,False
1181,246922,27.689759,with_candidate_bias,2.114404845279384,1.7468680002705619,0.07118234284774955,0.04764439280541983,False
1182,246923,27.71202,without_bias,1.9519225032582848,1.8822795612198524,0.24491307844570978,0.1406328544728437,False
1182,246923,27.71202,with_candidate_bias,2.092576413167286,1.7723939062449843,0.09242982103204311,0.05783477381321353,False
1183,246924,27.734276,without_bias,1.9662804665069882,1.8833170687498597,0.2380007424626311,0.12383279754299659,False
1183,246924,27.734276,with_candidate_bias,2.1076263636399104,1.7720468018399171,0.0937192745603771,0.041927564608336514,False
1184,246925,27.756529,without_bias,1.9452969669154252,1.858058824062299,0.2294426128911635,0.1360642302911493,False
1184,246925,27.756529,with_candidate_bias,2.086522925463927,1.7471162984225996,0.0672063059636584,0.05242046821811213,False
1185,246926,27.778789,without_bias,1.9678294971081827,1.8763492132325084,0.23125450333748004,0.13601261226478234,False
1185,246926,27.778789,with_candidate_bias,2.1087491909171145,1.7656001062113915,0.08762939200660892,0.05527775456561096,False
1186,246927,27.801047,without_bias,1.9638623341409722,1.8767873750325457,0.23374341000456786,0.13661652922741666,False
1186,246927,27.801047,with_candidate_bias,2.1047448169809506,1.7661808477454046,0.08743310669259305,0.055507077164255195,False
1187,246928,27.823307,without_bias,1.952184277836345,1.8823798795915034,0.24484850201494224,0.13305169074691414,False
1187,246928,27.823307,with_candidate_bias,2.0931340291899145,1.7719925363122428,0.0920459063517904,0.05043830085726727,False
1188,246929,27.845564,without_bias,1.9587553852949662,1.881700883726874,0.2406416326932535,0.13621522334992409,False
1188,246929,27.845564,with_candidate_bias,2.0996250889259627,1.7713577242833212,0.09186335571412593,0.05344707945309744,False
1189,246930,27.867818,without_bias,1.9526163764534774,1.8895632698751943,0.2505813722118149,0.14445468438440268,False
1189,246930,27.867818,with_candidate_bias,2.093209974886664,1.780113557526971,0.10016500556321643,0.05994645700672246,False
1190,246931,27.890072,without_bias,1.9742999339682274,1.868645576470635,0.22129992951127364,0.1338837412187652,False
1190,246931,27.890072,with_candidate_bias,2.1154644117894814,1.7573548184116508,0.08143834600041776,0.05218412765552466,False
1191,246932,27.912331,without_bias,1.9512764685579944,1.8694353376072874,0.23479771146697334,0.14467642819590193,False
1191,246932,27.912331,with_candidate_bias,2.091968999167088,1.7593712622339983,0.07939568140861397,0.06151809615465023,False
1192,246933,27.934591,without_bias,1.9704394713967286,1.8912194867247172,0.24271050980982806,0.12450165719711916,False
1192,246933,27.934591,with_candidate_bias,2.111667889482161,1.7801863792448134,0.10250272201652372,0.04265409329338371,False
1193,246934,27.956848,without_bias,1.940451459907158,1.8684956554789431,0.24061458388538454,0.1435063588761407,False
1193,246934,27.956848,with_candidate_bias,2.081123996690686,1.7585544801924244,0.07905434708508424,0.0607334104087341,False
1194,246935,27.979101,without_bias,1.9595185757192983,1.8673542836736214,0.22831344615062926,0.11509665619432463,False
1194,246935,27.979101,with_candidate_bias,2.101326298858899,1.755031920123351,0.07588197469253188,0.03806815379800199,False
1195,246936,28.018241,without_bias,1.9517622383289164,1.8794467629464027,0.24266991985334696,0.11509132652079851,False
1195,246936,28.018241,with_candidate_bias,2.093405093566341,1.7677457017139169,0.08781174654602437,0.03619406716785389,False
1196,246937,28.045862,without_bias,1.9339150894435653,1.8483145366642486,0.22954799619232336,0.1327938269538933,False
1196,246937,28.045862,with_candidate_bias,2.0753140248289856,1.7370601079725905,0.058919723256031474,0.04946357004839928,False
1197,246938,28.068121,without_bias,1.9567403061747497,1.8697613905766695,0.23187826839096143,0.1132163217579646,False
1197,246938,28.068121,with_candidate_bias,2.0985898479717124,1.757465624417321,0.07794041605317864,0.035751009721422373,False
1198,246939,28.090373,without_bias,1.945951611908453,1.8738026315956642,0.24147339009749635,0.11495599561296371,False
1198,246939,28.090373,with_candidate_bias,2.0877030858456886,1.762031309884438,0.08206346090672134,0.033226302821854424,False
1199,246940,28.112624,without_bias,1.9631303487148253,1.8529568512253105,0.21449937250023837,0.10783601374769165,False
1199,246940,28.112624,with_candidate_bias,2.105421207275356,1.7395284593617033,0.06149350459851408,0.03324581210381965,False
1200,246941,28.134878,without_bias,1.9429718580463846,1.865071447270938,0.23636563862222454,0.12624249359401374,False
1200,246941,28.134878,with_candidate_bias,2.0844648079867247,1.7537846590512576,0.07399198782256199,0.042545483747227275,False
1201,246942,28.157135,without_bias,1.9549024173083251,1.8600398953975275,0.2250904724413864,0.11068659835129065,False
1201,246942,28.157135,with_candidate_bias,2.0970593416729857,1.747277984011675,0.06764733134079393,0.028673594579402856,False
1202,246943,28.179395,without_bias,1.9464354308615845,1.8534475593968156,0.22515514955827842,0.1284309777357495,False
1202,246943,28.179395,with_candidate_bias,2.0878240880359895,1.7417896987882355,0.06182799907174747,0.05094403743092462,False
1203,246944,28.201652,without_bias,1.9561985563903739,1.8642740576475352,0.22772736909275323,0.10847187202495172,False
1203,246944,28.201652,with_candidate_bias,2.0982983506112998,1.7514517356127084,0.07193200362103402,0.03329961599841798,False
1204,246945,28.223905,without_bias,1.9498439228201745,1.8459451448939612,0.21721306840131643,0.12964138872441516,False
1204,246945,28.223905,with_candidate_bias,2.091323975769513,1.734064159427519,0.054080368401504604,0.0499503212408516,False
1205,246946,28.24616,without_bias,1.943606970565143,1.8604938884547584,0.23239828492618791,0.11526580469848367,False
1205,246946,28.24616,with_candidate_bias,2.0855029422963645,1.7483084085886846,0.06845627956519781,0.034015226619520625,False
1206,246947,28.268418,without_bias,1.9514620692467464,1.855566576067946,0.22364342353312153,0.1238457142025523,False
1206,246947,28.268418,with_candidate_bias,2.093054142118978,1.7436008332703723,0.06367412171964855,0.04466840882202565,False
1207,246948,28.290679,without_bias,1.9251430261289932,1.8571780394329258,0.24201214740421853,0.10383689334836461,False
1207,246948,28.290679,with_candidate_bias,2.0675046866394347,1.7444900297252486,0.06830082764618213,0.022352796788581937,False
1208,246949,28.312935,without_bias,1.9337392872175634,1.847963382812748,0.22941034921113923,0.1192990418291815,False
1208,246949,28.312935,with_candidate_bias,2.075520119004751,1.7357513933713486,0.05760108346622861,0.043300373417017916,False
1209,246950,28.335189,without_bias,1.9431848324087873,1.8783503228528584,0.24677427744939104,0.11951761191673382,False
1209,246950,28.335189,with_candidate_bias,2.084641506084635,1.7670987146519235,0.08726339181499995,0.03943916253426402,False
1210,246951,28.357444,without_bias,1.9547623498126063,1.8717675230682491,0.23465720728743727,0.12120794977621994,False
1210,246951,28.357444,with_candidate_bias,2.096308034199347,1.760152721351047,0.080400559919933,0.039835766722568756,False
1211,246952,28.385758,without_bias,1.9428254746463465,1.8795797896010102,0.2479766790048143,0.11596391567736768,False
1211,246952,28.385758,with_candidate_bias,2.0844725115520855,1.7681539279115703,0.08832705211191064,0.03326419029828659,False
1212,246953,28.408017,without_bias,1.954109211930741,1.8565242131756867,0.22277141674680692,0.1138464190940223,False
1212,246953,28.408017,with_candidate_bias,2.0961008838791932,1.7438555846775987,0.06414636761832573,0.03576728864276545,False
1214,246954,28.430503,without_bias,1.9444280008845514,1.8872838784931434,0.25329392651547805,0.11085899042547964,False
1214,246954,28.430503,with_candidate_bias,2.0862070057640456,1.7757575497456761,0.09583264130018347,0.027561835194730384,False
1215,246955,28.452762,without_bias,1.9493143426314263,1.8664500730546634,0.23357243829552535,0.12782818952801248,False
1215,246955,28.452762,with_candidate_bias,2.090583424525579,1.755170371956074,0.07517263600667189,0.04930028202994222,False
1216,246956,28.475015,without_bias,1.9447787402084336,1.8668559452361722,0.2366524002953551,0.11829078589973616,False
1216,246956,28.475015,with_candidate_bias,2.086483514656198,1.7550821661246079,0.07516446859478484,0.03646038578016149,False
1217,246957,28.497273,without_bias,1.9462181464343233,1.845297328643257,0.21908087153236036,0.12883358467050804,False
1217,246957,28.497273,with_candidate_bias,2.08770214251304,1.7333946316107103,0.05344405330692878,0.05061813486615999,False
1218,246958,28.53923,without_bias,1.946340217895573,1.8588956548343925,0.22943798358797848,0.130728555551124,False
1218,246958,28.53923,with_candidate_bias,2.0876256012360046,1.7476349483984854,0.06767661349651191,0.04959799311212609,False
1219,246959,28.561483,without_bias,1.9572846318502326,1.8693106982329728,0.23119668987376088,0.11839778540617987,False
1219,246959,28.561483,with_candidate_bias,2.098908646877719,1.757291862077729,0.07780357274980743,0.043256942771936556,False
1220,246960,28.583735,without_bias,1.9420502441204812,1.8556471239937808,0.22965418008844474,0.12345570762692941,False
1220,246960,28.583735,with_candidate_bias,2.0836030546423823,1.7438358261170648,0.0641555422855772,0.04576103396705632,False
1221,246961,28.606001,without_bias,1.9437984677540852,1.8587104019138512,0.23089455555136737,0.10873557595092435,False
1221,246961,28.606001,with_candidate_bias,2.085951705044218,1.7460031426497669,0.06612717695240355,0.029881670388096297,False
1222,246962,28.628254,without_bias,1.9368847946917604,1.8608323199393408,0.2369485050200327,0.12161481783353369,False
1222,246962,28.628254,with_candidate_bias,2.078580040176395,1.7492167023212137,0.07015245799397388,0.038081609337217444,False
1223,246963,28.650511,without_bias,1.9411341850955275,1.8668397273430795,0.2388935213872677,0.12119494640180274,False
1223,246963,28.650511,with_candidate_bias,2.08265191468888,1.755320743777027,0.07567832451147466,0.04192831489448031,False
1224,246964,28.672765,without_bias,1.915259147526291,1.845885846459615,0.2409408217360883,0.12344576389435809,False
1224,246964,28.672765,with_candidate_bias,2.056903876631087,1.7343289668466804,0.06361595728021392,0.04192254022374392,False
1225,246965,28.695018,without_bias,1.9351544527268945,1.8798970202715768,0.2528556153692513,0.11797570758759436,False
1225,246965,28.695018,with_candidate_bias,2.0765710332869887,1.768664216124624,0.0896754167426793,0.044644185722432006,False
1226,246966,28.722759,without_bias,1.9348187339105352,1.8292334408392406,0.2152947867688588,0.11912493528995252,False
1226,246966,28.722759,with_candidate_bias,2.076873203029579,1.7163407715237344,0.03863889845276292,0.040995574961679826,False
1227,246967,28.745022,without_bias,1.9409301051848995,1.8577411842643445,0.23197793456248544,0.1047765186325214,False
1227,246967,28.745022,with_candidate_bias,2.0832389522840247,1.7447836678641666,0.06513551556679624,0.02738204526920745,False
1228,246968,28.767276,without_bias,1.926120366156874,1.852927671049222,0.23824465115310553,0.12580019645153995,False
1228,246968,28.767276,with_candidate_bias,2.06760497359021,1.741551056299974,0.06549862395148293,0.044708351667961645,False
1229,246969,28.789531,without_bias,1.9402517715009073,1.8665969851763187,0.23925502464004333,0.09917376530488402,False
1229,246969,28.789531,with_candidate_bias,2.082671529074352,1.7535949571684546,0.07395893594917888,0.02331682500984541,False
1230,246970,28.81179,without_bias,1.9391079343256281,1.8351371965248688,0.21641618522900433,0.12161342247386772,False
1230,246970,28.81179,with_candidate_bias,2.0809624922986645,1.722463023453941,0.0434141095302167,0.04784419626120573,False
1231,246971,28.834048,without_bias,1.9544668690140767,1.8738964319935763,0.2365693469887571,0.11153926679510398,False
1231,246971,28.834048,with_candidate_bias,2.096327845373278,1.7616904234328479,0.08193513841878898,0.033795080973020905,False
1232,246972,28.856309,without_bias,1.922268031400513,1.8557036350631908,0.24291105504829996,0.12810717709204053,False
1232,246972,28.856309,with_candidate_bias,2.0636878410423845,1.744662100404051,0.06981057898108568,0.0447670505240597,False
1233,246973,28.878563,without_bias,1.952303738016023,1.8528688532371282,0.22100656321448867,0.11435581749356577,False
1233,246973,28.878563,with_candidate_bias,2.0943458734593317,1.740154441453538,0.060311221532246,0.0342583225021163,False
1234,246974,28.900818,without_bias,1.9224671071061097,1.8548640635064573,0.24216670065759666,0.12988422307239245,False
1234,246974,28.900818,with_candidate_bias,2.0637776770373666,1.7439133489774628,0.06908347413869391,0.04757040114732474,False
1235,246975,28.923071,without_bias,1.9580762930398348,1.8780122291420769,0.23793425005224847,0.11291382394522104,False
1235,246975,28.923071,with_candidate_bias,2.0998601686878526,1.765984187748428,0.08654769476600647,0.03341919101975304,False
1236,246976,28.94533,without_bias,1.929984337428203,1.8415349435635235,0.22737315202187325,0.12610437963539503,False
1236,246976,28.94533,with_candidate_bias,2.0715610592930456,1.7296436093418874,0.05295736476529507,0.048611232992230975,False
1237,246977,28.967591,without_bias,1.9440062959196358,1.869333464754852,0.23908434182769422,0.1129794088611689,False
1237,246977,28.967591,with_candidate_bias,2.0858491723931687,1.75729816019101,0.07740952744163145,0.033540057465714285,False
1238,246978,28.989846,without_bias,1.92493469108335,1.843592141001765,0.23239824613213078,0.13341885264211792,False
1238,246978,28.989846,with_candidate_bias,2.066219590428787,1.7324132900068991,0.05755571951354576,0.05242147359962323,False
1239,246979,29.0121,without_bias,1.9406572795801942,1.884949059262724,0.2535889686777874,0.10065466850236075,False
1239,246979,29.0121,with_candidate_bias,2.082806701065059,1.7727325531127367,0.0930111281319282,0.02122839130203123,False
1240,246980,29.052846,without_bias,1.9305773142074854,1.8541308392657498,0.2360871490121672,0.13490710028686898,False
1240,246980,29.052846,with_candidate_bias,2.0716975278916148,1.743313015292874,0.06590537452100485,0.053444155645311305,False
1241,246981,29.080865,without_bias,1.9360251188898545,1.8504456223889654,0.22969539439101774,0.12166229696522285,False
1241,246981,29.080865,with_candidate_bias,2.0777596416417206,1.7384904830121584,0.05975753488669601,0.04039247538049813,False
1242,246982,29.103126,without_bias,1.935635912238307,1.8512276387156525,0.23053671258746974,0.12384878785695629,False
1242,246982,29.103126,with_candidate_bias,2.0771781493307344,1.7393161900616116,0.06068616199769257,0.051199013509618904,False
1243,246983,29.12538,without_bias,1.9379102424607721,1.8722464624665482,0.24513261039535936,0.10991084212997304,False
1243,246983,29.12538,with_candidate_bias,2.0798398762851096,1.7602498314100836,0.08089044168039095,0.029328473004911784,False
1244,246984,29.147631,without_bias,1.9380137255009113,1.8417324916134639,0.22193969108659106,0.11497763078009689,False
1244,246984,29.147631,with_candidate_bias,2.0800702979050447,1.728917117140913,0.049914760673295505,0.039242851721485277,False
1245,246985,29.169884,without_bias,1.9351073203432474,1.8437834927716663,0.22542576320317922,0.1057624556214634,False
1245,246985,29.169884,with_candidate_bias,2.077567259717556,1.730514320929269,0.0520218189789236,0.026008053004545718,False
1246,246986,29.192143,without_bias,1.9283785369897508,1.8670779141433282,0.24722387276675328,0.11629477482019004,False
1246,246986,29.192143,with_candidate_bias,2.0701145644701175,1.7555323305430284,0.07810610413709297,0.03387801912493603,False
1247,246987,29.214403,without_bias,1.9339996086427889,1.8569506361398944,0.23589754075427816,0.11549810086342302,False
1247,246987,29.214403,with_candidate_bias,2.0759491556318737,1.7448513689728442,0.06635605688337194,0.03261417505544472,False
1248,246988,29.23666,without_bias,1.938571537655921,1.85572364751763,0.23196848817197652,0.11289186080262711,False
1248,246988,29.23666,with_candidate_bias,2.080644525899185,1.7433061516290798,0.0639937007035463,0.030515607109580723,False
1249,246989,29.258915,without_bias,1.9584685717993298,1.8513680762863751,0.216026697828303,0.11947487287431897,False
1249,246989,29.258915,with_candidate_bias,2.100369051515549,1.7388191060789937,0.05972607863625429,0.03820273966764216,False
1250,246990,29.281168,without_bias,1.9468031266820547,1.8650692758632523,0.23399996024910827,0.12828596200543907,False
1250,246990,29.281168,with_candidate_bias,2.0881077616685695,1.7538559088435863,0.07388014507981883,0.04719049600169769,False
1251,246991,29.303426,without_bias,1.955710349041501,1.8465672733723284,0.21395879723266215,0.12417402133433025,False
1251,246991,29.303426,with_candidate_bias,2.0973821920357216,1.7341611617435229,0.05466194472080485,0.04845177802144428,False
1252,246992,29.325686,without_bias,1.9376984155433292,1.859258723620751,0.23522215589130455,0.12021653490873398,False
1252,246992,29.325686,with_candidate_bias,2.079428146713453,1.7474873898920775,0.06831040825787507,0.037534406568597786,False
1253,246993,29.347943,without_bias,1.933311433522463,1.8634070868879633,0.24122492902997075,0.11490775165091156,False
1253,246993,29.347943,with_candidate_bias,2.0751902301854597,1.7515224271950829,0.07303962536757433,0.032081620351630584,False
1254,246994,29.370198,without_bias,1.9157772668729756,1.846765604722886,0.24117281699403895,0.11769180683181743,False
1254,246994,29.370198,with_candidate_bias,2.057602007100841,1.7348211934785265,0.06367882849349532,0.0390501223123703,False
1255,246995,29.39245,without_bias,1.9365307872917756,1.860885282183529,0.23721779983782235,0.11199795717457339,False
1255,246995,29.39245,with_candidate_bias,2.078556641468507,1.748643047536622,0.06959036161420082,0.029801804637261377,False
1256,246996,29.420745,without_bias,1.9453366804921681,1.8677278035749951,0.23700043089858927,0.11084213494025665,False
1256,246996,29.420745,with_candidate_bias,2.0873152808746336,1.755467762767229,0.07551550128200753,0.030210130468043765,False
1257,246997,29.443006,without_bias,1.9294558200440322,1.8475394890568329,0.23204291437395536,0.1310138592809639,False
1257,246997,29.443006,with_candidate_bias,2.0708266462011045,1.736250030845945,0.059427968719007934,0.04935129132589956,False
1258,246998,29.465262,without_bias,1.949544439205814,1.8556365890118927,0.22489103129680765,0.10920039201521999,False
1258,246998,29.465262,with_candidate_bias,2.0917117485209653,1.7427056897754656,0.0627290491974489,0.0327531859212646,False
1259,246999,29.487515,without_bias,1.9202815258807067,1.8444567257402384,0.23632683956457678,0.1250926296003904,False
1259,246999,29.487515,with_candidate_bias,2.061878898382159,1.7328484142251728,0.05986444054959825,0.04425713095843795,False
1260,247000,29.50977,without_bias,1.9629778814259429,1.8581260958095154,0.2187773402694677,0.11336363554658117,False
1260,247000,29.50977,with_candidate_bias,2.1049599740568214,1.745191824798559,0.06688628293115703,0.04216477872723832,False
1261,247001,29.532028,without_bias,1.9460587371064622,1.8392839731662087,0.21468691453137068,0.12657515213793935,False
1261,247001,29.532028,with_candidate_bias,2.087749768894309,1.727042021892293,0.047095810469127745,0.04633359813479498,False
1262,247002,29.573262,without_bias,1.9579127466279127,1.8403244666761034,0.20772813270801563,0.11647663450830907,False
1262,247002,29.573262,with_candidate_bias,2.100000343523679,1.727154234430381,0.04820299467156497,0.03974120925967627,False
1263,247003,29.595516,without_bias,1.9418258611675128,1.8535020703171339,0.22816341473400342,0.11318053748814162,False
1263,247003,29.595516,with_candidate_bias,2.083810819599181,1.7408892504218798,0.06120299642151744,0.03905387204837788,False
1264,247004,29.61777,without_bias,1.947233219532792,1.8419758571634297,0.21591325088747967,0.11949044862062663,False
1264,247004,29.61777,with_candidate_bias,2.08912334219273,1.7292604094418036,0.049268209499485426,0.04457948438500859,False
1265,247005,29.640035,without_bias,1.9409500007844538,1.8683836872667157,0.2402172264729531,0.12212429386251833,False
1265,247005,29.640035,with_candidate_bias,2.0824360929769963,1.7570013370785966,0.077371949706236,0.0412577828047734,False
1266,247006,29.662289,without_bias,1.9229698827492958,1.8468209456652183,0.2360683968290158,0.11256898636698053,False
1266,247006,29.662289,with_candidate_bias,2.0650414971258875,1.7343836556956094,0.05983735348873368,0.0337531697587837,False
1267,247007,29.684546,without_bias,1.9417277113171498,1.8599379475338713,0.23315732146761478,0.11258356950030257,False
1267,247007,29.684546,with_candidate_bias,2.083734884859569,1.7475900875241888,0.06787983205084086,0.03139830970502395,False
1268,247008,29.706805,without_bias,1.933737395203276,1.8540303190939655,0.23389004600838537,0.1281402648689491,False
1268,247008,29.706805,with_candidate_bias,2.075211909531896,1.7426859829371213,0.06440667726630443,0.0451865935301424,False
1269,247009,29.733862,without_bias,1.9353507356185,1.8409772674234255,0.22322651186821896,0.13109702894759004,False
1269,247009,29.733862,with_candidate_bias,2.076855151064655,1.7293298649637268,0.051051176586564155,0.04889137836207996,False
1270,247010,29.761751,without_bias,1.9327010604029087,1.856907869382911,0.23672632014199538,0.12835015771518618,False
1270,247010,29.761751,with_candidate_bias,2.0741021572150053,1.7457086575268759,0.0676045048735709,0.045789741661067855,False
1271,247011,29.784016,without_bias,1.9420643675425553,1.856167164151378,0.2300430852595285,0.1092855801190976,False
1271,247011,29.784016,with_candidate_bias,2.084199268504022,1.743425149112377,0.06368985810798827,0.032437555066020064,False
1272,247012,29.80627,without_bias,1.9339017341424096,1.825862579489508,0.21364119616562716,0.1194907374653675,False
1272,247012,29.80627,with_candidate_bias,2.0759404564652306,1.712797131065209,0.03568364570100111,0.04713419423011623,False
1273,247013,29.828526,without_bias,1.9635917536101437,1.8421659900576133,0.20561335823998528,0.11354950850550835,False
1273,247013,29.828526,with_candidate_bias,2.1057741960496195,1.7286957238628589,0.0511869005072552,0.04040859924252399,False
1274,247014,29.850786,without_bias,1.9459991353868635,1.8496991036920476,0.22256242900187617,0.1306535779330117,False
1274,247014,29.850786,with_candidate_bias,2.0873902453928435,1.7381074684301938,0.0581660442739194,0.050193809852227614,False
1275,247015,29.873044,without_bias,1.9399887720575986,1.8599201506891492,0.234253343909523,0.1143456206550207,False
1275,247015,29.873044,with_candidate_bias,2.0819018768170987,1.7477271867291866,0.06820961384830995,0.03380983236733637,False
1276,247016,29.895305,without_bias,1.9468690700348943,1.8385129406907892,0.21357156992239773,0.1268335912992374,False
1276,247016,29.895305,with_candidate_bias,2.0885042725308787,1.7261884495943562,0.04621266143160635,0.05063523555286137,False
1277,247017,29.917562,without_bias,1.9517320310630304,1.8603377634736369,0.227243790165162,0.10879338575400113,False
1277,247017,29.917562,with_candidate_bias,2.0938413721657927,1.7474538073990231,0.06756309845426453,0.0361902483359645,False
1278,247018,29.939816,without_bias,1.9490143699947973,1.8397701394948305,0.213080842269223,0.13541579040452265,False
1278,247018,29.939816,with_candidate_bias,2.0902890890346977,1.7280146645726076,0.04801553484540189,0.05894126474047297,False
1279,247019,29.962068,without_bias,1.9431606874561946,1.8840206375275252,0.2513686620195031,0.11709609210636411,False
1279,247019,29.962068,with_candidate_bias,2.0846762252706257,1.772825085247725,0.09297762649485382,0.03530346384073206,False
1280,247020,29.984326,without_bias,1.9468985459067412,1.8401289563671872,0.21475406592390653,0.1288449756138339,False
1280,247020,29.984326,with_candidate_bias,2.0884333237583474,1.7280015915496623,0.04802715133907873,0.052228106720858015,False
1281,247021,30.006585,without_bias,1.932885819077864,1.8758368020479415,0.25107154136460447,0.11647459667263886,False
1281,247021,30.006585,with_candidate_bias,2.0744679258782805,1.7645174864992224,0.08593282754959729,0.0361067238404108,False
1282,247022,30.028843,without_bias,1.9319064438621776,1.8527969259897454,0.23420578584614077,0.13488949393788605,False
1282,247022,30.028843,with_candidate_bias,2.0730824200153304,1.741905057943891,0.06417507858642797,0.05257291648335008,False
1283,247023,30.051098,without_bias,1.954794645374632,1.8707737798846034,0.2338271220599325,0.10557725783085094,False
1283,247023,30.051098,with_candidate_bias,2.0970123978875277,1.758060010354435,0.07837435129343988,0.023821794708150247,False
1284,247024,30.091845,without_bias,1.9170307509055722,1.8563686796429772,0.24703091363490792,0.12527098285049743,False
1284,247024,30.091845,with_candidate_bias,2.0583794855996933,1.7450565894822283,0.07233406366297403,0.05492609716062876,False
1285,247025,30.119869,without_bias,1.9504426586727737,1.8596479512901172,0.22748546749421214,0.1271181957721759,False
1285,247025,30.119869,with_candidate_bias,2.091816671123861,1.7480302863739752,0.06805453811537737,0.05013739698698184,False
1286,247026,30.142128,without_bias,1.9602884406905348,1.8348175429357874,0.20197415730525345,0.11826444650797849,False
1286,247026,30.142128,with_candidate_bias,2.102390689982541,1.721532591132199,0.04334149656389209,0.040504720434700846,False
1287,247027,30.164381,without_bias,1.95989198533622,1.8472049059542093,0.21186216286752654,0.1190357261358999,False
1287,247027,30.164381,with_candidate_bias,2.1017748253954154,1.7343687623066655,0.055629208405757656,0.044869266931481466,False
1288,247028,30.186632,without_bias,1.959381435317566,1.8525258835387843,0.2163940616803921,0.12104160443157087,False
1288,247028,30.186632,with_candidate_bias,2.10112092942271,1.7400499713616773,0.06107105805341155,0.04526816979040893,False
1289,247029,30.208887,without_bias,1.9420096574613832,1.8662618888657638,0.23789626463763416,0.11953602118949914,False
1289,247029,30.208887,with_candidate_bias,2.0836205176079057,1.754601493458406,0.07487376457622283,0.03945691024388449,False
1290,247030,30.231145,without_bias,1.9632574820511006,1.8584186871526374,0.21885358982958847,0.11804714606086988,False
1290,247030,30.231145,with_candidate_bias,2.105087613802001,1.7459115404969594,0.0676163239234481,0.039480543951403685,False
1291,247031,30.253405,without_bias,1.949105131509635,1.860457185299829,0.22894575709816958,0.12520847071819388,False
1291,247031,30.253405,with_candidate_bias,2.090648447184425,1.748823843087046,0.06882689780181381,0.04286673228077296,False
1292,247032,30.275662,without_bias,1.9573301555432436,1.858301440095858,0.22224466510680688,0.12074457027665182,False
1292,247032,30.275662,with_candidate_bias,2.099017785994674,1.7460845160194203,0.06669695436649838,0.04305039432784269,False
1293,247033,30.297915,without_bias,1.967446207613455,1.861974057129837,0.21939459769241723,0.1253020216715663,False
1293,247033,30.297915,with_candidate_bias,2.1089115800193734,1.7499060707426373,0.0724189656478452,0.051203139016088785,False
1294,247034,30.320168,without_bias,1.9475210111762467,1.8681940116679567,0.23604501325789168,0.12563153542255642,False
1294,247034,30.320168,with_candidate_bias,2.0888935190325593,1.7568994956557726,0.07690745563496111,0.04464517429493732,False
1295,247035,30.342425,without_bias,1.9489266830130836,1.848361221456339,0.2196524109951024,0.12519701036139638,False
1295,247035,30.342425,with_candidate_bias,2.0905569282369214,1.7362876945050858,0.056290449649642645,0.04543876372618081,False
1296,247036,30.364685,without_bias,1.934727770694804,1.8691792725927816,0.24474121510718072,0.12190554178547627,False
1296,247036,30.364685,with_candidate_bias,2.076199165621316,1.7579477286116996,0.0791600367942754,0.04052008401540765,False
1297,247037,30.386942,without_bias,1.934827194339539,1.8565769095508693,0.23507021207093648,0.12132552559030499,False
1297,247037,30.386942,with_candidate_bias,2.0764512328899887,1.7448327331177764,0.06623331770130614,0.04196384350524825,False
1298,247038,30.409196,without_bias,1.9446325035006242,1.8557765742206083,0.2280989107453804,0.11513126599065997,False
1298,247038,30.409196,with_candidate_bias,2.0865249107221406,1.7433379572171919,0.06343321740173619,0.03942501067149168,False
1299,247039,30.431448,without_bias,1.9567273554403422,1.8445689665506793,0.2117653006030107,0.11760412760132362,False
1299,247039,30.431448,with_candidate_bias,2.0987656746294685,1.7316822447910105,0.05242033458828406,0.03718205964135956,False
1300,247040,30.459764,without_bias,1.9412191777698808,1.8714889872327418,0.24249487684256643,0.1100763221613412,False
1300,247040,30.459764,with_candidate_bias,2.0831719924662537,1.7594050503005525,0.07969807839662243,0.029069472402555963,False
1301,247041,30.482024,without_bias,1.9472415130449556,1.8432885780906967,0.21689431835014744,0.12734362805635668,False
1301,247041,30.482024,with_candidate_bias,2.088805975488099,1.7311791677632835,0.05119309433387813,0.05006018884717073,False
1302,247042,30.504278,without_bias,1.961109816050297,1.8719134231282837,0.2311783759251801,0.11144613669500508,False
1302,247042,30.504278,with_candidate_bias,2.1030155818409355,1.7594778680041772,0.08053655612917349,0.03457739111850577,False
1303,247043,30.526531,without_bias,1.9504742312852028,1.8499450786686948,0.2198835371262795,0.11146135353609678,False
1303,247043,30.526531,with_candidate_bias,2.0926124192600217,1.736922913507185,0.056982829137702654,0.03631595823055647,False
1304,247044,30.548792,without_bias,1.9470092091984816,1.8606605669933218,0.2304009694432558,0.11175671856547997,False
1304,247044,30.548792,with_candidate_bias,2.089088323807325,1.7481654851125306,0.06817158142589128,0.029579363618466543,False
1305,247045,30.57105,without_bias,1.9417173672594452,1.8579497640934755,0.23163302379711273,0.12287970117064247,False
1305,247045,30.57105,with_candidate_bias,2.083360243995155,1.7462264024881209,0.06655841604427246,0.04049931001728763,False
1306,247046,30.612226,without_bias,1.9502884647000227,1.8559176644064073,0.22464714052505122,0.11919903313716143,False
1306,247046,30.612226,with_candidate_bias,2.0920259808084976,1.7436233909465166,0.06365563976404372,0.043935499421554516,False
1307,247047,30.63448,without_bias,1.950007581778801,1.8685581798230673,0.23484476646842112,0.1048676492175191,False
1307,247047,30.63448,with_candidate_bias,2.0921823083331845,1.7557849611470988,0.07581637557763081,0.029943504060400083,False
1308,247048,30.656733,without_bias,1.938800809353987,1.8689889877046546,0.2420289914982076,0.1133110651982064,False
1308,247048,30.656733,with_candidate_bias,2.080677973342295,1.757084245625791,0.0776458698496207,0.03086894653108921,False
1309,247049,30.678999,without_bias,1.9555836349891915,1.8587154339221996,0.2236223725496154,0.11773059623464346,False
1309,247049,30.678999,with_candidate_bias,2.097383048704896,1.7463473687996443,0.06675689293859385,0.040236558502932285,False
1310,247050,30.701253,without_bias,1.9712948132007333,1.8623193927958686,0.2175575380502891,0.11030427656237804,False
1310,247050,30.701253,with_candidate_bias,2.113379323800878,1.74917834870648,0.07302216588914393,0.038334146575638876,False
1311,247051,30.723509,without_bias,1.9568264575392396,1.8589953178407121,0.22310203096441214,0.11045303702508125,False
1311,247051,30.723509,with_candidate_bias,2.098907691573979,1.746087416449044,0.06668503266915696,0.03615021722675918,False
1312,247052,30.745763,without_bias,1.9511664776217061,1.8808184807064943,0.24413686556771558,0.09578451655666,False
1312,247052,30.745763,with_candidate_bias,2.0936069572182587,1.7678855262045154,0.0879595125988027,0.01734084211159037,False
1313,247053,30.768018,without_bias,1.9404451909529359,1.860538079083841,0.23443685484237975,0.120220559135746,False
1313,247053,30.768018,with_candidate_bias,2.082069986991822,1.7487303224606066,0.06918628716623572,0.041978604957264284,False
1314,247054,30.795762,without_bias,1.9555135448368144,1.8455570978239697,0.2132973494027879,0.11729500226024722,False
1314,247054,30.795762,with_candidate_bias,2.097498227281564,1.7326875295909212,0.053218410223908406,0.03994353888410773,False
1315,247055,30.818024,without_bias,1.9464638877559712,1.8525971067360523,0.22448246428571347,0.11567770996440425,False
1315,247055,30.818024,with_candidate_bias,2.0884337925274545,1.7400875769563922,0.060107985412401026,0.03553840315659967,False
1316,247056,30.840279,without_bias,1.962380413314539,1.863650857416996,0.22363898661853593,0.11290756008791775,False
1316,247056,30.840279,with_candidate_bias,2.1043446678354085,1.7509974584987094,0.07243209653588784,0.035144315666974554,False
1317,247057,30.862532,without_bias,1.9390348218881015,1.8700185525278168,0.24268814414207357,0.12107976373570399,False
1317,247057,30.862532,with_candidate_bias,2.080523659103715,1.7586615892540975,0.07923033926951824,0.040802798293252285,False
1318,247058,30.884792,without_bias,1.9522082551164535,1.8660248920742817,0.23149908299883284,0.1085281428952829,False
1318,247058,30.884792,with_candidate_bias,2.0942892762808083,1.753380326244185,0.07350557918087668,0.030941180695525462,False
1319,247059,30.907051,without_bias,1.9569884573683949,1.8267286586033313,0.19804385809404,0.1263967144954098,False
1319,247059,30.907051,with_candidate_bias,2.098850405531474,1.7137805894241007,0.03492073739071406,0.048151690741996746,False
1320,247060,30.92931,without_bias,1.9620723980331976,1.864399355232949,0.22442948459439088,0.1143241367644836,False
1320,247060,30.92931,with_candidate_bias,2.1039728586182527,1.7518795083459444,0.07322502644602037,0.036025587366027456,False
1321,247061,30.951566,without_bias,1.9520593617247524,1.866641425831002,0.23208326420492306,0.1102653747167137,False
1321,247061,30.951566,with_candidate_bias,2.0940468125746046,1.7541248475820448,0.0742352323433783,0.03396125861558578,False
1322,247062,30.97382,without_bias,1.9609753494503535,1.880201690444452,0.23817656750040422,0.10837427645712948,False
1322,247062,30.97382,with_candidate_bias,2.102969109569838,1.7678908791368604,0.08884258234925793,0.026764455771238573,False
1323,247063,30.996073,without_bias,1.9474976666580366,1.8624173844238687,0.23148005777593358,0.12263749261327447,False
1323,247063,30.996073,with_candidate_bias,2.0890978564629004,1.7507174339526477,0.07072318804896047,0.04068720598013211,False
1324,247064,31.018331,without_bias,1.944983710346335,1.8480682883764619,0.22198349898744543,0.10710825745603146,False
1324,247064,31.018331,with_candidate_bias,2.0873356260420586,1.7348287073758364,0.05489340617135047,0.029367500781076087,False
1325,247065,31.044983,without_bias,1.9427503419492902,1.8529987087260167,0.22718057799231015,0.12124728902892797,False
1325,247065,31.044983,with_candidate_bias,2.084448874356499,1.7409490526857738,0.06120132367198585,0.04223564622401822,False
1326,247066,31.067239,without_bias,1.94147130807979,1.9029043160748331,0.26785650346466805,0.09888038432013153,False
1326,247066,31.067239,with_candidate_bias,2.083415064469258,1.7911761444117815,0.11137098572883936,0.025146353987377863,False
1327,247067,31.089493,without_bias,1.9517823947001982,1.8584767666065136,0.22573892582611382,0.11579435925204512,False
1327,247067,31.089493,with_candidate_bias,2.0936370310319457,1.7460265362803775,0.06612663221358965,0.040142683207405834,False
1328,247068,31.131114,without_bias,1.947073263232505,1.8605246553733636,0.23025464877104332,0.11439090682057666,False
1328,247068,31.131114,with_candidate_bias,2.08897233132061,1.7481922917182475,0.06820003484384136,0.03573872454543505,False
1329,247069,31.158865,without_bias,1.9598783873764212,1.8592065979258952,0.22146475749413075,0.10225748564296684,False
1329,247069,31.158865,with_candidate_bias,2.1023434617074983,1.745726113219586,0.06687512995036594,0.02439942269698006,False
1330,247070,31.181126,without_bias,1.956219850399636,1.8495755054804195,0.21599301027124823,0.12809355948218523,False
1330,247070,31.181126,with_candidate_bias,2.0977199289122668,1.7375706562266315,0.058085951492382826,0.04967472874127455,False
1331,247071,31.203379,without_bias,1.945325332915975,1.8486284851205907,0.22218533995279424,0.09888055624191303,False
1331,247071,31.203379,with_candidate_bias,2.0880370781168374,1.7348413330453132,0.05487645098315273,0.020226234801574747,False
1332,247072,31.225629,without_bias,1.9464661879604161,1.851838068017044,0.2238979160654356,0.12312621837814026,False
1332,247072,31.225629,with_candidate_bias,2.0880919697776967,1.7397668538772852,0.05979730262911527,0.04604284946904775,False
1333,247073,31.247883,without_bias,1.9588577708892445,1.8829404742687885,0.24162599270893578,0.10532748076061257,False
1333,247073,31.247883,with_candidate_bias,2.1009700179448028,1.7705611482951196,0.09122314878494354,0.022395429423871266,False
1334,247074,31.270142,without_bias,1.938643626480728,1.8761985032978814,0.2477954892673273,0.12650711139588183,False
1334,247074,31.270142,with_candidate_bias,2.0798487816169255,1.765441716475129,0.0860426298347349,0.04503438334657874,False
1335,247075,31.292403,without_bias,1.9491112576849325,1.8841217450271504,0.24802283061051142,0.10666580806617294,False
1335,247075,31.292403,with_candidate_bias,2.091136588395349,1.7720864184598586,0.09209343243654587,0.023122322064626236,False
1336,247076,31.314659,without_bias,1.95042616888574,1.8601611330982715,0.22790104916644202,0.11962551204819857,False
1336,247076,31.314659,with_candidate_bias,2.092119955314869,1.7480915312116005,0.06812452446276174,0.04119077733761205,False
1337,247077,31.336914,without_bias,1.955642597989323,1.8703891532377839,0.23302347767051068,0.10425499766058902,False
1337,247077,31.336914,with_candidate_bias,2.0978510847529543,1.757536241144641,0.07793271599680066,0.027646426170548848,False
1338,247078,31.359168,without_bias,1.9418045856902035,1.8574189376124637,0.23116954869962325,0.11846973445208375,False
1338,247078,31.359168,with_candidate_bias,2.0837067732084207,1.7453496459501583,0.06565196820554048,0.034912918681773465,False
1339,247079,31.381427,without_bias,1.9640589000417332,1.864035699177077,0.2230029130533808,0.11035701181980474,False
1339,247079,31.381427,with_candidate_bias,2.106113685651967,1.751169670591986,0.0729710413620513,0.034502964871389354,False
1340,247080,31.403688,without_bias,1.9415988269085747,1.8624801220648703,0.23520608649378347,0.12078246707667381,False
1340,247080,31.403688,with_candidate_bias,2.0832524997217803,1.7507838514361844,0.0711047282826143,0.038767269636635175,False
1341,247081,31.425944,without_bias,1.946322754470207,1.8727831961815278,0.24043400677315555,0.11610999490302486,False
1341,247081,31.425944,with_candidate_bias,2.0880657890886547,1.7610428657859019,0.08106594393850773,0.03357268791515957,False
1342,247082,31.4482,without_bias,1.9311751894448022,1.8552208712520193,0.23649032574338255,0.11185164027437408,False
1342,247082,31.4482,with_candidate_bias,2.073175641631757,1.7428483557068533,0.06506131607613101,0.03495077539090734,False
1343,247083,31.470455,without_bias,1.9516526384389152,1.8775686707605614,0.2411915672593232,0.11434922378508869,False
1343,247083,31.470455,with_candidate_bias,2.093327813038904,1.7657257673254554,0.08579033467215305,0.037751429739636445,False
1344,247084,31.498767,without_bias,1.941879723254269,1.8858299921497401,0.2535854925889767,0.11530024419021044,False
1344,247084,31.498767,with_candidate_bias,2.0834794099809297,1.7746069597729004,0.0948314026663531,0.032161081615580844,False
1345,247085,31.521029,without_bias,1.9473230217770618,1.86247201697846,0.23163064800456823,0.1225306486589035,False
1345,247085,31.521029,with_candidate_bias,2.0888365473983526,1.75071489434316,0.07072446467751158,0.04588278246783969,False
1346,247086,31.543283,without_bias,1.9733663350401494,1.853278472890737,0.20887518035734298,0.11093519921712362,False
1346,247086,31.543283,with_candidate_bias,2.1155835454746676,1.739885295348898,0.06512116705096074,0.033168721003662194,False
1347,247087,31.565536,without_bias,1.9409271607669363,1.858379667233836,0.23246938955368057,0.11722859206950084,False
1347,247087,31.565536,with_candidate_bias,2.082672534078165,1.74619895920829,0.0666032578564781,0.04431887812169967,False
1348,247088,31.587796,without_bias,1.948732812950425,1.875893513209662,0.2415174665619933,0.11817835048384066,False
1348,247088,31.587796,with_candidate_bias,2.0902896397482182,1.7643398928318403,0.08434039017025041,0.038708082312153114,False
1349,247089,31.610054,without_bias,1.9393075686806143,1.8665977925042627,0.2398477538448331,0.12114477276299453,False
1349,247089,31.610054,with_candidate_bias,2.0808107305606884,1.7550924776051766,0.07565264612498511,0.04288740657758783,False
1350,247090,31.649115,without_bias,1.9421661646607133,1.8700111743947891,0.24074694030456603,0.12953670384501928,False
1350,247090,31.649115,with_candidate_bias,2.0833323404678,1.7591545412851426,0.07943487325915921,0.048536743941388245,False
1351,247091,31.671368,without_bias,1.94191252689758,1.8820442338162415,0.2505030381218,0.10846924485329446,False
1351,247091,31.671368,with_candidate_bias,2.083779191469644,1.7702197523701244,0.09043396583418162,0.0284125509370854,False
1352,247092,31.693621,without_bias,1.9482953567622547,1.8478148809195363,0.21964070700390395,0.12645309411109928,False
1352,247092,31.693621,with_candidate_bias,2.089829417987901,1.735752683181614,0.055752944139052185,0.05087241587437603,False
1353,247093,31.715886,without_bias,1.94786116218975,1.8767912544153138,0.24275552934670988,0.11838461181213533,False
1353,247093,31.715886,with_candidate_bias,2.089412577522349,1.7653122029017827,0.08531422524481015,0.037800780895188506,False
1354,247094,31.738142,without_bias,1.9290100690706868,1.8593610447974405,0.24101481749356085,0.1287286212895254,False
1354,247094,31.738142,with_candidate_bias,2.070272551388734,1.7483352948639872,0.07112583744925766,0.048926516954680525,False
1355,247095,31.760396,without_bias,1.947034952877282,1.8852277509414526,0.250114842532961,0.10340870304408782,False
1355,247095,31.760396,with_candidate_bias,2.089083282185159,1.7730655413898597,0.09307005622508106,0.02409229306749074,False
1356,247096,31.782651,without_bias,1.9294091379669278,1.8634743382933179,0.2438283367057571,0.13046451628360356,False
1356,247096,31.782651,with_candidate_bias,2.0706889105508925,1.7527110011951859,0.07523169458757227,0.04668093664302628,False
1357,247097,31.804904,without_bias,1.9503729264968186,1.876010885799292,0.24065740588414464,0.1019979339576437,False
1357,247097,31.804904,with_candidate_bias,2.0926045968254257,1.7633384672168817,0.08337915832318227,0.02356677842793941,False
1358,247098,31.83275,without_bias,1.9374698936878927,1.8747840519389847,0.24739898993599754,0.12086758037281761,False
1358,247098,31.83275,with_candidate_bias,2.078884988945967,1.7636084139869188,0.0843440001431002,0.04145572093705613,False
1359,247099,31.855011,without_bias,1.961869921436155,1.8810816686815186,0.23843480138713202,0.11939133800566967,False
1359,247099,31.855011,with_candidate_bias,2.103333412114385,1.7694847527101298,0.09047265247689565,0.042078017784364895,False
1360,247100,31.877265,without_bias,1.9513553685109166,1.868915007759773,0.23433141914309907,0.12979158550434727,False
1360,247100,31.877265,with_candidate_bias,2.0925156850025184,1.7578016509036074,0.0778423121082532,0.05160397428565731,False
1361,247101,31.89952,without_bias,1.9513629595787851,1.8517569767953366,0.22072763319219307,0.1213012853110949,False
1361,247101,31.89952,with_candidate_bias,2.0930960377397962,1.7394756550329213,0.059556183484851616,0.04308631647493428,False
1362,247102,31.92178,without_bias,1.9346309272021704,1.8692719523823957,0.24487429579419134,0.1252588438533001,False
1362,247102,31.92178,with_candidate_bias,2.0759646099040037,1.7582697808371979,0.07951824172760477,0.043753303932947435,False
1363,247103,31.944037,without_bias,1.9352948616896986,1.879322127866142,0.25231526009477934,0.11805777644210175,False
1363,247103,31.944037,with_candidate_bias,2.076827290055361,1.768192099903292,0.08917043665160473,0.0353644384772803,False
1364,247104,31.966297,without_bias,1.9507862905626927,1.8637213615657309,0.23050812478275254,0.12759147962095455,False
1364,247104,31.966297,with_candidate_bias,2.0921016496218696,1.7522927288128782,0.07232327129178732,0.04942753862776424,False
1365,247105,31.988553,without_bias,1.940573976955716,1.8769751196663989,0.24723942673130236,0.11613505823955579,False
1365,247105,31.988553,with_candidate_bias,2.0822014045247874,1.765513673731915,0.0858685418911631,0.03489600011121357,False
1366,247106,32.010808,without_bias,1.9450314536171764,1.871324139182794,0.2400433412415057,0.1245051306486729,False
1366,247106,32.010808,with_candidate_bias,2.0863714342440662,1.7601039853487337,0.0801861269684182,0.04500124747545801,False
1367,247107,32.033061,without_bias,1.9491764134135119,1.8544931075236442,0.22423007628848574,0.11833707090598018,False
1367,247107,32.033061,with_candidate_bias,2.090990422192605,1.7421583331923374,0.06216622331595544,0.040095918928492555,False
1368,247108,32.055319,without_bias,1.9691077326237065,1.861052524003055,0.21770382807672,0.10965284931607863,False
1368,247108,32.055319,with_candidate_bias,2.111225198826949,1.7478429021403092,0.07108564156046634,0.03925756041248284,False
1369,247109,32.07758,without_bias,1.9424459519702415,1.8607067207505024,0.23329619802810395,0.11980176773026108,False
1369,247109,32.07758,with_candidate_bias,2.0841086894070773,1.7488480639010433,0.06909966312091856,0.040430150992874676,False
1370,247110,32.099837,without_bias,1.9282093648062348,1.8872580391723166,0.26292984698956395,0.11869422538066406,False
1370,247110,32.099837,with_candidate_bias,2.0696223222745354,1.7766103693285922,0.09873607856953753,0.03477349725673965,False
1371,247111,32.122093,without_bias,1.9530465874137946,1.8794636182426236,0.24195448378041376,0.10947376121838769,False
1371,247111,32.122093,with_candidate_bias,2.0949447322554673,1.7673695905310276,0.08750940364690928,0.02948027872630767,False
1372,247112,32.161242,without_bias,1.9365730167549633,1.8891089159440562,0.2593576255192261,0.10378446718666286,False
1372,247112,32.161242,with_candidate_bias,2.0785744384503766,1.777349031959746,0.0980172305272083,0.021019194764656947,False
1373,247113,32.188861,without_bias,1.9461214497893662,1.8502606210648602,0.22291190254471782,0.125607977076147,False
1373,247113,32.188861,with_candidate_bias,2.0876528649120205,1.7382795144790468,0.05832675930509649,0.049810930030225034,False
1374,247114,32.211122,without_bias,1.9553629564817294,1.8698770578710033,0.23276690184192644,0.1183029015593771,False
1374,247114,32.211122,with_candidate_bias,2.097017028858337,1.75797336044324,0.07828846423841869,0.03890912665151477,False
1375,247115,32.233374,without_bias,1.9345953555099964,1.8608827790279525,0.2384726048793435,0.13991471129797112,False
1375,247115,32.233374,with_candidate_bias,2.0754468736411775,1.7505541743661508,0.07203946839965623,0.05816466370632598,False
1376,247116,32.255625,without_bias,1.9562990246278924,1.885396053453958,0.24507853759542894,0.11344287131984292,False
1376,247116,32.255625,with_candidate_bias,2.097957772085465,1.773708185614482,0.09404546872509299,0.03391883048800521,False
1377,247117,32.277879,without_bias,1.9286225915600481,1.8578537389204548,0.2401554088559746,0.13383672213571504,False
1377,247117,32.277879,with_candidate_bias,2.069756067545961,1.7471433242586074,0.07012875867787897,0.05155147356030447,False
1378,247118,32.300137,without_bias,1.949491318697416,1.8765072395274025,0.24157355962122803,0.11403544262472219,False
1378,247118,32.300137,with_candidate_bias,2.091262751899423,1.764695374162623,0.08470478703654367,0.03214185743995891,False
1379,247119,32.322398,without_bias,1.9205125718844596,1.8653092438686447,0.25112846145427103,0.13391688965979112,False
1379,247119,32.322398,with_candidate_bias,2.0615359647437153,1.7550461334927994,0.08026283981575835,0.05083892306147601,False
1380,247120,32.344653,without_bias,1.9552316779232621,1.8717176437238363,0.23434623007507324,0.11429038259177603,False
1380,247120,32.344653,with_candidate_bias,2.0970213813804452,1.759610455951737,0.07991948756926011,0.03541534227022029,False
1381,247121,32.366908,without_bias,1.9464158334280983,1.8416684366078957,0.2162246431038534,0.13299336851978755,False
1381,247121,32.366908,with_candidate_bias,2.087748536986414,1.7298445247093412,0.04989534777112674,0.057784204960875114,False
1382,247122,32.389161,without_bias,1.9469861385256464,1.8696261322028749,0.23751007260330617,0.11433935240522082,False
1382,247122,32.389161,with_candidate_bias,2.0887682483930594,1.7576212552343655,0.07763102779288528,0.035691174974314,False
1383,247123,32.41142,without_bias,1.9451210966966408,1.8395636835210352,0.2155237010659968,0.13644487628712748,False
1383,247123,32.41142,with_candidate_bias,2.0863286070205858,1.7278680591109348,0.048008647236276535,0.06292010577393543,False
1384,247124,32.43368,without_bias,1.9385499783374314,1.8825721528443258,0.25292802567050054,0.12173015242041271,False
1384,247124,32.43368,with_candidate_bias,2.0798851572011765,1.7717340395570993,0.0922899997741271,0.039527286894803185,False
1385,247125,32.455937,without_bias,1.9241322540344294,1.857406781291499,0.24286884361710284,0.14001278297820355,False
1385,247125,32.455937,with_candidate_bias,2.0649964446277784,1.7471847980852784,0.07168664363053537,0.057779052744186515,False
1386,247126,32.478191,without_bias,1.9284003515129948,1.883479933958682,0.259843279526243,0.11123300759046946,False
1386,247126,32.478191,with_candidate_bias,2.07016897220223,1.7721892231533507,0.09429805156594818,0.027439391937449334,False
1387,247127,32.500443,without_bias,1.9156359446989066,1.8551014592546546,0.2471099852578851,0.1370767142102039,False
1387,247127,32.500443,with_candidate_bias,2.0565771535240955,1.7447712921361975,0.07288626037563267,0.05603178543246307,False
1388,247128,32.528765,without_bias,1.9213243245196265,1.8512105909854206,0.24034256794071504,0.12321400549410069,False
1388,247128,32.528765,with_candidate_bias,2.0628531067011187,1.739632545932809,0.06552094588915386,0.047140716804273945,False
1389,247129,32.551027,without_bias,1.9412066115609588,1.8528644446899385,0.22808241642251206,0.12440089759638402,False
1389,247129,32.551027,with_candidate_bias,2.082778991886958,1.7410597275350477,0.061485228183872594,0.044794838166429804,False
1390,247130,32.573281,without_bias,1.9446364782342795,1.8643672779903853,0.23478042221130163,0.12829051010000794,False
1390,247130,32.573281,with_candidate_bias,2.0858890266590815,1.7531330663481073,0.07324851872417908,0.05029411532016862,False
1391,247131,32.595534,without_bias,1.9185633445267085,1.8617644114877077,0.24985761570010376,0.12321221113315009,False
1391,247131,32.595534,with_candidate_bias,2.060027445644816,1.750701079888986,0.07679190525076997,0.041298179805069675,False
1392,247132,32.617795,without_bias,1.9384150419100032,1.8613734856516022,0.23637753873106895,0.1230653608033046,False
1392,247132,32.617795,with_candidate_bias,2.0799297867230253,1.7498492894603892,0.07057147039395595,0.04295154393571103,False
1393,247133,32.640053,without_bias,1.9399408069656472,1.8464460428360474,0.2241027589966274,0.11584701454418411,False
1393,247133,32.640053,with_candidate_bias,2.081891341131019,1.733757280014418,0.054365388835196066,0.043583173120048724,False
1394,247134,32.681261,without_bias,1.932079820372877,1.852888248967822,0.23415620804202983,0.12411225547123869,False
1394,247134,32.681261,with_candidate_bias,2.073601550098338,1.7412281737969417,0.06338610593565298,0.04659940620034831,False
1395,247135,32.703516,without_bias,1.937796918068902,1.8639275529064194,0.23873651347765848,0.12022948154867322,False
1395,247135,32.703516,with_candidate_bias,2.079393605793,1.7523192950795994,0.07309292742040409,0.04013858400028828,False
1396,247136,32.725769,without_bias,1.9366631910806464,1.8493176887225176,0.22843085755629794,0.13179039230703557,False
1396,247136,32.725769,with_candidate_bias,2.0779442380756072,1.737961231125016,0.05920173738248885,0.05297846053411224,False
1397,247137,32.748034,without_bias,1.9481427530836959,1.8580206815052038,0.2276287362049231,0.12205650140810775,False
1397,247137,32.748034,with_candidate_bias,2.089751847132471,1.7460813007633749,0.06608176670175578,0.04383468693628939,False
1398,247138,32.770288,without_bias,1.9432825410225063,1.858242330401031,0.23086000328251494,0.1286467346324446,False
1398,247138,32.770288,with_candidate_bias,2.0845799166322085,1.7468124095886146,0.06703189821831557,0.0522182814840679,False
1399,247139,32.792545,without_bias,1.938598206811475,1.8623736914897804,0.23702883016272608,0.12427141733259256,False
1399,247139,32.792545,with_candidate_bias,2.0800058560339676,1.750904325181185,0.07160521100459817,0.04790475399366485,False
1400,247140,32.814805,without_bias,1.9154640468717818,1.8487051460498503,0.2427431260367157,0.12023496558572903,False
1400,247140,32.814805,with_candidate_bias,2.0571456777470862,1.7369975251576455,0.06578848200707121,0.04228409806659463,False
1401,247141,32.837058,without_bias,1.9374910957853007,1.8525390786650515,0.23027961162758886,0.12454016369620678,False
1401,247141,32.837058,with_candidate_bias,2.079110286215737,1.7408232038096294,0.06179035513711578,0.042453632704851516,False
1402,247142,32.864751,without_bias,1.9362163926358276,1.8446623113457212,0.22530662367461185,0.13133045614504252,False
1402,247142,32.864751,with_candidate_bias,2.0775521441609195,1.7330825010217132,0.054522481874092275,0.05450928120516963,False
1403,247143,32.887013,without_bias,1.9310681270345644,1.845482143625912,0.22944210621271818,0.12269605722403013,False
1403,247143,32.887013,with_candidate_bias,2.0727345826204484,1.733473409557088,0.056191637873888325,0.04589296790245668,False
1404,247144,32.909268,without_bias,1.9438946763675597,1.8538832435919004,0.22711703589951204,0.11925981976014442,False
1404,247144,32.909268,with_candidate_bias,2.085754872801751,1.741717026941017,0.061862852499440485,0.03679964444981542,False
1405,247145,32.931522,without_bias,1.9400282143805676,1.8549594128666915,0.23043943376197223,0.1298153528252089,False
1405,247145,32.931522,with_candidate_bias,2.0813881229054716,1.7436321137870365,0.06421222883608411,0.04831630712080255,False
1406,247146,32.953782,without_bias,1.933622250388568,1.8627925437971515,0.24055584516151182,0.1234581874836911,False
1406,247146,32.953782,with_candidate_bias,2.0750842966285057,1.7514480393832415,0.07298835892644548,0.043279481087035596,False
1407,247147,32.976039,without_bias,1.913327775352221,1.8441801478715238,0.24118083654617062,0.12072624196512821,False
1407,247147,32.976039,with_candidate_bias,2.055083688143363,1.732415519265584,0.06298043738773752,0.0399673615113632,False
1408,247148,32.998299,without_bias,1.949915004497907,1.84762612555338,0.21845439783364143,0.11496527245248506,False
1408,247148,32.998299,with_candidate_bias,2.0919228404988157,1.7347238360163344,0.054757607178606255,0.04216710620968271,False
1409,247149,33.020556,without_bias,1.939594464843709,1.8520023149844171,0.22848768318149876,0.13719948052940062,False
1409,247149,33.020556,with_candidate_bias,2.0806667860560357,1.7410652438360064,0.06177437079626734,0.056469564535522286,False
1410,247150,33.042811,without_bias,1.940154308902526,1.873238096739281,0.24452953435505356,0.11139828226512752,False
1410,247150,33.042811,with_candidate_bias,2.0819462277107452,1.7612207332612917,0.08161905880117137,0.03950494573943598,False
1411,247151,33.065064,without_bias,1.932283385907839,1.8370736965622827,0.2225908275568328,0.12707600400273844,False
1411,247151,33.065064,with_candidate_bias,2.073883191033557,1.725035918164017,0.04783289094479708,0.049787224930454246,False
1412,247152,33.087322,without_bias,1.9508025380045917,1.8514326965444723,0.22082822027646792,0.12712276782579157,False
1412,247152,33.087322,with_candidate_bias,2.0922674296335098,1.7394678973289417,0.05951110862577236,0.05252571846780717,False
1413,247153,33.109582,without_bias,1.926075075726262,1.8518344372936963,0.23748358814493267,0.13202057812496482,False
1413,247153,33.109582,with_candidate_bias,2.0672901914410646,1.740821254961272,0.06492272683619778,0.052065993043386584,False
1414,247154,33.131837,without_bias,1.9479460369311536,1.8651027484924025,0.23332885788733201,0.11303215744991134,False
1414,247154,33.131837,with_candidate_bias,2.089929438984942,1.7528350057645394,0.07283503994354193,0.030456840729494877,False
1415,247155,33.154091,without_bias,1.9318477071605864,1.8478614057644058,0.230628704361721,0.14007439359165255,False
1415,247155,33.154091,with_candidate_bias,2.072820773438801,1.737128079761429,0.0596552036495493,0.05945617456563181,False
1416,247156,33.192969,without_bias,1.9510041282927293,1.8720453683096094,0.23706808271219806,0.11923434780235541,False
1416,247156,33.192969,with_candidate_bias,2.0925915233994097,1.7603833181928095,0.08042508213994035,0.03883890482231416,False
1417,247157,33.220867,without_bias,1.953501196465001,1.8355468823837742,0.20694626352219528,0.12111818250758913,False
1417,247157,33.220867,with_candidate_bias,2.095493790190985,1.7226417777161283,0.04299421981446182,0.04094770882938853,False
1418,247158,33.243129,without_bias,1.9491980769162065,1.8427463666135147,0.21520121140457132,0.12590153907433208,False
1418,247158,33.243129,with_candidate_bias,2.090829650210911,1.7304690179325626,0.05047583669984872,0.04934426686179982,False
1419,247159,33.265381,without_bias,1.9278435865787467,1.860027027164371,0.24228997693525336,0.13413838462674346,False
1419,247159,33.265381,with_candidate_bias,2.06887915577408,1.74941372513244,0.07255587707124421,0.053734580473384114,False
1420,247160,33.287632,without_bias,1.9400827375805998,1.8584024770837684,0.23302924580608286,0.1238428163950694,False
1420,247160,33.287632,with_candidate_bias,2.0815707453539747,1.746746213797801,0.06727636576264577,0.04674585588877789,False
1421,247161,33.309885,without_bias,1.9275357564782742,1.8481569954705057,0.23381917275697103,0.12384970367612833,False
1421,247161,33.309885,with_candidate_bias,2.0691462519745722,1.7364380765458027,0.060167560120865146,0.043907934327481773,False
1422,247162,33.332143,without_bias,1.9351512163070654,1.8648336528780067,0.2411257453019248,0.11994802791063326,False
1422,247162,33.332143,with_candidate_bias,2.0767107448750557,1.7532735864900442,0.07446893834942088,0.04178426777621444,False
1423,247163,33.354403,without_bias,1.933920406921206,1.8467292408125513,0.2283844984178472,0.12664072695478187,False
1423,247163,33.354403,with_candidate_bias,2.075447865807274,1.7350049896489337,0.0568973944556551,0.04724253133928408,False
1424,247164,33.376659,without_bias,1.946509343730145,1.8717891061750536,0.23952584345781902,0.11387034530552963,False
1424,247164,33.376659,with_candidate_bias,2.0882991940239357,1.7598521885104497,0.07987029955419359,0.033930933122646605,False
1425,247165,33.398913,without_bias,1.918409497307156,1.8681998747821253,0.2546811604386759,0.1289148337508354,False
1425,247165,33.398913,with_candidate_bias,2.0594936935935233,1.7577137121599418,0.08348685997355586,0.04987073213201226,False
1426,247166,33.421166,without_bias,1.9507167462226354,1.8649664469106362,0.2315435407554159,0.10867887960429926,False
1426,247166,33.421166,with_candidate_bias,2.0927744359971965,1.7522867517556746,0.07233997494116981,0.03453228657527341,False
1428,247167,33.44372,without_bias,1.934519861991041,1.8535758043033366,0.23302925386061527,0.12321735411201297,False
1428,247167,33.44372,with_candidate_bias,2.0760869948094496,1.741841047002205,0.06338680310412581,0.04500426648525468,False
1429,247168,33.465981,without_bias,1.9467923646116325,1.8787968955279377,0.24500741316350688,0.11633371441893534,False
1429,247168,33.465981,with_candidate_bias,2.088344595980718,1.7672158476780144,0.08723155649569529,0.04067434086021472,False
1430,247169,33.488234,without_bias,1.9345801607765782,1.8662136622058398,0.24255072545004863,0.12107216119572443,False
1430,247169,33.488234,with_candidate_bias,2.0760813876523243,1.7547993565935542,0.07608331956805356,0.04215108183866627,False
1431,247170,33.510488,without_bias,1.9596964041460496,1.8736352759125756,0.2333959022138326,0.10751176907270206,False
1431,247170,33.510488,with_candidate_bias,2.1017361559206607,1.7610266611310372,0.08187220022594978,0.031163372973805316,False
1432,247171,33.532738,without_bias,1.9430606237344872,1.8630967867230703,0.2347671476284777,0.11966870320349991,False
1432,247171,33.532738,with_candidate_bias,2.0847117203422307,1.7513087262094091,0.07150454765500763,0.03958504405023737,False
1433,247172,33.560736,without_bias,1.9743076895926264,1.862582187363667,0.21615033155167096,0.1041044443702084,False
1433,247172,33.560736,with_candidate_bias,2.116659056074272,1.7489947737920553,0.07396610089350444,0.03144929857841046,False
1434,247173,33.583,without_bias,1.9537472932882893,1.854045287136055,0.22103520547763267,0.11520199528145854,False
1434,247173,33.583,with_candidate_bias,2.0956979061707637,1.741369199492629,0.06163314677263311,0.03856984973970728,False
1435,247174,33.605255,without_bias,1.958754340381222,1.8690137118866583,0.23011216058683384,0.11045613192315196,False
1435,247174,33.605255,with_candidate_bias,2.100734508243605,1.7564625806124583,0.07721240768910605,0.03319613722348274,False
1436,247175,33.62751,without_bias,1.9459621963322133,1.8409129043643435,0.21596261638628153,0.13356839845050777,False
1436,247175,33.62751,with_candidate_bias,2.0872982795673813,1.7291636585180818,0.049237837200455874,0.05592825874270842,False
1437,247176,33.649763,without_bias,1.9477318918943918,1.8761042928511074,0.24227486097113313,0.11733500996662939,False
1437,247176,33.649763,with_candidate_bias,2.089397161634405,1.7645354438690053,0.08453759331933212,0.034467504974544025,False
1438,247177,33.672022,without_bias,1.9438912643700288,1.8394840163112336,0.21629358309055452,0.12482065430200709,False
1438,247177,33.672022,with_candidate_bias,2.0856430893834084,1.727175412354923,0.04737617756824621,0.044626025685423384,False
1439,247178,33.71299,without_bias,1.9483046487242894,1.8660460587780916,0.2338604467626112,0.11778339606150497,False
1439,247178,33.71299,with_candidate_bias,2.090011749233542,1.7541245102361926,0.07412451116735898,0.03791499164773827,False
1440,247179,33.735245,without_bias,1.950075516440508,1.8625223904961687,0.22998539982317676,0.12157720704016256,False
1440,247179,33.735245,with_candidate_bias,2.091623200095828,1.7505928959520805,0.07061155526861282,0.04772330692347298,False
1441,247180,33.757497,without_bias,1.9480071274348807,1.878097938459807,0.24373093583154298,0.1229934357303432,False
1441,247180,33.757497,with_candidate_bias,2.089318910923787,1.766941593201384,0.08694426094185116,0.04455818645737388,False
1442,247181,33.779762,without_bias,1.9315930219708621,1.8669300974785616,0.24502169706307297,0.12748039053526544,False
1442,247181,33.779762,with_candidate_bias,2.072984093717407,1.7560344498417253,0.07791520152930254,0.04339054802409753,False
1443,247182,33.802016,without_bias,1.9414461839346193,1.8353849447368367,0.21497143372656916,0.1281042974227201,False
1443,247182,33.802016,with_candidate_bias,2.0830462243532106,1.7231388495671063,0.04369571303594107,0.052216692580465233,False
1444,247183,33.824273,without_bias,1.9433889690378203,1.8578590888777402,0.23049652903289689,0.10509494084908425,False
1444,247183,33.824273,with_candidate_bias,2.0857374787375145,1.744886128137626,0.06502598489992727,0.024336687947547345,False
1445,247184,33.846527,without_bias,1.9344778162841407,1.8434538886797411,0.2256198647111523,0.13035353902313743,False
1445,247184,33.846527,with_candidate_bias,2.075856195625802,1.7317838295907997,0.05368065023138749,0.05445064278106188,False
1446,247185,33.868788,without_bias,1.9528229591324797,1.8726782202261947,0.2365215362090803,0.11259031455091903,False
1446,247185,33.868788,with_candidate_bias,2.0946598726551926,1.7605419191568779,0.08067660847256578,0.03394425223039404,False
1447,247186,33.896749,without_bias,1.9457002084174597,1.863134629394926,0.23315385978872716,0.12681501187881203,False
1447,247186,33.896749,with_candidate_bias,2.0870762724439254,1.7517741317943138,0.07183365630155333,0.046144405962144856,False
1448,247187,33.919012,without_bias,1.9669283756317792,1.8560578662636291,0.21480921069156772,0.1252857756950871,False
1448,247187,33.919012,with_candidate_bias,2.1084713794878644,1.7438153290076772,0.06643484083327665,0.05012677384083799,False
1449,247188,33.941267,without_bias,1.9388815082720288,1.8533101431867767,0.22994174104228646,0.13206345549290396,False
1449,247188,33.941267,with_candidate_bias,2.0800916299470114,1.742039583655618,0.06282583654253547,0.054675440985161604,False
1450,247189,33.96352,without_bias,1.9565720733470593,1.8578748538048775,0.2223566397187389,0.10749093101507028,False
1450,247189,33.96352,with_candidate_bias,2.0987937386717,1.7447422622162059,0.06533674583799014,0.03280787454243171,False
1451,247190,33.98578,without_bias,1.9412459163866795,1.8379014053995153,0.2169346242967701,0.13494229328945548,False
1451,247190,33.98578,with_candidate_bias,2.0825239841376852,1.726162527009487,0.04676397879859234,0.0602951141448849,False
1452,247191,34.008039,without_bias,1.9479555386932335,1.8830285126504407,0.2477845958427998,0.11494368290417624,False
1452,247191,34.008039,with_candidate_bias,2.0896078728554883,1.7715487843299125,0.09154962411710002,0.03258422519141043,False
1453,247192,34.0303,without_bias,1.9413707586832811,1.8597221857740769,0.23321817131989359,0.12320934948627445,False
1453,247192,34.0303,with_candidate_bias,2.082877802723965,1.7480530129871368,0.06842469050471602,0.04560039122597342,False
1454,247193,34.052555,without_bias,1.9435219356465572,1.8572531356522064,0.2299445529584704,0.11939028006852191,False
1454,247193,34.052555,with_candidate_bias,2.0852839348007453,1.7452307410166727,0.06540100033292963,0.038339143541149326,False
1455,247194,34.074808,without_bias,1.9481518998778338,1.8563024213217743,0.2262817431261048,0.12716966913139263,False
1455,247194,34.074808,with_candidate_bias,2.089613345582549,1.744669575474067,0.06467073135224777,0.046494651551125574,False
1456,247195,34.097062,without_bias,1.938376733403521,1.8477018482210588,0.22608300438145718,0.13530281680028744,False
1456,247195,34.097062,with_candidate_bias,2.079517816637273,1.7364428762022084,0.05740796497026921,0.05846215740748454,False
1457,247196,34.11932,without_bias,1.9404572061830916,1.8506099533158593,0.22687177733910854,0.11702531256081372,False
1457,247196,34.11932,with_candidate_bias,2.082322713304724,1.7382001375289327,0.05870431619044837,0.041168858690630805,False
1458,247197,34.14158,without_bias,1.9252999731794183,1.8543793392051016,0.2398629875080943,0.1345871750659883,False
1458,247197,34.14158,with_candidate_bias,2.0663998012393154,1.743657959469143,0.06789186391106725,0.05338559156580471,False
1459,247198,34.163837,without_bias,1.9445332724936215,1.8916612232175953,0.25682881891521375,0.11146836716088135,False
1459,247198,34.163837,with_candidate_bias,2.086201468913329,1.780338082672397,0.10040995803598951,0.02900332442811156,False
1460,247199,34.18609,without_bias,1.9274102798621597,1.8472581488036772,0.23326102425337636,0.13647435635086813,False
1460,247199,34.18609,with_candidate_bias,2.068482102214874,1.7363217964672393,0.060292326894790395,0.05800053067019728,False
1461,247200,34.226845,without_bias,1.9445527790808623,1.86736681787899,0.23719447404018293,0.1187209236328532,False
1461,247200,34.226845,with_candidate_bias,2.086151049202221,1.755593510141803,0.07569143411115027,0.04216173400255896,False
1462,247201,34.254866,without_bias,1.9451842626670086,1.8337113785873411,0.2111842458293678,0.12867784983062974,False
1462,247201,34.254866,with_candidate_bias,2.0868156071580435,1.721404408647118,0.04152668314697737,0.05072855777091908,False
1463,247202,34.277127,without_bias,1.953677497075104,1.8647422362989163,0.22959424791669517,0.11523271169145734,False
1463,247202,34.277127,with_candidate_bias,2.0954699197305375,1.7523951661737927,0.07260151587390987,0.0421872708045351,False
1464,247203,34.29938,without_bias,1.9401754145163765,1.8492683195654576,0.22605125618729358,0.13644744389272243,False
1464,247203,34.29938,with_candidate_bias,2.081263755093187,1.7381195448977256,0.05877247207826604,0.05881353015851289,False
1465,247204,34.321632,without_bias,1.9502427651271608,1.8549018769184873,0.22388110962944507,0.1208757393404736,False
1465,247204,34.321632,with_candidate_bias,2.0919133249796404,1.7426167128928132,0.0626459379846668,0.04869982573725619,False
1466,247205,34.343885,without_bias,1.9232564591035648,1.8583950934558204,0.24418889778159866,0.12392146273439487,False
1466,247205,34.343885,with_candidate_bias,2.0647830852531768,1.747155345439566,0.07173376618062097,0.04122786475822404,False
1467,247206,34.366142,without_bias,1.9375121086662905,1.861934916826959,0.23738759648354346,0.12555064682045874,False
1467,247206,34.366142,with_candidate_bias,2.0789315690596224,1.7506235423479626,0.07148562720754696,0.044528781384964765,False
1468,247207,34.388403,without_bias,1.9327880721141684,1.8739501497066327,0.24966427626075205,0.11391077788553847,False
1468,247207,34.388403,with_candidate_bias,2.07452620412108,1.762399623676568,0.08383994478136604,0.03233464233002614,False
1469,247208,34.410659,without_bias,1.9324256200999474,1.8442703638963152,0.22762784903327155,0.1293429671307399,False
1469,247208,34.410659,with_candidate_bias,2.0738418619089973,1.73264034744393,0.05506443140163697,0.05175942984577013,False
1470,247209,34.432913,without_bias,1.9513127521204003,1.8540505954719748,0.22254833746529432,0.11836457038887939,False
1470,247209,34.432913,with_candidate_bias,2.0931039162033493,1.7415770072718346,0.06165518729476861,0.0450686953071516,False
1471,247210,34.455165,without_bias,1.9491989817552975,1.8373728333906858,0.2111661322943563,0.13282679034565537,False
1471,247210,34.455165,with_candidate_bias,2.090651999254372,1.7254123466898053,0.04541702692716437,0.05334209965907785,False
1472,247211,34.477423,without_bias,1.9548327830405707,1.8634912747649344,0.22790178686315307,0.10780303339678313,False
1472,247211,34.477423,with_candidate_bias,2.0969556196309673,1.7505991287779912,0.07094094465583392,0.03467616136835421,False
1473,247212,34.499683,without_bias,1.920874242346644,1.848266667262076,0.23857324496537297,0.12723396310662916,False
1473,247212,34.499683,with_candidate_bias,2.0622907496894753,1.7368947467063804,0.06328360574078011,0.04891902180047729,False
1474,247213,34.521938,without_bias,1.9440126716918802,1.867162590689111,0.2373649834748218,0.11539522469077423,False
1474,247213,34.521938,with_candidate_bias,2.085839188049068,1.755220105593127,0.07533509568277053,0.033262216067470554,False
1475,247214,34.544193,without_bias,1.934305946700477,1.8544165061668019,0.23379853689933283,0.1396672480448741,False
1475,247214,34.544193,with_candidate_bias,2.07523234194848,1.7438424281678688,0.06552815699145002,0.05857587409683263,False
1476,247215,34.566448,without_bias,1.9448655111328774,1.8724686336746448,0.24105641415922854,0.11870196510753568,False
1476,247215,34.566448,with_candidate_bias,2.0864506659406707,1.760919704988662,0.08099750877475687,0.03805122352765369,False
1477,247216,34.594761,without_bias,1.9473424305788858,1.8576533906292654,0.2278418515444745,0.13702091086415416,False
1477,247216,34.594761,with_candidate_bias,2.088350566157539,1.7467212295884902,0.0667416145279741,0.05771845337574984,False
1478,247217,34.617023,without_bias,1.9595571516506498,1.8766814063155939,0.2360061699951323,0.11436022403297395,False
1478,247217,34.617023,with_candidate_bias,2.1012938503485157,1.7646640798372273,0.08541403555844365,0.03557100695399959,False
1479,247218,34.639279,without_bias,1.940783320236786,1.8447304937790079,0.2222650514593631,0.13960451240465724,False
1479,247218,34.639279,with_candidate_bias,2.081804440607723,1.7336213336177073,0.05424402835975412,0.06175081185265831,False
1480,247219,34.661533,without_bias,1.9512007309129562,1.875986080725991,0.24015782505975566,0.10875433376445827,False
1480,247219,34.661533,with_candidate_bias,2.093135333557163,1.7637366280064666,0.08379530527665643,0.03153574174159671,False
1481,247220,34.683794,without_bias,1.9563542855631726,1.83736321671301,0.20645667574964915,0.13168911274182407,False
1481,247220,34.683794,with_candidate_bias,2.0978238811457377,1.7250401046919472,0.045714594462208734,0.05885011119356296,False
1482,247221,34.706052,without_bias,1.9613269688222392,1.8590837746615887,0.2205170000238432,0.1177337604078669,False
1482,247221,34.706052,with_candidate_bias,2.103130850346022,1.746590795500112,0.06787306738425332,0.04146551265888168,False
1483,247222,34.746958,without_bias,1.9331571033992414,1.870860969517737,0.2470376568447951,0.13349999152736097,False
1483,247222,34.746958,with_candidate_bias,2.074097269312636,1.7604768958057748,0.08203308845733151,0.053160083214074574,False
1484,247223,34.769212,without_bias,1.9425766582852222,1.8629512597243287,0.23495702823510284,0.12153068534917977,False
1484,247223,34.769212,with_candidate_bias,2.084109655733244,1.7512496652655138,0.07149273358900668,0.04467937617800301,False
1485,247224,34.795867,without_bias,1.9535611542520375,1.872565088857618,0.23600184761094264,0.11564915211661607,False
1485,247224,34.795867,with_candidate_bias,2.0952529303834844,1.760585192948176,0.08075621709879983,0.03915228150014888,False
1486,247225,34.818131,without_bias,1.9290859543552805,1.854295938546747,0.23721805217909164,0.12722252243891088,False
1486,247225,34.818131,with_candidate_bias,2.07046808880767,1.742979729180431,0.06593892509334297,0.048039014329071324,False
1487,247226,34.840386,without_bias,1.9457601219343628,1.880092419746734,0.24666195260820634,0.10669544358159755,False
1487,247226,34.840386,with_candidate_bias,2.0877041154975777,1.767968682733341,0.08799863764563445,0.03007391974585378,False
1488,247227,34.862641,without_bias,1.9356987246706918,1.8689397893026316,0.24394082796853375,0.12051196852826623,False
1488,247227,34.862641,with_candidate_bias,2.077336163453373,1.7575695714855473,0.07859650867901907,0.03667198295973925,False
1489,247228,34.884895,without_bias,1.9454416194082855,1.8608568318842436,0.2315303846982173,0.12615857775192846,False
1489,247228,34.884895,with_candidate_bias,2.0868050101969926,1.7492601534109078,0.06933380712425802,0.05214233597647566,False
1490,247229,34.907148,without_bias,1.9350983670916635,1.8794645553900033,0.25254826218883536,0.11934907794206255,False
1490,247229,34.907148,with_candidate_bias,2.076602823290739,1.7684268429930619,0.08943595980084737,0.03592730976955751,False
1491,247230,34.934766,without_bias,1.9474664359786826,1.8468246270317605,0.21942259012441032,0.11918455968897176,False
1491,247230,34.934766,with_candidate_bias,2.0893069514130733,1.7342521257468104,0.054256552271514435,0.04457579909918452,False
1492,247231,34.957029,without_bias,1.9449072933039224,1.8759846182472855,0.2438480349027406,0.11255462875256371,False
1492,247231,34.957029,with_candidate_bias,2.0866580692850474,1.7641192155640437,0.08418557434628339,0.035446028995926436,False
1493,247232,34.979286,without_bias,1.9168282263986933,1.8625437995173533,0.25161617975490735,0.12733582514774935,False
1493,247232,34.979286,with_candidate_bias,2.0580571101668794,1.7517979299091149,0.07858301947701583,0.04756044502849041,False
1494,247233,35.001539,without_bias,1.9420486671816235,1.8860284920185038,0.25364805618445546,0.11018264960423331,False
1494,247233,35.001539,with_candidate_bias,2.083760780707126,1.7744379187164303,0.09464379720232953,0.032696341633885705,False
1495,247234,35.023798,without_bias,1.939213236703374,1.8457116187439644,0.2240468445933075,0.1321963015925762,False
1495,247234,35.023798,with_candidate_bias,2.080519042810448,1.734180274265563,0.0550035514191743,0.0545524956315601,False
1496,247235,35.046056,without_bias,1.9469812279215117,1.861251603607253,0.23088203259898624,0.10817385785204964,False
1496,247235,35.046056,with_candidate_bias,2.0890827278942394,1.7484091239755333,0.06841527337675335,0.03870594628190232,False
1497,247236,35.068315,without_bias,1.9357363398356022,1.8524528292985911,0.2313811902044023,0.12364849204885313,False
1497,247236,35.068315,with_candidate_bias,2.077341667765201,1.7407066473290502,0.06201234074682423,0.043147124666002144,False
1498,247237,35.090571,without_bias,1.9485558460801269,1.8745342440588577,0.24052031263421383,0.10647675993063808,False
1498,247237,35.090571,with_candidate_bias,2.0906005630587523,1.7621418253142302,0.08214402073152413,0.028866926671422186,False
1499,247238,35.112825,without_bias,1.943741348080728,1.8649798218242826,0.23581587678395635,0.13027016146060183,False
1499,247238,35.112825,with_candidate_bias,2.08497358479874,1.7539645620533781,0.07413515555742425,0.048462040837187546,False
1500,247239,35.135078,without_bias,1.957745369548029,1.8710454505620788,0.23235673318510727,0.11492593980313132,False
1500,247239,35.135078,with_candidate_bias,2.0995146359210577,1.7588923902808178,0.07946406446269387,0.03704016586281132,False
1501,247240,35.157336,without_bias,1.9270332022166496,1.8527671073259453,0.237500843269101,0.125820762232648,False
1501,247240,35.157336,with_candidate_bias,2.0685067253938083,1.7413609186076293,0.06501633014612002,0.045442387138973306,False
1502,247241,35.179596,without_bias,1.9451989460635668,1.8677804862333631,0.23712624534441584,0.11064047162984605,False
1502,247241,35.179596,with_candidate_bias,2.0871416833998357,1.7554896128794877,0.07554370672982426,0.03319624651664474,False
1503,247242,35.201852,without_bias,1.9410746024599907,1.8570896982147387,0.23138611722883679,0.10292672285009083,False
1503,247242,35.201852,with_candidate_bias,2.0834714631438525,1.7439799136484397,0.06431213838727405,0.025605368576685727,False
1504,247243,35.224107,without_bias,1.9446559490671786,1.86683585194048,0.2367119107942976,0.12215412834012473,False
1504,247243,35.224107,with_candidate_bias,2.0861126264336427,1.7552478871794712,0.07534823288053179,0.04646725271760943,False
1505,247244,35.26324,without_bias,1.9311378386592533,1.8465042644917158,0.23013225849450283,0.13258916482097063,False
1505,247244,35.26324,with_candidate_bias,2.072497928510447,1.7352463874044386,0.05795244453572892,0.050129410566686204,False
1506,247245,35.290866,without_bias,1.9624686666787483,1.870053334055059,0.22887662782411838,0.10803731997220516,False
1506,247245,35.290866,with_candidate_bias,2.104524885547043,1.7572559864819388,0.07860953979926497,0.03449368003263633,False
1507,247246,35.313126,without_bias,1.9380208539017107,1.8641573587597249,0.23877100668658066,0.12016662095124236,False
1507,247246,35.313126,with_candidate_bias,2.079588857471489,1.752523786110799,0.07326726035954866,0.04218539990126756,False
1508,247247,35.335379,without_bias,1.94467230222674,1.878867866488281,0.24630990248399823,0.10915300546253494,False
1508,247247,35.335379,with_candidate_bias,2.086512333552638,1.7668614679674521,0.08693145825711644,0.034320646861888744,False
1509,247248,35.35763,without_bias,1.936741130673648,1.8665866470306984,0.24145984733978085,0.12193204425817057,False
1509,247248,35.35763,with_candidate_bias,2.0782347655021347,1.755213707115487,0.07612832902963272,0.04144289517504142,False
1510,247249,35.379883,without_bias,1.9254899813931963,1.8612297077039326,0.24476060380801426,0.11788145189439697,False
1510,247249,35.379883,with_candidate_bias,2.067235373145709,1.7496384153846651,0.07326484240822652,0.0352497384475229,False
1511,247250,35.402141,without_bias,1.9433718672746585,1.8651649585226553,0.23619032827619552,0.10992168633746528,False
1511,247250,35.402141,with_candidate_bias,2.0853496030464287,1.752731143142297,0.07287966365599584,0.035711486972757306,False
1512,247251,35.4244,without_bias,1.9319313797267406,1.8544409271819728,0.2354046001912414,0.12785702148844075,False
1512,247251,35.4244,with_candidate_bias,2.0733313133878135,1.7431323535227667,0.06529578221216809,0.046871083252806985,False
1513,247252,35.446656,without_bias,1.9567533967554291,1.8822733397090077,0.24221717782447158,0.11170026827803284,False
1513,247252,35.446656,with_candidate_bias,2.0984875347654346,1.7702986288334086,0.09069664059703737,0.0364837482549206,False
1514,247253,35.46891,without_bias,1.9435019797556177,1.852606895047414,0.2263952520558512,0.129100524177189,False
1514,247253,35.46891,with_candidate_bias,2.0848450410271018,1.740970747369142,0.06118828022394493,0.05411298142217186,False
1515,247254,35.491165,without_bias,1.9354529154910516,1.8755763776281853,0.24926877224469687,0.11711534457862215,False
1515,247254,35.491165,with_candidate_bias,2.0770904950246423,1.7642407424291644,0.08522416326210315,0.03403602392094384,False
1516,247255,35.513423,without_bias,1.930252534179932,1.8390869795487057,0.22545048214156496,0.11973740765228706,False
1516,247255,35.513423,with_candidate_bias,2.0721777251065516,1.7267080464611542,0.04999275034037413,0.03922247517554464,False
1517,247256,35.535684,without_bias,1.9323289272063688,1.870130698271529,0.24700171987480912,0.11176985095800987,False
1517,247256,35.535684,with_candidate_bias,2.074144767539982,1.7582741908800343,0.07986386763916002,0.03455130310053125,False
1518,247257,35.55794,without_bias,1.9563634953479159,1.9007580163950102,0.2580558412016401,0.11500974924135814,False
1518,247257,35.55794,with_candidate_bias,2.0978393043298267,1.7897399426420983,0.11001958781720049,0.031622640008462724,False
1519,247258,35.580194,without_bias,1.934065563057231,1.8602626612555666,0.23834885287661348,0.12535393655725907,False
1519,247258,35.580194,with_candidate_bias,2.0754685526241388,1.7489327493560538,0.07044776005397166,0.04608113379406332,False
1520,247259,35.602447,without_bias,1.9526598909344357,1.8798910685353265,0.24252576118494232,0.10515925483214615,False
1520,247259,35.602447,with_candidate_bias,2.0946840295865305,1.7674920928542905,0.08761738666036156,0.030224002170505318,False
1521,247260,35.630755,without_bias,1.9434039875938751,1.8630480740495348,0.23451436686612756,0.11395599661926421,False
1521,247260,35.630755,with_candidate_bias,2.085341746304122,1.7508702647299403,0.07102319163757,0.031886052357719984,False
1522,247261,35.653017,without_bias,1.949841107793363,1.8621556660546168,0.22983733756809996,0.11963826689030596,False
1522,247261,35.653017,with_candidate_bias,2.0914797402887615,1.7501241097389015,0.07013972054403765,0.04424154003644908,False
1523,247262,35.675271,without_bias,1.936230974505311,1.8575180145873713,0.23485646404693328,0.12319134799813412,False
1523,247262,35.675271,with_candidate_bias,2.077771244770599,1.7459029581918002,0.06702792218837435,0.043745385378135215,False
1524,247263,35.697524,without_bias,1.9573236623731427,1.861177753663591,0.22456266160842647,0.11291688296643945,False
1524,247263,35.697524,with_candidate_bias,2.099337225803481,1.7485604314343213,0.06919332730954243,0.03270566485354234,False
1525,247264,35.719785,without_bias,1.9254459181335273,1.8546378233659309,0.23995085998784804,0.12114392653356458,False
1525,247264,35.719785,with_candidate_bias,2.0670470463278754,1.7429895684554164,0.06704120983748943,0.04339752742420391,False
1526,247265,35.742043,without_bias,1.9307471541944201,1.8763494405676682,0.2528133139461054,0.10069551188711245,False
1526,247265,35.742043,with_candidate_bias,2.073000245762948,1.764038105762715,0.08574027562531768,0.019514261734848645,False
1527,247266,35.781118,without_bias,1.9295999901035588,1.873387630198563,0.25125074863290375,0.11562998216505964,False
1527,247266,35.781118,with_candidate_bias,2.0712114525859135,1.7619756274480536,0.08410120694397587,0.037172727343597736,False
1528,247267,35.803373,without_bias,1.9477382240230368,1.8730066797545222,0.23977070574610307,0.10360099778170617,False
1528,247267,35.803373,with_candidate_bias,2.0900051944651885,1.7603894469645567,0.08038944713238019,0.021003500084143298,False
1529,247268,35.825627,without_bias,1.9318320225727583,1.8574505814001505,0.23770952425739245,0.13252812941684983,False
1529,247268,35.825627,with_candidate_bias,2.0730286057961447,1.746569633828051,0.06869894008806429,0.05052096497264253,False
1530,247269,35.847891,without_bias,1.95005672191172,1.878883317215671,0.243184487475667,0.1078173595468156,False
1530,247269,35.847891,with_candidate_bias,2.0920215159880198,1.7667217811170872,0.08674533905063612,0.027828841418768204,False
1531,247270,35.870147,without_bias,1.9379133511876327,1.8394336258836934,0.22033935147721076,0.11865915836895922,False
1531,247270,35.870147,with_candidate_bias,2.0798283635029513,1.7266470942312049,0.04774320463943538,0.04935781777641989,False
1532,247271,35.892403,without_bias,1.9417214628047716,1.877399104767054,0.2468864742256875,0.11557615562890662,False
1532,247271,35.892403,with_candidate_bias,2.083402613909629,1.7658922200667564,0.08614522024594017,0.03310003483027719,False
1533,247272,35.914659,without_bias,1.9518918273946362,1.8803114734400708,0.24330752913160153,0.1111401695437996,False
1533,247272,35.914659,with_candidate_bias,2.0936867900658647,1.768375227000794,0.08845209533092833,0.03246595349940061,False
1534,247273,35.936911,without_bias,1.938080755137018,1.863935166400694,0.23856152749047704,0.12168927280465715,False
1534,247273,35.936911,with_candidate_bias,2.079575740818419,1.7523698701791466,0.07311677843854525,0.045077711094094364,False
1535,247274,35.964753,without_bias,1.9522750044283645,1.85063865694918,0.21928457686446376,0.11225759004081418,False
1535,247274,35.964753,with_candidate_bias,2.0943728065084364,1.7376464607600612,0.057812073781533836,0.03778974518336326,False
1536,247275,35.987015,without_bias,1.9340301870003294,1.8512014685201588,0.231595607451029,0.12340056854279775,False
1536,247275,35.987015,with_candidate_bias,2.0756575560051407,1.7394302368743624,0.061136394681797365,0.04281565218903812,False
1537,247276,36.00927,without_bias,1.9493229413771103,1.8735753721430877,0.23929366795450904,0.10708268160677484,False
1537,247276,36.00927,with_candidate_bias,2.091398503278079,1.7611880944026128,0.08120013844905918,0.026366058277302474,False
1538,247277,36.031524,without_bias,1.947171313712105,1.8757879035634066,0.2423487916381671,0.11862250722315074,False
1538,247277,36.031524,with_candidate_bias,2.088700976648168,1.7642902414638812,0.08430025069777682,0.03944248016767966,False
1539,247278,36.058198,without_bias,1.9429753503637592,1.8594402702735906,0.23198072807136064,0.12191039782233057,False
1539,247278,36.058198,with_candidate_bias,2.084541565371083,1.7476342030705523,0.06785410771343818,0.044791673838028394,False
1540,247279,36.080458,without_bias,1.936400321813877,1.8670618571066553,0.24204338355565774,0.11262041676304811,False
1540,247279,36.080458,with_candidate_bias,2.078327156414762,1.755090936567852,0.07599278934216463,0.03005057009601121,False
1541,247280,36.102715,without_bias,1.9450397045970116,1.8495260665824913,0.2230528513475067,0.11523550337618489,False
1541,247280,36.102715,with_candidate_bias,2.087005136041258,1.7368505215274526,0.056929351024535016,0.040193779050093414,False
1542,247281,36.124969,without_bias,1.9449221720790097,1.8685584711348886,0.23791148183935776,0.10991397212995652,False
1542,247281,36.124969,with_candidate_bias,2.0868855952390954,1.7562547147570255,0.0763182877146106,0.03236389437190953,False
1543,247282,36.147222,without_bias,1.92135936843846,1.855887472384293,0.24367204508357235,0.12123364388647882,False
1543,247282,36.147222,with_candidate_bias,2.062988917993948,1.744416268946295,0.06985022731601584,0.03963211369071158,False
1544,247283,36.169479,without_bias,1.9483363903176036,1.8762593571391195,0.2420460980328061,0.11792794987504807,False
1544,247283,36.169479,with_candidate_bias,2.089907356536339,1.7647168492306322,0.08471689988648687,0.03781279800423529,False
1545,247284,36.191738,without_bias,1.9439584534629109,1.8473692917018838,0.2221274704302352,0.12747418819956546,False
1545,247284,36.191738,with_candidate_bias,2.0854490596479294,1.735472990907177,0.055659354813686654,0.05063794924388767,False
1546,247285,36.213995,without_bias,1.9536935077257962,1.8711165479301206,0.2347445307751038,0.10747351421924742,False
1546,247285,36.213995,with_candidate_bias,2.095770177009502,1.7585627487685207,0.07877436408367064,0.028790220131406953,False
1547,247286,36.236248,without_bias,1.9305461162531818,1.8485870958262425,0.23204988670773025,0.1134577485919845,False
1547,247286,36.236248,with_candidate_bias,2.072545425184285,1.7360599302008803,0.05871437606008405,0.03893829130142716,False
1548,247287,36.258502,without_bias,1.9440663461288792,1.8752200582177607,0.24373654314181525,0.11523722022897598,False
1548,247287,36.258502,with_candidate_bias,2.0858222659730896,1.7635555008651176,0.08365987799668537,0.03217610895271448,False
1549,247288,36.30925,without_bias,1.938654815136227,1.849050427162944,0.2268995634756123,0.11819232917196591,False
1549,247288,36.30925,with_candidate_bias,2.080636554458311,1.7367354634620604,0.057502929722466956,0.035125514826397135,False
1550,247289,36.331516,without_bias,1.9390713803558597,1.844098377896432,0.22295229502278224,0.12166305449618268,False
1550,247289,36.331516,with_candidate_bias,2.080876469443064,1.7318439500043656,0.05264061133648159,0.0414468553757402,False
1551,247290,36.353771,without_bias,1.9551161227949365,1.8643073176065013,0.2283918730015899,0.11194027735980494,False
1551,247290,36.353771,with_candidate_bias,2.0970648156947105,1.7517340441810532,0.0720810981837092,0.036952323123954384,False
1552,247291,36.376025,without_bias,1.935923940097967,1.8594161900227952,0.23649440051982326,0.1251342054283766,False
1552,247291,36.376025,with_candidate_bias,2.077349897829898,1.7479979581858682,0.06916463982672874,0.04617388210713521,False
1553,247292,36.398282,without_bias,1.9539787152937649,1.8650038324347968,0.22962623523608325,0.11386701799222426,False
1553,247292,36.398282,with_candidate_bias,2.095838458858501,1.7526163887429167,0.072850720764484,0.03813291220793782,False
1554,247293,36.420545,without_bias,1.9385203759534282,1.8549139537190977,0.23138921259846446,0.12244241995979664,False
1554,247293,36.420545,with_candidate_bias,2.0801937358877827,1.7431207919524512,0.06387798676025405,0.04047788575944786,False
1555,247294,36.442808,without_bias,1.9584033722860827,1.8758952203926025,0.23599281726006327,0.11384072030412014,False
1555,247294,36.442808,with_candidate_bias,2.100147348263876,1.7638172355418504,0.08442924641773394,0.03704718858720891,False
1556,247295,36.465062,without_bias,1.9543517198183258,1.851855495809806,0.21894009992753768,0.13058307455081683,False
1556,247295,36.465062,with_candidate_bias,2.095694822830866,1.7401038346244735,0.06037302331042417,0.05383473221816971,False
1557,247296,36.487315,without_bias,1.9380495982582415,1.8688767044942591,0.24241149743791746,0.11539512708790918,False
1557,247296,36.487315,with_candidate_bias,2.0798014303235135,1.7571247290679963,0.07779610952520695,0.034395519003995796,False
1558,247297,36.509571,without_bias,1.9396798060829712,1.8500729094851756,0.22698227957267025,0.12142031002338766,False
1558,247297,36.509571,with_candidate_bias,2.0813805582661797,1.7379772031560976,0.05861442537128673,0.04375834675962287,False
1559,247298,36.536991,without_bias,1.9448012122003704,1.8624014491829974,0.23313724850941225,0.1105691479003547,False
1559,247298,36.536991,with_candidate_bias,2.086809098681267,1.7499116182767271,0.06998439984236994,0.0338338898602539,False
1560,247299,36.559248,without_bias,1.937460925887511,1.8798422571024649,0.25140623869526996,0.11406306321868473,False
1560,247299,36.559248,with_candidate_bias,2.0791301091464507,1.768415165322717,0.08908083961330544,0.0325552559297397,False
1561,247300,36.581502,without_bias,1.9463401615047733,1.870659281317613,0.23872392161034744,0.11553700589427617,False
1561,247300,36.581502,with_candidate_bias,2.088080901703144,1.7587993285843344,0.07882269421692528,0.035212635801131285,False
1562,247301,36.603755,without_bias,1.9381693308323171,1.8619767517887946,0.23699808077599893,0.11061926609465986,False
1562,247301,36.603755,with_candidate_bias,2.0802523310222814,1.7496432980265293,0.07032215874467423,0.028169876270377595,False
1563,247302,36.631753,without_bias,1.948907215251597,1.875950508335991,0.24146174774732435,0.10906123110015485,False
1563,247302,36.631753,with_candidate_bias,2.0908107702338103,1.7637549658013278,0.08375888994461209,0.033154403274698596,False
1564,247303,36.654017,without_bias,1.9466336677534601,1.8570073331370336,0.2277838914544003,0.12744708246499778,False
1564,247303,36.654017,with_candidate_bias,2.0881093080842983,1.7454545703352493,0.0654818714889259,0.04541988198599702,False
1565,247304,36.676272,without_bias,1.9426831619928686,1.8565725350950644,0.2299567587837268,0.11696875327809998,False
1565,247304,36.676272,with_candidate_bias,2.084618300528117,1.7443684229884167,0.06459300710774657,0.03402116900343888,False
1566,247305,36.698524,without_bias,1.9345004536069086,1.8595369842653162,0.2375155524329756,0.11877598035241511,False
1566,247305,36.698524,with_candidate_bias,2.0762175770673257,1.747748151543074,0.06913586058912137,0.03795554396963864,False
1567,247306,36.720782,without_bias,1.9432024571945616,1.8514644888877834,0.22572015754748903,0.10672492483964378,False
1567,247306,36.720782,with_candidate_bias,2.0854807583409114,1.7382893678341131,0.05846429634977053,0.035304797221564356,False
1568,247307,36.743038,without_bias,1.9381152811033266,1.8636509595138664,0.23832046232895163,0.11626728518238476,False
1568,247307,36.743038,with_candidate_bias,2.0798590510847084,1.7517456185257338,0.07245876498079915,0.037847038017195134,False
1569,247308,36.765302,without_bias,1.9350711771220808,1.8573253043278977,0.23547229924838117,0.12188974593211932,False
1569,247308,36.765302,with_candidate_bias,2.076706738961052,1.7456562577359855,0.06698846892520963,0.040385860451581324,False
1570,247309,36.787558,without_bias,1.947252394620102,1.865951211144098,0.23442425592854502,0.11989955562281678,False
1570,247309,36.787558,with_candidate_bias,2.0888810171602397,1.7541954694319597,0.07420390695121486,0.039357396663960306,False
1571,247310,36.826964,without_bias,1.9778018193522928,1.848659037912235,0.20256925435548265,0.1196147972305411,False
1571,247310,36.826964,with_candidate_bias,2.1197178615024614,1.7355784724721925,0.06302474033759886,0.04319516605719905,False
1572,247311,36.84923,without_bias,1.9426621941542865,1.8486454593795427,0.22394133160443191,0.12522219831170314,False
1572,247311,36.84923,with_candidate_bias,2.0842203471503775,1.7366620645267186,0.05695607029537916,0.04901174219938557,False
1573,247312,36.871487,without_bias,1.9501833642457496,1.8851759965644466,0.24828588602627116,0.12063260751332741,False
1573,247312,36.871487,with_candidate_bias,2.0914785047055275,1.7738985891044197,0.09391022847360621,0.05045179387702301,False
1574,247313,36.893741,without_bias,1.9327113301341103,1.8351483722107738,0.22093153479717104,0.1330785929236819,False
1574,247313,36.893741,with_candidate_bias,2.0742436848195145,1.7234679208468726,0.04623550162825945,0.05025590773441691,False
1575,247314,36.915994,without_bias,1.954572931685587,1.8721299754677623,0.2350625838058443,0.10219249950891734,False
1575,247314,36.915994,with_candidate_bias,2.0969873542681414,1.7592085258910353,0.07951612222373101,0.018484652484011058,False
1576,247315,36.938247,without_bias,1.9359693143563093,1.8502720290524595,0.2296040417708431,0.1329897123908628,False
1576,247315,36.938247,with_candidate_bias,2.0771650746920125,1.7390064477472376,0.06038622511309262,0.05600063175218636,False
1577,247316,36.965739,without_bias,1.9479171895065905,1.881034959338731,0.24617591253823212,0.10566340573628309,False
1577,247316,36.965739,with_candidate_bias,2.089945973553707,1.7688555797662902,0.08885559619101355,0.02509885902618117,False
1578,247317,36.988002,without_bias,1.9353603377500326,1.8364020798443486,0.21994325568296463,0.12804129518770385,False
1578,247317,36.988002,with_candidate_bias,2.0770244096683723,1.7243840345940196,0.046241847619849244,0.046511343966571986,False
1579,247318,37.010255,without_bias,1.9477620832198597,1.8762923462597505,0.24240938548272403,0.11898919255442574,False
1579,247318,37.010255,with_candidate_bias,2.089243844211167,1.7647829102485664,0.08478628215574414,0.042677068997324735,False
1580,247319,37.032507,without_bias,1.9395863212197926,1.8420094163476541,0.2210685996461346,0.13150735129486252,False
1580,247319,37.032507,with_candidate_bias,2.0809498746225485,1.7302382967410959,0.05104695121938231,0.05643336277631319,False
1581,247320,37.054759,without_bias,1.9440594722298017,1.856298057673525,0.22886599307302424,0.11302862169747148,False
1581,247320,37.054759,with_candidate_bias,2.0860362072428345,1.74376039710886,0.06388348685303023,0.0367212191679303,False
1582,247321,37.077018,without_bias,1.93882891504037,1.8482680396490012,0.2262008622777321,0.1290124681837666,False
1582,247321,37.077018,with_candidate_bias,2.0803007354424974,1.736671001310694,0.057495026937232754,0.04769795634477247,False
1583,247322,37.099277,without_bias,1.9431264810221733,1.855175757773481,0.22860091139022895,0.12035419974250905,False
1583,247322,37.099277,with_candidate_bias,2.0848202530163316,1.7431219644720337,0.06333413122182631,0.0425410957688958,False
1584,247323,37.121533,without_bias,1.9372758856703949,1.8725598553957856,0.24577215669763763,0.12472424552204368,False
1584,247323,37.121533,with_candidate_bias,2.078610539598896,1.761586072335368,0.08237722383851147,0.042774179139147335,False
1585,247324,37.143794,without_bias,1.9389300872530748,1.836456099987592,0.21748707952586743,0.13354004320835128,False
1585,247324,37.143794,with_candidate_bias,2.0803329002585516,1.7247275429043056,0.045760309348469405,0.053689413479198374,False
1586,247325,37.166047,without_bias,1.9494940974834223,1.857051049204711,0.22602872088849021,0.11926551988128177,False
1586,247325,37.166047,with_candidate_bias,2.0912511065876207,1.7448741330493842,0.06488619580929986,0.04002660693862944,False
1587,247326,37.188306,without_bias,1.9473550173645007,1.8525374199906333,0.22386771175876627,0.1245276486488102,False
1587,247326,37.188306,with_candidate_bias,2.0888973537888114,1.7404956722468032,0.060505720301965625,0.05084656556812673,False
1588,247327,37.210567,without_bias,1.952499751701913,1.8793056982666962,0.24213442473884408,0.12675437806486767,False
1588,247327,37.210567,with_candidate_bias,2.0936937082915,1.7683738346633333,0.08845099283809583,0.04601837001831464,False
1589,247328,37.232823,without_bias,1.925876192805542,1.8569279997936627,0.24132994260760507,0.14002460773229644,False
1589,247328,37.232823,with_candidate_bias,2.0667392392657375,1.7466501576611153,0.07059253860138574,0.058208385918350314,False
1590,247329,37.255077,without_bias,1.9518456203874772,1.8538228126017595,0.22203829126280772,0.11169665202273651,False
1590,247329,37.255077,with_candidate_bias,2.0939970646416275,1.7409723517724693,0.06110322582658875,0.03101199693416738,False
1591,247330,37.27733,without_bias,1.9389117471490511,1.8583345792623875,0.23373250161294432,0.14279548553169602,False
1591,247330,37.27733,with_candidate_bias,2.079671440585417,1.7480048811089173,0.06878475844413902,0.06197207190048663,False
1592,247331,37.326982,without_bias,1.9490471407035106,1.829445282447995,0.20543028255302798,0.12528315994421343,False
1592,247331,37.326982,with_candidate_bias,2.0908632661860866,1.7166368285911426,0.03664699766317579,0.04987961773436566,False
1593,247332,37.349247,without_bias,1.9478148353356546,1.8538267542280118,0.22457150650978103,0.11852995190313864,False
1593,247332,37.349247,with_candidate_bias,2.0896609778593773,1.7415281262987783,0.06152906030365044,0.038062608298131066,False
1594,247333,37.371503,without_bias,1.9429637589474391,1.8513708658321744,0.225804406154831,0.1198110161583928,False
1594,247333,37.371503,with_candidate_bias,2.0847220324706965,1.7391387595313024,0.05937381426303682,0.042657765183691514,False
1595,247334,37.393756,without_bias,1.9455713473245964,1.8598479263696701,0.23066190048012403,0.13158541169025686,False
1595,247334,37.393756,with_candidate_bias,2.086805956046135,1.7486945863949581,0.0687688019144844,0.05044816373030715,False
1596,247335,37.416013,without_bias,1.9317922017016111,1.8474933729508387,0.2303990829514571,0.11180469980570217,False
1596,247335,37.416013,with_candidate_bias,2.0739133935933958,1.7348371449360882,0.057147977833188,0.0334192422669149,False
1597,247336,37.438276,without_bias,1.9428637581030908,1.8574200071337035,0.23049280381580065,0.1332892361608462,False
1597,247336,37.438276,with_candidate_bias,2.0839963657642424,1.7463102338552603,0.06658145941608727,0.054955576768102185,False
1598,247337,37.460533,without_bias,1.947841777302525,1.8732020896117325,0.23986664568223073,0.1221314204342172,False
1598,247337,37.460533,with_candidate_bias,2.0892853874710573,1.7618439437711666,0.08184706349701504,0.04153582460634814,False
1599,247338,37.482794,without_bias,1.9554355938199264,1.83544064544729,0.2055951693685091,0.1370805948362404,False
1599,247338,37.482794,with_candidate_bias,2.0967307419972196,1.7235352935044204,0.04405252170249927,0.05958550052804513,False
1600,247339,37.505047,without_bias,1.9613860326094352,1.8736453328389355,0.23246519640204932,0.11395307463209332,False
1600,247339,37.505047,with_candidate_bias,2.103209489934806,1.761463227687521,0.08252725664655683,0.033629156538761217,False
1601,247340,37.527304,without_bias,1.9467288330457106,1.8414074805567235,0.21582169043011623,0.11577150927547962,False
1601,247340,37.527304,with_candidate_bias,2.0887895163067673,1.7284562946094786,0.048471411760461144,0.03957105522969161,False
1602,247341,37.549567,without_bias,1.9418272679357589,1.8658571995810636,0.23769319965766092,0.12044659213113648,False
1602,247341,37.549567,with_candidate_bias,2.083401711286722,1.754245199352702,0.07453782288788852,0.04054440206213875,False
1603,247342,37.571824,without_bias,1.9248383372009497,1.8427177115711089,0.23185216953370474,0.14405667674380832,False
1603,247342,37.571824,with_candidate_bias,2.0656888773377022,1.7322129488275135,0.05759533583864091,0.06329822801937315,False
1604,247343,37.594078,without_bias,1.9485716696427642,1.8524955047528588,0.2230620357379959,0.1229692845626561,False
1604,247343,37.594078,with_candidate_bias,2.0902187067811773,1.7404135533672114,0.06041394924277867,0.04450840836944487,False
1605,247344,37.61633,without_bias,1.9197994033621755,1.8418228142725275,0.23485073198726109,0.13884145631702194,False
1605,247344,37.61633,with_candidate_bias,2.060836130178074,1.7310344188842421,0.05877961563197332,0.05890320157170164,False
1606,247345,37.643745,without_bias,1.9438399229611527,1.8573232467082978,0.22979621829606686,0.1164223330701647,False
1606,247345,37.643745,with_candidate_bias,2.0856571377873028,1.7450454586841944,0.06519027648074302,0.04046117576307133,False
1607,247346,37.66601,without_bias,1.933287431804696,1.8432825422523125,0.22631839879856433,0.1290662590232633,False
1607,247346,37.66601,with_candidate_bias,2.0747210778338707,1.7315597543348786,0.05377595865841608,0.05259164025727938,False
1608,247347,37.688264,without_bias,1.9365024246346276,1.8492840452058412,0.22851388055061653,0.12652043363816398,False
1608,247347,37.688264,with_candidate_bias,2.0780574012458515,1.7376052597869713,0.05883019309952204,0.04509415720610322,False
1609,247348,37.710516,without_bias,1.942969180604702,1.8665809126319164,0.23755104464222324,0.1336085025799208,False
1609,247348,37.710516,with_candidate_bias,2.0840886928010387,1.755860642329989,0.07609060787981005,0.050655768066835825,False
1610,247349,37.732769,without_bias,1.9349041943592544,1.8498510196325453,0.23000886460649117,0.12495404953171571,False
1610,247349,37.732769,with_candidate_bias,2.0765197099709267,1.7381213232405583,0.05966411345609188,0.04321510172018778,False
1611,247350,37.755026,without_bias,1.9515766746503325,1.8438600304145503,0.21450204327305888,0.12044039508319163,False
1611,247350,37.755026,with_candidate_bias,2.0934280736027255,1.7312079060299033,0.051322522624994905,0.04410687564827511,False
1612,247351,37.777289,without_bias,1.934835394167982,1.8387356116688498,0.2219753349246024,0.12833388048048194,False
1612,247351,37.777289,with_candidate_bias,2.076357745284111,1.7267551329352342,0.04870475920815764,0.05265747069455727,False
1613,247352,37.799545,without_bias,1.9602050448043515,1.8532379432865254,0.21646735409383502,0.11769751081937707,False
1613,247352,37.799545,with_candidate_bias,2.1020906198900944,1.7405719975779934,0.061766900358648374,0.040374936033736875,False
1614,247353,37.840846,without_bias,1.9442958406073858,1.8674779199877578,0.2374398293194392,0.12284574496427622,False
1614,247353,37.840846,with_candidate_bias,2.085771162771733,1.7560374304826594,0.07615493351522568,0.042268919119815215,False
1615,247354,37.863111,without_bias,1.9476470304016626,1.8533324891422347,0.22429560795010686,0.12366918370331569,False
1615,247354,37.863111,with_candidate_bias,2.089229271321678,1.7413127919964055,0.06131763600376393,0.047313415929420594,False
1616,247355,37.885369,without_bias,1.9247368423228308,1.8410936234579323,0.23078792603651282,0.12872476022506588,False
1616,247355,37.885369,with_candidate_bias,2.0661912904025534,1.7294713872094545,0.05490239343711091,0.05106044659370946,False
1617,247356,37.907623,without_bias,1.9515645221317626,1.8671619000461503,0.2327959586451028,0.11105945922819156,False
1617,247356,37.907623,with_candidate_bias,2.0934893069945204,1.7546621225603203,0.0747436138309776,0.039061789278820785,False
1618,247357,37.929876,without_bias,1.9280416906732252,1.8674440605485598,0.24772115330532316,0.142759942051307,False
1618,247357,37.929876,with_candidate_bias,2.068663954040725,1.7576730088300336,0.08055012823010763,0.06085791120642889,False
1619,247358,37.952129,without_bias,1.9567199219506646,1.8727298309227034,0.23432534419548126,0.11351973948592403,False
1619,247358,37.952129,with_candidate_bias,2.0985266984982016,1.7605701437638095,0.0810200756195659,0.035248405939396356,False
1620,247359,37.979744,without_bias,1.9385916816017843,1.8433150849894837,0.22270225833003518,0.12743915258071983,False
1620,247359,37.979744,with_candidate_bias,2.0801129910464358,1.7313783055115677,0.05232096351643239,0.05090760938161924,False
1621,247360,38.002006,without_bias,1.9366696829077845,1.8724368004255014,0.24605305992326856,0.10420234231788546,False
1621,247360,38.002006,with_candidate_bias,2.0788358927592228,1.7600883214236618,0.08086270165498642,0.02359102904045465,False
1622,247361,38.02426,without_bias,1.92659974757931,1.8479538701673608,0.23432487062909024,0.1314406407162196,False
1622,247361,38.02426,with_candidate_bias,2.0679840100209637,1.7367654726412907,0.060885324167209195,0.04862400725256846,False
1623,247362,38.046514,without_bias,1.943730642558725,1.87951130911531,0.2473853014857354,0.11458997989326392,False
1623,247362,38.046514,with_candidate_bias,2.0854221874791965,1.7679718959677078,0.08809092375284092,0.032452597303246775,False
1624,247363,38.068766,without_bias,1.92679270811883,1.845770872297547,0.23262975352580118,0.12796739957634487,False
1624,247363,38.068766,with_candidate_bias,2.068240035829938,1.7342413209992964,0.05844327972000798,0.04918658540180465,False
1625,247364,38.091024,without_bias,1.9556124358241678,1.849838018021816,0.21657555210755455,0.11480315642379721,False
1625,247364,38.091024,with_candidate_bias,2.0976470186922023,1.73695304522883,0.05746413016583523,0.037458249193603216,False
1626,247365,38.113283,without_bias,1.929708838686674,1.871677227336072,0.24986679626236633,0.12682426704242758,False
1626,247365,38.113283,with_candidate_bias,2.0709925709172277,1.760972579431702,0.08317355938133165,0.04341391500749209,False
1627,247366,38.13554,without_bias,1.9517888559828476,1.8673853816001196,0.23284243936179774,0.11898139425245616,False
1627,247366,38.13554,with_candidate_bias,2.093386554252032,1.7554170479843068,0.07549304521854443,0.045615561462818956,False
1628,247367,38.1578,without_bias,1.9434419429568444,1.8644422422136253,0.2355805696509253,0.12147634060671901,False
1628,247367,38.1578,with_candidate_bias,2.085083900961201,1.7528191000902127,0.07298485711233324,0.03855792657732273,False
1629,247368,38.180052,without_bias,1.9390840649281327,1.8553052402576817,0.2313169832079339,0.12486625136054008,False
1629,247368,38.180052,with_candidate_bias,2.0805912046810584,1.7436594929358649,0.06435104094111586,0.04561771795533248,False
1630,247369,38.202311,without_bias,1.9419515726553132,1.8752554205116483,0.2450367647485079,0.12141498015916313,False
1630,247369,38.202311,with_candidate_bias,2.0834294345799518,1.764057288710379,0.0843137006380288,0.03873368786278689,False
1631,247370,38.22457,without_bias,1.9462728169642738,1.8488051306444264,0.22170402629466834,0.13976771500967977,False
1631,247370,38.22457,with_candidate_bias,2.0872595726261394,1.7377405666421228,0.057805561828814016,0.06172000234199276,False
1632,247371,38.246827,without_bias,1.9516210884946286,1.8781078535568843,0.241651494492228,0.10487053524825578,False
1632,247371,38.246827,with_candidate_bias,2.093683337240399,1.7656575228537803,0.08573667940078165,0.029000728828127577,False
1633,247372,38.269081,without_bias,1.9406797765947035,1.870143109461356,0.24176627389576258,0.1429359384751901,False
1633,247372,38.269081,with_candidate_bias,2.081295265244514,1.7602043383457515,0.0806753264427431,0.06174624919761566,False
1634,247373,38.291334,without_bias,1.9402792359559586,1.8664540701837014,0.23912638389353885,0.11897063306841489,False
1634,247373,38.291334,with_candidate_bias,2.0818958893765833,1.7547949067568616,0.07523267033519544,0.03942829841545976,False
1635,247374,38.342854,without_bias,1.9233572340915528,1.845506124598847,0.23486610804742905,0.12796901373083575,False
1635,247374,38.342854,with_candidate_bias,2.0648286283524913,1.7340622686085596,0.05963494644687003,0.0473014124908396,False
1636,247375,38.36512,without_bias,1.9505868804846307,1.8628491801741645,0.2299344267032901,0.11433334182109785,False
1636,247375,38.36512,with_candidate_bias,2.0924728624646822,1.7505235277490299,0.0705668691025571,0.03551547110930447,False
1637,247376,38.387376,without_bias,1.949627389984635,1.848563375014229,0.21935833934162,0.1298093416022841,False
1637,247376,38.387376,with_candidate_bias,2.0910196018980027,1.7367230680959127,0.05673223107056488,0.05399933923731458,False
1638,247377,38.40963,without_bias,1.950008735404727,1.8510595878762839,0.22104057719655862,0.11560205106247626,False
1638,247377,38.40963,with_candidate_bias,2.0919436595069727,1.7382829345650799,0.058315334808234066,0.04461241649365196,False
1639,247378,38.431886,without_bias,1.9353783382896774,1.8374927427729566,0.2207075492506092,0.13051458748153455,False
1639,247378,38.431886,with_candidate_bias,2.076869124299145,1.725665958225863,0.047516309172299764,0.051173873542163024,False
1641,247379,38.454383,without_bias,1.9520582825944113,1.8536055739473003,0.2217359075710897,0.11763222384843464,False
1641,247379,38.454383,with_candidate_bias,2.093892563016104,1.7410751059749667,0.06119902463836956,0.04318245142162376,False
1642,247380,38.476645,without_bias,1.9221219769793427,1.8534990735591128,0.24142278090353186,0.12808699573088575,False
1642,247380,38.476645,with_candidate_bias,2.0634873830802736,1.742380740166584,0.06778108585485362,0.04698569081559088,False
1643,247381,38.4989,without_bias,1.9298636874822086,1.8675774520740078,0.24663523493891223,0.12811494325615294,False
1643,247381,38.4989,with_candidate_bias,2.071104169663643,1.756809848944986,0.07909997028477282,0.04585267403714963,False
1644,247382,38.521155,without_bias,1.9486314015132191,1.8567354518399495,0.22631946574518894,0.12362726984854899,False
1644,247382,38.521155,with_candidate_bias,2.090197021160617,1.744847812038318,0.06484811133328984,0.04512978351661553,False
1645,247383,38.543411,without_bias,1.9388044649627791,1.8556357297340393,0.23174986380664817,0.11885464812109263,False
1645,247383,38.543411,with_candidate_bias,2.080549569828555,1.7436010280588152,0.06429931104268198,0.04018701267450927,False
1646,247384,38.565673,without_bias,1.956037749226812,1.878445347754404,0.23942940645957606,0.10742781946309306,False
1646,247384,38.565673,with_candidate_bias,2.098027873405648,1.7661041241436468,0.08647755168806333,0.02880655341229145,False
1647,247385,38.58793,without_bias,1.9287408045498184,1.847511091337567,0.2325177280087317,0.13744219238384559,False
1647,247385,38.58793,with_candidate_bias,2.0697947028580517,1.736643184757579,0.06013904232755666,0.05769514953136624,False
1648,247386,38.610184,without_bias,1.9336009059936077,1.8713740917137676,0.2471532309829063,0.12054769689538945,False
1648,247386,38.610184,with_candidate_bias,2.075127226277081,1.7601581128865373,0.08152620719587061,0.03800585623957659,False
1649,247387,38.632437,without_bias,1.9255137880438973,1.846216035388399,0.2338450006818735,0.13136722119797942,False
1649,247387,38.632437,with_candidate_bias,2.0668022920285845,1.734945555807638,0.05964182893018413,0.05302867982815215,False
1650,247388,38.660753,without_bias,1.9468481779288682,1.8523606898212277,0.2240550190420523,0.13259431333270316,False
1650,247388,38.660753,with_candidate_bias,2.0880677660798512,1.7408931597541135,0.06092380842299807,0.056690302877438786,False
1651,247389,38.683019,without_bias,1.936536148251707,1.8417252741739851,0.22294891365528718,0.1253886302099002,False
1651,247389,38.683019,with_candidate_bias,2.0781505738261927,1.7296269183316986,0.05102195531092072,0.04955382794995656,False
1652,247390,38.705273,without_bias,1.9537120832474661,1.8613297576792858,0.2268366753256053,0.12074539391171897,False
1652,247390,38.705273,with_candidate_bias,2.0953804265956153,1.7493230656052299,0.0695315497832302,0.0407433925212859,False
1653,247391,38.727526,without_bias,1.9444078533626339,1.8493339644907845,0.2233183035325196,0.124822033116574,False
1653,247391,38.727526,with_candidate_bias,2.0860011765036535,1.7373477082182642,0.05748695701845863,0.04650490834915607,False
1654,247392,38.749787,without_bias,1.9437865662784808,1.8607547124447192,0.23248792285108105,0.12006816415061582,False
1654,247392,38.749787,with_candidate_bias,2.0854530207606548,1.7488927835608232,0.06904267265221907,0.04006966727070936,False
1655,247393,38.772044,without_bias,1.9454401861732702,1.847698945808356,0.22140568239964542,0.13081733088489597,False
1655,247393,38.772044,with_candidate_bias,2.0867979861073485,1.736011876433179,0.05610332605589833,0.05351062653760171,False
1656,247394,38.794306,without_bias,1.9494815730887989,1.8630710411703548,0.2307822229219493,0.11526518788416683,False
1656,247394,38.794306,with_candidate_bias,2.091312596337902,1.7508320093725824,0.07084417026759426,0.03717577248454348,False
1657,247395,38.816563,without_bias,1.9453475904448214,1.8293941939774205,0.20794938034118363,0.1267218744969991,False
1657,247395,38.816563,with_candidate_bias,2.087088540916005,1.7167444657727877,0.03685963047733047,0.05182265578014519,False
1658,247396,38.857844,without_bias,1.9491106542746683,1.8494026076767371,0.22033395386683036,0.11464012817816145,False
1658,247396,38.857844,with_candidate_bias,2.091156667115221,1.7366439287963773,0.0566557371172991,0.0355963224420902,False
1659,247397,38.88011,without_bias,1.9400929731368655,1.8298964326008444,0.21199305934252663,0.13540177461912187,False
1659,247397,38.88011,with_candidate_bias,2.0814866400079826,1.7180207199841948,0.038962192526476695,0.0566654420895172,False
1660,247398,38.902369,without_bias,1.951675392115756,1.8741013673813531,0.23834646623275305,0.10892026521528006,False
1660,247398,38.902369,with_candidate_bias,2.093632488361366,1.7617874406349223,0.08186806714040837,0.03136434318137134,False
1661,247399,38.924622,without_bias,1.931248500067816,1.846042967064473,0.22972223584644968,0.14010777883057102,False
1661,247399,38.924622,with_candidate_bias,2.0721901560182463,1.7351992877148155,0.05800130952726316,0.06260064328016801,False
1662,247400,38.946875,without_bias,1.957376777765565,1.8916673289814765,0.24978386103589018,0.11510354716337211,False
1662,247400,38.946875,with_candidate_bias,2.0989404176111273,1.7803066811911865,0.10070432641476582,0.032847184084017815,False
1663,247401,38.969128,without_bias,1.9260935420651675,1.8659996586913676,0.24791369463191873,0.1335626993114961,False
1663,247401,38.969128,with_candidate_bias,2.067098122949619,1.7556135409401274,0.07900571843819344,0.051827386460340914,False
1664,247402,38.99674,without_bias,1.9473776983298887,1.8688892460818776,0.2366860118787342,0.11294666295619167,False
1664,247402,38.99674,with_candidate_bias,2.0891980998635233,1.7567112727514038,0.07671546396241868,0.03795922212423295,False
1665,247403,39.019003,without_bias,1.9357616508779283,1.8510076069355341,0.23028910084873794,0.12360029606446007,False
1665,247403,39.019003,with_candidate_bias,2.0773605111405193,1.7391899908723787,0.060524471894442926,0.044650026552942056,False
1666,247404,39.041257,without_bias,1.9382437476074033,1.8567725232216301,0.23297743475793373,0.12316066017394611,False
1666,247404,39.041257,with_candidate_bias,2.0798034940974364,1.745086577864357,0.06588043222925924,0.04367005174086468,False
1667,247405,39.06351,without_bias,1.9285447753661489,1.8542039505131305,0.2375180118137328,0.13258620315383213,False
1667,247405,39.06351,with_candidate_bias,2.069701800118111,1.7432476964827825,0.06642505573067516,0.05344692309456398,False
1668,247406,39.085763,without_bias,1.9428754487644329,1.851679998816068,0.22609656248990626,0.13040270463327155,False
1668,247406,39.085763,with_candidate_bias,2.0841778000715583,1.740124983064924,0.060406221538548,0.0546871916716456,False
1669,247407,39.108022,without_bias,1.944593453669105,1.8552959566401896,0.2277536742410053,0.12664869179802898,False
1669,247407,39.108022,with_candidate_bias,2.0860065040507925,1.7435683230205514,0.06369363941196571,0.051939542667498076,False
1670,247408,39.130282,without_bias,1.9334828770984582,1.8457877243129417,0.22799820019956354,0.12845494279939118,False
1670,247408,39.130282,with_candidate_bias,2.0748980255809317,1.7340520226787932,0.056122106045861916,0.05451603171400823,False
1671,247409,39.152538,without_bias,1.9485037130217162,1.8690045089567158,0.236101468937849,0.12124380856344293,False
1671,247409,39.152538,with_candidate_bias,2.0899824360381656,1.757346269740121,0.07734627173435264,0.04595135059818354,False
1672,247410,39.174798,without_bias,1.918957499474298,1.8671062297470102,0.2535040003554692,0.14072477816419857,False
1672,247410,39.174798,with_candidate_bias,2.05961835622002,1.7573785033888156,0.08312927923100587,0.059067023865870164,False
1673,247411,39.197051,without_bias,1.9534809456773872,1.876718919169729,0.2394489201321378,0.11883635694181674,False
1673,247411,39.197051,with_candidate_bias,2.0949864107495952,1.7650969385873327,0.08524290732430453,0.04229546863476226,False
1674,247412,39.219308,without_bias,1.9334692466622339,1.8523333131546833,0.23281032529370063,0.13152770314991408,False
1674,247412,39.219308,with_candidate_bias,2.0747073783334082,1.7411302161893114,0.06301402707960717,0.05287216454675974,False
1675,247413,39.241567,without_bias,1.9514846209580232,1.8715002617494134,0.23634479152550905,0.12104509413447244,False
1675,247413,39.241567,with_candidate_bias,2.09294783058054,1.75984314518174,0.07989754400257865,0.04634417977872389,False
1676,247414,39.263824,without_bias,1.9315462557170204,1.8369570928906882,0.2230316526549359,0.13849295595202202,False
1676,247414,39.263824,with_candidate_bias,2.0726680718946993,1.7256762535572225,0.04885402614801567,0.06135095440402894,False
1677,247415,39.286078,without_bias,1.956183515360404,1.8712550551873917,0.23342096670186135,0.11542103430616103,False
1677,247415,39.286078,with_candidate_bias,2.0980243360671733,1.7591950191493997,0.0796005089644076,0.032685312118043215,False
1678,247416,39.30833,without_bias,1.926671125592979,1.8552154775104064,0.23953451687442495,0.1364805096951649,False
1678,247416,39.30833,with_candidate_bias,2.067713217154283,1.744626718707856,0.06836163734549139,0.054464482011258294,False
1679,247417,39.35987,without_bias,1.953522714349701,1.869225929025875,0.2333077403649069,0.11760723265732358,False
1679,247417,39.35987,with_candidate_bias,2.095183164263555,1.757268021572779,0.07744167062734662,0.04023578762785182,False
1680,247418,39.382136,without_bias,1.9446483044655682,1.8544009289675334,0.22703039316239743,0.1317159728479992,False
1680,247418,39.382136,with_candidate_bias,2.085912792430155,1.743066724961023,0.06319902738989207,0.05201020010596079,False
1681,247419,39.404391,without_bias,1.9402273831451213,1.8598215559842823,0.23402484645047125,0.1323142921592158,False
1681,247419,39.404391,with_candidate_bias,2.0814492842008616,1.7488332039607752,0.06936227150391865,0.05000673064070537,False
1682,247420,39.426645,without_bias,1.9602845531241813,1.8517252842258947,0.21521075809693538,0.13410078270141015,False
1682,247420,39.426645,with_candidate_bias,2.101494288741396,1.7400163068652144,0.06110708439624792,0.05976930846153133,False
1683,247421,39.4489,without_bias,1.9583521340876155,1.8510975094522728,0.21588311267918972,0.12386291389132603,False
1683,247421,39.4489,with_candidate_bias,2.099987242543682,1.7387711945295963,0.05961374271140834,0.04841438982360363,False
1684,247422,39.471163,without_bias,1.9542657080900356,1.8591659933281452,0.22477600220121452,0.12088050324182245,False
1684,247422,39.471163,with_candidate_bias,2.0958979290016844,1.746969598374017,0.06722880835539226,0.04775465622886225,False
1685,247423,39.49342,without_bias,1.957712597996343,1.8532679685409585,0.2179948294138825,0.1361753318471159,False
1685,247423,39.49342,with_candidate_bias,2.098807740333815,1.7417371476488812,0.062362261742240244,0.06382776836775518,False
1686,247424,39.515673,without_bias,1.9529153866968283,1.8746630897168837,0.23808802931395692,0.12344528198539592,False
1686,247424,39.515673,with_candidate_bias,2.0942580924708243,1.7632865587193525,0.0833953368888348,0.046425056116114485,False
1687,247425,39.537926,without_bias,1.9327797122118122,1.8559994872620247,0.23599584404962762,0.13955631017655587,False
1687,247425,39.537926,with_candidate_bias,2.073644214506,1.7454753811190669,0.0674873117838665,0.060311217617266086,False
1688,247426,39.560181,without_bias,1.9594067932349468,1.8790419413137445,0.23805940446687673,0.12366424239580134,False
1688,247426,39.560181,with_candidate_bias,2.1007069900738142,1.7676931274464707,0.0883443503444545,0.046864775847178984,False
1689,247427,39.582444,without_bias,1.9388593351046555,1.8533062914731697,0.22995341104056288,0.13360151276419652,False
1689,247427,39.582444,with_candidate_bias,2.080032934741517,1.7421752669447705,0.06296908931785766,0.05412869519489472,False
1690,247428,39.6047,without_bias,1.9589759864222076,1.8778415478707529,0.23729426920583,0.10505659880380355,False
1690,247428,39.6047,with_candidate_bias,2.1011200931515495,1.765262369633301,0.08598446456880914,0.024054765692788516,False
1691,247429,39.626954,without_bias,1.9345913984427205,1.8550739482480754,0.23409980946843803,0.13764224784535284,False
1691,247429,39.626954,with_candidate_bias,2.0755805434380843,1.7443773281824515,0.06597242690285118,0.05704627875500204,False
1692,247430,39.649208,without_bias,1.9492609846328415,1.8858458011403327,0.24935910709982637,0.11888932527499253,False
1692,247430,39.649208,with_candidate_bias,2.0906677745090354,1.7746907452823937,0.09469309988024519,0.03885535237403147,False
1693,247431,39.676752,without_bias,1.9437186192911728,1.8474864839312768,0.22237348007741986,0.14204487615600642,False
1693,247431,39.676752,with_candidate_bias,2.0845946454057076,1.7364706204494977,0.05672873021883423,0.06776774060363366,False
1694,247432,39.699017,without_bias,1.9519093758919566,1.8535991770885956,0.22182356672000947,0.12927288308210907,False
1694,247432,39.699017,with_candidate_bias,2.0932591936390907,1.741791006367673,0.061876900464607094,0.05603541814738212,False
1695,247433,39.721271,without_bias,1.9519701393287094,1.8536761500608496,0.2218459995963295,0.12339811561744105,False
1695,247433,39.721271,with_candidate_bias,2.0935943163326742,1.7415911856480457,0.06169597441836355,0.045118081345775725,False
1696,247434,39.743524,without_bias,1.9477350284435033,1.8464211669115902,0.2189413778347669,0.12928501248185048,False
1696,247434,39.743524,with_candidate_bias,2.089163363926952,1.7344858355800952,0.054492258521554204,0.0545541362132978,False
1697,247435,39.771196,without_bias,1.9424616163058652,1.8562105508114732,0.22982108885035007,0.13736327910214902,False
1697,247435,39.771196,with_candidate_bias,2.083438085137975,1.745327772673397,0.06565650469773343,0.05923336372138415,False
1698,247436,39.793459,without_bias,1.9545743332538208,1.8633270622665925,0.22792306371437326,0.11903310843008272,False
1698,247436,39.793459,with_candidate_bias,2.0962454093324308,1.751211982934022,0.07148532472560412,0.04283003474833516,False
1699,247437,39.820869,without_bias,1.936261707409968,1.8510299398111978,0.2299710914883004,0.1314792813923992,False
1699,247437,39.820869,with_candidate_bias,2.0775656242286216,1.7397465070600626,0.06102670568449488,0.05085958863620522,False
1700,247438,39.859969,without_bias,1.9496277511076738,1.8582341475460233,0.22687392889123856,0.12430675281205401,False
1700,247438,39.859969,with_candidate_bias,2.091152171466061,1.7464267495532122,0.06643674100445017,0.045610788887847725,False
1701,247439,39.882235,without_bias,1.9748781323639581,1.8687210376862473,0.221062603063893,0.11820964860646815,False
1701,247439,39.882235,with_candidate_bias,2.1165717906545347,1.7562595260013734,0.08075627136354535,0.0451156953213116,False
1702,247440,39.904494,without_bias,1.9484431785113783,1.8462163792846882,0.2183259454404648,0.12780555681043682,False
1702,247440,39.904494,with_candidate_bias,2.0899528194186106,1.7342110867253588,0.0542111072562777,0.05080701624881658,False
1703,247441,39.926746,without_bias,1.9446099254082003,1.8650895200731636,0.2353644073149615,0.12280597554464927,False
1703,247441,39.926746,with_candidate_bias,2.0861472071040517,1.7535595146465612,0.07366034352442795,0.0411140663477519,False
1704,247442,39.949,without_bias,1.9447432163854521,1.8670680569407163,0.2368417005377614,0.1227176832634373,False
1704,247442,39.949,with_candidate_bias,2.0862439073283183,1.755598757309116,0.07569200974238233,0.04156067181296719,False
1705,247443,39.971255,without_bias,1.9323671416166592,1.8745833300705468,0.2504212259043664,0.11998902342290389,False
1705,247443,39.971255,with_candidate_bias,2.0737605529908714,1.7633624082389934,0.08492944569798447,0.045880778266484006,False
1706,247444,39.998753,without_bias,1.9516530356951105,1.8469674583070812,0.21683637763508515,0.13863651542209518,False
1706,247444,39.998753,with_candidate_bias,2.0927074198166147,1.7355806532167704,0.05564655545553822,0.06355046100689249,False
1707,247445,40.021015,without_bias,1.9583592871614828,1.8474154431788452,0.21297231719498683,0.13053151597921117,False
1707,247445,40.021015,with_candidate_bias,2.099787588183041,1.7354435544275386,0.056300840224638306,0.052639697558647086,False
1708,247446,40.043269,without_bias,1.938670904000506,1.8631031419844855,0.23754421883223073,0.1322136386842442,False
1708,247446,40.043269,with_candidate_bias,2.079842637225022,1.7522591750826986,0.07296958545979691,0.04996643495832293,False
1709,247447,40.065523,without_bias,1.9449233668654884,1.845845215171229,0.22034487712864329,0.12559066099477673,False
1709,247447,40.065523,with_candidate_bias,2.086539606533811,1.733782462827715,0.05389366967237797,0.04670938269971731,False
1710,247448,40.087785,without_bias,1.9329031225916513,1.8627977675304614,0.24102790856159031,0.12804838049154077,False
1710,247448,40.087785,with_candidate_bias,2.074214390361152,1.7517873860109652,0.07350247793072978,0.04609253968480794,False
1711,247449,40.110044,without_bias,1.96394563959772,1.8569464100134876,0.21725499716482738,0.12097758024673738,False
1711,247449,40.110044,with_candidate_bias,2.1056389945875043,1.7444954007753932,0.06636440968536217,0.0469130271278828,False
1712,247450,40.132305,without_bias,1.9446690165617946,1.8429758584225369,0.21836260022192147,0.1254423932628639,False
1712,247450,40.132305,with_candidate_bias,2.0863018207565567,1.7307733735399637,0.05090787748811897,0.04871321492754932,False
1713,247451,40.154562,without_bias,1.962687905215291,1.8560072471717461,0.21722550618066666,0.12426583176887261,False
1713,247451,40.154562,with_candidate_bias,2.104260081181506,1.743791194421875,0.06536563624009636,0.048779439859948995,False
1714,247452,40.176816,without_bias,1.9508374347397164,1.8575763423020477,0.2256093458064109,0.13838261780221275,False
1714,247452,40.176816,with_candidate_bias,2.091831335801229,1.7466781652056962,0.06670330955818449,0.057819647182484855,False
1715,247453,40.19907,without_bias,1.9362206781695004,1.868334434637228,0.2431418086071843,0.12866811042591475,False
1715,247453,40.19907,with_candidate_bias,2.0775037173562545,1.7574898166326378,0.07849094700455723,0.04534281528847397,False
1716,247454,40.221327,without_bias,1.9360346426229802,1.853786218202214,0.23217876929052092,0.1344115691471056,False
1716,247454,40.221327,with_candidate_bias,2.0772037257955747,1.7428082938435918,0.06409856791737097,0.05293874466156992,False
1717,247455,40.243587,without_bias,1.9500690129389147,1.8699200878405413,0.23590320240566584,0.12267809366451679,False
1717,247455,40.243587,with_candidate_bias,2.0915465862033416,1.758434736133716,0.07844998254461269,0.041871227018885286,False
1718,247456,40.265843,without_bias,1.9423618991802305,1.8569415370469833,0.2304459076360814,0.13188320611046012,False
1718,247456,40.265843,with_candidate_bias,2.083567997923225,1.745747695878445,0.06606156343926582,0.052733427032033584,False
1719,247457,40.288096,without_bias,1.9333436717248798,1.879465738046405,0.2536292290786677,0.11129965316030681,False
1719,247457,40.288096,with_candidate_bias,2.075124310931516,1.767930057284137,0.08917948810827431,0.029501888333447062,False
1720,247458,40.310348,without_bias,1.9361601936771877,1.8589288727472981,0.23597081919605903,0.13200526955726036,False
1720,247458,40.310348,with_candidate_bias,2.0773163560263495,1.7479486938645095,0.06912235399885591,0.0524926978721527,False
1721,247459,40.35998,without_bias,1.9497874114321772,1.8517772535549506,0.2217363182515921,0.13457137573929498,False
1721,247459,40.35998,with_candidate_bias,2.0909925108121374,1.7404352083491994,0.060443357665862334,0.05469461900995832,False
1722,247460,40.382246,without_bias,1.9637720377651298,1.8588466168556086,0.2189054837382213,0.12883799682183436,False
1722,247460,40.382246,with_candidate_bias,2.105127039947724,1.747013079138637,0.0686992002371299,0.05296107515393994,False
1723,247461,40.4045,without_bias,1.944393001828974,1.8487765396057312,0.22290562630329036,0.13488554820914725,False
1723,247461,40.4045,with_candidate_bias,2.0855981608614425,1.737458381040941,0.05762674500306006,0.055224338691448674,False
1724,247462,40.426753,without_bias,1.9567038620565107,1.8385252451082796,0.20711859821679426,0.1321786706125429,False
1724,247462,40.426753,with_candidate_bias,2.0981540679675197,1.726351921027813,0.04706367396822692,0.05593796977973209,False
1725,247463,40.44901,without_bias,1.9557015275444547,1.8578852790351945,0.22288842994045666,0.12381776120902195,False
1725,247463,40.44901,with_candidate_bias,2.0972700381326974,1.7459020512565215,0.0663018386944742,0.0453743379917389,False
1726,247464,40.471274,without_bias,1.93980686796311,1.8649047635140612,0.23821785928271952,0.13120391056901273,False
1726,247464,40.471274,with_candidate_bias,2.0809342398160897,1.7540083369393646,0.0745615312627276,0.05161046432656303,False
1727,247465,40.49353,without_bias,1.948671885630776,1.868788071995616,0.23582742003206988,0.12447496584448961,False
1727,247465,40.49353,with_candidate_bias,2.0900752812511114,1.7574078760260734,0.07740791263259027,0.04412117831412511,False
1728,247466,40.515789,without_bias,1.9252586965678609,1.8507125583246393,0.2372392771576062,0.1384220346138093,False
1728,247466,40.515789,with_candidate_bias,2.0662665794420065,1.7401201026863686,0.06463514522612365,0.05666416584325849,False
1729,247467,40.538043,without_bias,1.9586211455862783,1.8504464546286028,0.21520315351435307,0.12424852998777457,False
1729,247467,40.538043,with_candidate_bias,2.10027879806196,1.7381668991524815,0.05906811192693998,0.04575928648381211,False
1730,247468,40.5603,without_bias,1.941424214377659,1.8643416417246004,0.23676276089583162,0.1270135196966974,False
1730,247468,40.5603,with_candidate_bias,2.0827479669075353,1.753122275661432,0.0734810123901451,0.046888658460041595,False
1731,247469,40.582563,without_bias,1.9529986421819814,1.8456489054946814,0.21496262916043488,0.1277727237207153,False
1731,247469,40.582563,with_candidate_bias,2.0945508996380804,1.7335511591958257,0.0537441842317153,0.04930716104668426,False
1732,247470,40.60482,without_bias,1.9370897875801365,1.8699865865134078,0.24387791231947253,0.13182924344021363,False
1732,247470,40.60482,with_candidate_bias,2.0781762557948857,1.759397578544169,0.08027313626429111,0.04958605838990443,False
1733,247471,40.627073,without_bias,1.9317181060644142,1.873270353789869,0.2498131053445698,0.12782634007263138,False
1733,247471,40.627073,with_candidate_bias,2.072864216062521,1.7626373551338015,0.08439530528804315,0.047009642287196625,False
1734,247472,40.649325,without_bias,1.9346203326702092,1.872173886344939,0.2471308228700621,0.1266093652386101,False
1734,247472,40.649325,with_candidate_bias,2.0758593985414198,1.7613659454929427,0.08258555379466148,0.04509542694800444,False
1735,247473,40.676745,without_bias,1.9399922589346346,1.8666501024721167,0.2394589383012991,0.13183247225237135,False
1735,247473,40.676745,with_candidate_bias,2.081086100493619,1.755864579654464,0.07638646510055552,0.051436653552218055,False
1736,247474,40.69901,without_bias,1.9366969444242816,1.8578698491226304,0.23481803609552457,0.13240674244704564,False
1736,247474,40.69901,with_candidate_bias,2.077861935168897,1.7468752952804434,0.0679679169659521,0.0523630109640854,False
1737,247475,40.721265,without_bias,1.9556004277532857,1.8575782059199921,0.22270443246119484,0.1251063341344974,False
1737,247475,40.721265,with_candidate_bias,2.097085859614896,1.7455857661146708,0.06596743229299075,0.051164329578318304,False
1738,247476,40.743519,without_bias,1.9525624598301516,1.8589702534065518,0.22565333822557115,0.1254910280624961,False
1738,247476,40.743519,with_candidate_bias,2.0940817253122597,1.7472285893359452,0.06735238455783069,0.04455945769520365,False
1739,247477,40.765772,without_bias,1.960347922801481,1.8712341664593437,0.2310414844639176,0.12130617978421251,False
1739,247477,40.765772,with_candidate_bias,2.1018329056031906,1.7593771350553216,0.08025426608352226,0.04757341147425482,False
1740,247478,40.788028,without_bias,1.944054518973584,1.8502806695952694,0.2242667828053125,0.12389554184140292,False
1740,247478,40.788028,with_candidate_bias,2.08574540756335,1.7382996816409966,0.058454721248531835,0.04216172246087004,False
1741,247479,40.810292,without_bias,1.9416102274175189,1.8757966382930078,0.2456742725112326,0.12711296045399728,False
1741,247479,40.810292,with_candidate_bias,2.0828271487577523,1.7650058463055434,0.08530793457272941,0.04497082239026795,False
1742,247480,40.832548,without_bias,1.9362779105425685,1.8540268775758946,0.23219783570475835,0.1356548626924166,False
1742,247480,40.832548,with_candidate_bias,2.077396790714468,1.7431357817639326,0.064381424520104,0.054091700537907225,False
1743,247481,40.871967,without_bias,1.9488905360789648,1.8462652229323673,0.21807339398659276,0.12794978250356243,False
1743,247481,40.871967,with_candidate_bias,2.090422839308278,1.7342958877480676,0.054297534192920716,0.0487938835093139,False
1744,247482,40.894232,without_bias,1.9585848799553958,1.8645652153607124,0.22657063467599653,0.1258666112210637,False
1744,247482,40.894232,with_candidate_bias,2.0999833694844314,1.7528793827438558,0.07355998977289294,0.048327248417914574,False
1745,247483,40.916489,without_bias,1.9482291333619735,1.83851816211876,0.21266637333816218,0.13144855123380153,False
1745,247483,40.916489,with_candidate_bias,2.0896730505111547,1.7264521213807165,0.046453271970196865,0.056006726003874435,False
1746,247484,40.938743,without_bias,1.9577545384660677,1.8742005239178954,0.23495256028889705,0.11179987350801442,False
1746,247484,40.938743,with_candidate_bias,2.0996356436122965,1.7619678041412428,0.08253221518631582,0.03218004993609167,False
1747,247485,40.960995,without_bias,1.9387467316110563,1.859390678296842,0.23464561930310748,0.13023653633760654,False
1747,247485,40.960995,with_candidate_bias,2.079994553117913,1.7482667686713667,0.06899609171641652,0.049951387225519436,False
1748,247486,40.98325,without_bias,1.9630637201979166,1.8724823491317542,0.23056945560344996,0.11646145821989921,False
1748,247486,40.98325,with_candidate_bias,2.1047659554183453,1.7603647284133643,0.08170999334457435,0.038928460283679835,False
1749,247487,41.010752,without_bias,1.9368049556779432,1.8503572892288886,0.22910767686450872,0.14165510609223986,False
1749,247487,41.010752,with_candidate_bias,2.0777091355362987,1.7397170592731792,0.060968783139418815,0.060761716096828344,False
1750,247488,41.033015,without_bias,1.961534383824586,1.8598923489630663,0.22105354951861417,0.12333596302823104,False
1750,247488,41.033015,with_candidate_bias,2.103152803733263,1.7478458245733606,0.06910898753479877,0.042917338047359394,False
1751,247489,41.059858,without_bias,1.9463716021259263,1.8277998275976848,0.20609198362328054,0.13733534232756142,False
1751,247489,41.059858,with_candidate_bias,2.087709666046569,1.7158108700865495,0.03588403608812659,0.060649497208507985,False
1752,247490,41.082112,without_bias,1.9644468576486445,1.868578697451122,0.22655135551715763,0.1268515416496292,False
1752,247490,41.082112,with_candidate_bias,2.105770120093131,1.7569649731362051,0.07856401070215657,0.04991015623393059,False
1753,247491,41.104365,without_bias,1.9393324477373832,1.8567715514645728,0.23226900936629594,0.13425114870986893,False
1753,247491,41.104365,with_candidate_bias,2.0804430630874537,1.7458020287380542,0.06649242084022892,0.05438662599740561,False
1754,247492,41.126623,without_bias,1.9571456343333478,1.8619460818375522,0.2252879472424696,0.1266232648568458,False
1754,247492,41.126623,with_candidate_bias,2.0985246604700376,1.7502036211026522,0.07071929193688367,0.05129443741067871,False
1755,247493,41.148883,without_bias,1.945335393837788,1.8632201820775949,0.2334469605640967,0.1312377242167007,False
1755,247493,41.148883,with_candidate_bias,2.0864957428950857,1.7521403042204011,0.07222536473337725,0.052280265605252486,False
1756,247494,41.17114,without_bias,1.956607414662341,1.8556922506178326,0.22059317475893028,0.12534169544855872,False
1756,247494,41.17114,with_candidate_bias,2.098130556271709,1.743694393814286,0.06421122759032707,0.04811187176407499,False
1757,247495,41.193393,without_bias,1.9468259075243846,1.8709367962528338,0.23865389357710518,0.11992769394726509,False
1757,247495,41.193393,with_candidate_bias,2.0883843936358306,1.7593711192487151,0.07938756045324552,0.03946047538796107,False
1758,247496,41.215646,without_bias,1.9430664928510195,1.847992106821077,0.22318334050122024,0.13467623001580956,False
1758,247496,41.215646,with_candidate_bias,2.0842333693864865,1.7365254815148776,0.056818870889181604,0.06094153772125718,False
1759,247497,41.237904,without_bias,1.9657602480469278,1.8728660048479888,0.22941842077606875,0.11379313645084807,False
1759,247497,41.237904,with_candidate_bias,2.1075594682861953,1.760495361214801,0.08238833718188042,0.03870207308490855,False
1760,247498,41.260165,without_bias,1.9343027023367958,1.8428347564201852,0.22529271270515042,0.13233537872358012,False
1760,247498,41.260165,with_candidate_bias,2.0756199276022596,1.7313111753699724,0.053288114997739576,0.05475824212010906,False
1761,247499,41.282422,without_bias,1.9545497035739148,1.88465276097989,0.24541706415529937,0.11438122635122493,False
1761,247499,41.282422,with_candidate_bias,2.0961520809193672,1.7730194342284435,0.09322265413416521,0.03661251673328909,False
1762,247500,41.304677,without_bias,1.9323033023761778,1.859149514480379,0.2386688018573326,0.13957223328434049,False
1762,247500,41.304677,with_candidate_bias,2.0731801336031155,1.7487846488315526,0.07081126902187998,0.057871266245554685,False
1763,247501,41.32693,without_bias,1.9432976207999033,1.8876044195006563,0.25420696894297257,0.12233424235161355,False
1763,247501,41.32693,with_candidate_bias,2.084584774666488,1.7768858815760304,0.09703709967933563,0.03935234745000063,False
1764,247502,41.378854,without_bias,1.9530256988026817,1.8882943059026487,0.24929596278311414,0.11914517097347356,False
1764,247502,41.378854,with_candidate_bias,2.094415049609879,1.777168734505575,0.09726898595375943,0.03847062985545015,False
1765,247503,41.401119,without_bias,1.9535380194596141,1.8493816894075032,0.21751328428292496,0.1387141034888891,False
1765,247503,41.401119,with_candidate_bias,2.0945721125215964,1.738075567485993,0.058255263725523226,0.06250844462837939,False
1766,247504,41.423374,without_bias,1.9554215614383519,1.8733321476189717,0.2355603434974893,0.11669778496521184,False
1766,247504,41.423374,with_candidate_bias,2.0970590340123367,1.7613903577171794,0.08169590130794671,0.04132931431600163,False
1767,247505,41.445628,without_bias,1.9476603124587426,1.8510088491008647,0.22249632158789745,0.13906899708353485,False
1767,247505,41.445628,with_candidate_bias,2.0886278449591416,1.7398250778421,0.05984081172802965,0.06548523176628636,False
1768,247506,41.467885,without_bias,1.9561183417562498,1.8715449537044961,0.2336958872204513,0.12653429684259446,False
1768,247506,41.467885,with_candidate_bias,2.0973844689885484,1.7601871306409147,0.0805264323229706,0.04969995691442069,False
1769,247507,41.490148,without_bias,1.9308090815895,1.8597138100820536,0.24008082397098454,0.14585611225871417,False
1769,247507,41.490148,with_candidate_bias,2.07145944143857,1.7498196223246911,0.07223940734344603,0.06311963557734208,False
1770,247508,41.512403,without_bias,1.9494603275278843,1.8649793310061171,0.23231175699486276,0.12100458048461406,False
1770,247508,41.512403,with_candidate_bias,2.0910982055345193,1.7532199047393147,0.07322814011997282,0.03914206356717616,False
1771,247509,41.539863,without_bias,1.9433725738882415,1.8553566949549216,0.22858165401814864,0.13061898394235943,False
1771,247509,41.539863,with_candidate_bias,2.0847353133813042,1.7440269080543997,0.06424299090328563,0.0483923583926759,False
1772,247510,41.562117,without_bias,1.9341771608340155,1.8690462938132264,0.24498828218971,0.12375124399864114,False
1772,247510,41.562117,with_candidate_bias,2.0755762192359,1.7579457506381657,0.07926907022337236,0.042177197857359044,False
1773,247511,41.584373,without_bias,1.9420985967019224,1.8650720116022494,0.23691026692831132,0.12776334664867714,False
1773,247511,41.584373,with_candidate_bias,2.0834189413149016,1.753926849793594,0.07421919868754534,0.046164705335004615,False
1774,247512,41.606637,without_bias,1.9469961494985064,1.8779311044257279,0.24418604251152828,0.12570333949381784,False
1774,247512,41.606637,with_candidate_bias,2.088249280240849,1.7670051681186607,0.08702278034532973,0.04410178402235869,False
1775,247513,41.628893,without_bias,1.9598218904012403,1.8604448547326522,0.22250097936457408,0.1259214265456044,False
1775,247513,41.628893,with_candidate_bias,2.1012759029246606,1.7485921147167773,0.06951276277120572,0.048335374898497596,False
1776,247514,41.651148,without_bias,1.9407020182519894,1.874956234569039,0.24555614582283908,0.12750235527720596,False
1776,247514,41.651148,with_candidate_bias,2.081854229863398,1.7641546742317926,0.08454799090562416,0.04792689141799167,False
1777,247515,41.673401,without_bias,1.9393368458734785,1.8942672070387918,0.26193476673316285,0.11386514730596496,False
1777,247515,41.673401,with_candidate_bias,2.0807541001924212,1.7832122680709477,0.10362557089638137,0.04007521934810959,False
1778,247516,41.701752,without_bias,1.958576614902704,1.8631022967848612,0.22538535275905475,0.12445965816534289,False
1778,247516,41.701752,with_candidate_bias,2.10009533312654,1.7513086130711604,0.07201967820719761,0.044042428216635746,False
1779,247517,41.724018,without_bias,1.954969476907214,1.8427591326141257,0.2114799693020925,0.13421415783019142,False
1779,247517,41.724018,with_candidate_bias,2.096282220537085,1.7309177584738034,0.05130384413348726,0.057291182769683896,False
1780,247518,41.746273,without_bias,1.9464676830631233,1.8594587760738486,0.22979768996922428,0.13607367938412326,False
1780,247518,41.746273,with_candidate_bias,2.0874905582391863,1.7485487962516975,0.06859471383064189,0.05660116686391012,False
1781,247519,41.768527,without_bias,1.9539992827626103,1.8311540060526992,0.2033315731382213,0.13438964236728634,False
1781,247519,41.768527,with_candidate_bias,2.095443461641473,1.718929747030473,0.03930847845565652,0.05786218683939233,False
1782,247520,41.790787,without_bias,1.9441876821751967,1.8586996140939656,0.23063994473372051,0.12515879482978642,False
1782,247520,41.790787,with_candidate_bias,2.0856712108146755,1.7470958207388507,0.06723531495003932,0.04514090133799603,False
1783,247521,41.813044,without_bias,1.938264407917557,1.8447932757639336,0.22401007486632687,0.13739150141601933,False
1783,247521,41.813044,with_candidate_bias,2.0794078180907385,1.7336368867012717,0.054672753109789037,0.057067905286587665,False
1784,247522,41.835306,without_bias,1.956058011942565,1.8695360671236003,0.23208700287922193,0.1146576387874554,False
1784,247522,41.835306,with_candidate_bias,2.097848160993173,1.7573426513711587,0.07773981831786962,0.03714586422413237,False
1785,247523,41.857561,without_bias,1.9450224298778473,1.8477079913435077,0.22168551192849234,0.13728003247796972,False
1785,247523,41.857561,with_candidate_bias,2.0861090336714376,1.7364439630689075,0.05657791606178335,0.060313130862031626,False
1786,247524,41.898847,without_bias,1.9552102229277695,1.87336504796686,0.23570813685235317,0.12637588125982221,False
1786,247524,41.898847,with_candidate_bias,2.0965791557029054,1.762142472015267,0.08240552771836367,0.043508890725552134,False
1787,247525,41.921113,without_bias,1.9513941150124399,1.8685478513226943,0.23401257143920615,0.12886142574772308,False
1787,247525,41.921113,with_candidate_bias,2.092629256980991,1.7573916557649343,0.07743630527285109,0.04858575302872795,False
1788,247526,41.943371,without_bias,1.9544131178567077,1.858656784168491,0.2242811832026168,0.13297538099190012,False
1788,247526,41.943371,with_candidate_bias,2.0955597919193645,1.7472376509892296,0.06746712530363276,0.05862755248066332,False
1789,247527,41.965625,without_bias,1.9515156731874226,1.8933149268344107,0.25432492363726905,0.10909693565498824,False
1789,247527,41.965625,with_candidate_bias,2.0932158716737894,1.7817150820961707,0.10176590665076904,0.031248708565997346,False
1790,247528,41.987878,without_bias,1.9439083986389687,1.8698375130300984,0.23954339344194664,0.12030956449953009,False
1790,247528,41.987878,with_candidate_bias,2.0853974183790354,1.7582434956944861,0.07837874951841678,0.045160001967814924,False
1791,247529,42.010131,without_bias,1.9559109518449773,1.8800644216319973,0.24084361240868637,0.10726111126117022,False
1791,247529,42.010131,with_candidate_bias,2.097996069196213,1.76776721081129,0.08813070075849885,0.0237649944742251,False
1792,247530,42.037758,without_bias,1.9596708595981576,1.8597952504634618,0.22206309222178755,0.13282386609774993,False
1792,247530,42.037758,with_candidate_bias,2.1008277188875724,1.7482762049891074,0.06912944136923803,0.059261932803599995,False
1793,247531,42.06002,without_bias,1.958720283491487,1.8541149988943735,0.2180605347295636,0.11912052351879694,False
1793,247531,42.06002,with_candidate_bias,2.1005073974486628,1.7415502940991785,0.06244072473025552,0.04516967351170658,False
1794,247532,42.082274,without_bias,1.9381660777598273,1.86281220009693,0.23764225307616232,0.13914868064854016,False
1794,247532,42.082274,with_candidate_bias,2.0790404518603296,1.7524266774234565,0.07325117949922158,0.05735367207487834,False
1795,247533,42.104527,without_bias,1.9500677385027616,1.8487351597907098,0.21920901431585302,0.12816599304752618,False
1795,247533,42.104527,with_candidate_bias,2.0915735050231734,1.7368499681693343,0.05687173989700234,0.04846619927217342,False
1796,247534,42.126788,without_bias,1.932672733570365,1.8643317442766916,0.24234285776624184,0.13204218651138244,False
1796,247534,42.126788,with_candidate_bias,2.073843324317678,1.7536467142250907,0.07539812123160568,0.04898802318802907,False
1797,247535,42.149046,without_bias,1.9382471026959787,1.8615344809694876,0.2366087691126981,0.13268322931937718,False
1797,247535,42.149046,with_candidate_bias,2.0793344791662567,1.750628030517993,0.07142878992049062,0.05425134163821357,False
1798,247536,42.171305,without_bias,1.9574215981156522,1.8669275895771327,0.22917014725160995,0.11856245985572433,False
1798,247536,42.171305,with_candidate_bias,2.0990765389314316,1.7548504581104691,0.07539877080112713,0.04233008322830134,False
1799,247537,42.193561,without_bias,1.9564523816841677,1.8572535722617873,0.22193196082897992,0.1374342689402352,False
1799,247537,42.193561,with_candidate_bias,2.0974583735934313,1.7461021963012469,0.066521633266989,0.060253230435782776,False
1800,247538,42.215816,without_bias,1.955202196955829,1.8589651514910042,0.2240512734927725,0.11195304643478579,False
1800,247538,42.215816,with_candidate_bias,2.09723243595753,1.746221343544919,0.06661512193769495,0.03517022264789438,False
1801,247539,42.23807,without_bias,1.9387907127902828,1.8546482257760037,0.2310113661817892,0.14208804366953365,False
1801,247539,42.23807,with_candidate_bias,2.0796281959897924,1.7441457355536631,0.06497884046477474,0.06123184514661308,False
1802,247540,42.260327,without_bias,1.9517048728638584,1.8705198134969283,0.2354216250145808,0.12431354870156032,False
1802,247540,42.260327,with_candidate_bias,2.0930673028703755,1.7590915460951402,0.07915100132416714,0.04654260454140491,False
1803,247541,42.282587,without_bias,1.9223355113413572,1.870005174853096,0.25340352647135694,0.13049708857585332,False
1803,247541,42.282587,with_candidate_bias,2.0633848101513217,1.7596358301193604,0.08396567018419387,0.049223378528096745,False
1804,247542,42.304844,without_bias,1.9449838596931703,1.8791926383604265,0.24638869317904533,0.11821583728648187,False
1804,247542,42.304844,with_candidate_bias,2.0864611462625464,1.7678182644004212,0.08788953890012957,0.04049714936859881,False
1805,247543,42.327099,without_bias,1.9517176440991355,1.8680008928419958,0.23338025979692653,0.1222252190592013,False
1805,247543,42.327099,with_candidate_bias,2.093206732649445,1.7563563964979159,0.07642370326300581,0.04377436380377089,False
1806,247544,42.349353,without_bias,1.9353621662311522,1.8791851794844643,0.25216580925847193,0.12156877516195969,False
1806,247544,42.349353,with_candidate_bias,2.0767905714226824,1.7682780206884658,0.08926084214263534,0.03795743762323392,False
1807,247545,42.40087,without_bias,1.9584426909449892,1.870706149194784,0.2316811621744393,0.12675010079022406,False
1807,247545,42.40087,with_candidate_bias,2.0997568357535212,1.759333268270405,0.07993099085076612,0.04686903319884383,False
1808,247546,42.423136,without_bias,1.941059780503283,1.8610437103961306,0.23443552217556157,0.1388481160707943,False
1808,247546,42.423136,with_candidate_bias,2.0819738165716646,1.7505127367483293,0.07096806087363866,0.05733106400259919,False
1809,247547,42.445391,without_bias,1.9584737700552912,1.8752655171884514,0.23543103314206856,0.11892803959661943,False
1809,247547,42.445391,with_candidate_bias,2.1000363071093537,1.7635247746767464,0.08412559328286805,0.040030176954611925,False
1810,247548,42.467646,without_bias,1.9297801230490643,1.8672440518597635,0.2464360848719902,0.1340973004640347,False
1810,247548,42.467646,with_candidate_bias,2.0707728421320217,1.7568619402043397,0.07923030639632575,0.05201840517482574,False
1811,247549,42.489902,without_bias,1.9556444828100668,1.8503812473794587,0.2169819680479342,0.13305879671576037,False
1811,247549,42.489902,with_candidate_bias,2.0969552963751554,1.7387687803589496,0.059178929464334805,0.053078846357593225,False
1812,247550,42.512165,without_bias,1.954226354126126,1.8556781450488786,0.2220299384355609,0.13593738005860007,False
1812,247550,42.512165,with_candidate_bias,2.095316413626539,1.7444438632309924,0.06466278498474466,0.05768025179872238,False
1813,247551,42.534422,without_bias,1.9521356343523082,1.8602452891691381,0.22692498228072347,0.12433391714784023,False
1813,247551,42.534422,with_candidate_bias,2.0936190263945633,1.7484215592291679,0.06851720309086676,0.04790618388322387,False
1814,247552,42.556676,without_bias,1.9581238281028441,1.8577279268221674,0.22131095925587116,0.12645413838525194,False
1814,247552,42.556676,with_candidate_bias,2.09961149778673,1.745877720764823,0.06657518293532752,0.04691118467177881,False
1815,247553,42.57893,without_bias,1.937297288787007,1.8396061804618942,0.22088968027826342,0.1353980907250302,False
1815,247553,42.57893,with_candidate_bias,2.0786514278102604,1.7281589871654581,0.04947805711169847,0.053244608635713835,False
1816,247554,42.601186,without_bias,1.9554190628600476,1.8630065106431697,0.22716384302801443,0.11818743968109345,False
1816,247554,42.601186,with_candidate_bias,2.097234221191488,1.7508546207586717,0.07122296847999653,0.03601422130765525,False
1817,247555,42.623449,without_bias,1.9279741476731513,1.8667009226433513,0.2472035827776782,0.1305519979086181,False
1817,247555,42.623449,with_candidate_bias,2.0691449096266483,1.75610440452461,0.07891017160370478,0.04760287176637547,False
1818,247556,42.645706,without_bias,1.9430265599720706,1.8752970342024868,0.24442201955210713,0.11225816466054646,False
1818,247556,42.645706,with_candidate_bias,2.0848349171270217,1.7634583430429842,0.08361801901842195,0.03171215194272662,False
1819,247557,42.66796,without_bias,1.936399993583392,1.8381456445512938,0.22046089644589165,0.1401147432429293,False
1819,247557,42.66796,with_candidate_bias,2.0775085580877106,1.7269730542720103,0.048605595857774735,0.05987925418208297,False
1820,247558,42.690213,without_bias,1.9585189759418744,1.8743257825364592,0.23462687281251612,0.11444794124181489,False
1820,247558,42.690213,with_candidate_bias,2.1002671551993757,1.7622408982051259,0.08287930871739914,0.0366901004141468,False
1821,247559,42.717755,without_bias,1.9421318656917497,1.8446675038358047,0.22131509655538073,0.1420618698841044,False
1821,247559,42.717755,with_candidate_bias,2.0831031727797873,1.7337374529250358,0.05417822507775526,0.061685634157100225,False
1822,247560,42.740019,without_bias,1.9606900772514597,1.8619164535551034,0.22319196265837962,0.12254745539199166,False
1822,247560,42.740019,with_candidate_bias,2.1022441178059457,1.749807061994316,0.07087273329796281,0.048611033443371594,False
1823,247561,42.762275,without_bias,1.9453818971572021,1.8438623125881854,0.21855263246320838,0.13847359990641467,False
1823,247561,42.762275,with_candidate_bias,2.086533151194032,1.7326017822260695,0.05271590399492634,0.05776507673839572,False
1824,247562,42.784528,without_bias,1.9615069864091157,1.858423608606885,0.21987596196485434,0.1364506869289078,False
1824,247562,42.784528,with_candidate_bias,2.10255715630825,1.747143298305659,0.0683074277213872,0.05935665764950854,False
1825,247563,42.806788,without_bias,1.9479181197148618,1.8673935854533963,0.23516720981982087,0.1257795408751845,False
1825,247563,42.806788,with_candidate_bias,2.089284671992922,1.756067119941465,0.0760704833055959,0.045342127267072804,False
1826,247564,42.829045,without_bias,1.932402795644471,1.866051279417729,0.24382772072439235,0.13554539426677834,False
1826,247564,42.829045,with_candidate_bias,2.0733242923040978,1.755650662644923,0.07746677988515555,0.05494007180231354,False
1827,247565,42.851308,without_bias,1.9542123903553215,1.8715326043211753,0.23478290706750243,0.11589521057751347,False
1827,247565,42.851308,with_candidate_bias,2.095908100743103,1.7595149987272254,0.07973418762978224,0.03959565412120475,False
1828,247566,42.873565,without_bias,1.9319549602509285,1.8534191459182785,0.23463255264415195,0.14098758134471953,False
1828,247566,42.873565,with_candidate_bias,2.0728732567880597,1.742954710013658,0.06524278386114066,0.058693621622438616,False
1829,247567,42.914845,without_bias,1.9634435116989866,1.8755825014779306,0.23295720554524443,0.11905693810448743,False
1829,247567,42.914845,with_candidate_bias,2.1049923993504147,1.7637257546881986,0.08505747490015642,0.04234217159687115,False
1830,247568,42.93711,without_bias,1.9507924374118382,1.862575194861185,0.22959191462317804,0.129189441922507,False
1830,247568,42.93711,with_candidate_bias,2.092084548975759,1.7512383546095094,0.07126884671371184,0.049182960750694574,False
1831,247569,42.959367,without_bias,1.9607907650418837,1.8685936925022155,0.22861016436300885,0.12746770722552098,False
1831,247569,42.959367,with_candidate_bias,2.1020676168679118,1.7570757074602568,0.0780146912918958,0.05155054466481981,False
1832,247570,42.981621,without_bias,1.9483081230733938,1.8628536698525322,0.2313267225495648,0.12680013859949876,False
1832,247570,42.981621,with_candidate_bias,2.0898339609537215,1.751405460626825,0.07140565367177835,0.043204440535614216,False
1833,247571,43.003873,without_bias,1.947779711400367,1.843474993572433,0.21668106519230035,0.13197606929883143,False
1833,247571,43.003873,with_candidate_bias,2.0891757878273585,1.7316973721026387,0.05170394190024806,0.05291166171008095,False
1834,247572,43.026126,without_bias,1.9554475993899247,1.8791067126488743,0.24030778500035235,0.11635468321209222,False
1834,247572,43.026126,with_candidate_bias,2.0970625596569237,1.7674030062545039,0.08768788543027173,0.036953111486116824,False
1835,247573,43.053742,without_bias,1.9569931404139786,1.849932922058355,0.21579625273907446,0.1377121666960267,False
1835,247573,43.053742,with_candidate_bias,2.09810308878061,1.7385688464618445,0.05912672681332507,0.05888709865887394,False
1836,247574,43.076005,without_bias,1.9774248885318428,1.8726159065720693,0.22310097083304714,0.1279177052080074,False
1836,247574,43.076005,with_candidate_bias,2.1187066173759566,1.7609522681848135,0.08589144081592509,0.05045364752506376,False
1837,247575,43.098258,without_bias,1.947813334034316,1.8560407383546904,0.22629049811890367,0.13426129420762947,False
1837,247575,43.098258,with_candidate_bias,2.0889504671417414,1.744853295627274,0.06486178746333751,0.055396928118991974,False
1838,247576,43.12051,without_bias,1.9604628096669878,1.858381359244861,0.22045360737673397,0.11956395108822628,False
1838,247576,43.12051,with_candidate_bias,2.102192586590697,1.7459929211955516,0.06710979671921186,0.043851389127945506,False
1839,247577,43.142763,without_bias,1.9475157668617817,1.8698405830693825,0.2373630208627899,0.12716719901398504,False
1839,247577,43.142763,with_candidate_bias,2.0887877841839346,1.7586999596158774,0.07870929494491402,0.04690860638806816,False
1840,247578,43.165021,without_bias,1.9390765061514659,1.8791340767471643,0.24986452632855669,0.13202986593705104,False
1840,247578,43.165021,with_candidate_bias,2.0799928100839753,1.7688214115420002,0.0893833709273082,0.05170251360044031,False
1841,247579,43.187281,without_bias,1.9346765533222934,1.8643462292358384,0.24105788790519722,0.13182854602228206,False
1841,247579,43.187281,with_candidate_bias,2.075784737387257,1.7535940900588103,0.0749544113627312,0.05115840069421286,False
1842,247580,43.209538,without_bias,1.9374647748500764,1.8592787399677977,0.23538874551681327,0.1295094783965969,False
1842,247580,43.209538,with_candidate_bias,2.0787864960807396,1.7481420861986945,0.06905857355649321,0.047460055994621574,False
1843,247581,43.231798,without_bias,1.9452038433633856,1.876011276282946,0.2436931418953031,0.12162488368551806,False
1843,247581,43.231798,with_candidate_bias,2.086622272664613,1.7647773364369446,0.08484459803249185,0.04095714869344787,False
1844,247582,43.254051,without_bias,1.9484688697830563,1.8349060391187904,0.20982597974502026,0.13361732584884659,False
1844,247582,43.254051,with_candidate_bias,2.089878367326137,1.722877455392642,0.04287762791311296,0.05696834452058724,False
1845,247583,43.276309,without_bias,1.9563313502691821,1.865653876769544,0.22876772036373733,0.12542395487966768,False
1845,247583,43.276309,with_candidate_bias,2.0978202492675577,1.7540688039384351,0.07448049419463522,0.043217603271912576,False
1846,247584,43.298569,without_bias,1.9378936190536027,1.8565544016298254,0.2330403567184796,0.14293450445373787,False
1846,247584,43.298569,with_candidate_bias,2.07863005347042,1.7461583258231441,0.06712823370093102,0.06393171970165823,False
1847,247585,43.320825,without_bias,1.957493580451221,1.8797967239641908,0.23974295011211508,0.11304556658305723,False
1847,247585,43.320825,with_candidate_bias,2.0992863566901083,1.7678638495612862,0.08835322563610375,0.0314071112620884,False
1848,247586,43.343079,without_bias,1.9380038001921174,1.8713957481853754,0.2444078091622225,0.12814637182167857,False
1848,247586,43.343079,with_candidate_bias,2.0791783299577085,1.7605778396031813,0.08130127168513568,0.04778928273281637,False
1849,247587,43.365332,without_bias,1.9446339537153037,1.885270949732605,0.2515302173031505,0.12554279358902426,False
1849,247587,43.365332,with_candidate_bias,2.0857786906689317,1.77464527941142,0.09473937073537243,0.044231962275863686,False
1850,247588,43.416845,without_bias,1.9566436447319575,1.8838400730426994,0.2435871360897972,0.11708880728773807,False
1850,247588,43.416845,with_candidate_bias,2.098144562403949,1.7722978844540442,0.0926565344238815,0.0401231439474004,False
1851,247589,43.439111,without_bias,1.939115355128883,1.8628279264528973,0.23704899651538103,0.13620487769559114,False
1851,247589,43.439111,with_candidate_bias,2.0800768423626903,1.7522134622146728,0.07289206529194296,0.05577812601670511,False
1853,247590,43.461598,without_bias,1.9496144851622557,1.8868971910993169,0.2500290792308882,0.12155786087541591,False
1853,247590,43.461598,with_candidate_bias,2.0909391461859093,1.7759633621130306,0.09596795748370995,0.03954522629613366,False
1854,247591,43.483857,without_bias,1.939152901431819,1.848442543280262,0.22611443459708946,0.1420867946376269,False
1854,247591,43.483857,with_candidate_bias,2.0800119947238014,1.73764138881356,0.058500341484074916,0.06485774589507458,False
1855,247592,43.506112,without_bias,1.9597370211625083,1.8557605522620988,0.2187697771336223,0.1267782210175206,False
1855,247592,43.506112,with_candidate_bias,2.101190311179224,1.7437093075167303,0.06468461121896908,0.053494525615741445,False
1856,247593,43.528376,without_bias,1.9511755544051597,1.8512872559279954,0.22048027289999744,0.13099875991192522,False
1856,247593,43.528376,with_candidate_bias,2.092496971657765,1.7396087551806563,0.05966103051110588,0.054232026956024276,False
1857,247594,43.550631,without_bias,1.9584142402508131,1.8734767811841755,0.2339830699562685,0.128316229479729,False
1857,247594,43.550631,with_candidate_bias,2.0995763792122206,1.7621570422395803,0.08271327963738614,0.05548254074249269,False
1858,247595,43.572886,without_bias,1.9536872214230505,1.8638873146297064,0.22890110983805445,0.11839718330964324,False
1858,247595,43.572886,with_candidate_bias,2.0953697110736282,1.7517574038143051,0.07195803498695269,0.04290906144451025,False
1859,247596,43.595139,without_bias,1.9482772189127013,1.869054291401615,0.23627710802463522,0.1364841446485,False
1859,247596,43.595139,with_candidate_bias,2.0891797949321886,1.758482356196412,0.07848664198762594,0.05626860003217513,False
1860,247597,43.617395,without_bias,1.9594556842043223,1.862335400154693,0.22424989751643956,0.12168577309319291,False
1860,247597,43.617395,with_candidate_bias,2.1010531543277926,1.7502685219274612,0.07113253400845569,0.04471944106659173,False
1861,247598,43.639657,without_bias,1.9324159892396333,1.8717349618292005,0.24818343223303269,0.12865039915788123,False
1861,247598,43.639657,with_candidate_bias,2.073601314109916,1.7610987201194805,0.08274007072718446,0.04603634566696918,False
1862,247599,43.661914,without_bias,1.9542905220789206,1.8806143645241546,0.2422048423360737,0.1175278160002522,False
1862,247599,43.661914,with_candidate_bias,2.095852366818372,1.7690777852534219,0.08926982705837137,0.03691031269125368,False
1863,247600,43.684168,without_bias,1.9387697240169666,1.8570274025961244,0.23282890208012139,0.13486339079147805,False
1863,247600,43.684168,with_candidate_bias,2.0798251508641257,1.7460896868191322,0.06686833524762516,0.056615386841136386,False
1864,247601,43.70642,without_bias,1.9610054604808271,1.8860798655966242,0.24312240174464825,0.10703678038812416,False
1864,247601,43.70642,with_candidate_bias,2.102899671645635,1.7738475006325325,0.09472990501176701,0.031966441467251167,False
1865,247602,43.734742,without_bias,1.961289510561494,1.8772325619071086,0.23551448695980717,0.12253280571113481,False
1865,247602,43.734742,with_candidate_bias,2.1026579371315974,1.7656813987059445,0.08661134715864037,0.04708126785773639,False
1866,247603,43.757007,without_bias,1.9427625328455824,1.8565968695801582,0.22992460955617516,0.13389403327448324,False
1866,247603,43.757007,with_candidate_bias,2.0839142972439353,1.7455326656851125,0.06581463400970862,0.05353873760069719,False
1867,247604,43.779262,without_bias,1.9581708919276588,1.8773909918560217,0.2373649456028691,0.11987417830735043,False
1867,247604,43.779262,with_candidate_bias,2.0996770176937067,1.765803958641359,0.08634792406290014,0.04017208596545381,False
1868,247605,43.801517,without_bias,1.9440234400450738,1.8607955098171611,0.23237076499921708,0.1366550721933958,False
1868,247605,43.801517,with_candidate_bias,2.0850020896249104,1.750028061006386,0.07020618517218812,0.0567915758896496,False
1869,247606,43.82377,without_bias,1.9426363626751582,1.870642525465326,0.240957701934188,0.12308120552740484,False
1869,247606,43.82377,with_candidate_bias,2.084059274160572,1.7593690600150031,0.07959107934413522,0.04222409729308628,False
1870,247607,43.846026,without_bias,1.9673016307209057,1.8626697895739956,0.22005258882084716,0.12325585255040652,False
1870,247607,43.846026,with_candidate_bias,2.108837931886198,1.7504631751228585,0.07293782781344448,0.05067620220524895,False
1871,247608,43.868289,without_bias,1.961034194580387,1.8702357858517022,0.22983000932459663,0.12908779379427596,False
1871,247608,43.868289,with_candidate_bias,2.102237849986179,1.7589097811859213,0.07985310600780797,0.05147678080572819,False
1872,247609,43.890545,without_bias,1.9561287144297277,1.8611736746770435,0.22526744437716825,0.12502906201835332,False
1872,247609,43.890545,with_candidate_bias,2.097595442158869,1.7493634931696518,0.0697781120859906,0.047546001225679674,False
1873,247610,43.93024,without_bias,1.9553808499240604,1.8831872683179773,0.24373629515049675,0.11442857220468336,False
1873,247610,43.93024,with_candidate_bias,2.09704834197088,1.7715147101166622,0.09178573577781676,0.033453675553372086,False
1874,247611,43.952506,without_bias,1.9498185795528575,1.8535912549679157,0.22312497493538105,0.14122911799797358,False
1874,247611,43.952506,with_candidate_bias,2.090683551716653,1.7426717292926686,0.06267545688292091,0.06488545900261995,False
1875,247612,43.974764,without_bias,1.9522665545682423,1.8868101228603655,0.24847722009878986,0.11999507690024039,False
1875,247612,43.974764,with_candidate_bias,2.0935785866308048,1.7756093101832136,0.09567625868513113,0.045448931972813605,False
1876,247613,43.997019,without_bias,1.945832029640712,1.8690492609756784,0.23774782176282225,0.12394504624044907,False
1876,247613,43.997019,with_candidate_bias,2.0872584878163187,1.7577096277709987,0.07775797153578824,0.04285110637842871,False
1877,247614,44.019272,without_bias,1.9392079595132408,1.8625401361387783,0.23676811604547632,0.12554760605289955,False
1877,247614,44.019272,with_candidate_bias,2.0806355014868374,1.751216426142431,0.0718294729543755,0.04416523144595412,False
1878,247615,44.041525,without_bias,1.9484794332191357,1.8835171058984725,0.2478856252695326,0.11957399074019921,False
1878,247615,44.041525,with_candidate_bias,2.0899731910559805,1.7723497018893968,0.09234970578068967,0.03625318405144719,False
1879,247616,44.06975,without_bias,1.9513931478843198,1.854139672733862,0.2225679336141542,0.13143231539736405,False
1879,247616,44.06975,with_candidate_bias,2.0926914319781504,1.7426306232113618,0.06268842612425825,0.05217349318567473,False
1880,247617,44.092012,without_bias,1.9475146726978796,1.874094582513256,0.240779516274511,0.12288649678245563,False
1880,247617,44.092012,with_candidate_bias,2.088884316383713,1.7628033044082707,0.08281082037306722,0.044178898484493634,False
1881,247618,44.114265,without_bias,1.9310325582809957,1.8633168352465228,0.24264317342856728,0.13357858373737205,False
1881,247618,44.114265,with_candidate_bias,2.072164652724117,1.7527296171578848,0.07488455664810899,0.050229016829349854,False
1882,247619,44.13652,without_bias,1.9573430231414375,1.8632550976455602,0.22623064408328278,0.13452495966831823,False
1882,247619,44.13652,with_candidate_bias,2.0983935895228503,1.7521015287076707,0.07258844802763846,0.05752081466206333,False
1883,247620,44.15878,without_bias,1.9435870903328487,1.8786256037029692,0.24675670317859724,0.13241521300405712,False
1883,247620,44.15878,with_candidate_bias,2.0846100415135904,1.768243869382117,0.08840832616905123,0.049060841717429166,False
1884,247621,44.181038,without_bias,1.9519348205047176,1.8727243077064994,0.23707520446055513,0.12605967665929246,False
1884,247621,44.181038,with_candidate_bias,2.0932403456791144,1.7615235225533719,0.08158789474934561,0.045395768485964175,False
1885,247622,44.203298,without_bias,1.9564538326116339,1.8738561590310028,0.2354034605063718,0.12714019370673385,False
1885,247622,44.203298,with_candidate_bias,2.097662279384644,1.7625981586382256,0.08295279582867493,0.050955247626086664,False
1886,247623,44.225555,without_bias,1.9469417309821762,1.8636729887615489,0.23281201673233298,0.12687209911736455,False
1886,247623,44.225555,with_candidate_bias,2.0883191111194304,1.7523111520631074,0.07233068574348422,0.04595656745634246,False
1887,247624,44.247809,without_bias,1.9688797572408923,1.8774384021778294,0.23162909113615132,0.11530859415085365,False
1887,247624,44.247809,with_candidate_bias,2.1105647650790114,1.7652485836437448,0.08769395974649279,0.04104405081971009,False
1888,247625,44.270061,without_bias,1.9468557134800721,1.8560470872189192,0.22689835539634245,0.13276538827836698,False
1888,247625,44.270061,with_candidate_bias,2.088034382033689,1.7447563622619504,0.06478618762815457,0.05521937531080356,False
1889,247626,44.292319,without_bias,1.9599366288176496,1.865071940051761,0.2262036770652512,0.11791370632524877,False
1889,247626,44.292319,with_candidate_bias,2.1016446952857653,1.7528161567548108,0.07374138331248961,0.04270656833480492,False
1890,247627,44.314583,without_bias,1.9299522002434877,1.8594570519213403,0.24045817035650766,0.1399464813410916,False
1890,247627,44.314583,with_candidate_bias,2.0707405962678544,1.7491329733070753,0.07176553929564362,0.06093012250227586,False
1891,247628,44.336837,without_bias,1.9424125112219426,1.8979250664217828,0.263198406945695,0.10957938530787409,False
1891,247628,44.336837,with_candidate_bias,2.0841050854270193,1.786745874467048,0.10690852039738229,0.025808156989176857,False
1892,247629,44.359091,without_bias,1.9362349328334973,1.8755700277793894,0.2487796849550827,0.12057329730851374,False
1892,247629,44.359091,with_candidate_bias,2.07769081890546,1.7644500114085226,0.08534237145824924,0.038829745972703666,False
1893,247630,44.381344,without_bias,1.9610018483223555,1.9053808153593819,0.25968641679592785,0.10577093018529234,False
1893,247630,44.381344,with_candidate_bias,2.1026843139362197,1.7937176225826714,0.11442285394923296,0.03400998570506728,False
1894,247631,44.431248,without_bias,1.94787639928836,1.8503687668619881,0.2218662538587518,0.14424616334606288,False
1894,247631,44.431248,with_candidate_bias,2.0886659123503044,1.7396150400463932,0.059629965534034525,0.06627545450696867,False
1895,247632,44.453514,without_bias,1.9457410253259733,1.8548072836894933,0.226645622514313,0.13946558226490066,False
1895,247632,44.453514,with_candidate_bias,2.086667105937398,1.7439526912197465,0.06403947920682035,0.060968582994512695,False
1896,247633,44.47577,without_bias,1.9464593661698983,1.8681290272726114,0.2366356787614376,0.12611137989818588,False
1896,247633,44.47577,with_candidate_bias,2.08780928746282,1.7568868005591431,0.07691800388492945,0.04510337231974324,False
1897,247634,44.498024,without_bias,1.954784869724279,1.8674380192347062,0.23111932526318588,0.13462349053809097,False
1897,247634,44.498024,with_candidate_bias,2.09585132661966,1.7565658522647754,0.07678911222459442,0.05291532700567635,False
1898,247635,44.52028,without_bias,1.928505258365085,1.8562888658173204,0.23907805375417696,0.1382277704335771,False
1898,247635,44.52028,with_candidate_bias,2.069421219532223,1.7457956397646652,0.0689387584569273,0.057957964854365114,False
1899,247636,44.542542,without_bias,1.9456771334809009,1.8878506840684857,0.25304346794182836,0.11474480646401108,False
1899,247636,44.542542,with_candidate_bias,2.087236501971682,1.7765800496312827,0.09661957828583996,0.03352941947937247,False
1900,247637,44.564805,without_bias,1.9607711002293597,1.8501228906341214,0.2136396649820426,0.1351489632152654,False
1900,247637,44.564805,with_candidate_bias,2.1019680941662626,1.7384610431047505,0.059673518740460015,0.05907051118077781,False
1901,247638,44.587058,without_bias,1.9545952720967747,1.8711995732215152,0.2342898144150445,0.12659224234149116,False
1901,247638,44.587058,with_candidate_bias,2.09587107430325,1.7598912359046537,0.08010667317925094,0.048342901936586545,False
1902,247639,44.609311,without_bias,1.9431102919903935,1.8499084818070672,0.2246007090574959,0.13828508489189653,False
1902,247639,44.609311,with_candidate_bias,2.084172140190707,1.7388924494742144,0.059180102695328876,0.05788444583706279,False
1903,247640,44.631566,without_bias,1.9604837100411379,1.8550317304449229,0.21773969786709124,0.12809634290375851,False
1903,247640,44.631566,with_candidate_bias,2.1019074656751005,1.7430915162249019,0.06420535147758918,0.0518788984597384,False
1904,247641,44.65383,without_bias,1.9272514794811366,1.8741467745596356,0.2533378199223102,0.13782997759824756,False
1904,247641,44.65383,with_candidate_bias,2.067927130549806,1.7642613486376373,0.0871044570616152,0.058612908811420304,False
1905,247642,44.676086,without_bias,1.9419110102387909,1.8904764647437853,0.2573532418671608,0.11260425253769342,False
1905,247642,44.676086,with_candidate_bias,2.08354130390266,1.7792437436572217,0.0994536847501295,0.030001693080161256,False
1906,247643,44.698341,without_bias,1.9376843840868294,1.8684532672172054,0.24231112392097873,0.13771734331985014,False
1906,247643,44.698341,with_candidate_bias,2.0785090626330356,1.758169501054731,0.07900957243725018,0.05704766354031431,False
1907,247644,44.720594,without_bias,1.947528540697811,1.8915480574176615,0.25505038191087176,0.11633471536949472,False
1907,247644,44.720594,with_candidate_bias,2.0890148946775144,1.7804806129536201,0.10048544179149345,0.033667725512505374,False
1908,247645,44.748761,without_bias,1.9613422511910366,1.8655197182844216,0.22576621138009448,0.12281094233975026,False
1908,247645,44.748761,with_candidate_bias,2.1028389028138945,1.7534871426007386,0.07460025169586176,0.0511353906017369,False
1909,247646,44.771028,without_bias,1.947652165000879,1.846907396127792,0.21936495848493362,0.14105503034899913,False
1909,247646,44.771028,with_candidate_bias,2.0886071952172114,1.7358137781029406,0.055831153769980914,0.06380036619243915,False
1910,247647,44.793286,without_bias,1.9644316034175597,1.8666747418137195,0.22497751321299608,0.12205073717271595,False
1910,247647,44.793286,with_candidate_bias,2.105957029681083,1.7546031055959437,0.07629056403515772,0.04901381101567092,False
1911,247648,44.81986,without_bias,1.9545839436143935,1.8550158558424292,0.22128727510475546,0.13073681491020037,False
1911,247648,44.81986,with_candidate_bias,2.0958862542550927,1.7433911561186355,0.06366385680441315,0.053456461777035585,False
1912,247649,44.842114,without_bias,1.9594947002258554,1.8580261072165298,0.2207372377280524,0.1263025979047855,False
1912,247649,44.842114,with_candidate_bias,2.10094358750394,1.746069499133127,0.06696970078444928,0.051290155664587334,False
1913,247650,44.864368,without_bias,1.9594218924527291,1.8616469972951808,0.2237102451766169,0.13607143236887084,False
1913,247650,44.864368,with_candidate_bias,2.100445739922585,1.7505132077627807,0.07128271846336517,0.05824841029490982,False
1914,247651,44.886631,without_bias,1.9677825858007152,1.865667134743148,0.2222822108430852,0.12715559005361057,False
1914,247651,44.886631,with_candidate_bias,2.109133129584291,1.7538729329247,0.07631046367691999,0.05161265994528569,False
1915,247652,44.908888,without_bias,1.9544404852195627,1.8500933629201757,0.21750433135227945,0.14298717453242957,False
1915,247652,44.908888,with_candidate_bias,2.0953127352567167,1.739117573541837,0.05935581401499324,0.06490105592723452,False
1916,247653,44.949837,without_bias,1.9573231552362387,1.8640806229250042,0.22691148246160833,0.1311004544896261,False
1916,247653,44.949837,with_candidate_bias,2.0985084820604945,1.7527467170909676,0.07324260450371116,0.05351533709098718,False
1917,247654,44.972103,without_bias,1.950546017588655,1.8618094349917484,0.22913333206323885,0.13613229584119596,False
1917,247654,44.972103,with_candidate_bias,2.0915436447174254,1.7508906888302895,0.07090749327008099,0.05723201045757059,False
1918,247655,44.99436,without_bias,1.934815465290955,1.8803990354205813,0.25346008208465914,0.1302964422793942,False
1918,247655,44.99436,with_candidate_bias,2.075815249418476,1.7701304565769143,0.09123982875818584,0.04798451789194252,False
1919,247656,45.016614,without_bias,1.94594193755816,1.8716843021919776,0.23978239522809522,0.12522330875108734,False
1919,247656,45.016614,with_candidate_bias,2.0872672278161155,1.7605161639285218,0.0805625266335014,0.04477792531967035,False
1920,247657,45.038866,without_bias,1.927851879696982,1.8692187454225064,0.24919018146200966,0.1308519138521039,False
1920,247657,45.038866,with_candidate_bias,2.068965025904678,1.7587361342740602,0.08149753969055575,0.04813464988885296,False
1921,247658,45.061118,without_bias,1.9510193873509112,1.8720786354537837,0.23708608750853263,0.11884722209515942,False
1921,247658,45.061118,with_candidate_bias,2.092596165414704,1.7603748330616222,0.08041675114392623,0.04016478212074433,False
1922,247659,45.088744,without_bias,1.9271083139880743,1.8584111489566746,0.24158691902470322,0.14507025534890192,False
1922,247659,45.088744,with_candidate_bias,2.0677580674193328,1.7484935290189216,0.0720143533081344,0.06305874848418225,False
1923,247660,45.111005,without_bias,1.952832479546422,1.8852204764409897,0.24684078394392106,0.1271302100031514,False
1923,247660,45.111005,with_candidate_bias,2.093980506087297,1.7745282638132602,0.09461203458472049,0.044654452697101374,False
1924,247661,45.133259,without_bias,1.9616382603962847,1.8577867252423284,0.21928259362403377,0.13806951349006352,False
1924,247661,45.133259,with_candidate_bias,2.1026222063169846,1.746554408046193,0.06774075082760522,0.0622356875448232,False
1925,247662,45.155512,without_bias,1.9530922959194956,1.8709416973063702,0.2349520189460657,0.1236365163757906,False
1925,247662,45.155512,with_candidate_bias,2.0944924639920357,1.7594684301521757,0.07959531156777373,0.04498824249531246,False
1926,247663,45.177764,without_bias,1.9525611051259437,1.8475209498608012,0.21668575972238446,0.13623684659504048,False
1926,247663,45.177764,with_candidate_bias,2.093716349507603,1.7360111274569803,0.05613428232964913,0.059988568603072966,False
1927,247664,45.200021,without_bias,1.9489400134008492,1.8609570476800756,0.22944143680783066,0.13066235183342,False
1927,247664,45.200021,with_candidate_bias,2.090162124219244,1.7496776132322016,0.06967780184534204,0.05209914005721065,False
1928,247665,45.222281,without_bias,1.9603942255109696,1.855301514307733,0.2180098110165817,0.12143186807245653,False
1928,247665,45.222281,with_candidate_bias,2.102128352333468,1.742979622102691,0.06413680480443748,0.041933680914346946,False
1929,247666,45.244538,without_bias,1.9397869754479184,1.8562506389532791,0.23157772016436165,0.14151828273222772,False
1929,247666,45.244538,with_candidate_bias,2.0806420015990357,1.7457508678361435,0.06641346817685755,0.060275755126616405,False
1930,247667,45.266798,without_bias,1.9519357009123086,1.873994536916526,0.2381084438570646,0.11650528548786286,False
1930,247667,45.266798,with_candidate_bias,2.0936440434418175,1.762205133547895,0.0822858616910166,0.03476649201124523,False
1931,247668,45.289051,without_bias,1.9550618334151173,1.8587178121520378,0.22393830664203168,0.13789748799466342,False
1931,247668,45.289051,with_candidate_bias,2.0960250441927255,1.7476759647757352,0.06794363374040907,0.06070544464050932,False
1932,247669,45.311307,without_bias,1.9464228319867518,1.8698801049723937,0.23805221578265495,0.1217529361426627,False
1932,247669,45.311307,with_candidate_bias,2.0879966825339036,1.758408487900682,0.07843407585827336,0.03871258612203098,False
1933,247670,45.333568,without_bias,1.9348969683305788,1.8513339608471011,0.23111096160200068,0.13708359452314056,False
1933,247670,45.333568,with_candidate_bias,2.075968503341018,1.7404658233180201,0.06207252764320992,0.056143889307014916,False
1934,247671,45.355823,without_bias,1.9518686351481622,1.9079631397795513,0.2665473073470876,0.11340940222689032,False
1934,247671,45.355823,with_candidate_bias,2.093168818234449,1.7970542403237817,0.11709712458801297,0.04185296996384994,False
1935,247672,45.378077,without_bias,1.9411693986912983,1.8827005721752963,0.25147180725898916,0.12202913691971617,False
1935,247672,45.378077,with_candidate_bias,2.082449886524349,1.7718085193162003,0.09211844784042088,0.042367920730073685,False
1936,247673,45.400331,without_bias,1.938016935276962,1.851539127247169,0.22918229455899855,0.12564714031423685,False
1936,247673,45.400331,with_candidate_bias,2.079530317469998,1.7398276055959432,0.06073678163701767,0.04680871465249799,False
1937,247674,45.449994,without_bias,1.9545732735935513,1.854614114146016,0.22097621384249708,0.12851369201985338,False
1937,247674,45.449994,with_candidate_bias,2.0959698995168616,1.7428252750940092,0.06310827909933345,0.05147628398683095,False
1938,247675,45.47226,without_bias,1.9444863616319545,1.8641308613789775,0.23468786305062847,0.13367213851827522,False
1938,247675,45.47226,with_candidate_bias,2.0856403182920364,1.7532944980284528,0.07342404419423951,0.05080514601941913,False
1939,247676,45.494515,without_bias,1.9597358493944383,1.85454394153428,0.21779425258557802,0.13208042226110084,False
1939,247676,45.494515,with_candidate_bias,2.101012240671696,1.7428913421213832,0.06384818210756066,0.054440460123988274,False
1940,247677,45.516768,without_bias,1.9409640167369913,1.8703748551294883,0.24177326107894037,0.13056454704636278,False
1940,247677,45.516768,with_candidate_bias,2.0821220632776027,1.7596333075829356,0.08002203173876883,0.04810554189520148,False
1941,247678,45.539024,without_bias,1.952463078383436,1.8543702739447887,0.22208421205331436,0.1425241263672643,False
1941,247678,45.539024,with_candidate_bias,2.093277532192352,1.743512694201434,0.06359720545744749,0.06596609982284185,False
1942,247679,45.561289,without_bias,1.969541672663332,1.8579228453406462,0.21486448640680333,0.1360520424061875,False
1942,247679,45.561289,with_candidate_bias,2.110643021667076,1.7464287702441228,0.06956231637671251,0.059211523981301396,False
1943,247680,45.583546,without_bias,1.952485563129872,1.8540105131944375,0.22178791457133074,0.1304064789382838,False
1943,247680,45.583546,with_candidate_bias,2.093816790110069,1.742389820341153,0.06250646021769009,0.052182592337496184,False
1944,247681,45.605807,without_bias,1.967387168710504,1.860638357960164,0.2183211459372883,0.1138970198186446,False
1944,247681,45.605807,with_candidate_bias,2.109333593498461,1.7477652670193269,0.07046927877993656,0.04109942643232413,False
1945,247682,45.628059,without_bias,1.9398094214905794,1.8459496498821062,0.22382246573788794,0.13671495585313628,False
1945,247682,45.628059,with_candidate_bias,2.0809264813987354,1.7347072365823537,0.055454580282291555,0.05919136450143596,False
1946,247683,45.650315,without_bias,1.9638609289707751,1.8638269635357876,0.22294263334522538,0.13275627756306993,False
1946,247683,45.650315,with_candidate_bias,2.1050126117047885,1.7524666951901124,0.0740054080589752,0.05465837662669396,False
1947,247684,45.672579,without_bias,1.9252123188866044,1.8567620898191115,0.2416605392776193,0.13620030182600132,False
1947,247684,45.672579,with_candidate_bias,2.0662452378433325,1.746241775473367,0.07037230664816815,0.0539957823027004,False
1948,247685,45.694836,without_bias,1.9348497892973016,1.9114381595462377,0.27863095588114667,0.11798128511319765,False
1948,247685,45.694836,with_candidate_bias,2.0758776622359054,1.8014303710673816,0.12224882593090686,0.039692958354777784,False
1949,247686,45.71709,without_bias,1.934217938156122,1.865329161275331,0.2421052432545555,0.14092392942805895,False
1949,247686,45.71709,with_candidate_bias,2.0749401208015583,1.7552191716148557,0.07671195304446878,0.06014328136542723,False
1950,247687,45.739343,without_bias,1.9559840432863258,1.880189557315349,0.24090690216761498,0.1109231402664935,False
1950,247687,45.739343,with_candidate_bias,2.0978440320305958,1.7681599272945239,0.08850820085773273,0.029729815137925244,False
1951,247688,45.766762,without_bias,1.9556608440021124,1.8597057206240968,0.22436834638435674,0.1282574083568318,False
1951,247688,45.766762,with_candidate_bias,2.097017153472627,1.7480745827712603,0.06843529252030402,0.05024571957845592,False
1952,247689,45.789027,without_bias,1.9612478541709122,1.8677377503247719,0.22764572904537667,0.12616835315657593,False
1952,247689,45.789027,with_candidate_bias,2.1025808084687907,1.7560363807754762,0.07707014949487002,0.052864415334044956,False
1953,247690,45.811281,without_bias,1.963479612523347,1.8462109298196785,0.20888628877636872,0.1259065320397154,False
1953,247690,45.811281,with_candidate_bias,2.1051127313992994,1.7337474639836872,0.05583175203255879,0.05007911960088114,False
1954,247691,45.833534,without_bias,1.9532169878400798,1.8583968531672435,0.22479997694732062,0.13731523893690384,False
1954,247691,45.833534,with_candidate_bias,2.0942017725116857,1.7473468187292085,0.06747776585798344,0.06001016264939194,False
1955,247692,45.855794,without_bias,1.967381424910438,1.8641032474122894,0.22119973025468448,0.13043631754799445,False
1955,247692,45.855794,with_candidate_bias,2.108615262347974,1.7524685290077995,0.07482122485523866,0.055131696943137534,False
1956,247693,45.87805,without_bias,1.9561284360003217,1.856821538110372,0.2217824429197174,0.144802538503226,False
1956,247693,45.87805,with_candidate_bias,2.0969688954331183,1.7462216135515847,0.06658729311913174,0.062402304625872214,False
1957,247694,45.900313,without_bias,1.9524438166308595,1.8788214816864905,0.24176783318526077,0.13545543448659111,False
1957,247694,45.900313,with_candidate_bias,2.0932758355354966,1.7684353037316336,0.08849595496157958,0.055363327188717636,False
1958,247695,45.92257,without_bias,1.941950605598017,1.854304883196347,0.22869371545559808,0.13790401143932143,False
1958,247695,45.92257,with_candidate_bias,2.0829590772449924,1.7434383811165133,0.06382791545966371,0.057795744199997695,False
1959,247696,45.961969,without_bias,1.9534050371333729,1.8519228352211319,0.2195806119651908,0.13289278249865313,False
1959,247696,45.961969,with_candidate_bias,2.094660726395961,1.7403682470298623,0.06054789525653628,0.05495088419221963,False
1960,247697,45.984235,without_bias,1.961168076786555,1.8741306520377927,0.23299007382181233,0.12540114573436456,False
1960,247697,45.984235,with_candidate_bias,2.1025024600470963,1.7627314589035006,0.08367081808809364,0.04558577339634443,False
1961,247698,46.006492,without_bias,1.941871372476881,1.8504596068054466,0.22582862494411635,0.13445660261174322,False
1961,247698,46.006492,with_candidate_bias,2.0830225666303965,1.7391602298351472,0.05957027254071194,0.05805056189919078,False
1962,247699,46.028746,without_bias,1.9470584573501766,1.8841279466176672,0.2491997255324662,0.1251432484526862,False
1962,247699,46.028746,with_candidate_bias,2.0882481233925456,1.773384222947653,0.09340065399762859,0.04369469927571832,False
1963,247700,46.050998,without_bias,1.9499973844412193,1.8598510118143983,0.22791910585548233,0.13179319332070746,False
1963,247700,46.050998,with_candidate_bias,2.091200390233743,1.7485952885231864,0.06860579089473756,0.05260455303031771,False
1964,247701,46.077863,without_bias,1.9567017063304644,1.9149031952089575,0.27008877469192855,0.11055537509398944,False
1964,247701,46.077863,with_candidate_bias,2.0980732394578996,1.8040592623233636,0.12432167053077164,0.03297065735134586,False
1965,247702,46.105749,without_bias,1.9682430175407999,1.8743188127185768,0.229313243738619,0.11785837146557598,False
1965,247702,46.105749,with_candidate_bias,2.1098750068772083,1.762237038526299,0.08460464764978987,0.0411504533368138,False
1966,247703,46.128012,without_bias,1.9348897062035082,1.8639959649552205,0.240652692404296,0.13645630957177518,False
1966,247703,46.128012,with_candidate_bias,2.0758546537423297,1.7535457392866707,0.07489370192460997,0.05433097943413936,False
1967,247704,46.150267,without_bias,1.9496145090443102,1.8875461857239442,0.2505663690111424,0.11988182099026191,False
1967,247704,46.150267,with_candidate_bias,2.090990769807458,1.7765230318489518,0.09652811664030922,0.03820300429416497,False
1968,247705,46.172521,without_bias,1.9434205822111157,1.8597275099576047,0.23192133053018038,0.14781284156338512,False
1968,247705,46.172521,with_candidate_bias,2.084064848576999,1.7496954121061192,0.06994766966136719,0.06494932085173176,False
1969,247706,46.19478,without_bias,1.9506442451914925,1.880326902003213,0.24403051871529047,0.1376552601728387,False
1969,247706,46.19478,with_candidate_bias,2.0914523446475197,1.7702026674210247,0.09021435869551579,0.05457806263230657,False
1970,247707,46.217038,without_bias,1.952233139663305,1.861733017284122,0.22804955026971965,0.14260611366416612,False
1970,247707,46.217038,with_candidate_bias,2.0930107055373903,1.7512317836944262,0.07129538102936549,0.06190521963875915,False
1971,247708,46.239299,without_bias,1.9689996623805135,1.866240118250812,0.22209561758419755,0.13369464676455337,False
1971,247708,46.239299,with_candidate_bias,2.110101408780718,1.7549174518976267,0.0775673335483614,0.05567355362230405,False
1972,247709,46.261554,without_bias,1.968243176941097,1.8636704012254464,0.2203622931622228,0.12147177980212415,False
1972,247709,46.261554,with_candidate_bias,2.1098511069763677,1.7514197312168693,0.07412721804625524,0.04636698247998897,False
1973,247710,46.28381,without_bias,1.9506028813494776,1.8508112476569167,0.22047230895098902,0.13390168841886108,False
1973,247710,46.28381,with_candidate_bias,2.0918107248812396,1.739322006267562,0.05934963481104345,0.05690690088037894,False
1974,247711,46.306063,without_bias,1.9529620917970394,1.86628293374108,0.23125898833953815,0.11852531798028951,False
1974,247711,46.306063,with_candidate_bias,2.0946436622421762,1.7543154072389295,0.07446034751535453,0.03921148227956661,False
1975,247712,46.328321,without_bias,1.9708601523943503,1.8739721702550465,0.2276389819889163,0.1319631881668594,False
1975,247712,46.328321,with_candidate_bias,2.111953494345807,1.7627847137456851,0.08564616012376988,0.052971404819924635,False
1976,247713,46.35058,without_bias,1.9508191137575381,1.8688473752933663,0.23459465094164153,0.13152928257932125,False
1976,247713,46.35058,with_candidate_bias,2.0920721376966434,1.7578874222118606,0.07791498118746157,0.04798938209612793,False
1977,247714,46.372837,without_bias,1.96540588346763,1.8826593055018301,0.23789596041329897,0.12095637202026358,False
1977,247714,46.372837,with_candidate_bias,2.1068643323849385,1.7711911144776744,0.09273739842409869,0.03938705923576963,False
1978,247715,46.395091,without_bias,1.954152576508193,1.8455593143810833,0.2141597745789267,0.1357485955113479,False
1978,247715,46.395091,with_candidate_bias,2.095431005926476,1.7339947243553937,0.05426717316747178,0.054981541623019506,False
1979,247716,46.417344,without_bias,1.9684956709095403,1.893778020194622,0.2458949855244204,0.10923613358618053,False
1979,247716,46.417344,with_candidate_bias,2.1102430599797417,1.7818323637980003,0.10382490931386221,0.03163755357755479,False
1980,247717,46.468848,without_bias,1.9643189677708406,1.8666320473214686,0.22500498427721527,0.1196258593589542,False
1980,247717,46.468848,with_candidate_bias,2.105950595481523,1.754445948671902,0.07613554209352333,0.04466875480687959,False
1981,247718,46.491114,without_bias,1.9529394263363469,1.847220587055647,0.21621361101522935,0.13701302601212845,False
1981,247718,46.491114,with_candidate_bias,2.0940697197971962,1.7357483094368702,0.05589666022488937,0.06054602334964874,False
1982,247719,46.513369,without_bias,1.9559937260756286,1.8669349713104602,0.23000514113805415,0.11833428758329823,False
1982,247719,46.513369,with_candidate_bias,2.0977440637016653,1.7549248768059444,0.07532401799559961,0.03638627738112234,False
1983,247720,46.540207,without_bias,1.9554013350270067,1.8391445354050355,0.20843172446102504,0.14624179818272579,False
1983,247720,46.540207,with_candidate_bias,2.09626127628836,1.7279188819333897,0.04832621262322684,0.07055523765203796,False
1984,247721,46.562469,without_bias,1.9643880682338306,1.8838710594503576,0.23946140875606664,0.12015874026683371,False
1984,247721,46.562469,with_candidate_bias,2.1057918568020666,1.772366692668851,0.09370692960415988,0.043015207658890525,False
1985,247722,46.584725,without_bias,1.9353009811252673,1.8569758442818418,0.23505794158052948,0.148238411079373,False
1985,247722,46.584725,with_candidate_bias,2.075989455214744,1.7470306263629478,0.06847919564209837,0.06463328761199623,False
1986,247723,46.60698,without_bias,1.9521687416514981,1.8680224824543468,0.2331306708398245,0.13628234366094455,False
1986,247723,46.60698,with_candidate_bias,2.093101551640295,1.7573136797911533,0.07737586642762981,0.05645868182915595,False
1987,247724,46.629233,without_bias,1.9670707310517614,1.8796136545622548,0.23442955498794846,0.1255430791270788,False
1987,247724,46.629233,with_candidate_bias,2.1083392321264114,1.7682831517771331,0.09016785637182877,0.0464856618491509,False
1988,247725,46.651489,without_bias,1.9449054030673816,1.8588584866453948,0.23031022622567118,0.13370540416444465,False
1988,247725,46.651489,with_candidate_bias,2.0860196270068228,1.7477965843297274,0.06791332870609908,0.05469471524650806,False
1989,247726,46.673752,without_bias,1.9617161117231157,1.8742990555579206,0.23282800300250842,0.11694527861413365,False
1989,247726,46.673752,with_candidate_bias,2.1033448079031776,1.7622347991611202,0.08331054009573163,0.043705061952238104,False
1990,247727,46.696007,without_bias,1.938747089272201,1.8656245487179235,0.2394450168417883,0.1267987729407778,False
1990,247727,46.696007,with_candidate_bias,2.0800721175390544,1.754502903691423,0.0751614629222437,0.04572329621318379,False
1991,247728,46.718262,without_bias,1.973699005977588,1.8909086250991414,0.24084926686998914,0.10656382933752219,False
1991,247728,46.718262,with_candidate_bias,2.115628752915305,1.7785804608492293,0.10185745057304443,0.027582874407072404,False
1992,247729,46.740515,without_bias,1.9524658412931324,1.8847339070107798,0.24664066471509613,0.12583849735522437,False
1992,247729,46.740515,with_candidate_bias,2.0936310517288343,1.7739380776764608,0.09400822822607749,0.044834888410173246,False
1993,247730,46.768744,without_bias,1.9348392866520765,1.8475698480927116,0.22837359951721853,0.13879822586413104,False
1993,247730,46.768744,with_candidate_bias,2.0758874624038732,1.7366823424901408,0.05841276973035699,0.05795171028611273,False
1994,247731,46.79101,without_bias,1.9603457740327628,1.8633141820504895,0.22453130661892876,0.1270325776759247,False
1994,247731,46.79101,with_candidate_bias,2.1016951681370952,1.7515107043752238,0.07246073280056996,0.05452469097846897,False
1995,247732,46.813266,without_bias,1.9404851387596345,1.8625288399865856,0.23594802639262383,0.13400319599206215,False
1995,247732,46.813266,with_candidate_bias,2.081508477299275,1.7516859580921398,0.07218713559468165,0.056079459322997516,False
1996,247733,46.835519,without_bias,1.9635926163196773,1.8566348050795634,0.21720653998993594,0.13263840187704987,False
1996,247733,46.835519,with_candidate_bias,2.1048498760277417,1.7450337454883287,0.06670762228021637,0.0538082241038469,False
1997,247734,46.857771,without_bias,1.9619189527898429,1.875563072741192,0.23377268889762823,0.12807552363203678,False
1997,247734,46.857771,with_candidate_bias,2.1030979283947318,1.764336885019835,0.085347910947383,0.050607058328495186,False
1998,247735,46.880027,without_bias,1.9507527147600614,1.8702273889103849,0.2357461896581907,0.13786928177868957,False
1998,247735,46.880027,with_candidate_bias,2.0916522083512676,1.7597566781177374,0.07977378953523757,0.05563536713287471,False
1999,247736,46.90229,without_bias,1.9642542725195218,1.8743413174118226,0.23147469760852368,0.12484868631834276,False
1999,247736,46.90229,with_candidate_bias,2.1056064447585756,1.7628362486518654,0.08429356564243891,0.045944206813775805,False
2000,247737,46.924547,without_bias,1.939652735685172,1.8727576751786443,0.24445821979886148,0.12843538941693874,False
2000,247737,46.924547,with_candidate_bias,2.080865587108995,1.7619882222101828,0.08249549127103663,0.045809418071982834,False
2001,247738,46.946808,without_bias,1.9517545466314161,1.8550395685806922,0.22304855064761153,0.1318516839942261,False
2001,247738,46.946808,with_candidate_bias,2.0930354359181647,1.7435901594092562,0.0636625654910946,0.05203884626068567,False
2002,247739,46.987841,without_bias,1.9528850843433094,1.8685250913835616,0.23311415696332474,0.12087130314754328,False
2002,247739,46.987841,with_candidate_bias,2.09445448529014,1.756804279989512,0.07693334689136723,0.040670029182848254,False
2003,247740,47.010105,without_bias,1.9509573330329313,1.8870654038537404,0.24941721013279697,0.11651280397669211,False
2003,247740,47.010105,with_candidate_bias,2.0924720418897715,1.7757687141917569,0.09580061382395841,0.03541262133008955,False
2004,247741,47.032359,without_bias,1.9402318381684394,1.8965052196375431,0.26325845177069873,0.11945358489844161,False
2004,247741,47.032359,with_candidate_bias,2.081408892450757,1.785924112793328,0.10627193797036148,0.04217920252666361,False
2005,247742,47.054615,without_bias,1.9412489000001205,1.8896191334137333,0.25703515488021994,0.11443258014855373,False
2005,247742,47.054615,with_candidate_bias,2.0828221951451984,1.7784914749315062,0.09875267852932969,0.03150259675649953,False
2006,247743,47.076868,without_bias,1.9476616759147916,1.8628737227660892,0.23173907090025683,0.14120370201058297,False
2006,247743,47.076868,with_candidate_bias,2.0884493712653365,1.7524068339025047,0.07242343574601857,0.061019878049000456,False
2007,247744,47.099121,without_bias,1.9678434412547074,1.8919002311486794,0.24458931457722327,0.10436535093754604,False
2007,247744,47.099121,with_candidate_bias,2.1098122466445703,1.7795752114851444,0.10152707943901736,0.027350322755740876,False
2008,247745,47.126751,without_bias,1.9360161701661744,1.8664343444467908,0.24180319402273653,0.12782213119749994,False
2008,247745,47.126751,with_candidate_bias,2.077341741367549,1.7554717876424895,0.07652595795910729,0.04482350092444607,False
2009,247746,47.149012,without_bias,1.952603199788347,1.8687908418216945,0.23349488787582684,0.12666873856375752,False
2009,247746,47.149012,with_candidate_bias,2.0939338885651964,1.7574742902868723,0.0775741009274226,0.046206703286810875,False
2010,247747,47.171267,without_bias,1.9650608327182384,1.8609713509533343,0.21991003930456404,0.12757473428142618,False
2010,247747,47.171267,with_candidate_bias,2.106449123305799,1.74911458451727,0.07104505225928295,0.05116456399208315,False
2011,247748,47.193521,without_bias,1.9512604833168685,1.8724832651542895,0.23727296696826933,0.13735648394222894,False
2011,247748,47.193521,with_candidate_bias,2.092090876392034,1.7620223267391546,0.08204897225310875,0.057368180323017486,False
2012,247749,47.21578,without_bias,1.9797757399242328,1.8706509724376146,0.22022075470004734,0.12590855224303232,False
2012,247749,47.21578,with_candidate_bias,2.1211715151668553,1.758735490542046,0.08468140781006259,0.0485844079820338,False
2013,247750,47.238039,without_bias,1.9516596000336142,1.86698682417763,0.23259866439619872,0.1449460999103198,False
2013,247750,47.238039,with_candidate_bias,2.092264219598316,1.7568285326197108,0.0768618898732485,0.06453670055659179,False
2014,247751,47.260299,without_bias,1.9562774187680159,1.8699599445029114,0.23230692896875407,0.1270686433866526,False
2014,247751,47.260299,with_candidate_bias,2.097641500880549,1.7586418651847124,0.07901224902151519,0.044840607757980835,False
2015,247752,47.282556,without_bias,1.9453702889419777,1.8607852174295125,0.231519001729368,0.13094667381967437,False
2015,247752,47.282556,with_candidate_bias,2.086574113711829,1.7495993915410775,0.06968365661866267,0.052001831863286135,False
2016,247753,47.304811,without_bias,1.9348850568053397,1.8782729090178556,0.25173953216109207,0.13025928308820447,False
2016,247753,47.304811,with_candidate_bias,2.0758923923730475,1.7679178969426503,0.0890425808014039,0.048770462370658275,False
2017,247754,47.327064,without_bias,1.9501432889091157,1.8861151881337257,0.24908506662696622,0.11644201316413147,False
2017,247754,47.327064,with_candidate_bias,2.0917258852183935,1.7747977959045342,0.09481350530459683,0.0333447188424534,False
2018,247755,47.349322,without_bias,1.94084199622709,1.8743956781979287,0.24502610022516394,0.14083732203753152,False
2018,247755,47.349322,with_candidate_bias,2.0815694552430206,1.7644785282245106,0.08489814966110197,0.0575536569369091,False
2019,247756,47.371583,without_bias,1.9545155702919241,1.8774140834300284,0.2394333958115299,0.13087551325229843,False
2019,247756,47.371583,with_candidate_bias,2.095557335384342,1.7666324533794984,0.08681051753747947,0.05100869225948901,False
2020,247757,47.393838,without_bias,1.9647294106637454,1.8870844954855177,0.24202625647467246,0.12273556057357879,False
2020,247757,47.393838,with_candidate_bias,2.1059858558533184,1.7758499547882052,0.09717387210698186,0.045761786460626855,False
2021,247758,47.416093,without_bias,1.9408280058746674,1.8702909536142929,0.24179108928735402,0.14683221725735915,False
2021,247758,47.416093,with_candidate_bias,2.081216931625074,1.760478143848171,0.08095599994642476,0.07063135513112728,False
2022,247759,47.438347,without_bias,1.960650739001515,1.897229479744488,0.25282380859190273,0.11533785078917612,False
2022,247759,47.438347,with_candidate_bias,2.102144060160284,1.786014354801778,0.10670764556119618,0.03303298883062356,False
2023,247760,47.489848,without_bias,1.9558820644280805,1.8824978903703118,0.24288477977530898,0.11361035229822501,False
2023,247760,47.489848,with_candidate_bias,2.0975311146728552,1.7706743512313008,0.09098656856609666,0.038290491964813815,False
2024,247761,47.512113,without_bias,1.9437080133062692,1.864617159259944,0.23555220411622188,0.13352015648759868,False
2024,247761,47.512113,with_candidate_bias,2.08476377696119,1.7537846017293,0.07397016617571968,0.053680706380601344,False
2025,247762,47.534368,without_bias,1.9599482398543093,1.8857955466773393,0.24344458784129333,0.11386956426861346,False
2025,247762,47.534368,with_candidate_bias,2.101600188292819,1.7740730869489405,0.0947856004703868,0.03415843851729404,False
2026,247763,47.556623,without_bias,1.9403142733005427,1.8732681432649032,0.24445529648303335,0.13958020906541996,False
2026,247763,47.556623,with_candidate_bias,2.0810275832689853,1.7632299526664768,0.08371218120954059,0.05821970299434649,False
2027,247764,47.578879,without_bias,1.9574447608888452,1.872034390281538,0.2333411632494735,0.13562460798493395,False
2027,247764,47.578879,with_candidate_bias,2.0984156063328707,1.7613341964140976,0.08176841649608285,0.05407452604678378,False
2028,247765,47.601142,without_bias,1.9611324021748162,1.8787225566999866,0.23684913407190805,0.12975680971134462,False
2028,247765,47.601142,with_candidate_bias,2.1022104870947182,1.7677530808362356,0.0885985281556144,0.05119992504030825,False
2029,247766,47.623398,without_bias,1.9365011873702576,1.8611240761049412,0.23741907341999569,0.13406942342507938,False
2029,247766,47.623398,with_candidate_bias,2.077602160141731,1.7503779428674806,0.07146160700270915,0.05215574798760218,False
2030,247767,47.645652,without_bias,1.9593006921943998,1.8665553317516335,0.22778323218758886,0.12022899165901162,False
2030,247767,47.645652,with_candidate_bias,2.1008965856778774,1.7545302898332533,0.07532263724846654,0.04421277179698796,False
2031,247768,47.667904,without_bias,1.9424524357956925,1.8575382882652482,0.23084654535595417,0.13109198655591528,False
2031,247768,47.667904,with_candidate_bias,2.0836805416137083,1.7463079970230175,0.06660845309343688,0.05216269339435422,False
2032,247769,47.69016,without_bias,1.9478675092894626,1.876102634505766,0.24219390614894312,0.12273793478630292,False
2032,247769,47.69016,with_candidate_bias,2.0892259284547485,1.764873454652542,0.08487698446230449,0.043462968443754406,False
2033,247770,47.712423,without_bias,1.9470990264959986,1.8739942849812004,0.24094495394956594,0.12834176621899474,False
2033,247770,47.712423,with_candidate_bias,2.0882758867144564,1.7630931787751012,0.08311106379762158,0.04760723650478436,False
2034,247771,47.734679,without_bias,1.946314256971657,1.8836475914556126,0.24923469713360358,0.13041616189965557,False
2034,247771,47.734679,with_candidate_bias,2.087297426504571,1.7732520994533267,0.09329125337324687,0.0487263285127349,False
2035,247772,47.756934,without_bias,1.9672459141106429,1.8962724132798616,0.24868116605088317,0.10640630270961962,False
2035,247772,47.756934,with_candidate_bias,2.1091237455404035,1.784277372890761,0.10601645221612044,0.025108816979361792,False
2036,247773,47.779187,without_bias,1.94117207940681,1.8638857550363488,0.2365665252172863,0.13158533389701665,False
2036,247773,47.779187,with_candidate_bias,2.0823845758073274,1.7529740389381063,0.07337032809368245,0.04899029073154775,False
2037,247774,47.80675,without_bias,1.9411558488975562,1.859416684409121,0.23311998619116547,0.13440464538266456,False
2037,247774,47.80675,with_candidate_bias,2.0822115945957385,1.7484878087462905,0.06892923331656609,0.055940919606461116,False
2038,247775,47.829015,without_bias,1.964870111692548,1.8856384320334916,0.24071695760172016,0.11846887799717296,False
2038,247775,47.829015,with_candidate_bias,2.106419518235833,1.7741210827048315,0.09554254962385399,0.03588135991822831,False
2039,247776,47.85127,without_bias,1.9411767836428353,1.8671277878639836,0.2390923644070623,0.1263340098437513,False
2039,247776,47.85127,with_candidate_bias,2.082563265852501,1.75598103325419,0.07634410539887757,0.04362567841261608,False
2040,247777,47.873524,without_bias,1.9564393677299352,1.878670900041407,0.2393920821907905,0.12397680202967212,False
2040,247777,47.873524,with_candidate_bias,2.0977519692738644,1.76743700603364,0.08777996953604929,0.044326653091512354,False
2041,247778,47.895782,without_bias,1.9449675307074725,1.8613073826047655,0.23217834553652655,0.14553592129606943,False
2041,247778,47.895782,with_candidate_bias,2.085608802444311,1.7511384645244026,0.0712738644305385,0.06452182627188965,False
2042,247779,47.918037,without_bias,1.96085435261477,1.8605102310735724,0.2219516653706042,0.13714459805035376,False
2042,247779,47.918037,with_candidate_bias,2.1018345771952838,1.7493024662159393,0.07030568284998413,0.062261245432084646,False
2043,247780,47.940299,without_bias,1.971211168202029,1.8730199463902535,0.22664396366200218,0.1303567812297082,False
2043,247780,47.940299,with_candidate_bias,2.1124183856665515,1.7617088491862247,0.08472850790159989,0.049561811532415755,False
2044,247781,47.962556,without_bias,1.955994534886416,1.8551836220114761,0.22056011901830233,0.13591566870809238,False
2044,247781,47.962556,with_candidate_bias,2.097071562300235,1.743802621971789,0.06419331401198361,0.06140721041661652,False
2045,247782,48.003846,without_bias,1.9660716946020498,1.8562771464750432,0.21548052637811943,0.1376920349824784,False
2045,247782,48.003846,with_candidate_bias,2.1071173126227625,1.7449127280521872,0.0671316963483168,0.060469425801482596,False
2046,247783,48.026112,without_bias,1.9606486281528328,1.8859105428692946,0.24316851988584318,0.11623604952645848,False
2046,247783,48.026112,with_candidate_bias,2.1021947052560703,1.7743281132217545,0.09511311045412504,0.03715082720825219,False
2047,247784,48.048371,without_bias,1.9492742692627891,1.8520787376690273,0.2222944516835449,0.13630416381163163,False
2047,247784,48.048371,with_candidate_bias,2.0903872280188858,1.7408597313234166,0.06086096320546595,0.05725533038056846,False
2048,247785,48.070624,without_bias,1.9594716455931063,1.8908404488634878,0.24797448695607507,0.1061088478564683,False
2048,247785,48.070624,with_candidate_bias,2.1014987578330433,1.7787721281579891,0.09943920118625862,0.022051916596541873,False
2049,247786,48.092878,without_bias,1.9310200473642358,1.872443683830237,0.24961810188009603,0.13212056521178736,False
2049,247786,48.092878,with_candidate_bias,2.0720730144941233,1.7620923625646558,0.08402697662521738,0.04891733419130054,False
2050,247787,48.11513,without_bias,1.9666573974254873,1.8803920300837247,0.23530908042600185,0.11201220258210844,False
2050,247787,48.11513,with_candidate_bias,2.1084476727177197,1.7681768877603643,0.09008595985948087,0.035367834881167515,False
2051,247788,48.142758,without_bias,1.9669216375138787,1.877346789253243,0.23258125148177558,0.11543660902404031,False
2051,247788,48.142758,with_candidate_bias,2.108817122657945,1.765231760207128,0.08728423141169034,0.031630199644004195,False
2052,247789,48.16502,without_bias,1.9480417708682811,1.8673671429983407,0.23507144678495992,0.13585469147692486,False
2052,247789,48.16502,with_candidate_bias,2.0890488576281214,1.756718639536505,0.07672453534654866,0.053627582770741505,False
2053,247790,48.187276,without_bias,1.9746267276683103,1.8845247295645982,0.23482196867413033,0.12382756390170169,False
2053,247790,48.187276,with_candidate_bias,2.115938396503879,1.7731013174027956,0.09664706780512566,0.044260125501483685,False
2054,247791,48.209528,without_bias,1.9262416846028836,1.8702293148784035,0.25100593240162317,0.1434864578412196,False
2054,247791,48.209528,with_candidate_bias,2.06680009986242,1.760645437368795,0.08391616015284498,0.061237313320037276,False
2055,247792,48.231787,without_bias,1.9540445777999835,1.8770504814632523,0.2394008543645662,0.12431229544081648,False
2055,247792,48.231787,with_candidate_bias,2.0953818979591294,1.7658463444071397,0.08601488053651964,0.043254053165087555,False
2056,247793,48.254044,without_bias,1.968169199447666,1.8619151514761518,0.2189426096030963,0.12620113028937738,False
2056,247793,48.254044,with_candidate_bias,2.1096199952817405,1.749952005369826,0.07265140927824947,0.04899916037478719,False
2057,247794,48.276304,without_bias,1.9552577984224988,1.8522778856219833,0.21871243851306924,0.13249640842053811,False
2057,247794,48.276304,with_candidate_bias,2.0965064754710703,1.740580782445729,0.06092918368723138,0.05845653450629751,False
2058,247795,48.29856,without_bias,1.977844101659118,1.8672978001070855,0.218310355818509,0.12488924933666709,False
2058,247795,48.29856,with_candidate_bias,2.1193256127879634,1.755250474907794,0.08076277322651883,0.046773135016730076,False
2059,247796,48.320814,without_bias,1.9541039994009572,1.8262226513163358,0.19962160889240854,0.1400268597884925,False
2059,247796,48.320814,with_candidate_bias,2.0953810301184146,1.7142021921471517,0.034622903298336775,0.06326082960395762,False
2060,247797,48.343067,without_bias,1.9650489872159889,1.8645809235218298,0.22289655206826706,0.12498731544052304,False
2060,247797,48.343067,with_candidate_bias,2.106557634807723,1.7527403270978565,0.07460100841630153,0.044318595077081184,False
2061,247798,48.365326,without_bias,1.9716283035588438,1.8522695362907948,0.20901830458647086,0.1252168527944048,False
2061,247798,48.365326,with_candidate_bias,2.113244621425707,1.7398111986935987,0.0641692443027778,0.049096031622682605,False
2062,247799,48.387587,without_bias,1.9501822869236407,1.8625703998046659,0.22995856969188744,0.12674709374151083,False
2062,247799,48.387587,with_candidate_bias,2.091556982320714,1.7510722688622709,0.07108932124572537,0.04767519856729058,False
2063,247800,48.409844,without_bias,1.9491267071421547,1.8892153306612907,0.25222279679744536,0.11379146685004471,False
2063,247800,48.409844,with_candidate_bias,2.090729070843707,1.7778569200144512,0.09785963590270429,0.032186557163593664,False
2064,247801,48.432098,without_bias,1.9467802714253217,1.8424695773861874,0.216583134682853,0.13899893511472525,False
2064,247801,48.432098,with_candidate_bias,2.087934031754374,1.7311658937582648,0.05120758643867119,0.058299857160855756,False
2065,247802,48.45435,without_bias,1.9702743702179584,1.8728272366612415,0.226972618668237,0.11109389730870797,False
2065,247802,48.45435,with_candidate_bias,2.112221318659477,1.7602125107492181,0.08323361030052386,0.033540266225045884,False
2067,247803,48.506147,without_bias,1.973340966947205,1.864381934207935,0.21818805571128863,0.12392895321665656,False
2067,247803,48.506147,with_candidate_bias,2.1148585836667557,1.752213839678951,0.07637269029629869,0.048600968637854666,False
2068,247804,48.528413,without_bias,1.9621228046072239,1.8472061420982335,0.21050052507510972,0.13910938808089565,False
2068,247804,48.528413,with_candidate_bias,2.1032146087184733,1.7357112961247916,0.05725709038613977,0.0614325010512599,False
2069,247805,48.550669,without_bias,1.960281248602106,1.8795332879626832,0.23799262061968995,0.12951945857657993,False
2069,247805,48.550669,with_candidate_bias,2.101388010410225,1.768625233914833,0.08935389676764112,0.048922453403282606,False
2070,247806,48.572922,without_bias,1.9357846568450032,1.849753016527805,0.22934353857194814,0.13638184906381776,False
2070,247806,48.572922,with_candidate_bias,2.076909601462778,1.7387635973124191,0.060203977467933656,0.055447161459114186,False
2071,247807,48.595177,without_bias,1.9675500672157913,1.8734236394808461,0.22892507584114405,0.13452565187991267,False
2071,247807,48.595177,with_candidate_bias,2.1085835263895047,1.7624852172921774,0.0845526967329083,0.053189573771880085,False
2072,247808,48.617441,without_bias,1.948136549462066,1.8750055441988538,0.2411480890797602,0.12934695006623642,False
2072,247808,48.617441,with_candidate_bias,2.0892233463334016,1.7641441939563176,0.0841477781493739,0.05121142000741951,False
2073,247809,48.639698,without_bias,1.947097655637538,1.8575334820373925,0.22790177109581414,0.13653899532616645,False
2073,247809,48.639698,with_candidate_bias,2.0881539232723028,1.7465907110148282,0.06661629524932257,0.05588197582651058,False
2074,247810,48.661953,without_bias,1.9497472153775564,1.8915830808325742,0.25384689024873475,0.1124800244099229,False
2074,247810,48.661953,with_candidate_bias,2.0914270070640635,1.7802053557278943,0.10021551609264275,0.029060129088405703,False
2075,247811,48.684206,without_bias,1.954004686962593,1.8484848665131668,0.21652222844803234,0.13738892807030134,False
2075,247811,48.684206,with_candidate_bias,2.0951582497439136,1.7371292297966,0.05736162861681414,0.057341569354295255,False
2076,247812,48.70646,without_bias,1.9465962097371008,1.875692756886,0.24261142215363374,0.12633368066419948,False
2076,247812,48.70646,with_candidate_bias,2.087831735135315,1.7647304120036016,0.08475815058638025,0.045573228329649385,False
2077,247813,48.728723,without_bias,1.9374156473415867,1.8656978142441438,0.24034488322250502,0.13684536570518832,False
2077,247813,48.728723,with_candidate_bias,2.0783643471121467,1.7552814346695662,0.07617534262499107,0.05443278246751705,False
2078,247814,48.750981,without_bias,1.9431069718556766,1.8769134997312302,0.2456674339301206,0.1196496451595643,False
2078,247814,48.750981,with_candidate_bias,2.0845928427068063,1.7656279909374575,0.08579854417167372,0.03869522978965528,False
2079,247815,48.773235,without_bias,1.947029194798945,1.860067017126463,0.22992342594146406,0.12607319702969516,False
2079,247815,48.773235,with_candidate_bias,2.0884473296319928,1.748496890265928,0.06851448577763879,0.0473369214076686,False
2080,247816,48.795488,without_bias,1.945890990914756,1.8743164253269358,0.2419220528421697,0.13815411305208825,False
2080,247816,48.795488,with_candidate_bias,2.0867312189216696,1.7641132283403143,0.0841767195343695,0.0552405684218052,False
2081,247817,48.823761,without_bias,1.9572197888016423,1.8555897414473579,0.22014164028513655,0.12839612723054333,False
2081,247817,48.823761,with_candidate_bias,2.0986120013357357,1.743755878806758,0.06433489449302558,0.05219520178549681,False
2082,247818,48.846027,without_bias,1.9497095987138011,1.8623478401497344,0.23006984048396215,0.1255865754306818,False
2082,247818,48.846027,with_candidate_bias,2.091113698857492,1.7507493502622933,0.07075811534857218,0.04815270760719766,False
2083,247819,48.868283,without_bias,1.9442476394508392,1.853193523338711,0.226361982523853,0.13854854083584506,False
2083,247819,48.868283,with_candidate_bias,2.085285960180586,1.7422966307243957,0.06247473386122381,0.05723838294773275,False
2084,247820,48.890536,without_bias,1.9698292100229895,1.8678387921876765,0.22298975450505312,0.11531584216114155,False
2084,247820,48.890536,with_candidate_bias,2.1116689515216494,1.755341931037549,0.07839610980472443,0.03721978432625679,False
2085,247821,48.912796,without_bias,1.9513570437532999,1.8539261753390832,0.22242343353366772,0.1432424528928353,False
2085,247821,48.912796,with_candidate_bias,2.092207565152425,1.7432125521283812,0.06325108766247046,0.06253663326756517,False
2086,247822,48.935054,without_bias,1.9483287146167512,1.8671944263809555,0.23476052983889106,0.12487361368827463,False
2086,247822,48.935054,with_candidate_bias,2.089779773291799,1.7557999640398216,0.07580028395884324,0.042812658121097684,False
2087,247823,48.957317,without_bias,1.9436594978817956,1.8682421382581558,0.23843373330175158,0.12448211513982166,False
2087,247823,48.957317,with_candidate_bias,2.0850364015570686,1.7569404769088814,0.07710041696689322,0.0449127230620113,False
2088,247824,48.979573,without_bias,1.9432198287704108,1.8482476926263678,0.223274953230953,0.13892310405074265,False
2088,247824,48.979573,with_candidate_bias,2.0843104650011255,1.7372229419600693,0.05750509451404185,0.05744136770290087,False
2089,247825,49.020846,without_bias,1.9624025106623657,1.8617904345955778,0.22210106122150056,0.13117347715291675,False
2089,247825,49.020846,with_candidate_bias,2.1036223938386365,1.7502482361088727,0.07155686053973344,0.05489251765602214,False
2090,247826,49.043112,without_bias,1.9675205005863419,1.8561792689216252,0.21457018100001363,0.125173183364055,False
2090,247826,49.043112,with_candidate_bias,2.1090750490728802,1.7439414751537177,0.06672607992356734,0.0490049246377582,False
2091,247827,49.06537,without_bias,1.9510911900754317,1.848205757796517,0.21814865214014123,0.13593407599028895,False
2091,247827,49.06537,with_candidate_bias,2.0922523163714195,1.7367523641904257,0.05679704015386437,0.05874278070438843,False
2092,247828,49.087623,without_bias,1.9733593386132626,1.8695119996147702,0.22253054146953444,0.11137973365309904,False
2092,247828,49.087623,with_candidate_bias,2.1153740171767788,1.756746105884446,0.08083195850722708,0.031799184106084476,False
2093,247829,49.109875,without_bias,1.9509078231073615,1.8369037461088533,0.20967932472164372,0.13237457555588286,False
2093,247829,49.109875,with_candidate_bias,2.0923904123933164,1.7248599699400027,0.04492361266002625,0.05297467964021452,False
2094,247830,49.132128,without_bias,1.9715329886949713,1.8724211238774942,0.22596531079310325,0.11121998448165686,False
2094,247830,49.132128,with_candidate_bias,2.1135264997462526,1.7597918774197203,0.08318797925466223,0.030707503496697455,False
2095,247831,49.159754,without_bias,1.9582931385300653,1.859735885133536,0.2228265822629701,0.13210641945663112,False
2095,247831,49.159754,with_candidate_bias,2.099581100243968,1.74834737099864,0.06901565477709168,0.050372562184005674,False
2096,247832,49.182016,without_bias,1.9676944635172082,1.8450937414358644,0.2054618887181648,0.13141177548542193,False
2096,247832,49.182016,with_candidate_bias,2.109131431232579,1.7328678705927114,0.05622297930574823,0.055501911291105106,False
2097,247833,49.204271,without_bias,1.9740140194911129,1.8692488400858602,0.22196367078522428,0.1182904134690397,False
2097,247833,49.204271,with_candidate_bias,2.115693224794418,1.7568136420440859,0.08099677403707797,0.04593857717723269,False
2098,247834,49.226524,without_bias,1.9463474978486648,1.8561776677764634,0.22732050500888226,0.13314391939320194,False
2098,247834,49.226524,with_candidate_bias,2.0875304000442334,1.7449598704731004,0.06500679730477046,0.05380756418113841,False
2099,247835,49.248786,without_bias,1.9673342065144372,1.8628054122678492,0.22014703188065254,0.12741982634784915,False
2099,247835,49.248786,with_candidate_bias,2.1087290244262986,1.7509847103505447,0.07341393232562626,0.04942690974942731,False
2100,247836,49.271045,without_bias,1.960584653914462,1.8574807652135004,0.21965371342913645,0.13178111486793576,False
2100,247836,49.271045,with_candidate_bias,2.1018332476390627,1.74588149525109,0.0669357689595539,0.05474868355222403,False
2101,247837,49.293304,without_bias,1.9674201127636808,1.8742216822822393,0.229669089394746,0.1309610458523925,False
2101,247837,49.293304,with_candidate_bias,2.108514241875866,1.7630069982056689,0.08504668661008494,0.054131806767280966,False
2102,247838,49.315561,without_bias,1.9698350662525463,1.863596301557603,0.21942473253523673,0.12067051861860219,False
2102,247838,49.315561,with_candidate_bias,2.111497118697062,1.7512917397980974,0.07446232789615972,0.04355607682483594,False
2103,247839,49.337816,without_bias,1.9582210518122294,1.8528617658551116,0.2173634773369771,0.1374697106858333,False
2103,247839,49.337816,with_candidate_bias,2.0992728331678094,1.741457586575982,0.06215320090471902,0.06283294716267689,False
2104,247840,49.360069,without_bias,1.9613456557694344,1.873590213035854,0.23244162895803358,0.11875577640774616,False
2104,247840,49.360069,with_candidate_bias,2.10291454867063,1.7616597547649218,0.08267467033882413,0.04366102032420239,False
2105,247841,49.382328,without_bias,1.9610363684475707,1.8615100360659245,0.22266008051701575,0.13715782670725846,False
2105,247841,49.382328,with_candidate_bias,2.1020096957928756,1.7503669125714094,0.07138441831289095,0.06106678184682551,False
2106,247842,49.404588,without_bias,1.9589511128298125,1.8567208790516643,0.22000927235309306,0.1275982268154146,False
2106,247842,49.404588,with_candidate_bias,2.100417322145438,1.7448990581584927,0.06572981325503108,0.04757246873390261,False
2107,247843,49.426845,without_bias,1.957343346584531,1.8742117773108025,0.23519354187905034,0.11278487605439567,False
2107,247843,49.426845,with_candidate_bias,2.099202346168364,1.762060299167209,0.08257466847898487,0.03197511837244401,False
2108,247844,49.449099,without_bias,1.9525956340886326,1.8617535433165064,0.2278471204110557,0.12697204236191859,False
2108,247844,49.449099,with_candidate_bias,2.0939734731113377,1.7501828197766571,0.07029521093480884,0.04843159540734478,False
2109,247845,49.471353,without_bias,1.949428561548801,1.8829998556460563,0.2469195632196018,0.10842917346559926,False
2109,247845,49.471353,with_candidate_bias,2.0913266868134106,1.7710469126652408,0.09105657803680567,0.027467589720501517,False
2110,247846,49.522854,without_bias,1.961352715118545,1.8738414080090267,0.23264697583740943,0.12278646083097565,False
2110,247846,49.522854,with_candidate_bias,2.1027718228280037,1.7622275276895798,0.08321349510921015,0.04501154230648471,False
2111,247847,49.54512,without_bias,1.9496205657168335,1.8779089271963516,0.2426403285393272,0.1317709306639631,False
2111,247847,49.54512,with_candidate_bias,2.090599967695593,1.7673070383108727,0.08730909975398872,0.05186208772067413,False
2112,247848,49.567376,without_bias,1.9497277806868047,1.8888655610071325,0.2515971344945593,0.1298573430945798,False
2112,247848,49.567376,with_candidate_bias,2.090642989693925,1.7785231783616782,0.0985252765042228,0.04992176088732623,False
2113,247849,49.58963,without_bias,1.9574919379385538,1.8445336244493247,0.2112574261078447,0.13613663543241197,False
2113,247849,49.58963,with_candidate_bias,2.0986965466248795,1.7327424582814575,0.05345462401673023,0.06250947922547587,False
2114,247850,49.611886,without_bias,1.9582215601441124,1.8738562946011474,0.23440524773848095,0.1193937225384587,False
2114,247850,49.611886,with_candidate_bias,2.099745328061169,1.762023785862723,0.08260068320706347,0.04525170210844896,False
2115,247851,49.634149,without_bias,1.9441242715931901,1.846262422568159,0.22118526464584026,0.13507241488944122,False
2115,247851,49.634149,with_candidate_bias,2.0853710117721875,1.7348832615452758,0.05507812569305881,0.05462180360438178,False
2116,247852,49.656406,without_bias,1.9736903640714403,1.8815206836576224,0.23267685177445052,0.12941368221272825,False
2116,247852,49.656406,with_candidate_bias,2.114771896865671,1.770305172257256,0.09364118223696309,0.05367486617635368,False
2117,247853,49.678661,without_bias,1.9679347651650465,1.8575457155112196,0.21545858685998862,0.11983276396228283,False
2117,247853,49.678661,with_candidate_bias,2.109716000943019,1.7450265905168219,0.0679498209521377,0.04147132799689335,False
2118,247854,49.700915,without_bias,1.9385691507374259,1.8710087870663623,0.2437532745317432,0.12507996202601662,False
2118,247854,49.700915,with_candidate_bias,2.0799468158507595,1.7599746823263727,0.08060407139061136,0.0422470658683199,False
2119,247855,49.723171,without_bias,1.9707785060576795,1.8744540978928597,0.22809243916702854,0.11396280266266949,False
2119,247855,49.723171,with_candidate_bias,2.1125998455996298,1.762089369672855,0.08514351199248107,0.0352653477298427,False
2120,247856,49.745434,without_bias,1.9416436989049048,1.8550315654397749,0.2294463793022603,0.13299663057608005,False
2120,247856,49.745434,with_candidate_bias,2.0828391538604336,1.7438702093238752,0.06427037697501219,0.053077681069383854,False
2121,247857,49.772865,without_bias,1.954118423309778,1.881117943995916,0.24271841767975727,0.11919604589846318,False
2121,247857,49.772865,with_candidate_bias,2.0956123327064726,1.7697171291367506,0.08989249990376583,0.03815691661768632,False
2122,247858,49.795118,without_bias,1.9608172281541074,1.8607803609997116,0.22219299598541345,0.11569588522600112,False
2122,247858,49.795118,with_candidate_bias,2.102680429816788,1.748220440055065,0.06938891656197842,0.03970098356235218,False
2123,247859,49.832765,without_bias,1.9598520137205526,1.847143983030576,0.21183863999733546,0.14025506735251222,False
2123,247859,49.832765,with_candidate_bias,2.1008673022199873,1.7356763494786451,0.05672701427722755,0.06598515238063926,False
2124,247860,49.855031,without_bias,1.974874072366461,1.8672272546352648,0.21979086444104343,0.12321621580952927,False
2124,247860,49.855031,with_candidate_bias,2.116382165329252,1.7549691240434275,0.07947570828434823,0.052647891006958034,False
2125,247861,49.877286,without_bias,1.961362873453131,1.8416191522153582,0.20656297027552228,0.13577695045275934,False
2125,247861,49.877286,with_candidate_bias,2.1026567221125916,1.7297237027096903,0.05130925087932039,0.058217235456032496,False
2126,247862,49.89954,without_bias,1.9537544048237079,1.8697972860397356,0.23363619581090442,0.13361431519435368,False
2126,247862,49.89954,with_candidate_bias,2.0947427025806817,1.7588802204051146,0.0790226701581785,0.056904917960092775,False
2127,247863,49.9218,without_bias,1.971737634270003,1.8769324484438248,0.2297136835239365,0.11013705562964408,False
2127,247863,49.9218,with_candidate_bias,2.113649528360494,1.764318539965934,0.08757234936702707,0.03666136457303069,False
2128,247864,49.944056,without_bias,1.9469019503016678,1.8517236455333628,0.2235308977808982,0.14379542422054362,False
2128,247864,49.944056,with_candidate_bias,2.0877133511458768,1.7410432385653016,0.061086051906490066,0.06420770848844837,False
2129,247865,49.966319,without_bias,1.9629028575148777,1.871539910527974,0.22987218394783598,0.12298238342360589,False
2129,247865,49.966319,with_candidate_bias,2.104334955366403,1.7597948013223825,0.08107219784510152,0.04692650709632052,False
2130,247866,49.988576,without_bias,1.9766359776266975,1.880196989879433,0.23006572175237328,0.11916094558810515,False
2130,247866,49.988576,with_candidate_bias,2.1181706217688983,1.768233560263537,0.09262151525226507,0.042296640968822026,False
2131,247867,50.026368,without_bias,1.960455499871605,1.8564357231674997,0.2188865960335495,0.1398419271705474,False
2131,247867,50.026368,with_candidate_bias,2.1013797692836933,1.7452937488728528,0.06627799627946872,0.06403667430261092,False
2132,247868,50.048634,without_bias,1.9724932560168178,1.873165091930227,0.2260986236622022,0.1213098342489205,False
2132,247868,50.048634,with_candidate_bias,2.114052468869865,1.7612200360897203,0.08470664390206546,0.041430721488307946,False
2133,247869,50.070892,without_bias,1.9441601746094936,1.8553570525971277,0.22807750999492513,0.13412623028130202,False
2133,247869,50.070892,with_candidate_bias,2.085281278041884,1.7441867767358237,0.06435999257809535,0.05656416472000974,False
2134,247870,50.093145,without_bias,1.9708415157145025,1.8691336940670846,0.2235403735540377,0.11459871221254526,False
2134,247870,50.093145,with_candidate_bias,2.112695128759697,1.7566111861010396,0.07990208198305832,0.03675084115360132,False
2135,247871,50.115398,without_bias,1.9769746683735137,1.884396543461894,0.23356513560128592,0.12042847688526188,False
2135,247871,50.115398,with_candidate_bias,2.1183949926666426,1.7726293123416847,0.09688377115612343,0.04510120215505083,False
2136,247872,50.137652,without_bias,1.9488595967460216,1.8583933897496268,0.2274748666052095,0.13141316951095428,False
2136,247872,50.137652,with_candidate_bias,2.090198822102542,1.7471051008335592,0.06710539537258248,0.04867777213713419,False
2137,247873,50.165761,without_bias,1.9651886213277399,1.8617902948195653,0.22051211199536128,0.12969115184582078,False
2137,247873,50.165761,with_candidate_bias,2.106483307258772,1.7501050033474443,0.07201674050199915,0.05290942523053878,False
2138,247874,50.188024,without_bias,1.965646722245653,1.8697993794648697,0.22690866473869914,0.11948972119141399,False
2138,247874,50.188024,with_candidate_bias,2.1072620631846535,1.7577231595848943,0.07961701050183896,0.04250876643677278,False
2139,247875,50.21028,without_bias,1.9404426904345495,1.8680599413628707,0.24027885963992404,0.1423272133161293,False
2139,247875,50.21028,with_candidate_bias,2.0811514638388866,1.7580252856411407,0.07852542130785503,0.059915248034891254,False
2140,247876,50.232535,without_bias,1.9589830910580976,1.8555136755856325,0.21902164446983174,0.12300155915631435,False
2140,247876,50.232535,with_candidate_bias,2.1006206020318925,1.7433148946875932,0.064199478789324,0.04515064862732669,False
2141,247877,50.254795,without_bias,1.9554987122709881,1.8734508900081757,0.23561375860869777,0.11990808220266828,False
2141,247877,50.254795,with_candidate_bias,2.097033387496619,1.7617737641621531,0.08207567876615489,0.040986074343563564,False
2142,247878,50.277052,without_bias,1.9447239508059067,1.8573366676129168,0.2292453361564827,0.13748649845584748,False
2142,247878,50.277052,with_candidate_bias,2.08573225007051,1.7464982120933497,0.06663502008008088,0.056904906935181424,False
2143,247879,50.299312,without_bias,1.9718104643131809,1.8750933488107173,0.22810125185111568,0.11767407229124345,False
2143,247879,50.299312,with_candidate_bias,2.113468035412388,1.7629722474967302,0.08622727260429705,0.0394242851384726,False
2144,247880,50.321568,without_bias,1.9462783767505294,1.8702118607495861,0.23840397848878842,0.12996233490440592,False
2144,247880,50.321568,with_candidate_bias,2.0874627688333516,1.7593091304607162,0.07934970520693779,0.048182152434847,False
2145,247881,50.343822,without_bias,1.9561010536540562,1.8474913638254014,0.21443480311891278,0.125506575518118,False
2145,247881,50.343822,with_candidate_bias,2.097750942994312,1.7352545415829035,0.05579553282152518,0.04605836305136865,False
2146,247882,50.366074,without_bias,1.9765549801556312,1.874534212919409,0.22519620894602807,0.1118525586582612,False
2146,247882,50.366074,with_candidate_bias,2.118446475591343,1.7618556801383192,0.08665768485527235,0.03754889390724133,False
2147,247883,50.388332,without_bias,1.941595532274257,1.8615468843436949,0.2344848763904913,0.13255773703943163,False
2147,247883,50.388332,with_candidate_bias,2.0827647045199513,1.7506059049485345,0.0709756529683603,0.05095035161669343,False
2148,247884,50.410592,without_bias,1.9538760017574253,1.8543481679583127,0.22119454461619184,0.12305736189424585,False
2148,247884,50.410592,with_candidate_bias,2.095497551003219,1.7422031511443519,0.06244561697445295,0.04619073481839891,False
2149,247885,50.432848,without_bias,1.9599035240870493,1.8747850249728226,0.23423556305273563,0.11949800941289113,False
2149,247885,50.432848,with_candidate_bias,2.101431593334952,1.7630039364919639,0.08378743819533871,0.04276707564730301,False
2150,247886,50.455102,without_bias,1.9490790222318337,1.8625225393523912,0.23059314679057832,0.1296658857785592,False
2150,247886,50.455102,with_candidate_bias,2.0903274551071567,1.751236019357488,0.07123677197029374,0.0507420092135232,False
2151,247887,50.477354,without_bias,1.9487349759827821,1.8893015588408653,0.25251326607487634,0.10570212820512337,False
2151,247887,50.477354,with_candidate_bias,2.090616766603201,1.777389705267937,0.09739165823220428,0.02838180952040281,False
2152,247888,50.504753,without_bias,1.967476090765282,1.8692700833091183,0.22546678861863,0.12923866141547247,False
2152,247888,50.504753,with_candidate_bias,2.108688475643356,1.7576904972961238,0.0799066486094327,0.05576694500221733,False
2153,247889,50.544356,without_bias,1.9766383982557698,1.8570644592502294,0.21024432329933096,0.11785585272464,False
2153,247889,50.544356,with_candidate_bias,2.118498661970588,1.7441290351338499,0.07017625582283797,0.04490558965847646,False
2154,247890,50.56661,without_bias,1.9570425897847095,1.844088865405459,0.2111938178101051,0.13485155918313366,False
2154,247890,50.56661,with_candidate_bias,2.0983025693543427,1.7321770133646832,0.05283344945715744,0.06232815928630109,False
2155,247891,50.588864,without_bias,1.9656486324358378,1.8602498960263623,0.2189823911473061,0.12454302380921133,False
2155,247891,50.588864,with_candidate_bias,2.1071568166157,1.7480686349824794,0.0701975457175164,0.05218818905136909,False
2156,247892,50.611129,without_bias,1.9597838141811166,1.8721173122870436,0.2320890275941872,0.12180665855976903,False
2156,247892,50.611129,with_candidate_bias,2.1012913627703007,1.7604395324587572,0.08122815555824221,0.04174351276622003,False
2157,247893,50.633382,without_bias,1.9565160029995718,1.8482677667472653,0.2147836557592835,0.13164851066002964,False
2157,247893,50.633382,with_candidate_bias,2.097866397652885,1.7364091942385271,0.05695504724493877,0.05519301006944908,False
2158,247894,50.655639,without_bias,1.967649214128147,1.8708300665543456,0.2266844262506712,0.11298700366333084,False
2158,247894,50.655639,with_candidate_bias,2.109551702020101,1.7583393314786468,0.08074230556780096,0.03393939132490424,False
2159,247895,50.677892,without_bias,1.9381999338795115,1.855075601134082,0.23172122515351257,0.13335633473674285,False
2159,247895,50.677892,with_candidate_bias,2.079453761930048,1.7440272364520488,0.06488998493692752,0.05067204277418602,False
2160,247896,50.700145,without_bias,1.9544686040158925,1.870244321111077,0.23358437664453405,0.1263065269092319,False
2160,247896,50.700145,with_candidate_bias,2.095891564476475,1.7589170998675592,0.07913671198304097,0.043247238408662965,False
2161,247897,50.72241,without_bias,1.9634565796635874,1.8789285446567556,0.2357664164161062,0.11605844183923945,False
2161,247897,50.72241,with_candidate_bias,2.1050796478481817,1.7669797060953671,0.08827720573093392,0.04034533092308822,False
2162,247898,50.744664,without_bias,1.932228326744067,1.8567555621871312,0.23692705553833585,0.13720132998905565,False
2162,247898,50.744664,with_candidate_bias,2.073179052527745,1.7461176217946908,0.06822378020639237,0.05787391191344777,False
2163,247899,50.766921,without_bias,1.9545913089355602,1.8820365434658743,0.24321652598337765,0.11348417270924982,False
2163,247899,50.766921,with_candidate_bias,2.096458764443138,1.7702327646463103,0.09046362503154723,0.02929271776048481,False
2164,247900,50.789175,without_bias,1.9461853375473674,1.8726915785090388,0.2404427199244545,0.12536746998011036,False
2164,247900,50.789175,with_candidate_bias,2.0874867810984608,1.761560450788451,0.08159916299854064,0.045222474286142116,False
2165,247901,50.811428,without_bias,1.932826041958267,1.880728666072203,0.25494244540607663,0.12976784187696186,False
2165,247901,50.811428,with_candidate_bias,2.0737900488032457,1.7704596696836485,0.09190056777341457,0.049337335110970694,False
2166,247902,50.839764,without_bias,1.9545781499350792,1.8416146966025553,0.21085157725979162,0.1396324435772521,False
2166,247902,50.839764,with_candidate_bias,2.0956747841757735,1.7300729834373352,0.05039351987862387,0.06362504493494665,False
2167,247903,50.862024,without_bias,1.9647654412267908,1.858376706674572,0.21794940742104962,0.12335016172277423,False
2167,247903,50.862024,with_candidate_bias,2.106344398402989,1.7460983872493343,0.06808917796624216,0.04989882548269074,False
2168,247904,50.88428,without_bias,1.9654934385088971,1.8635807325049998,0.221819226401613,0.13337411034473598,False
2168,247904,50.88428,with_candidate_bias,2.106650389652696,1.7522428116342907,0.07413676084382319,0.05386299454767107,False
2169,247905,50.906534,without_bias,1.960271194628907,1.8494255187987787,0.21338830652884005,0.12494408282564802,False
2169,247905,50.906534,with_candidate_bias,2.101879348943567,1.7369968731996952,0.058221666807685736,0.052763940460286714,False
2170,247906,50.928795,without_bias,1.9638573349598527,1.869258915813762,0.22744429902380814,0.11450694196545635,False
2170,247906,50.928795,with_candidate_bias,2.1056729462389825,1.7568613374957986,0.0784430140003118,0.038402264591882465,False
2171,247907,50.951053,without_bias,1.9543224138771336,1.8502732211242812,0.21771857341110376,0.13893949982949075,False
2171,247907,50.951053,with_candidate_bias,2.095384717470422,1.7390728875671921,0.05931779857481563,0.0591697518591021,False
2172,247908,50.973313,without_bias,1.9536995863473934,1.8802193287048092,0.24220978995258657,0.12468141125915158,False
2172,247908,50.973313,with_candidate_bias,2.0949383777709776,1.7691303878571436,0.0892670914423325,0.04604943835637278,False
2173,247909,50.995569,without_bias,1.9502129889324609,1.8656269658402327,0.23237422169906716,0.12635548604869795,False
2173,247909,50.995569,with_candidate_bias,2.0915507828596303,1.7541940066438892,0.07421021189399216,0.04835793645374007,False
2174,247910,51.017823,without_bias,1.936381618795618,1.870368817779107,0.24461989662836017,0.1378425413927762,False
2174,247910,51.017823,with_candidate_bias,2.077225091645978,1.7602070692061862,0.08121805362171403,0.05533150719591963,False
2175,247911,51.058845,without_bias,1.9722633523011537,1.861735164884561,0.216540038715663,0.1276202577448858,False
2175,247911,51.058845,with_candidate_bias,2.1136713187593648,1.749769826980867,0.07367604827043582,0.05064054446063082,False
2176,247912,51.081109,without_bias,1.969185644218832,1.8747433190313787,0.2291747561800295,0.10123126967455597,False
2176,247912,51.081109,with_candidate_bias,2.111637692775529,1.7615384528733502,0.08436058941014901,0.017936410703357105,False
2177,247913,51.107971,without_bias,1.943612339282254,1.8631429278887108,0.2344582676001498,0.13267400549495953,False
2177,247913,51.107971,with_candidate_bias,2.084677972556538,1.7521187224252874,0.07231482628316704,0.05700601403816087,False
2178,247914,51.130226,without_bias,1.9720779783679694,1.8765008242486694,0.22916844703447187,0.1109014460013668,False
2178,247914,51.130226,with_candidate_bias,2.11398600824915,1.763960240329826,0.0873192450034381,0.0339712323933749,False
2179,247915,51.152479,without_bias,1.9645689766617707,1.8869978819705946,0.24203525519227076,0.11251987203990321,False
2179,247915,51.152479,with_candidate_bias,2.106228111734832,1.7750482631134616,0.09642366893747632,0.039081893347296316,False
2180,247916,51.174734,without_bias,1.9545905284113054,1.8561280011180985,0.22216389844838963,0.1174210397729908,False
2180,247916,51.174734,with_candidate_bias,2.0964469223705233,1.7436808692815433,0.06400637406153055,0.03873819530934613,False
2181,247917,51.202753,without_bias,1.9444908587192455,1.8651698463681505,0.23550112993416192,0.1341364668024801,False
2181,247917,51.202753,with_candidate_bias,2.085524214068285,1.7543862582347713,0.07452078954142015,0.053936266373131966,False
2182,247918,51.225013,without_bias,1.9530985040762237,1.8791709083577557,0.2416838230461883,0.12164131652666112,False
2182,247918,51.225013,with_candidate_bias,2.094501609795311,1.7678804203881058,0.0879956406780441,0.0411827462218042,False
2183,247919,51.247266,without_bias,1.9629881126903312,1.855285515920664,0.2164648507484237,0.1278157361374935,False
2183,247919,51.247266,with_candidate_bias,2.1044213065753565,1.743253496556085,0.06487664379351864,0.053008072058000885,False
2184,247920,51.26952,without_bias,1.9461777500902122,1.849648475264833,0.22240828385830436,0.13020477929900887,False
2184,247920,51.26952,with_candidate_bias,2.0875589522066567,1.7380027409884364,0.058054084063922984,0.051280409046903515,False
2185,247921,51.29178,without_bias,1.961851483508372,1.8771049812113334,0.23510086324240737,0.1198923483766725,False
2185,247921,51.29178,with_candidate_bias,2.10338326903565,1.7654350131657741,0.08647689497615305,0.039679905812431124,False
2186,247922,51.314037,without_bias,1.97021576235146,1.8655856558491293,0.22088526262744046,0.11769873257767156,False
2186,247922,51.314037,with_candidate_bias,2.1119555805622032,1.753090820041996,0.07631720312114983,0.04397733632753953,False
2187,247923,51.336297,without_bias,1.9583193105672119,1.8474504804044811,0.21302456984391707,0.13010071482157476,False
2187,247923,51.336297,with_candidate_bias,2.099740147275256,1.7353873932891501,0.05623729904885799,0.0553203966391657,False
2188,247924,51.358555,without_bias,1.9594339391546476,1.8799336536240951,0.23879062397035591,0.12641663681911464,False
2188,247924,51.358555,with_candidate_bias,2.1007308462696277,1.768859581972297,0.08950517510152005,0.04351039746561092,False
2189,247925,51.38081,without_bias,1.9806474195638943,1.866994785330139,0.21662187467728117,0.13062219109645393,False
2189,247925,51.38081,with_candidate_bias,2.1219034971946473,1.7552473284618335,0.08173122765437914,0.05306458294122493,False
2190,247926,51.403064,without_bias,1.9592412439797675,1.8435803945358344,0.209419191461666,0.1379842391003165,False
2190,247926,51.403064,with_candidate_bias,2.1003994857972135,1.7319097674834907,0.052941224627283796,0.0617980828846046,False
2191,247927,51.425322,without_bias,1.9601761784109244,1.866267825766937,0.2270460912853029,0.1242953180077841,False
2191,247927,51.425322,with_candidate_bias,2.1016486503920775,1.754533189922305,0.07543797091618538,0.044821518956151454,False
2192,247928,51.447582,without_bias,1.9569842909579036,1.868357699927717,0.23059011681776714,0.12076818730956358,False
2192,247928,51.447582,with_candidate_bias,2.0985394999718143,1.756506545850861,0.07698165117609869,0.04316064915069353,False
2193,247929,51.46984,without_bias,1.9629785110996838,1.8755733887544892,0.2332025064860318,0.11165482988300726,False
2193,247929,51.46984,with_candidate_bias,2.1048125049977764,1.7631841369152639,0.08449266795791532,0.038831010630310546,False
2194,247930,51.492094,without_bias,1.9620519111652581,1.8830980455520316,0.24004068310084045,0.11158275256604526,False
2194,247930,51.492094,with_candidate_bias,2.1038501343222937,1.7710833283627234,0.09213033662359696,0.03137138557690662,False
2195,247931,51.514347,without_bias,1.9568136395952322,1.8987133670681662,0.2560744882493433,0.10417949401151741,False
2195,247931,51.514347,with_candidate_bias,2.0987358406528656,1.7868862575649982,0.10724265461169548,0.021780644308095343,False
2196,247932,51.57587,without_bias,1.955890731646123,1.8736868386222023,0.23558414062469324,0.11848335438704356,False
2196,247932,51.57587,with_candidate_bias,2.097524072430817,1.7619333591450008,0.08227810770021318,0.03725269865819318,False
2197,247933,51.598136,without_bias,1.9427602047187866,1.8637536702758593,0.23546755329408509,0.13173529918978544,False
2197,247933,51.598136,with_candidate_bias,2.0838963505260097,1.7527927889017825,0.07304823511215595,0.05192236885483755,False
2198,247934,51.620392,without_bias,1.9649677529208731,1.86897071680611,0.2265899261217737,0.12394230518832278,False
2198,247934,51.620392,with_candidate_bias,2.10646842905778,1.7572199202881646,0.0789564769030486,0.042974606823136606,False
2199,247935,51.642647,without_bias,1.9714748070195005,1.8819947984392091,0.2342010246936622,0.116882580347238,False
2199,247935,51.642647,with_candidate_bias,2.1130964124672764,1.7700899679520092,0.09300347624929205,0.03705014420465893,False
2200,247936,51.664903,without_bias,1.9589201799686908,1.8523722268183778,0.21655046478307696,0.13355566440509584,False
2200,247936,51.664903,with_candidate_bias,2.1001909248704638,1.7407911097903825,0.061639386590570416,0.05390917918404657,False
2201,247937,51.687166,without_bias,1.967312323598697,1.8597385125553105,0.21761938984462384,0.12796931079990775,False
2201,247937,51.687166,with_candidate_bias,2.108701383277295,1.7477941894342204,0.07032633829176141,0.05265968898755581,False
2202,247938,51.709423,without_bias,1.966183480818162,1.8683270940144838,0.2253832841233943,0.11274011499734016,False
2202,247938,51.709423,with_candidate_bias,2.108153583587831,1.7557684412633163,0.0779128313473012,0.03197901025850186,False
2203,247939,51.731678,without_bias,1.9447408985851142,1.86337748589558,0.23393911361130637,0.13427347506841011,False
2203,247939,51.731678,with_candidate_bias,2.085773267293247,1.7525157222258474,0.07263879982014157,0.05522255743790035,False
2204,247940,51.753933,without_bias,1.963263154102204,1.8560680757093189,0.21693822943894442,0.12233212769887561,False
2204,247940,51.753933,with_candidate_bias,2.104905263101043,1.7436444062457561,0.0653664846422551,0.050189679450226225,False
2205,247941,51.776189,without_bias,1.9651066274596922,1.8632427768231345,0.22175723158973912,0.11937561670053427,False
2205,247941,51.776189,with_candidate_bias,2.1067997188247376,1.750919606067522,0.07288224116588875,0.04352328637254579,False
2206,247942,51.798452,without_bias,1.9289336612259067,1.8845936003579586,0.26038607257978114,0.13327116248049684,False
2206,247942,51.798452,with_candidate_bias,2.0696659520786427,1.7747453989865258,0.0969028592662984,0.05418954854590464,False
2207,247943,51.820708,without_bias,1.9517817967115623,1.872481198781203,0.2369668407278386,0.12212818553315566,False
2207,247943,51.820708,with_candidate_bias,2.093244171245138,1.7610100443875265,0.08107497726633543,0.04186039981053591,False
2208,247944,51.842962,without_bias,1.9831115127390702,1.8862822949680915,0.23233065644945067,0.0999158280871979,False
2208,247944,51.842962,with_candidate_bias,2.1254128993297443,1.7731319255476876,0.09963748790068253,0.020973533472520824,False
2209,247945,51.865215,without_bias,1.9556677750401854,1.8524728362636278,0.2186138740141494,0.12504645400939193,False
2209,247945,51.865215,with_candidate_bias,2.0972408914557312,1.7403613859299756,0.06079413968846952,0.04780136801572765,False
2210,247946,51.892754,without_bias,1.9395860306020494,1.872531820511999,0.2443212313731907,0.12980457822098354,False
2210,247946,51.892754,with_candidate_bias,2.080696388916844,1.7618370704104294,0.08236421111470807,0.04883068794774212,False
2211,247947,51.915018,without_bias,1.9614428683047593,1.8821624489061406,0.23957585825252792,0.11914172197657973,False
2211,247947,51.915018,with_candidate_bias,2.1029311765732133,1.7706285995451692,0.09154648209017248,0.03932031469608854,False
2212,247948,51.937275,without_bias,1.9690238214298363,1.8532995851303886,0.21134801155394134,0.12176644034599636,False
2212,247948,51.937275,with_candidate_bias,2.1107699227608903,1.7407215816452795,0.06417554182862581,0.044526927324616175,False
2213,247949,51.959528,without_bias,1.9455862372581973,1.8564556767037,0.22801741317321866,0.13560753696432332,False
2213,247949,51.959528,with_candidate_bias,2.086699577159931,1.7454487864640105,0.06553194976906225,0.05453478151190102,False
2214,247950,51.981789,without_bias,1.9481126431676141,1.8722390634018315,0.23893070025949822,0.12189899443391525,False
2214,247950,51.981789,with_candidate_bias,2.089586099178592,1.7608274309445013,0.08082849068848251,0.04099466658672683,False
2215,247951,52.004045,without_bias,1.9619273041425838,1.879760379232701,0.2372905909120265,0.11708234740406048,False
2215,247951,52.004045,with_candidate_bias,2.1034906883190585,1.767936663628402,0.08896547353561779,0.04155566548812869,False
2216,247952,52.026308,without_bias,1.956029335706394,1.8536888132960794,0.21935346533727332,0.1295014188465005,False
2216,247952,52.026308,with_candidate_bias,2.0973936750802222,1.7418779797842157,0.06231814192807509,0.05361276520264048,False
2217,247953,52.048564,without_bias,1.9645798183168999,1.8733252480175424,0.23044494677572366,0.12844717192406216,False
2217,247953,52.048564,with_candidate_bias,2.105931185125988,1.7620306626467848,0.08356334288304364,0.04526444555115311,False
2218,247954,52.089843,without_bias,1.9751183428047536,1.863669922745118,0.2166389523634281,0.11565973413350764,False
2218,247954,52.089843,with_candidate_bias,2.1170233032981796,1.7509403294715176,0.07591303752764002,0.03699229101192498,False
2219,247955,52.112109,without_bias,1.9630300482169711,1.8585762374553487,0.21911376323611842,0.12923892068486809,False
2219,247955,52.112109,with_candidate_bias,2.1044054875595033,1.7468351725270956,0.06837001066661944,0.050023683120752574,False
2220,247956,52.134368,without_bias,1.9599687709201767,1.8556203147640535,0.2185191421679911,0.12856552196226947,False
2220,247956,52.134368,with_candidate_bias,2.1013758031305434,1.743768149733339,0.06477488569869067,0.051000468478542844,False
2221,247957,52.156621,without_bias,1.9784033055027044,1.8831831504929835,0.2318128876205486,0.10127618202232903,False
2221,247957,52.156621,with_candidate_bias,2.1206133003889964,1.770020818567363,0.09508376273709945,0.032247345125839454,False
2222,247958,52.178874,without_bias,1.970272856548079,1.8768464581390991,0.23039773644952544,0.10362711964255368,False
2222,247958,52.178874,with_candidate_bias,2.112487193717944,1.7638800632061136,0.08684203408931628,0.025552178010047354,False
2223,247959,52.201127,without_bias,1.9367382398962265,1.8577921572971523,0.23473222681703068,0.12709245922863716,False
2223,247959,52.201127,with_candidate_bias,2.078113103652318,1.7464337925445685,0.06748886646429404,0.04771778405790271,False
2224,247960,52.228756,without_bias,1.9649465766052172,1.863706014183328,0.22223019225541762,0.1333799414728191,False
2224,247960,52.228756,with_candidate_bias,2.1061398533607547,1.7524022071145462,0.07417933985662263,0.05217826225583036,False
2225,247961,52.251019,without_bias,1.9732187513662098,1.8607318930119388,0.2151787098765721,0.1174468002539792,False
2225,247961,52.251019,with_candidate_bias,2.1150426587680653,1.747995722673213,0.07246070010720479,0.04319815459012146,False
2226,247962,52.273274,without_bias,1.9721788777297624,1.8584965191429001,0.21387572138779562,0.1292675805761258,False
2226,247962,52.273274,with_candidate_bias,2.1135530149425397,1.7465096253577543,0.0705568903659476,0.05318082484971813,False
2227,247963,52.295529,without_bias,1.9506659413435403,1.8649436994466384,0.2315559367986281,0.12192676735270307,False
2227,247963,52.295529,with_candidate_bias,2.0922202073184315,1.753206957034386,0.0732406163188928,0.04228286388270264,False
2228,247964,52.317788,without_bias,1.9703486692109966,1.870879891927808,0.22528110018807873,0.11509048660426952,False
2228,247964,52.317788,with_candidate_bias,2.112127078896677,1.7583904590708221,0.08145349405540575,0.042013863684183916,False
2229,247965,52.340047,without_bias,1.9765408229317565,1.8564238957300812,0.2097578981721107,0.12176254443959475,False
2229,247965,52.340047,with_candidate_bias,2.1182627411458315,1.743779386078791,0.06976096778044122,0.04580305786020102,False
2230,247966,52.362307,without_bias,1.9687320140246172,1.8672484848326298,0.22308724637379262,0.12246492453787136,False
2230,247966,52.362307,with_candidate_bias,2.1102672339466473,1.7552100041740946,0.07789291045862562,0.04562403378783546,False
2231,247967,52.384564,without_bias,1.9779394707760505,1.8678746636965144,0.2187566032581189,0.10746334990507327,False
2231,247967,52.384564,with_candidate_bias,2.1201092464994424,1.7546541730383582,0.08049728117648036,0.032075946386981954,False
2232,247968,52.406818,without_bias,1.959168682075323,1.8411618441455648,0.20758124616233337,0.1395594926261612,False
2232,247968,52.406818,with_candidate_bias,2.1003016103153658,1.7295366575953586,0.05059647834394659,0.06234899967368648,False
2233,247969,52.429072,without_bias,1.962833366799827,1.8468651620145982,0.2097983195681639,0.12473607602453682,False
2233,247969,52.429072,with_candidate_bias,2.10451929392339,1.7343896460122707,0.05629425804976842,0.047236153715459625,False
2234,247970,52.45133,without_bias,1.9736046978422752,1.8663326470857093,0.21969916188815,0.11043772081885529,False
2234,247970,52.45133,with_candidate_bias,2.1156851988554597,1.7533768700108054,0.07774248833699089,0.03192265200848527,False
2235,247971,52.47359,without_bias,1.9565642572938629,1.8675009444613582,0.23013409483481526,0.11982968891527458,False
2235,247971,52.47359,with_candidate_bias,2.0981714281316837,1.7555711408507488,0.07601164099790901,0.041885559495365925,False
2236,247972,52.495847,without_bias,1.9517088877701791,1.886719814277214,0.24871170727685238,0.11584216019590629,False
2236,247972,52.495847,with_candidate_bias,2.093184249076942,1.7751999098091331,0.09525314834613656,0.04457021850370388,False
2237,247973,52.518101,without_bias,1.959835476358899,1.8871274655548327,0.24463153967116164,0.10565345778437177,False
2237,247973,52.518101,with_candidate_bias,2.1017867648397774,1.774891046331557,0.09562028288645633,0.0283610227337271,False
2238,247974,52.540353,without_bias,1.9345999596283523,1.8927273216737954,0.26344275646526355,0.13066184452439505,False
2238,247974,52.540353,with_candidate_bias,2.0753406337182363,1.7828414091192957,0.10388095325624072,0.05333876082472313,False
2239,247975,52.591851,without_bias,1.9605936927198373,1.8575638444660671,0.21971552340573836,0.12381829340224693,False
2239,247975,52.591851,with_candidate_bias,2.102155047667361,1.7454096871339864,0.06652948485267123,0.048702607181819,False
2240,247976,52.614117,without_bias,1.964755801949452,1.8440355547713358,0.2063825873819417,0.1237267835025806,False
2240,247976,52.614117,with_candidate_bias,2.1065023830172045,1.7312974579093106,0.05388652738119259,0.049330127143916075,False
2241,247977,52.636372,without_bias,1.9769139808751894,1.866644520644109,0.21823066880703593,0.10284454161860553,False
2241,247977,52.636372,with_candidate_bias,2.1192692685528085,1.7530461631379919,0.07869200741370477,0.0317535112015587,False
2242,247978,52.658626,without_bias,1.973732803004335,1.8701801314272106,0.2229047856976154,0.11496080488121767,False
2242,247978,52.658626,with_candidate_bias,2.115553992756388,1.7576392222117927,0.08173649962804666,0.038623177742015326,False
2243,247979,52.680882,without_bias,1.9713726194122203,1.8689441913903817,0.22309720501450284,0.12260774178914534,False
2243,247979,52.680882,with_candidate_bias,2.1128770348434864,1.7568812292120615,0.08021273046336001,0.047805431364897955,False
2244,247980,52.703147,without_bias,1.9647191360589524,1.8654234344585963,0.22377923254010101,0.10947758427126374,False
2244,247980,52.703147,with_candidate_bias,2.1067751566320023,1.7524688739131267,0.07438510312061734,0.038161308454644105,False
2245,247981,52.725402,without_bias,1.9501156064702214,1.877008063812286,0.241619164720557,0.1202451456846985,False
2245,247981,52.725402,with_candidate_bias,2.0915519080640967,1.765570772744163,0.0855848442580379,0.042995805114367715,False
2246,247982,52.747656,without_bias,1.95098763138366,1.8505758827083534,0.22004674592017737,0.12242411000222674,False
2246,247982,52.747656,with_candidate_bias,2.0926550646413897,1.7382568101330034,0.05831728127341646,0.04863312277080934,False
2247,247983,52.76991,without_bias,1.9836329732708486,1.8661195503798338,0.21436984724720845,0.11335462868344548,False
2247,247983,52.76991,with_candidate_bias,2.1255931940103463,1.7529028320018913,0.08112766712875555,0.04788485051500999,False
2248,247984,52.792165,without_bias,1.9680156149047288,1.8340947185777632,0.19653338775035517,0.12875999506538618,False
2248,247984,52.792165,with_candidate_bias,2.1096867993253814,1.7212424524431622,0.04570021828399011,0.05552905887491427,False
2249,247985,52.814427,without_bias,1.942347757899123,1.8748094079934612,0.24444199729215677,0.12051904983657309,False
2249,247985,52.814427,with_candidate_bias,2.083834156016983,1.7635253123868275,0.083752584684534,0.03904494512700105,False
2250,247986,52.836684,without_bias,1.956905845678513,1.8897199543139087,0.24838782810753784,0.10213361022869616,False
2250,247986,52.836684,with_candidate_bias,2.0989878769399515,1.7774211792054215,0.09783490220602555,0.022495112946171417,False
2251,247987,52.858938,without_bias,1.9468294787688352,1.8604388897664725,0.23033886144061888,0.11864851780880166,False
2251,247987,52.858938,with_candidate_bias,2.088570418482753,1.748405364881655,0.0684203014309849,0.03867183307621759,False
2252,247988,52.881193,without_bias,1.9532806561394658,1.8983312251580582,0.25760571201872384,0.09619935636118537,False
2252,247988,52.881193,with_candidate_bias,2.0954284763895674,1.7859763666335535,0.10611530823006388,0.025250700336821807,False
2253,247989,52.908758,without_bias,1.9436275052266199,1.8820398186514316,0.24948946981162656,0.11203847148728158,False
2253,247989,52.908758,with_candidate_bias,2.085353887859417,1.7704174713709424,0.09053676318014728,0.03172300849597004,False
2254,247990,52.931023,without_bias,1.9497357545608436,1.8564642116207302,0.22541889124814216,0.1267529539990289,False
2254,247990,52.931023,with_candidate_bias,2.0912046364113155,1.7447703249012378,0.06478152619918263,0.046710767707611935,False
2255,247991,52.953277,without_bias,1.9622577421246477,1.868951529579328,0.22808061070038518,0.12864460141879017,False
2255,247991,52.953277,with_candidate_bias,2.1035181093065236,1.7575503978256808,0.07871977821452808,0.04960488232247421,False
2256,247992,52.97553,without_bias,1.9492674545732638,1.8744999107405005,0.24007470633190622,0.11110633102606698,False
2256,247992,52.97553,with_candidate_bias,2.091137927641565,1.7624121603040952,0.08242001604771339,0.031850259081757704,False
2257,247993,52.997788,without_bias,1.951375099320234,1.8669029069145922,0.23270057950421977,0.11486846195766284,False
2257,247993,52.997788,with_candidate_bias,2.093179692594613,1.7547351082885878,0.07480271957558222,0.036790569179640346,False
2258,247994,53.020045,without_bias,1.9400651428623785,1.858366170983016,0.23301277290316388,0.1277214392577513,False
2258,247994,53.020045,with_candidate_bias,2.081412794945366,1.7469934512825824,0.06754156205923939,0.048788743777726046,False
2259,247995,53.04231,without_bias,1.9658969692019916,1.868221146252854,0.22545235006535114,0.11302749674845831,False
2259,247995,53.04231,with_candidate_bias,2.107782707666498,1.7556160976299382,0.07767894768038822,0.03894456575023837,False
2260,247996,53.064566,without_bias,1.9621200223808708,1.851260442543682,0.2137368191400976,0.12957273255306354,False
2260,247996,53.064566,with_candidate_bias,2.1035885437646322,1.7393110810984767,0.06084778436979781,0.04954816534967393,False
2261,247997,53.106112,without_bias,1.9713009103059576,1.8652577493846476,0.2200225161233714,0.1169509544988246,False
2261,247997,53.106112,with_candidate_bias,2.113079359182423,1.7526802385647973,0.07625663183033424,0.0432351596450799,False
2262,247998,53.128379,without_bias,1.9422792684322074,1.8578557071856883,0.23120135621022012,0.12494897887896207,False
2262,247998,53.128379,with_candidate_bias,2.083775808247889,1.7462483831505105,0.06654012949359121,0.04489558282164161,False
2263,247999,53.150637,without_bias,1.9589808487265914,1.860093815328652,0.22271012621799416,0.11996021962118127,False
2263,247999,53.150637,with_candidate_bias,2.1006589302166194,1.7477925361457032,0.06862536521162745,0.045881732617310725,False
2264,248000,53.172891,without_bias,1.9532340113468274,1.873426568024069,0.23689401189107648,0.10947447007861588,False
2264,248000,53.172891,with_candidate_bias,2.095175566546084,1.7610844532831522,0.08124946186468344,0.03260607823365096,False
2265,248001,53.195144,without_bias,1.9466938198329784,1.8511712541174683,0.2232403626367995,0.1202601724626641,False
2265,248001,53.195144,with_candidate_bias,2.0884759995350812,1.7389090867154082,0.05892879665376313,0.04098850722291727,False
2266,248002,53.217397,without_bias,1.94798352610483,1.869876395567595,0.237111206929068,0.1070500450165036,False
2266,248002,53.217397,with_candidate_bias,2.0900519243263664,1.7573538323703743,0.07735384979766458,0.030640981901334085,False
2267,248003,53.245744,without_bias,1.9599061299534928,1.8606381549514344,0.22260853094150707,0.11693086000199969,False
2267,248003,53.245744,with_candidate_bias,2.10170156369297,1.7481161895961341,0.06911397744275129,0.04417071167465394,False
2268,248004,53.268007,without_bias,1.9637449309072592,1.8806111693572256,0.23703414045762733,0.1064631840821016,False
2268,248004,53.268007,with_candidate_bias,2.105751584995073,1.7680975472283664,0.08949463814950746,0.030219717853751906,False
2269,248005,53.290261,without_bias,1.9538638387308034,1.8581068562254677,0.2241765077782061,0.11675757350803913,False
2269,248005,53.290261,with_candidate_bias,2.095804198081387,1.745710251508794,0.06596609635803051,0.03443310657270396,False
2270,248006,53.312514,without_bias,1.9499130447714061,1.845881293508935,0.217119687180632,0.1279286996056644,False
2270,248006,53.312514,with_candidate_bias,2.091414799468947,1.7338071667063564,0.053825763780024204,0.05263703425406879,False
2271,248007,53.334768,without_bias,1.9546151059183865,1.8665204962011452,0.23047551941282424,0.1100350306043295,False
2271,248007,53.334768,with_candidate_bias,2.0966227190086895,1.7539297222888663,0.07422576537009887,0.03372370055315738,False
2272,248008,53.357027,without_bias,1.9510425480467062,1.856359749093754,0.22452602199692537,0.11709541068774872,False
2272,248008,53.357027,with_candidate_bias,2.0929321356924984,1.7439876054701797,0.06405475059296231,0.03640076890708061,False
2273,248009,53.379289,without_bias,1.9370190559818212,1.8604823424714017,0.23659468543620638,0.12054644483610556,False
2273,248009,53.379289,with_candidate_bias,2.078673466080042,1.7487955295417998,0.06972169859933579,0.03913205698230335,False
2274,248010,53.401546,without_bias,1.9719258903048007,1.860316487450361,0.21553545190234982,0.12177719125744435,False
2274,248010,53.401546,with_candidate_bias,2.1135676046360703,1.7478212953712295,0.07179944355016757,0.04987403310459536,False
2275,248011,53.423805,without_bias,1.9669432033590526,1.8698521750360506,0.22624505202423914,0.12475903430537888,False
2275,248011,53.423805,with_candidate_bias,2.108330099572445,1.7580394099102388,0.08016322130175431,0.050509551058634916,False
2276,248012,53.446059,without_bias,1.9570877853996358,1.8522823434789195,0.21759334241782685,0.13178846760593288,False
2276,248012,53.446059,with_candidate_bias,2.098383817469502,1.74056134589412,0.06113889933478674,0.05534319498116559,False
2277,248013,53.468317,without_bias,1.9604074500551099,1.8496046131024972,0.21344777765736192,0.11197935517403589,False
2277,248013,53.468317,with_candidate_bias,2.1025473091075373,1.7363443895093507,0.057724563186060784,0.04005954501846777,False
2278,248014,53.490576,without_bias,1.9491088747059386,1.870584075019067,0.23700759236256597,0.11530966250161186,False
2278,248014,53.490576,with_candidate_bias,2.090837229935225,1.758624649233625,0.07862910670403818,0.03738832728335229,False
2280,248015,53.513067,without_bias,1.946403987071243,1.8766766427661865,0.24351902746769882,0.11947274656566315,False
2280,248015,53.513067,with_candidate_bias,2.0878915550997155,1.7652893479708769,0.08531540550917441,0.03974359155926619,False
2281,248016,53.535326,without_bias,1.9365967651120142,1.8688537321109628,0.2433069760741312,0.114893182234031,False
2281,248016,53.535326,with_candidate_bias,2.0783172330530975,1.7570697970943359,0.07795024482128164,0.0371863164169401,False
2282,248017,53.557581,without_bias,1.9698488019088467,1.8655420773507543,0.2210478972312852,0.09715956233132594,False
2282,248017,53.557581,with_candidate_bias,2.1124562527133373,1.7517173199233365,0.07515089662080869,0.022289537081500294,False
2283,248018,53.610125,without_bias,1.9495248736798385,1.8572809203254543,0.22618971202533814,0.12605044690347103,False
2283,248018,53.610125,with_candidate_bias,2.0909556896316146,1.7454824905500903,0.06548946412450364,0.05133413294361563,False
2284,248019,53.63239,without_bias,1.9591355446444103,1.860074056279597,0.22260317028403387,0.11754332826363473,False
2284,248019,53.63239,with_candidate_bias,2.100941015818265,1.7476707774675533,0.06854954376360688,0.03976127464639917,False
2285,248020,53.654646,without_bias,1.963113010906687,1.8740388286177532,0.23184342779668418,0.10622589093101444,False
2285,248020,53.654646,with_candidate_bias,2.1052087721503048,1.761280063457038,0.08269072176429487,0.030495519543000303,False
2286,248021,53.676901,without_bias,1.9432067083151159,1.8497632536630375,0.22442778967397123,0.12877025849113516,False
2286,248021,53.676901,with_candidate_bias,2.08465910456197,1.7381045637850476,0.05834951153806383,0.04849938317593013,False
2287,248022,53.699157,without_bias,1.9425574057099713,1.8702907659807864,0.24072784265333413,0.11569551854827297,False
2287,248022,53.699157,with_candidate_bias,2.084309267154827,1.7585148048440014,0.0787207661294449,0.03407608670704976,False
2288,248023,53.721421,without_bias,1.963579084335922,1.8619087511005792,0.2215243590314988,0.11243019057248237,False
2288,248023,53.721421,with_candidate_bias,2.1055702433305803,1.7491089351210054,0.07084121251738162,0.03692166860957691,False
2289,248024,53.743676,without_bias,1.9400579833183829,1.8572978894521932,0.23220066746405457,0.13371396601803825,False
2289,248024,53.743676,with_candidate_bias,2.0811939100431696,1.7463013776800786,0.06688362955614943,0.05349510131839057,False
2290,248025,53.765931,without_bias,1.9556065837728336,1.8630916612024677,0.22712143608010144,0.12692891007318113,False
2290,248025,53.765931,with_candidate_bias,2.096967225480527,1.7514824118388288,0.071821148926987,0.049569123600246776,False
2291,248026,53.788185,without_bias,1.960441301936688,1.8859850508088005,0.24334193514592706,0.11341233095825155,False
2291,248026,53.788185,with_candidate_bias,2.1021273358350725,1.774234523804,0.09501167165681962,0.03273903898116273,False
2292,248027,53.810441,without_bias,1.9550453771878238,1.862505632717554,0.22698250195116682,0.11158894555658722,False
2292,248027,53.810441,with_candidate_bias,2.097026076040357,1.749829945272942,0.07018252632491201,0.03768828679403966,False
2293,248028,53.832705,without_bias,1.95141324885815,1.8637232730884365,0.23013154643894718,0.1179362307331634,False
2293,248028,53.832705,with_candidate_bias,2.0931437046766685,1.7516551801558475,0.07172410837550429,0.038847533977257265,False
2294,248029,53.85496,without_bias,1.9476920921972696,1.87733489112213,0.2432952935783454,0.10447076334264649,False
2294,248029,53.85496,with_candidate_bias,2.0898030766482183,1.7649404907900075,0.08494071906014118,0.025054923270980713,False
2295,248030,53.877214,without_bias,1.949520804374995,1.8689544657153523,0.23545316841618985,0.11488524723044087,False
2295,248030,53.877214,with_candidate_bias,2.0913048887325636,1.7569121087654456,0.07692317732226166,0.035717655075818824,False
2296,248031,53.899467,without_bias,1.9396433023890327,1.8626770208376826,0.23659676764192483,0.10857089892129804,False
2296,248031,53.899467,with_candidate_bias,2.081693402321158,1.7501328222551178,0.07062302968909002,0.03525285066723894,False
2297,248032,53.927758,without_bias,1.9501820316550933,1.8489604524858172,0.21930959572328204,0.1261176864111485,False
2297,248032,53.927758,with_candidate_bias,2.0917353547644897,1.7369092215610844,0.05693567383325887,0.04888286155222473,False
2298,248033,53.950023,without_bias,1.9631570638746914,1.8596816839016976,0.21994235148019742,0.12281834701458486,False
2298,248033,53.950023,with_candidate_bias,2.1047393708924966,1.747472728392233,0.06906386993934419,0.04825742213818041,False
2299,248034,53.972278,without_bias,1.9736361384942158,1.858003971601024,0.2126639653779536,0.11411736815043237,False
2299,248034,53.972278,with_candidate_bias,2.115625266092832,1.7448313179110901,0.0697119361689036,0.045603787290077295,False
2300,248035,53.994531,without_bias,1.9420640854772868,1.868625734813795,0.23971796478302487,0.12129769740414659,False
2300,248035,53.994531,with_candidate_bias,2.083568701496816,1.757165496268071,0.07743303826361676,0.04132581800750627,False
2301,248036,54.01679,without_bias,1.9383308054100292,1.8586112990392258,0.2343193136129631,0.12164085405343567,False
2301,248036,54.01679,with_candidate_bias,2.0799414993105536,1.7468946214135732,0.06764660974642327,0.041502056660105445,False
2302,248037,54.039046,without_bias,1.952776841221226,1.8554194660524377,0.22271547852663254,0.10871238194186478,False
2302,248037,54.039046,with_candidate_bias,2.094966422693115,1.742360532146084,0.06255798369440525,0.033924916010732956,False
2303,248038,54.06131,without_bias,1.9642582368385388,1.8508475796754613,0.2121317667958198,0.12027239698058607,False
2303,248038,54.06131,with_candidate_bias,2.106055734851489,1.738111092565029,0.06028835460288074,0.047064930196751335,False
2304,248039,54.083567,without_bias,1.9451091066582353,1.8515279961992985,0.22453334819915097,0.12437187205814919,False
2304,248039,54.083567,with_candidate_bias,2.0867269911297646,1.7395968191337012,0.05968662696048206,0.044148136030579425,False
2305,248040,54.125113,without_bias,1.9628133414253512,1.8420357301866146,0.2059903492314473,0.12534904086665985,False
2305,248040,54.125113,with_candidate_bias,2.104519042726081,1.7294006759454705,0.05149009016841174,0.04959606081499033,False
2306,248041,54.147379,without_bias,1.9519254508714665,1.8644809887852292,0.2304296342492077,0.12010083061350758,False
2306,248041,54.147379,with_candidate_bias,2.0935465840901037,1.752563299594631,0.07264991883524963,0.041866791873628774,False
2307,248042,54.169638,without_bias,1.947398451163297,1.8623330307624453,0.2314746980506626,0.1092468166050294,False
2307,248042,54.169638,with_candidate_bias,2.0895253980764545,1.7497225593472534,0.06972417463776186,0.02850860923083617,False
2308,248043,54.191891,without_bias,1.9425079869956892,1.8542993095269023,0.22832902400180896,0.11368509854982756,False
2308,248043,54.191891,with_candidate_bias,2.084461820587448,1.7417257309103054,0.06197368221767244,0.04002602922564778,False
2309,248044,54.214144,without_bias,1.9480167860209416,1.8592539832131316,0.22867274334646168,0.10583490857502532,False
2309,248044,54.214144,with_candidate_bias,2.090278127282218,1.746265428691597,0.0662660123627962,0.02909127632033512,False
2310,248045,54.236396,without_bias,1.9413683437683924,1.9035845670650946,0.26847984628987803,0.10699375041570164,False
2310,248045,54.236396,with_candidate_bias,2.082954050547137,1.792376835763149,0.11259750716525697,0.03431839747086738,False
2311,248046,54.264739,without_bias,1.9442509157358947,1.8501182331250146,0.2240156441086248,0.1142695960716654,False
2311,248046,54.264739,with_candidate_bias,2.086246912888282,1.7374179172711655,0.05754044565891501,0.039189461309437595,False
2312,248047,54.287001,without_bias,1.950588109415265,1.8529711090647867,0.22215913172208884,0.12333860360208825,False
2312,248047,54.287001,with_candidate_bias,2.09218978571113,1.7408250059964028,0.06086441091412213,0.048561446699012425,False
2313,248048,54.309255,without_bias,1.9396777830090186,1.8525594834792982,0.22885266933056705,0.13005476975741018,False
2313,248048,54.309255,with_candidate_bias,2.0809909866784144,1.7411278814215732,0.06178818825729089,0.05199094652011474,False
2314,248049,54.331508,without_bias,1.9558546042823157,1.8491181180717855,0.2158608928277572,0.12557859897548088,False
2314,248049,54.331508,with_candidate_bias,2.0974284788830593,1.7368550369644522,0.05733827279178623,0.051543811552062134,False
2315,248050,54.353761,without_bias,1.97032281144616,1.8499501786116543,0.20785979089348805,0.11212854628418217,False
2315,248050,54.353761,with_candidate_bias,2.1124908032093686,1.7365341235010774,0.06084359743668701,0.03839023326679466,False
2316,248051,54.376019,without_bias,1.9660357430559476,1.8525421017655446,0.2124568518108149,0.12358780237932679,False
2316,248051,54.376019,with_candidate_bias,2.1076916801996366,1.74009077556,0.06264101576194714,0.04806669717939081,False
2317,248052,54.398279,without_bias,1.9587568027982138,1.8680101112771257,0.2292871098735908,0.10723695952439825,False
2317,248052,54.398279,with_candidate_bias,2.1008542973668174,1.7551423789112979,0.07592228183989451,0.03535626008982461,False
2318,248053,54.420535,without_bias,1.9754532721803653,1.85394934392346,0.20827704411573458,0.10915396199537983,False
2318,248053,54.420535,with_candidate_bias,2.117713980727467,1.740379568786818,0.06643611257926303,0.03490358876614413,False
2319,248054,54.442795,without_bias,1.9556493441097318,1.8476102552050717,0.21480990756493173,0.13200499597569723,False
2319,248054,54.442795,with_candidate_bias,2.096976672093649,1.7356942782000364,0.05612955173280257,0.058594370959608455,False
2320,248055,54.465048,without_bias,1.9624151717537643,1.855879524289565,0.21728206429189018,0.11917354571039696,False
2320,248055,54.465048,with_candidate_bias,2.1041857472551397,1.7432175862226074,0.06478964911928072,0.049112846262691086,False
2321,248056,54.487307,without_bias,1.9544866148760809,1.8636798418627099,0.2282589797893036,0.11761211448711884,False
2321,248056,54.487307,with_candidate_bias,2.096210872468529,1.7514836295506595,0.07175293882870766,0.04157318572313603,False
2322,248057,54.509568,without_bias,1.9494470991650925,1.8682670404603223,0.23494594369087535,0.12302533219786581,False
2322,248057,54.509568,with_candidate_bias,2.090980356375443,1.7567615843220543,0.07676784435070934,0.04052313279982351,False
2323,248058,54.531823,without_bias,1.941263920684984,1.8556513820785994,0.23016478730710485,0.13257774703952313,False
2323,248058,54.531823,with_candidate_bias,2.0824296833980065,1.7444414537500919,0.06488459489647486,0.055455026680496136,False
2324,248059,54.554076,without_bias,1.9632037767466268,1.8792937759793655,0.23621026941145631,0.10541112658354317,False
2324,248059,54.554076,with_candidate_bias,2.1052906022909745,1.7666916208523047,0.08802976567287067,0.026995665733574887,False
2325,248060,54.57633,without_bias,1.9447976496988473,1.8629315439539937,0.23355443114265803,0.11365402319751364,False
2325,248060,54.57633,with_candidate_bias,2.086705010089275,1.7506945432163905,0.0707712893699549,0.03383553742062371,False
2326,248061,54.628141,without_bias,1.9558066101821936,1.8739467297669776,0.23584571197734078,0.11507345867815984,False
2326,248061,54.628141,with_candidate_bias,2.0975494227644407,1.76196721991697,0.08231414778149133,0.03530597525034928,False
2327,248062,54.650407,without_bias,1.9556389523721616,1.8603025407552334,0.22485972810275043,0.12310486731219732,False
2327,248062,54.650407,with_candidate_bias,2.097196354067886,1.7483478125346215,0.0687256210604033,0.045454476416195856,False
2328,248063,54.672662,without_bias,1.9455268765769622,1.878904652340016,0.24583641738788597,0.11453624054238173,False
2328,248063,54.672662,with_candidate_bias,2.087227694406719,1.7673002517900571,0.08734425934719418,0.0327180340198715,False
2329,248064,54.694916,without_bias,1.9538133149451926,1.8898840300139905,0.25019616152357527,0.11470190281012284,False
2329,248064,54.694916,with_candidate_bias,2.0954310222327064,1.7785064914207536,0.09865609385394883,0.03158838076178967,False
2330,248065,54.717172,without_bias,1.946621708894671,1.8567263492440695,0.22757314621330285,0.13266560784307274,False
2330,248065,54.717172,with_candidate_bias,2.087843348889037,1.745507022748053,0.06554251424326311,0.052081006222080936,False
2331,248066,54.739435,without_bias,1.962286197661542,1.8615548440417362,0.2219751713655513,0.1268291204057025,False
2331,248066,54.739435,with_candidate_bias,2.1037547367983174,1.7497898346475773,0.07113236819147231,0.045918444889900274,False
2332,248067,54.761692,without_bias,1.9679541877106885,1.8646702879175143,0.22135558618859266,0.1114231013741968,False
2332,248067,54.761692,with_candidate_bias,2.110017795376711,1.751849482032695,0.07458592494640305,0.03145114885518944,False
2333,248068,54.788865,without_bias,1.9624104185364528,1.8653946944326962,0.22505620191817852,0.13076857118858518,False
2333,248068,54.788865,with_candidate_bias,2.1036593770173613,1.7540246673113233,0.07527436450116688,0.050212189825975855,False
2334,248069,54.811117,without_bias,1.9703515870840254,1.856369407258022,0.21312416693058897,0.12826573087054913,False
2334,248069,54.811117,with_candidate_bias,2.1117798494458144,1.7442544032562997,0.06784534014731984,0.05337508955303191,False
2335,248070,54.838203,without_bias,1.9652969604730701,1.8743252580710448,0.2308964139860842,0.11508916028807419,False
2335,248070,54.838203,with_candidate_bias,2.1070770690863667,1.7621598105027814,0.08391579559554625,0.03485678830365944,False
2336,248071,54.860466,without_bias,1.9493067177512773,1.8671523181601763,0.2341379718513138,0.1173830105612979,False
2336,248071,54.860466,with_candidate_bias,2.091085204960717,1.755227489665691,0.07523531664855553,0.03489100228923408,False
2337,248072,54.88272,without_bias,1.94843260944653,1.8740080785994389,0.24016756781456716,0.1151646934780964,False
2337,248072,54.88272,with_candidate_bias,2.090165829724246,1.7622029409165205,0.0822031081822483,0.03414654193358607,False
2338,248073,54.904974,without_bias,1.959752634394791,1.8853227121297669,0.24314973239430074,0.10645759472406845,False
2338,248073,54.904974,with_candidate_bias,2.1017792620235087,1.773091607832027,0.09383388760234963,0.023826577263150208,False
2339,248074,54.927227,without_bias,1.9515688129418027,1.8769920157576125,0.24076762203956964,0.11561970899654817,False
2339,248074,54.927227,with_candidate_bias,2.093371811196242,1.7652323323793038,0.08529900112873086,0.03171249031424544,False
2340,248075,54.954759,without_bias,1.9737018516331652,1.8677256337225103,0.2208306429598764,0.1370172380024306,False
2340,248075,54.954759,with_candidate_bias,2.114671246216375,1.7565791057004831,0.08045514166139275,0.05876729928246821,False
2341,248076,54.977025,without_bias,1.9683099321997384,1.8648824645236992,0.22133684349784416,0.13060728517707193,False
2341,248076,54.977025,with_candidate_bias,2.1096259085201896,1.7533647952927327,0.07594451575714628,0.049040462863755664,False
2342,248077,54.999279,without_bias,1.9655343646194312,1.8970999898171015,0.25024807685429723,0.12638229190547628,False
2342,248077,54.999279,with_candidate_bias,2.1066031267350227,1.7865083338938976,0.10779466130673274,0.044008844837006296,False
2343,248078,55.021533,without_bias,1.9603000305125036,1.859849668399423,0.22173855169645154,0.1268405409653212,False
2343,248078,55.021533,with_candidate_bias,2.101731567806921,1.7480352405040709,0.06903929050660332,0.04872331593550378,False
2344,248079,55.04379,without_bias,1.9587138324682851,1.8509019426495699,0.21550761421945713,0.13229540523277003,False
2344,248079,55.04379,with_candidate_bias,2.1000352763823154,1.73917312122578,0.060018039352100754,0.053757184796296174,False
2345,248080,55.066046,without_bias,1.9559058548709463,1.8665870778006095,0.2297737525481586,0.127406099347155,False
2345,248080,55.066046,with_candidate_bias,2.097304524746935,1.7551778093493215,0.07553184163213245,0.04508458794197231,False
2346,248081,55.088309,without_bias,1.9577350949719587,1.8766227411781071,0.23696942302852,0.11730093307579281,False
2346,248081,55.088309,with_candidate_bias,2.0993709686064057,1.7648528145464304,0.0853687014606241,0.03675024051858194,False
2347,248082,55.12724,without_bias,1.966293849896997,1.8718639694082475,0.2282870875244494,0.11546587689581518,False
2347,248082,55.12724,with_candidate_bias,2.108094791187273,1.7596140425501767,0.08164445626796946,0.03520657813598962,False
2348,248083,55.149501,without_bias,1.9840389789543713,1.8711057608545782,0.2185157884749736,0.12347084091284512,False
2348,248083,55.149501,with_candidate_bias,2.125540606180105,1.7589511390179744,0.08658185167738601,0.04649434285721438,False
2349,248084,55.171756,without_bias,1.9683356997739883,1.863464047967747,0.2201391806248875,0.13744028388519325,False
2349,248084,55.171756,with_candidate_bias,2.1093252556036677,1.7523146776283491,0.07485237541079884,0.05886737595993832,False
2350,248085,55.194017,without_bias,1.9646832901011173,1.8700230277048802,0.22762475444909405,0.12271265354100981,False
2350,248085,55.194017,with_candidate_bias,2.1061753901426976,1.7582095712660273,0.07986476246683699,0.044203672868116994,False
2351,248086,55.216274,without_bias,1.9673750051119707,1.903848755238885,0.2552354885067659,0.10449224220703467,False
2351,248086,55.216274,with_candidate_bias,2.109278781831339,1.7919914287253167,0.11363868855648623,0.021220133215635945,False
2352,248087,55.238528,without_bias,1.9623896748905645,1.862940125474205,0.22305040816607735,0.1239051176869132,False
2352,248087,55.238528,with_candidate_bias,2.103914562150909,1.7510020591418842,0.07235266022917988,0.04544811629724209,False
2353,248088,55.260788,without_bias,1.9447005324893012,1.8646658615239853,0.23497535119941476,0.12946134864106668,False
2353,248088,55.260788,with_candidate_bias,2.0859602623756315,1.7535627000019791,0.07367353874801266,0.048115357540017924,False
2354,248089,55.288763,without_bias,1.965012827455582,1.859599123416979,0.21880959401451155,0.14029751272278004,False
2354,248089,55.288763,with_candidate_bias,2.105922086251438,1.7485703948370896,0.07039468643805878,0.061761064606282216,False
2355,248090,55.311028,without_bias,1.9701189784414084,1.8691284309442706,0.22392191210637077,0.12491125944927983,False
2355,248090,55.311028,with_candidate_bias,2.1115608701900044,1.757322368203369,0.08027216047875875,0.04581292217017782,False
2356,248091,55.333286,without_bias,1.9857239600408758,1.8631319440613108,0.21073870419368132,0.12005843223113548,False
2356,248091,55.333286,with_candidate_bias,2.127489827275731,1.7504550132635948,0.07980849605861204,0.04154365442502996,False
2357,248092,55.35554,without_bias,1.9530905931727265,1.8552991992303394,0.2224275048832632,0.13059291811013096,False
2357,248092,55.35554,with_candidate_bias,2.0944227434886344,1.7437457975120978,0.06389904037166474,0.05090208042980124,False
2358,248093,55.377797,without_bias,1.9688333367861595,1.8500505754382186,0.20880267833829508,0.1227238650717592,False
2358,248093,55.377797,with_candidate_bias,2.1105544187833716,1.7373309324802975,0.06090418664248508,0.05032693494718395,False
2359,248094,55.400055,without_bias,1.9687705400034097,1.865301922775022,0.22143483139557138,0.12049929345122974,False
2359,248094,55.400055,with_candidate_bias,2.1104034240228677,1.753046423776033,0.0758424665891396,0.04475183244404826,False
2360,248095,55.422317,without_bias,1.9612717545526648,1.8649157413132356,0.22531043597972292,0.12403770528020273,False
2360,248095,55.422317,with_candidate_bias,2.1027666694622362,1.753085060651712,0.07419173767760427,0.04520494828632664,False
2361,248096,55.444574,without_bias,1.9627723557639711,1.8531129491650666,0.21483706995413165,0.13599825856154965,False
2361,248096,55.444574,with_candidate_bias,2.1039231985571214,1.7416133015727062,0.06316687730725876,0.05795301151072075,False
2362,248097,55.466829,without_bias,1.9820026327176123,1.8507881601418918,0.20206936181563848,0.12701501777706387,False
2362,248097,55.466829,with_candidate_bias,2.123641620562035,1.738229735008507,0.06724924291916533,0.047714212954760776,False
2363,248098,55.489082,without_bias,1.9695340959976166,1.8809350017767057,0.23427955302611483,0.12572922841409945,False
2363,248098,55.489082,with_candidate_bias,2.110780318730301,1.7696030329026338,0.0919811130172025,0.04721731936932404,False
2364,248099,55.51134,without_bias,1.9692036944180815,1.878160852304104,0.23207643315970097,0.11611747834435449,False
2364,248099,55.51134,with_candidate_bias,2.1108485523301397,1.766046793449772,0.08853650544973128,0.04156571816464327,False
2365,248100,55.533604,without_bias,1.9526272394735127,1.866963685812684,0.23200580843446916,0.12836105607538398,False
2365,248100,55.533604,with_candidate_bias,2.093876174764525,1.7556612148090598,0.07576043926210987,0.050200777083842685,False
2366,248101,55.55586,without_bias,1.958659129577013,1.8894230042460503,0.2472011710144372,0.11931448586582365,False
2366,248101,55.55586,with_candidate_bias,2.1000322038989268,1.7782179100925917,0.09872893688289203,0.039644891528242174,False
2367,248102,55.578115,without_bias,1.9537292943068771,1.8928156502895976,0.2527057700929799,0.11749355968509594,False
2367,248102,55.578115,with_candidate_bias,2.0951401369228324,1.7817319028826346,0.10186167616776821,0.03626960126503608,False
2368,248103,55.600368,without_bias,1.9375720733547694,1.8816979416237531,0.25281679627078324,0.11942738046457144,False
2368,248103,55.600368,with_candidate_bias,2.0790310048116427,1.7706961213863068,0.09135702102171413,0.036555947188039936,False
2369,248104,55.650258,without_bias,1.9453185756031242,1.8898703442842568,0.2549083678020425,0.12312659337078091,False
2369,248104,55.650258,with_candidate_bias,2.086600010232166,1.7792334929535745,0.09929172198218994,0.039152813238937156,False
2370,248105,55.672524,without_bias,1.9722308945974307,1.8731696736133292,0.22623899971313874,0.11539645066427025,False
2370,248105,55.672524,with_candidate_bias,2.11397104602529,1.760677794542653,0.08416363573309514,0.04536056485315807,False
2371,248106,55.694786,without_bias,1.953419712183498,1.8513657432535884,0.21913555845844207,0.1274845385788509,False
2371,248106,55.694786,with_candidate_bias,2.0948882627617325,1.739400556538058,0.059601352584138255,0.051384464099699816,False
2372,248107,55.71704,without_bias,1.9586093722074862,1.8680607605692638,0.2294130483159161,0.12633783442381932,False
2372,248107,55.71704,with_candidate_bias,2.0999496221768488,1.7565380433525628,0.07718203846557072,0.04824510086774691,False
2373,248108,55.739296,without_bias,1.97438123783992,1.8636635710833516,0.2170253568284556,0.12407141587135606,False
2373,248108,55.739296,with_candidate_bias,2.1159477003450253,1.7515213544345531,0.07608276607319307,0.04473490076652703,False
2374,248109,55.761559,without_bias,1.9744862768851026,1.8576144416930085,0.21187333509855433,0.1283959304313468,False
2374,248109,55.761559,with_candidate_bias,2.1159168981809935,1.7454964271654072,0.07043768581347268,0.052107651120651736,False
2375,248110,55.783816,without_bias,1.9630920968055796,1.86815883993792,0.22695674684835476,0.1370781813619392,False
2375,248110,55.783816,with_candidate_bias,2.1040193737037236,1.7572622405887295,0.07852386044913602,0.05823266579462595,False
2376,248111,55.806071,without_bias,1.95639404244045,1.8706210812500725,0.23278090237893445,0.13208322189118202,False
2376,248111,55.806071,with_candidate_bias,2.0974932159865274,1.7596474826122128,0.07999918607263143,0.051676143047504314,False
2377,248112,55.828323,without_bias,1.9590871007565716,1.8752385664733389,0.23506655446252747,0.12338530184950816,False
2377,248112,55.828323,with_candidate_bias,2.100657228625142,1.7637621792220193,0.08443742766090305,0.03951164966444641,False
2378,248113,55.850579,without_bias,1.9706558849248041,1.8719133156009347,0.22599499664378753,0.1187170256622029,False
2378,248113,55.850579,with_candidate_bias,2.1122858352514804,1.7597383495211265,0.0827940990482382,0.04282410303505826,False
2379,248114,55.872844,without_bias,1.9412985900889925,1.8453753496315948,0.22239855119872895,0.12908968473335025,False
2379,248114,55.872844,with_candidate_bias,2.0827891730519137,1.7336217973849317,0.05410446543554351,0.04875732461876223,False
2380,248115,55.895101,without_bias,1.9538005639064127,1.8763814686067106,0.23898947174371435,0.11802113332341821,False
2380,248115,55.895101,with_candidate_bias,2.0954029919882116,1.7647379523283333,0.08491002818998224,0.03706162854205276,False
2381,248116,55.917356,without_bias,1.9630418502065792,1.8927067478574038,0.24771461883191678,0.10392098481326435,False
2381,248116,55.917356,with_candidate_bias,2.1050493887695607,1.780505732114822,0.10162620867804614,0.022990351240031667,False
2382,248117,55.939609,without_bias,1.96208956422647,1.8965127157889075,0.2514733299538195,0.11136778549687718,False
2382,248117,55.939609,with_candidate_bias,2.103766397014423,1.7849734162262791,0.10587224282584351,0.02888202787629111,False
2383,248118,55.967758,without_bias,1.953317918071076,1.8896024388840793,0.2502302417905943,0.11119440278067322,False
2383,248118,55.967758,with_candidate_bias,2.0950827742866553,1.7779884669269168,0.09812020304267909,0.028035075463428597,False
2384,248119,55.990024,without_bias,1.951680778048898,1.8636830133937896,0.22993837559350827,0.1309691291203797,False
2384,248119,55.990024,with_candidate_bias,2.0928655194312693,1.752461999767051,0.0725186363071665,0.052433237585554945,False
2385,248120,56.012279,without_bias,1.962187611933902,1.8533010885892365,0.21533525918755905,0.12409254073377601,False
2385,248120,56.012279,with_candidate_bias,2.1038035989318287,1.7410008815656135,0.06254316025955833,0.04796500592263631,False
2386,248121,56.034534,without_bias,1.9601944088670014,1.8790221671325487,0.23761168847412228,0.11890553275878943,False
2386,248121,56.034534,with_candidate_bias,2.101788455997278,1.7673971728164597,0.08818862461287112,0.03654961555564227,False
2387,248122,56.056795,without_bias,1.981009153847837,1.8660190391624714,0.2155970488571064,0.12007334709723612,False
2387,248122,56.056795,with_candidate_bias,2.12268099107347,1.7534414122650068,0.08038462672067918,0.047537251597734025,False
2388,248123,56.079051,without_bias,1.9711325033445217,1.8559772059699438,0.21236162266786374,0.1339197625336779,False
2388,248123,56.079051,with_candidate_bias,2.1123749599686774,1.7442822954883859,0.06806505966247356,0.05509474427072771,False
2389,248124,56.101314,without_bias,1.938591393988155,1.863888841684592,0.238200906947373,0.13450325413494688,False
2389,248124,56.101314,with_candidate_bias,2.0797781062819474,1.753196877859904,0.07390717177392792,0.050574388772385424,False
2390,248125,56.152118,without_bias,1.964361083560225,1.8626667660206786,0.2217031455180871,0.1308293736015524,False
2390,248125,56.152118,with_candidate_bias,2.105622466012847,1.7511462111498612,0.07284123011937133,0.0517060025073593,False
2391,248126,56.174381,without_bias,1.960229552304404,1.8572335876222956,0.2196636375838872,0.12462781257344632,False
2391,248126,56.174381,with_candidate_bias,2.10177435275495,1.7451651235942842,0.06622030440775961,0.04755039887136303,False
2392,248127,56.196637,without_bias,1.968827336111792,1.869827822381914,0.2252052766345054,0.11919540433398712,False
2392,248127,56.196637,with_candidate_bias,2.1104436946320555,1.757570992879906,0.0802197206837768,0.04720631945180407,False
2393,248128,56.2189,without_bias,1.967331025804919,1.8667473443754283,0.22343287104038262,0.1206625935004064,False
2393,248128,56.2189,with_candidate_bias,2.10897231908776,1.7546352371956624,0.07700887950633081,0.041279184051771944,False
2394,248129,56.241157,without_bias,1.9379296279626397,1.8496016177938848,0.2277940008206628,0.12770597491363983,False
2394,248129,56.241157,with_candidate_bias,2.0794210834659546,1.737981330241657,0.058938511447324336,0.04685265241474055,False
2395,248130,56.263411,without_bias,1.9729468414070084,1.8736604260803462,0.22628699159743426,0.11447017553238988,False
2395,248130,56.263411,with_candidate_bias,2.1147442290260248,1.7612330221165589,0.08491808259894781,0.037749943093955754,False
2396,248131,56.285664,without_bias,1.9598154887189452,1.8876133136416215,0.2450536573461849,0.11616879414734037,False
2396,248131,56.285664,with_candidate_bias,2.101327684448049,1.7760937593481696,0.09675911853990049,0.03806914516811884,False
2397,248132,56.31376,without_bias,1.9495275195141166,1.8679381192855702,0.23463429939898828,0.1204999197969905,False
2397,248132,56.31376,with_candidate_bias,2.091159259734241,1.7562496824826193,0.07625849435854144,0.03825145419515495,False
2398,248133,56.336025,without_bias,1.9560544506061017,1.8719151139380403,0.23403593989018914,0.11549956444367941,False
2398,248133,56.336025,with_candidate_bias,2.0978838198086196,1.7598871006810684,0.08027517343489173,0.03273058661124016,False
2399,248134,56.358279,without_bias,1.9535568498828184,1.857762620143341,0.22408989788503517,0.12373407947120747,False
2399,248134,56.358279,with_candidate_bias,2.095128115239234,1.7458198821878192,0.06601934911164514,0.044877701240563915,False
2400,248135,56.380533,without_bias,1.9486415644789274,1.8696367695092642,0.2365254989274412,0.13265055249596786,False
2400,248135,56.380533,with_candidate_bias,2.089806391345693,1.7588354360408207,0.07883567377816572,0.049346701382417285,False
2401,248136,56.402792,without_bias,1.9531263462303017,1.8707273395786048,0.23475799274785017,0.12441848066002334,False
2401,248136,56.402792,with_candidate_bias,2.094549708868094,1.7593256644988635,0.07945603123093099,0.0429653598529336,False
2402,248137,56.42505,without_bias,1.9657319168259204,1.862169390516215,0.2205181247353814,0.12131469443095473,False
2402,248137,56.42505,with_candidate_bias,2.1074019164819506,1.7499727154421938,0.07210414414996565,0.04179901178913228,False
2403,248138,56.447312,without_bias,1.970951506546337,1.864873180860982,0.21988778227824343,0.12165927756230496,False
2403,248138,56.447312,with_candidate_bias,2.1125464988565588,1.7526217274251754,0.07604117243247434,0.0464904706766567,False
2404,248139,56.469569,without_bias,1.946964804059782,1.8654667228260764,0.23421565394631758,0.13107043760580522,False
2404,248139,56.469569,with_candidate_bias,2.0881882588018112,1.7544544030399378,0.07447644284069108,0.04880904513192063,False
2405,248140,56.491823,without_bias,1.9486023490958881,1.8514047849236102,0.22220012595835792,0.13186970256059513,False
2405,248140,56.491823,with_candidate_bias,2.0898870066562787,1.7398619231462222,0.059862029787336395,0.054040221937954984,False
2406,248141,56.514075,without_bias,1.9651790954360884,1.8508253586159888,0.2115692826533056,0.12724729479239236,False
2406,248141,56.514075,with_candidate_bias,2.1067066884424084,1.738581580842223,0.060917280411108415,0.051195093907562626,False
2407,248142,56.541204,without_bias,1.9411780296221066,1.880679598039287,0.24984050899797725,0.11759178749219351,False
2407,248142,56.541204,with_candidate_bias,2.0827277942690747,1.7694397972089235,0.08973495584757524,0.035149150334949496,False
2408,248143,56.563467,without_bias,1.9540374655337325,1.8858821800470713,0.24672511594773983,0.11586324805465133,False
2408,248143,56.563467,with_candidate_bias,2.0956275461540335,1.7744354833885296,0.0946030115722594,0.0338672524749064,False
2409,248144,56.585723,without_bias,1.9479155966483634,1.8649882671933178,0.23325658977824584,0.12707168690943876,False
2409,248144,56.585723,with_candidate_bias,2.0892668779053003,1.753664715858872,0.0736683638380418,0.04634029182671789,False
2410,248145,56.607978,without_bias,1.962833914735606,1.854203063016811,0.21568013447211618,0.11662207532881443,False
2410,248145,56.607978,with_candidate_bias,2.1047871492092867,1.7414634233199815,0.06321718269544258,0.03733026889519027,False
2411,248146,56.630231,without_bias,1.9716346460436858,1.8886908739561417,0.23992131603878333,0.10238553747233778,False
2411,248146,56.630231,with_candidate_bias,2.113736450538269,1.7760309029365027,0.09892094521867306,0.02602674153932637,False
2412,248147,56.682121,without_bias,1.9578474000561885,1.8597712520913607,0.22311883100806315,0.12787649920835534,False
2412,248147,56.682121,with_candidate_bias,2.099225967878712,1.748070529737844,0.06869290721821102,0.049938888130510006,False
2413,248148,56.704387,without_bias,1.9484474486280214,1.8663353234309519,0.23400422551320318,0.1266736369744471,False
2413,248148,56.704387,with_candidate_bias,2.0898010779478957,1.755022680304286,0.07502294402395804,0.04587178215271448,False
2414,248149,56.726641,without_bias,1.9609388172737423,1.866367954910225,0.22669319245208958,0.11248400578951309,False
2414,248149,56.726641,with_candidate_bias,2.1029864279649773,1.7538230637278367,0.07495660110659898,0.029765385558190412,False
2415,248150,56.748895,without_bias,1.9489906601083156,1.8668392461128365,0.23407805925524428,0.12174562860510843,False
2415,248150,56.748895,with_candidate_bias,2.0905393928930174,1.7552026163551184,0.07520455073563151,0.041120741230985185,False
2416,248151,56.77115,without_bias,1.9548232534644536,1.8542573509721878,0.22054110086734302,0.13202644973152675,False
2416,248151,56.77115,with_candidate_bias,2.096118190604275,1.7427272955552089,0.06302496222879296,0.05226852349072942,False
2417,248152,56.793412,without_bias,1.954265350120379,1.8618134824134345,0.2268921275964495,0.12575657138665994,False
2417,248152,56.793412,with_candidate_bias,2.095826874506575,1.7501457641945586,0.07038736179850755,0.04274933874816455,False
2418,248153,56.815669,without_bias,1.9607886769539173,1.8832655563209362,0.24085774305547827,0.127727044725378,False
2418,248153,56.815669,with_candidate_bias,2.101979970530307,1.7723713343401253,0.09314495746782132,0.04510559715950333,False
2419,248154,56.837924,without_bias,1.9719499885902263,1.8820231926532953,0.23398541741672316,0.11850515347502216,False
2419,248154,56.837924,with_candidate_bias,2.1135201134201074,1.7702230792111584,0.09323840280505505,0.03791127515477646,False
2420,248155,56.860176,without_bias,1.9614223838817777,1.8461010656672514,0.21005182070727568,0.1392634743211603,False
2420,248155,56.860176,with_candidate_bias,2.1025192267147856,1.7345924851275445,0.05600955695180403,0.06157835016828655,False
2421,248156,56.882433,without_bias,1.9429112278862675,1.856849538740773,0.2300236210365138,0.12283875930261248,False
2421,248156,56.882433,with_candidate_bias,2.0845410902114403,1.7450593756738504,0.06528799322349274,0.041484482321002165,False
2422,248157,56.904697,without_bias,1.9524567743373098,1.8782178132300722,0.24126425430927287,0.10876421292474538,False
2422,248157,56.904697,with_candidate_bias,2.094451033085329,1.7660442503668625,0.08615929849251343,0.026312375198959702,False
2423,248158,56.926953,without_bias,1.9635344132879566,1.8808359616486026,0.23733652924432072,0.10756048453739933,False
2423,248158,56.926953,with_candidate_bias,2.105491163384814,1.7684070601369646,0.08975402177660835,0.03132703706875243,False
2424,248159,56.949207,without_bias,1.9546893155088563,1.866844416600521,0.23069420745274652,0.11973452265507578,False
2424,248159,56.949207,with_candidate_bias,2.0962915394943815,1.754908481442903,0.07517222932234428,0.04288544630885796,False
2425,248160,56.971461,without_bias,1.9424567402773838,1.873866214420987,0.24362496297280267,0.12030705427372608,False
2425,248160,56.971461,with_candidate_bias,2.0839509730828953,1.762527805127123,0.08274919543865211,0.039464248510328634,False
2426,248161,56.999755,without_bias,1.9584711002836772,1.8603939488617403,0.2232528348006328,0.12106428156131392,False
2426,248161,56.999755,with_candidate_bias,2.100099422580833,1.748192621894435,0.06893643461409672,0.046614572463385094,False
2427,248162,57.022021,without_bias,1.9498364990849073,1.8432742582685024,0.21518431727685178,0.1257871171139529,False
2427,248162,57.022021,with_candidate_bias,2.091495146115987,1.7310296814485144,0.05105158029527603,0.046964495805769294,False
2428,248163,57.044274,without_bias,1.9535503713044449,1.8659887680167655,0.23067362874752081,0.11505472343363285,False
2428,248163,57.044274,with_candidate_bias,2.0954134780384575,1.7537746683756383,0.0739730183134924,0.03406560525439825,False
2429,248164,57.066528,without_bias,1.9704659204862351,1.8662806705454238,0.22133432717058546,0.11363855528050949,False
2429,248164,57.066528,with_candidate_bias,2.1123673683708937,1.7535517693517897,0.0768775776323509,0.039401828744063186,False
2430,248165,57.088789,without_bias,1.9497454359433268,1.863799477134036,0.23120032554793787,0.12173846653113693,False
2430,248165,57.088789,with_candidate_bias,2.0913124334456454,1.7520244079055405,0.07203636453689859,0.04250615797564198,False
2431,248166,57.111045,without_bias,1.9486688877925105,1.860538445628216,0.22927846306981878,0.12914634630286626,False
2431,248166,57.111045,with_candidate_bias,2.0899597365970632,1.749152710647436,0.06915272236889622,0.05044117324624801,False
2432,248167,57.133308,without_bias,1.9395365827751907,1.8635512044632718,0.2373400189240846,0.1250903028429358,False
2432,248167,57.133308,with_candidate_bias,2.080923236386677,1.7522001154893516,0.07276842937955895,0.04622071746549899,False
2433,248168,57.155565,without_bias,1.9548969691089448,1.8542092384753563,0.2204579046578121,0.11351672809977456,False
2433,248168,57.155565,with_candidate_bias,2.096895046138434,1.7413146285028176,0.06170109666521069,0.042324444485011194,False
2434,248169,57.195239,without_bias,1.9334220911718152,1.8621604488846242,0.24020630855757122,0.12435357333794922,False
2434,248169,57.195239,with_candidate_bias,2.0748365828750397,1.750843340330817,0.07244796814358224,0.04528512168907814,False
2435,248170,57.217504,without_bias,1.951880968736427,1.8525081333527111,0.22098851298206573,0.13146268022456556,False
2435,248170,57.217504,with_candidate_bias,2.0931602205191453,1.7408508929360313,0.06093289887115158,0.05631527679101799,False
2436,248171,57.239761,without_bias,1.9587774170954417,1.8701135188337485,0.2310032820275368,0.12011607407656405,False
2436,248171,57.239761,with_candidate_bias,2.100331098444418,1.7582198409555287,0.0788991452056135,0.04402095084807317,False
2437,248172,57.262015,without_bias,1.957182328834447,1.8763936122569884,0.2370885587901476,0.10392974814993851,False
2437,248172,57.262015,with_candidate_bias,2.0993560271883305,1.7637195544396698,0.08424072079656977,0.024950622483829288,False
2438,248173,57.284268,without_bias,1.942659752716062,1.8609260557295106,0.2333310654660668,0.12486213045372448,False
2438,248173,57.284268,with_candidate_bias,2.084193163138712,1.749423518931845,0.06966594817566085,0.04227958219139116,False
2439,248174,57.306521,without_bias,1.9458529674294822,1.8578650887827863,0.2289418196979188,0.11942672606938717,False
2439,248174,57.306521,with_candidate_bias,2.08758148759069,1.7458068583493356,0.06585128554617223,0.04003957873738342,False
2440,248175,57.334755,without_bias,1.9312898018569722,1.8615568718437068,0.2411468944611796,0.12674761601387025,False
2440,248175,57.334755,with_candidate_bias,2.0726718972504994,1.7504497031987862,0.07254945779049163,0.044572418108899135,False
2441,248176,57.357017,without_bias,1.9482926972763686,1.8652198416681,0.23321095470145256,0.11671471246468601,False
2441,248176,57.357017,with_candidate_bias,2.090056274285538,1.7531975427926205,0.07319756442445838,0.03678541296180109,False
2442,248177,57.379272,without_bias,1.9521621304118841,1.8624598729257074,0.22867199986149528,0.11690308876780335,False
2442,248177,57.379272,with_candidate_bias,2.093923481876757,1.7502231901547434,0.0703327103526268,0.04084210146850196,False
2443,248178,57.401526,without_bias,1.9427821954773543,1.8550143897984106,0.2286987507726658,0.10144767058657392,False
2443,248178,57.401526,with_candidate_bias,2.0852607737903095,1.7416803082023489,0.06186211025339637,0.025829812518777084,False
2444,248179,57.423786,without_bias,1.9368900360976766,1.8455245939451035,0.2254796049465719,0.12503259746597095,False
2444,248179,57.423786,with_candidate_bias,2.0785369744230993,1.7335981944266459,0.05481028554179604,0.044390892801275506,False
2445,248180,57.446044,without_bias,1.9499757777935993,1.850871649386629,0.2209160550268236,0.1259997188589745,False
2445,248180,57.446044,with_candidate_bias,2.091492089131284,1.7388372505509286,0.05885616690176532,0.0511623287214637,False
2446,248181,57.468304,without_bias,1.9530243012686053,1.8523744955478214,0.22017108974231767,0.10343954371295579,False
2446,248181,57.468304,with_candidate_bias,2.0954558992349566,1.738768034059587,0.059020747739170404,0.03492095628880125,False
2447,248182,57.49056,without_bias,1.9436749590058124,1.8742104013988714,0.24316393160471272,0.11555003107657046,False
2447,248182,57.49056,with_candidate_bias,2.08536937232469,1.7625408862654226,0.08267067568460285,0.03462028254103938,False
2448,248183,57.512815,without_bias,1.9406726060716233,1.8640318249015682,0.23699447916363373,0.12047230048740803,False
2448,248183,57.512815,with_candidate_bias,2.082286212757838,1.7523884358860446,0.07279827033415935,0.03951108591230307,False
2449,248184,57.535068,without_bias,1.94796852209506,1.8427904288558024,0.2160408860445575,0.12409726765889334,False
2449,248184,57.535068,with_candidate_bias,2.0896595693091355,1.730392180970629,0.050393330868597284,0.04907544270904521,False
2450,248185,57.557327,without_bias,1.934286431079235,1.8733140921612854,0.24822782634947232,0.12239674447321826,False
2450,248185,57.557327,with_candidate_bias,2.0756923611024454,1.7622765254483475,0.08351128768421302,0.04052818512660919,False
2451,248186,57.579588,without_bias,1.9367222895976801,1.8628668074963912,0.2386091485884387,0.10350811416469824,False
2451,248186,57.579588,with_candidate_bias,2.0790751706247863,1.7501122002606442,0.07095824492098302,0.02147888179211483,False
2452,248187,57.601843,without_bias,1.9513745848837851,1.86956191515504,0.23484191575055222,0.11015788747726173,False
2452,248187,57.601843,with_candidate_bias,2.0933252975287187,1.7571569170543977,0.0772285404043979,0.033994992178651685,False
2453,248188,57.624096,without_bias,1.930773558665318,1.837836809633675,0.22419972813418806,0.12592078781373464,False
2453,248188,57.624096,with_candidate_bias,2.072482271415593,1.7258239014563024,0.04905813652630785,0.04453790525993426,False
2454,248189,57.646349,without_bias,1.9641819774751441,1.8822568946035085,0.23819745214153717,0.10246397930385685,False
2454,248189,57.646349,with_candidate_bias,2.1063237909980566,1.7695094830557758,0.09098578850271326,0.02838172037756337,False
2455,248190,57.696004,without_bias,1.9483156097181704,1.8608677025821454,0.22975550545498838,0.11528088221366854,False
2455,248190,57.696004,with_candidate_bias,2.0902105655090364,1.748594390580541,0.06859471376825926,0.034612069906535654,False
2456,248191,57.718269,without_bias,1.9356658800222737,1.855346523171553,0.23359243090830478,0.1292704447713955,False
2456,248191,57.718269,with_candidate_bias,2.077011247442193,1.744086054997365,0.06538906742058047,0.048256594222447734,False
2457,248192,57.740525,without_bias,1.9497899920237887,1.8554585513018647,0.22459864105029287,0.11535567393279181,False
2457,248192,57.740525,with_candidate_bias,2.0916805169860235,1.7428569110694208,0.06287937186812056,0.04296024718832386,False
2458,248193,57.762786,without_bias,1.9486393227086969,1.8530926629487525,0.2234813438543503,0.10408394884398227,False
2458,248193,57.762786,with_candidate_bias,2.091066387300669,1.7397528914509448,0.059762406399202404,0.026459757848213722,False
2459,248194,57.785043,without_bias,1.943712713404827,1.86510144416918,0.23592904622554275,0.10891202410058405,False
2459,248194,57.785043,with_candidate_bias,2.085753757353423,1.7526254650123025,0.072749493090102,0.03197997477803174,False
2460,248195,57.807306,without_bias,1.9473314590435133,1.8454534849953415,0.21847006265334473,0.11644485697042516,False
2460,248195,57.807306,with_candidate_bias,2.0893187276201743,1.7326874443572713,0.05269184875249755,0.03970874170386662,False
2461,248196,57.829563,without_bias,1.9538667271964538,1.8536546291143685,0.22065402370465304,0.12197660066249048,False
2461,248196,57.829563,with_candidate_bias,2.0955414399075436,1.74141295050043,0.06166245247650473,0.04517080395169603,False
2462,248197,57.851817,without_bias,1.9574011704628949,1.8560459232383333,0.220396498800338,0.11111356058725368,False
2462,248197,57.851817,with_candidate_bias,2.099503587489174,1.7430825205839304,0.06379437732579889,0.03532962787653607,False
2463,248198,57.87407,without_bias,1.9559328431462983,1.8769071013294365,0.23821504801501522,0.10488941086580383,False
2463,248198,57.87407,with_candidate_bias,2.0980813417801163,1.7643487003077964,0.08473494750444781,0.024120355085450327,False
2464,248199,57.896327,without_bias,1.9519408632613415,1.8285377161490655,0.202789985837082,0.12600564036290127,False
2464,248199,57.896327,with_candidate_bias,2.093764957394023,1.7157179422437203,0.03591582245062131,0.048749857219026325,False
2465,248200,57.918591,without_bias,1.9491812468174337,1.869646448763455,0.23621112754585097,0.12239885741711629,False
2465,248200,57.918591,with_candidate_bias,2.0906421238639687,1.7581357895395726,0.0781384279981948,0.04319175613130134,False
2466,248201,57.940846,without_bias,1.9499691849675298,1.9180831191505474,0.27621042844742777,0.11404705648797585,False
2466,248201,57.940846,with_candidate_bias,2.0911337449902976,1.807733343856196,0.1277383752456099,0.03570049967259301,False
2467,248202,57.9631,without_bias,1.9415796441059339,1.8933970330308032,0.25993633018504925,0.10807715453128341,False
2467,248202,57.9631,with_candidate_bias,2.0833326085739166,1.781974285567147,0.10219202036048933,0.026632096585254887,False
2468,248203,57.985353,without_bias,1.9282378708930288,1.891645842797193,0.2663849642651674,0.12179465713542419,False
2468,248203,57.985353,with_candidate_bias,2.0694530161208693,1.7813660294134774,0.10342751309774027,0.03806276136234353,False
2469,248204,58.012752,without_bias,1.971523728145026,1.853306243415991,0.20993256298063062,0.12718197538813997,False
2469,248204,58.012752,with_candidate_bias,2.1130372725564124,1.7409824603869763,0.06518877512031948,0.05262197227383496,False
2470,248205,58.035018,without_bias,1.977057573799077,1.8805124909195883,0.23013311506805992,0.12037676677843617,False
2470,248205,58.035018,with_candidate_bias,2.1185445979736186,1.7686391649054762,0.09312193956644019,0.042972418575152854,False
2471,248206,58.057273,without_bias,1.9750766940214506,1.8741294333029666,0.22559610619771392,0.13170354181863042,False
2471,248206,58.057273,with_candidate_bias,2.116253526274267,1.762870238135146,0.08692941970592845,0.050141326145887115,False
2472,248207,58.079526,without_bias,1.9682549977701218,1.8611825905110984,0.21828645554011222,0.13598111708825128,False
2472,248207,58.079526,with_candidate_bias,2.1093520738484366,1.7498792060964707,0.07250935254784993,0.056253743258551335,False
2473,248208,58.101786,without_bias,1.9838876148237814,1.8550874685408,0.20473265476667818,0.13257327435610147,False
2473,248208,58.101786,with_candidate_bias,2.125210095646888,1.7429486302424313,0.07212683886641186,0.05689818912504578,False
2474,248209,58.124042,without_bias,1.980481236696598,1.8717044982577886,0.22078264009603893,0.12906148430469191,False
2474,248209,58.124042,with_candidate_bias,2.1217182312512817,1.7598756135798155,0.08594277071669149,0.05752240457768363,False
2475,248210,58.146307,without_bias,1.969200624040956,1.8655051277639576,0.22136992040206516,0.12188684841798561,False
2475,248210,58.146307,with_candidate_bias,2.1107852698031735,1.7533605030611539,0.07624821866887316,0.04484760086054185,False
2476,248211,58.168562,without_bias,1.976927915724554,1.8566706010369516,0.20975651959629588,0.11727768604074561,False
2476,248211,58.168562,with_candidate_bias,2.1188194639719673,1.7436882925288466,0.06990536537971513,0.04378398902116204,False
2477,248212,58.209841,without_bias,1.9614634943957012,1.8660964929893722,0.2261714791389652,0.13131763958428253,False
2477,248212,58.209841,with_candidate_bias,2.1026689013150768,1.7548038301399105,0.07586905867434857,0.05112210495676315,False
2478,248213,58.232107,without_bias,1.9613111703193447,1.8579828236697302,0.219633104075927,0.13186457004216123,False
2478,248213,58.232107,with_candidate_bias,2.1026113998918263,1.7464478901051708,0.06763408539087684,0.051181504528084044,False
2479,248214,58.254365,without_bias,1.9578969453772597,1.8805461361895166,0.2401457261356172,0.12272503977879395,False
2479,248214,58.254365,with_candidate_bias,2.0992458617041403,1.7692680287581686,0.08974556767340276,0.04284931897203623,False
2480,248215,58.276619,without_bias,1.9708532664935234,1.8871686841982496,0.23898704529262124,0.11317839989274145,False
2480,248215,58.276619,with_candidate_bias,2.112528063321843,1.7751906608294632,0.09782011831000251,0.03587347383783905,False
2481,248216,58.298872,without_bias,1.9612919664386506,1.8608174445128791,0.22194753015836324,0.12182501744342315,False
2481,248216,58.298872,with_candidate_bias,2.1029542023796934,1.7487056667740621,0.069916235640676,0.04165710982202217,False
2482,248217,58.321126,without_bias,1.94483995024562,1.859544606159341,0.23088461543725028,0.12808395299409653,False
2482,248217,58.321126,with_candidate_bias,2.0861731455260197,1.748134446450044,0.0682418318058574,0.04934620039741603,False
2483,248218,58.348751,without_bias,1.9604572048288988,1.8561086291866027,0.21862201411277452,0.12040213376676084,False
2483,248218,58.348751,with_candidate_bias,2.102184658046514,1.7437029016779333,0.06485773333920117,0.04419044255541126,False
2484,248219,58.371014,without_bias,1.9735042568555843,1.8690276669832993,0.2220421515296561,0.12055850733487614,False
2484,248219,58.371014,with_candidate_bias,2.1150916075191772,1.756711182133632,0.08071055836899979,0.04938064265956647,False
2485,248220,58.393267,without_bias,1.977796308742394,1.8693144599483749,0.2200673375977839,0.10778834841191598,False
2485,248220,58.393267,with_candidate_bias,2.1199233262279074,1.7561473672331493,0.08181581136358604,0.034248558570032846,False
2486,248221,58.41552,without_bias,1.9413090616778361,1.86455309752182,0.23699966443863155,0.1297072355367536,False
2486,248221,58.41552,with_candidate_bias,2.082530331575321,1.7535285953775968,0.07390703812612838,0.04899591252566602,False
2487,248222,58.43778,without_bias,1.960661386867344,1.8390832585778742,0.20502672998132135,0.129142584190433,False
2487,248222,58.43778,with_candidate_bias,2.1022358441693068,1.7266229009288492,0.048201771477372625,0.05410935557852319,False
2488,248223,58.460038,without_bias,1.9706636587952837,1.8604807649897577,0.21636651511594068,0.12363752637522404,False
2488,248223,58.460038,with_candidate_bias,2.1122256933180843,1.7481750738034367,0.07170649992555485,0.05006312882900707,False
2489,248224,58.482298,without_bias,1.9728201861848844,1.8603736252006084,0.2150947545472802,0.1123375677122781,False
2489,248224,58.482298,with_candidate_bias,2.1148483458497496,1.7472337715381459,0.07167859043474818,0.04182630584333915,False
2490,248225,58.504554,without_bias,1.9623437533495613,1.87049655493706,0.2293143143193768,0.12642950637541772,False
2490,248225,58.504554,with_candidate_bias,2.103712025284675,1.759022459963275,0.08020329679043749,0.045475137444160825,False
2492,248226,58.527042,without_bias,1.9521777674638394,1.8751654388940615,0.23892366211818192,0.13121247151058624,False
2492,248226,58.527042,with_candidate_bias,2.0932578481461346,1.7643938502164955,0.08445670801604552,0.04985219402031028,False
2493,248227,58.549302,without_bias,1.9667796712904662,1.8798488509536762,0.23478247940336228,0.1282059910641366,False
2493,248227,58.549302,with_candidate_bias,2.107979186527444,1.7687336000122362,0.0905367489990676,0.04690063103401178,False
2494,248228,58.571559,without_bias,1.9567949550991939,1.8932321368188227,0.251419029031907,0.127933779228847,False
2494,248228,58.571559,with_candidate_bias,2.097873412042064,1.7827890256170267,0.10309012758010293,0.04425792291137311,False
2495,248229,58.593819,without_bias,1.9585470152945732,1.8880601323795483,0.2461075087715942,0.12533611179139623,False
2495,248229,58.593819,with_candidate_bias,2.099748935610351,1.7772270255741924,0.09771456517602406,0.04300753115395651,False
2496,248230,58.616074,without_bias,1.9432492939993002,1.8768510161628487,0.24553226320801488,0.13099887611062147,False
2496,248230,58.616074,with_candidate_bias,2.084320110117082,1.7663217985966218,0.086508462372405,0.04831463325385089,False
2497,248231,58.638327,without_bias,1.968156296127606,1.8719521359658973,0.22735767124778072,0.12848883442775527,False
2497,248231,58.638327,with_candidate_bias,2.1094198621404154,1.7605331327680973,0.08284151446585669,0.04868010946333448,False
2498,248232,58.66058,without_bias,1.9601446837813625,1.896233960069928,0.2522291193295603,0.10470826585766968,False
2498,248232,58.66058,with_candidate_bias,2.1020889550070083,1.7842780043698832,0.10497640224606127,0.02239407807387015,False
2499,248233,58.713123,without_bias,1.958531176982961,1.8704073246280501,0.23138496212480444,0.1214401284966217,False
2499,248233,58.713123,with_candidate_bias,2.1000341804868063,1.758634298969859,0.07927192285117708,0.0442248963517023,False
2500,248234,58.735389,without_bias,1.9499383873869345,1.8507974917894479,0.2208824088272738,0.12960592508770144,False
2500,248234,58.735389,with_candidate_bias,2.0913229247623946,1.7390454681529781,0.0590602864819611,0.05238203216718637,False
2501,248235,58.757645,without_bias,1.952028836310422,1.8833370678870909,0.24572750189340986,0.11674722538288086,False
2501,248235,58.757645,with_candidate_bias,2.093633665644831,1.7718993861020351,0.09197119490334658,0.03395544328843298,False
2502,248236,58.779899,without_bias,1.9717603193550746,1.874167564953406,0.22733601861330527,0.11844991994048885,False
2502,248236,58.779899,with_candidate_bias,2.113373485844671,1.762023343111191,0.08528861973128182,0.04304808103592153,False
2503,248237,58.802154,without_bias,1.9726229875270274,1.85694034006883,0.21233286839477675,0.13502190124829677,False
2503,248237,58.802154,with_candidate_bias,2.1138080465382343,1.7453144144061554,0.06951831276135625,0.056599894943604415,False
2504,248238,58.82442,without_bias,1.9503875192223457,1.8800921876887549,0.24398468878797044,0.12533433353120102,False
2504,248238,58.82442,with_candidate_bias,2.0916242542758505,1.7691411554358591,0.08915595209739298,0.04443458289444691,False
2505,248239,58.846676,without_bias,1.9607896118915558,1.8760572648267557,0.23480582506931852,0.12281223435133572,False
2505,248239,58.846676,with_candidate_bias,2.102222954073047,1.7645719469752037,0.0854506572323964,0.042000435779633215,False
2506,248240,58.86893,without_bias,1.967075608073192,1.873153418638113,0.2289511940614541,0.1122450438422653,False
2506,248240,58.86893,with_candidate_bias,2.1089819618599397,1.7607111034149314,0.08291319008763307,0.03284156247918584,False
2507,248241,58.891183,without_bias,1.9646033718813238,1.8591786368478007,0.21869910435612122,0.1359950678398859,False
2507,248241,58.891183,with_candidate_bias,2.1056996276359494,1.7478719503171654,0.06966405061265991,0.05689375515093913,False
2508,248242,58.913438,without_bias,1.9500430022567516,1.8546566870673222,0.22381447574863456,0.13151172804334574,False
2508,248242,58.913438,with_candidate_bias,2.091397993563135,1.7432206777268502,0.0632361326951991,0.049528567533315096,False
2509,248243,58.935702,without_bias,1.963232647897348,1.8890099533178553,0.24444860839254076,0.10776633785591733,False
2509,248243,58.935702,with_candidate_bias,2.105254637460097,1.7768906787580125,0.09808418625969936,0.02362075234975572,False
2510,248244,58.957959,without_bias,1.952254086387783,1.88702515519301,0.24866312874962818,0.11272301193239255,False
2510,248244,58.957959,with_candidate_bias,2.09395320946338,1.775447847242256,0.09552967815418613,0.03066307367308052,False
2511,248245,58.980212,without_bias,1.9504320230687593,1.8597387773245573,0.22756372351235182,0.13399073745421744,False
2511,248245,58.980212,with_candidate_bias,2.091621232743896,1.7486430305979306,0.06866217332183948,0.051955146039211385,False
2512,248246,59.002467,without_bias,1.9681048206648164,1.8974465567186172,0.24928184806347084,0.1279653492486269,False
2512,248246,59.002467,with_candidate_bias,2.1091152889790603,1.7869163502711651,0.10861169471129467,0.045623004334660204,False
2513,248247,59.030751,without_bias,1.9928298083317675,1.8723007513667687,0.2154567824995649,0.1573599813034896,False
2513,248247,59.030751,with_candidate_bias,2.1329943054792704,1.762185483684958,0.09275216456867912,0.08068724002600185,False
2514,248248,59.053018,without_bias,1.9958354418424717,1.8863716386199314,0.2268396289004152,0.13516880390952782,False
2514,248248,59.053018,with_candidate_bias,2.1367449120916606,1.775310150717273,0.10615607206470297,0.05585142430387967,False
2515,248249,59.075273,without_bias,1.9814233896733944,1.8652229453778415,0.21470076805744875,0.12373318682343878,False
2515,248249,59.075273,with_candidate_bias,2.1230090637196453,1.7529651919029323,0.0800844399186219,0.04443471329146928,False
2516,248250,59.097526,without_bias,1.9452895557449954,1.8679866458170191,0.23723425486639607,0.11728084564682359,False
2516,248250,59.097526,with_candidate_bias,2.0869588213480994,1.7561496722406542,0.07621037560563422,0.039015177326613526,False
2517,248251,59.119786,without_bias,1.9602284737134785,1.8569788705408472,0.21945881083394048,0.11206961325734319,False
2517,248251,59.119786,with_candidate_bias,2.1022692592791636,1.7439791345010986,0.06514494895821951,0.040878661481073976,False
2518,248252,59.142041,without_bias,1.965785884570652,1.858267521187596,0.21727506893858164,0.11863317262998668,False
2518,248252,59.142041,with_candidate_bias,2.1075651812794303,1.7456709891104645,0.06797951459172097,0.04467968193307862,False
2519,248253,59.164305,without_bias,1.9582763806199313,1.8631355938224285,0.2255875830520792,0.11997927451485041,False
2519,248253,59.164305,with_candidate_bias,2.099909935692056,1.7509402687536517,0.07162910411460577,0.046761935611027795,False
2520,248254,59.186561,without_bias,1.9336864234991762,1.8421401922863778,0.22521850757240722,0.11522346652773033,False
2520,248254,59.186561,with_candidate_bias,2.075799497827837,1.729491746812701,0.051488710068461556,0.03370590221106848,False
2521,248255,59.228111,without_bias,1.9478799850846846,1.8428919868618407,0.21617561847564482,0.11348200056069725,False
2521,248255,59.228111,with_candidate_bias,2.0900426854752467,1.729837811468027,0.049837829747817204,0.03531505003243892,False
2522,248256,59.250378,without_bias,1.936414206055511,1.848803968197308,0.22821782529135806,0.10685873528998543,False
2522,248256,59.250378,with_candidate_bias,2.078698228514338,1.7356830190726957,0.05681838304426066,0.03558175872046528,False
2523,248257,59.272634,without_bias,1.9285386053300906,1.864447707283879,0.24513412388125758,0.10399842468606611,False
2523,248257,59.272634,with_candidate_bias,2.0707766991549588,1.7519654460912426,0.07448866173110182,0.024361224429871015,False
2524,248258,59.294888,without_bias,1.9478792718170514,1.8640670051322283,0.23254884166041184,0.09628197714458861,False
2524,248258,59.294888,with_candidate_bias,2.090504761394611,1.7506181152548816,0.070619919188691,0.01812404221747071,False
2525,248259,59.317141,without_bias,1.9279993782646565,1.8645962606570743,0.2456012640260883,0.11703898382223918,False
2525,248259,59.317141,with_candidate_bias,2.069688302671602,1.7530115976539653,0.07578428887536623,0.036676530329593615,False
2526,248260,59.339395,without_bias,1.9269935867344792,1.8681854011718626,0.24896754001255786,0.12194935322010604,False
2526,248260,59.339395,with_candidate_bias,2.0684904899510417,1.7570895293546336,0.08003408373102772,0.03905230525359393,False
2527,248261,59.367754,without_bias,1.9473099357410275,1.8364132071946275,0.21172044261983575,0.12399160142593409,False
2527,248261,59.367754,with_candidate_bias,2.0890818569871135,1.723788546802483,0.0437981713963649,0.049306948955385003,False
2528,248262,59.390017,without_bias,1.9598632741251174,1.8645780741987603,0.22584205298472956,0.1198925165999791,False
2528,248262,59.390017,with_candidate_bias,2.1015333308355366,1.752492704498645,0.07340442715320245,0.040738911517922215,False
2529,248263,59.412272,without_bias,1.963852058538578,1.8695490982352707,0.22768874319289187,0.09830010418992874,False
2529,248263,59.412272,with_candidate_bias,2.106327255247363,1.7560605004325602,0.07779318087058823,0.02556826121319834,False
2530,248264,59.434525,without_bias,1.9625528364044122,1.8548073203139679,0.2163339518982415,0.12675705122691378,False
2530,248264,59.434525,with_candidate_bias,2.1040502392182745,1.7427469760013827,0.06430079485829744,0.049574783771023,False
2531,248265,59.456785,without_bias,1.9612188411386098,1.849384893631769,0.21278117648967046,0.12315520498864388,False
2531,248265,59.456785,with_candidate_bias,2.102929721329517,1.7369232401970833,0.05837322132788135,0.04589935737349494,False
2532,248266,59.479042,without_bias,1.9539716979343578,1.8404076564368095,0.21031955497863505,0.0949447498280174,False
2532,248266,59.479042,with_candidate_bias,2.0969127524268423,1.7257434300312993,0.046262809438502465,0.03079837545217227,False
2533,248267,59.501303,without_bias,1.965983085153568,1.8848801625890197,0.2394912862517764,0.11673217914294923,False
2533,248267,59.501303,with_candidate_bias,2.1075650494764706,1.773191642759999,0.09483255371136087,0.0361787760418378,False
2534,248268,59.523559,without_bias,2.000330427204896,1.881002116913695,0.22009653175150942,0.1527477445378935,False
2534,248268,59.523559,with_candidate_bias,2.140626831567791,1.7708044170469934,0.10396402372858525,0.07369166330879279,False
2535,248269,59.545813,without_bias,2.016859680118775,1.9033855817473755,0.2350545139429178,0.17595857141807644,False
2535,248269,59.545813,with_candidate_bias,2.1561103491266076,1.795135067200293,0.1327654396326769,0.09475243297183465,False
2536,248270,59.568065,without_bias,2.0327526826490523,1.9163345936962057,0.2431692733908435,0.1747286066392253,False
2536,248270,59.568065,with_candidate_bias,2.1720994324228777,1.808117996983488,0.15216615246243081,0.09160603288084108,False
2537,248271,59.590322,without_bias,2.0187264063029575,1.9001076831759065,0.23135971419319384,0.15411957979924418,False
2537,248271,59.590322,with_candidate_bias,2.1588654058869614,1.790310413590418,0.13004165284425234,0.07280100340214692,False
2538,248272,59.612583,without_bias,1.9835744313149664,1.8836160263667534,0.22975179621347736,0.17161426260323007,False
2538,248272,59.612583,with_candidate_bias,2.123127144652924,1.77512412227645,0.10072738630442463,0.08942507847095015,False
2539,248273,59.634838,without_bias,1.9960990229994613,1.8839073271244533,0.2244896245635742,0.144976839674534,False
2539,248273,59.634838,with_candidate_bias,2.136740470783306,1.7734304829136773,0.10446974081775104,0.06281125114693974,False
2540,248274,59.657092,without_bias,1.987084330542145,1.9078798629290212,0.250041730414161,0.12085965078723662,False
2540,248274,59.657092,with_candidate_bias,2.128321784909728,1.7968387643416042,0.12296282385965442,0.03846336518719623,False
2541,248275,59.679344,without_bias,1.954940941874541,1.8883848115764672,0.2483247447949879,0.12313148612140902,False
2541,248275,59.679344,with_candidate_bias,2.096285827897561,1.7774816345117859,0.09768408621391292,0.039261569185881334,False
2542,248276,59.730853,without_bias,1.9680252082624237,1.8730829276661871,0.2283831578194223,0.1147898967599993,False
2542,248276,59.730853,with_candidate_bias,2.1097816461695578,1.760711740045973,0.08310053252793469,0.041166872342934646,False
2543,248277,59.753118,without_bias,1.9600574991872228,1.8555524731794801,0.21841182284141733,0.13029472344757934,False
2543,248277,59.753118,with_candidate_bias,2.101401667118994,1.7438205807036848,0.06483104606936331,0.05213112986129282,False
2544,248278,59.775373,without_bias,1.9665359586233866,1.868050906734292,0.22495891410796665,0.12076657347678801,False
2544,248278,59.775373,with_candidate_bias,2.1081413631434356,1.756000118102143,0.07813531217216513,0.04219397109807183,False
2545,248279,59.803205,without_bias,1.9693682479221903,1.8642882141635224,0.22025931419338984,0.12259401712994389,False
2545,248279,59.803205,with_candidate_bias,2.1109584369512215,1.752166992753764,0.07514872535552526,0.04392584142447553,False
2546,248280,59.825469,without_bias,1.95897350796856,1.8773649783365616,0.23689845142561913,0.12128786860149332,False
2546,248280,59.825469,with_candidate_bias,2.100492833640511,1.7658663915289965,0.08650512558235131,0.03880204719484779,False
2547,248281,59.852867,without_bias,1.9786379513291579,1.8477102360433133,0.20131624166437956,0.12818869849866743,False
2547,248281,59.852867,with_candidate_bias,2.1202427668329307,1.7351840966029137,0.06292781152710415,0.0496260893698386,False
2548,248282,59.875123,without_bias,1.9602966441841503,1.8720585212357652,0.23175296349596433,0.13149167285093727,False
2548,248282,59.875123,with_candidate_bias,2.101440976264667,1.7610234600686363,0.08182723885957897,0.05012791671623962,False
2549,248283,59.897376,without_bias,1.96746219428733,1.886449041360597,0.24007648886883015,0.1233409255520947,False
2549,248283,59.897376,with_candidate_bias,2.108842150498257,1.7752265508203682,0.09707276969646611,0.04016674799671231,False
2550,248284,59.919633,without_bias,1.9847670020343526,1.8677767250607928,0.2152535303668549,0.14594165473700482,False
2550,248284,59.919633,with_candidate_bias,2.1254668815318256,1.7570311439690172,0.08480387271090879,0.0654427912984571,False
2551,248285,59.941896,without_bias,1.9709926339445658,1.8709781872243674,0.22502315696602787,0.14099090571531467,False
2551,248285,59.941896,with_candidate_bias,2.1118659963044375,1.7603115186049687,0.08323497951595786,0.05849237100223014,False
2552,248286,59.964152,without_bias,1.9834486707161547,1.9158799297416125,0.2588291464017576,0.12001838575074808,False
2552,248286,59.964152,with_candidate_bias,2.124697966306707,1.8051227684484628,0.12984473824544845,0.035706226474066946,False
