input_line,seq,t_rel_s,source_ref_us,model,ok,reason,x_m,y_m,error_m,paired,in_reported_span
1,245747,0.0,5816925019,A,True,ok,2.0799303658306734,1.7206947602177958,0.04192208298126378,False,False
1,245747,0.0,5816925019,B,False,insufficient_anchors,,,,False,False
2,245748,0.021986416,5816947019,A,True,ok,2.068089183391392,1.7085821449937786,0.03601420409923611,False,False
2,245748,0.021986416,5816947019,B,False,insufficient_anchors,,,,False,False
3,245749,0.044964826,5816970019,A,True,ok,2.075823423200785,1.7288364681211932,0.05085249205590977,True,False
3,245749,0.044964826,5816970019,B,True,ok,2.0663607723364072,1.7205742612499686,0.046958319396161,True,False
4,245750,0.067019148,5816992019,A,True,ok,2.0835762854030224,1.7130950394324649,0.03371269411156324,True,False
4,245750,0.067019148,5816992019,B,True,ok,2.074731402109074,1.7069283158010724,0.03095584393029977,True,False
5,245751,0.088962971,5817014019,A,True,ok,2.073416362041809,1.6927264036499834,0.020904028267074843,True,False
5,245751,0.088962971,5817014019,B,True,ok,2.0745020267359098,1.697228448242321,0.023173402946757442,True,False
6,245752,0.110062643,5817036019,A,True,ok,2.0592348077488913,1.6832029963840827,0.030931476526090938,True,False
6,245752,0.110062643,5817036019,B,True,ok,2.065593323402391,1.68431241141871,0.02478472825722515,True,False
7,245753,0.133992279,5817059019,A,True,ok,2.05719518337501,1.6820652310133843,0.03286976076788298,True,False
7,245753,0.133992279,5817059019,B,True,ok,2.0599662285203064,1.6773899025990748,0.03014697393996225,True,False
8,245754,0.156008679,5817081019,A,True,ok,2.076330143705182,1.7074106965106228,0.030630234317067274,True,False
8,245754,0.156008679,5817081019,B,True,ok,2.0651581034356417,1.685164574413746,0.025373069459357737,True,False
9,245755,0.177971575,5817103020,A,True,ok,2.0804217477227893,1.706980163944188,0.02862991727443779,True,False
9,245755,0.177971575,5817103020,B,True,ok,2.070060327082863,1.6899986777277451,0.02230614517001351,True,False
10,245756,0.201010691,5817126019,A,True,ok,2.093566364857379,1.7351907033542258,0.055305810680525265,True,False
10,245756,0.201010691,5817126019,B,True,ok,2.078347281732352,1.7027207207252422,0.025534623421927027,True,False
11,245757,0.222082266,5817148019,A,True,ok,2.0779127935888573,1.701712586683686,0.024850291332741883,True,False
11,245757,0.222082266,5817148019,B,True,ok,2.0792781814887134,1.7014747530736856,0.024002550109618274,True,False
12,245758,0.245015491,5817170020,A,True,ok,2.0563646077830824,1.7236193477391295,0.05508164037837816,True,False
12,245758,0.245015491,5817170020,B,True,ok,2.073243993977125,1.7069510511950248,0.03173519967410731,True,False
13,245759,0.283997693,5817209019,A,True,ok,2.0849469195944135,1.7292588834858198,0.04951738304731882,True,False
13,245759,0.283997693,5817209019,B,True,ok,2.0769709781512375,1.7149356984100121,0.03728616946980281,True,False
14,245760,0.312007087,5817237019,A,True,ok,2.1083792338768803,1.7446757740923236,0.0672365376290477,True,False
14,245760,0.312007087,5817237019,B,True,ok,2.0867839172687423,1.7244333500287852,0.04454958790959622,True,False
15,245761,0.333069062,5817259019,A,True,ok,2.0950356417536296,1.7214805663008572,0.041785105821461256,True,False
15,245761,0.333069062,5817259019,B,True,ok,2.090243587356301,1.7248465429735442,0.044847204500148105,True,False
16,245762,0.35509263,5817281019,A,True,ok,2.090338419939134,1.7229269133468395,0.042928247315052036,True,False
16,245762,0.35509263,5817281019,B,True,ok,2.0916559025106443,1.7255943359644983,0.04562439572387021,True,False
17,245763,0.378993722,5817304019,A,True,ok,2.0882233462772306,1.7340292059195794,0.05405840906603665,True,False
17,245763,0.378993722,5817304019,B,True,ok,2.0923025548663032,1.728854741634531,0.048908971969252445,True,False
18,245764,0.40098337,5817326019,A,True,ok,2.101554584535951,1.727359985894469,0.04874911986613452,True,False
18,245764,0.40098337,5817326019,B,True,ok,2.0955471487640205,1.7297708239602603,0.050078995368251944,True,False
19,245765,0.423044316,5817348019,A,True,ok,2.093832960868337,1.7494659840240407,0.06957165029986348,True,False
19,245765,0.423044316,5817348019,B,True,ok,2.0965584252278937,1.7350858200787753,0.05547486381435368,True,False
20,245766,0.445066572,5817371019,A,True,ok,2.0923021162171516,1.722323728581457,0.042386291889172346,True,False
20,245766,0.445066572,5817371019,B,True,ok,2.097083696600288,1.7345089285223438,0.054967281597136784,True,False
21,245767,0.467081693,5817393019,A,True,ok,2.0858621877865375,1.7512038612491276,0.07132398857816988,True,False
21,245767,0.467081693,5817393019,B,True,ok,2.0963911593111337,1.7388252313598,0.059171401554081036,True,False
22,245768,0.489991526,5817415019,A,True,ok,2.082821857491574,1.7375695372305664,0.05801531993200461,True,False
22,245768,0.489991526,5817415019,B,True,ok,2.095224166181141,1.7400541580419244,0.06028095727850231,True,False
23,245769,0.511083165,5817437019,A,True,ok,2.0731562418127867,1.7593843789009966,0.08115165927672903,True,False
23,245769,0.511083165,5817437019,B,True,ok,2.0926404290086844,1.7448672956235192,0.06492101282989153,True,False
24,245770,0.535062531,5817460019,A,True,ok,2.0845113692423562,1.7700268905830066,0.09019404689689002,True,False
24,245770,0.535062531,5817460019,B,True,ok,2.0921898318861927,1.7506042521181893,0.07063820340905216,True,False
25,245771,0.556993009,5817482019,A,True,ok,2.0455355051078197,1.7643644237307794,0.09536481163114213,True,False
25,245771,0.556993009,5817482019,B,True,ok,2.0859619975069372,1.7546693792846169,0.07477848398358955,True,False
26,245772,0.578056264,5817504019,A,True,ok,2.043368156964976,1.7572556575696134,0.09023838103244353,True,False
26,245772,0.578056264,5817504019,B,True,ok,2.0801726888856615,1.7570912025984513,0.07771505363707519,True,False
27,245773,0.600085785,5817526019,A,True,ok,2.047902163051986,1.7462738409389056,0.07851401065094651,True,False
27,245773,0.600085785,5817526019,B,True,ok,2.0757218938388853,1.7576918841108082,0.07899299445036455,True,False
28,245774,0.624011453,5817549019,A,True,ok,2.0347738542926943,1.7528968064994266,0.09145420475571035,True,False
28,245774,0.624011453,5817549019,B,True,ok,2.069993839984302,1.7592548545129256,0.081740922446708,True,False
29,245775,0.65202888,5817577019,A,True,ok,2.0822763004582234,1.7529764942151351,0.07338408712073277,True,False
29,245775,0.65202888,5817577019,B,True,ok,2.0709690678887296,1.7607945567830297,0.08300564307798591,True,False
30,245776,0.673993727,5817599019,A,True,ok,2.0539596087134306,1.7510694227908523,0.07968546078121115,True,False
30,245776,0.673993727,5817599019,B,True,ok,2.0683359071429632,1.7614878159220368,0.08431842659266169,True,False
31,245777,0.696034832,5817621019,A,True,ok,2.0554488196833596,1.737796649780882,0.06733674173263017,True,False
31,245777,0.696034832,5817621019,B,True,ok,2.066200557216364,1.7603499425414824,0.0838005175594464,True,False
32,245778,0.718083778,5817644019,A,True,ok,2.049444524686718,1.7621822497384922,0.09164425104700316,True,False
32,245778,0.718083778,5817644019,B,True,ok,2.0635715432295765,1.7622942972178066,0.08643387462007499,True,False
33,245779,0.740098706,5817666019,A,True,ok,2.0495346609778,1.7358101889581443,0.0689363536439617,True,False
33,245779,0.740098706,5817666019,B,True,ok,2.0612131437129086,1.7610222648223615,0.08598424560254352,True,False
34,245780,0.763017883,5817688019,A,True,ok,2.06113896292411,1.7659024413152788,0.09062112824844343,True,False
34,245780,0.763017883,5817688019,B,True,ok,2.060400177908612,1.7631834895092449,0.08829293513513117,True,False
35,245781,0.803994858,5817729020,A,True,ok,2.048783234033429,1.7558989493557013,0.08636823669638284,True,False
35,245781,0.803994858,5817729020,B,True,ok,2.057286965970048,1.766282198531549,0.09227545924503687,True,False
36,245782,0.826003707,5817751020,A,True,ok,2.0546576115587856,1.7572669288508598,0.08496624456084613,True,False
36,245782,0.826003707,5817751020,B,True,ok,2.05500156945733,1.7672087337937166,0.09396942795586986,True,False
37,245783,0.849435601,5817774019,A,True,ok,2.058938614616808,1.779739456660694,0.10446419902001668,True,False
37,245783,0.849435601,5817774019,B,True,ok,2.053666849056258,1.771775958267761,0.09870625296031937,True,False
38,245784,0.871020438,5817796019,A,True,ok,2.0446721771729854,1.7193216439832568,0.06000669302488858,True,False
38,245784,0.871020438,5817796019,B,True,ok,2.0513899253837966,1.7681230303408821,0.096210219510865,True,False
39,245785,0.893046183,5817818019,A,True,ok,2.0189468999187197,1.7744941868547972,0.11822729964145236,True,False
39,245785,0.893046183,5817818019,B,True,ok,2.045714108569005,1.7695719201434044,0.09992181472538551,True,False
40,245786,0.915042455,5817840019,A,True,ok,2.0394424191927887,1.7740774848454,0.10680188262345452,True,False
40,245786,0.915042455,5817840019,B,True,ok,2.041812101985787,1.7700846960029315,0.10216323198180823,True,False
41,245787,0.938026946,5817863019,A,True,ok,2.0316800884218793,1.760524290856257,0.09942521563659239,True,False
41,245787,0.938026946,5817863019,B,True,ok,2.03696042381619,1.7685628490652516,0.1032306876675378,True,False
42,245788,0.968156813,5817894019,A,True,ok,2.0353505874929594,1.7642201282334755,0.10039715278347161,True,False
42,245788,0.968156813,5817894019,B,True,ok,2.0335369202080584,1.7694523302185694,0.10578184513952828,True,False
43,245789,0.997001238,5817922019,A,True,ok,2.0401696625039643,1.7564992113926168,0.0912972720220111,True,False
43,245789,0.997001238,5817922019,B,True,ok,2.0308891660987083,1.7688082785411716,0.10668177455382159,True,False
44,245790,1.018072781,5817944019,A,True,ok,2.0507620107903044,1.755426175926178,0.08502192547847255,True,False
44,245790,1.018072781,5817944019,B,True,ok,2.0311961268674645,1.7673242904160251,0.10527785708328992,True,False
45,245791,1.041075992,5817966019,A,True,ok,2.0492797193048924,1.7487582949237999,0.07991147840402274,True,False
45,245791,1.041075992,5817966019,B,True,ok,2.029749307100903,1.7658387977850636,0.10487347233693708,True,False
46,245792,1.063086537,5817989019,A,True,ok,2.041909398907098,1.7444494503259667,0.08041416268789886,True,False
46,245792,1.063086537,5817989019,B,True,ok,2.028083149623402,1.76296546417575,0.10352277337115559,True,False
47,245793,1.085081913,5818011019,A,True,ok,2.0363344665311853,1.7467743502472624,0.08566681582407815,True,False
47,245793,1.085081913,5818011019,B,True,ok,2.026838587747867,1.7610576419855344,0.1027604268283222,True,False
48,245794,1.108040835,5818033020,A,True,ok,2.0354655124046928,1.74795213136593,0.08712922870343413,True,False
48,245794,1.108040835,5818033020,B,True,ok,2.0275120864759137,1.7606386559077933,0.10201633282572535,True,False
49,245795,1.129093306,5818055019,A,True,ok,2.026597722795056,1.7277102081643612,0.07934804797762338,True,False
49,245795,1.129093306,5818055019,B,True,ok,2.026911054890793,1.7568366684248136,0.09941875381243358,True,False
50,245796,1.153009341,5818078019,A,True,ok,2.052395027379332,1.7461467704954508,0.07608895591857619,True,False
50,245796,1.153009341,5818078019,B,True,ok,2.028645769073277,1.7548624424198853,0.0967921842799318,True,False
51,245797,1.175023022,5818100019,A,True,ok,2.032768048549736,1.7672834342852195,0.10437381935824512,True,False
51,245797,1.175023022,5818100019,B,True,ok,2.027765465277881,1.7552878943910901,0.09768011237668878,True,False
52,245798,1.197044095,5818122019,A,True,ok,2.0380758951805578,1.7231406639018547,0.06750725548556397,True,False
52,245798,1.197044095,5818122019,B,True,ok,2.028954786621561,1.7506585149757277,0.09337635575987252,True,False
53,245799,1.220031562,5818145020,A,True,ok,2.0380721097260523,1.7284566254443028,0.07102499797784291,True,False
53,245799,1.220031562,5818145020,B,True,ok,2.0299250069051658,1.7476854851252663,0.09050044028615012,True,False
54,245800,1.242030042,5818167019,A,True,ok,2.0140737879638477,1.7245863150791834,0.08804958356800419,True,False
54,245800,1.242030042,5818167019,B,True,ok,2.0290289635542575,1.743595790264948,0.08810159944456905,True,False
55,245801,1.264014794,5818189019,A,True,ok,2.025343905763654,1.7211309079712642,0.07663003401043107,True,False
55,245801,1.264014794,5818189019,B,True,ok,2.0276856950658093,1.7391872185784636,0.08594300112566536,True,False
56,245802,1.30503289,5818230020,A,True,ok,2.0268602547086636,1.7366125244218609,0.084803333406598,True,False
56,245802,1.30503289,5818230020,B,True,ok,2.0284794639970416,1.7365796920219605,0.0835825214945756,True,False
57,245803,1.333017419,5818258019,A,True,ok,2.0444179836262353,1.7305078232826903,0.06803499415340326,True,False
57,245803,1.333017419,5818258019,B,True,ok,2.030520961049819,1.7344145767066104,0.08061452866944474,True,False
58,245804,1.354051521,5818280019,A,True,ok,2.0554733996798804,1.7460740991107153,0.07455114152686,True,False
58,245804,1.354051521,5818280019,B,True,ok,2.033500726287981,1.7361928158335702,0.07968563535099144,True,False
59,245805,1.376114771,5818302019,A,True,ok,2.0694206477511123,1.7249653519310508,0.049450911146985486,True,False
59,245805,1.376114771,5818302019,B,True,ok,2.0372281109918915,1.734376672661161,0.07577397177912189,True,False
60,245806,1.399068957,5818325019,A,True,ok,2.060862420916667,1.7256367223710258,0.05414525781273526,True,False
60,245806,1.399068957,5818325019,B,True,ok,2.0390903109281435,1.731260364753078,0.07224556343479989,True,False
61,245807,1.421053613,5818347019,A,True,ok,2.0323082292996726,1.717179416749528,0.06863417105476127,True,False
61,245807,1.421053613,5818347019,B,True,ok,2.037981051615161,1.728980795434715,0.07144990771499948,True,False
62,245808,1.454029605,5818379019,A,True,ok,2.0505132145619696,1.7246725680829478,0.0596225172510743,True,False
62,245808,1.454029605,5818379019,B,True,ok,2.040496543599051,1.7257479495762298,0.06740524524152326,True,False
63,245809,1.470235353,5818396019,A,True,ok,2.063143138456222,1.7154424490439257,0.044468620466716964,True,False
63,245809,1.470235353,5818396019,B,True,ok,2.0438484470597675,1.7229957755408067,0.06307616469911996,True,False
64,245810,1.493013566,5818418020,A,True,ok,2.036476085491997,1.7270844220980486,0.07128640984484498,True,False
64,245810,1.493013566,5818418020,B,True,ok,2.0437793882594826,1.7207714542699208,0.061633241298441346,True,False
65,245811,1.515058927,5818441019,A,True,ok,2.0553729266957337,1.734058454820545,0.06419774718168812,True,False
65,245811,1.515058927,5818441019,B,True,ok,2.045722997512834,1.7206297660656498,0.06009351745236676,True,False
66,245812,1.537061856,5818463019,A,True,ok,2.029665335978365,1.7286707486690793,0.07751847172521031,True,False
66,245812,1.537061856,5818463019,B,True,ok,2.04546665635933,1.7194236477039566,0.05947640451560348,True,False
67,245813,1.560082635,5818485019,A,True,ok,2.0571418391756757,1.7085795085146784,0.043548215114947365,True,False
67,245813,1.560082635,5818485019,B,True,ok,2.047611180398139,1.716058629446302,0.055651026808000895,True,False
68,245814,1.582037114,5818507019,A,True,ok,2.0716799940102755,1.7514220561790248,0.07373420324587038,True,False
68,245814,1.582037114,5818507019,B,True,ok,2.0509731417861903,1.7190449608322826,0.05520511415109371,True,False
69,245815,1.605005189,5818530019,A,True,ok,2.0573428680307,1.758170627583819,0.0847179749835204,True,False
69,245815,1.605005189,5818530019,B,True,ok,2.0528745384409897,1.7220315563286928,0.05607986825396099,True,False
70,245816,1.626103581,5818552019,A,True,ok,2.055599182518866,1.7405912925086553,0.06967582773989633,True,False
70,245816,1.626103581,5818552019,B,True,ok,2.0549307237894223,1.723077868670785,0.0555477893633148,True,False
71,245817,1.649034022,5818574019,A,True,ok,2.054866273809716,1.7168352725446419,0.050903988247011624,True,False
71,245817,1.649034022,5818574019,B,True,ok,2.057235188737777,1.7226726952669689,0.053800481209713036,True,False
72,245818,1.677024695,5818602019,A,True,ok,2.0493438279457035,1.711069896501822,0.05116896319784572,True,False
72,245818,1.677024695,5818602019,B,True,ok,2.0582421726723457,1.718233441042874,0.04970267206651991,True,False
73,245819,1.698103663,5818624020,A,True,ok,2.0635822178076557,1.706452091645368,0.03738465418292763,True,False
73,245819,1.698103663,5818624020,B,True,ok,2.0592325654991614,1.71679293912343,0.04796202034009631,True,False
74,245820,1.720101119,5818646019,A,True,ok,2.0536217267413046,1.6960656035569852,0.039767856152105055,True,False
74,245820,1.720101119,5818646019,B,True,ok,2.0598794901741595,1.714534732071186,0.045824587629319104,True,False
75,245821,1.743140363,5818669019,A,True,ok,2.07261945341545,1.7231922034752123,0.046558026597159935,True,False
75,245821,1.743140363,5818669019,B,True,ok,2.062168694904841,1.7148313292880275,0.044584784885326315,True,False
76,245822,1.76606034,5818691019,A,True,ok,2.0432951699607784,1.7050076086712214,0.052978501681771914,True,False
76,245822,1.76606034,5818691019,B,True,ok,2.0611854637852884,1.713560931586278,0.04423362551507346,True,False
77,245823,1.806035496,5818731019,A,True,ok,2.0690125113558833,1.7100142820763027,0.03662419703068985,True,False
77,245823,1.806035496,5818731019,B,True,ok,2.06371937517372,1.7119671402746124,0.04138320068090951,True,False
78,245824,1.828040377,5818753019,A,True,ok,2.060779055095317,1.6882194133329147,0.030354939905389604,True,False
78,245824,1.828040377,5818753019,B,True,ok,2.0652865825578743,1.708749765882887,0.03791176651106577,True,False
79,245825,1.849056878,5818775020,A,True,ok,2.053670062216601,1.6879082600206752,0.03718070676977827,True,False
79,245825,1.849056878,5818775020,B,True,ok,2.065983075053787,1.705528283236583,0.035050048914077654,True,False
80,245826,1.872305504,5818798019,A,True,ok,2.0501113476442954,1.7032375366109946,0.046163705380976174,True,False
80,245826,1.872305504,5818798019,B,True,ok,2.065696412343769,1.7041501542792288,0.034262141273928834,True,False
81,245827,1.895076101,5818820020,A,True,ok,2.065730375916167,1.7006418219294492,0.03186062563318017,True,False
81,245827,1.895076101,5818820020,B,True,ok,2.066884684116112,1.7029823878307022,0.032596134415183706,True,False
82,245828,1.916111996,5818842019,A,True,ok,2.0613028249488172,1.7296384539162397,0.057336759265874795,True,False
82,245828,1.916111996,5818842019,B,True,ok,2.067373598631538,1.7052835949370948,0.033929547769308996,True,False
83,245829,1.938069995,5818864019,A,True,ok,2.022481122738257,1.7084838060057486,0.0732811434903921,True,False
83,245829,1.938069995,5818864019,B,True,ok,2.062808244743486,1.7039916000291675,0.03626276914260282,True,False
84,245830,1.961102711,5818887019,A,True,ok,2.027579511226922,1.7257211054040253,0.07737400660451771,True,False
84,245830,1.961102711,5818887019,B,True,ok,2.060376577951706,1.7056971981754943,0.039215980517156294,True,False
85,245831,1.984550958,5818909019,A,True,ok,2.0464949402359887,1.6990992675439274,0.0475128640031803,True,False
85,245831,1.984550958,5818909019,B,True,ok,2.0590237734516856,1.705762010605059,0.0402890531234933,True,False
86,245832,2.012060146,5818937019,A,True,ok,2.0668052315598597,1.6884031790846121,0.024670036516385295,True,False
86,245832,2.012060146,5818937019,B,True,ok,2.059648128922729,1.7016173869952407,0.037263219109374725,True,False
87,245833,2.033162698,5818959019,A,True,ok,2.089779249802451,1.7178000728394969,0.03780071741807279,True,False
87,245833,2.033162698,5818959019,B,True,ok,2.0630057187021595,1.7026080338850482,0.03521099855065776,True,False
88,245834,2.055106809,5818981019,A,True,ok,2.0923961276643035,1.7150728289403394,0.03515458373614962,True,False
88,245834,2.055106809,5818981019,B,True,ok,2.0655969129857366,1.7023779942158734,0.033110199047293176,True,False
89,245835,2.078071363,5819004019,A,True,ok,2.081390643848844,1.717695919852989,0.038666566784502976,True,False
89,245835,2.078071363,5819004019,B,True,ok,2.0671066000233504,1.7025361275952713,0.032124520377450026,True,False
90,245836,2.101046606,5819026019,A,True,ok,2.059572783250851,1.7188462281221717,0.04934414816793873,True,False
90,245836,2.101046606,5819026019,B,True,ok,2.0658736672992917,1.7040694714446214,0.03407960365392633,True,False
91,245837,2.123078207,5819048019,A,True,ok,2.0766170897128533,1.6870674319254184,0.015134427038188045,True,False
91,245837,2.123078207,5819048019,B,True,ok,2.067056585721371,1.7007093758264837,0.030907580071615825,True,False
92,245838,2.144123894,5819070019,A,True,ok,2.069095752929884,1.7001284582232743,0.029019689454136882,True,False
92,245838,2.144123894,5819070019,B,True,ok,2.0681747075311243,1.700579886451885,0.029997918556533897,True,False
93,245839,2.167234404,5819093019,A,True,ok,2.0704981746782205,1.7076120034424584,0.03380449563279321,True,False
93,245839,2.167234404,5819093019,B,True,ok,2.0697080971484114,1.7019657426676913,0.029904099589881314,True,False
94,245840,2.189121105,5819115019,A,True,ok,2.078758679998531,1.7333762393741834,0.05454713746023303,True,False
94,245840,2.189121105,5819115019,B,True,ok,2.072089497511997,1.7042297397036534,0.030130821188270974,True,False
95,245841,2.21107008,5819137020,A,True,ok,2.067574670791092,1.7132541602703788,0.040109033463995844,True,False
95,245841,2.21107008,5819137020,B,True,ok,2.072609771563201,1.7041021828515277,0.02972095663488195,True,False
96,245842,2.235057125,5819160019,A,True,ok,2.070841190977625,1.7141908154434007,0.03919275218507274,True,False
96,245842,2.235057125,5819160019,B,True,ok,2.0721573621539915,1.7038558689291958,0.02979030392041652,True,False
97,245843,2.256079291,5819182019,A,True,ok,2.0585730876156556,1.7058847333943057,0.04071449674142537,True,False
97,245843,2.256079291,5819182019,B,True,ok,2.0715495574679044,1.7036592014993273,0.03000294394248555,True,False
98,245844,2.278107468,5819204019,A,True,ok,2.03601291044678,1.6836034624785052,0.05410721560255492,True,False
98,245844,2.278107468,5819204019,B,True,ok,2.0690580767812743,1.700660759138926,0.02941821062362077,True,False
99,245845,2.320069302,5819245019,A,True,ok,2.0402105044776717,1.6918669452719772,0.051184160190981334,True,False
99,245845,2.320069302,5819245019,B,True,ok,2.0657454635328185,1.6990313689403993,0.03082978337555143,True,False
100,245846,2.348054439,5819273019,A,True,ok,2.071080410458813,1.6699823979127,0.021408017656627264,True,False
100,245846,2.348054439,5819273019,B,True,ok,2.065074390582017,1.6949891573308398,0.02908540600277919,True,False
101,245847,2.369079357,5819295019,A,True,ok,2.08251889570779,1.7090229031230295,0.02997158366052218,True,False
101,245847,2.369079357,5819295019,B,True,ok,2.068523097297856,1.6962619172223619,0.026938955091545598,True,False
102,245848,2.391140239,5819317020,A,True,ok,2.080956010037906,1.7139463593221755,0.0351304578060792,True,False
102,245848,2.391140239,5819317020,B,True,ok,2.0702277783443437,1.697961648615812,0.02671257326051353,True,False
103,245849,2.414083897,5819340019,A,True,ok,2.0914920135184736,1.7118302167084403,0.03186516593469399,True,False
103,245849,2.414083897,5819340019,B,True,ok,2.0741497229709243,1.70231873052314,0.027374386094723376,True,False
104,245850,2.436125578,5819362019,A,True,ok,2.0928471078474677,1.7037607344683336,0.0239307025715873,True,False
104,245850,2.436125578,5819362019,B,True,ok,2.0766675503754106,1.7029018316523072,0.026499964264557686,True,False
105,245851,2.459078708,5819384019,A,True,ok,2.083313087838009,1.695094657065716,0.01650949624288256,True,False
105,245851,2.459078708,5819384019,B,True,ok,2.0782448686384525,1.7017262445182604,0.0247024859921927,True,False
106,245852,2.481082308,5819407020,A,True,ok,2.083325546632364,1.7101834039235768,0.030912557321750977,True,False
106,245852,2.481082308,5819407020,B,True,ok,2.079602403716315,1.702387745969322,0.02468443189675209,True,False
107,245853,2.503132214,5819429019,A,True,ok,2.082464218368076,1.7254574561278033,0.04607785067052511,True,False
107,245853,2.503132214,5819429019,B,True,ok,2.081498431094659,1.7047563061570798,0.026175396241419773,True,False
108,245854,2.52513847,5819451019,A,True,ok,2.0536671151956627,1.7337710918402724,0.0648953683701715,True,False
108,245854,2.52513847,5819451019,B,True,ok,2.079276518078798,1.7072758168828444,0.02930807484535276,True,False
109,245855,2.54709551,5819473019,A,True,ok,2.0601053637770654,1.7286223793039242,0.057077360170879145,True,False
109,245855,2.54709551,5819473019,B,True,ok,2.0790656292063807,1.7105799819718028,0.03247607984421983,True,False
110,245856,2.571078523,5819496019,A,True,ok,2.055578313248874,1.7249943682544062,0.05665108731000449,True,False
110,245856,2.571078523,5819496019,B,True,ok,2.0766410550239174,1.7124536745910406,0.03509561803609044,True,False
111,245857,2.592064208,5819518019,A,True,ok,2.0594831156629065,1.7206085974920458,0.05079703160534601,True,False
111,245857,2.592064208,5819518019,B,True,ok,2.075468368566108,1.7135126362702733,0.036527593705500364,True,False
112,245858,2.614144099,5819540019,A,True,ok,2.059998451646563,1.72190638589283,0.05153870470047147,True,False
112,245858,2.614144099,5819540019,B,True,ok,2.0749221218723224,1.7151372058096672,0.03823565928480913,True,False
113,245859,2.636140147,5819562019,A,True,ok,2.06790585237742,1.724545157421363,0.049723459341264445,True,False
113,245859,2.636140147,5819562019,B,True,ok,2.074895284968393,1.7157777924058164,0.03883558736030327,True,False
114,245860,2.659088412,5819585019,A,True,ok,2.0576665430731733,1.7421181557602206,0.07002940605124376,True,False
114,245860,2.659088412,5819585019,B,True,ok,2.073387084516762,1.7182255658554626,0.04167952549902074,True,False
115,245861,2.688061032,5819613019,A,True,ok,2.0955193913681978,1.7421064185341453,0.062351190078568416,True,False
115,245861,2.688061032,5819613019,B,True,ok,2.0773450167837972,1.721380332294562,0.04327216774106361,True,False
116,245862,2.709055198,5819635020,A,True,ok,2.085981227867552,1.7291593614447647,0.04932335498635066,True,False
116,245862,2.709055198,5819635020,B,True,ok,2.07932168991075,1.722546890330263,0.04386643572411149,True,False
117,245863,2.731115311,5819657019,A,True,ok,2.090187456004046,1.7073643084007892,0.027364950466005972,True,False
117,245863,2.731115311,5819657019,B,True,ok,2.0793485747856257,1.7227142610908102,0.04402227799229964,True,False
118,245864,2.754138811,5819680019,A,True,ok,2.090364730568092,1.7121241733972534,0.03212624386454335,True,False
118,245864,2.754138811,5819680019,B,True,ok,2.0790828477338885,1.7222459672154518,0.0436337708612319,True,False
119,245865,2.776068554,5819702019,A,True,ok,2.097688516081887,1.6958455861949238,0.01761237864123396,True,False
119,245865,2.776068554,5819702019,B,True,ok,2.080183533901474,1.7204324666602762,0.04160705909936264,True,False
120,245866,2.799064021,5819724019,A,True,ok,2.1081446595545756,1.6940133666638284,0.02292603575863819,True,False
120,245866,2.799064021,5819724019,B,True,ok,2.0826482878926655,1.7186322922804558,0.03932558553603104,True,False
121,245867,2.840123718,5819765019,A,True,ok,2.0948568656295756,1.7183805625719888,0.03868664791741598,True,False
121,245867,2.840123718,5819765019,B,True,ok,2.0861977487835532,1.7189836048482763,0.03916859151513524,True,False
122,245868,2.862092277,5819788019,A,True,ok,2.085899201511339,1.7146135514875176,0.034855623575309025,True,False
122,245868,2.862092277,5819788019,B,True,ok,2.088567500226193,1.719316602378209,0.03934269027618911,True,False
123,245869,2.884125446,5819810019,A,True,ok,2.1084980668551956,1.7050925626564373,0.031173950311863336,True,False
123,245869,2.884125446,5819810019,B,True,ok,2.093011301225412,1.718596429207377,0.0387137221490034,True,False
124,245870,2.907066224,5819832019,A,True,ok,2.090018577579501,1.721466784775734,0.04146678893721458,True,False
124,245870,2.907066224,5819832019,B,True,ok,2.093514273369226,1.7201378097941713,0.0402913625034787,True,False
125,245871,2.928076582,5819854019,A,True,ok,2.0837956064193968,1.7052328621680846,0.025984453677085174,True,False
125,245871,2.928076582,5819854019,B,True,ok,2.094429926457511,1.7178381177623705,0.038096553705262895,True,False
126,245872,2.951192852,5819877020,A,True,ok,2.066540015000107,1.698574606833895,0.029923016479442167,True,False
126,245872,2.951192852,5819877020,B,True,ok,2.092769876486614,1.715594189747511,0.03570180050827867,True,False
127,245873,2.973172356,5819899019,A,True,ok,2.064983604216797,1.7343993825433044,0.059875812137077815,True,False
127,245873,2.973172356,5819899019,B,True,ok,2.091027442087526,1.717870227515311,0.03788416251291094,True,False
128,245874,2.995099058,5819921019,A,True,ok,2.0744445702260697,1.7236608611789064,0.04634913369563032,True,False
128,245874,2.995099058,5819921019,B,True,ok,2.090812357148025,1.7202663268295493,0.04027452048727623,True,False
129,245875,3.024062526,5819949019,A,True,ok,2.080556394178673,1.7340330932451258,0.05485213629882672,True,False
129,245875,3.024062526,5819949019,B,True,ok,2.091281532787639,1.7233553634465517,0.043374299600897205,True,False
130,245876,3.045865225,5819971019,A,True,ok,2.0928901429192717,1.7344797609460494,0.05455636790359593,True,False
130,245876,3.045865225,5819971019,B,True,ok,2.092710869850723,1.7258059539145583,0.0458861006119522,True,False
131,245877,3.067151782,5819993019,A,True,ok,2.07590155122444,1.7285995325957513,0.05060317012206435,True,False
131,245877,3.067151782,5819993019,B,True,ok,2.0913994209315754,1.7272796279029181,0.04730033396903378,True,False
132,245878,3.090108848,5820016019,A,True,ok,2.079737119098881,1.7267757619386217,0.04788839764837787,True,False
132,245878,3.090108848,5820016019,B,True,ok,2.088346967836773,1.7258675791681097,0.04589735650422018,True,False
133,245879,3.112156065,5820038019,A,True,ok,2.06037515971636,1.7332504742875698,0.06093639449198075,True,False
133,245879,3.112156065,5820038019,B,True,ok,2.086528137696645,1.7269149029759376,0.04704319237780429,True,False
134,245880,3.135109963,5820060019,A,True,ok,2.065959055966181,1.7468046886326032,0.07099882684478867,True,False
134,245880,3.135109963,5820060019,B,True,ok,2.0821708809367805,1.7290442812446924,0.049665245676575105,True,False
135,245881,3.156100896,5820082019,A,True,ok,2.091237285238507,1.7630804926520287,0.08308970534347342,True,False
135,245881,3.156100896,5820082019,B,True,ok,2.0829400518523724,1.7311346207925795,0.0516196891839548,True,False
136,245882,3.179151213,5820105019,A,True,ok,2.0834748780723142,1.7238383689098045,0.04432132449333255,True,False
136,245882,3.179151213,5820105019,B,True,ok,2.0840660133457996,1.7315738639214293,0.0519141179006091,True,False
137,245883,3.201101052,5820127019,A,True,ok,2.0810305337524766,1.7511567386120686,0.07171982135136504,True,False
137,245883,3.201101052,5820127019,B,True,ok,2.0834781738180648,1.733472517107255,0.05386876926877995,True,False
138,245884,3.223096684,5820149019,A,True,ok,2.066571837682061,1.7185486885159502,0.045109646151299365,True,False
138,245884,3.223096684,5820149019,B,True,ok,2.08258484133666,1.7324550293604963,0.05297654842676183,True,False
139,245885,3.247068241,5820172019,A,True,ok,2.0533848332544538,1.7415392278153612,0.07160828859786468,True,False
139,245885,3.247068241,5820172019,B,True,ok,2.0803780603803577,1.733142392446117,0.054006440328364075,True,False
140,245886,3.268133768,5820194020,A,True,ok,2.068901316280499,1.7274177253717926,0.051899856783331116,True,False
140,245886,3.268133768,5820194020,B,True,ok,2.079972797537854,1.732409866119212,0.053360461540831836,True,False
141,245887,3.290132472,5820216019,A,True,ok,2.0623872668832006,1.7419282467326196,0.06780538897134798,True,False
141,245887,3.290132472,5820216019,B,True,ok,2.078671484144016,1.7336570019604243,0.05483984984370636,True,False
142,245888,3.312167114,5820238019,A,True,ok,2.075978406847605,1.7517110257091206,0.07306898304195464,True,False
142,245888,3.312167114,5820238019,B,True,ok,2.078729366131046,1.736539448992578,0.057651855826090746,True,False
144,245889,3.35414002,5820280020,A,True,ok,2.08041015664524,1.7210867299732089,0.0421910473377969,True,False
144,245889,3.35414002,5820280020,B,True,ok,2.0764093102368366,1.737495751427786,0.05908018517645585,True,False
145,245890,3.383066366,5820308019,A,True,ok,2.0678382021203494,1.7215628109997414,0.04710215009379836,True,False
145,245890,3.383066366,5820308019,B,True,ok,2.073017669547404,1.7360160031099434,0.0585336839094753,True,False
146,245891,3.404155478,5820330019,A,True,ok,2.101088363817861,1.714965618601563,0.036681688842625834,True,False
146,245891,3.404155478,5820330019,B,True,ok,2.074882375893006,1.7348106333460847,0.05685726063080502,True,False
147,245892,3.426154182,5820352019,A,True,ok,2.081700073587582,1.7125505066635678,0.03359202676985311,True,False
147,245892,3.426154182,5820352019,B,True,ok,2.074249838485384,1.7336956892884456,0.055957972049546216,True,False
148,245893,3.449156465,5820375019,A,True,ok,2.0869144179342745,1.7290479113113626,0.04914487176391473,True,False
148,245893,3.449156465,5820375019,B,True,ok,2.074252384583322,1.733972620041829,0.05622304781396365,True,False
149,245894,3.471102336,5820397020,A,True,ok,2.051930673625326,1.7113367585285821,0.04930787001787941,True,False
149,245894,3.471102336,5820397020,B,True,ok,2.0690181093971893,1.7328355565085787,0.056849237152661304,True,False
150,245895,3.494079659,5820419019,A,True,ok,2.0649028832937186,1.7133928496621436,0.041772570851304154,True,False
150,245895,3.494079659,5820419019,B,True,ok,2.068149489738428,1.7324625688581352,0.05683102963949923,True,False
151,245896,3.515099361,5820441019,A,True,ok,2.090781783911869,1.7368437622224284,0.0568491379854158,True,False
151,245896,3.515099361,5820441019,B,True,ok,2.06976431030997,1.734133182194945,0.057791734285988584,True,False
152,245897,3.538150925,5820464019,A,True,ok,2.080233281563871,1.7225198570307134,0.04362713640525736,True,False
152,245897,3.538150925,5820464019,B,True,ok,2.070311928985026,1.7329914601147205,0.05653065527110642,True,False
153,245898,3.560159966,5820486019,A,True,ok,2.0857463259736484,1.7504716420720956,0.07059990140970468,True,False
153,245898,3.560159966,5820486019,B,True,ok,2.071651249024994,1.7352181709561654,0.05818696646231944,True,False
154,245899,3.582168046,5820508019,A,True,ok,2.066398851846914,1.7464361098415266,0.07050369412321113,True,False
154,245899,3.582168046,5820508019,B,True,ok,2.0713958384320077,1.7356965785866632,0.058721577753908384,True,False
155,245900,3.606074834,5820531019,A,True,ok,2.0650199293620664,1.7349984624994734,0.06040558588725168,True,False
155,245900,3.606074834,5820531019,B,True,ok,2.0716981913494523,1.7345064487246011,0.05749703603185851,True,False
156,245901,3.627084071,5820553019,A,True,ok,2.0554625294123325,1.745677321068391,0.07420476654039482,True,False
156,245901,3.627084071,5820553019,B,True,ok,2.0700579805802106,1.7365119855080278,0.05992736140194058,True,False
157,245902,3.649111704,5820575019,A,True,ok,2.068434972590835,1.7547425066460316,0.07779134082203575,True,False
157,245902,3.649111704,5820575019,B,True,ok,2.0698405110001254,1.7382878522562843,0.061675592558049226,True,False
158,245903,3.671124521,5820597019,A,True,ok,2.060084255234276,1.7624159235740282,0.08767745573092317,True,False
158,245903,3.671124521,5820597019,B,True,ok,2.0686624532953832,1.7410483602274058,0.0646698785048094,True,False
159,245904,3.694157461,5820620020,A,True,ok,2.034143992810137,1.7237920072189732,0.07097628783939473,True,False
159,245904,3.694157461,5820620020,B,True,ok,2.0668158632512235,1.7398096636056368,0.06414592783182273,True,False
160,245905,3.722173415,5820648019,A,True,ok,2.0468505076943013,1.7141619259620824,0.05503558732019074,True,False
160,245905,3.722173415,5820648019,B,True,ok,2.0653159936094903,1.7355197125769797,0.06075967952612293,True,False
161,245906,3.744164823,5820670019,A,True,ok,2.0245520111147597,1.731819203758632,0.08347855489466229,True,False
161,245906,3.744164823,5820670019,B,True,ok,2.0598686112176354,1.7344741164987818,0.062252148222184715,True,False
162,245907,3.766153447,5820692019,A,True,ok,2.065533759855547,1.7248451954177666,0.051085109952545914,True,False
162,245907,3.766153447,5820692019,B,True,ok,2.0591236501920878,1.732341037703817,0.060769508845908586,True,False
163,245908,3.789097777,5820715019,A,True,ok,2.0421000271198184,1.7355093030874675,0.07331909799757808,True,False
163,245908,3.789097777,5820715019,B,True,ok,2.0558793156294106,1.7324076410214122,0.0625362450051695,True,False
164,245909,3.811104001,5820737019,A,True,ok,2.0660913231086777,1.735689866731127,0.060605165516021194,True,False
164,245909,3.811104001,5820737019,B,True,ok,2.0556438859679407,1.7324389016798651,0.06269115552272445,True,False
165,245910,3.833203604,5820759019,A,True,ok,2.0403859929250068,1.7386821583167202,0.07684494389838599,True,False
165,245910,3.833203604,5820759019,B,True,ok,2.0533440890162264,1.7334499411977866,0.06481166580251717,True,False
166,245911,3.873117575,5820798020,A,True,ok,2.0692641713031743,1.708590317756644,0.03531827941972779,True,False
166,245911,3.873117575,5820798020,B,True,ok,2.053724439080213,1.7296611058281885,0.06149911992966826,True,False
167,245912,3.895165752,5820821019,A,True,ok,2.0627429376408926,1.7138863720018782,0.043488316314821196,True,False
167,245912,3.895165752,5820821019,B,True,ok,2.054157534124707,1.726890712187185,0.059020515496248864,True,False
168,245913,3.917108295,5820843019,A,True,ok,2.074720887053934,1.736166015559392,0.05820715244913222,True,False
168,245913,3.917108295,5820843019,B,True,ok,2.0548524087354294,1.7273274831949021,0.058951198777167035,True,False
169,245914,3.939191674,5820865019,A,True,ok,2.049597021466753,1.7216192727071695,0.0580048664771478,True,False
169,245914,3.939191674,5820865019,B,True,ok,2.0528061564175757,1.7270578078111598,0.05998182455065779,True,False
170,245915,3.961159145,5820887019,A,True,ok,2.0665379675576774,1.6947642659876871,0.027720940036004726,True,False
170,245915,3.961159145,5820887019,B,True,ok,2.054426588187659,1.7248354445505463,0.057233597790244804,True,False
171,245916,3.984150452,5820910020,A,True,ok,2.0544720913272267,1.7015786696036224,0.04156767105002643,True,False
171,245916,3.984150452,5820910020,B,True,ok,2.0542002883176878,1.721346085193644,0.05469111552507174,True,False
172,245917,4.006586032,5820932019,A,True,ok,2.0408594067987043,1.695378712948261,0.05149080220894048,True,False
172,245917,4.006586032,5820932019,B,True,ok,2.0525175169515335,1.7187904666759977,0.05394104967851717,True,False
173,245918,4.028175285,5820954019,A,True,ok,2.0488638592399258,1.7083036335716526,0.049932732250408784,True,False
173,245918,4.028175285,5820954019,B,True,ok,2.0510420861909933,1.7159713372324499,0.05302505210408214,True,False
174,245919,4.056166375,5820982019,A,True,ok,2.070863370281009,1.7188054535570314,0.04326746841182977,True,False
174,245919,4.056166375,5820982019,B,True,ok,2.0516310555088593,1.7161187509656881,0.05269478221499381,True,False
175,245920,4.078108469,5821004019,A,True,ok,2.0763304690144193,1.7494299343820392,0.0707627858811397,True,False
175,245920,4.078108469,5821004019,B,True,ok,2.0537406113227834,1.719168317446684,0.05337509118352562,True,False
176,245921,4.100119718,5821026019,A,True,ok,2.064831589007858,1.719346987166142,0.04670796838786631,True,False
176,245921,4.100119718,5821026019,B,True,ok,2.053942256030444,1.71937842110619,0.05339307959830064,True,False
177,245922,4.123171763,5821049020,A,True,ok,2.0726204303398643,1.751288529354415,0.07337645302879385,True,False
177,245922,4.123171763,5821049020,B,True,ok,2.054813034084022,1.7226231257595386,0.05527072841826522,True,False
178,245923,4.145152834,5821071019,A,True,ok,2.059216754470738,1.699332935039751,0.03635066137728518,True,False
178,245923,4.145152834,5821071019,B,True,ok,2.0553295737216133,1.720135931622978,0.053037076329388796,True,False
179,245924,4.168106924,5821093019,A,True,ok,2.0721293783268586,1.7291526587644257,0.05230050652332754,True,False
179,245924,4.168106924,5821093019,B,True,ok,2.0570045244747277,1.7198910268458714,0.05176867226380128,True,False
180,245925,4.189178884,5821115019,A,True,ok,2.048683363446661,1.6876294297838554,0.04201514792199945,True,False
180,245925,4.189178884,5821115019,B,True,ok,2.055700106366873,1.7156723386737496,0.04948735646302512,True,False
181,245926,4.212189295,5821138019,A,True,ok,2.072242590534763,1.7330705221771816,0.05596254028432604,True,False
181,245926,4.212189295,5821138019,B,True,ok,2.058935516845718,1.715992289732231,0.04754415877698878,True,False
182,245927,4.234087069,5821160019,A,True,ok,2.0975568470654204,1.7377850709788603,0.05827709983863371,True,False
182,245927,4.234087069,5821160019,B,True,ok,2.0639101239085096,1.7165571625280585,0.04491222290838209,True,False
183,245928,4.256164655,5821182020,A,True,ok,2.062890137333894,1.7123641746531164,0.04221829526108972,True,False
183,245928,4.256164655,5821182020,B,True,ok,2.065347329226439,1.7153792621156898,0.043121298265709346,True,False
184,245929,4.279171482,5821205020,A,True,ok,2.0798918667268396,1.71446386605851,0.035915629215801,True,False
184,245929,4.279171482,5821205020,B,True,ok,2.066782294588996,1.7133155407444456,0.040607722167673554,True,False
185,245930,4.301109833,5821227020,A,True,ok,2.0371064782723334,1.7067176722811668,0.0592584057571494,True,False
185,245930,4.301109833,5821227020,B,True,ok,2.064226485503954,1.7107014554115567,0.04008557613239072,True,False
186,245931,4.323153978,5821249020,A,True,ok,2.0465527254062765,1.6837285234080897,0.04360696683360434,True,False
186,245931,4.323153978,5821249020,B,True,ok,2.0643054912006673,1.7067866119114048,0.03711779034548251,True,False
187,245932,4.345212556,5821271019,A,True,ok,2.061944455246714,1.710105953049169,0.04115193799084541,True,False
187,245932,4.345212556,5821271019,B,True,ok,2.0655360126967124,1.7051932307122224,0.03511674171238954,True,False
188,245933,4.387115092,5821312020,A,True,ok,2.0550991404522083,1.718889912470843,0.05225414135898231,True,False
188,245933,4.387115092,5821312020,B,True,ok,2.0673312614610815,1.7061320449833277,0.03459415386964262,True,False
189,245934,4.414187405,5821340019,A,True,ok,2.0529173553032427,1.7214675075036572,0.05562981858924044,True,False
189,245934,4.414187405,5821340019,B,True,ok,2.066965901524047,1.706906983141743,0.03541970404153499,True,False
190,245935,4.436106011,5821362019,A,True,ok,2.0814831180682276,1.7207789077815487,0.04165881176528934,True,False
190,245935,4.436106011,5821362019,B,True,ok,2.0694491025823973,1.7084164504736135,0.035068989751462075,True,False
191,245936,4.459134663,5821385019,A,True,ok,2.068126800171636,1.715346968899414,0.041567355955216684,True,False
191,245936,4.459134663,5821385019,B,True,ok,2.0714962922666036,1.710744707898313,0.03588348176578656,True,False
192,245937,4.481148184,5821407019,A,True,ok,2.068931508497363,1.7396790590322568,0.06328879380405576,True,False
192,245937,4.481148184,5821407019,B,True,ok,2.0719492057729703,1.7149827804888345,0.0393652905864614,True,False
193,245938,4.503118279,5821429019,A,True,ok,2.05806205656342,1.7517445350632617,0.07853222613934854,True,False
193,245938,4.503118279,5821429019,B,True,ok,2.0699353652270287,1.7190458590789846,0.04389952938003605,True,False
194,245939,4.525250043,5821451019,A,True,ok,2.055119672457723,1.7353095882449772,0.06538950834258832,True,False
194,245939,4.525250043,5821451019,B,True,ok,2.0683009126976226,1.7205712247788478,0.046009506298285686,True,False
195,245940,4.548195365,5821474019,A,True,ok,2.0537544408823076,1.737548730052861,0.06801174079856498,True,False
195,245940,4.548195365,5821474019,B,True,ok,2.0651509817770166,1.7232712459052484,0.04989864155303863,True,False
196,245941,4.570110003,5821496019,A,True,ok,2.059582403374857,1.7105298311386,0.04309641253980821,True,False
196,245941,4.570110003,5821496019,B,True,ok,2.065069157942269,1.72244444691914,0.04922476978086568,True,False
197,245942,4.592142788,5821518020,A,True,ok,2.056388959247732,1.7369364947550556,0.06611706659738538,True,False
197,245942,4.592142788,5821518020,B,True,ok,2.063193834344833,1.7251041568200862,0.05246861423349384,True,False
198,245943,4.614105651,5821540019,A,True,ok,2.0401200745757913,1.728951621208838,0.06988753951383737,True,False
198,245943,4.614105651,5821540019,B,True,ok,2.060937889312757,1.7269821979610647,0.05524430470962815,True,False
199,245944,4.637208769,5821563019,A,True,ok,2.045593192717808,1.7539776423958233,0.08628242061649662,True,False
199,245944,4.637208769,5821563019,B,True,ok,2.0576795521941382,1.731921140683877,0.06115894207952246,True,False
200,245945,4.669138877,5821595020,A,True,ok,2.038041032277036,1.716514003710881,0.0635059587269907,True,False
200,245945,4.669138877,5821595020,B,True,ok,2.0553644276483958,1.7311052234703674,0.06173626760729387,True,False
201,245946,4.686141671,5821612020,A,True,ok,2.0301353459363405,1.7437221219302648,0.08743160543794873,True,False
201,245946,4.686141671,5821612020,B,True,ok,2.0522034188475033,1.732840775838505,0.06496713890908533,True,False
202,245947,4.708118038,5821634019,A,True,ok,2.048718543222526,1.7258363692560807,0.06168574730235683,True,False
202,245947,4.708118038,5821634019,B,True,ok,2.0514368320559133,1.7333181542919334,0.06580230618285535,True,False
203,245948,4.730190888,5821656020,A,True,ok,2.047743764076835,1.7129067106599358,0.05355782931421815,True,False
203,245948,4.730190888,5821656020,B,True,ok,2.051191208366858,1.7330421748758438,0.0657236230253948,True,False
204,245949,4.758198042,5821684019,A,True,ok,2.040706948232168,1.740676687988578,0.07817586211772405,True,False
204,245949,4.758198042,5821684019,B,True,ok,2.0494438602140317,1.7351765328450535,0.06847810052228567,True,False
205,245950,4.780137193,5821706019,A,True,ok,2.0512170297399797,1.736981697413137,0.06892773478268317,True,False
205,245950,4.780137193,5821706019,B,True,ok,2.048512581623823,1.7352600603832409,0.06910050764704535,True,False
206,245951,4.80217081,5821728019,A,True,ok,2.023390547149223,1.7277354196026204,0.08194809023838281,True,False
206,245951,4.80217081,5821728019,B,True,ok,2.043635403357986,1.7338773863559824,0.07108057809506357,True,False
207,245952,4.825108228,5821751019,A,True,ok,2.054128241163132,1.7507981530143528,0.07936725743210563,True,False
207,245952,4.825108228,5821751019,B,True,ok,2.0422872449248883,1.735227362886502,0.07298334473189735,True,False
208,245953,4.84717999,5821773019,A,True,ok,2.070772052409424,1.7496007528062631,0.07220788571717414,True,False
208,245953,4.84717999,5821773019,B,True,ok,2.044065639821715,1.736588601313047,0.07288508244871092,True,False
209,245954,4.889192193,5821815020,A,True,ok,2.0733938126880154,1.7530585604808822,0.0749220843048259,True,False
209,245954,4.889192193,5821815020,B,True,ok,2.046880423415048,1.7421468005018694,0.07564074759998529,True,False
210,245955,4.911184625,5821837019,A,True,ok,2.0635712925430862,1.7421357708857965,0.06752281541386827,True,False
210,245955,4.911184625,5821837019,B,True,ok,2.04812340272255,1.74337688607827,0.07596235310017548,True,False
211,245956,4.933116288,5821859019,A,True,ok,2.06354766283239,1.7150003852291555,0.04387200824920375,True,False
211,245956,4.933116288,5821859019,B,True,ok,2.0492208302325876,1.7423394490566388,0.07449260094536038,True,False
212,245957,4.95513624,5821881019,A,True,ok,2.071996884509099,1.7444341301939152,0.06690193794820258,True,False
212,245957,4.95513624,5821881019,B,True,ok,2.051660079161701,1.7432344684080068,0.07394962829338803,True,False
213,245958,4.978672042,5821904019,A,True,ok,2.0459318101633333,1.7348294630779377,0.07034397896689829,True,False
213,245958,4.978672042,5821904019,B,True,ok,2.0513407139622073,1.7441488928666364,0.07489740217769285,True,False
214,245959,5.000163949,5821926019,A,True,ok,2.0566910936110463,1.7511972671731497,0.07860365193649048,True,False
214,245959,5.000163949,5821926019,B,True,ok,2.0507788590495157,1.7443384167212181,0.0753507117660535,True,False
215,245960,5.022197982,5821948019,A,True,ok,2.075959992417006,1.7442824272846034,0.06579781356953171,True,False
215,245960,5.022197982,5821948019,B,True,ok,2.0543605672500327,1.7467801400088971,0.07569515351954408,True,False
216,245961,5.044192398,5821970019,A,True,ok,2.0741207127443517,1.747812337927504,0.06964671520568204,True,False
216,245961,5.044192398,5821970019,B,True,ok,2.0583966911378715,1.7490381353357414,0.07592781612604982,True,False
217,245962,5.066137309,5821992020,A,True,ok,2.048711915760187,1.7641990202134397,0.09377729418733033,True,False
217,245962,5.066137309,5821992020,B,True,ok,2.0571725359727724,1.751083064665399,0.07829715497183927,True,False
218,245963,5.095178027,5822020019,A,True,ok,2.065522246893525,1.7497968904906671,0.07396462883911292,True,False
218,245963,5.095178027,5822020019,B,True,ok,2.0607760293646358,1.7519509495757746,0.07765938194804467,True,False
219,245964,5.116120222,5822042019,A,True,ok,2.07421001146836,1.7354912111313514,0.0576940053268409,True,False
219,245964,5.116120222,5822042019,B,True,ok,2.061388801114318,1.7491870782225658,0.07486956988424263,True,False
220,245965,5.138229202,5822064019,A,True,ok,2.0751136352461113,1.7426854507433853,0.06442879473098354,True,False
220,245965,5.138229202,5822064019,B,True,ok,2.0634674722064927,1.747816121667449,0.07282170960041716,True,False
221,245966,5.161131546,5822087019,A,True,ok,2.067871702498331,1.7439563866196122,0.06767629525734756,True,False
221,245966,5.161131546,5822087019,B,True,ok,2.064041694674918,1.7480639696086984,0.07284598529942465,True,False
222,245967,5.183193132,5822109019,A,True,ok,2.0541747999721403,1.7470799523827156,0.07604712334272452,True,False
222,245967,5.183193132,5822109019,B,True,ok,2.0644315784412774,1.7489790553621207,0.07356530608687131,True,False
223,245968,5.205145371,5822131019,A,True,ok,2.0787598323574796,1.7184811570727025,0.04008916085784247,True,False
223,245968,5.205145371,5822131019,B,True,ok,2.0657685960109413,1.7453574311460667,0.06970476845448823,True,False
224,245969,5.227129259,5822153020,A,True,ok,2.064010302182072,1.7181106670552817,0.04612902921226228,True,False
224,245969,5.227129259,5822153020,B,True,ok,2.0659849632713745,1.7426891688302264,0.06713161608141027,True,False
225,245970,5.250147799,5822176019,A,True,ok,2.0811966549177208,1.7352873395299189,0.055983826208416874,True,False
225,245970,5.250147799,5822176019,B,True,ok,2.070046316522031,1.741974893587532,0.06510788676899987,True,False
226,245971,5.272110726,5822198019,A,True,ok,2.0504635781582117,1.734439794318207,0.06728164576955978,True,False
226,245971,5.272110726,5822198019,B,True,ok,2.069318781641052,1.7400854806633552,0.06354508461995254,True,False
227,245972,5.294202681,5822220019,A,True,ok,2.0571199008754624,1.7418006250040885,0.07000298686010038,True,False
227,245972,5.294202681,5822220019,B,True,ok,2.070100927563244,1.7411220826916074,0.0642797174573983,True,False
228,245973,5.317213988,5822243019,A,True,ok,2.0638408827723786,1.7347525708137514,0.06068066763676305,True,False
228,245973,5.317213988,5822243019,B,True,ok,2.0709593458332267,1.7415787869386887,0.06445536061445227,True,False
229,245974,5.339199124,5822265019,A,True,ok,2.048048231742102,1.7276291345536967,0.06347034991473195,True,False
229,245974,5.339199124,5822265019,B,True,ok,2.069481053281779,1.7407265701681547,0.06409948126789329,True,False
230,245975,5.361209893,5822287019,A,True,ok,2.0502806488586183,1.7441342323725622,0.07543756767758475,True,False
230,245975,5.361209893,5822287019,B,True,ok,2.068266777213836,1.7413610209945738,0.0650961432818379,True,False
231,245976,5.400188158,5822326019,A,True,ok,2.050540703281018,1.734818673140925,0.06754348986015024,True,False
231,245976,5.400188158,5822326019,B,True,ok,2.068140439484456,1.7391982893884614,0.06310529179437138,True,False
232,245977,5.429151498,5822354019,A,True,ok,2.0819936618224544,1.736152849605269,0.05672075431273091,True,False
232,245977,5.429151498,5822354019,B,True,ok,2.0704537212621785,1.7387652438847818,0.061930694339192585,True,False
233,245978,5.450196736,5822376019,A,True,ok,2.0445453197250436,1.7326709779425122,0.06957269490481961,True,False
233,245978,5.450196736,5822376019,B,True,ok,2.067577656393479,1.738621129303343,0.06276303285858752,True,False
234,245979,5.472198801,5822398019,A,True,ok,2.0318652202329983,1.7342897149469776,0.0795426034750049,True,False
234,245979,5.472198801,5822398019,B,True,ok,2.0629970134871582,1.7366795851448589,0.06278325137173145,True,False
235,245980,5.495139674,5822421019,A,True,ok,2.038334188730136,1.7390094118308115,0.07843128673425886,True,False
235,245980,5.495139674,5822421019,B,True,ok,2.0588218106641762,1.7370629388670238,0.06502506041828925,True,False
236,245981,5.517192012,5822443019,A,True,ok,2.0516050903539567,1.714128077918957,0.05137017412049741,True,False
236,245981,5.517192012,5822443019,B,True,ok,2.057262306883745,1.7333793699785598,0.06261879661796506,True,False
237,245982,5.539198973,5822465019,A,True,ok,2.0549053850011916,1.7298493770097088,0.06096386134564202,True,False
237,245982,5.539198973,5822465019,B,True,ok,2.0561938936414443,1.7308619983238256,0.06107205335191221,True,False
238,245983,5.562242633,5822488019,A,True,ok,2.0572997484678797,1.714556901250385,0.04757610612789566,True,False
238,245983,5.562242633,5822488019,B,True,ok,2.0549534377739564,1.7281792946880072,0.05957773040740794,True,False
239,245984,5.58418796,5822510019,A,True,ok,2.0535962020548566,1.7438857831308103,0.07352978846064875,True,False
239,245984,5.58418796,5822510019,B,True,ok,2.0538847325178553,1.7289216920633905,0.06080826012682867,True,False
240,245985,5.606153191,5822532019,A,True,ok,2.061917219654806,1.7373171841655586,0.06382712709017198,True,False
240,245985,5.606153191,5822532019,B,True,ok,2.0519635935276916,1.7282719815499636,0.06145691515270423,True,False
241,245986,5.628216409,5822554019,A,True,ok,2.0547654381619367,1.725379542799552,0.0574523911827582,True,False
241,245986,5.628216409,5822554019,B,True,ok,2.050973848656672,1.727711193157856,0.06163926055054989,True,False
242,245987,5.651211492,5822577019,A,True,ok,2.070855976748232,1.7351941992449864,0.05841997309618942,True,False
242,245987,5.651211492,5822577019,B,True,ok,2.052945490284088,1.7282386629787096,0.06082766883795696,True,False
243,245988,5.673165651,5822599019,A,True,ok,2.0364187312617603,1.7285295626310695,0.07229156803363963,True,False
243,245988,5.673165651,5822599019,B,True,ok,2.0507326600943108,1.7278875371088356,0.06192850873078597,True,False
244,245989,5.695326568,5822621019,A,True,ok,2.0499234710003207,1.7374333786286686,0.07003371443359366,True,False
244,245989,5.695326568,5822621019,B,True,ok,2.0503714526226595,1.7290922043768207,0.0630909367327324,True,False
245,245990,5.717213749,5822643019,A,True,ok,2.062641964150179,1.7438938954636407,0.06950461857372314,True,False
245,245990,5.717213749,5822643019,B,True,ok,2.0508826479443885,1.7303485967316075,0.06375851648748335,True,False
246,245991,5.740184032,5822666019,A,True,ok,2.0546241240070753,1.7418297999362473,0.07123465983931666,True,False
246,245991,5.740184032,5822666019,B,True,ok,2.0506170013953766,1.7298681730663363,0.06354412060974512,True,False
247,245992,5.768260467,5822694019,A,True,ok,2.0442985379532814,1.7371639525854283,0.07318702827958484,True,False
247,245992,5.768260467,5822694019,B,True,ok,2.0493314128892655,1.7297885916111808,0.06428715137730355,True,False
248,245993,5.790226947,5822716019,A,True,ok,2.0506537711484807,1.729228992502372,0.06302078567928783,True,False
248,245993,5.790226947,5822716019,B,True,ok,2.0485533263352154,1.7297131758063016,0.06472423507947694,True,False
249,245994,5.812181234,5822738019,A,True,ok,2.0669917030942604,1.736292141503674,0.06081272006391698,True,False
249,245994,5.812181234,5822738019,B,True,ok,2.049225180869438,1.7302128997353485,0.06468323720224745,True,False
250,245995,5.835192253,5822761019,A,True,ok,2.0525457090309174,1.7317087705916558,0.06384842103057202,True,False
250,245995,5.835192253,5822761019,B,True,ok,2.0502138365850264,1.731085590058032,0.06475087884237767,True,False
251,245996,5.857256527,5822783019,A,True,ok,2.059212978733354,1.7447987352658785,0.07174062148134987,True,False
251,245996,5.857256527,5822783019,B,True,ok,2.0514874979236684,1.7329617783755338,0.06548406512181877,True,False
252,245997,5.87926272,5822805019,A,True,ok,2.059743896500115,1.7397241071185796,0.06695073390267889,True,False
252,245997,5.87926272,5822805019,B,True,ok,2.0501973044350836,1.7337676902522374,0.06689707833152324,True,False
253,245998,5.92117428,5822846019,A,True,ok,2.04893245695983,1.7248571297162016,0.06081698099817464,True,False
253,245998,5.92117428,5822846019,B,True,ok,2.0499121860013463,1.733529230776828,0.06687608973878152,True,False
254,245999,5.943135319,5822869020,A,True,ok,2.030650969909401,1.7414741592588907,0.08544811074144525,True,False
254,245999,5.943135319,5822869020,B,True,ok,2.0480906083166026,1.735022017689837,0.06916516133092691,True,False
255,246000,5.974143706,5822900019,A,True,ok,2.0568632834211362,1.7240328588213385,0.05510838993844648,True,False
255,246000,5.974143706,5822900019,B,True,ok,2.0489760114756335,1.7343083665991514,0.06806148923668347,True,False
256,246001,5.991179653,5822917020,A,True,ok,2.0430868278674312,1.7362785552567355,0.07326746550362888,True,False
256,246001,5.991179653,5822917020,B,True,ok,2.0477916251256048,1.7356167879671744,0.0698195818758829,True,False
257,246002,6.014239858,5822940019,A,True,ok,2.032939087844974,1.727939053455497,0.07452583808433562,True,False
257,246002,6.014239858,5822940019,B,True,ok,2.046984273852061,1.734147380415721,0.0691541141358869,True,False
258,246003,6.036144544,5822962019,A,True,ok,2.0386968510983827,1.7095121581103294,0.05918598282997914,True,False
258,246003,6.036144544,5822962019,B,True,ok,2.0459097763774134,1.730383175647207,0.06695081931826523,True,False
259,246004,6.05816728,5822984019,A,True,ok,2.0512234141305394,1.7333033288426478,0.06591561633937056,True,False
259,246004,6.05816728,5822984019,B,True,ok,2.047566001445013,1.7305701003249443,0.06601499284434972,True,False
260,246005,6.080131328,5823006019,A,True,ok,2.037215314452854,1.7292654284220916,0.07220322337626824,True,False
260,246005,6.080131328,5823006019,B,True,ok,2.0458388717725957,1.7301453955484225,0.06681890406931999,True,False
261,246006,6.108171123,5823034020,A,True,ok,2.063845615927799,1.7291714862846292,0.055694585640218876,True,False
261,246006,6.108171123,5823034020,B,True,ok,2.0479842537858444,1.7306076202434757,0.06577578700890001,True,False
262,246007,6.130153283,5823056020,A,True,ok,2.050206813620703,1.7502349213781736,0.08072448118889147,True,False
262,246007,6.130153283,5823056020,B,True,ok,2.048923989820832,1.7330784310856104,0.06711600747026764,True,False
263,246008,6.152168531,5823078019,A,True,ok,2.0474824779151195,1.7168121942666803,0.05623946417744486,True,False
263,246008,6.152168531,5823078019,B,True,ok,2.048175827205875,1.7306111153480344,0.06565627484623889,True,False
264,246009,6.17516851,5823101019,A,True,ok,2.0604315748592295,1.723791331134531,0.052839118537684665,True,False
264,246009,6.17516851,5823101019,B,True,ok,2.048653178681562,1.7294852463572916,0.06448526374436792,True,False
265,246010,6.197169967,5823123019,A,True,ok,2.04699657092811,1.7365850899582993,0.07107156476066838,True,False
265,246010,6.197169967,5823123019,B,True,ok,2.0491092874666084,1.7309201630008089,0.065306304224917,True,False
266,246011,6.219175999,5823145019,A,True,ok,2.049307778076243,1.7412469195322595,0.0735325919391078,True,False
266,246011,6.219175999,5823145019,B,True,ok,2.0487291519180832,1.7317012713741993,0.06615364210010846,True,False
267,246012,6.241215185,5823167019,A,True,ok,2.0719384324255636,1.733579550405241,0.05654191759105527,True,False
267,246012,6.241215185,5823167019,B,True,ok,2.0526132460658277,1.7315505999354326,0.0636807170455654,True,False
268,246013,6.264234524,5823190019,A,True,ok,2.0682830280935733,1.7472509164205121,0.0706704508842503,True,False
268,246013,6.264234524,5823190019,B,True,ok,2.054123615953845,1.7331700668119552,0.06414180335019418,True,False
269,246014,6.286211212,5823212019,A,True,ok,2.083139519159139,1.7482265740840328,0.06857063226055195,True,False
269,246014,6.286211212,5823212019,B,True,ok,2.0566538534967953,1.734974825605747,0.06429772108710753,True,False
270,246015,6.308246653,5823234019,A,True,ok,2.071422658660176,1.7450889365476117,0.06768816197944334,True,False
270,246015,6.308246653,5823234019,B,True,ok,2.0577844579455817,1.736476664022938,0.06501887978902605,True,False
271,246016,6.331246793,5823257019,A,True,ok,2.075757332771163,1.7504154710124145,0.07184143739995447,True,False
271,246016,6.331246793,5823257019,B,True,ok,2.0603953869146796,1.7370198447517458,0.06424714632919279,True,False
272,246017,6.353220504,5823279019,A,True,ok,2.0668727587085596,1.7540112742937108,0.07754055720931732,True,False
272,246017,6.353220504,5823279019,B,True,ok,2.0613180414277865,1.7391162223804375,0.06570679185648551,True,False
273,246018,6.375181031,5823301019,A,True,ok,2.059877000596575,1.7451242685463668,0.07175350476985809,True,False
273,246018,6.375181031,5823301019,B,True,ok,2.062269954377212,1.7395252480058692,0.0656674240426875,True,False
274,246019,6.397181336,5823323019,A,True,ok,2.047819878033771,1.756918349452915,0.08772454144449374,True,False
274,246019,6.397181336,5823323019,B,True,ok,2.0614870005035826,1.7425119694864917,0.06870762308043239,True,False
275,246020,6.438231721,5823364020,A,True,ok,2.050415521965599,1.756074950329847,0.08575738434061912,True,False
275,246020,6.438231721,5823364020,B,True,ok,2.061721912477955,1.7445220131646069,0.07044672041137291,True,False
276,246021,6.466233499,5823392019,A,True,ok,2.0809354084454523,1.7446982466771308,0.06533016105250047,True,False
276,246021,6.466233499,5823392019,B,True,ok,2.0668494180363957,1.7448780383720888,0.068884753815803,True,False
277,246022,6.488177418,5823414019,A,True,ok,2.056946725857387,1.7677722728884135,0.09378960933677497,True,False
277,246022,6.488177418,5823414019,B,True,ok,2.0662602478108076,1.748697292037263,0.07268351785141705,True,False
278,246023,6.510228283,5823436019,A,True,ok,2.0671500103874725,1.7535655224436741,0.07703251338041192,True,False
278,246023,6.510228283,5823436019,B,True,ok,2.067708582847295,1.7504660113734396,0.07390782122047458,True,False
279,246024,6.533176805,5823459019,A,True,ok,2.0734842886512306,1.7631610906709911,0.08478523292970708,True,False
279,246024,6.533176805,5823459019,B,True,ok,2.0700139404860836,1.7534985684391229,0.07616746114643866,True,False
280,246025,6.555225015,5823481019,A,True,ok,2.069827252310362,1.7234292245790122,0.04788566901364194,True,False
280,246025,6.555225015,5823481019,B,True,ok,2.069807810373135,1.751127274459406,0.07393790431132691,True,False
281,246026,6.577185286,5823503019,A,True,ok,2.051033479799909,1.7180955803342812,0.05449461383944074,True,False
281,246026,6.577185286,5823503019,B,True,ok,2.068322209262063,1.7486293428263289,0.07197161459944863,True,False
282,246027,6.600232627,5823526019,A,True,ok,2.0765556617918883,1.7427229942807139,0.0641476752610144,True,False
282,246027,6.600232627,5823526019,B,True,ok,2.070612507650278,1.7487433663931653,0.07142496260184882,True,False
283,246028,6.622226339,5823548019,A,True,ok,2.044811058626125,1.7308701425002644,0.0680427205547273,True,False
283,246028,6.622226339,5823548019,B,True,ok,2.0694129336277305,1.7472730098026183,0.07035257742058508,True,False
284,246029,6.644179378,5823570019,A,True,ok,2.0602117895729815,1.7356718188528193,0.06314023198267062,True,False
284,246029,6.644179378,5823570019,B,True,ok,2.0695074324652545,1.7464315461175066,0.06952046924272387,True,False
285,246030,6.666226307,5823592019,A,True,ok,2.058439706445673,1.7189169088349319,0.05010566756866622,True,False
285,246030,6.666226307,5823592019,B,True,ok,2.069839639240497,1.7444668885947796,0.06754568728679157,True,False
286,246031,6.689177773,5823615019,A,True,ok,2.045486713204149,1.7140094680596232,0.05601853817325301,True,False
286,246031,6.689177773,5823615019,B,True,ok,2.0687295314428087,1.7416814240669936,0.06524592636766496,True,False
287,246032,6.711171837,5823637019,A,True,ok,2.046165398572851,1.7302272818874205,0.06666522427829526,True,False
287,246032,6.711171837,5823637019,B,True,ok,2.067266861569719,1.7408954277355544,0.06500037462958531,True,False
288,246033,6.733219311,5823659020,A,True,ok,2.047668696295979,1.72206125520637,0.059674856202738,True,False
288,246033,6.733219311,5823659020,B,True,ok,2.0657045290947065,1.7384507690504696,0.06329899137507088,True,False
289,246034,6.755229439,5823681019,A,True,ok,2.0441727943866503,1.7000339833446136,0.0500149304006361,True,False
289,246034,6.755229439,5823681019,B,True,ok,2.062639989510049,1.734540658238534,0.061018469131098416,True,False
290,246035,6.778196938,5823704019,A,True,ok,2.0413117560974094,1.7290800907596302,0.06913320767396575,True,False
290,246035,6.778196938,5823704019,B,True,ok,2.0609113166760054,1.733217020723543,0.06064818869689049,True,False
291,246036,6.806167451,5823732019,A,True,ok,2.0429979684274677,1.7233993551091213,0.06397417444432503,True,False
291,246036,6.806167451,5823732019,B,True,ok,2.058449639320379,1.731546829565403,0.0604359238967925,True,False
292,246037,6.828182444,5823754020,A,True,ok,2.054304932435517,1.7123132108188794,0.04814853519950895,True,False
292,246037,6.828182444,5823754020,B,True,ok,2.0574638965696197,1.7281539170759983,0.05811538312869083,True,False
293,246038,6.850238909,5823776019,A,True,ok,2.0265049353652462,1.7094987132691213,0.07001283680515578,True,False
293,246038,6.850238909,5823776019,B,True,ok,2.053107831012006,1.724519443239689,0.05781879416773227,True,False
294,246039,6.873269129,5823799019,A,True,ok,2.046866529436912,1.7278273445692955,0.06440458967625586,True,False
294,246039,6.873269129,5823799019,B,True,ok,2.0509677877190997,1.7232573485176355,0.058264155329992004,True,False
295,246040,6.895245593,5823821019,A,True,ok,2.041090329514375,1.7157377402688516,0.06057509345049589,True,False
295,246040,6.895245593,5823821019,B,True,ok,2.048413789684907,1.7211604886253926,0.05851152631962551,True,False
296,246041,6.917249802,5823843019,A,True,ok,2.0691830133970046,1.7150899808663878,0.04080016775005645,True,False
296,246041,6.917249802,5823843019,B,True,ok,2.0501847221263563,1.718706712877521,0.05552896517978985,True,False
297,246042,6.958244761,5823884019,A,True,ok,2.065009802203089,1.7180687128720151,0.045538301304074304,True,False
297,246042,6.958244761,5823884019,B,True,ok,2.0493557528786734,1.715101263214064,0.053703384467670784,True,False
298,246043,6.980220489,5823906019,A,True,ok,2.0515671650351,1.7010891214729082,0.043838725436972946,True,False
298,246043,6.980220489,5823906019,B,True,ok,2.0489476959186956,1.7107815166643,0.05131075363448137,True,False
299,246044,7.003194259,5823929019,A,True,ok,2.0747871419152273,1.7170923356714982,0.04009080214556119,True,False
299,246044,7.003194259,5823929019,B,True,ok,2.0504952576802893,1.7091977908619331,0.04912367715230529,True,False
300,246045,7.02521402,5823951019,A,True,ok,2.0558473400849584,1.7230693310728615,0.05496700335961786,True,False
300,246045,7.02521402,5823951019,B,True,ok,2.0496905392959888,1.70886940261216,0.04958119632916505,True,False
301,246046,7.047183924,5823973020,A,True,ok,2.036438145941715,1.7015925941405097,0.05775043144321753,True,False
301,246046,7.047183924,5823973020,B,True,ok,2.0481196533714665,1.7056418150780002,0.049106680953007444,True,False
302,246047,7.069229733,5823995019,A,True,ok,2.034801574925046,1.7001418780971216,0.058758500525750254,True,False
302,246047,7.069229733,5823995019,B,True,ok,2.046300915826225,1.7032160880004705,0.04948329717866674,True,False
303,246048,7.092242385,5824018019,A,True,ok,2.020614054818112,1.69736515193605,0.07152592460462188,True,False
303,246048,7.092242385,5824018019,B,True,ok,2.043871731504518,1.7006395413725208,0.05053521368767782,True,False
304,246049,7.11425501,5824040019,A,True,ok,2.0188681580395156,1.701097861812494,0.07419473508107163,True,False
304,246049,7.11425501,5824040019,B,True,ok,2.04085172600871,1.6986810926300833,0.05257885561874328,True,False
305,246050,7.142261684,5824068019,A,True,ok,2.04095691493878,1.7059261514583457,0.055474223940161126,True,False
305,246050,7.142261684,5824068019,B,True,ok,2.0406640978818684,1.697517802764874,0.05235364983951814,True,False
306,246051,7.164227107,5824090019,A,True,ok,2.041457787423815,1.7258065243973746,0.06674267060253739,True,False
306,246051,7.164227107,5824090019,B,True,ok,2.040257035209017,1.6995556640128386,0.05344891524792615,True,False
307,246052,7.186273205,5824112019,A,True,ok,2.0377118101055776,1.7129726945563502,0.06181628740664982,True,False
307,246052,7.186273205,5824112019,B,True,ok,2.039211234495294,1.6998547610059043,0.05453173604511011,True,False
308,246053,7.209161629,5824135019,A,True,ok,2.0328093568345325,1.7076977087956384,0.06354473021587087,True,False
308,246053,7.209161629,5824135019,B,True,ok,2.036442979227932,1.6995538906888594,0.05701499026617085,True,False
309,246054,7.231184494,5824157020,A,True,ok,2.038891776125789,1.719438598099695,0.06455581745780718,True,False
309,246054,7.231184494,5824157020,B,True,ok,2.035512320356628,1.700856869914885,0.058343090898281554,True,False
310,246055,7.25324528,5824179019,A,True,ok,2.044051066345489,1.7355170929289798,0.07206560976826334,True,False
310,246055,7.25324528,5824179019,B,True,ok,2.03559154092661,1.7039013325811871,0.05942688043215186,True,False
311,246056,7.27523512,5824201019,A,True,ok,2.0291624324577024,1.7160004175650792,0.07069115708010205,True,False
311,246056,7.27523512,5824201019,B,True,ok,2.035065417673544,1.7047228117587647,0.06024139570628709,True,False
312,246057,7.298201626,5824224019,A,True,ok,2.036520820520944,1.7451891094440684,0.08431869678703414,True,False
312,246057,7.298201626,5824224019,B,True,ok,2.0344912248229257,1.710505335890026,0.0633387688499096,True,False
313,246058,7.320199146,5824246019,A,True,ok,2.0433241812776783,1.7445322542389403,0.07964322878034427,True,False
313,246058,7.320199146,5824246019,B,True,ok,2.0346155756672366,1.7146236661004657,0.06531640462325004,True,False
314,246059,7.342231324,5824268019,A,True,ok,2.0677065791111042,1.7365364036282478,0.06077303308331423,True,False
314,246059,7.342231324,5824268019,B,True,ok,2.038203177332633,1.718748763205944,0.06468676439910247,True,False
315,246060,7.365202566,5824291019,A,True,ok,2.0523530278759474,1.7162281275402294,0.05224721748744434,True,False
315,246060,7.365202566,5824291019,B,True,ok,2.040439918665166,1.7191434274467086,0.06315385636832566,True,False
316,246061,7.387258136,5824313019,A,True,ok,2.0255622650867724,1.7372497823913187,0.08619605132835681,True,False
316,246061,7.387258136,5824313019,B,True,ok,2.0378330993971288,1.7204773166202296,0.06602877160211415,True,False
317,246062,7.409186534,5824335019,A,True,ok,2.051533203936939,1.7794660870793557,0.1066451915382738,True,False
317,246062,7.409186534,5824335019,B,True,ok,2.040168859251829,1.7283124882819567,0.06940633337281438,True,False
318,246063,7.431261593,5824357019,A,True,ok,2.04558652087785,1.7195770116704214,0.059488629001636366,True,False
318,246063,7.431261593,5824357019,B,True,ok,2.0400888126782073,1.7287299848574667,0.06975484244179755,True,False
319,246064,7.470236594,5824396019,A,True,ok,2.04124462122953,1.7169778588473752,0.061191903091735944,True,False
319,246064,7.470236594,5824396019,B,True,ok,2.040806365772144,1.7301459250865203,0.07024690349991937,True,False
320,246065,7.498353479,5824424020,A,True,ok,2.0463055124052505,1.7452502902223834,0.07852903042998163,True,False
320,246065,7.498353479,5824424020,B,True,ok,2.041256877406996,1.732673633186896,0.07176631266286615,True,False
321,246066,7.520692224,5824446019,A,True,ok,2.04166435225959,1.7264197815866733,0.06701590083733458,True,False
321,246066,7.520692224,5824446019,B,True,ok,2.0412108836283434,1.7336893437630527,0.07254600960793292,True,False
322,246067,7.542191971,5824468019,A,True,ok,2.0407769594704197,1.730345688201032,0.07041019840486339,True,False
322,246067,7.542191971,5824468019,B,True,ok,2.0411080170696936,1.734648658056443,0.07332736066590294,True,False
323,246068,7.565275057,5824491019,A,True,ok,2.031317884982827,1.7591461249871665,0.0985276596868762,True,False
323,246068,7.565275057,5824491019,B,True,ok,2.039619309144582,1.7377208661798462,0.07661535357629636,True,False
324,246069,7.587178527,5824513019,A,True,ok,2.063137809348403,1.7710104242085511,0.09489191009365958,True,False
324,246069,7.587178527,5824513019,B,True,ok,2.0416913972515376,1.743547583948314,0.07982491168286235,True,False
325,246070,7.609177743,5824535019,A,True,ok,2.05533466373573,1.7641897330826026,0.09104722233453791,True,False
325,246070,7.609177743,5824535019,B,True,ok,2.0428267105683338,1.7479889773795037,0.08275155757394786,True,False
326,246071,7.632257564,5824558019,A,True,ok,2.046495315461695,1.75006552197121,0.0824732377555018,True,False
326,246071,7.632257564,5824558019,B,True,ok,2.0437818040828533,1.7499712065384503,0.08385756601692075,True,False
327,246072,7.654246732,5824580019,A,True,ok,2.030617919145823,1.772553363844432,0.10996525217309251,True,False
327,246072,7.654246732,5824580019,B,True,ok,2.0412092405308933,1.7540874493132657,0.0887101367111895,True,False
328,246073,7.676221212,5824602019,A,True,ok,2.0341022766683183,1.7446588542422952,0.08547118172572316,True,False
328,246073,7.676221212,5824602019,B,True,ok,2.0403660889999897,1.7558211635580974,0.09062214941426124,True,False
329,246074,7.698320463,5824624019,A,True,ok,2.0367186175946435,1.7512420091177872,0.08896251780477382,True,False
329,246074,7.698320463,5824624019,B,True,ok,2.0393085879923287,1.7575234102113477,0.09262558168307698,True,False
330,246075,7.721189975,5824647019,A,True,ok,2.058645358128244,1.765060751917472,0.09065564010954746,True,False
330,246075,7.721189975,5824647019,B,True,ok,2.042618878055408,1.7606774375132654,0.09356184927861967,True,False
331,246076,7.743199207,5824669019,A,True,ok,2.016245959916817,1.743082144168654,0.09705161174090082,True,False
331,246076,7.743199207,5824669019,B,True,ok,2.0397016362245965,1.760426542556321,0.09485965499645532,True,False
332,246077,7.765241913,5824691019,A,True,ok,2.014767273780304,1.7372983180761574,0.09456775533343383,True,False
332,246077,7.765241913,5824691019,B,True,ok,2.0380963680953395,1.7602372255163974,0.09556149519269623,True,False
333,246078,7.787253353,5824713019,A,True,ok,2.028649006882991,1.7573190330307138,0.09870246818214762,True,False
333,246078,7.787253353,5824713019,B,True,ok,2.037501805135262,1.7611172729344255,0.09662335345233111,True,False
334,246079,7.810214291,5824736019,A,True,ok,2.0381312205633284,1.7547565245136034,0.09098850607413593,True,False
334,246079,7.810214291,5824736019,B,True,ok,2.0393162795340842,1.7625783004700526,0.09689177069694502,True,False
335,246080,7.838199109,5824764019,A,True,ok,2.035466910969553,1.7498681129970972,0.08863075658583641,True,False
335,246080,7.838199109,5824764019,B,True,ok,2.039930249409712,1.7640898204023991,0.0978676546131631,True,False
336,246081,7.860262455,5824786019,A,True,ok,2.0446111420342765,1.7413660127168973,0.07632781894042967,True,False
336,246081,7.860262455,5824786019,B,True,ok,2.0403142467241935,1.7622647675011354,0.09610497411997036,True,False
337,246082,7.882254119,5824808019,A,True,ok,2.0388208530775342,1.7669807520392118,0.10092054451407888,True,False
337,246082,7.882254119,5824808019,B,True,ok,2.0400144833421248,1.7629882586560095,0.09687932158263421,True,False
338,246083,7.905247634,5824831019,A,True,ok,2.064861569027466,1.7572823436079632,0.08126808318952863,True,False
338,246083,7.905247634,5824831019,B,True,ok,2.0418921077611025,1.7627215891838834,0.09569341990323342,True,False
339,246084,7.92722541,5824853019,A,True,ok,2.0508833804828677,1.7729057521281215,0.10080470574799598,True,False
339,246084,7.92722541,5824853019,B,True,ok,2.0424304247922698,1.7647489867652673,0.09718670301632494,True,False
340,246085,7.949200402,5824875019,A,True,ok,2.042748321194,1.7656472813978585,0.09781706375080662,True,False
340,246085,7.949200402,5824875019,B,True,ok,2.042755004128938,1.7652219025726636,0.09744158410535628,True,False
341,246086,7.990294212,5824916019,A,True,ok,2.051275627475622,1.7527213205860648,0.08238912243244252,True,False
341,246086,7.990294212,5824916019,B,True,ok,2.0436446078697394,1.7652300199637407,0.09702050650542834,True,False
342,246087,8.012206642,5824938020,A,True,ok,2.037842903780402,1.7285026816129891,0.07122410273012493,True,False
342,246087,8.012206642,5824938020,B,True,ok,2.042725400557393,1.7605744375778052,0.09341909731654746,True,False
343,246088,8.035284831,5824961019,A,True,ok,2.015402734552076,1.711110797208001,0.08082470980600791,True,False
343,246088,8.035284831,5824961019,B,True,ok,2.039611370804966,1.754734745032146,0.09013487708525754,True,False
344,246089,8.057273359,5824983019,A,True,ok,2.0392200173266426,1.7414717003860816,0.0797331586522361,True,False
344,246089,8.057273359,5824983019,B,True,ok,2.0397878683006048,1.7536769207287555,0.08916023114521812,True,False
345,246090,8.07921443,5825005020,A,True,ok,2.033445098112083,1.7469777167592573,0.08766111720617768,True,False
345,246090,8.07921443,5825005020,B,True,ok,2.038234179371582,1.7519713749090169,0.0886542666295751,True,False
346,246091,8.101259152,5825027019,A,True,ok,2.012557294758674,1.717010830570047,0.08583224437575664,True,False
346,246091,8.101259152,5825027019,B,True,ok,2.0347348106518264,1.748443682673633,0.08797032938223226,True,False
347,246092,8.124193113,5825050019,A,True,ok,2.0198243154307303,1.749523298806809,0.098783175600638,True,False
347,246092,8.124193113,5825050019,B,True,ok,2.0325804511669263,1.748695570575192,0.08953259744274665,True,False
348,246093,8.146269835,5825072019,A,True,ok,2.0126391289255405,1.738915398045065,0.0972405702379802,True,False
348,246093,8.146269835,5825072019,B,True,ok,2.031231551442125,1.7473234387263765,0.08936540688568358,True,False
349,246094,8.174264093,5825100019,A,True,ok,2.043832831836732,1.7797214230567995,0.10988980677337021,True,False
349,246094,8.174264093,5825100019,B,True,ok,2.0326946623677795,1.7494046172358162,0.09000501438693809,True,False
350,246095,8.196260749,5825122019,A,True,ok,2.0441165664197354,1.75992641608509,0.09216030308826839,True,False
350,246095,8.196260749,5825122019,B,True,ok,2.0325390643708867,1.7500979224556277,0.09063927325375178,True,False
351,246096,8.218215965,5825144019,A,True,ok,2.037838843097304,1.7567485721372582,0.09279617241317455,True,False
351,246096,8.218215965,5825144019,B,True,ok,2.0331972333754464,1.7528383724575731,0.0923687327967188,True,False
352,246097,8.241522416,5825167019,A,True,ok,2.016251037783066,1.7442586586756095,0.09781658674715257,True,False
352,246097,8.241522416,5825167019,B,True,ok,2.031104424700261,1.7505828687995388,0.09192730909724328,True,False
353,246098,8.263204024,5825189019,A,True,ok,2.0374446619083235,1.7574784128659837,0.09362140792661819,True,False
353,246098,8.263204024,5825189019,B,True,ok,2.031432069986495,1.7514720095987135,0.09240373684080865,True,False
354,246099,8.285274538,5825211019,A,True,ok,2.0685862404929636,1.7778584759131506,0.10017400064023536,True,False
354,246099,8.285274538,5825211019,B,True,ok,2.0350658538909294,1.7527185744587859,0.09113589567262008,True,False
355,246100,8.307451391,5825233019,A,True,ok,2.0546593181764004,1.7657105193476974,0.09271060844697827,True,False
355,246100,8.307451391,5825233019,B,True,ok,2.037369530480344,1.7541021207211778,0.09089054195699038,True,False
356,246101,8.330264485,5825256019,A,True,ok,2.0522070386847093,1.767545773502569,0.09535497041655551,True,False
356,246101,8.330264485,5825256019,B,True,ok,2.038464813420487,1.7535983485184268,0.08984760631438683,True,False
357,246102,8.352286262,5825278019,A,True,ok,2.0364583331223236,1.744943570854303,0.08416874412362314,True,False
357,246102,8.352286262,5825278019,B,True,ok,2.0389772517748326,1.7524732367396374,0.08863233540851978,True,False
359,246103,8.374301927,5825300019,A,True,ok,2.04865521821923,1.7644994400109848,0.09407202741872589,True,False
359,246103,8.374301927,5825300019,B,True,ok,2.039454698316078,1.754121742485893,0.0897154403180619,True,False
360,246104,8.397219184,5825323019,A,True,ok,2.035404637391375,1.7909208283765061,0.12362881454619538,True,False
360,246104,8.397219184,5825323019,B,True,ok,2.0408092867735097,1.7599037403598004,0.09383141260376074,True,False
361,246105,8.419287362,5825345019,A,True,ok,2.027532781463569,1.766243719985911,0.10649005882563145,True,False
361,246105,8.419287362,5825345019,B,True,ok,2.039903590328405,1.7610884940636664,0.09531523556859904,True,False
362,246106,8.441211089,5825367019,A,True,ok,2.027467758095237,1.7430716909131905,0.08881621176499721,True,False
362,246106,8.441211089,5825367019,B,True,ok,2.0392353556709315,1.7597578108088356,0.09454288708768546,True,False
363,246107,8.463285539,5825389019,A,True,ok,2.042301931433144,1.7663608971367892,0.09865754050897263,True,False
363,246107,8.463285539,5825389019,B,True,ok,2.039377188364568,1.7622344641602334,0.09656695166358494,True,False
364,246108,8.504289235,5825430019,A,True,ok,2.015749314233347,1.7516920087482284,0.10321292775216825,True,False
364,246108,8.504289235,5825430019,B,True,ok,2.0366189652423103,1.7621977977001968,0.0980102689444537,True,False
365,246109,8.532229155,5825458019,A,True,ok,2.0576809541094607,1.7820110569847143,0.10700830096031529,True,False
365,246109,8.532229155,5825458019,B,True,ok,2.040613785694313,1.7663460720232207,0.09947181669843191,True,False
366,246110,8.554290645,5825480019,A,True,ok,2.0452283231577186,1.777609089553741,0.10738732425561184,True,False
366,246110,8.554290645,5825480019,B,True,ok,2.03969196193996,1.767476997883989,0.10091146541521358,True,False
367,246111,8.576226116,5825502019,A,True,ok,2.026055017316871,1.742007695505236,0.08907252725849714,True,False
367,246111,8.576226116,5825502019,B,True,ok,2.0368506767846526,1.7643984115651024,0.09973937253142244,True,False
368,246112,8.599298481,5825525019,A,True,ok,2.0164132282224454,1.763080724433583,0.11098387158975338,True,False
368,246112,8.599298481,5825525019,B,True,ok,2.034501819756984,1.7661526928265707,0.10248089817890804,True,False
369,246113,8.621271585,5825547020,A,True,ok,2.018155214122999,1.7781937158533807,0.12167037063643137,True,False
369,246113,8.621271585,5825547020,B,True,ok,2.031736384672284,1.7680822176651112,0.1056083611266651,True,False
370,246114,8.643257809,5825569019,A,True,ok,2.010562707162972,1.7570458707507604,0.11066322647121134,True,False
370,246114,8.643257809,5825569019,B,True,ok,2.028557697502716,1.7674500133797948,0.1068768514520053,True,False
371,246115,8.666229435,5825592019,A,True,ok,2.002206093034429,1.727067066335217,0.0996146517018606,True,False
371,246115,8.666229435,5825592019,B,True,ok,2.025227427260803,1.7628356927395155,0.10515340303998721,True,False
372,246116,8.688218955,5825614019,A,True,ok,2.015608525900059,1.7440554133400576,0.09816917742819194,True,False
372,246116,8.688218955,5825614019,B,True,ok,2.0234237184934614,1.7620155476903636,0.10563593764523595,True,False
373,246117,8.710276701,5825636019,A,True,ok,2.0433367285842796,1.7541594929271405,0.08761901215163168,True,False
373,246117,8.710276701,5825636019,B,True,ok,2.0263246664826506,1.761902650577116,0.10374291431275118,True,False
374,246118,8.732262637,5825658019,A,True,ok,2.046984533151137,1.7596419767131213,0.09051615791116506,True,False
374,246118,8.732262637,5825658019,B,True,ok,2.0289156531645998,1.7633543283270934,0.10334041551672,True,False
375,246119,8.755305049,5825681019,A,True,ok,2.035819279360118,1.7524034233817607,0.09043122362577762,True,False
375,246119,8.755305049,5825681019,B,True,ok,2.0298801721942836,1.7636163869732586,0.10298589158642418,True,False
376,246120,8.777228264,5825703019,A,True,ok,2.055021991352944,1.742217454870592,0.07137557551072819,True,False
376,246120,8.777228264,5825703019,B,True,ok,2.0325434512625424,1.7616734260500653,0.09985891805730378,True,False
377,246121,8.79928777,5825725019,A,True,ok,2.040959699484049,1.7485786271386863,0.08430883212879745,True,False
377,246121,8.79928777,5825725019,B,True,ok,2.0341820125836465,1.7609233716782602,0.09830686549265027,True,False
378,246122,8.821230952,5825747019,A,True,ok,2.023869558355727,1.7716798410789167,0.11304171164805508,True,False
378,246122,8.821230952,5825747019,B,True,ok,2.033415813532214,1.7614688976448143,0.0991914887562558,True,False
379,246123,8.844288533,5825770019,A,True,ok,2.0176609624811865,1.7185054839541831,0.08194881721961667,True,False
379,246123,8.844288533,5825770019,B,True,ok,2.0309083836603636,1.75469065211033,0.09523923894224019,True,False
380,246124,8.872304776,5825798019,A,True,ok,2.055493053065613,1.7522525777272993,0.08006974693960271,True,False
380,246124,8.872304776,5825798019,B,True,ok,2.0337347423053465,1.753410229468204,0.09249238354599862,True,False
381,246125,8.894252375,5825820019,A,True,ok,2.0389261006091943,1.7537988878322102,0.089748643690327,True,False
381,246125,8.894252375,5825820019,B,True,ok,2.03386480420677,1.7517293239822174,0.09108378629421467,True,False
382,246126,8.916292264,5825842019,A,True,ok,2.034045617996384,1.7395376511955711,0.08170449666506766,True,False
382,246126,8.916292264,5825842019,B,True,ok,2.032529915167038,1.7479450565499133,0.08899068131146519,True,False
383,246127,8.939303188,5825865020,A,True,ok,2.0317402059920453,1.732945334756098,0.07872364365477867,True,False
383,246127,8.939303188,5825865020,B,True,ok,2.032010027531311,1.7447767982384912,0.08694176497489273,True,False
384,246128,8.9613017,5825887020,A,True,ok,2.0237150078588804,1.741565749850551,0.09046569370655876,True,False
384,246128,8.9613017,5825887020,B,True,ok,2.0303132727077253,1.7428624404077542,0.0866844382163304,True,False
385,246129,8.983253011,5825909019,A,True,ok,2.0177564347972563,1.7380143317556866,0.09265417099225452,True,False
385,246129,8.983253011,5825909019,B,True,ok,2.029009677934668,1.7423474583578509,0.08721826041212291,True,False
386,246130,9.024203553,5825950019,A,True,ok,2.024239327332596,1.766797122048863,0.10889539230672106,True,False
386,246130,9.024203553,5825950019,B,True,ok,2.02833083261574,1.7430717474872734,0.08821072234692486,True,False
387,246131,9.047561046,5825973019,A,True,ok,2.0274154159542963,1.7436751588980093,0.08928245080003389,True,False
387,246131,9.047561046,5825973019,B,True,ok,2.0266786073116245,1.7413003380285033,0.08813245834767236,True,False
388,246132,9.069250366,5825995020,A,True,ok,2.0530536389357117,1.7597141221684538,0.087859973076367,True,False
388,246132,9.069250366,5825995020,B,True,ok,2.0291996739221445,1.742155333440918,0.08694805993422314,True,False
389,246133,9.09128856,5826017019,A,True,ok,2.030726486274807,1.737978608432348,0.08291482656969237,True,False
389,246133,9.09128856,5826017019,B,True,ok,2.031037070165769,1.7416820463461726,0.08533054515288067,True,False
390,246134,9.113147708,5826039019,A,True,ok,2.0180968423576355,1.7157610917235,0.08030516646019283,True,False
390,246134,9.113147708,5826039019,B,True,ok,2.0307438039941514,1.7379922034481783,0.08291195586800756,True,False
391,246135,9.136231178,5826062019,A,True,ok,2.0237750965802523,1.7314891551088514,0.08388605919208655,True,False
391,246135,9.136231178,5826062019,B,True,ok,2.031190760199689,1.7366120567513301,0.08162996787642571,True,False
392,246136,9.158257307,5826084020,A,True,ok,2.015187661507151,1.7428587907872743,0.09771444913628151,True,False
392,246136,9.158257307,5826084020,B,True,ok,2.0296535380064986,1.7354086132545061,0.08192563639008567,True,False
393,246137,9.180237099,5826106020,A,True,ok,2.0094886485018466,1.7199790502431993,0.08989105727716991,True,False
393,246137,9.180237099,5826106020,B,True,ok,2.0283281472642343,1.7325686548400714,0.08103629366867987,True,False
394,246138,9.208274942,5826134019,A,True,ok,2.03265141911895,1.6984384711042928,0.06023982856660647,True,False
394,246138,9.208274942,5826134019,B,True,ok,2.028920938143787,1.7287295947659636,0.07813594053500676,True,False
395,246139,9.230239949,5826156019,A,True,ok,2.0339714982935413,1.729558845322221,0.07480155180972162,True,False
395,246139,9.230239949,5826156019,B,True,ok,2.028986120723154,1.727424493582439,0.07727726739449538,True,False
396,246140,9.252281246,5826178019,A,True,ok,2.0695564940592446,1.7302412191785885,0.054241285380240346,True,False
396,246140,9.252281246,5826178019,B,True,ok,2.0338070083522086,1.7257996581810098,0.07249317898827501,True,False
397,246141,9.275269257,5826201019,A,True,ok,2.0509261480609564,1.693218958706342,0.04124932453549107,True,False
397,246141,9.275269257,5826201019,B,True,ok,2.03688491864397,1.7209576208647788,0.06707263655441499,True,False
398,246142,9.297238425,5826223019,A,True,ok,2.045715718630345,1.7306318636692504,0.06726576540149028,True,False
398,246142,9.297238425,5826223019,B,True,ok,2.03791694233404,1.7212385351415318,0.06643238424484732,True,False
399,246143,9.319301931,5826245019,A,True,ok,2.0498868417152907,1.7349594820173668,0.06804123846015303,True,False
399,246143,9.319301931,5826245019,B,True,ok,2.0393594945104634,1.720300977263942,0.0647196227172605,True,False
400,246144,9.341282235,5826267019,A,True,ok,2.0476865038231393,1.6858652059700432,0.04271805941028012,True,False
400,246144,9.341282235,5826267019,B,True,ok,2.0424868770757008,1.7162152951452154,0.05974148016641892,True,False
401,246145,9.364302791,5826290019,A,True,ok,2.059388344902229,1.7135271491112047,0.04539981448585256,True,False
401,246145,9.364302791,5826290019,B,True,ok,2.045754578395238,1.714753203443684,0.0562622651746375,True,False
402,246146,9.386290007,5826312019,A,True,ok,2.0615623541347508,1.70776843074815,0.03974651492360211,True,False
402,246146,9.386290007,5826312019,B,True,ok,2.0489604286993566,1.7123768715385441,0.05227339881014029,True,False
403,246147,9.408283943,5826334020,A,True,ok,2.0576583072550974,1.7300956302049595,0.05962849365226104,True,False
403,246147,9.408283943,5826334020,B,True,ok,2.0503707678227725,1.7131907478394999,0.05169237646986122,True,False
404,246148,9.431320371,5826357019,A,True,ok,2.05867847800758,1.7203770017503592,0.051101272100312206,True,False
404,246148,9.431320371,5826357019,B,True,ok,2.051258458055703,1.7130068471365003,0.050895569847620524,True,False
405,246149,9.453165183,5826379020,A,True,ok,2.0503392351987357,1.6891806073927216,0.040709456109367104,True,False
405,246149,9.453165183,5826379020,B,True,ok,2.051832567007599,1.7099670198086028,0.04852602618635271,True,False
406,246150,9.47532738,5826401019,A,True,ok,2.0677261407114673,1.700020953748999,0.029949347181948822,True,False
406,246150,9.47532738,5826401019,B,True,ok,2.0531309278373286,1.7061455604638875,0.04519865942820716,True,False
407,246151,9.497288995,5826423019,A,True,ok,2.0551854285027056,1.7057697039042248,0.04331433974853635,True,False
407,246151,9.497288995,5826423019,B,True,ok,2.0534698994192513,1.7040517706695888,0.043737122913860046,True,False
408,246152,9.538286355,5826464019,A,True,ok,2.0400686225823317,1.726365458147192,0.06813881536998301,True,False
408,246152,9.538286355,5826464019,B,True,ok,2.0549950175035803,1.7041266764675316,0.04251406022651314,True,False
409,246153,9.56632055,5826492019,A,True,ok,2.093762634432715,1.7170559193157684,0.03724645720348443,True,False
409,246153,9.56632055,5826492019,B,True,ok,2.061191443534374,1.7038784618431637,0.0374180954302671,True,False
410,246154,9.588267765,5826514019,A,True,ok,2.081442713540111,1.7197807019737263,0.040690679535724604,True,False
410,246154,9.588267765,5826514019,B,True,ok,2.0670744838845896,1.7047717545306784,0.03375232009338212,True,False
411,246155,9.610239269,5826536019,A,True,ok,2.059113196162607,1.7121689288637685,0.044596352267105725,True,False
411,246155,9.610239269,5826536019,B,True,ok,2.0686078014288296,1.704491545919958,0.03251864051982798,True,False
412,246156,9.633688668,5826559019,A,True,ok,2.075085020048157,1.7327104969674858,0.05478004305879297,True,False
412,246156,9.633688668,5826559019,B,True,ok,2.0696154750429425,1.7061428950077548,0.0331508645002116,True,False
413,246157,9.655233088,5826581020,A,True,ok,2.0644715358331793,1.7160362133743143,0.04416232735121368,True,False
413,246157,9.655233088,5826581020,B,True,ok,2.070762745704792,1.7053734231752096,0.03184152252086514,True,False
414,246158,9.687268383,5826613019,A,True,ok,2.0746559105464906,1.7032699040669432,0.02787345540908122,True,False
414,246158,9.687268383,5826613019,B,True,ok,2.0756129748323198,1.7047138566568305,0.02859652433478287,True,False
415,246159,9.704313578,5826630019,A,True,ok,2.0606471269568294,1.6938956457621002,0.032475839127484564,True,False
415,246159,9.704313578,5826630019,B,True,ok,2.0755545508665936,1.7023144823011256,0.026582082706836162,True,False
416,246160,9.726315994,5826652020,A,True,ok,2.071334438212111,1.6819851682420408,0.018770830823560014,True,False
416,246160,9.726315994,5826652020,B,True,ok,2.0777687062598464,1.6987666844027085,0.022400736372467336,True,False
417,246161,9.749309445,5826675019,A,True,ok,2.061719995243795,1.6661678004078635,0.03148155673672552,True,False
417,246161,9.749309445,5826675019,B,True,ok,2.078376968182942,1.6929886614610978,0.01742986503594773,True,False
418,246162,9.771267092,5826697020,A,True,ok,2.075708979967185,1.6781935382396345,0.014404740805373168,True,False
418,246162,9.771267092,5826697020,B,True,ok,2.0798254097334183,1.6898204312813483,0.014140832989767633,True,False
419,246163,9.79324602,5826719019,A,True,ok,2.0810043321042295,1.725689211832356,0.04656636252438975,True,False
419,246163,9.79324602,5826719019,B,True,ok,2.081286677962255,1.6921794867797668,0.014975375759958847,True,False
420,246164,9.815288886,5826741019,A,True,ok,2.0398104274692677,1.6962038134062671,0.05274046605522891,True,False
420,246164,9.815288886,5826741019,B,True,ok,2.078336980775136,1.6914259796584388,0.016327248041069352,True,False
421,246165,9.838292705,5826764019,A,True,ok,2.059726909803854,1.716479845929483,0.0474050540455636,True,False
421,246165,9.838292705,5826764019,B,True,ok,2.077547832910278,1.6947207335856391,0.019280987073532176,True,False
422,246166,9.860547128,5826786019,A,True,ok,2.0742519462850697,1.7454795686086222,0.06734667847028236,True,False
422,246166,9.860547128,5826786019,B,True,ok,2.0788003200616476,1.7006184462074947,0.02346386913390212,True,False
423,246167,9.882613482,5826808020,A,True,ok,2.0716703597748856,1.7173601175746036,0.04161434964012219,True,False
423,246167,9.882613482,5826808020,B,True,ok,2.079779970499284,1.702679046764412,0.024875453063972368,True,False
424,246168,9.910253427,5826836019,A,True,ok,2.097565727853433,1.7121246182482646,0.0330035048979491,True,False
424,246168,9.910253427,5826836019,B,True,ok,2.0827014602338236,1.7036791023980569,0.02477838923530182,True,False
425,246169,9.932367974,5826858019,A,True,ok,2.1062038254474484,1.7191735536072612,0.04239258498077647,True,False
425,246169,9.932367974,5826858019,B,True,ok,2.0854599382589085,1.7049997562342647,0.025408659397645934,True,False
426,246170,9.954250419,5826880019,A,True,ok,2.0844691913767863,1.7038704359735717,0.024502807137040467,True,False
426,246170,9.954250419,5826880019,B,True,ok,2.0861915514947142,1.7066968067019552,0.026967086755876637,True,False
427,246171,9.977347585,5826903019,A,True,ok,2.0880717219946505,1.7141936199776289,0.03424794743105663,True,False
427,246171,9.977347585,5826903019,B,True,ok,2.0859117780054737,1.7074438410797113,0.027746674977102717,True,False
428,246172,9.999177997,5826925019,A,True,ok,2.093483511096185,1.7400570727756568,0.06015801559175459,True,False
428,246172,9.999177997,5826925019,B,True,ok,2.087110148284305,1.7099855970882412,0.030124529468143497,True,False
429,246173,10.03923962,5826965019,A,True,ok,2.1002251166615875,1.7179928220350598,0.03934472692662645,True,False
429,246173,10.03923962,5826965019,B,True,ok,2.0892942748097068,1.7108272660399382,0.030835343026166317,True,False
430,246174,10.061315894,5826987019,A,True,ok,2.1057936927113485,1.728065226301008,0.050593544141793574,True,False
430,246174,10.061315894,5826987019,B,True,ok,2.093626309031882,1.7138247559583304,0.034018586579035295,True,False
431,246175,10.083258917,5827009020,A,True,ok,2.08095917312953,1.720387847023647,0.04138737413399573,True,False
431,246175,10.083258917,5827009020,B,True,ok,2.093723005491239,1.7137234069324254,0.03392829121865347,True,False
432,246176,10.105266869,5827031019,A,True,ok,2.0731776438674228,1.6893273482341746,0.01923515248010309,True,False
432,246176,10.105266869,5827031019,B,True,ok,2.092666897135273,1.7119088311244666,0.03202008501019101,True,False
433,246177,10.128333475,5827054019,A,True,ok,2.0842566351443312,1.7021348357627706,0.02286782005592487,True,False
433,246177,10.128333475,5827054019,B,True,ok,2.0929851322222164,1.7120891167308,0.03222766555223997,True,False
434,246178,10.150307506,5827076019,A,True,ok,2.1049185798428622,1.7184374017122999,0.041231030485795246,True,False
434,246178,10.150307506,5827076019,B,True,ok,2.095310824566185,1.711666518367782,0.03210877205858038,True,False
435,246179,10.172173599,5827098019,A,True,ok,2.0630492558855504,1.7083583524351567,0.03912210067415973,True,False
435,246179,10.172173599,5827098019,B,True,ok,2.093389091920485,1.7114654674944503,0.03164745785509177,True,False
436,246180,10.194311091,5827120019,A,True,ok,2.0700402434668392,1.708189526666692,0.03454042985481204,True,False
436,246180,10.194311091,5827120019,B,True,ok,2.092389344407248,1.7108547091973019,0.0309470846178847,True,False
437,246181,10.217236316,5827143019,A,True,ok,2.0781083328367234,1.698248920196528,0.021781525113301888,True,False
437,246181,10.217236316,5827143019,B,True,ok,2.091892334686029,1.710476621269925,0.030535313566334883,True,False
438,246182,10.245332465,5827171019,A,True,ok,2.0897526392890926,1.7059536228792,0.025954801634322695,True,False
438,246182,10.245332465,5827171019,B,True,ok,2.0942354549700326,1.7096577114053,0.029958620205263787,True,False
439,246183,10.267342401,5827193019,A,True,ok,2.079625604553226,1.692855213968529,0.01651921932364541,True,False
439,246183,10.267342401,5827193019,B,True,ok,2.0940466794163055,1.7069429141723294,0.02724511402794749,True,False
440,246184,10.289316561,5827215019,A,True,ok,2.0935983288243896,1.7101654693021897,0.0303793269930357,True,False
440,246184,10.289316561,5827215019,B,True,ok,2.0945216113123384,1.706826664779099,0.027205053060599328,True,False
441,246185,10.312331453,5827238019,A,True,ok,2.094141627358077,1.71098279304671,0.03125838354983258,True,False
441,246185,10.312331453,5827238019,B,True,ok,2.094261413123334,1.7067417262038502,0.02707913518134246,True,False
442,246186,10.334283948,5827260019,A,True,ok,2.0749019196146636,1.7206288495478437,0.04334345910173064,True,False
442,246186,10.334283948,5827260019,B,True,ok,2.093137372169727,1.7102956657589539,0.030457683232800754,True,False
443,246187,10.356317117,5827282019,A,True,ok,2.0893831957286597,1.6987888383935423,0.0187989599629287,True,False
443,246187,10.356317117,5827282019,B,True,ok,2.092864537126713,1.7086342983551213,0.028777223897388387,True,False
444,246188,10.378209515,5827304019,A,True,ok,2.106182409397226,1.7017819711128785,0.027135302457531364,True,False
444,246188,10.378209515,5827304019,B,True,ok,2.0967905991812317,1.7083271303126402,0.02912968501356386,True,False
445,246189,10.40126924,5827327020,A,True,ok,2.0715718548311974,1.6931224652629997,0.022622900542173887,True,False
445,246189,10.40126924,5827327020,B,True,ok,2.0957069906643913,1.7068060885326803,0.027406862732997195,True,False
446,246190,10.423258376,5827349019,A,True,ok,2.0944789930786025,1.7047275605108236,0.025129934894754864,True,False
446,246190,10.423258376,5827349019,B,True,ok,2.09616315478623,1.7066192731652616,0.0273234364743136,True,False
447,246191,10.445285689,5827371019,A,True,ok,2.1028344207676852,1.7266437784647835,0.048377313132436324,True,False
447,246191,10.445285689,5827371019,B,True,ok,2.098165830011127,1.710125792311812,0.03121288423367931,True,False
448,246192,10.468483465,5827394019,A,True,ok,2.093249969762457,1.713635569173892,0.03379221533295157,True,False
448,246192,10.468483465,5827394019,B,True,ok,2.098717283853839,1.7113696541445707,0.032558351293306975,True,False
449,246193,10.490255828,5827416019,A,True,ok,2.0716828946466244,1.7004210397180077,0.027432375246979782,True,False
449,246193,10.490255828,5827416019,B,True,ok,2.0964860449399056,1.7095889703338605,0.03029151604625554,True,False
450,246194,10.51232311,5827438020,A,True,ok,2.0656861065450887,1.718240646366016,0.04531569760499637,True,False
450,246194,10.51232311,5827438020,B,True,ok,2.0934973633364287,1.7100097045674514,0.030212810503703766,True,False
451,246195,10.5532669,5827479019,A,True,ok,2.063144882323717,1.7150844629005442,0.04418276680366069,True,False
451,246195,10.5532669,5827479019,B,True,ok,2.0901941439950136,1.7067809334860868,0.026781637184403243,True,False
452,246196,10.581279111,5827507019,A,True,ok,2.0789252381624665,1.7050854268548283,0.02742132364141144,True,False
452,246196,10.581279111,5827507019,B,True,ok,2.089446837112551,1.7041428049865732,0.02414914122282113,True,False
453,246197,10.603290199,5827529019,A,True,ok,2.081523564547374,1.7196128688152084,0.04050962026177788,True,False
453,246197,10.603290199,5827529019,B,True,ok,2.088459454993631,1.7054589847367094,0.02550555199835233,True,False
454,246198,10.625254695,5827551019,A,True,ok,2.0888457188989076,1.7124509547775735,0.032471477189011,True,False
454,246198,10.625254695,5827551019,B,True,ok,2.087079329902674,1.7055415311712405,0.025707977913263944,True,False
455,246199,10.648334356,5827574019,A,True,ok,2.09103000552828,1.7106195385123857,0.030636857706033783,True,False
455,246199,10.648334356,5827574019,B,True,ok,2.0868312843349397,1.7063723378894524,0.02656202109632188,True,False
456,246200,10.670299396,5827596019,A,True,ok,2.1010873135079247,1.709617902251126,0.03162512694963087,True,False
456,246200,10.670299396,5827596019,B,True,ok,2.0877898690157712,1.708075875740193,0.02816273206821758,True,False
457,246201,10.69230738,5827618019,A,True,ok,2.0887070616421104,1.7285224926171825,0.04853971548517603,True,False
457,246201,10.69230738,5827618019,B,True,ok,2.086740417195618,1.7100558763314444,0.030232111770594296,True,False
458,246202,10.715262174,5827641019,A,True,ok,2.066992536602088,1.7032580303722877,0.032715124160004556,True,False
458,246202,10.715262174,5827641019,B,True,ok,2.0851022537713275,1.709169122239719,0.029577451045621636,True,False
459,246203,10.737307696,5827663019,A,True,ok,2.0737377311741034,1.725024303573769,0.04787117399509466,True,False
459,246203,10.737307696,5827663019,B,True,ok,2.0848906681313153,1.7113049445754906,0.031719155521843595,True,False
460,246204,10.759328353,5827685019,A,True,ok,2.091826092663542,1.7140791688274104,0.03412805828615199,True,False
460,246204,10.759328353,5827685019,B,True,ok,2.0855553980590225,1.7111512162821185,0.03146669290327584,True,False
461,246205,10.781282224,5827707019,A,True,ok,2.055052263155602,1.6893584466041478,0.03617906623156497,True,False
461,246205,10.781282224,5827707019,B,True,ok,2.0822544865471584,1.7088283002190288,0.02985069299307146,True,False
462,246206,10.804333084,5827730019,A,True,ok,2.080873870546465,1.717617508834706,0.03870869682296047,True,False
462,246206,10.804333084,5827730019,B,True,ok,2.0822420287344428,1.7113096747617456,0.03225650092374405,True,False
463,246207,10.826324141,5827752019,A,True,ok,2.0665549064237005,1.720714957098481,0.04698276433259951,True,False
463,246207,10.826324141,5827752019,B,True,ok,2.0805498769849016,1.712528338355717,0.03387325820148554,True,False
464,246208,10.848303004,5827774020,A,True,ok,2.037936473840746,1.7135265457211413,0.06192447031769506,True,False
464,246208,10.848303004,5827774020,B,True,ok,2.0766072340386033,1.7132559695323628,0.03585143915708533,True,False
465,246209,10.870281068,5827796020,A,True,ok,2.0380178350027434,1.6926573643382172,0.053500975222816015,True,False
465,246209,10.870281068,5827796020,B,True,ok,2.073151047690433,1.7122717267092318,0.036405377881920165,True,False
466,246210,10.893274807,5827819020,A,True,ok,2.0686666529548514,1.709335991240714,0.03627274566701556,True,False
466,246210,10.893274807,5827819020,B,True,ok,2.071664445702634,1.7127078147503634,0.03749658247274998,True,False
467,246211,10.921281577,5827847019,A,True,ok,2.074310295009223,1.720038170671967,0.043002580776683286,True,False
467,246211,10.921281577,5827847019,B,True,ok,2.0714750708474745,1.712695367074569,0.03757871775682216,True,False
468,246212,10.943321755,5827869019,A,True,ok,2.089273592902544,1.72117319077198,0.041179598172117984,True,False
468,246212,10.943321755,5827869019,B,True,ok,2.0737708976236067,1.71489159352003,0.03848125598665474,True,False
469,246213,10.975332633,5827901019,A,True,ok,2.0791877303732176,1.695813842482198,0.019156794839795394,True,False
469,246213,10.975332633,5827901019,B,True,ok,2.0719972106037843,1.7129469417966432,0.037544658738572795,True,False
470,246214,10.99231965,5827918019,A,True,ok,2.0751402727577766,1.6924667958600275,0.01939671345173899,True,False
470,246214,10.99231965,5827918019,B,True,ok,2.071810237100251,1.7114780993347434,0.03635571773568842,True,False
471,246215,11.014312658,5827940019,A,True,ok,2.072701653344405,1.70421179431353,0.02975640739232158,True,False
471,246215,11.014312658,5827940019,B,True,ok,2.0712786067638578,1.71033000024082,0.03564266375161104,True,False
472,246216,11.054298279,5827980019,A,True,ok,2.0561844366665833,1.713800845319377,0.04781202221053563,True,False
472,246216,11.054298279,5827980019,B,True,ok,2.068031247210111,1.7098706930001086,0.03707943364521621,True,False
473,246217,11.076285463,5828002019,A,True,ok,2.0822260155008783,1.7158177156013785,0.0366516518849263,True,False
473,246217,11.076285463,5828002019,B,True,ok,2.0688279522335957,1.709555425119796,0.03635627539551829,True,False
474,246218,11.098334793,5828024019,A,True,ok,2.0915070314375166,1.7156970887025582,0.03572888587112642,True,False
474,246218,11.098334793,5828024019,B,True,ok,2.071239765960416,1.7101566567663695,0.0355157757699954,True,False
475,246219,11.121288915,5828047019,A,True,ok,2.0789484551713238,1.7034315345671625,0.02590701556089333,True,False
475,246219,11.121288915,5828047019,B,True,ok,2.0725276843126457,1.7093459996504314,0.03415361636725588,True,False
476,246220,11.143288643,5828069019,A,True,ok,2.087217006791708,1.712657122604173,0.03277548943923468,True,False
476,246220,11.143288643,5828069019,B,True,ok,2.0736022535334677,1.7102764117609774,0.03443177599690327,True,False
477,246221,11.165315476,5828091019,A,True,ok,2.0412762863986873,1.7141584992191592,0.05950464970074216,True,False
477,246221,11.165315476,5828091019,B,True,ok,2.0700145583834506,1.7101466777292078,0.03616960125184153,True,False
478,246222,11.187322373,5828113019,A,True,ok,2.0469082793092324,1.6928178463478054,0.04495768651840384,True,False
478,246222,11.187322373,5828113019,B,True,ok,2.0685318587103896,1.7076396237115534,0.034997569763441275,True,False
479,246223,11.210341841,5828136019,A,True,ok,2.047170262597123,1.6883971374231646,0.04364514088535965,True,False
479,246223,11.210341841,5828136019,B,True,ok,2.065168704441901,1.7043171218376494,0.03475508097474009,True,False
480,246224,11.232367298,5828158019,A,True,ok,2.0413936806050796,1.6929832069275503,0.05031041589218469,True,False
480,246224,11.232367298,5828158019,B,True,ok,2.062729027485968,1.702258473269343,0.035201499600771756,True,False
481,246225,11.260297906,5828186019,A,True,ok,2.080966880714657,1.702607208176651,0.024345083806914174,True,False
481,246225,11.260297906,5828186019,B,True,ok,2.0662697240567782,1.7016700530506232,0.03213591753098504,True,False
482,246226,11.282120222,5828208019,A,True,ok,2.0663806605738984,1.7229312522436937,0.048999649122591214,True,False
482,246226,11.282120222,5828208019,B,True,ok,2.066393275884398,1.704007059463597,0.033669219289416505,True,False
483,246227,11.304330644,5828230019,A,True,ok,2.054843315545893,1.6902426981264738,0.0366183741681101,True,False
483,246227,11.304330644,5828230019,B,True,ok,2.0642119125348635,1.701525322030625,0.033591143827378635,True,False
484,246228,11.327125145,5828253019,A,True,ok,2.0673757055320863,1.719523569690805,0.045540874621320115,True,False
484,246228,11.327125145,5828253019,B,True,ok,2.063356380814744,1.7033302627593354,0.03541445472838137,True,False
485,246229,11.349307311,5828275019,A,True,ok,2.0752987722492025,1.7240869380249038,0.046473478477434056,True,False
485,246229,11.349307311,5828275019,B,True,ok,2.063636794480442,1.7058230872802569,0.03690325787718758,True,False
486,246230,11.371356448,5828297019,A,True,ok,2.059082482213396,1.713415613175291,0.045524675835920535,True,False
486,246230,11.371356448,5828297019,B,True,ok,2.062419736943552,1.7059042463028504,0.03783782349424442,True,False
487,246231,11.393334288,5828319020,A,True,ok,2.055871914141069,1.7155291410342228,0.04926505969776417,True,False
487,246231,11.393334288,5828319020,B,True,ok,2.0618617950842855,1.70708163464435,0.03905346989562895,True,False
488,246232,11.41634326,5828342019,A,True,ok,2.0702380431348675,1.7135259302018064,0.038916872112693665,True,False
488,246232,11.41634326,5828342019,B,True,ok,2.0621787584702265,1.7079588355668394,0.039442590768248895,True,False
489,246233,11.438203496,5828364019,A,True,ok,2.0706395386394174,1.6956888062256954,0.02491919149735855,True,False
489,246233,11.438203496,5828364019,B,True,ok,2.0631999782387376,1.7062781355244079,0.037533739129525616,True,False
490,246234,11.470322089,5828396019,A,True,ok,2.07976175312634,1.7106797646846357,0.03234300017238088,True,False
490,246234,11.470322089,5828396019,B,True,ok,2.066835126878329,1.7061147464855229,0.03490832752719964,True,False
491,246235,11.487284882,5828413019,A,True,ok,2.08627100991837,1.7291931988826834,0.0493343306769246,True,False
491,246235,11.487284882,5828413019,B,True,ok,2.0699302950639593,1.7088335849654837,0.03513073694333067,True,False
492,246236,11.510114809,5828436020,A,True,ok,2.060887569947242,1.6923984182916274,0.0316426035545573,True,False
492,246236,11.510114809,5828436020,B,True,ok,2.069639486458064,1.707376915644285,0.034118118674476394,True,False
493,246237,11.532289806,5828458019,A,True,ok,2.0627742673793446,1.7302548057217682,0.05715580473463812,True,False
493,246237,11.532289806,5828458019,B,True,ok,2.069173070060511,1.7101655770135498,0.0366568281124375,True,False
494,246238,11.573387168,5828499019,A,True,ok,2.06137010962234,1.7055374425068142,0.038364457416020806,True,False
494,246238,11.573387168,5828499019,B,True,ok,2.069763672379765,1.7105644151747785,0.036656410497070045,True,False
495,246239,11.601281136,5828527019,A,True,ok,2.0877291745127065,1.7337998130767631,0.05384771615851874,True,False
495,246239,11.601281136,5828527019,B,True,ok,2.0719209177728977,1.7133438384170598,0.03792973470191061,True,False
496,246240,11.623334593,5828549019,A,True,ok,2.1124952702525217,1.729835808512462,0.05467764619865042,True,False
496,246240,11.623334593,5828549019,B,True,ok,2.0781169627945526,1.7173726855820848,0.03921637669193083,True,False
497,246241,11.64536117,5828571019,A,True,ok,2.09466582363276,1.7086382751198885,0.029015870002714977,True,False
497,246241,11.64536117,5828571019,B,True,ok,2.0791538490830197,1.717523373003375,0.03905947402698,True,False
498,246242,11.668344637,5828594019,A,True,ok,2.087948482293191,1.7322413036178763,0.052281569683747,True,False
498,246242,11.668344637,5828594019,B,True,ok,2.0791122437404264,1.7190975206709047,0.0405852110870414,True,False
499,246243,11.690112327,5828616020,A,True,ok,2.1053559056275164,1.6937827784366883,0.020634166304361247,True,False
499,246243,11.690112327,5828616020,B,True,ok,2.082395589830192,1.716377023979352,0.03716335463363127,True,False
500,246244,11.712368415,5828638020,A,True,ok,2.0923262940713756,1.709930134634346,0.030020403117490005,True,False
500,246244,11.712368415,5828638020,B,True,ok,2.0838577037324058,1.7157465077287999,0.03627038210777569,True,False
501,246245,11.735329705,5828661019,A,True,ok,2.1000474573473005,1.7260399477207335,0.04712354173100435,True,False
501,246245,11.735329705,5828661019,B,True,ok,2.0876668677406838,1.7186592632789508,0.038729602933811495,True,False
502,246246,11.757129044,5828683019,A,True,ok,2.0926051312151093,1.7282904247552573,0.04836064341684372,True,False
502,246246,11.757129044,5828683019,B,True,ok,2.089681617059305,1.7205147153436346,0.04051596632282976,True,False
503,246247,11.779297193,5828705019,A,True,ok,2.0735066288724333,1.7068473070983654,0.031508874774983486,True,False
503,246247,11.779297193,5828705019,B,True,ok,2.0897286848601073,1.7189524193523409,0.03895336423604206,True,False
504,246248,11.801353211,5828727019,A,True,ok,2.1041947031683934,1.7282404171138765,0.050285459542094284,True,False
504,246248,11.801353211,5828727019,B,True,ok,2.0931040793210736,1.7196404424377834,0.03976179051671011,True,False
505,246249,11.824319589,5828750019,A,True,ok,2.0819959065129434,1.7155392876052298,0.036429472629133444,True,False
505,246249,11.824319589,5828750019,B,True,ok,2.093878089279951,1.7194931095472323,0.03968306034283359,True,False
506,246250,11.846351927,5828772019,A,True,ok,2.04725821752394,1.7187360635586255,0.05768312222174436,True,False
506,246250,11.846351927,5828772019,B,True,ok,2.0894852137452538,1.7199118151271915,0.03991513486930981,True,False
507,246251,11.868138529,5828794019,A,True,ok,2.0716914038198753,1.727663139967011,0.05105858992962657,True,False
507,246251,11.868138529,5828794019,B,True,ok,2.089414479529381,1.721377812021151,0.041381954543970256,True,False
508,246252,11.890348055,5828816019,A,True,ok,2.0719765224673106,1.7029155269205074,0.02915419551995661,True,False
508,246252,11.890348055,5828816019,B,True,ok,2.089994987383658,1.7209756727927197,0.04097567309932023,True,False
509,246253,11.913365379,5828839019,A,True,ok,2.065869810027801,1.6918954721151713,0.02690294268174442,True,False
509,246253,11.913365379,5828839019,B,True,ok,2.089359485772366,1.7177387270215647,0.037744162140442135,True,False
510,246254,11.941378677,5828867019,A,True,ok,2.0711131479960354,1.7188950702738346,0.04323817376145982,True,False
510,246254,11.941378677,5828867019,B,True,ok,2.089706933788311,1.718397851009758,0.03839896938684693,True,False
511,246255,11.963371333,5828889019,A,True,ok,2.079366993030637,1.7095790772128854,0.03143219123727068,True,False
511,246255,11.963371333,5828889019,B,True,ok,2.0896186399377834,1.7191460411163433,0.03914789867386879,True,False
512,246256,11.985374134,5828911020,A,True,ok,2.091129018424475,1.7274841646460994,0.04749758493587532,True,False
512,246256,11.985374134,5828911020,B,True,ok,2.0900213417829043,1.719905288002408,0.039905293709316635,True,False
513,246257,12.008343552,5828934019,A,True,ok,2.0746723025517437,1.7002005716775148,0.02535747237332013,True,False
513,246257,12.008343552,5828934019,B,True,ok,2.0885326483678024,1.7171635474684923,0.03719250436923277,True,False
514,246258,12.030336657,5828956019,A,True,ok,2.0772820719049045,1.7249493364230257,0.04671390092790761,True,False
514,246258,12.030336657,5828956019,B,True,ok,2.086962280004312,1.7176257758454632,0.03774820195380498,True,False
515,246259,12.052366978,5828978020,A,True,ok,2.0783194265896516,1.7262431424699705,0.04769553459908512,True,False
515,246259,12.052366978,5828978020,B,True,ok,2.0859402975116237,1.7167293135558817,0.036952992552436184,True,False
516,246260,12.09136566,5829017019,A,True,ok,2.0580311991304683,1.7085178892839887,0.04284010081978806,True,False
516,246260,12.09136566,5829017019,B,True,ok,2.083010060406108,1.7165137272687176,0.03717676067895853,True,False
517,246261,12.113369613,5829039019,A,True,ok,2.089509413539663,1.7067998440372667,0.026804333893922613,True,False
517,246261,12.113369613,5829039019,B,True,ok,2.082915659932273,1.7141854887912977,0.03491182490353584,True,False
518,246262,12.136376664,5829062019,A,True,ok,2.0900451249425567,1.7080662628642018,0.02806629914012388,True,False
518,246262,12.136376664,5829062019,B,True,ok,2.0837380656482143,1.7134570979137749,0.03403805550612425,True,False
519,246263,12.1583666,5829084020,A,True,ok,2.085808414757443,1.7050311582707767,0.025379682252193256,True,False
519,246263,12.1583666,5829084020,B,True,ok,2.084243878350066,1.7128016930537286,0.033302912840168696,True,False
520,246264,12.1803446,5829106019,A,True,ok,2.061171767827804,1.7109489985371562,0.0422954782527274,True,False
520,246264,12.1803446,5829106019,B,True,ok,2.08093690786566,1.7125257062913188,0.0337647924439745,True,False
521,246265,12.202344104,5829128019,A,True,ok,2.038962400084853,1.7140878803661876,0.061374426212862696,True,False
521,246265,12.202344104,5829128019,B,True,ok,2.0749213517675256,1.712549953251451,0.03587290187858167,True,False
522,246266,12.225351508,5829151019,A,True,ok,2.067442417662433,1.6982352569289185,0.02900636337391828,True,False
522,246266,12.225351508,5829151019,B,True,ok,2.072963345580581,1.7106948722414193,0.03510587950363518,True,False
523,246267,12.247377413,5829173019,A,True,ok,2.0611569657835704,1.7221872595391707,0.051104652334552435,True,False
523,246267,12.247377413,5829173019,B,True,ok,2.070512632592344,1.7105430283284269,0.03623029213175143,True,False
524,246268,12.2754134,5829201019,A,True,ok,2.0673054996369458,1.707482842646781,0.03564192737039326,True,False
524,246268,12.2754134,5829201019,B,True,ok,2.069397523317664,1.7095960966206405,0.036060934272762434,True,False
525,246269,12.297459498,5829223019,A,True,ok,2.0803881937645925,1.7288328658840022,0.04976982629618038,True,False
525,246269,12.297459498,5829223019,B,True,ok,2.0700808181290165,1.7120461607750834,0.037732349871586496,True,False
526,246270,12.319355671,5829245019,A,True,ok,2.06395959836238,1.7192383180911568,0.047092973192094725,True,False
526,246270,12.319355671,5829245019,B,True,ok,2.0674399277369213,1.7111131741069547,0.038431581590210526,True,False
527,246271,12.342372099,5829268019,A,True,ok,2.06918762601718,1.7053178146474175,0.03277417656207002,True,False
527,246271,12.342372099,5829268019,B,True,ok,2.0653297897249963,1.7107724657648233,0.03944063797988214,True,False
528,246272,12.364381076,5829290019,A,True,ok,2.0673155734127935,1.720709669672063,0.04660322321898822,True,False
528,246272,12.364381076,5829290019,B,True,ok,2.0648861170901958,1.711761839478032,0.04049100593756137,True,False
529,246273,12.38643815,5829312019,A,True,ok,2.0669499411660266,1.70642412195332,0.035064789080408894,True,False
529,246273,12.38643815,5829312019,B,True,ok,2.0627076863053238,1.7100857200944994,0.04062044978102995,True,False
530,246274,12.40835138,5829334019,A,True,ok,2.082505454243647,1.715650471858014,0.03642971808555636,True,False
530,246274,12.40835138,5829334019,B,True,ok,2.0639258699920533,1.7112375636096213,0.0406896256549067,True,False
531,246275,12.431349535,5829357020,A,True,ok,2.071883846386171,1.7130205288947313,0.03766364759615872,True,False
531,246275,12.431349535,5829357020,B,True,ok,2.0651561372329503,1.7118884813819162,0.04042391324491988,True,False
532,246276,12.453389808,5829379020,A,True,ok,2.0604510804946896,1.7127684791358413,0.0441238242767711,True,False
532,246276,12.453389808,5829379020,B,True,ok,2.0644027310105217,1.7113187055282082,0.040448504245303316,True,False
533,246277,12.475335679,5829401019,A,True,ok,2.065576434988047,1.7356474238152946,0.060771262165369815,True,False
533,246277,12.475335679,5829401019,B,True,ok,2.063981415914516,1.7146608871802564,0.04333986407380479,True,False
534,246278,12.498386924,5829424019,A,True,ok,2.0475229483071913,1.7296788960336298,0.06536277711078176,True,False
534,246278,12.498386924,5829424019,B,True,ok,2.062679064044215,1.7152350534783316,0.044586349201532434,True,False
535,246279,12.520366556,5829446019,A,True,ok,2.0456126076652423,1.7164165379118055,0.05741432601504316,True,False
535,246279,12.520366556,5829446019,B,True,ok,2.060674506615078,1.7151054299696569,0.04574249419985297,True,False
536,246280,12.542389613,5829468019,A,True,ok,2.055279541648877,1.7252458753609277,0.05703244221746661,True,False
536,246280,12.542389613,5829468019,B,True,ok,2.0603424426642833,1.7168598162392767,0.04730979560634951,True,False
537,246281,12.564371133,5829490020,A,True,ok,2.0451804936802214,1.7175927002622056,0.0584978568817072,True,False
537,246281,12.564371133,5829490020,B,True,ok,2.058714976635807,1.717767110497038,0.04904189354208882,True,False
538,246282,12.603373975,5829529019,A,True,ok,2.052341085590731,1.7343555907949806,0.0661265762394819,True,False
538,246282,12.603373975,5829529019,B,True,ok,2.057897329686488,1.720557857869791,0.05172544128612358,True,False
539,246283,12.631368713,5829557019,A,True,ok,2.067139725290004,1.7279708837289895,0.05313941894259582,True,False
539,246283,12.631368713,5829557019,B,True,ok,2.058813031553047,1.7218989864813408,0.05223171516497242,True,False
540,246284,12.653358937,5829579019,A,True,ok,2.0594059619885,1.7075033997286349,0.04113918033313473,True,False
540,246284,12.653358937,5829579019,B,True,ok,2.0568662671863245,1.7209360074144737,0.052664987925621715,True,False
541,246285,12.675385706,5829601019,A,True,ok,2.0670830993587157,1.7036777246269337,0.03295176745656285,True,False
541,246285,12.675385706,5829601019,B,True,ok,2.057029925134378,1.7204686166612657,0.05219899205081636,True,False
542,246286,12.698379061,5829624020,A,True,ok,2.0530229201239787,1.6992771520014223,0.041700276083541585,True,False
542,246286,12.698379061,5829624020,B,True,ok,2.055680341038113,1.7177923675901479,0.05104999548804173,True,False
543,246287,12.720358917,5829646019,A,True,ok,2.0678381207183287,1.7166859603006566,0.04286033803502625,True,False
543,246287,12.720358917,5829646019,B,True,ok,2.0557422563729677,1.7166029060744215,0.05013347914825367,True,False
544,246288,12.742535258,5829668019,A,True,ok,2.085140982929276,1.7214068692042948,0.04169099260266134,True,False
544,246288,12.742535258,5829668019,B,True,ok,2.058127668668632,1.7175142645323145,0.04922565944603461,True,False
545,246289,12.765390754,5829691019,A,True,ok,2.06849206983196,1.6918218533992515,0.024542764267838003,True,False
545,246289,12.765390754,5829691019,B,True,ok,2.059084631151884,1.7144362491395049,0.046277589455514065,True,False
546,246290,12.787452628,5829713019,A,True,ok,2.071443330272111,1.730055441427661,0.05338442851532604,True,False
546,246290,12.787452628,5829713019,B,True,ok,2.060996055672317,1.7169235486411079,0.046952925689626626,True,False
547,246291,12.809401315,5829735019,A,True,ok,2.0556623020148272,1.7287935949528395,0.05966483395889654,True,False
547,246291,12.809401315,5829735019,B,True,ok,2.060245499697565,1.7177216082829432,0.048044250641459646,True,False
548,246292,12.831395443,5829757019,A,True,ok,2.067845356929158,1.706411230311242,0.03447290669714224,True,False
548,246292,12.831395443,5829757019,B,True,ok,2.0611854423741525,1.7171361585273588,0.047003967931892814,True,False
549,246293,12.854382782,5829780019,A,True,ok,2.072947309997523,1.7121722530435417,0.03641219716274014,True,False
549,246293,12.854382782,5829780019,B,True,ok,2.0626258065718877,1.7176610074189242,0.04655854320796531,True,False
550,246294,12.876362318,5829802019,A,True,ok,2.045250076320917,1.6946362929348973,0.04708265859273318,True,False
550,246294,12.876362318,5829802019,B,True,ok,2.060606388674148,1.715298807018268,0.04593462924295983,True,False
551,246295,12.898390975,5829824019,A,True,ok,2.0281205782154204,1.6992171854630571,0.06479477646782515,True,False
551,246295,12.898390975,5829824019,B,True,ok,2.0561721998465528,1.7133385014731168,0.047495007566001855,True,False
552,246296,12.920376079,5829846019,A,True,ok,2.0322041311395664,1.694702259666996,0.059636556713547756,True,False
552,246296,12.920376079,5829846019,B,True,ok,2.0539946153948128,1.7108389493148448,0.04740705132584197,True,False
553,246297,12.943376282,5829869019,A,True,ok,2.0268433180751524,1.683859672175521,0.06327450940986304,True,False
553,246297,12.943376282,5829869019,B,True,ok,2.0517631287568543,1.707238249103883,0.046946571085757526,True,False
554,246298,12.971400941,5829897019,A,True,ok,2.0571286436462697,1.6908086757434193,0.034602796705762086,True,False
554,246298,12.971400941,5829897019,B,True,ok,2.0532388550478875,1.7048090716991233,0.04434942859567033,True,False
555,246299,12.993396413,5829919019,A,True,ok,2.0440290891771857,1.6926658445991145,0.04768383647828737,True,False
555,246299,12.993396413,5829919019,B,True,ok,2.0508504647782786,1.701548646525904,0.044688144682624165,True,False
556,246300,13.015383533,5829941019,A,True,ok,2.0684300608354396,1.7000562560217571,0.029453619152374193,True,False
556,246300,13.015383533,5829941019,B,True,ok,2.0513062372033817,1.7009887263726038,0.044019699159637486,True,False
557,246301,13.038379737,5829964020,A,True,ok,2.058987996036397,1.698262134735154,0.03598958119961165,True,False
557,246301,13.038379737,5829964020,B,True,ok,2.051585608512469,1.698740753354827,0.042742032119024755,True,False
558,246302,13.060366409,5829986019,A,True,ok,2.0710135954719653,1.6953187738900866,0.024395663352279877,True,False
558,246302,13.060366409,5829986019,B,True,ok,2.052620014564243,1.696965494469933,0.04104986374869885,True,False
559,246303,13.08240873,5830008019,A,True,ok,2.0757083083233887,1.7018555883126654,0.02611358250933859,True,False
559,246303,13.08240873,5830008019,B,True,ok,2.054737817881889,1.6957518652756014,0.038620496467439494,True,False
560,246304,13.123256614,5830049019,A,True,ok,2.075722127626739,1.7045450062898315,0.02839568582152936,True,False
560,246304,13.123256614,5830049019,B,True,ok,2.0574266037490427,1.6952753492061599,0.03597724887608831,True,False
561,246305,13.145370874,5830071019,A,True,ok,2.051986936320873,1.6944738059637316,0.04067534965245042,True,False
561,246305,13.145370874,5830071019,B,True,ok,2.057121304996445,1.69332213302669,0.03547517178982527,True,False
562,246306,13.168386214,5830094019,A,True,ok,2.076340453044519,1.697856672262918,0.02248208102765975,True,False
562,246306,13.168386214,5830094019,B,True,ok,2.059581170691516,1.6925623200784252,0.03291074387265464,True,False
563,246307,13.190347925,5830116019,A,True,ok,2.050336996781389,1.705410496683709,0.04710464059975736,True,False
563,246307,13.190347925,5830116019,B,True,ok,2.0589323485212,1.6922356071933156,0.03339025384445735,True,False
564,246308,13.21237415,5830138020,A,True,ok,2.0458244618240067,1.6929872122630312,0.04604504159519958,True,False
564,246308,13.21237415,5830138020,B,True,ok,2.0589025635558524,1.6908560139954951,0.032937874753362205,True,False
565,246309,13.234402839,5830160019,A,True,ok,2.053622669348516,1.7224595711174273,0.055911764100261226,True,False
565,246309,13.234402839,5830160019,B,True,ok,2.059192087225667,1.6929220565094276,0.03340818812722027,True,False
566,246310,13.257381954,5830183019,A,True,ok,2.046327815926165,1.6892983937221298,0.04465108943341305,True,False
566,246310,13.257381954,5830183019,B,True,ok,2.058046884813886,1.6911942498650836,0.03385724147267424,True,False
567,246311,13.279379442,5830205019,A,True,ok,2.031138863247031,1.7079178919707443,0.0651463131108879,True,False
567,246311,13.279379442,5830205019,B,True,ok,2.0555680292191383,1.6930068816889634,0.03680678718829991,True,False
568,246312,13.307357796,5830233019,A,True,ok,2.075908458370698,1.7059610884990986,0.029538951598666797,True,False
568,246312,13.307357796,5830233019,B,True,ok,2.0571485001789696,1.694168655521223,0.035776694086657006,True,False
569,246313,13.329448919,5830255019,A,True,ok,2.073438083539458,1.6942623973969095,0.021856647875494174,True,False
569,246313,13.329448919,5830255019,B,True,ok,2.0582748314337063,1.693383727735177,0.0344326950535257,True,False
570,246314,13.351378501,5830277019,A,True,ok,2.066391698824645,1.7035334460024436,0.033334291129948866,True,False
570,246314,13.351378501,5830277019,B,True,ok,2.0589563371143056,1.694294714488264,0.03417671528484884,True,False
571,246315,13.374403281,5830300019,A,True,ok,2.055230910368431,1.6900887583934294,0.03620321311332807,True,False
571,246315,13.374403281,5830300019,B,True,ok,2.05780498495202,1.6932089637274328,0.034799363739762425,True,False
573,246316,13.396384577,5830322019,A,True,ok,2.057318724325184,1.6891264692253316,0.03393166987129058,True,False
573,246316,13.396384577,5830322019,B,True,ok,2.058330419004442,1.692982579580691,0.034227324362315764,True,False
574,246317,13.41938094,5830345020,A,True,ok,2.054230860189324,1.6703527182228226,0.03704728611496285,True,False
574,246317,13.41938094,5830345020,B,True,ok,2.0573580008456553,1.6903016636187755,0.03422899913971533,True,False
575,246318,13.441412926,5830367019,A,True,ok,2.05857913928495,1.6827238410724705,0.031538703179785785,True,False
575,246318,13.441412926,5830367019,B,True,ok,2.0577863365521702,1.689182426984518,0.03349682190978776,True,False
576,246319,13.463384717,5830389020,A,True,ok,2.0674323377183463,1.6783580856008784,0.022627312340461687,True,False
576,246319,13.463384717,5830389020,B,True,ok,2.0596135392297894,1.688099460122266,0.031447388642170566,True,False
577,246320,13.485384158,5830411020,A,True,ok,2.0479321370215406,1.6755074361206383,0.042307070635823556,True,False
577,246320,13.485384158,5830411020,B,True,ok,2.058424158378506,1.6850230001298738,0.031972868254355656,True,False
578,246321,13.50739339,5830433019,A,True,ok,2.0530663390611537,1.6760839934251008,0.0371406841326369,True,False
578,246321,13.50739339,5830433019,B,True,ok,2.057791810104319,1.6825952287068664,0.03231257817626404,True,False
579,246322,13.530405946,5830456019,A,True,ok,2.0648641423722167,1.675845298192294,0.025476908874412906,True,False
579,246322,13.530405946,5830456019,B,True,ok,2.0598504226371332,1.682158739844785,0.030226762527219838,True,False
580,246323,13.552396906,5830478019,A,True,ok,2.052799762006403,1.6584305729075106,0.0430011382625908,True,False
580,246323,13.552396906,5830478019,B,True,ok,2.060165012111014,1.6785408268168047,0.029870649285117477,True,False
581,246324,13.574400795,5830500020,A,True,ok,2.064338484186657,1.7010137960610343,0.033167650184075116,True,False
581,246324,13.574400795,5830500020,B,True,ok,2.061582739489149,1.6791128976759204,0.028431103486761606,True,False
582,246325,13.596378763,5830522020,A,True,ok,2.045566931225482,1.6888078187394149,0.04529762986810036,True,False
582,246325,13.596378763,5830522020,B,True,ok,2.061182375698466,1.6804434907448305,0.02882103666464991,True,False
583,246326,13.637338202,5830563019,A,True,ok,2.058717809017811,1.707932645221841,0.041938146617791494,True,False
583,246326,13.637338202,5830563019,B,True,ok,2.062239899550399,1.683964065043456,0.02804170088708387,True,False
584,246327,13.665273482,5830591019,A,True,ok,2.0856846703582614,1.7140241628425055,0.03429673055919763,True,False
584,246327,13.665273482,5830591019,B,True,ok,2.067059402056331,1.6880169611007068,0.02430108432361231,True,False
585,246328,13.687416606,5830613019,A,True,ok,2.0765500342096024,1.7044978079977249,0.027947167592732157,True,False
585,246328,13.687416606,5830613019,B,True,ok,2.0683671888784527,1.6890893195472256,0.02346474476426523,True,False
586,246329,13.709494033,5830635019,A,True,ok,2.080776882804144,1.722491912834339,0.04348135861641811,True,False
586,246329,13.709494033,5830635019,B,True,ok,2.069247539569876,1.6931745527249182,0.024581160538215064,True,False
587,246330,13.732384089,5830658019,A,True,ok,2.0899379522576127,1.6906192385570011,0.010619419826564737,True,False
587,246330,13.732384089,5830658019,B,True,ok,2.0704482765562564,1.6919311590527104,0.02290463808842441,True,False
588,246331,13.754431115,5830680019,A,True,ok,2.0497398471705965,1.7044270819140497,0.04709099952944945,True,False
588,246331,13.754431115,5830680019,B,True,ok,2.0672626115512767,1.6928425447069835,0.0261135939314948,True,False
589,246332,13.776267255,5830702019,A,True,ok,2.080104446994827,1.7286305591194489,0.0496271422665904,True,False
589,246332,13.776267255,5830702019,B,True,ok,2.069036026604091,1.6965475957426943,0.02670788470485842,True,False
590,246333,13.799383845,5830725019,A,True,ok,2.0573973159635157,1.6839458442461244,0.03284059520163256,True,False
590,246333,13.799383845,5830725019,B,True,ok,2.067316932198247,1.6949916184830747,0.027189523527288713,True,False
591,246334,13.821410006,5830747019,A,True,ok,2.0979369208457554,1.6966227741377344,0.01842040533066318,True,False
591,246334,13.821410006,5830747019,B,True,ok,2.0716747286932904,1.6954056064709755,0.023940515433111983,True,False
592,246335,13.84338775,5830769020,A,True,ok,2.083398671163331,1.687305963373731,0.009846554891338219,True,False
592,246335,13.84338775,5830769020,B,True,ok,2.073698732865709,1.6944925981915007,0.021812077217078778,True,False
593,246336,13.86537999,5830791020,A,True,ok,2.081444543011737,1.7157011110480698,0.03671192141995058,True,False
593,246336,13.86537999,5830791020,B,True,ok,2.0761468199257593,1.6968864834973534,0.021841793037104918,True,False
594,246337,13.888408002,5830814019,A,True,ok,2.0802253040482026,1.697604016337619,0.020135691499554662,True,False
594,246337,13.888408002,5830814019,B,True,ok,2.0787590413813937,1.6973398309380667,0.020664677293051423,True,False
595,246338,13.910426835,5830836019,A,True,ok,2.0482639393493245,1.6846811886569066,0.04199776524862251,True,False
595,246338,13.910426835,5830836019,B,True,ok,2.0762508349432043,1.6958873506470309,0.021010650878559745,True,False
596,246339,13.932385443,5830858019,A,True,ok,2.0580834244499617,1.6962946466814108,0.035835503419281094,True,False
596,246339,13.932385443,5830858019,B,True,ok,2.0761954859556853,1.6965126815509155,0.021522854364642862,True,False
597,246340,13.954389267,5830880019,A,True,ok,2.0399493008484013,1.6606250522548065,0.05366992720036803,True,False
597,246340,13.954389267,5830880019,B,True,ok,2.0729584293698085,1.692512754421531,0.021141999734115704,True,False
598,246341,13.977409375,5830903019,A,True,ok,2.050968627164744,1.681448397383121,0.03905823754836097,True,False
598,246341,13.977409375,5830903019,B,True,ok,2.072429236649752,1.6913373733395616,0.02091094830348497,True,False
599,246342,14.005433426,5830931019,A,True,ok,2.0466051648732337,1.6830205721662985,0.04349983415935091,True,False
599,246342,14.005433426,5830931019,B,True,ok,2.070615614980765,1.6901182668878412,0.02186626871204866,True,False
600,246343,14.027404961,5830953019,A,True,ok,2.075431613780523,1.6915291928613667,0.018578486619594114,True,False
600,246343,14.027404961,5830953019,B,True,ok,2.071432082391002,1.6913190454807128,0.021745996296536323,True,False
601,246344,14.049449811,5830975019,A,True,ok,2.055649524276933,1.6759672379792696,0.03458638969185514,True,False
601,246344,14.049449811,5830975019,B,True,ok,2.0697706287174182,1.6908659990173558,0.022962957064230998,True,False
602,246345,14.072392061,5830998019,A,True,ok,2.0776854393170336,1.6984641111685044,0.022193958773894927,True,False
602,246345,14.072392061,5830998019,B,True,ok,2.0697381871249485,1.6915712537755565,0.02333313041411137,True,False
603,246346,14.094426382,5831020019,A,True,ok,2.086180096048647,1.704117742808474,0.02441837800455348,True,False
603,246346,14.094426382,5831020019,B,True,ok,2.070465843891296,1.6926496792077455,0.02327225040553842,True,False
604,246347,14.116459072,5831042019,A,True,ok,2.043751542447006,1.6950605888312755,0.04863888528714275,True,False
604,246347,14.116459072,5831042019,B,True,ok,2.0685861345771865,1.6936956053725996,0.025418954322873694,True,False
605,246348,14.157410766,5831083019,A,True,ok,2.071975730881793,1.7147771485894003,0.03917045240043546,True,False
605,246348,14.157410766,5831083019,B,True,ok,2.0701500627743483,1.6974850532738224,0.02645273323969974,True,False
606,246349,14.180469595,5831106019,A,True,ok,2.065764433017872,1.6876306123398948,0.02540844252658876,True,False
606,246349,14.180469595,5831106019,B,True,ok,2.0697632851526038,1.6968773521290865,0.026350894533279223,True,False
607,246350,14.202417354,5831128019,A,True,ok,2.075622002538456,1.7121904107712225,0.03525548690096615,True,False
607,246350,14.202417354,5831128019,B,True,ok,2.070413204201739,1.6991549923547717,0.02739628262655609,True,False
608,246351,14.224445179,5831150019,A,True,ok,2.0824257074772348,1.7067714722596516,0.027822322587622267,True,False
608,246351,14.224445179,5831150019,B,True,ok,2.071685605479759,1.6995838535903316,0.026813137975450888,True,False
609,246352,14.24638849,5831172019,A,True,ok,2.0719365308918567,1.7111221437321489,0.035984395878010514,True,False
609,246352,14.24638849,5831172019,B,True,ok,2.071967259053887,1.7010951539525607,0.027752211917464378,True,False
610,246353,14.269403734,5831195019,A,True,ok,2.0725418435348963,1.7160610632888489,0.04006479143440541,True,False
610,246353,14.269403734,5831195019,B,True,ok,2.072568538464632,1.7027480306553102,0.02865883371587104,True,False
611,246354,14.291475817,5831217019,A,True,ok,2.068265129806558,1.7087654174610385,0.03605348560172207,True,False
611,246354,14.291475817,5831217019,B,True,ok,2.0715387504342866,1.7032099554610025,0.029656698535563117,True,False
612,246355,14.313417847,5831239019,A,True,ok,2.071665915873782,1.7028972800176996,0.029332986090000797,True,False
612,246355,14.313417847,5831239019,B,True,ok,2.0712027271302316,1.702872537902276,0.029605581524968932,True,False
613,246356,14.341365544,5831267019,A,True,ok,2.1022083352974987,1.6951866961305926,0.01948535835182701,True,False
613,246356,14.341365544,5831267019,B,True,ok,2.074455538007194,1.7007754962422832,0.025947091219612965,True,False
614,246357,14.363399417,5831289020,A,True,ok,2.094181107924947,1.7118439425327412,0.032117259215390465,True,False
614,246357,14.363399417,5831289020,B,True,ok,2.077268121818427,1.701130656602257,0.02466992846509536,True,False
615,246358,14.385433547,5831311019,A,True,ok,2.085844589234068,1.6713026699819662,0.009639034602916059,True,False
615,246358,14.385433547,5831311019,B,True,ok,2.0778796093998144,1.6969546296068776,0.020841385112498546,True,False
616,246359,14.408578298,5831334019,A,True,ok,2.1075537058456164,1.723022876367424,0.04646612185066761,True,False
616,246359,14.408578298,5831334019,B,True,ok,2.080878001032057,1.6997240017544955,0.02173124732689071,True,False
617,246360,14.430401062,5831356020,A,True,ok,2.0737462568221128,1.7150655819407838,0.03864943989424092,True,False
617,246360,14.430401062,5831356020,B,True,ok,2.082029861692349,1.7019141888304026,0.023318550056502834,True,False
618,246361,14.452400342,5831378019,A,True,ok,2.0889900336383507,1.709773858657256,0.029790983390850356,True,False
618,246361,14.452400342,5831378019,B,True,ok,2.0813316099500248,1.7029455472315578,0.024528333082665013,True,False
619,246362,14.474410151,5831400019,A,True,ok,2.0890689424028674,1.7095504668313388,0.029565130782718305,True,False
619,246362,14.474410151,5831400019,B,True,ok,2.0836054713018974,1.7048107497621787,0.025621539786521614,True,False
620,246363,14.49740597,5831423019,A,True,ok,2.086365420307082,1.7056746947542727,0.025930679132434093,True,False
620,246363,14.49740597,5831423019,B,True,ok,2.0862071827834745,1.7070218781390283,0.027286761636340598,True,False
621,246364,14.519440675,5831445019,A,True,ok,2.0763578596848147,1.7256352900796794,0.04763074315015139,True,False
621,246364,14.519440675,5831445019,B,True,ok,2.08554455341054,1.7097054331954533,0.030037705731980797,True,False
622,246365,14.541437364,5831467019,A,True,ok,2.0809176567828938,1.724327973299618,0.045248847224707955,True,False
622,246365,14.541437364,5831467019,B,True,ok,2.0871486786456535,1.71172129158927,0.03184918167798436,True,False
623,246366,14.564424191,5831490019,A,True,ok,2.0728212256175502,1.7293136773389743,0.05222019783546961,True,False
623,246366,14.564424191,5831490019,B,True,ok,2.0868238565351915,1.7165599569428316,0.036697661219357684,True,False
624,246367,14.586454448,5831512019,A,True,ok,2.0693019885517625,1.7229854448265887,0.047709078222609454,True,False
624,246367,14.586454448,5831512019,B,True,ok,2.0851606316129248,1.718825135150923,0.03912557483121825,True,False
625,246368,14.608405087,5831534019,A,True,ok,2.0809297307354497,1.7411509149518187,0.06181993354878358,True,False
625,246368,14.608405087,5831534019,B,True,ok,2.0848273324093065,1.7220212821596843,0.0423384534949922,True,False
626,246369,14.630406736,5831556019,A,True,ok,2.0698692956034277,1.7447066066875483,0.06776570082659256,True,False
626,246369,14.630406736,5831556019,B,True,ok,2.085482579918349,1.7259633034967172,0.04618476320741988,True,False
627,246370,14.671291709,5831597019,A,True,ok,2.052655273874542,1.727939873886584,0.06076890716186248,True,False
627,246370,14.671291709,5831597019,B,True,ok,2.0849494413687575,1.7302980939356862,0.050551027645842565,True,False
628,246371,14.69942997,5831625019,A,True,ok,2.1022218187752175,1.720767299458905,0.0425599055373282,True,False
628,246371,14.69942997,5831625019,B,True,ok,2.0895086691028513,1.7319354756464376,0.0519377996903239,True,False
629,246372,14.731411376,5831657019,A,True,ok,2.086691542281009,1.7135373406044352,0.033700135122818886,True,False
629,246372,14.731411376,5831657019,B,True,ok,2.0904514009229476,1.7332360575301027,0.05323797126245183,True,False
630,246373,14.748419386,5831674019,A,True,ok,2.0915514491293674,1.7231009972977809,0.04312891098166444,True,False
630,246373,14.748419386,5831674019,B,True,ok,2.0905239534251447,1.731328164461907,0.051330838627673875,True,False
631,246374,14.770418506,5831696019,A,True,ok,2.082508962861972,1.710082143294301,0.03100082228880664,True,False
631,246374,14.770418506,5831696019,B,True,ok,2.088915561020961,1.7291389187910715,0.049150883490073564,True,False
632,246375,14.792411546,5831718019,A,True,ok,2.094075768306447,1.7251387847376267,0.04532242022308217,True,False
632,246375,14.792411546,5831718019,B,True,ok,2.088985242270911,1.7284068005827904,0.0484174356602122,True,False
633,246376,14.815427238,5831741019,A,True,ok,2.079170790499184,1.6968348873725045,0.02001712295155022,True,False
633,246376,14.815427238,5831741019,B,True,ok,2.087639380042471,1.7252660378300486,0.04532754910002615,True,False
634,246377,14.837408118,5831763019,A,True,ok,2.0800440630169224,1.710018412760662,0.03162634638842248,True,False
634,246377,14.837408118,5831763019,B,True,ok,2.0874456110154544,1.7234486769739974,0.0435236996804631,True,False
635,246378,14.859455496,5831785019,A,True,ok,2.099399072480133,1.7167218860137556,0.03790566548543981,True,False
635,246378,14.859455496,5831785019,B,True,ok,2.088505876711063,1.7216597203803587,0.04168650508944384,True,False
636,246379,14.88241477,5831808020,A,True,ok,2.0933657033046704,1.7409897368828908,0.0610825340320728,True,False
636,246379,14.88241477,5831808020,B,True,ok,2.090349912660967,1.7243224729890567,0.044323854195410094,True,False
637,246380,14.9044593,5831830019,A,True,ok,2.092324683924564,1.7242217261058375,0.044282786894332196,True,False
637,246380,14.9044593,5831830019,B,True,ok,2.091690493639345,1.7242847759663529,0.04431703003513138,True,False
638,246381,14.926444788,5831852019,A,True,ok,2.0726094236894093,1.7272295867787382,0.05032957392731276,True,False
638,246381,14.926444788,5831852019,B,True,ok,2.088900919962243,1.724922804871297,0.0449362478900278,True,False
639,246382,14.948419907,5831874019,A,True,ok,2.077138082054565,1.7383032837281396,0.05970512395698589,True,False
639,246382,14.948419907,5831874019,B,True,ok,2.0884142828712275,1.7271598671992237,0.04718651897587804,True,False
640,246383,14.971434415,5831897020,A,True,ok,2.039357875733777,1.715495693750237,0.061843100059798,True,False
640,246383,14.971434415,5831897020,B,True,ok,2.0828942686712417,1.7263907821526323,0.04693182381337304,True,False
641,246384,14.993420671,5831919019,A,True,ok,2.0593182144477375,1.7214597491027226,0.05157792900394241,True,False
641,246384,14.993420671,5831919019,B,True,ok,2.0807160951126695,1.7265367347297054,0.04745375189866411,True,False
642,246385,15.015425296,5831941019,A,True,ok,2.0402363136066257,1.7095476942450993,0.05787478482603603,True,False
642,246385,15.015425296,5831941019,B,True,ok,2.0759223395269575,1.72505720051427,0.04720520990926098,True,False
643,246386,15.043412289,5831969019,A,True,ok,2.076965106716368,1.7116458412594096,0.03422524962555305,True,False
643,246386,15.043412289,5831969019,B,True,ok,2.076069165145919,1.725081640209319,0.04718498112423235,True,False
644,246387,15.065457811,5831991019,A,True,ok,2.0551489795086764,1.7166552843875706,0.05057868625043888,True,False
644,246387,15.065457811,5831991019,B,True,ok,2.0731626181785257,1.7252263709908486,0.048258906531375025,True,False
645,246388,15.087414594,5832013019,A,True,ok,2.0836685524352436,1.724565797720365,0.04501330419684555,True,False
645,246388,15.087414594,5832013019,B,True,ok,2.073247362465438,1.7256373171230723,0.048614972781605974,True,False
646,246389,15.110435502,5832036019,A,True,ok,2.0739191582824517,1.7282577955710585,0.05086657354022305,True,False
646,246389,15.110435502,5832036019,B,True,ok,2.0723376836971936,1.7259705958797424,0.04924685881067922,True,False
647,246390,15.132425247,5832058019,A,True,ok,2.0787822385614096,1.7249534310207426,0.046331945051225634,True,False
647,246390,15.132425247,5832058019,B,True,ok,2.071766305184871,1.725266607675333,0.04880095692754163,True,False
648,246391,15.174424778,5832100019,A,True,ok,2.0810170797971046,1.7453638994471385,0.06597827071322217,True,False
648,246391,15.174424778,5832100019,B,True,ok,2.0727509958980934,1.7264898799031971,0.04958666227849263,True,False
649,246392,15.196466363,5832122019,A,True,ok,2.067642940153926,1.7160021428393755,0.04237915069922621,True,False
649,246392,15.196466363,5832122019,B,True,ok,2.073105694277044,1.7239111812655035,0.047049010680274804,True,False
650,246393,15.218426795,5832144019,A,True,ok,2.0772788690368533,1.7324673765642624,0.05398752426734944,True,False
650,246393,15.218426795,5832144019,B,True,ok,2.0741760372833284,1.7245618090192858,0.04728797541796343,True,False
651,246394,15.240428091,5832166019,A,True,ok,2.0493496073491846,1.6927757794333431,0.0426107376466882,True,False
651,246394,15.240428091,5832166019,B,True,ok,2.07138985210358,1.7215848400948157,0.04555915418922981,True,False
652,246395,15.263223809,5832189019,A,True,ok,2.0842004374317007,1.735398033941717,0.05570078177719996,True,False
652,246395,15.263223809,5832189019,B,True,ok,2.0729224061689577,1.7224426057165534,0.04574952449008474,True,False
653,246396,15.285426423,5832211019,A,True,ok,2.039512447703396,1.7065452445437366,0.0570407130459385,True,False
653,246396,15.285426423,5832211019,B,True,ok,2.0691574591160022,1.7194219852549582,0.04459264997668624,True,False
654,246397,15.307446376,5832233019,A,True,ok,2.0427181866041066,1.709624564398972,0.05579592004647752,True,False
654,246397,15.307446376,5832233019,B,True,ok,2.0666581408385705,1.7175730856964315,0.04423323589636414,True,False
655,246398,15.329446168,5832255019,A,True,ok,2.034483680549189,1.7142516113731083,0.06523215930060071,True,False
655,246398,15.329446168,5832255019,B,True,ok,2.0620834713966354,1.7165554634247866,0.045996026735614697,True,False
656,246399,15.351445833,5832277019,A,True,ok,2.0551221092688383,1.7171041102963802,0.050923297838423594,True,False
656,246399,15.351445833,5832277019,B,True,ok,2.0608215299342203,1.7164454188317426,0.046686739757673575,True,False
657,246400,15.379456795,5832305019,A,True,ok,2.053763304697716,1.7095295857885373,0.046744994633363186,True,False
657,246400,15.379456795,5832305019,B,True,ok,2.0593495043060805,1.7158050522929553,0.047132310106594986,True,False
658,246401,15.401438347,5832327019,A,True,ok,2.0796225098324244,1.725144949039469,0.0463223350658663,True,False
658,246401,15.401438347,5832327019,B,True,ok,2.060234207730659,1.7165285933526875,0.04712048940479686,True,False
659,246402,15.423422363,5832349019,A,True,ok,2.0718911006025023,1.7147222095068875,0.03916074655096453,True,False
659,246402,15.423422363,5832349019,B,True,ok,2.0597341259161426,1.7173536566888308,0.04807617707437791,True,False
660,246403,15.446430759,5832372020,A,True,ok,2.073397862201305,1.7196554604102976,0.04299053988774204,True,False
660,246403,15.446430759,5832372020,B,True,ok,2.0600933395240006,1.7177825814555032,0.048186427573212294,True,False
661,246404,15.468436375,5832394019,A,True,ok,2.0732022459036092,1.7227235739311801,0.04590717059606079,True,False
661,246404,15.468436375,5832394019,B,True,ok,2.0607490076458346,1.7200353670874902,0.049582770914235234,True,False
662,246405,15.490457448,5832416019,A,True,ok,2.0680460343670903,1.736781749710305,0.06087810531853558,True,False
662,246405,15.490457448,5832416019,B,True,ok,2.060033695405024,1.7210908822426496,0.05085705471769057,True,False
663,246406,15.51243116,5832438019,A,True,ok,2.0785117462034135,1.6977560162511145,0.02114842992764771,True,False
663,246406,15.51243116,5832438019,B,True,ok,2.06264522471249,1.7188588231965825,0.04752148852101995,True,False
664,246407,15.535435971,5832461019,A,True,ok,2.0856284166351675,1.7380118593814362,0.05817634029403374,True,False
664,246407,15.535435971,5832461019,B,True,ok,2.0645894621076306,1.7200042382121958,0.04739234654369467,True,False
665,246408,15.557458709,5832483019,A,True,ok,2.0581990191482804,1.7049881175531854,0.040443892023187385,True,False
665,246408,15.557458709,5832483019,B,True,ok,2.0642293498607245,1.7184800050791043,0.04631238710635447,True,False
666,246409,15.579436676,5832505019,A,True,ok,2.067907037737596,1.7534211641337585,0.07667311343805147,True,False
666,246409,15.579436676,5832505019,B,True,ok,2.064656502233444,1.7217730307749486,0.048859788979980556,True,False
667,246410,15.60220689,5832528019,A,True,ok,2.0546526166169023,1.7284962041140675,0.060010993372089566,True,False
667,246410,15.60220689,5832528019,B,True,ok,2.0643547810198775,1.7227357234840954,0.04983993698077377,True,False
668,246411,15.624436992,5832550019,A,True,ok,2.064558890352419,1.76260929115218,0.0864380994976515,True,False
668,246411,15.624436992,5832550019,B,True,ok,2.0644804052052117,1.7259726979435273,0.05258078237052944,True,False
669,246412,15.646467538,5832572019,A,True,ok,2.046190172218632,1.7121552816243886,0.05434393385261007,True,False
669,246412,15.646467538,5832572019,B,True,ok,2.0628287508822276,1.7240790665904735,0.051780699976993756,True,False
670,246413,15.685470316,5832611019,A,True,ok,2.0516250631638555,1.7401382351875063,0.07133893122724715,True,False
670,246413,15.685470316,5832611019,B,True,ok,2.064137930381723,1.7271135081556115,0.05374503973083917,True,False
671,246414,15.713464766,5832639020,A,True,ok,2.0496527376160074,1.7251380284157893,0.06054207785620958,True,False
671,246414,15.713464766,5832639020,B,True,ok,2.0639534212617145,1.7276041656890067,0.05426399225007409,True,False
672,246415,15.735451246,5832661019,A,True,ok,2.069307107719924,1.6959965432770847,0.02615502222768075,True,False
672,246415,15.735451246,5832661019,B,True,ok,2.065164278807607,1.7246199751897102,0.05106618482985226,True,False
673,246416,15.758444281,5832684019,A,True,ok,2.0712621187286024,1.744099617998322,0.06678225229858446,True,False
673,246416,15.758444281,5832684019,B,True,ok,2.0667303613269885,1.7282829366446246,0.0535977430028667,True,False
674,246417,15.78045665,5832706019,A,True,ok,2.065069805380165,1.7119739786080572,0.04054441899708695,True,False
674,246417,15.78045665,5832706019,B,True,ok,2.06543096827878,1.7265321576608608,0.052620138885159935,True,False
675,246418,15.802455226,5832728019,A,True,ok,2.0616713900062473,1.7320188522538769,0.05923234871241231,True,False
675,246418,15.802455226,5832728019,B,True,ok,2.0647570972581613,1.7276701390223046,0.053941137300206936,True,False
676,246419,15.824471019,5832750019,A,True,ok,2.0647543277156637,1.7272953356620462,0.05361149824873133,True,False
676,246419,15.824471019,5832750019,B,True,ok,2.0632855679032884,1.727498540283805,0.054495616441527284,True,False
677,246420,15.847455158,5832773019,A,True,ok,2.0488974261556976,1.7331161676878817,0.06716210871074176,True,False
677,246420,15.847455158,5832773019,B,True,ok,2.0621029248416605,1.7280352728761745,0.05554848551201546,True,False
678,246421,15.86943719,5832795019,A,True,ok,2.044619635601,1.7248730386815714,0.06381980157838035,True,False
678,246421,15.86943719,5832795019,B,True,ok,2.0592707600554974,1.7275942068263979,0.0566524025174639,True,False
679,246422,15.891444919,5832817019,A,True,ok,2.0668945399171723,1.7362193950146982,0.0607822561399116,True,False
679,246422,15.891444919,5832817019,B,True,ok,2.060828716874838,1.7290699544858312,0.057086112079996344,True,False
680,246423,15.91346004,5832839019,A,True,ok,2.0487256510121576,1.7338005596113557,0.06780908566604653,True,False
680,246423,15.91346004,5832839019,B,True,ok,2.0599396770417755,1.7304113838375903,0.05869353147301343,True,False
681,246424,15.936463059,5832862019,A,True,ok,2.0607012475089075,1.7332831281333767,0.06080714301142703,True,False
681,246424,15.936463059,5832862019,B,True,ok,2.0605770268322385,1.731615626107895,0.059412828652916534,True,False
682,246425,15.958453955,5832884019,A,True,ok,2.0478446583844345,1.7277296781847384,0.06368041305098229,True,False
682,246425,15.958453955,5832884019,B,True,ok,2.0592183416272425,1.7316004653043544,0.060084261764650426,True,False
683,246426,15.990455841,5832916020,A,True,ok,2.050002229548075,1.7259554708334879,0.06092394390264344,True,False
683,246426,15.990455841,5832916020,B,True,ok,2.0591088390988634,1.732224174065567,0.06067642193348708,True,False
684,246427,16.007466091,5832933019,A,True,ok,2.0387625880939826,1.7209728884440587,0.06560525867852489,True,False
684,246427,16.007466091,5832933019,B,True,ok,2.0577989816250932,1.7333379202081516,0.06230440848376803,True,False
685,246428,16.029436507,5832955019,A,True,ok,2.031576970021238,1.7358534359207192,0.08082608945166911,True,False
685,246428,16.029436507,5832955019,B,True,ok,2.054559360379229,1.733582154460727,0.06424240198951606,True,False
686,246429,16.05747163,5832983019,A,True,ok,2.0598268608663384,1.7314854413258771,0.059675530946105844,True,False
686,246429,16.05747163,5832983019,B,True,ok,2.0547140825502326,1.733680964772114,0.06423972251758837,True,False
687,246430,16.079451262,5833005019,A,True,ok,2.050536161960972,1.7241192339596023,0.05919376080257752,True,False
687,246430,16.079451262,5833005019,B,True,ok,2.054730567661252,1.7329751063601195,0.06364192605007725,True,False
688,246431,16.101443438,5833027019,A,True,ok,2.0818226077663016,1.737596148454691,0.05817375749045741,True,False
688,246431,16.101443438,5833027019,B,True,ok,2.0564412937010603,1.7333907149318082,0.0630615192442118,True,False
689,246432,16.124464602,5833050019,A,True,ok,2.045867551963131,1.7216675201151777,0.0606947707984441,True,False
689,246432,16.124464602,5833050019,B,True,ok,2.0526160424485633,1.732358520642062,0.0643348658662847,True,False
690,246433,16.146470379,5833072019,A,True,ok,2.0755099540077624,1.721900422720382,0.04433516501608929,True,False
690,246433,16.146470379,5833072019,B,True,ok,2.053895158412149,1.7310669944277943,0.0625411664903381,True,False
691,246434,16.188515383,5833114019,A,True,ok,2.061803686373182,1.7499339370544602,0.07540416204745651,True,False
691,246434,16.188515383,5833114019,B,True,ok,2.052862254090627,1.732253012143428,0.06410607965934584,True,False
692,246435,16.210446693,5833136020,A,True,ok,2.0506959263354454,1.7157319577970045,0.05311857504334654,True,False
692,246435,16.210446693,5833136020,B,True,ok,2.0530138028599114,1.7305682211829732,0.0626508082349748,True,False
693,246436,16.232461398,5833158020,A,True,ok,2.0685974221124392,1.719321792448823,0.04476911548848632,True,False
693,246436,16.232461398,5833158020,B,True,ok,2.0550214305149432,1.7286546523311193,0.05992307999997187,True,False
694,246437,16.254454695,5833180019,A,True,ok,2.054174481227551,1.7196203292037178,0.05341571193502967,True,False
694,246437,16.254454695,5833180019,B,True,ok,2.0553701236496886,1.7272214470144278,0.05855846133714806,True,False
695,246438,16.277464946,5833203020,A,True,ok,2.0472341823603326,1.6915232756287981,0.04429109436000118,True,False
695,246438,16.277464946,5833203020,B,True,ok,2.0549750198732872,1.722698391668995,0.05522591677822585,True,False
696,246439,16.299496004,5833225019,A,True,ok,2.0397859868899917,1.7349865857778088,0.07446456693026832,True,False
696,246439,16.299496004,5833225019,B,True,ok,2.0533855499153795,1.7242593640550428,0.057441354976671424,True,False
697,246440,16.321467955,5833247019,A,True,ok,2.0505213341135193,1.724991416458186,0.05985643336426174,True,False
697,246440,16.321467955,5833247019,B,True,ok,2.053994329017739,1.7222604541444737,0.0555189546675726,True,False
698,246441,16.344531296,5833270019,A,True,ok,2.0348525125647003,1.7139908757845839,0.06478136311493864,True,False
698,246441,16.344531296,5833270019,B,True,ok,2.0532148297903348,1.721441666330328,0.05541263804935009,True,False
699,246442,16.3664988,5833292019,A,True,ok,2.0454211034469973,1.7180997377664189,0.05864186248537123,True,False
699,246442,16.3664988,5833292019,B,True,ok,2.0523709473148033,1.719125467098524,0.05428395510335439,True,False
700,246443,16.394456353,5833320019,A,True,ok,2.0371084564762554,1.7023626274497383,0.057424754964909945,True,False
700,246443,16.394456353,5833320019,B,True,ok,2.0503418650900707,1.7172161753205746,0.0543857644060088,True,False
701,246444,16.416478354,5833342019,A,True,ok,2.06201266975531,1.7228772954243827,0.051203057693219124,True,False
701,246444,16.416478354,5833342019,B,True,ok,2.0526231505200174,1.718488520648442,0.053650676591771036,True,False
702,246445,16.438462018,5833364019,A,True,ok,2.0464155530025514,1.72938663506474,0.06586838196806724,True,False
702,246445,16.438462018,5833364019,B,True,ok,2.0513519571986385,1.7194791768577196,0.05524741276963985,True,False
703,246446,16.471479323,5833397019,A,True,ok,2.044261833548661,1.7057397788430717,0.05248348392800002,True,False
703,246446,16.471479323,5833397019,B,True,ok,2.050008679908528,1.7174320498969577,0.05477649169257633,True,False
704,246447,16.488493317,5833414019,A,True,ok,2.049031248977501,1.7226998988739373,0.059175332058113254,True,False
704,246447,16.488493317,5833414019,B,True,ok,2.04944529845465,1.718465701468678,0.05589538448664498,True,False
705,246448,16.51147448,5833437019,A,True,ok,2.0369110013440483,1.7025609619902193,0.05768395603818922,True,False
705,246448,16.51147448,5833437019,B,True,ok,2.0477125181539453,1.7163810823140009,0.05578363802423169,True,False
706,246449,16.533465696,5833459019,A,True,ok,2.0489321051216973,1.723338607049032,0.05970600347273058,True,False
706,246449,16.533465696,5833459019,B,True,ok,2.047711812024029,1.7145975002511362,0.054637696381879285,True,False
707,246450,16.555459985,5833481019,A,True,ok,2.0502752931010613,1.7184622288220632,0.05529371921084108,True,False
707,246450,16.555459985,5833481019,B,True,ok,2.04858578978479,1.7151312250025519,0.05430782427909918,True,False
708,246451,16.577479394,5833503019,A,True,ok,2.0491440765893354,1.745905870168653,0.07754218336122234,True,False
708,246451,16.577479394,5833503019,B,True,ok,2.0490643430849254,1.7169454517778786,0.05514249191086893,True,False
709,246452,16.600458701,5833526019,A,True,ok,2.0533530463790175,1.7323156194671294,0.06387427690336642,True,False
709,246452,16.600458701,5833526019,B,True,ok,2.049552861728431,1.71817441339849,0.055617055231989926,True,False
710,246453,16.622454141,5833548019,A,True,ok,2.0381875069849644,1.726420567005067,0.06956582115884935,True,False
710,246453,16.622454141,5833548019,B,True,ok,2.0485251827968174,1.7181189594619888,0.05633130153389099,True,False
711,246454,16.64448091,5833570019,A,True,ok,2.0337030773416114,1.7218666340817141,0.07015809682521845,True,False
711,246454,16.64448091,5833570019,B,True,ok,2.0471480110472466,1.7188865047497681,0.05786582073089975,True,False
712,246455,16.66646531,5833592019,A,True,ok,2.0416222920295852,1.7207574595402306,0.06325798871798138,True,False
712,246455,16.66646531,5833592019,B,True,ok,2.045653078407404,1.7184178018055973,0.058673477400900835,True,False
713,246456,16.705496921,5833631019,A,True,ok,2.0292643583818877,1.6929495885023964,0.06210080518918542,True,False
713,246456,16.705496921,5833631019,B,True,ok,2.0431696350192037,1.7150977339634237,0.058522935791037095,True,False
714,246457,16.733470923,5833659019,A,True,ok,2.052165719521339,1.721936825724778,0.05648123698369565,True,False
714,246457,16.733470923,5833659019,B,True,ok,2.044949739658903,1.7167607057947383,0.05814529600344228,True,False
715,246458,16.755456283,5833681019,A,True,ok,2.0543252888261216,1.698238952257883,0.040066749266754416,True,False
715,246458,16.755456283,5833681019,B,True,ok,2.045062709097293,1.7137963056347554,0.05622766568364989,True,False
716,246459,16.778002298,5833703019,A,True,ok,2.026971974317404,1.7099877856506869,0.06979827583599388,True,False
716,246459,16.778002298,5833703019,B,True,ok,2.0432706645131233,1.7133103142562096,0.057386477770399034,True,False
717,246460,16.800457719,5833726019,A,True,ok,2.0552683541203813,1.7097849365390794,0.04575401261249347,True,False
717,246460,16.800457719,5833726019,B,True,ok,2.0430220288068233,1.712042131270394,0.05686499761519464,True,False
718,246461,16.822451335,5833748019,A,True,ok,2.0238016294813197,1.7153210616239072,0.07503200419533199,True,False
718,246461,16.822451335,5833748019,B,True,ok,2.038897893405004,1.7121161573548436,0.06035621642952265,True,False
719,246462,16.844496025,5833770019,A,True,ok,2.0325658367776875,1.719200138555786,0.06953656568913968,True,False
719,246462,16.844496025,5833770019,B,True,ok,2.0376822392197167,1.7127823681263912,0.06174003363326884,True,False
720,246463,16.867458019,5833793019,A,True,ok,2.0384706394983136,1.7058266949307288,0.057639336956263436,True,False
720,246463,16.867458019,5833793019,B,True,ok,2.036982794683424,1.711680978370488,0.06176170698815968,True,False
721,246464,16.889471668,5833815019,A,True,ok,2.0278225981195663,1.7073524597320078,0.06792780254058017,True,False
721,246464,16.889471668,5833815019,B,True,ok,2.0356895973087354,1.7115113777451736,0.06279002124451247,True,False
722,246465,16.911519942,5833837020,A,True,ok,2.015212186897346,1.722177380757063,0.08586121613513144,True,False
722,246465,16.911519942,5833837020,B,True,ok,2.0336434182646257,1.7126038490621294,0.06510818134890596,True,False
723,246466,16.933464117,5833859019,A,True,ok,2.003560512511582,1.6818426143362089,0.08645912458990304,True,False
723,246466,16.933464117,5833859019,B,True,ok,2.029018042171144,1.7087834375001696,0.06743356326760816,True,False
724,246467,16.956471488,5833882019,A,True,ok,1.9668835651016434,1.6656615718454157,0.1239485662039921,True,False
724,246467,16.956471488,5833882019,B,True,ok,2.0235389807359634,1.704761025575608,0.07092372994400778,True,False
725,246468,16.978485041,5833904019,A,True,ok,1.9655758323474644,1.6646161922348406,0.1253715878394369,True,False
725,246468,16.978485041,5833904019,B,True,ok,2.016880414100902,1.7005772233223337,0.07595983123804809,True,False
726,246469,17.000471105,5833926019,A,True,ok,1.953521779094487,1.6684817350149983,0.1369634082877565,True,False
726,246469,17.000471105,5833926019,B,True,ok,2.0076428830727457,1.69642911933346,0.08397982299720853,True,False
727,246470,17.022490418,5833948020,A,True,ok,1.9526236144972584,1.6543355296001894,0.1397531263861406,True,False
727,246470,17.022490418,5833948020,B,True,ok,2.0001149985188587,1.6914436779100266,0.09061054715303946,True,False
728,246471,17.045493182,5833971019,A,True,ok,1.9243395907278904,1.6410765380012657,0.170171698863735,True,False
728,246471,17.045493182,5833971019,B,True,ok,1.991604735733421,1.6856868815312187,0.09855946759007987,True,False
729,246472,17.073469455,5833999019,A,True,ok,1.9178184241600846,1.6097711095823,0.18595319870337748,True,False
729,246472,17.073469455,5833999019,B,True,ok,1.983944812835357,1.6778791972730822,0.10607639006269934,True,False
730,246473,17.095537729,5834021019,A,True,ok,1.9344339595461997,1.6210686813457325,0.16635412005960118,True,False
730,246473,17.095537729,5834021019,B,True,ok,1.9768757619440258,1.6726444364513784,0.11336312253489887,True,False
731,246474,17.117473936,5834043019,A,True,ok,1.9429665749689082,1.5954690610820659,0.16960043546736883,True,False
731,246474,17.117473936,5834043019,B,True,ok,1.9702641104460394,1.6626939056973151,0.12098009814548684,True,False
732,246475,17.140506716,5834066019,A,True,ok,1.8604465337134997,1.5288616891903315,0.2748410138217135,True,True
732,246475,17.140506716,5834066019,B,True,ok,1.9652627940381118,1.6563353317486191,0.1269621481963282,True,True
733,246476,17.162454668,5834088019,A,True,ok,1.8692824475741143,1.5408644125423254,0.2609117660169156,True,True
733,246476,17.162454668,5834088019,B,True,ok,1.9577527985995187,1.6473109696075114,0.1362273650419051,True,True
734,246477,17.184466716,5834110019,A,True,ok,1.9237634663355285,1.6251664290355081,0.17504658131336603,True,True
734,246477,17.184466716,5834110019,B,True,ok,1.9483877330809012,1.6401073708652907,0.14712394774898307,True,True
735,246478,17.225490445,5834151019,A,True,ok,1.7665746293342686,1.4725044383197212,0.3842634233273836,True,True
735,246478,17.225490445,5834151019,B,True,ok,1.9382149882670956,1.6311695718454668,0.15944623075040973,True,True
736,246479,17.248475384,5834174019,A,True,ok,1.6710957827612585,1.343580822556606,0.5372695842610974,True,True
736,246479,17.248475384,5834174019,B,True,ok,1.9321084528993895,1.624935232190269,0.16721802923059415,True,True
737,246480,17.270485929,5834196019,A,True,ok,1.658437456755499,1.3509613393246596,0.5426902145337462,True,True
737,246480,17.270485929,5834196019,B,True,ok,1.928471874541552,1.619803486288125,0.17238026446546617,True,True
738,246481,17.292563227,5834218019,A,True,ok,2.104210431534497,1.7716750592360881,0.09276989193880156,True,True
738,246481,17.292563227,5834218019,B,True,ok,1.9442077347984326,1.6302329769017154,0.15405239751678426,True,True
739,246482,17.31448753,5834240019,A,True,ok,2.102069702632003,1.7682597994775289,0.08908125462429567,True,True
739,246482,17.31448753,5834240019,B,True,ok,1.9646212420714195,1.6465103757731774,0.12977437293459493,True,True
740,246483,17.337492693,5834263019,A,True,ok,2.1016595814343932,1.7715780627792481,0.09231731918564995,True,True
740,246483,17.337492693,5834263019,B,True,ok,1.9837759095352594,1.6625261044470934,0.10765172744018209,True,True
741,246484,17.35948551,5834285020,A,True,ok,2.0951796774559996,1.792832898365171,0.11295172425436095,True,True
741,246484,17.35948551,5834285020,B,True,ok,2.005966337211218,1.684389345916994,0.084148219465879,True,True
742,246485,17.381547096,5834307020,A,True,ok,2.095776151481306,1.7774865984156467,0.09765756906962501,True,True
742,246485,17.381547096,5834307020,B,True,ok,2.025203087360898,1.7031671426162558,0.06881392580402128,True,True
743,246486,17.40948116,5834335019,A,True,ok,2.096119825020937,1.739731830540434,0.06004451546975802,True,True
743,246486,17.40948116,5834335019,B,True,ok,2.0420954275101657,1.7145033485907053,0.05903667613785099,True,True
744,246487,17.431531354,5834357019,A,True,ok,1.9251394016115275,1.596263172273017,0.18490774245223912,True,True
744,246487,17.431531354,5834357019,B,True,ok,2.0398387110185583,1.711862098608904,0.05942514821221073,True,True
745,246488,17.453489321,5834379019,A,True,ok,1.6176003938275507,1.281958566136731,0.6177364899241522,True,True
745,246488,17.453489321,5834379019,B,True,ok,2.0373502130259804,1.706694848711134,0.0590306277801614,True,True
746,246489,17.476484981,5834402019,A,True,ok,1.6673594419934321,1.3267276157434071,0.5508415550323348,True,True
746,246489,17.476484981,5834402019,B,True,ok,2.034788885543344,1.7013962302652015,0.05921204125097784,True,True
747,246490,17.499038196,5834424019,A,True,ok,1.6522247875922749,1.2952130749535196,0.5828448458083458,True,True
747,246490,17.499038196,5834424019,B,True,ok,2.0298286354311594,1.6916835419627434,0.061295173275483054,True,True
748,246491,17.520514358,5834446019,A,True,ok,1.6198579328770835,1.299779281356565,0.6046497814142819,True,True
748,246491,17.520514358,5834446019,B,True,ok,2.0260517936389153,1.6870332273208521,0.06433381213130959,True,True
749,246492,17.542478918,5834468020,A,True,ok,1.6250658291387092,1.3162159961277051,0.5903410748947032,True,True
749,246492,17.542478918,5834468020,B,True,ok,2.0220058505894554,1.6825364476600337,0.06804144267132745,True,True
750,246493,17.565486642,5834491020,A,True,ok,1.6330000285005482,1.3393632948627683,0.5699845075414322,True,True
750,246493,17.565486642,5834491020,B,True,ok,2.0219661032461387,1.6819362639655249,0.06806144448701654,True,True
751,246494,17.587484002,5834513019,A,True,ok,1.71414371700062,1.3624327308790902,0.4920537733693567,True,True
751,246494,17.587484002,5834513019,B,True,ok,2.019507548408415,1.6757551868923584,0.07062013997232469,True,True
752,246495,17.609501075,5834535019,A,True,ok,1.841069216780723,1.5030386804863336,0.3054207645825354,True,True
752,246495,17.609501075,5834535019,B,True,ok,2.0194365749566408,1.6725669152100069,0.07095384206189954,True,True
753,246496,17.632487038,5834558019,A,True,ok,2.067993864365181,1.696942150717577,0.027772404946549634,True,True
753,246496,17.632487038,5834558019,B,True,ok,2.0342289049179016,1.6824431454217776,0.05582458245440258,True,True
754,246497,17.654489839,5834580019,A,True,ok,2.084704217110806,1.7707420648174212,0.09089646661855766,True,True
754,246497,17.654489839,5834580019,B,True,ok,2.049924981588166,1.6990348644882698,0.044365900946510786,True,True
755,246498,17.676485023,5834602019,A,True,ok,2.0314892926840167,1.7117977713605814,0.06659280091809071,True,True
755,246498,17.676485023,5834602019,B,True,ok,2.0526516359049736,1.702284039134398,0.043491133587411086,True,True
756,246499,17.698508816,5834624019,A,True,ok,2.092766474940828,1.746904026458086,0.06696119876392974,True,True
756,246499,17.698508816,5834624019,B,True,ok,2.0676065046155063,1.7142208073602871,0.040896604894846963,True,True
757,246500,17.737482474,5834663019,A,True,ok,2.051179815101267,1.7257126120164528,0.05997207394228225,True,True
757,246500,17.737482474,5834663019,B,True,ok,2.0768126745887985,1.7235021293505877,0.04545702156472841,True,True
758,246501,17.76549622,5834691019,A,True,ok,2.0592438181814163,1.7351491632178309,0.06314564849365888,True,True
758,246501,17.76549622,5834691019,B,True,ok,2.0793777325496685,1.7280939811319502,0.04925305662501323,True,True
759,246502,17.787519085,5834713019,A,True,ok,2.0509470469687465,1.7343740967255141,0.0669453175000078,True,True
759,246502,17.787519085,5834713019,B,True,ok,2.079748421811657,1.7315837703429482,0.052592587102611076,True,True
760,246503,17.809491421,5834735020,A,True,ok,2.097158132086224,1.7375673445851294,0.058010671583311864,True,True
760,246503,17.809491421,5834735020,B,True,ok,2.085625609446514,1.736269111844674,0.05643888943364202,True,True
761,246504,17.832483144,5834758019,A,True,ok,2.0563703193478813,1.7135827239859696,0.04752635869789835,True,True
761,246504,17.832483144,5834758019,B,True,ok,2.0840804987620416,1.7353524714418946,0.055668093102170815,True,True
762,246505,17.854496793,5834780019,A,True,ok,1.7840338678659509,1.449484970092589,0.3830828278927221,True,True
762,246505,17.854496793,5834780019,B,True,ok,2.078638148145508,1.7316190646858047,0.05285470193465022,True,True
763,246506,17.876530506,5834802019,A,True,ok,1.770802402873391,1.451662730072848,0.39246020798188685,True,True
763,246506,17.876530506,5834802019,B,True,ok,2.0700833090565163,1.7250750034035003,0.04927910825049302,True,True
764,246507,17.899511701,5834825019,A,True,ok,1.612355137577506,1.3216686804659845,0.5971146867709684,True,True
764,246507,17.899511701,5834825019,B,True,ok,2.062249712594808,1.7209232075177965,0.049444791076668396,True,True
765,246508,17.921515782,5834847020,A,True,ok,1.588179899693878,1.289693242565837,0.6357379790212447,True,True
765,246508,17.921515782,5834847020,B,True,ok,2.0510445132736512,1.7106847176906734,0.0495891303194869,True,True
766,246509,17.943478389,5834869019,A,True,ok,1.6437863832640678,1.3009549666569855,0.5854756434409276,True,True
766,246509,17.943478389,5834869019,B,True,ok,2.0426266292040047,1.7002301574351324,0.05151209110903079,True,True
767,246510,17.965558696,5834891019,A,True,ok,1.6267146310540288,1.3172485402426934,0.5884062836471593,True,True
767,246510,17.965558696,5834891019,B,True,ok,2.0312290695426847,1.6898080475199266,0.059583723137881524,True,True
768,246511,17.988502194,5834914020,A,True,ok,1.5849633692136091,1.2531841387037528,0.661236552143124,True,True
768,246511,17.988502194,5834914020,B,True,ok,2.0195980779457066,1.6789796145786804,0.07040931625393639,True,True
769,246512,18.010513027,5834936019,A,True,ok,1.5987284582188583,1.3153327124484482,0.6118251044001267,True,True
769,246512,18.010513027,5834936019,B,True,ok,2.012236669694002,1.6752482918733604,0.0779083709905455,True,True
770,246513,18.032527028,5834958019,A,True,ok,1.9321466508401925,1.605300426039744,0.17463592468564929,True,True
770,246513,18.032527028,5834958019,B,True,ok,1.9961733569950546,1.6622954677810697,0.09548240360751598,True,True
771,246514,18.054523812,5834980019,A,True,ok,1.6973132437021101,1.3570994698475558,0.508397129166253,True,True
771,246514,18.054523812,5834980019,B,True,ok,1.9853217539480819,1.6500462861678264,0.10887956726973905,True,True
772,246515,18.077508815,5835003020,A,True,ok,2.1063730715981928,1.775681850535999,0.09707262227607134,True,True
772,246515,18.077508815,5835003020,B,True,ok,1.994403119628928,1.6593622057780941,0.09779919267062867,True,True
773,246516,18.105504385,5835031019,A,True,ok,1.5683369025376745,1.2665942869145912,0.6656099990727624,True,True
773,246516,18.105504385,5835031019,B,True,ok,1.9885858164967989,1.6555873515412727,0.10431114044238189,True,True
774,246517,18.128169731,5835053019,A,True,ok,1.6882275547573269,1.3723300408842132,0.5060453551793421,True,True
774,246517,18.128169731,5835053019,B,True,ok,1.9834991696822781,1.6511612209391215,0.11033631331563654,True,True
775,246518,18.14950077,5835075019,A,True,ok,1.6268057259611641,1.2955902129829096,0.6019300788770144,True,True
775,246518,18.14950077,5835075019,B,True,ok,1.98564384742413,1.6524953417149078,0.10791993702656573,True,True
776,246519,18.172501293,5835098019,A,True,ok,1.614946244587248,1.2822982750419918,0.6195504277831901,True,True
776,246519,18.172501293,5835098019,B,True,ok,1.984197654160896,1.6516203268351792,0.10954242207473486,True,True
777,246520,18.19450675,5835120019,A,True,ok,1.6152677151341797,1.3033683874473472,0.6059885426870163,True,True
777,246520,18.19450675,5835120019,B,True,ok,1.9841654813107952,1.6535856767708055,0.1090809874260037,True,True
778,246521,18.216520623,5835142020,A,True,ok,1.6045481456327992,1.3228382117345585,0.6026840348852139,True,True
778,246521,18.216520623,5835142020,B,True,ok,1.9863164063829413,1.658277342175607,0.10593470370139813,True,True
779,246522,18.257548064,5835183019,A,True,ok,1.593353639897077,1.2959968189024569,0.6277866278414305,True,True
779,246522,18.257548064,5835183019,B,True,ok,1.9686813467706252,1.6437121986169911,0.1266294600422901,True,True
780,246523,18.279505871,5835205019,A,True,ok,1.5947411118519346,1.3002619059254392,0.6240852396756694,True,True
780,246523,18.279505871,5835205019,B,True,ok,1.9588526844219896,1.6356681223514962,0.13843747238071102,True,True
781,246524,18.302495994,5835228019,A,True,ok,1.6193518731993217,1.3151975133904084,0.5954750318002665,True,True
781,246524,18.302495994,5835228019,B,True,ok,1.9486512549974278,1.6251572244255863,0.15161529522613362,True,True
782,246525,18.324513995,5835250020,A,True,ok,1.61341116482294,1.301176353291116,0.6088056119331063,True,True
782,246525,18.324513995,5835250020,B,True,ok,1.941560797434674,1.6183583198754539,0.16072925554113257,True,True
783,246526,18.346496699,5835272019,A,True,ok,1.8687242015186787,1.519725695799605,0.2732230436483478,True,True
783,246526,18.346496699,5835272019,B,True,ok,1.9315520700125552,1.608484319257587,0.1738396937104897,True,True
784,246527,18.368507052,5835294019,A,True,ok,1.6030126004242757,1.3378031369126624,0.5951935991358946,True,True
784,246527,18.368507052,5835294019,B,True,ok,1.9224987882730409,1.6063797940515956,0.18296609154126076,True,True
785,246528,18.39150844,5835317019,A,True,ok,1.8679893165140915,1.5616224730042605,0.2515988523016494,True,True
785,246528,18.39150844,5835317019,B,True,ok,1.9120655822184567,1.5971896722635104,0.19626055999889933,True,True
787,246529,18.413526953,5835339019,A,True,ok,2.0771830581304664,1.7732610463278566,0.09413764794732038,True,True
787,246529,18.413526953,5835339019,B,True,ok,1.931422629470713,1.6154418621753948,0.1712148813723954,True,True
788,246530,18.441537531,5835367019,A,True,ok,1.8846596410128351,1.570976633971054,0.23248818759080903,True,True
788,246530,18.441537531,5835367019,B,True,ok,1.9282014898099062,1.6114149511005635,0.17573464892351737,True,True
789,246531,18.463514379,5835389020,A,True,ok,1.8108904288988763,1.5180201216110585,0.3227067301485195,True,True
789,246531,18.463514379,5835389020,B,True,ok,1.9240609599278542,1.6116292958190999,0.1794723327152609,True,True
790,246532,18.485535932,5835411019,A,True,ok,1.8644503096781517,1.5526878771460206,0.2590000761194257,True,True
790,246532,18.485535932,5835411019,B,True,ok,1.9184783710894258,1.6083451532353048,0.18588729447976973,True,True
791,246533,18.508495814,5835434019,A,True,ok,1.8419418160021541,1.5356191788076725,0.28701687089172984,True,True
791,246533,18.508495814,5835434019,B,True,ok,1.9186012669500634,1.609045073041776,0.18550506017564664,True,True
792,246534,18.530527768,5835456019,A,True,ok,2.101584283995372,1.7455930571542557,0.06660814351509056,True,True
792,246534,18.530527768,5835456019,B,True,ok,1.9481051246945746,1.6323164508620085,0.14969260668562565,True,True
793,246535,18.552542313,5835478019,A,True,ok,1.8682784226187836,1.5391497738729896,0.26267707185143624,True,True
793,246535,18.552542313,5835478019,B,True,ok,1.9462178485299786,1.6293420013196942,0.15244520298009379,True,True
794,246536,18.574520088,5835500019,A,True,ok,1.7203038607381624,1.4403004606784,0.4406031145329038,True,True
794,246536,18.574520088,5835500019,B,True,ok,1.945358069151181,1.6323443976536898,0.15229032994469532,True,True
795,246537,18.597531844,5835523019,A,True,ok,1.6691142844367255,1.378191035093817,0.5179125764672559,True,True
795,246537,18.597531844,5835523019,B,True,ok,1.9464698741728714,1.6362114099056153,0.15006111302534497,True,True
796,246538,18.619531381,5835545019,A,True,ok,1.6325329654813094,1.3440750501646495,0.5675576266716953,True,True
796,246538,18.619531381,5835545019,B,True,ok,1.955108513683898,1.644216219144648,0.13955712827681344,True,True
797,246539,18.641511333,5835567019,A,True,ok,1.7804053792736658,1.451938415696571,0.38452687216587694,True,True
797,246539,18.641511333,5835567019,B,True,ok,1.9643260476327633,1.65050398909509,0.1290889498094434,True,True
798,246540,18.664520048,5835590019,A,True,ok,1.6320433124899199,1.320150236120943,0.5824226817346815,True,True
798,246540,18.664520048,5835590019,B,True,ok,1.9662240175948726,1.6512168104018439,0.1270785812944013,True,True
799,246541,18.686527649,5835612020,A,True,ok,1.608482172975984,1.3023550988658654,0.6119436976508055,True,True
799,246541,18.686527649,5835612020,B,True,ok,1.9596160207153348,1.644373790181259,0.13516363741832682,True,True
800,246542,18.708522641,5835634019,A,True,ok,1.5926580083819812,1.334079471389066,0.6058135593902181,True,True
800,246542,18.708522641,5835634019,B,True,ok,1.9564757493164644,1.6462744335219621,0.13771760727976712,True,True
801,246543,18.730521474,5835656019,A,True,ok,1.5827053328127434,1.31682703767346,0.6238930035844797,True,True
801,246543,18.730521474,5835656019,B,True,ok,1.9511745322146228,1.6444651733752536,0.14330120170144964,True,True
802,246544,18.771522482,5835697020,A,True,ok,1.587769527414086,1.2882584202473886,0.6369434142064285,True,True
802,246544,18.771522482,5835697020,B,True,ok,1.9443290204169437,1.6373254740556447,0.15179311399817394,True,True
803,246545,18.799548261,5835725019,A,True,ok,1.5988646318017594,1.2834976352016583,0.6312115930382604,True,True
803,246545,18.799548261,5835725019,B,True,ok,1.9460933316328877,1.636647245914672,0.15029501151836322,True,True
804,246546,18.821515444,5835747020,A,True,ok,1.768524590056058,1.4533480070441096,0.3933415374830154,True,True
804,246546,18.821515444,5835747020,B,True,ok,1.9383600694791032,1.6296526562841924,0.15977960929862114,True,True
805,246547,18.844570881,5835770019,A,True,ok,1.8285602461699535,1.5130254133728998,0.3102116333440869,True,True
805,246547,18.844570881,5835770019,B,True,ok,1.93398589552689,1.625315519288836,0.16532027469489663,True,True
806,246548,18.866518801,5835792019,A,True,ok,1.771792894861155,1.4902660637804948,0.3704790524634168,True,True
806,246548,18.866518801,5835792019,B,True,ok,1.9247017420921375,1.618265887460166,0.1764500346229919,True,True
807,246549,18.888515777,5835814019,A,True,ok,2.055934848171812,1.717364624941439,0.05056233544934305,True,True
807,246549,18.888515777,5835814019,B,True,ok,1.9677921530471287,1.654773275026995,0.124784396098711,True,True
808,246550,18.91052341,5835836019,A,True,ok,2.041442312051063,1.7052419897649709,0.054726658094946805,True,True
808,246550,18.91052341,5835836019,B,True,ok,1.984579488090685,1.6680954689436418,0.10609053770668606,True,True
809,246551,18.933507453,5835859019,A,True,ok,2.068707983647328,1.7166540902010958,0.04238953041533398,True,True
809,246551,18.933507453,5835859019,B,True,ok,2.001915406175952,1.6799426104002133,0.08808461251951828,True,True
810,246552,18.955520205,5835881019,A,True,ok,2.0413354929258047,1.701312674704028,0.0531268703370912,True,True
810,246552,18.955520205,5835881019,B,True,ok,2.011763561443061,1.685808112986377,0.07845173353429592,True,True
811,246553,18.977518654,5835903019,A,True,ok,2.0616926629895285,1.7417119474630403,0.06789454903234465,True,True
811,246553,18.977518654,5835903019,B,True,ok,2.023375993390203,1.6955977976919296,0.06842550364871716,True,True
812,246554,18.999520238,5835925019,A,True,ok,2.034790423075772,1.693471794289769,0.056829452096057595,True,True
812,246554,18.999520238,5835925019,B,True,ok,2.0282454680900996,1.6970842112554803,0.06407411712722044,True,True
813,246555,19.022534298,5835948020,A,True,ok,1.835229245912207,1.536982270338417,0.29216811622080907,True,True
813,246555,19.022534298,5835948020,B,True,ok,2.025684945608179,1.6972995869389675,0.06660106552962787,True,True
814,246556,19.044499882,5835970019,A,True,ok,2.0175984735815846,1.6813718156164237,0.07241452137383733,True,True
814,246556,19.044499882,5835970019,B,True,ok,2.026752804512956,1.6968563369847678,0.06545489923237528,True,True
815,246557,19.066519483,5835992019,A,True,ok,1.9952061769450493,1.6966637961804085,0.09624734278158267,True,True
815,246557,19.066519483,5835992019,B,True,ok,2.02486895947701,1.6978691481744854,0.06753783307220532,True,True
816,246558,19.088535596,5836014019,A,True,ok,1.9414162110736972,1.6344258531111358,0.15541603905756904,True,True
816,246558,19.088535596,5836014019,B,True,ok,2.019038072624935,1.6940233318773268,0.0723342862944373,True,True
817,246559,19.111532279,5836037019,A,True,ok,1.9615789927546674,1.6831282991617615,0.12845910383289777,True,True
817,246559,19.111532279,5836037019,B,True,ok,2.0131144676312807,1.69282733581882,0.07794822404538894,True,True
818,246560,19.139534505,5836065019,A,True,ok,1.954054161532713,1.6144254924048862,0.15093471119300325,True,True
818,246560,19.139534505,5836065019,B,True,ok,2.0175261522975187,1.689302759731432,0.0730684606340053,True,True
819,246561,19.161538586,5836087020,A,True,ok,1.7481004429883593,1.450323108474207,0.4118819995893325,True,True
819,246561,19.161538586,5836087020,B,True,ok,2.011334858786647,1.6862178871726514,0.07891049716614762,True,True
820,246562,19.183516682,5836109019,A,True,ok,1.8268638581875392,1.5367031393364916,0.29962413020977524,True,True
820,246562,19.183516682,5836109019,B,True,ok,2.0037185940179674,1.6818958236557633,0.08630223152138108,True,True
821,246563,19.206514741,5836132019,A,True,ok,1.6271305529793134,1.299604525993446,0.5991233943270009,True,True
821,246563,19.206514741,5836132019,B,True,ok,1.9975265790999859,1.6747241295767958,0.09262380029816086,True,True
822,246564,19.228542695,5836154020,A,True,ok,1.6333658869492962,1.3044471911961841,0.5912314482518992,True,True
822,246564,19.228542695,5836154020,B,True,ok,2.0032198415640594,1.6794880702068091,0.08678166839995692,True,True
823,246565,19.250548087,5836176019,A,True,ok,1.8121608838942593,1.4634202506764746,0.35228023256416224,True,True
823,246565,19.250548087,5836176019,B,True,ok,2.000907846902542,1.6735921502748052,0.08932229442665214,True,True
824,246566,19.289550354,5836215019,A,True,ok,1.659467006354665,1.310214170551309,0.5675387372490711,True,True
824,246566,19.289550354,5836215019,B,True,ok,1.993798208846292,1.663754019378201,0.09756390986192327,True,True
825,246567,19.31154477,5836237020,A,True,ok,1.6512397628043192,1.3069848665860953,0.5758913400111196,True,True
825,246567,19.31154477,5836237020,B,True,ok,1.9891949258998933,1.656109783119738,0.10359732345439202,True,True
826,246568,19.334526157,5836260019,A,True,ok,1.6626720561506791,1.3196481358305006,0.5589835754339492,True,True
826,246568,19.334526157,5836260019,B,True,ok,2.0032757592512276,1.6643113584788582,0.08813187508631541,True,True
827,246569,19.356580351,5836282020,A,True,ok,1.6822048248044026,1.3448804578279634,0.5278276351787611,True,True
827,246569,19.356580351,5836282020,B,True,ok,2.0009787793272706,1.6586169337151304,0.09155333556897792,True,True
828,246570,19.378531982,5836304019,A,True,ok,1.991098163469335,1.6660252496690304,0.09988426760982576,True,False
828,246570,19.378531982,5836304019,B,True,ok,1.9978615302528133,1.6576697676051766,0.0948057850880421,True,False
829,246571,19.401510969,5836327019,A,True,ok,2.020017731808723,1.7056774407617588,0.0745442742621418,True,False
829,246571,19.401510969,5836327019,B,True,ok,2.0026822363905787,1.6642464769077459,0.08872747788351099,True,False
830,246572,19.423532522,5836349019,A,True,ok,2.036778306363602,1.7301351611602664,0.07311691362531986,True,False
830,246572,19.423532522,5836349019,B,True,ok,2.0104555814217746,1.6747581232529967,0.07971694800215749,True,False
831,246573,19.445532603,5836371019,A,True,ok,2.042270673590979,1.7185990025219102,0.061383805642411186,True,False
831,246573,19.445532603,5836371019,B,True,ok,2.017451427426656,1.6806858496651402,0.07255181439628432,True,False
832,246574,19.473634416,5836399019,A,True,ok,2.022220940661424,1.706352432409056,0.072721740756778,True,False
832,246574,19.473634416,5836399019,B,True,ok,2.019590866842022,1.6834765870990567,0.07049491251086962,True,False
833,246575,19.495570974,5836421019,A,True,ok,2.0505159441506287,1.7096798836077058,0.049395203788254925,True,False
833,246575,19.495570974,5836421019,B,True,ok,2.0240948499408726,1.6859104189406455,0.06616964452352771,True,False
834,246576,19.517545742,5836443019,A,True,ok,2.056704955026086,1.7158879607396549,0.04895411878346863,True,False
834,246576,19.517545742,5836443019,B,True,ok,2.0280465477153964,1.6903686793627903,0.06281512367025154,True,False
835,246577,19.540546586,5836466019,A,True,ok,2.0464981529467408,1.7182627402329174,0.05793485986154507,True,False
835,246577,19.540546586,5836466019,B,True,ok,2.0301868530214846,1.6941489173954587,0.06146384640532176,True,False
836,246578,19.56252641,5836488019,A,True,ok,2.0457397081624995,1.7071817370621802,0.05194054546554364,True,False
836,246578,19.56252641,5836488019,B,True,ok,2.033566389489392,1.6968508621239826,0.0588957039993961,True,False
837,246579,19.584568731,5836510019,A,True,ok,2.022102736925615,1.7159215585554,0.07681403974561717,True,False
837,246579,19.584568731,5836510019,B,True,ok,2.0313555252846744,1.6976300736574956,0.06123719385965661,True,False
838,246580,19.606516714,5836532019,A,True,ok,2.031773598107818,1.71483049601916,0.06784893020711957,True,False
838,246580,19.606516714,5836532019,B,True,ok,2.031586529787782,1.6990119370476617,0.061429530785591394,True,False
839,246581,19.629556215,5836555019,A,True,ok,2.0152656797171264,1.6876234888558328,0.07512214194548844,True,False
839,246581,19.629556215,5836555019,B,True,ok,2.0287271357836647,1.696461942438119,0.06344572040815198,True,False
840,246582,19.651541575,5836577019,A,True,ok,2.0431580753854304,1.6978037329268814,0.05011126427988753,True,False
840,246582,19.651541575,5836577019,B,True,ok,2.0300225688245743,1.696164794300424,0.062117572595666776,True,False
841,246583,19.673545784,5836599019,A,True,ok,2.026264293422624,1.7077729822378307,0.06952394433071413,True,False
841,246583,19.673545784,5836599019,B,True,ok,2.0279993676705628,1.6970347972030462,0.06429823267399308,True,False
842,246584,19.706551281,5836632019,A,True,ok,2.0301599401180632,1.6999484622658858,0.06307752304464115,True,False
842,246584,19.706551281,5836632019,B,True,ok,2.032231012153771,1.7002441593713182,0.061213413116971725,True,False
843,246585,19.72354729,5836649019,A,True,ok,2.02418243769231,1.710708639473473,0.07262900279116029,True,False
843,246585,19.72354729,5836649019,B,True,ok,2.0340893149530426,1.7042211796505644,0.06093168507504918,True,False
844,246586,19.755554488,5836681019,A,True,ok,2.029812414834563,1.6912541127931877,0.06123071502774178,True,False
844,246586,19.755554488,5836681019,B,True,ok,2.0408238253559117,1.7071595111081241,0.05617771084921656,True,False
845,246587,19.794545331,5836720019,A,True,ok,2.0486753285611514,1.7180415998034444,0.056168423381239764,True,False
845,246587,19.794545331,5836720019,B,True,ok,2.051974714570093,1.7150474523871277,0.05171311488253139,True,False
846,246588,19.822549573,5836748019,A,True,ok,2.0695555994472996,1.7068820073104756,0.03377300447102264,True,False
846,246588,19.822549573,5836748019,B,True,ok,2.058026388608611,1.7197848868750703,0.051040660742879246,True,False
847,246589,19.844551605,5836770019,A,True,ok,2.0922513514905408,1.7315302583443022,0.051579415550823106,True,False
847,246589,19.844551605,5836770019,B,True,ok,2.068535821363824,1.7257981867727439,0.05057850211499756,True,False
848,246590,19.867565313,5836793019,A,True,ok,2.06757649327447,1.720736858563332,0.046500594614249886,True,False
848,246590,19.867565313,5836793019,B,True,ok,2.0740306983756995,1.7309258815413855,0.05337100341135732,True,False
849,246591,19.889548913,5836815019,A,True,ok,2.0866937299512776,1.7352405648534313,0.055339420189962504,True,False
849,246591,19.889548913,5836815019,B,True,ok,2.0769838637504603,1.7331297184562509,0.05470088469217904,True,False
850,246592,19.911547298,5836837020,A,True,ok,2.0605675261114373,1.7105875885412596,0.04244845217402294,True,False
850,246592,19.911547298,5836837020,B,True,ok,2.077913421142787,1.735464528428388,0.056766180972962224,True,False
851,246593,19.93354021,5836859019,A,True,ok,2.072314083226758,1.7088933084660918,0.033876465669056666,True,False
851,246593,19.93354021,5836859019,B,True,ok,2.084562550646242,1.7351107439485975,0.055378334699073155,True,False
852,246594,19.956562206,5836882019,A,True,ok,2.0562047547076445,1.7214761559198999,0.0535013094630619,True,False
852,246594,19.956562206,5836882019,B,True,ok,2.082003865602663,1.7343994260153333,0.054983958716138245,True,False
853,246595,19.978544366,5836904019,A,True,ok,2.073569145684291,1.7416181884912143,0.06377126411231689,True,False
853,246595,19.978544366,5836904019,B,True,ok,2.0813296915920176,1.7368423690219088,0.057499818816344035,True,False
854,246596,20.000556383,5836926019,A,True,ok,2.041267518170729,1.7227103516265148,0.06479991451615318,True,False
854,246596,20.000556383,5836926019,B,True,ok,2.0776977217593857,1.7352569329958074,0.0566098462638139,True,False
855,246597,20.022559216,5836948020,A,True,ok,2.0573804043718753,1.7130796155221255,0.046457496510617244,True,False
855,246597,20.022559216,5836948020,B,True,ok,2.076771160126198,1.7335368594351441,0.05514705361653583,True,False
856,246598,20.045555259,5836971019,A,True,ok,2.041655070212298,1.7135184120450662,0.058827852095760254,True,False
856,246598,20.045555259,5836971019,B,True,ok,2.074159578287489,1.73066706244542,0.05308549874380268,True,False
857,246599,20.067524523,5836993019,A,True,ok,1.997961298010411,1.672485221639132,0.09234497581212169,True,False
857,246599,20.067524523,5836993019,B,True,ok,2.066564981396649,1.726826647917998,0.05236348968676121,True,False
858,246600,20.089532123,5837015019,A,True,ok,1.9418543117457996,1.6385138821750036,0.15384486640931563,True,False
858,246600,20.089532123,5837015019,B,True,ok,2.0583247123577046,1.720624160314947,0.05151355402723308,True,False
859,246601,20.111558573,5837037019,A,True,ok,1.9499393189569763,1.6522676036802133,0.14277983113827145,True,False
859,246601,20.111558573,5837037019,B,True,ok,2.050440794582385,1.7155197647451923,0.05316563195173056,True,False
860,246602,20.134548856,5837060019,A,True,ok,2.017435412406446,1.725734433183904,0.08577445861837604,True,False
860,246602,20.134548856,5837060019,B,True,ok,2.0467310668164145,1.7148273992920495,0.055544111481717236,True,False
861,246603,20.162559178,5837088019,A,True,ok,2.052131976488676,1.7226108283865178,0.05700587601677098,True,False
861,246603,20.162559178,5837088019,B,True,ok,2.04759200215667,1.7142072022448105,0.054484593845391366,True,False
862,246604,20.184570683,5837110019,A,True,ok,2.0439092822926255,1.7295404021789968,0.06766539519457221,True,False
862,246604,20.184570683,5837110019,B,True,ok,2.0460855028211045,1.7146160225629536,0.05591736832643442,True,False
863,246605,20.206556779,5837132020,A,True,ok,2.051159735796365,1.7039709330591146,0.0456417764239378,True,False
863,246605,20.206556779,5837132020,B,True,ok,2.0458151987401396,1.7132204053852815,0.05528012297685121,True,False
864,246606,20.229589752,5837155019,A,True,ok,2.0459857463519837,1.7216503606166964,0.06059708791429472,True,False
864,246606,20.229589752,5837155019,B,True,ok,2.045785429957074,1.7153314988871988,0.05659719973370538,True,False
865,246607,20.251571816,5837177020,A,True,ok,2.0249479465322002,1.6966911174133952,0.06715923660141773,True,False
865,246607,20.251571816,5837177020,B,True,ok,2.0435738020182135,1.713980795129418,0.05753334943032174,True,False
866,246608,20.273579,5837199019,A,True,ok,2.0326362093704486,1.711647457861976,0.06551462481397982,True,False
866,246608,20.273579,5837199019,B,True,ok,2.041141955746008,1.713626168512429,0.05931127799290184,True,False
867,246609,20.312574579,5837238019,A,True,ok,2.0376121701542558,1.697336167100402,0.05518176696771946,True,False
867,246609,20.312574579,5837238019,B,True,ok,2.0418173645285287,1.7113334538358893,0.05747479178094064,True,False
868,246610,20.334534338,5837260019,A,True,ok,2.0419485973965004,1.7061843641200611,0.05472255674340835,True,False
868,246610,20.334534338,5837260019,B,True,ok,2.042344440304237,1.710590795810733,0.05662904871398049,True,False
869,246611,20.357600815,5837283019,A,True,ok,2.0432097665066156,1.6803656470120716,0.046791662164352085,True,False
869,246611,20.357600815,5837283019,B,True,ok,2.0434556688623537,1.7082275581620445,0.054435005289266425,True,False
870,246612,20.379569631,5837305019,A,True,ok,2.0624719338525455,1.7127161186195212,0.04275674032647031,True,False
870,246612,20.379569631,5837305019,B,True,ok,2.044769656267931,1.7088376805058716,0.053641362874929044,True,False
871,246613,20.401556303,5837327019,A,True,ok,2.065598950154004,1.6987060308595836,0.030746167632836333,True,False
871,246613,20.401556303,5837327019,B,True,ok,2.0468706287138616,1.708020572661371,0.05143243295634328,True,False
872,246614,20.423570592,5837349019,A,True,ok,2.0481979285442162,1.716625846131597,0.055577565463502177,True,False
872,246614,20.423570592,5837349019,B,True,ok,2.0454170811433507,1.7085364664928016,0.05293360533416695,True,False
873,246615,20.446576684,5837372019,A,True,ok,2.0487398897157463,1.7221228882267605,0.05896383987863183,True,False
873,246615,20.446576684,5837372019,B,True,ok,2.046005561201849,1.708550719682411,0.05244667996687541,True,False
874,246616,20.468599485,5837394019,A,True,ok,2.055814468390587,1.7222552011344423,0.054352116741948,True,False
874,246616,20.468599485,5837394019,B,True,ok,2.0454678820569283,1.7089887467915628,0.05313621146676698,True,False
875,246617,20.496610063,5837422019,A,True,ok,2.0672335606957377,1.698466369788484,0.02931411898317417,True,False
875,246617,20.496610063,5837422019,B,True,ok,2.0472289627229316,1.7075130144628592,0.05085594945126736,True,False
876,246618,20.518541566,5837444019,A,True,ok,2.0503792072328975,1.7336423902412479,0.06668817923956244,True,False
876,246618,20.518541566,5837444019,B,True,ok,2.0464561224414743,1.7096022201349748,0.052653211770521374,True,False
877,246619,20.540563887,5837466019,A,True,ok,2.049478208066148,1.7047253721718891,0.047469565519065095,True,False
877,246619,20.540563887,5837466019,B,True,ok,2.0448578815102003,1.7077627922179976,0.05299607054760585,True,False
878,246620,20.563561531,5837489019,A,True,ok,2.042805958099701,1.706116377573556,0.053938323745289986,True,False
878,246620,20.563561531,5837489019,B,True,ok,2.043016327904705,1.7057555045491672,0.05357995388333567,True,False
879,246621,20.585568939,5837511019,A,True,ok,2.073847516850323,1.7147473121799632,0.03831812124351106,True,False
879,246621,20.585568939,5837511019,B,True,ok,2.0467438897300525,1.7068109658592565,0.05089124645744165,True,False
880,246622,20.607543739,5837533019,A,True,ok,2.0535131573859804,1.7071156904109117,0.04545932633025526,True,False
880,246622,20.607543739,5837533019,B,True,ok,2.0467565400910326,1.7060054502238273,0.05046068039813201,True,False
881,246623,20.629548236,5837555020,A,True,ok,2.055984122570817,1.7086257364435413,0.04445798808102183,True,False
881,246623,20.629548236,5837555020,B,True,ok,2.048603296245753,1.7053534486446167,0.04854363439105149,True,False
882,246624,20.652580536,5837578019,A,True,ok,2.0574449663191476,1.7168834150848808,0.04919569621709854,True,False
882,246624,20.652580536,5837578019,B,True,ok,2.051895364062564,1.7069188465863159,0.04665391282049269,True,False
883,246625,20.674551208,5837600019,A,True,ok,2.076307630177559,1.7201294734051518,0.042401127663415736,True,False
883,246625,20.674551208,5837600019,B,True,ok,2.056235198823912,1.708429707780708,0.04413966564165609,True,False
884,246626,20.696567481,5837622019,A,True,ok,2.0299439834208965,1.6825815221671714,0.06011147464543795,True,False
884,246626,20.696567481,5837622019,B,True,ok,2.0564348431103583,1.7066309835026292,0.04284657558479516,True,False
885,246627,20.719562788,5837645019,A,True,ok,2.0694903429377276,1.7202240789926921,0.04515110811068048,True,False
885,246627,20.719562788,5837645019,B,True,ok,2.059767571686669,1.7078072923369692,0.04107609071995964,True,False
886,246628,20.741699768,5837667019,A,True,ok,2.03356609677,1.7233517001094847,0.07116287891981105,True,False
886,246628,20.741699768,5837667019,B,True,ok,2.0598745465327823,1.7091142586141068,0.04189490423971135,True,False
887,246629,20.763591238,5837689019,A,True,ok,2.0299775682299783,1.734021161855676,0.08075257422413258,True,False
887,246629,20.763591238,5837689019,B,True,ok,2.0589077156736235,1.71252967501784,0.04499899889329226,True,False
888,246630,20.785592567,5837711019,A,True,ok,2.03595732195439,1.6803452638562737,0.05404378093242445,True,False
888,246630,20.785592567,5837711019,B,True,ok,2.0599503760250912,1.7112881700888514,0.04338121123876442,True,False
889,246631,20.826575398,5837752019,A,True,ok,2.0395051982900734,1.7084951986688461,0.05798018063874766,True,False
889,246631,20.826575398,5837752019,B,True,ok,2.062135980308252,1.7132675272942919,0.043395068448598785,True,False
890,246632,20.854584665,5837780019,A,True,ok,2.036571053089253,1.7119006098079455,0.06222781752649056,True,False
890,246632,20.854584665,5837780019,B,True,ok,2.061879717513344,1.7145601112245765,0.04455503983820936,True,False
891,246633,20.876564329,5837802019,A,True,ok,2.047297585815614,1.715098270466926,0.05527553497655466,True,False
891,246633,20.876564329,5837802019,B,True,ok,2.059284600536049,1.7130117874766368,0.04509117293476327,True,False
892,246634,20.898618331,5837824019,A,True,ok,2.034393203512463,1.7150355610061543,0.06572371224012157,True,False
892,246634,20.898618331,5837824019,B,True,ok,2.053855890792298,1.7111878746068776,0.04773971253487597,True,False
893,246635,20.921544324,5837847020,A,True,ok,2.0471143840278527,1.6944933450978088,0.045268456008954634,True,False
893,246635,20.921544324,5837847020,B,True,ok,2.050598111842559,1.708253325401179,0.04848462835369961,True,False
894,246636,20.943590102,5837869019,A,True,ok,2.0243044354952024,1.7040745520947496,0.06996778726075886,True,False
894,246636,20.943590102,5837869019,B,True,ok,2.0460525744699845,1.7084450831333233,0.05234977521611653,True,False
895,246637,20.965583942,5837891019,A,True,ok,2.039885167624757,1.7074138851253418,0.0571228283759139,True,False
895,246637,20.965583942,5837891019,B,True,ok,2.0454948434848252,1.7090449496707376,0.05314431350404175,True,False
896,246638,20.997583396,5837923019,A,True,ok,2.033772520922407,1.7133776756688175,0.06538806188039166,True,False
896,246638,20.997583396,5837923019,B,True,ok,2.043622663842805,1.710953869502684,0.05575840157524809,True,False
897,246639,21.014573006,5837940019,A,True,ok,2.023372113678818,1.687890316841814,0.06709345970728098,True,False
897,246639,21.014573006,5837940019,B,True,ok,2.041158989706912,1.7079416317541871,0.05626881082390258,True,False
898,246640,21.036596351,5837962019,A,True,ok,2.0379491013145916,1.7174615547846823,0.06413005645439893,True,False
898,246640,21.036596351,5837962019,B,True,ok,2.0400764876305417,1.7098129636524841,0.05814782789621452,True,False
899,246641,21.058599024,5837984019,A,True,ok,2.0415707373533944,1.6938693792156732,0.050376116963517924,True,False
899,246641,21.058599024,5837984019,B,True,ok,2.0383068080740765,1.7072657168777314,0.058443181025222786,True,False
900,246642,21.081598395,5838007019,A,True,ok,2.042166600330853,1.7300593454653301,0.06923851668201463,True,False
900,246642,21.081598395,5838007019,B,True,ok,2.0368086868484934,1.7099210048103484,0.06102935624470015,True,False
901,246643,21.103585355,5838029019,A,True,ok,2.0237727791178575,1.6986226763907328,0.06879570380282506,True,False
901,246643,21.103585355,5838029019,B,True,ok,2.0345295278144286,1.7080873549365103,0.062176143269100766,True,False
902,246644,21.125578524,5838051020,A,True,ok,2.027258280960857,1.730645164146572,0.08063160645441697,True,False
902,246644,21.125578524,5838051020,B,True,ok,2.0329912633354885,1.7109727866371964,0.06487919210468714,True,False
903,246645,21.147589516,5838073019,A,True,ok,2.0391758513755818,1.7248405008648933,0.0677773162733037,True,False
903,246645,21.147589516,5838073019,B,True,ok,2.031681176335369,1.7116734643996476,0.06636485169652742,True,False
904,246646,21.170581816,5838096019,A,True,ok,2.0300951264022564,1.7311002150800192,0.07873897295485792,True,False
904,246646,21.170581816,5838096019,B,True,ok,2.0303955049481535,1.7130008735951292,0.06813041529616036,True,False
905,246647,21.198584202,5838124019,A,True,ok,2.074045042502961,1.7338432357430171,0.056157410054332446,True,False
905,246647,21.198584202,5838124019,B,True,ok,2.0341797147408833,1.7140385310112995,0.0653798580590104,True,False
906,246648,21.220584091,5838146019,A,True,ok,2.0558011312811924,1.714815971817046,0.04880281257480527,True,False
906,246648,21.220584091,5838146019,B,True,ok,2.0364157368916738,1.7150592692078097,0.0640345657457595,True,False
907,246649,21.242604972,5838168019,A,True,ok,2.06550677935588,1.7091290283674623,0.038058089168453664,True,False
907,246649,21.242604972,5838168019,B,True,ok,2.0384160661819166,1.7145624142584797,0.062092372377959226,True,False
908,246650,21.265589527,5838191019,A,True,ok,2.0598752089788133,1.7191300108833258,0.04938279848084116,True,False
908,246650,21.265589527,5838191019,B,True,ok,2.0410481287242974,1.715898781229389,0.060704268343737454,True,False
909,246651,21.287563879,5838213019,A,True,ok,2.048937370976819,1.7207998737680599,0.05788582902390702,True,False
909,246651,21.287563879,5838213019,B,True,ok,2.0417975873643996,1.7166891091248102,0.060576920623822625,True,False
910,246652,21.329587154,5838255019,A,True,ok,2.0561146627057334,1.7268483866539601,0.05781857327559337,True,False
910,246652,21.329587154,5838255019,B,True,ok,2.0443103781229457,1.7193544522464226,0.0603018611560551,True,False
911,246653,21.351554274,5838277019,A,True,ok,2.054210055681598,1.7015371499302638,0.041770431425028176,True,False
911,246653,21.351554274,5838277019,B,True,ok,2.0457547901948736,1.7173678531656476,0.057913686127797466,True,False
912,246654,21.373585203,5838299019,A,True,ok,2.0435891708595215,1.7060401259856246,0.05321703883958481,True,False
912,246654,21.373585203,5838299019,B,True,ok,2.0457167603437676,1.7165709390449695,0.057432037201218804,True,False
913,246655,21.395569412,5838321019,A,True,ok,2.0397796775165906,1.7316089631199816,0.07201087323909665,True,False
913,246655,21.395569412,5838321019,B,True,ok,2.046475789697203,1.718389034485237,0.05803511739620099,True,False
914,246656,21.4185908,5838344020,A,True,ok,2.033349268358926,1.7191158655156868,0.06884298316103295,True,False
914,246656,21.4185908,5838344020,B,True,ok,2.046150374338251,1.7193972957811536,0.05894859273590182,True,False
915,246657,21.4405944,5838366019,A,True,ok,2.018799714452408,1.7116058321720609,0.0778999954386848,True,False
915,246657,21.4405944,5838366019,B,True,ok,2.043951686360277,1.7187276575121124,0.06016875140334705,True,False
916,246658,21.472585694,5838398019,A,True,ok,2.039207084173597,1.7027031951352865,0.05563591796222044,True,False
916,246658,21.472585694,5838398019,B,True,ok,2.0459218385305338,1.7175044853090777,0.05787461219591157,True,False
917,246659,21.489561607,5838415019,A,True,ok,2.044578033948225,1.72098518864374,0.061179577378170334,True,False
917,246659,21.489561607,5838415019,B,True,ok,2.0472340357043852,1.7176053991565623,0.05694816720367888,True,False
918,246660,21.511602681,5838437019,A,True,ok,2.011268547887728,1.7162864830946936,0.08669112069346235,True,False
918,246660,21.511602681,5838437019,B,True,ok,2.0441340233547334,1.7168969373548388,0.058864860483917196,True,False
919,246661,21.539613803,5838465019,A,True,ok,2.059133811896781,1.7054780624388244,0.04002315871667209,True,False
919,246661,21.539613803,5838465019,B,True,ok,2.0462331322329708,1.7172158404544284,0.05745047863043516,True,False
920,246662,21.561596795,5838487020,A,True,ok,2.041840787407648,1.7139015382828102,0.058895025727612904,True,False
920,246662,21.561596795,5838487020,B,True,ok,2.0464105607753185,1.7192042641643133,0.05862604831120255,True,False
921,246663,21.58360334,5838509019,A,True,ok,2.0669687585726746,1.7193345291682796,0.045581172281699646,True,False
921,246663,21.58360334,5838509019,B,True,ok,2.0492814682105363,1.7180597759890335,0.05573639187662736,True,False
922,246664,21.606558102,5838532019,A,True,ok,2.04569010395691,1.707186997144711,0.05198557204740498,True,False
922,246664,21.606558102,5838532019,B,True,ok,2.0489081542936636,1.7163022239489298,0.05483056854703959,True,False
923,246665,21.628577127,5838554019,A,True,ok,2.058445048245298,1.7105919664057752,0.0439497825798223,True,False
923,246665,21.628577127,5838554019,B,True,ok,2.0506722222537404,1.715671766254224,0.05309565905189599,True,False
924,246666,21.650598745,5838576019,A,True,ok,2.0568323866338996,1.7139777410613084,0.04748239109430403,True,False
924,246666,21.650598745,5838576019,B,True,ok,2.0520879778986796,1.7157260798529825,0.05209293811518684,True,False
925,246667,21.672591657,5838598019,A,True,ok,2.046617430151754,1.7346057112326863,0.06974117195649528,True,False
925,246667,21.672591657,5838598019,B,True,ok,2.0530625746147106,1.7185914674247795,0.0534197973797321,True,False
926,246668,21.695569748,5838621019,A,True,ok,2.048597227981324,1.7198112119447782,0.057437985056428435,True,False
926,246668,21.695569748,5838621019,B,True,ok,2.0530366199243533,1.7189777206124848,0.05371735446540189,True,False
927,246669,21.717564932,5838643020,A,True,ok,2.0801941815608074,1.718824090848173,0.04004327790590568,True,False
927,246669,21.717564932,5838643020,B,True,ok,2.058182579917388,1.718980490250096,0.0503172618576492,True,False
928,246670,21.739631831,5838665019,A,True,ok,2.024488759272338,1.7071896822265418,0.07092955294697664,True,False
928,246670,21.739631831,5838665019,B,True,ok,2.0545557849071314,1.7172080653260935,0.051388058037450376,True,False
929,246671,21.762579969,5838688019,A,True,ok,2.070764350518288,1.723138600112548,0.04723292316439455,True,False
929,246671,21.762579969,5838688019,B,True,ok,2.057147769369281,1.7176515287414114,0.04996905716520261,True,False
930,246672,21.784602226,5838710019,A,True,ok,2.025207810450495,1.7438717458703747,0.09098146925142883,True,False
930,246672,21.784602226,5838710019,B,True,ok,2.0539469646471122,1.7200057159490072,0.05385423536500373,True,False
931,246673,21.806567457,5838732019,A,True,ok,2.045200903671882,1.705960231102377,0.05177733703759584,True,False
931,246673,21.806567457,5838732019,B,True,ok,2.0536939547082085,1.717776955281566,0.05239491650031568,True,False
932,246674,21.845608285,5838771019,A,True,ok,2.0573997959520156,1.6842250889920254,0.032872856294528824,True,False
932,246674,21.845608285,5838771019,B,True,ok,2.053373134701164,1.7133803828205993,0.049555799043793314,True,False
933,246675,21.873607663,5838799019,A,True,ok,2.0393576432932172,1.6949038021987053,0.05278988172742146,True,False
933,246675,21.873607663,5838799019,B,True,ok,2.0529633475797593,1.7103546306051725,0.047886503544048685,True,False
934,246676,21.895588447,5838821019,A,True,ok,2.04502716730969,1.7158719925303656,0.057526998255508076,True,False
934,246676,21.895588447,5838821019,B,True,ok,2.0521395856016365,1.709706424350097,0.048123618173240505,True,False
935,246677,21.917572111,5838843019,A,True,ok,2.061559828965499,1.7100410787986227,0.04136797969271319,True,False
935,246677,21.917572111,5838843019,B,True,ok,2.0525986181355664,1.708787334962263,0.047197182326900705,True,False
936,246678,21.940582427,5838866019,A,True,ok,2.0448018384013036,1.704134420057811,0.051238111239864575,True,False
936,246678,21.940582427,5838866019,B,True,ok,2.050586726885664,1.7079323204627843,0.048307562803570445,True,False
937,246679,21.9626027,5838888019,A,True,ok,2.056045613439909,1.7017992816216758,0.0403498332820992,True,False
937,246679,21.9626027,5838888019,B,True,ok,2.05098127043849,1.7080192889448818,0.04803687968187589,True,False
938,246680,21.984603005,5838910020,A,True,ok,2.0078835439139224,1.6737317018279478,0.0823553515086326,True,False
938,246680,21.984603005,5838910020,B,True,ok,2.0452024040294665,1.703979117617303,0.05081163928120796,True,False
939,246681,22.007579975,5838933019,A,True,ok,2.0096758506826435,1.6659685098198713,0.08154049104728275,True,False
939,246681,22.007579975,5838933019,B,True,ok,2.0423324578007733,1.7000691391215974,0.05172006307417921,True,False
940,246682,22.029609785,5838955019,A,True,ok,2.0029542807866862,1.6559371291458078,0.09031045890210371,True,False
940,246682,22.029609785,5838955019,B,True,ok,2.0380016656017577,1.6942514393038512,0.05391595591680422,True,False
941,246683,22.051605961,5838977019,A,True,ok,2.026994944432589,1.6807191021809025,0.06300915913578821,True,False
941,246683,22.051605961,5838977019,B,True,ok,2.0371972764439157,1.691102781744108,0.0539573848272648,True,False
942,246684,22.073609306,5838999019,A,True,ok,2.03264875553113,1.6997330660806513,0.06065112644519818,True,False
942,246684,22.073609306,5838999019,B,True,ok,2.037187052978672,1.690744077689427,0.05389473609244254,True,False
943,246685,22.09661591,5839022019,A,True,ok,2.0936199249855787,1.7355601946679828,0.05567799465179554,True,False
943,246685,22.09661591,5839022019,B,True,ok,2.043868176928587,1.6948195812950233,0.04845374175078674,True,False
944,246686,22.118611126,5839044019,A,True,ok,2.037506697020918,1.7195422521391543,0.06572013817613408,True,False
944,246686,22.118611126,5839044019,B,True,ok,2.04400812901774,1.6974157015182973,0.04917884561295919,True,False
945,246687,22.140586534,5839066019,A,True,ok,2.073722597733049,1.7532893974601576,0.07507522630424165,True,False
945,246687,22.140586534,5839066019,B,True,ok,2.048209716421195,1.7033995616878064,0.04789537857432979,True,False
946,246688,22.162585975,5839088019,A,True,ok,2.0380024498460636,1.71946021761882,0.06527521732277694,True,False
946,246688,22.162585975,5839088019,B,True,ok,2.0483159064223946,1.704083726546812,0.04814134960476468,True,False
947,246689,22.185585186,5839111020,A,True,ok,2.0680279986855115,1.7218297145656039,0.04724927367064785,True,False
947,246689,22.185585186,5839111020,B,True,ok,2.0510319571363653,1.7052877330337866,0.04645403972325896,True,False
948,246690,22.213638422,5839139019,A,True,ok,2.0473654839140387,1.7152146823950327,0.05529715922239686,True,False
948,246690,22.213638422,5839139019,B,True,ok,2.0510383874833638,1.7074414157572013,0.04765541468349715,True,False
949,246691,22.235616326,5839161019,A,True,ok,2.0757984181304243,1.721789919316985,0.04413708513391406,True,False
949,246691,22.235616326,5839161019,B,True,ok,2.053226338803518,1.7086318852058646,0.04660565425176906,True,False
950,246692,22.257639863,5839183019,A,True,ok,2.0585261281901817,1.7162567123760983,0.048012017235521315,True,False
950,246692,22.257639863,5839183019,B,True,ok,2.0531139019339824,1.7089019427461785,0.04686050069129908,True,False
951,246693,22.280574017,5839206019,A,True,ok,2.042329132445878,1.7073848731846366,0.054976748655238536,True,False
951,246693,22.280574017,5839206019,B,True,ok,2.052340258421008,1.7085100121940553,0.047234277078215335,True,False
952,246694,22.302781783,5839228019,A,True,ok,2.044337723357743,1.7273356708381769,0.06577012423474825,True,False
952,246694,22.302781783,5839228019,B,True,ok,2.051186785529794,1.7101017615150123,0.04911803806970378,True,False
953,246695,22.324616963,5839250019,A,True,ok,2.0592549091477506,1.72553356029348,0.054941475448999834,True,False
953,246695,22.324616963,5839250019,B,True,ok,2.0508931741878738,1.7125937792960004,0.050908724928997805,True,False
954,246696,22.363665791,5839289019,A,True,ok,2.0413131224914265,1.730385718598536,0.07006520306275932,True,False
954,246696,22.363665791,5839289019,B,True,ok,2.050051244076692,1.71476318014642,0.05295641409416312,True,False
955,246697,22.385620046,5839311019,A,True,ok,2.046387092761587,1.69761210931494,0.04703479639913204,True,False
955,246697,22.385620046,5839311019,B,True,ok,2.050792294637232,1.7133099312439024,0.05144701817683056,True,False
956,246698,22.408590745,5839334019,A,True,ok,2.0377259294339,1.7072284137972407,0.05894035096148774,True,False
956,246698,22.408590745,5839334019,B,True,ok,2.0494495710059066,1.7127419974436129,0.05211886115603979,True,False
957,246699,22.430625098,5839356019,A,True,ok,2.033433705848706,1.6886436631547754,0.05722288481668766,True,False
957,246699,22.430625098,5839356019,B,True,ok,2.0484339050976716,1.709932249811076,0.05122186861275193,True,False
958,246700,22.45258553,5839378019,A,True,ok,2.0351125031096053,1.7279545829935647,0.07288538498889721,True,False
958,246700,22.45258553,5839378019,B,True,ok,2.0475823792341106,1.7121640437348573,0.053233262729393355,True,False
959,246701,22.474585066,5839400019,A,True,ok,2.043529114940193,1.732594817460656,0.07018374442819027,True,False
959,246701,22.474585066,5839400019,B,True,ok,2.047205067400831,1.7159454599875386,0.05588812351370494,True,False
960,246702,22.498054754,5839423019,A,True,ok,2.044697990849668,1.7538309991048022,0.08662152424120739,True,False
960,246702,22.498054754,5839423019,B,True,ok,2.0470527081383296,1.721478380308914,0.05970700052173442,True,False
961,246703,22.51958887,5839445019,A,True,ok,2.0616875748530883,1.7580260138029193,0.08300392910984901,True,False
961,246703,22.51958887,5839445019,B,True,ok,2.0508076859784277,1.727183085838458,0.06133743610230891,True,False
962,246704,22.547679131,5839473019,A,True,ok,2.0494303454764067,1.747178749980766,0.07847854048809769,True,False
962,246704,22.547679131,5839473019,B,True,ok,2.049765145968833,1.7310959279411333,0.06503566199459195,True,False
963,246705,22.569599977,5839495019,A,True,ok,2.057631925513064,1.735628770678271,0.06436033229534695,True,False
963,246705,22.569599977,5839495019,B,True,ok,2.052412289177694,1.7341670875811965,0.06593109571279929,True,False
964,246706,22.591607226,5839517019,A,True,ok,2.067092003982894,1.7257864834970325,0.05119744478529921,True,False
964,246706,22.591607226,5839517019,B,True,ok,2.0535201029071333,1.7375777743406784,0.06816144797414611,True,False
965,246707,22.614580933,5839540019,A,True,ok,2.050587401145842,1.7141652706844397,0.05215955012631724,True,False
965,246707,22.614580933,5839540019,B,True,ok,2.0537612763918482,1.7371651689472292,0.0676838358067365,True,False
966,246708,22.636593622,5839562019,A,True,ok,2.053426978303138,1.7183875657081635,0.0530206668860144,True,False
966,246708,22.636593622,5839562019,B,True,ok,2.054162216369769,1.7363855166190083,0.06681072683274528,True,False
967,246709,22.658623751,5839584020,A,True,ok,2.0354206803677424,1.697427426653,0.05729412998960562,True,False
967,246709,22.658623751,5839584020,B,True,ok,2.0532903474711204,1.7326961481295606,0.06422213494180702,True,False
968,246710,22.680589047,5839606019,A,True,ok,2.0447739287407867,1.6705633077747988,0.046200093957659887,True,False
968,246710,22.680589047,5839606019,B,True,ok,2.0525798139668705,1.7265903728107599,0.05975728542529027,True,False
969,246711,22.703628291,5839629019,A,True,ok,2.0724836649376903,1.7052798324526668,0.03075535600265428,True,False
969,246711,22.703628291,5839629019,B,True,ok,2.055275387105384,1.7255949907659387,0.057312319126231075,True,False
970,246712,22.725603987,5839651019,A,True,ok,2.0419773242496864,1.6666426251762942,0.04984573049319986,True,False
970,246712,22.725603987,5839651019,B,True,ok,2.0556136082369014,1.7202109135097587,0.052908803650948175,True,False
971,246713,22.747616132,5839673019,A,True,ok,2.044961655553083,1.7211281668802072,0.06099162714213557,True,False
971,246713,22.747616132,5839673019,B,True,ok,2.0551149037419316,1.7207542761777288,0.053645884909331906,True,False
972,246714,22.770647665,5839696019,A,True,ok,2.043251568811941,1.7117426889384637,0.05650676171564569,True,False
972,246714,22.770647665,5839696019,B,True,ok,2.0552900288433635,1.7202370623733099,0.05313947013405534,True,False
973,246715,22.792603072,5839718019,A,True,ok,2.043895183758932,1.732688622989534,0.07001246369865784,True,False
973,246715,22.792603072,5839718019,B,True,ok,2.052211762339141,1.7198209049207356,0.05489677016200338,True,False
974,246716,22.814588528,5839740019,A,True,ok,2.0205432004460016,1.719123962238318,0.07971782376300575,True,False
974,246716,22.814588528,5839740019,B,True,ok,2.047088139420221,1.7175061039803232,0.05699241716405075,True,False
975,246717,22.836611201,5839762019,A,True,ok,2.031108039251858,1.7296139636137302,0.07700524934201074,True,False
975,246717,22.836611201,5839762019,B,True,ok,2.0431177788831603,1.7160893430245687,0.0591640375295097,True,False
976,246718,22.877661939,5839803019,A,True,ok,2.037442854707821,1.7147853472895573,0.06302597803539682,True,False
976,246718,22.877661939,5839803019,B,True,ok,2.038675942719716,1.7114820814727516,0.06021030069321049,True,False
977,246719,22.905607108,5839831019,A,True,ok,2.065331154924557,1.7077136760022038,0.03710255725568416,True,False
977,246719,22.905607108,5839831019,B,True,ok,2.0433295053031357,1.7110528893071986,0.05605726544860312,True,False
978,246720,22.9276165,5839853019,A,True,ok,2.0601578368012863,1.7180698791281457,0.048372206908619354,True,False
978,246720,22.9276165,5839853019,B,True,ok,2.0442200533077917,1.710873117264329,0.05521732417238667,True,False
979,246721,22.954600747,5839880019,A,True,ok,2.078994133578725,1.7411625841641007,0.06214491771105386,True,False
979,246721,22.954600747,5839880019,B,True,ok,2.0489507359125807,1.7154884854647425,0.05426301394780727,True,False
980,246722,22.972623857,5839898020,A,True,ok,2.0646089062047652,1.7052825031651997,0.03583172631086504,True,False
980,246722,22.972623857,5839898020,B,True,ok,2.050583717767507,1.7140886140653449,0.05211215706461956,True,False
981,246723,22.994616801,5839920019,A,True,ok,2.0832280285264453,1.721076250855035,0.04163073362246223,True,False
981,246723,22.994616801,5839920019,B,True,ok,2.055563410081483,1.714573474079894,0.048797580218379794,True,False
982,246724,23.01663717,5839942019,A,True,ok,2.0543040485606046,1.7194076663112627,0.053171092834955955,True,False
982,246724,23.01663717,5839942019,B,True,ok,2.0557267447561873,1.7145920895332643,0.048695674174251836,True,False
983,246725,23.039632062,5839965019,A,True,ok,2.04988342562231,1.7233712239022942,0.05907962933688441,True,False
983,246725,23.039632062,5839965019,B,True,ok,2.057201287617613,1.715630540801431,0.048428204300231745,True,False
984,246726,23.061640078,5839987020,A,True,ok,2.055676774695451,1.694523652780678,0.0372695624524963,True,False
984,246726,23.061640078,5839987020,B,True,ok,2.0583331685287156,1.7127527525828092,0.045557996193658905,True,False
985,246727,23.083636511,5840009019,A,True,ok,2.075190057802899,1.7197944896797013,0.042460991471576885,True,False
985,246727,23.083636511,5840009019,B,True,ok,2.060931090463381,1.7121643931753168,0.043353773653333885,True,False
986,246728,23.105601134,5840031019,A,True,ok,2.0718116589948914,1.7187345237580751,0.042792278267030845,True,False
986,246728,23.105601134,5840031019,B,True,ok,2.0628778904919383,1.712915158604112,0.04264992954391765,True,False
987,246729,23.128617562,5840054019,A,True,ok,2.087306016355075,1.7307448486657981,0.05081630854355602,True,False
987,246729,23.128617562,5840054019,B,True,ok,2.0676278423915315,1.7148141727978978,0.0413828474571294,True,False
988,246730,23.150689517,5840076019,A,True,ok,2.08043768439563,1.7229475011993896,0.04399915611678423,True,False
988,246730,23.150689517,5840076019,B,True,ok,2.0700174957382944,1.715463869217206,0.04070609900769378,True,False
989,246731,23.172646588,5840098019,A,True,ok,2.0781941677608096,1.7283686144320647,0.04978855829342367,True,False
989,246731,23.172646588,5840098019,B,True,ok,2.072188389216662,1.717124790299055,0.04117649248595516,True,False
990,246732,23.1946163,5840120019,A,True,ok,2.086618065668206,1.7496067750616608,0.06968888443869097,True,False
990,246732,23.1946163,5840120019,B,True,ok,2.075418320232133,1.7194753312032989,0.04208238537039898,True,False
991,246733,23.217642776,5840143019,A,True,ok,2.083566968163907,1.7191124561499131,0.03963796317525747,True,False
991,246733,23.217642776,5840143019,B,True,ok,2.077628917317646,1.718728920374464,0.04065677016322388,True,False
992,246734,23.245654987,5840171019,A,True,ok,2.085554564232311,1.7167588111449639,0.037026640354692913,True,False
992,246734,23.245654987,5840171019,B,True,ok,2.079992719778845,1.7165668685869586,0.03791149608866189,True,False
993,246735,23.267609626,5840193019,A,True,ok,2.08884719917341,1.7498697959750749,0.069879305515613,True,False
993,246735,23.267609626,5840193019,B,True,ok,2.082205254304981,1.7196208614729143,0.04038032595591422,True,False
994,246736,23.289632683,5840215020,A,True,ok,2.064129199615166,1.7408435608345136,0.0661153326209215,True,False
994,246736,23.289632683,5840215020,B,True,ok,2.08166426954891,1.7242629889320782,0.04504105450979708,True,False
995,246737,23.312608566,5840238019,A,True,ok,2.0857918789500682,1.732626548111733,0.052794524800659215,True,False
995,246737,23.312608566,5840238019,B,True,ok,2.0841126677860062,1.7273493795828132,0.04771398565908387,True,False
996,246738,23.334634856,5840260019,A,True,ok,2.0812612844558376,1.7301082115493327,0.05086450642672617,True,False
996,246738,23.334634856,5840260019,B,True,ok,2.085893215491408,1.7297610760740783,0.04993025506694534,True,False
997,246739,23.356666297,5840282019,A,True,ok,2.084912009705852,1.7321025507076673,0.052350390977321144,True,False
997,246739,23.356666297,5840282019,B,True,ok,2.087566084527432,1.732583687157429,0.052639985748459024,True,False
998,246740,23.398060596,5840323019,A,True,ok,2.0368543976400764,1.734963780372609,0.07645568783973833,True,False
998,246740,23.398060596,5840323019,B,True,ok,2.0864691155491144,1.7373915515315221,0.05750006375823311,True,False
1000,246741,23.420642516,5840346019,A,True,ok,2.073149963039355,1.7281897919469769,0.05105075703129215,True,False
1000,246741,23.420642516,5840346019,B,True,ok,2.0868413078091286,1.7382436373815766,0.05832922622316592,True,False
1001,246742,23.442616516,5840368019,A,True,ok,2.078134165047134,1.727616455215075,0.04907264865867646,True,False
1001,246742,23.442616516,5840368019,B,True,ok,2.087909787190168,1.7388217457464517,0.058858871567934394,True,False
1002,246743,23.464659158,5840390019,A,True,ok,2.083857920166334,1.734584303827954,0.054928784522011144,True,False
1002,246743,23.464659158,5840390019,B,True,ok,2.0883301350163648,1.7390313693883022,0.05905498303210115,True,False
1003,246744,23.486621381,5840412019,A,True,ok,2.073849369651818,1.7323297369536224,0.05476535611386934,True,False
1003,246744,23.486621381,5840412019,B,True,ok,2.0880013644789766,1.7372896529186488,0.05732450501735838,True,False
1004,246745,23.509619857,5840435019,A,True,ok,2.074772693802459,1.7375848533777505,0.059564135119807606,True,False
1004,246745,23.509619857,5840435019,B,True,ok,2.089481691178805,1.7379306789482682,0.0579329975699641,True,False
1005,246746,23.531653826,5840457019,A,True,ok,2.058030304860655,1.7332067541802854,0.06207270009999543,True,False
1005,246746,23.531653826,5840457019,B,True,ok,2.0871541369239734,1.7355158600137008,0.05558875470550069,True,False
1006,246747,23.553623794,5840479019,A,True,ok,2.0769207893120214,1.7341469680575878,0.05570421799154866,True,False
1006,246747,23.553623794,5840479019,B,True,ok,2.08697068773546,1.7360957651009776,0.05617750079044241,True,False
1007,246748,23.581659525,5840507019,A,True,ok,2.072543241329804,1.7437820742194639,0.06612784145128779,True,False
1007,246748,23.581659525,5840507019,B,True,ok,2.0867550297314166,1.7379807860800098,0.05807151958145971,True,False
1008,246749,23.603626069,5840529019,A,True,ok,2.082492175810287,1.7501286817353852,0.07052942241367492,True,False
1008,246749,23.603626069,5840529019,B,True,ok,2.0859232709879154,1.7398580149147431,0.059996680482936625,True,False
1009,246750,23.625657222,5840551019,A,True,ok,2.090225148214889,1.7385070332694514,0.05850746647831687,True,False
1009,246750,23.625657222,5840551019,B,True,ok,2.086104615619042,1.7416112500470076,0.0617342704810732,True,False
1010,246751,23.648650386,5840574019,A,True,ok,2.0844067615758703,1.7537077130583743,0.07391962716602947,True,False
1010,246751,23.648650386,5840574019,B,True,ok,2.08431289645256,1.7437935096945054,0.06404650674238423,True,False
1011,246752,23.670618337,5840596019,A,True,ok,2.0708080500757062,1.742634453515272,0.06550882161246203,True,False
1011,246752,23.670618337,5840596019,B,True,ok,2.0835223197797954,1.743782966990456,0.06411105379839617,True,False
1012,246753,23.69263221,5840618019,A,True,ok,2.082216921180278,1.7212466754888236,0.04197457033483878,True,False
1012,246753,23.69263221,5840618019,B,True,ok,2.082595595821629,1.742731051999706,0.0631665266278469,True,False
1013,246754,23.714668452,5840640019,A,True,ok,2.0758714189857006,1.7464111793621369,0.06789743401445697,True,False
1013,246754,23.714668452,5840640019,B,True,ok,2.0821345333306605,1.7433073561072738,0.063794097714598,True,False
1014,246755,23.737630062,5840663019,A,True,ok,2.0692134506530375,1.7520277981809542,0.07496722180093097,True,False
1014,246755,23.737630062,5840663019,B,True,ok,2.0807916364727097,1.7449978810205338,0.06564692297442584,True,False
1015,246756,23.759656128,5840685019,A,True,ok,2.081172960960606,1.735966773986263,0.05665859518760087,True,False
1015,246756,23.759656128,5840685019,B,True,ok,2.0817135931702686,1.745812397880732,0.06633201529397106,True,False
1016,246757,23.781655696,5840707019,A,True,ok,2.09606580420344,1.7307869380264442,0.051147893942335175,True,False
1016,246757,23.781655696,5840707019,B,True,ok,2.083445013656354,1.7443344363019015,0.06466751533999755,True,False
1017,246758,23.80465334,5840730019,A,True,ok,2.0881325664801578,1.7351325038090768,0.05516412134901547,True,False
1017,246758,23.80465334,5840730019,B,True,ok,2.0852534832129876,1.7439225214475824,0.06409850364732418,True,False
1018,246759,23.826613707,5840752019,A,True,ok,2.08171522023348,1.744068698370854,0.06460213376286587,True,False
1018,246759,23.826613707,5840752019,B,True,ok,2.084509779101498,1.7444465380125311,0.06467997207262055,True,False
1019,246760,23.848634972,5840774019,A,True,ok,2.060929880404316,1.7329962710580356,0.060445649962293825,True,False
1019,246760,23.848634972,5840774019,B,True,ok,2.081143184719396,1.7436579853493885,0.06427116208423268,True,False
1020,246761,23.87065627,5840796019,A,True,ok,2.0778659501413275,1.7472882483142373,0.06837355868441558,True,False
1020,246761,23.87065627,5840796019,B,True,ok,2.0799503249877103,1.7429524247469144,0.0637495392090685,True,False
1021,246762,23.911677279,5840837019,A,True,ok,2.0500393837725954,1.7484118273363873,0.07922770329106846,True,False
1021,246762,23.911677279,5840837019,B,True,ok,2.0760823994514364,1.7432353022701104,0.06474876877765019,True,False
1022,246763,23.939659504,5840865019,A,True,ok,2.0825958586131224,1.74811659891906,0.06851782511125812,True,False
1022,246763,23.939659504,5840865019,B,True,ok,2.0773721405826486,1.7442550860216015,0.06548418826791551,True,False
1023,246764,23.961637856,5840887019,A,True,ok,2.0584780966369594,1.7347730298932196,0.06319584792779029,True,False
1023,246764,23.961637856,5840887019,B,True,ok,2.075089713106064,1.7424702855557526,0.06422502030110029,True,False
1024,246765,23.983634321,5840909019,A,True,ok,2.097192691408572,1.7464495139718577,0.06683765942038261,True,False
1024,246765,23.983634321,5840909019,B,True,ok,2.07838431939036,1.7441096827137588,0.06515347614428556,True,False
1025,246766,24.006641052,5840932019,A,True,ok,2.0615346182149037,1.730562365787538,0.05802439826662644,True,False
1025,246766,24.006641052,5840932019,B,True,ok,2.076450551363209,1.743021237356374,0.06446133660024023,True,False
1026,246767,24.028621228,5840954019,A,True,ok,2.087369470222952,1.7322086750130044,0.052274902520439454,True,False
1026,246767,24.028621228,5840954019,B,True,ok,2.0786748288360646,1.7418825520505556,0.06291033102903026,True,False
1027,246768,24.050713824,5840976019,A,True,ok,2.071350664592492,1.7284296726906085,0.051896347733354116,True,False
1027,246768,24.050713824,5840976019,B,True,ok,2.078828546401529,1.739520776687334,0.060560087788627516,True,False
1028,246769,24.073635625,5840999019,A,True,ok,2.0879842434368703,1.7431408264813226,0.06317299457257271,True,False
1028,246769,24.073635625,5840999019,B,True,ok,2.0809724080318186,1.740957402452354,0.06162225515576518,True,False
1029,246770,24.095639258,5841021019,A,True,ok,2.061713561877332,1.7188352909317506,0.048044795799558115,True,False
1029,246770,24.095639258,5841021019,B,True,ok,2.0786252649971537,1.7389099076466061,0.05999801509480663,True,False
1030,246771,24.11762545,5841043019,A,True,ok,2.0923188618140425,1.7564506721866548,0.07648583135394421,True,False
1030,246771,24.11762545,5841043019,B,True,ok,2.081046281498563,1.740897807133172,0.061552514072391845,True,False
1031,246772,24.139644955,5841065020,A,True,ok,2.0955639623305937,1.7262706174438363,0.04660394527773498,True,False
1031,246772,24.139644955,5841065020,B,True,ok,2.0837635653131263,1.7389703887923929,0.05929924006199084,True,False
1032,246773,24.162673223,5841088019,A,True,ok,2.0984095319211282,1.7404548717982566,0.0610369703644941,True,False
1032,246773,24.162673223,5841088019,B,True,ok,2.086823756665978,1.7389620684131566,0.05904755738618392,True,False
1033,246774,24.184639703,5841110020,A,True,ok,2.0706337687432863,1.7354901987026217,0.05877255367214319,True,False
1033,246774,24.184639703,5841110020,B,True,ok,2.0858070244104394,1.7384901791886564,0.058640277163531526,True,False
1034,246775,24.206640392,5841132019,A,True,ok,2.0865110105163818,1.7747061789102696,0.09477042456062337,True,False
1034,246775,24.206640392,5841132019,B,True,ok,2.0844664031619335,1.742350554430131,0.06259562549979825,True,False
1035,246776,24.228629112,5841154020,A,True,ok,2.0774140263752745,1.736961234764993,0.05833514376458615,True,False
1035,246776,24.228629112,5841154020,B,True,ok,2.084050422636417,1.7412929456536765,0.06158102514338172,True,False
1036,246777,24.251646116,5841177020,A,True,ok,2.1126685670606546,1.767320416291089,0.09021484929784278,True,False
1036,246777,24.251646116,5841177020,B,True,ok,2.0878324710529053,1.743836351458669,0.06387313949768879,True,False
1037,246778,24.279643094,5841205019,A,True,ok,2.149058506034373,1.7934017452668376,0.12785876178258904,True,False
1037,246778,24.279643094,5841205019,B,True,ok,2.095467632282289,1.7494997474161815,0.06971448840583548,True,False
1038,246779,24.302100147,5841227020,A,True,ok,2.1391097930537284,1.7896527406789717,0.12014780610643658,True,False
1038,246779,24.302100147,5841227020,B,True,ok,2.1022221603102302,1.7535474135281093,0.07455604093112571,True,False
1039,246780,24.324137925,5841249019,A,True,ok,2.113835918741117,1.7868858592587458,0.10951135982953346,True,False
1039,246780,24.324137925,5841249019,B,True,ok,2.105009824758368,1.758140670011587,0.07956920980590831,True,False
1040,246781,24.346669091,5841272019,A,True,ok,1.941366088651151,1.6245037478157396,0.1586564641272346,True,False
1040,246781,24.346669091,5841272019,B,True,ok,2.0980193869641424,1.7537936899222337,0.07422815664974745,True,False
1041,246782,24.368666772,5841294019,A,True,ok,2.0909202970169467,1.7258859104615472,0.0458951383643685,True,False
1041,246782,24.368666772,5841294019,B,True,ok,2.0981785023553687,1.7509040508134694,0.07137417125638545,True,False
1042,246783,24.390669349,5841316020,A,True,ok,2.056332319291263,1.706877527629426,0.043080322837416224,True,False
1042,246783,24.390669349,5841316020,B,True,ok,2.0937353718654754,1.7462091745553496,0.06631446145656429,True,False
1043,246784,24.431682805,5841357019,A,True,ok,2.091193997698676,1.7187806047988892,0.038798981160232476,True,False
1043,246784,24.431682805,5841357019,B,True,ok,2.0954100480847746,1.7438819926895373,0.06411066689924286,True,False
1044,246785,24.453648101,5841379019,A,True,ok,2.068650210952761,1.7177610422161462,0.04337867911326008,True,False
1044,246785,24.453648101,5841379019,B,True,ok,2.093325050251463,1.7415449451883371,0.06163469994581125,True,False
1045,246786,24.47669877,5841402019,A,True,ok,2.0758071950815244,1.7308344608606152,0.0527785763586261,True,False
1045,246786,24.47669877,5841402019,B,True,ok,2.0914704995024187,1.7404545743621074,0.0604724559621171,True,False
1046,246787,24.498678562,5841424019,A,True,ok,2.0731039460846334,1.7099159040361587,0.03435750212415954,True,False
1046,246787,24.498678562,5841424019,B,True,ok,2.090098135968462,1.7355748481593802,0.055574934805238244,True,False
1047,246788,24.520644306,5841446019,A,True,ok,2.085459468967076,1.7370133721273957,0.05719388973830905,True,False
1047,246788,24.520644306,5841446019,B,True,ok,2.0899602523188934,1.7356361232712794,0.055636137469590334,True,False
1048,246789,24.542653411,5841468019,A,True,ok,2.0631920170417524,1.6956274423806132,0.031030386811141702,True,False
1048,246789,24.542653411,5841468019,B,True,ok,2.0866380420198127,1.7312507777166113,0.0513609285159259,True,False
1049,246790,24.565652558,5841491020,A,True,ok,2.0771314448989355,1.7477612606076438,0.06897237236405718,True,False
1049,246790,24.565652558,5841491020,B,True,ok,2.086064180754836,1.7324223779591057,0.05256991900334202,True,False
1050,246791,24.587638718,5841513019,A,True,ok,2.0596862265354234,1.725095483547053,0.05433716497945215,True,False
1050,246791,24.587638718,5841513019,B,True,ok,2.084231127750492,1.730206413735078,0.05053675758464317,True,False
1051,246792,24.615660209,5841541019,A,True,ok,2.0890437717376225,1.7514718469011683,0.07147824334686619,True,False
1051,246792,24.615660209,5841541019,B,True,ok,2.085801032057802,1.731752285762833,0.0519223498452981,True,False
1052,246793,24.637652161,5841563019,A,True,ok,2.083510828266772,1.717285202495093,0.037845682380998544,True,False
1052,246793,24.637652161,5841563019,B,True,ok,2.085327098666763,1.7283371387110582,0.04856248537340581,True,False
1053,246794,24.659670483,5841585019,A,True,ok,2.0798812536255475,1.746570640965947,0.06733527505555698,True,False
1053,246794,24.659670483,5841585019,B,True,ok,2.084619949867593,1.7300275254866706,0.050315983998593265,True,False
1054,246795,24.68265683,5841608019,A,True,ok,2.075494233269634,1.722844759224434,0.045233733666761644,True,False
1054,246795,24.68265683,5841608019,B,True,ok,2.083590001824265,1.7285940296956164,0.04901497524911523,True,False
1055,246796,24.714635131,5841640019,A,True,ok,2.0847747464721462,1.7437840664713515,0.0639977375385423,True,False
1055,246796,24.714635131,5841640019,B,True,ok,2.0819681261874363,1.730009678358284,0.0506505570200364,True,False
1056,246797,24.731668614,5841657019,A,True,ok,2.04980184592745,1.7200591388995075,0.05675056123255968,True,False
1056,246797,24.731668614,5841657019,B,True,ok,2.0783099067285074,1.7284796653311998,0.049869191203801726,True,False
1057,246798,24.764659967,5841690019,A,True,ok,2.0804392322909973,1.7251843004098324,0.04618472997335258,True,False
1057,246798,24.764659967,5841690019,B,True,ok,2.076601710650712,1.727307995304947,0.049168695094136204,True,False
1058,246799,24.781671881,5841707019,A,True,ok,2.073637594589775,1.703163755026372,0.028359969282958305,True,False
1058,246799,24.781671881,5841707019,B,True,ok,2.0765752933200106,1.7239339027877758,0.04593920508247274,True,False
1059,246800,24.803675289,5841729019,A,True,ok,2.0624081905738287,1.7308475552956653,0.057851377053237785,True,False
1059,246800,24.803675289,5841729019,B,True,ok,2.0736960842189487,1.723712468567522,0.046654019956078985,True,False
1060,246801,24.825640649,5841751019,A,True,ok,2.072018932635503,1.7262444973201998,0.04961725824715174,True,False
1060,246801,24.825640649,5841751019,B,True,ok,2.07329978487565,1.722653730883986,0.04580652730259167,True,False
1061,246802,24.84868223,5841774019,A,True,ok,2.0634311379595416,1.7363970719103308,0.06234207367568015,True,False
1061,246802,24.84868223,5841774019,B,True,ok,2.0704588699984328,1.7222473769732114,0.046547788592529116,True,False
1062,246803,24.870642213,5841796019,A,True,ok,2.059597835581744,1.7276985367601247,0.056563610301780115,True,False
1062,246803,24.870642213,5841796019,B,True,ok,2.068794856927774,1.7220675922908215,0.04710987596948601,True,False
1063,246804,24.892641974,5841818019,A,True,ok,2.0624785503924947,1.7184749534368609,0.04730488590480966,True,False
1063,246804,24.892641974,5841818019,B,True,ok,2.06604681445201,1.719526116372282,0.04621762621956707,True,False
1064,246805,24.929714172,5841855019,A,True,ok,2.0639320839492235,1.7256613283946922,0.0525784476567943,True,False
1064,246805,24.929714172,5841855019,B,True,ok,2.062779760642874,1.7175466914145,0.04637559128286034,True,False
1065,246806,24.957702478,5841883019,A,True,ok,2.0847470867986533,1.7561503074964853,0.07633126770144821,True,False
1065,246806,24.957702478,5841883019,B,True,ok,2.065434686029536,1.7205692735627014,0.04742700294002111,True,False
1066,246807,24.979641213,5841905020,A,True,ok,2.0891778408498207,1.7316461307992816,0.051652674395472865,True,False
1066,246807,24.979641213,5841905020,B,True,ok,2.0659723274509023,1.7197286389323234,0.04642944970104195,True,False
1067,246808,25.003615363,5841928020,A,True,ok,2.100281633442668,1.7528278494089302,0.0735500349135146,True,False
1067,246808,25.003615363,5841928020,B,True,ok,2.069018512891123,1.7239702005216648,0.04871961961279438,True,False
1068,246809,25.024637785,5841950019,A,True,ok,2.077195860988785,1.7212446077884735,0.043186382662171834,True,False
1068,246809,25.024637785,5841950019,B,True,ok,2.0688105085751003,1.7224998898498818,0.04748931652590909,True,False
1069,246810,25.046653034,5841972019,A,True,ok,2.0759744612959725,1.7451695272723893,0.06666170580509373,True,False
1069,246810,25.046653034,5841972019,B,True,ok,2.068865825764445,1.7262536146081098,0.050853221972008256,True,False
1070,246811,25.068678652,5841994019,A,True,ok,2.0728708687908206,1.7326043209355189,0.055322886015358536,True,False
1070,246811,25.068678652,5841994019,B,True,ok,2.0712327189811295,1.727311429771024,0.05089776246378407,True,False
1071,246812,25.09168836,5842017020,A,True,ok,2.088642852419322,1.7680666572913213,0.08807711380388655,True,False
1071,246812,25.09168836,5842017020,B,True,ok,2.0764150784966198,1.7345352594466619,0.05620182039015932,True,False
1072,246813,25.113654007,5842039020,A,True,ok,2.080658196918575,1.7355987854255999,0.056378136060125504,True,False
1072,246813,25.113654007,5842039020,B,True,ok,2.0804538518680515,1.7380049817416703,0.058785260491118096,True,False
1073,246814,25.135676648,5842061019,A,True,ok,2.091102167403182,1.7589576481803166,0.07896534036620945,True,False
1073,246814,25.135676648,5842061019,B,True,ok,2.0847640107033336,1.744888550770853,0.06509945932998498,True,False
1074,246815,25.157659865,5842083020,A,True,ok,2.0838445910378756,1.7339754988615843,0.05432534893443296,True,False
1074,246815,25.157659865,5842083020,B,True,ok,2.08259040030816,1.7433779704293835,0.06380963331144543,True,False
1075,246816,25.180660516,5842106020,A,True,ok,2.0825971486388872,1.7482546343100442,0.06865491470443033,True,False
1075,246816,25.180660516,5842106020,B,True,ok,2.0838017301986733,1.7445056487147312,0.06480275661295862,True,False
1076,246817,25.202660181,5842128020,A,True,ok,2.080856513253657,1.7545743613639273,0.07513280723304679,True,False
1076,246817,25.202660181,5842128020,B,True,ok,2.0837046789469533,1.7461531021101753,0.06645196751007615,True,False
1077,246818,25.224676198,5842150020,A,True,ok,2.0867404676640358,1.7577959664157548,0.07786422119054712,True,False
1077,246818,25.224676198,5842150020,B,True,ok,2.0854495378324467,1.7483869166512098,0.06853814321235921,True,False
1078,246819,25.246691511,5842172019,A,True,ok,2.057104725626083,1.744744817899936,0.07262224535933297,True,False
1078,246819,25.246691511,5842172019,B,True,ok,2.0826386284087826,1.7484705418885391,0.06886512105713734,True,False
1079,246820,25.269645953,5842195020,A,True,ok,2.072632414437885,1.7502654278485545,0.07237999294693125,True,False
1079,246820,25.269645953,5842195020,B,True,ok,2.0829881957044694,1.7498611793541428,0.07021217686577258,True,False
1080,246821,25.298152673,5842223020,A,True,ok,2.0874294149727257,1.7643496423985339,0.08438880304959301,True,False
1080,246821,25.298152673,5842223020,B,True,ok,2.0834846325979974,1.7516382210896768,0.07193389140924117,True,False
1081,246822,25.31970999,5842245019,A,True,ok,2.077165859951037,1.735183124553739,0.056655912192019944,True,False
1081,246822,25.31970999,5842245019,B,True,ok,2.08411901628282,1.7513090952122603,0.0715511916705302,True,False
1082,246823,25.341651157,5842267020,A,True,ok,2.106219887956986,1.7448061403975743,0.06680509410641755,True,False
1082,246823,25.341651157,5842267020,B,True,ok,2.0880492591984856,1.7508980083723105,0.07092484036524091,True,False
1083,246824,25.364740483,5842290020,A,True,ok,2.0837783967750245,1.7425877090719746,0.06289618170896513,True,False
1083,246824,25.364740483,5842290020,B,True,ok,2.0875664909166685,1.7507662430147337,0.07080807239911996,True,False
1084,246825,25.386670705,5842312020,A,True,ok,2.101590811629056,1.7563529413941306,0.07722770599827374,True,False
1084,246825,25.386670705,5842312020,B,True,ok,2.0895169735587293,1.7522739499432234,0.07227556402366249,True,False
1085,246826,25.408689123,5842334020,A,True,ok,2.089123271219479,1.7608100159141329,0.08081477170293197,True,False
1085,246826,25.408689123,5842334020,B,True,ok,2.090897078890118,1.7549602467605603,0.07496561441713923,True,False
1086,246827,25.449675699,5842375019,A,True,ok,2.089181137897863,1.764179693197062,0.08418367586351762,True,False
1086,246827,25.449675699,5842375019,B,True,ok,2.093681490246318,1.7584164294504727,0.07850280108502314,True,False
1087,246828,25.471675363,5842397019,A,True,ok,2.1000662012821296,1.739597909885716,0.06044203232021799,True,False
1087,246828,25.471675363,5842397019,B,True,ok,2.0956896348863507,1.7576467973558807,0.07785497469503919,True,False
1088,246829,25.494725008,5842420020,A,True,ok,2.0811099879242914,1.7519099868808294,0.07245742562296369,True,False
1088,246829,25.494725008,5842420020,B,True,ok,2.0966735911550463,1.7592605339311684,0.07954098979745365,True,False
1089,246830,25.516673535,5842442019,A,True,ok,2.084963768269426,1.745122044888076,0.06531649378563298,True,False
1089,246830,25.516673535,5842442019,B,True,ok,2.0965684470855868,1.7584552102637987,0.07872969271280708,True,False
1090,246831,25.538672432,5842464019,A,True,ok,2.1046133065862396,1.755973742433799,0.0773663897876892,True,False
1090,246831,25.538672432,5842464019,B,True,ok,2.0976120040986563,1.758710765202109,0.0790779815441663,True,False
1091,246832,25.56065904,5842486020,A,True,ok,2.057509707027466,1.755067766723955,0.08179724163052939,True,False
1091,246832,25.56065904,5842486020,B,True,ok,2.095336165629161,1.7595885754003662,0.07976726144153141,True,False
1092,246833,25.583693613,5842509020,A,True,ok,2.07168596966362,1.7571101687384065,0.0792551691060424,True,False
1092,246833,25.583693613,5842509020,B,True,ok,2.0932900962314545,1.7582278796591895,0.07829703627331543,True,False
1093,246834,25.605701917,5842531020,A,True,ok,2.092846309491434,1.7503071962151562,0.07036478748179027,True,False
1093,246834,25.605701917,5842531020,B,True,ok,2.093566872607644,1.7579026531926456,0.07798426735343987,True,False
1094,246835,25.633681903,5842559019,A,True,ok,2.0939117794827893,1.7332825919307042,0.05342599200366733,True,False
1094,246835,25.633681903,5842559019,B,True,ok,2.0946585005246963,1.755417379241602,0.07556111909448014,True,False
1095,246836,25.655679776,5842581020,A,True,ok,2.111531089405549,1.7538337052900381,0.07690906219585546,True,False
1095,246836,25.655679776,5842581020,B,True,ok,2.096740888443257,1.7558104436363808,0.07610954566510905,True,False
1096,246837,25.677675216,5842603020,A,True,ok,2.1099013799308945,1.7515073756882982,0.07422512850094126,True,False
1096,246837,25.677675216,5842603020,B,True,ok,2.098401658839804,1.7551925141371312,0.07566043915761486,True,False
1097,246838,25.7006999,5842626020,A,True,ok,2.1040345247975942,1.7533632339832614,0.07469358732031195,True,False
1097,246838,25.7006999,5842626020,B,True,ok,2.0992530537516236,1.7541904637427421,0.07476525873755525,True,False
1098,246839,25.722672684,5842648020,A,True,ok,2.1055054054623406,1.7460470008333204,0.0678426408509296,True,False
1098,246839,25.722672684,5842648020,B,True,ok,2.100154067779576,1.7531068694771381,0.07380866790031876,True,False
1099,246840,25.74470611,5842670020,A,True,ok,2.0944766128234478,1.760345999902795,0.08047061428093495,True,False
1099,246840,25.74470611,5842670020,B,True,ok,2.1004207308220213,1.7536493664427864,0.07438293358216562,True,False
1100,246841,25.766684142,5842692020,A,True,ok,2.084989747646917,1.7492865987728885,0.06946751325732638,True,False
1100,246841,25.766684142,5842692020,B,True,ok,2.099818385359246,1.7539076943782117,0.07455701160431398,True,False
1101,246842,25.789707034,5842715019,A,True,ok,2.089887675453936,1.7737567985787892,0.09375686586350522,True,False
1101,246842,25.789707034,5842715019,B,True,ok,2.1002602431511628,1.7558285350887395,0.07651953556592715,True,False
1102,246843,25.811715563,5842737020,A,True,ok,2.0959187106641806,1.7359868222808716,0.05629880465015398,True,False
1102,246843,25.811715563,5842737020,B,True,ok,2.101871973357299,1.7543691450210528,0.07531077932513251,True,False
1103,246844,25.83373174,5842759020,A,True,ok,2.096676383254011,1.7687463788676407,0.08899715644599711,True,False
1103,246844,25.83373174,5842759020,B,True,ok,2.102308563497284,1.7550355912913624,0.07603841592123725,True,False
1104,246845,25.856674022,5842782020,A,True,ok,2.098322079169082,1.7486800054991432,0.06918236883092985,True,False
1104,246845,25.856674022,5842782020,B,True,ok,2.102145928788012,1.7536215259863503,0.07461670506449833,True,False
1105,246846,25.878690935,5842804020,A,True,ok,2.088849077749617,1.784765768721687,0.10477209035746318,True,False
1105,246846,25.878690935,5842804020,B,True,ok,2.1017948257802663,1.7571538904187294,0.07805024485504289,True,False
1106,246847,25.900691912,5842826020,A,True,ok,2.0824003491062357,1.7520763969667128,0.0724759387204489,True,False
1106,246847,25.900691912,5842826020,B,True,ok,2.1009627001468116,1.7578776781828407,0.07864549290111301,True,False
1107,246848,25.92269436,5842848020,A,True,ok,2.1050283352061974,1.7746723381451301,0.09585771992351848,True,False
1107,246848,25.92269436,5842848020,B,True,ok,2.102254925550357,1.7595196027930258,0.08045837699460139,True,False
1108,246849,25.964221431,5842889020,A,True,ok,2.075418154113339,1.7751763240456195,0.09628687806912796,True,False
1108,246849,25.964221431,5842889020,B,True,ok,2.1012577158165207,1.761862549877763,0.08263300332128062,True,False
1109,246850,25.991711483,5842917020,A,True,ok,2.1109641605647784,1.7930051953414865,0.11493332937992075,True,False
1109,246850,25.991711483,5842917020,B,True,ok,2.102950596821419,1.765749631240519,0.08672206879402697,True,False
1110,246851,26.023712121,5842949020,A,True,ok,2.101055040813901,1.7780258708950987,0.09864727716536113,True,False
1110,246851,26.023712121,5842949020,B,True,ok,2.10410592236584,1.7695560983137282,0.09066019959700763,True,False
1111,246852,26.040694947,5842966019,A,True,ok,2.142408337390809,1.7939094811858347,0.1253874145681892,True,False
1111,246852,26.040694947,5842966019,B,True,ok,2.108077305955164,1.773656839593263,0.09538549466871171,True,False
1112,246853,26.062899737,5842988020,A,True,ok,2.119886113287963,1.7885603402415389,0.11259896642873626,True,False
1112,246853,26.062899737,5842988020,B,True,ok,2.1100022920791632,1.7765507713420225,0.09860092867290701,True,False
1113,246854,26.08467626,5843010019,A,True,ok,2.1340170057352275,1.809418635805566,0.13669923221316493,True,False
1113,246854,26.08467626,5843010019,B,True,ok,2.1143222626465987,1.781368387576683,0.10424549131807466,True,False
1114,246855,26.107711856,5843033019,A,True,ok,2.1308071555351953,1.809013213537072,0.1353130932690395,True,False
1114,246855,26.107711856,5843033019,B,True,ok,2.117478392506666,1.7866145153264748,0.11009866907937416,True,False
1115,246856,26.129710689,5843055019,A,True,ok,2.142222866078231,1.7877980114430159,0.11978163053028407,True,False
1115,246856,26.129710689,5843055019,B,True,ok,2.1221549918393086,1.7887899813417412,0.1134425120513576,True,False
1116,246857,26.152071259,5843077020,A,True,ok,2.136562427198805,1.7792543928479483,0.10963345349964523,True,False
1116,246857,26.152071259,5843077020,B,True,ok,2.1267053670551013,1.78898440989013,0.11499950247609594,True,False
1117,246858,26.17474115,5843100020,A,True,ok,2.125298722678864,1.7743986001430732,0.10078241677857898,True,False
1117,246858,26.17474115,5843100020,B,True,ok,2.128970570052661,1.789192215475527,0.11593810957007758,True,False
1118,246859,26.196682893,5843122019,A,True,ok,2.1141744335537798,1.7744256081530263,0.09747101473112403,True,False
1118,246859,26.196682893,5843122019,B,True,ok,2.130454901656486,1.7897723016956477,0.11698956059237207,True,False
1119,246860,26.218712798,5843144020,A,True,ok,2.111492917537727,1.7620669306238381,0.08483470166330169,True,False
1119,246860,26.218712798,5843144020,B,True,ok,2.1305267755740402,1.7887738511714717,0.1160782935656022,True,False
1120,246861,26.240727375,5843166020,A,True,ok,2.1196098310907856,1.7685524712426974,0.09337174230147807,True,False
1120,246861,26.240727375,5843166020,B,True,ok,2.131322821389333,1.7882257811155182,0.11584642966288947,True,False
1121,246862,26.263693722,5843189020,A,True,ok,2.103489456183605,1.7419911685265757,0.06344186632989063,True,False
1121,246862,26.263693722,5843189020,B,True,ok,2.1299903810530254,1.7844931612664912,0.11188409774508228,True,False
1122,246863,26.285677034,5843211020,A,True,ok,2.123843809202911,1.7905083256677432,0.11557462292065264,True,False
1122,246863,26.285677034,5843211020,B,True,ok,2.1321146130061193,1.7864049807573341,0.1144362729147706,True,False
1123,246864,26.307680059,5843233020,A,True,ok,2.090752422187825,1.7878313814924456,0.10783400657361332,True,False
1123,246864,26.307680059,5843233020,B,True,ok,2.1291187223782133,1.787406948627466,0.11430891064990019,True,False
1124,246865,26.335675597,5843261020,A,True,ok,2.103355221009905,1.755473727373706,0.07664623573212138,True,False
1124,246865,26.335675597,5843261020,B,True,ok,2.128774499105384,1.785293725398342,0.11220619585894052,True,False
1125,246866,26.357711423,5843283020,A,True,ok,2.09470471819543,1.750362901779629,0.07052001361420834,True,False
1125,246866,26.357711423,5843283020,B,True,ok,2.125464582883099,1.783332544354088,0.10924903368800011,True,False
1126,246867,26.379686446,5843305020,A,True,ok,2.103377251586497,1.7525766968616372,0.07379923974780789,True,False
1126,246867,26.379686446,5843305020,B,True,ok,2.1232373900244226,1.7812344871789054,0.10655114025674045,True,False
1127,246868,26.402695034,5843328020,A,True,ok,2.095616929720162,1.7808029821698057,0.10095935377074983,True,False
1127,246868,26.402695034,5843328020,B,True,ok,2.120590109148151,1.7813000631157918,0.10581803988431847,True,False
1128,246869,26.424698955,5843350019,A,True,ok,2.114778470944054,1.7537077073334995,0.07776116474620313,True,False
1128,246869,26.424698955,5843350019,B,True,ok,2.1204842474789842,1.7782249784533701,0.10284666128039842,True,False
1129,246870,26.466706359,5843392019,A,True,ok,2.0987683047375856,1.7687606803420963,0.08919272135529326,True,False
1129,246870,26.466706359,5843392019,B,True,ok,2.1201156380950117,1.7765398827998975,0.10112813964909907,True,False
1130,246871,26.49868338,5843424020,A,True,ok,2.1020438030712123,1.7593950241798073,0.0803033190903735,True,False
1130,246871,26.49868338,5843424020,B,True,ok,2.119848235711897,1.7736100417897915,0.09825353479137273,True,False
1131,246872,26.51570483,5843441020,A,True,ok,2.108726741444367,1.7545214454045088,0.07683838019051015,True,False
1131,246872,26.51570483,5843441020,B,True,ok,2.119667787370884,1.770750001417711,0.09547638642511855,True,False
1132,246873,26.537710863,5843463020,A,True,ok,2.116628028908582,1.7459952749905607,0.07116479638582572,True,False
1132,246873,26.537710863,5843463020,B,True,ok,2.119972066060787,1.7676503368021093,0.09263318134165197,True,False
1133,246874,26.560715131,5843486020,A,True,ok,2.106481499208309,1.7467757872699636,0.06877968872913673,True,False
1133,246874,26.560715131,5843486020,B,True,ok,2.1185944113942714,1.7633032850590589,0.08807427356848126,True,False
1134,246875,26.58272894,5843508020,A,True,ok,2.094682972670795,1.7621840520411565,0.08231736537899485,True,False
1134,246875,26.58272894,5843508020,B,True,ok,2.1150542675061867,1.762595482413891,0.08631181863137258,True,False
1135,246876,26.604729501,5843530020,A,True,ok,2.078401359220498,1.754969756154011,0.075861668883065,True,False
1135,246876,26.604729501,5843530020,B,True,ok,2.1111178051737896,1.759465177505621,0.08222333082135502,True,False
1136,246877,26.626709549,5843552020,A,True,ok,2.1019790592665832,1.7616287994050852,0.08250308329528035,True,False
1136,246877,26.626709549,5843552020,B,True,ok,2.1095287335674957,1.7582577941853466,0.08065763315090711,True,False
1137,246878,26.649735673,5843575020,A,True,ok,2.080588458201654,1.7612336771606227,0.08177705927739332,True,False
1137,246878,26.649735673,5843575020,B,True,ok,2.1050426917929053,1.7557589720816336,0.07723797270282336,True,False
1138,246879,26.677693482,5843603019,A,True,ok,2.0858598568671294,1.7429943167143107,0.0631302203660303,True,False
1138,246879,26.677693482,5843603019,B,True,ok,2.1019371993153126,1.7523741344204118,0.0733519738016459,True,False
1139,246880,26.699723003,5843625020,A,True,ok,2.104951475742908,1.7675154332170695,0.08878343132624539,True,False
1139,246880,26.699723003,5843625020,B,True,ok,2.0998991334742185,1.7511813325338308,0.07186636866318072,True,False
1140,246881,26.72171918,5843647020,A,True,ok,2.0930717900424476,1.7489557587654478,0.06902414476821518,True,False
1140,246881,26.72171918,5843647020,B,True,ok,2.097450684039164,1.748522092725104,0.06892597394363902,True,False
1141,246882,26.744711223,5843670020,A,True,ok,2.130569351803787,1.7618438359621744,0.09134706229968627,True,False
1141,246882,26.744711223,5843670020,B,True,ok,2.1004477322914172,1.7484243482433308,0.06921738612919259,True,False
1142,246883,26.766712872,5843692020,A,True,ok,2.1102120294409774,1.748602663504124,0.07151819051110724,True,False
1142,246883,26.766712872,5843692020,B,True,ok,2.0986546981807885,1.7466002155097042,0.06716020031640468,True,False
1143,246884,26.7886886,5843714020,A,True,ok,2.1163753846462803,1.7616922281230076,0.08584451672029364,True,False
1143,246884,26.7886886,5843714020,B,True,ok,2.0993346777612327,1.7473958603559567,0.06803924016349451,True,False
1144,246885,26.810710505,5843736020,A,True,ok,2.1086175515808083,1.745161657107777,0.06776912854608344,True,False
1144,246885,26.810710505,5843736020,B,True,ok,2.099882730767773,1.7460257719390768,0.06676129812682856,True,False
1145,246886,26.833724117,5843759019,A,True,ok,2.108919274632203,1.748757243380283,0.0713126739778014,True,False
1145,246886,26.833724117,5843759019,B,True,ok,2.099007100117933,1.745346784698082,0.06596461265642321,True,False
1146,246887,26.855703589,5843781020,A,True,ok,2.1038122466169127,1.7311384714454252,0.05297094881518544,True,False
1146,246887,26.855703589,5843781020,B,True,ok,2.0983635911245435,1.7426090894137516,0.06316524149971799,True,False
1147,246888,26.877720374,5843803020,A,True,ok,2.087461440992092,1.754430335715037,0.07447361382724595,True,False
1147,246888,26.877720374,5843803020,B,True,ok,2.097246090118316,1.7443493601664843,0.06475604972385739,True,False
1148,246889,26.900736962,5843826020,A,True,ok,2.097225086285437,1.765845318319476,0.08614882790383269,True,False
1148,246889,26.900736962,5843826020,B,True,ok,2.096833035092691,1.7466722587141752,0.06702149245300248,True,False
1149,246890,26.92270885,5843848020,A,True,ok,2.09593414522648,1.7556975926171485,0.0759298334490518,True,False
1149,246890,26.92270885,5843848020,B,True,ok,2.0976838618566647,1.748371645839679,0.06880206165413073,True,False
1150,246891,26.944710339,5843870019,A,True,ok,2.1140850228160506,1.7731463479907983,0.09620982521589251,True,False
1150,246891,26.944710339,5843870019,B,True,ok,2.1005270121636324,1.7506145954110959,0.07139495129325349,True,False
1151,246892,26.985706195,5843911019,A,True,ok,2.0852533034210183,1.773114763289013,0.09323567059222475,True,False
1151,246892,26.985706195,5843911019,B,True,ok,2.1016388066486114,1.753184852621258,0.07410455096280531,True,False
1152,246893,27.013724134,5843939020,A,True,ok,2.0908840852582937,1.7527959540490512,0.07280132232765772,True,False
1152,246893,27.013724134,5843939020,B,True,ok,2.100044726092159,1.7536674768950185,0.07434913364891743,True,False
1153,246894,27.035715158,5843961020,A,True,ok,2.106419105466227,1.7697702347918995,0.09125942186373896,True,False
1153,246894,27.035715158,5843961020,B,True,ok,2.101358044374544,1.7559371829168757,0.07678190490841683,True,False
1154,246895,27.057715591,5843983019,A,True,ok,2.1008162370216477,1.7375926696001884,0.058599544153388604,True,False
1154,246895,27.057715591,5843983019,B,True,ok,2.101723553954775,1.75291513821186,0.07385160186336635,True,False
1155,246896,27.080710354,5844006020,A,True,ok,2.1055125901602993,1.7469164505971286,0.06869098786594488,True,False
1155,246896,27.080710354,5844006020,B,True,ok,2.103097040811197,1.752207450866686,0.07338561465760886,True,False
1156,246897,27.10273466,5844028019,A,True,ok,2.0960305490599453,1.7481317505052851,0.06839812094552626,True,False
1156,246897,27.10273466,5844028019,B,True,ok,2.102360958961556,1.7514753179811213,0.07253629703087751,True,False
1157,246898,27.12471154,5844050019,A,True,ok,2.0875675193558263,1.7598398338758434,0.07987688048119157,True,False
1157,246898,27.12471154,5844050019,B,True,ok,2.1022911285723,1.7541046502111672,0.0751170488271489,True,False
1158,246899,27.147725152,5844073020,A,True,ok,2.109701105632156,1.7518710128668646,0.07452231916438466,True,False
1158,246899,27.147725152,5844073020,B,True,ok,2.1032078246518013,1.7533751321309567,0.07455438717653111,True,False
1159,246900,27.169714288,5844095019,A,True,ok,2.084672443461636,1.76025244668476,0.080429087136183,True,False
1159,246900,27.169714288,5844095019,B,True,ok,2.101221247587016,1.7537579695148442,0.07460666501299874,True,False
1160,246901,27.191729057,5844117020,A,True,ok,2.1069861604273656,1.7566769449323334,0.07853587416092282,True,False
1160,246901,27.191729057,5844117020,B,True,ok,2.102071951069572,1.753615758512244,0.07459900739258657,True,False
1161,246902,27.21372501,5844139020,A,True,ok,2.0876566531548146,1.7393031082933874,0.05934938860421463,True,False
1161,246902,27.21372501,5844139020,B,True,ok,2.099962573401147,1.7526819537162257,0.0733615653103233,True,False
1162,246903,27.236716765,5844162020,A,True,ok,2.118300147806643,1.7425745415040113,0.06867657249976213,True,False
1162,246903,27.236716765,5844162020,B,True,ok,2.103249448012531,1.7515529269676207,0.0727692876856056,True,False
1163,246904,27.258713454,5844184020,A,True,ok,2.0815172879301267,1.7626555467150302,0.08308968532147011,True,False
1163,246904,27.258713454,5844184020,B,True,ok,2.0996872818502137,1.752647343131756,0.0732903806358555,True,False
1164,246905,27.280703006,5844206020,A,True,ok,2.1035078263552482,1.7607243474214616,0.08184669595936284,True,False
1164,246905,27.280703006,5844206020,B,True,ok,2.100882691119641,1.7546256074621924,0.07541494715974251,True,False
1165,246906,27.302706543,5844228019,A,True,ok,2.0965083918189786,1.7510713974610113,0.07136877959675643,True,False
1165,246906,27.302706543,5844228019,B,True,ok,2.1011706519615836,1.7540558723297057,0.07489362918006122,True,False
1166,246907,27.325714138,5844251020,A,True,ok,2.0930078482017835,1.749602192428612,0.06966715396565673,True,False
1166,246907,27.325714138,5844251020,B,True,ok,2.10087687821554,1.753578639006568,0.07437824008253047,True,False
1167,246908,27.353704012,5844279019,A,True,ok,2.094076540335194,1.764469300001669,0.08456761096233249,True,False
1167,246908,27.353704012,5844279019,B,True,ok,2.100636220103918,1.7533362059239779,0.07410349706608378,True,False
1168,246909,27.375746078,5844301020,A,True,ok,2.102988606606554,1.7652682062445701,0.08625178779449379,True,False
1168,246909,27.375746078,5844301020,B,True,ok,2.101710196673528,1.7553581919826253,0.07626261079338244,True,False
1169,246910,27.397723438,5844323020,A,True,ok,2.111821486819661,1.7567588157809415,0.07980033262532912,True,False
1169,246910,27.397723438,5844323020,B,True,ok,2.1022044177146775,1.7558713195021365,0.07684663255308995,True,False
1170,246911,27.420731194,5844346019,A,True,ok,2.1139897686895313,1.7546301741759938,0.07839114681720377,True,False
1170,246911,27.420731194,5844346019,B,True,ok,2.103597020792786,1.7557248017565898,0.07693584714237114,True,False
1171,246912,27.44271921,5844368019,A,True,ok,2.1079245261846173,1.7448971814794698,0.0673270584751947,True,False
1171,246912,27.44271921,5844368019,B,True,ok,2.1030871075650723,1.7551277421703066,0.07625909800166704,True,False
1172,246913,27.464733339,5844390020,A,True,ok,2.0944626386387726,1.7764551475250068,0.09655832759369384,True,False
1172,246913,27.464733339,5844390020,B,True,ok,2.1026490411969943,1.7575291128297192,0.07855419517356542,True,False
1173,246914,27.50574894,5844431019,A,True,ok,2.1004700196673496,1.766317512938799,0.08695018316124709,True,False
1173,246914,27.50574894,5844431019,B,True,ok,2.101690021244416,1.7589286248185947,0.07978962597010587,True,False
1174,246915,27.528739896,5844454020,A,True,ok,2.111982694605385,1.7484409342334069,0.07188463216053317,True,False
1174,246915,27.528739896,5844454020,B,True,ok,2.102555979462013,1.7576914983978624,0.07869956507856676,True,False
1175,246916,27.550745288,5844476019,A,True,ok,2.096566964867684,1.7680990564695584,0.0883434704910321,True,False
1175,246916,27.550745288,5844476019,B,True,ok,2.103753704608617,1.759682634660372,0.0808609093250838,True,False
1176,246917,27.572730489,5844498019,A,True,ok,2.1139319785589255,1.7487196334351454,0.07276762753591483,True,False
1176,246917,27.572730489,5844498019,B,True,ok,2.1058772579868466,1.7583914889022427,0.07998320357107074,True,False
1177,246918,27.594784715,5844520020,A,True,ok,2.115094492979402,1.7673939484495391,0.09092544090348964,True,False
1177,246918,27.594784715,5844520020,B,True,ok,2.108430868704385,1.7599800658890559,0.08207623200912684,True,False
1178,246919,27.617738805,5844543020,A,True,ok,2.098721345226671,1.7349796069076069,0.055667037268726294,True,False
1178,246919,27.617738805,5844543020,B,True,ok,2.108701395530659,1.756835142359913,0.07907832380786939,True,False
1179,246920,27.639765766,5844565020,A,True,ok,2.101246402774848,1.7747783951647806,0.09544331178969763,True,False
1179,246920,27.639765766,5844565020,B,True,ok,2.1092767314119873,1.758710376588871,0.08103650878888972,True,False
1180,246921,27.66172847,5844587020,A,True,ok,2.0832274462118328,1.7400022302141143,0.060383235384344806,True,False
1180,246921,27.66172847,5844587020,B,True,ok,2.1075877104642404,1.7552574934489373,0.07728530183411858,True,False
1181,246922,27.689740905,5844615019,A,True,ok,2.114404845279384,1.7468680002705619,0.07118234284774955,True,False
1181,246922,27.689740905,5844615019,B,True,ok,2.1087201526244197,1.7542283935644616,0.0765525866672197,True,False
1182,246923,27.711723641,5844637019,A,True,ok,2.092576413167286,1.7723939062449843,0.09242982103204311,True,False
1182,246923,27.711723641,5844637019,B,True,ok,2.107050056621099,1.7559610609592928,0.07785105787877322,True,False
1183,246924,27.73373345,5844659019,A,True,ok,2.1076263636399104,1.7720468018399171,0.0937192745603771,True,False
1183,246924,27.73373345,5844659019,B,True,ok,2.108362478205926,1.7588320776977795,0.08094243065297624,True,False
1184,246925,27.75677007,5844682020,A,True,ok,2.086522925463927,1.7471162984225996,0.0672063059636584,True,False
1184,246925,27.75677007,5844682020,B,True,ok,2.1069694590167036,1.7580025525641907,0.07982706775179037,True,False
1185,246926,27.778740038,5844704020,A,True,ok,2.1087491909171145,1.7656001062113915,0.08762939200660892,True,False
1185,246926,27.778740038,5844704020,B,True,ok,2.1067571351363044,1.7596420116044842,0.08138581934455888,True,False
1186,246927,27.800723798,5844726019,A,True,ok,2.1047448169809506,1.7661808477454046,0.08743310669259305,True,False
1186,246927,27.800723798,5844726019,B,True,ok,2.1074244127836677,1.7608870708848,0.08274254284936075,True,False
1187,246928,27.822769384,5844748019,A,True,ok,2.0931340291899145,1.7719925363122428,0.0920459063517904,True,False
1187,246928,27.822769384,5844748019,B,True,ok,2.1060174514412258,1.7624086258369946,0.08395082109791316,True,False
1188,246929,27.845765844,5844771019,A,True,ok,2.0996250889259627,1.7713577242833212,0.09186335571412593,True,False
1188,246929,27.845765844,5844771019,B,True,ok,2.1058200408670236,1.7642287505167646,0.085701552533485,True,False
1189,246930,27.867725603,5844793020,A,True,ok,2.093209974886664,1.780113557526971,0.10016500556321643,True,False
1189,246930,27.867725603,5844793020,B,True,ok,2.105490857643321,1.7662267440041046,0.08760718036824973,True,False
1190,246931,27.889746517,5844815020,A,True,ok,2.1154644117894814,1.7573548184116508,0.08143834600041776,True,False
1190,246931,27.889746517,5844815020,B,True,ok,2.1074350175907606,1.7655189683530166,0.08727814037062429,True,False
1191,246932,27.912720447,5844838020,A,True,ok,2.091968999167088,1.7593712622339983,0.07939568140861397,True,False
1191,246932,27.912720447,5844838020,B,True,ok,2.105831454469815,1.764449481206637,0.08592060187580136,True,False
1192,246933,27.934767377,5844860019,A,True,ok,2.111667889482161,1.7801863792448134,0.10250272201652372,True,False
1192,246933,27.934767377,5844860019,B,True,ok,2.1066991475507564,1.767472037105198,0.08905177597473886,True,False
1193,246934,27.956820035,5844882019,A,True,ok,2.081123996690686,1.7585544801924244,0.07905434708508424,True,False
1193,246934,27.956820035,5844882019,B,True,ok,2.1050119866717782,1.7668856362981995,0.08817297510448803,True,False
1194,246935,27.978745874,5844904019,A,True,ok,2.101326298858899,1.755031920123351,0.07588197469253188,True,False
1194,246935,27.978745874,5844904019,B,True,ok,2.1042060746605067,1.7665701445090674,0.08772800281313094,True,False
1195,246936,28.017751373,5844943020,A,True,ok,2.093405093566341,1.7677457017139169,0.08781174654602437,True,False
1195,246936,28.017751373,5844943020,B,True,ok,2.1028418224382985,1.7669825739136948,0.08792542617575526,True,False
1196,246937,28.045730366,5844971020,A,True,ok,2.0753140248289856,1.7370601079725905,0.058919723256031474,True,False
1196,246937,28.045730366,5844971020,B,True,ok,2.100950772580754,1.763231750204898,0.0839490539689754,True,False
1197,246938,28.067741423,5844993019,A,True,ok,2.0985898479717124,1.757465624417321,0.07794041605317864,True,False
1197,246938,28.067741423,5844993019,B,True,ok,2.0996268874163357,1.7631400265994317,0.08369552547347454,True,False
1198,246939,28.089725696,5845015020,A,True,ok,2.0877030858456886,1.762031309884438,0.08206346090672134,True,False
1198,246939,28.089725696,5845015020,B,True,ok,2.0982705922870233,1.763481804766433,0.08389049066395429,True,False
1199,246940,28.112725739,5845038019,A,True,ok,2.105421207275356,1.7395284593617033,0.06149350459851408,True,False
1199,246940,28.112725739,5845038019,B,True,ok,2.098699838438689,1.7606323768893566,0.08110035383206753,True,False
1200,246941,28.134751421,5845060020,A,True,ok,2.0844648079867247,1.7537846590512576,0.07399198782256199,True,False
1200,246941,28.134751421,5845060020,B,True,ok,2.0964032313862786,1.7593511006295668,0.07960903556324414,True,False
1201,246942,28.156756845,5845082020,A,True,ok,2.0970593416729857,1.747277984011675,0.06764733134079393,True,False
1201,246942,28.156756845,5845082020,B,True,ok,2.095632568556016,1.7582969382374478,0.07849927621256741,True,False
1202,246943,28.179746457,5845105019,A,True,ok,2.0878240880359895,1.7417896987882355,0.06182799907174747,True,False
1202,246943,28.179746457,5845105019,B,True,ok,2.094344383655645,1.7564418601343983,0.07656521174890302,True,False
1203,246944,28.201782474,5845127019,A,True,ok,2.0982983506112998,1.7514517356127084,0.07193200362103402,True,False
1203,246944,28.201782474,5845127019,B,True,ok,2.0949395378486617,1.7555633415197112,0.07572461697349732,True,False
1204,246945,28.223774555,5845149020,A,True,ok,2.091323975769513,1.734064159427519,0.054080368401504604,True,False
1204,246945,28.223774555,5845149020,B,True,ok,2.0949851699488806,1.7524350814748904,0.07260642497529565,True,False
1205,246946,28.245779564,5845171020,A,True,ok,2.0855029422963645,1.7483084085886846,0.06845627956519781,True,False
1205,246946,28.245779564,5845171020,B,True,ok,2.094042367609209,1.7505845517393577,0.07070020990162654,True,False
1206,246947,28.268746806,5845194020,A,True,ok,2.093054142118978,1.7436008332703723,0.06367412171964855,True,False
1206,246947,28.268746806,5845194020,B,True,ok,2.093164870079766,1.7499350021755633,0.07000657777607652,True,False
1207,246948,28.290768936,5845216019,A,True,ok,2.0675046866394347,1.7444900297252486,0.06830082764618213,True,False
1207,246948,28.290768936,5845216019,B,True,ok,2.090214172962171,1.7490864680257898,0.06908680000069632,True,False
1208,246949,28.312761464,5845238019,A,True,ok,2.075520119004751,1.7357513933713486,0.05760108346622861,True,False
1208,246949,28.312761464,5845238019,B,True,ok,2.0881179353808315,1.7473095659950724,0.06733587336387445,True,False
1209,246950,28.334761353,5845260020,A,True,ok,2.084641506084635,1.7670987146519235,0.08726339181499995,True,False
1209,246950,28.334761353,5845260020,B,True,ok,2.087760215583844,1.7481496721508596,0.06818646822134514,True,False
1210,246951,28.357749876,5845283020,A,True,ok,2.096308034199347,1.760152721351047,0.080400559919933,True,False
1210,246951,28.357749876,5845283020,B,True,ok,2.0878032927285215,1.7491343228835878,0.06916921369662048,True,False
1211,246952,28.385730406,5845311019,A,True,ok,2.0844725115520855,1.7681539279115703,0.08832705211191064,True,False
1211,246952,28.385730406,5845311019,B,True,ok,2.0873688515179203,1.7498449725469036,0.06989451432274553,True,False
1212,246953,28.407729846,5845333020,A,True,ok,2.0961008838791932,1.7438555846775987,0.06414636761832573,True,False
1212,246953,28.407729846,5845333020,B,True,ok,2.0881706869796055,1.7483157501475157,0.06834023781305115,True,False
1214,246954,28.430759395,5845356020,A,True,ok,2.0862070057640456,1.7757575497456761,0.09583264130018347,True,False
1214,246954,28.430759395,5845356020,B,True,ok,2.088396286197798,1.7504594214097207,0.07047766996256322,True,False
1215,246955,28.452757683,5845378020,A,True,ok,2.090583424525579,1.755170371956074,0.07517263600667189,True,False
1215,246955,28.452757683,5845378020,B,True,ok,2.0876137424529113,1.7499667617998953,0.07000744233182879,True,False
1216,246956,28.474751588,5845400019,A,True,ok,2.086483514656198,1.7550821661246079,0.07516446859478484,True,False
1216,246956,28.474751588,5845400019,B,True,ok,2.0870370593735177,1.7498259995955292,0.06988883484985933,True,False
1217,246957,28.497756656,5845423019,A,True,ok,2.08770214251304,1.7333946316107103,0.05344405330692878,True,False
1217,246957,28.497756656,5845423019,B,True,ok,2.0876402815420896,1.746499119148602,0.06654097323259228,True,False
1218,246958,28.538774497,5845464020,A,True,ok,2.0876256012360046,1.7476349483984854,0.06767661349651191,True,False
1218,246958,28.538774497,5845464020,B,True,ok,2.0872107698290194,1.7463561085044752,0.06641470425142615,True,False
1219,246959,28.561742795,5845487019,A,True,ok,2.098908646877719,1.757291862077729,0.07780357274980743,True,False
1219,246959,28.561742795,5845487019,B,True,ok,2.0877072421903313,1.7460510703670338,0.06609085137146178,True,False
1220,246960,28.583783293,5845509019,A,True,ok,2.0836030546423823,1.7438358261170648,0.0641555422855772,True,False
1220,246960,28.583783293,5845509019,B,True,ok,2.0878196181489836,1.7453186625135473,0.06535504370417738,True,False
1221,246961,28.606352285,5845531019,A,True,ok,2.085951705044218,1.7460031426497669,0.06612717695240355,True,False
1221,246961,28.606352285,5845531019,B,True,ok,2.087994966439852,1.7451180646544848,0.06514892557765627,True,False
1222,246962,28.62775427,5845553019,A,True,ok,2.078580040176395,1.7492167023212137,0.07015245799397388,True,False
1222,246962,28.62775427,5845553019,B,True,ok,2.086706551698614,1.7456977095729143,0.06578020861050002,True,False
1223,246963,28.650760617,5845576019,A,True,ok,2.08265191468888,1.755320743777027,0.07567832451147466,True,False
1223,246963,28.650760617,5845576019,B,True,ok,2.0863758316675303,1.7469628218028348,0.06706082388325013,True,False
1224,246964,28.67276137,5845598019,A,True,ok,2.056903876631087,1.7343289668466804,0.06361595728021392,True,False
1224,246964,28.67276137,5845598019,B,True,ok,2.0828012228509305,1.7464098741345844,0.06679890549262997,True,False
1225,246965,28.694770379,5845620019,A,True,ok,2.0765710332869887,1.768664216124624,0.0896754167426793,True,False
1225,246965,28.694770379,5845620019,B,True,ok,2.0830351759897408,1.7486585237526024,0.06901088071732286,True,False
1226,246966,28.722759997,5845648019,A,True,ok,2.076873203029579,1.7163407715237344,0.03863889845276292,True,False
1226,246966,28.722759997,5845648019,B,True,ok,2.0822848420126077,1.7453110941846177,0.06576520878369076,True,False
1227,246967,28.744765646,5845670019,A,True,ok,2.0832389522840247,1.7447836678641666,0.06513551556679624,True,False
1227,246967,28.744765646,5845670019,B,True,ok,2.082066648630676,1.7449872522719947,0.06546969544616073,True,False
1228,246968,28.766750878,5845692020,A,True,ok,2.06760497359021,1.741551056299974,0.06549862395148293,True,False
1228,246968,28.766750878,5845692020,B,True,ok,2.0805427473389027,1.7457465318486949,0.06642323447429588,True,False
1229,246969,28.789763818,5845715019,A,True,ok,2.082671529074352,1.7535949571684546,0.07395893594917888,True,False
1229,246969,28.789763818,5845715019,B,True,ok,2.0809749989965693,1.7466792739858288,0.06728726642084037,True,False
1230,246970,28.811842589,5845737019,A,True,ok,2.0809624922986645,1.722463023453941,0.0434141095302167,True,False
1230,246970,28.811842589,5845737019,B,True,ok,2.080725127800236,1.7440604953638066,0.06472843517788954,True,False
1231,246971,28.833789644,5845759020,A,True,ok,2.096327845373278,1.7616904234328479,0.08193513841878898,True,False
1231,246971,28.833789644,5845759020,B,True,ok,2.0817288721339486,1.745223010711571,0.06574536244069443,True,False
1232,246972,28.85577846,5845781019,A,True,ok,2.0636878410423845,1.744662100404051,0.06981057898108568,True,False
1232,246972,28.85577846,5845781019,B,True,ok,2.0796740101025577,1.7452942173072035,0.06610567964344966,True,False
1233,246973,28.878764328,5845804020,A,True,ok,2.0943458734593317,1.740154441453538,0.060311221532246,True,False
1233,246973,28.878764328,5845804020,B,True,ok,2.081321679094008,1.7448112431452638,0.06538968184493549,True,False
1234,246974,28.900769368,5845826019,A,True,ok,2.0637776770373666,1.7439133489774628,0.06908347413869391,True,False
1234,246974,28.900769368,5845826019,B,True,ok,2.0793032583006803,1.7452535264639826,0.06612445084057518,True,False
1235,246975,28.922759561,5845848020,A,True,ok,2.0998601686878526,1.765984187748428,0.08654769476600647,True,False
1235,246975,28.922759561,5845848020,B,True,ok,2.081670359013409,1.7462476525055042,0.06676926225034642,True,False
1236,246976,28.945799189,5845871019,A,True,ok,2.0715610592930456,1.7296436093418874,0.05295736476529507,True,False
1236,246976,28.945799189,5845871019,B,True,ok,2.080747897857933,1.7449579811791265,0.06561357110320239,True,False
1237,246977,28.967797062,5845893020,A,True,ok,2.0858491723931687,1.75729816019101,0.07740952744163145,True,False
1237,246977,28.967797062,5845893020,B,True,ok,2.080992935343085,1.7451987995047227,0.06581801174899526,True,False
1238,246978,28.98976447,5845915019,A,True,ok,2.066219590428787,1.7324132900068991,0.05755571951354576,True,False
1238,246978,28.98976447,5845915019,B,True,ok,2.080138936151105,1.7439650900443886,0.06472073334425942,True,False
1239,246979,29.011783463,5845937019,A,True,ok,2.082806701065059,1.7727325531127367,0.0930111281319282,True,False
1239,246979,29.011783463,5845937019,B,True,ok,2.080058306599226,1.7459273171214698,0.06667269613949801,True,False
1240,246980,29.052792408,5845978020,A,True,ok,2.0716975278916148,1.743313015292874,0.06590537452100485,True,False
1240,246980,29.052792408,5845978020,B,True,ok,2.0796970419266123,1.7448316915954925,0.0656452525335613,True,False
1241,246981,29.08077345,5846006019,A,True,ok,2.0777596416417206,1.7384904830121584,0.05975753488669601,True,False
1241,246981,29.08077345,5846006019,B,True,ok,2.0797995556879836,1.7431710549708241,0.06398930574939408,True,False
1242,246982,29.102797947,5846028019,A,True,ok,2.0771781493307344,1.7393161900616116,0.06068616199769257,True,False
1242,246982,29.102797947,5846028019,B,True,ok,2.0780371951458085,1.741196516886839,0.06235481039230775,True,False
1243,246983,29.124797804,5846050019,A,True,ok,2.0798398762851096,1.7602498314100836,0.08089044168039095,True,False
1243,246983,29.124797804,5846050019,B,True,ok,2.077888698504418,1.742530811757836,0.06369290418100597,True,False
1244,246984,29.147801879,5846073019,A,True,ok,2.0800702979050447,1.728917117140913,0.049914760673295505,True,False
1244,246984,29.147801879,5846073019,B,True,ok,2.0779221387755413,1.7414000837656396,0.06257671306632241,True,False
1245,246985,29.169781831,5846095019,A,True,ok,2.077567259717556,1.730514320929269,0.0520218189789236,True,False
1245,246985,29.169781831,5846095019,B,True,ok,2.07832934633121,1.7403384718952513,0.06145677625543721,True,False
1246,246986,29.191770392,5846117019,A,True,ok,2.0701145644701175,1.7555323305430284,0.07810610413709297,True,False
1246,246986,29.191770392,5846117019,B,True,ok,2.0771947629066974,1.7426363231837798,0.06393186278373726,True,False
1247,246987,29.214773252,5846140019,A,True,ok,2.0759491556318737,1.7448513689728442,0.06635605688337194,True,False
1247,246987,29.214773252,5846140019,B,True,ok,2.077523732209176,1.7422978750089044,0.06353489189896706,True,False
1248,246988,29.236771092,5846162019,A,True,ok,2.080644525899185,1.7433061516290798,0.0639937007035463,True,False
1248,246988,29.236771092,5846162019,B,True,ok,2.077783858345013,1.7436531297226734,0.06481477486211148,True,False
1249,246989,29.258775173,5846184019,A,True,ok,2.100369051515549,1.7388191060789937,0.05972607863625429,True,False
1249,246989,29.258775173,5846184019,B,True,ok,2.0807960096430125,1.7434824826510433,0.06414623170562354,True,False
1250,246990,29.280769621,5846206020,A,True,ok,2.0881077616685695,1.7538559088435863,0.07388014507981883,True,False
1250,246990,29.280769621,5846206020,B,True,ok,2.082047235142269,1.7449526398379462,0.06543769472406809,True,False
1251,246991,29.303809314,5846229019,A,True,ok,2.0973821920357216,1.7341611617435229,0.05466194472080485,True,False
1251,246991,29.303809314,5846229019,B,True,ok,2.084571256892222,1.7428621519090317,0.06309612820422844,True,False
1252,246992,29.325789266,5846251020,A,True,ok,2.079428146713453,1.7474873898920775,0.06831040825787507,True,False
1252,246992,29.325789266,5846251020,B,True,ok,2.0843696821963187,1.7432724763023226,0.06352249000156114,True,False
1253,246993,29.348345938,5846273019,A,True,ok,2.0751902301854597,1.7515224271950829,0.07303962536757433,True,False
1253,246993,29.348345938,5846273019,B,True,ok,2.084171899424694,1.7441662383251164,0.06443037247379166,True,False
1254,246994,29.3697893,5846295019,A,True,ok,2.057602007100841,1.7348211934785265,0.06367882849349532,True,False
1254,246994,29.3697893,5846295019,B,True,ok,2.0827926643583683,1.7436689875444868,0.06407562455404678,True,False
1255,246995,29.392790655,5846318019,A,True,ok,2.078556641468507,1.748643047536622,0.06959036161420082,True,False
1255,246995,29.392790655,5846318019,B,True,ok,2.082998349058008,1.7441320159781144,0.06451308851179442,True,False
1256,246996,29.420772369,5846346019,A,True,ok,2.0873152808746336,1.755467762767229,0.07551550128200753,True,False
1256,246996,29.420772369,5846346019,B,True,ok,2.0834689632741177,1.7457856191028236,0.06610901694516882,True,False
1257,246997,29.44277213,5846368020,A,True,ok,2.0708266462011045,1.736250030845945,0.059427968719007934,True,False
1257,246997,29.44277213,5846368020,B,True,ok,2.0831070265548797,1.7446415584856758,0.06500803155281805,True,False
1258,246998,29.464808563,5846390019,A,True,ok,2.0917117485209653,1.7427056897754656,0.0627290491974489,True,False
1258,246998,29.464808563,5846390019,B,True,ok,2.08375716316699,1.744596411996441,0.06489737633015327,True,False
1259,246999,29.487770398,5846413019,A,True,ok,2.061878898382159,1.7328484142251728,0.05986444054959825,True,False
1259,246999,29.487770398,5846413019,B,True,ok,2.0818026295521475,1.7431596994590843,0.06368943804133609,True,False
1260,247000,29.509791023,5846435020,A,True,ok,2.1049599740568214,1.745191824798559,0.06688628293115703,True,False
1260,247000,29.509791023,5846435020,B,True,ok,2.0845391431146845,1.7443726888639663,0.06460390103932519,True,False
1261,247001,29.531789376,5846457019,A,True,ok,2.087749768894309,1.727042021892293,0.047095810469127745,True,False
1261,247001,29.531789376,5846457019,B,True,ok,2.085274866036883,1.7409559790621274,0.06113884423500268,True,False
1262,247002,29.572804657,5846498019,A,True,ok,2.100000343523679,1.727154234430381,0.04820299467156497,True,False
1262,247002,29.572804657,5846498019,B,True,ok,2.087227149976721,1.7384967004695755,0.05856238266224179,True,False
1263,247003,29.595800764,5846521019,A,True,ok,2.083810819599181,1.7408892504218798,0.06120299642151744,True,False
1263,247003,29.595800764,5846521019,B,True,ok,2.087516916682774,1.7387388920549176,0.05879135261753683,True,False
1264,247004,29.617801773,5846543019,A,True,ok,2.08912334219273,1.7292604094418036,0.049268209499485426,True,False
1264,247004,29.617801773,5846543019,B,True,ok,2.0885307887641957,1.7358459289697776,0.055865251849006,True,False
1265,247005,29.639803486,5846565019,A,True,ok,2.0824360929769963,1.7570013370785966,0.077371949706236,True,False
1265,247005,29.639803486,5846565019,B,True,ok,2.089511896246824,1.7385589685356553,0.058561002734189384,True,False
1266,247006,29.661802798,5846587019,A,True,ok,2.0650414971258875,1.7343836556956094,0.05983735348873368,True,False
1266,247006,29.661802798,5846587019,B,True,ok,2.086588613415471,1.737680275978985,0.05778106779422626,True,False
1267,247007,29.684804602,5846610019,A,True,ok,2.083734884859569,1.7475900875241888,0.06787983205084086,True,False
1267,247007,29.684804602,5846610019,B,True,ok,2.087618258614482,1.738073932978537,0.05812275271890616,True,False
1268,247008,29.716811448,5846642019,A,True,ok,2.075211909531896,1.7426859829371213,0.06440667726630443,True,False
1268,247008,29.716811448,5846642019,B,True,ok,2.0864653601591936,1.738799888088813,0.05890603125369375,True,False
1269,247009,29.733863492,5846659019,A,True,ok,2.076855151064655,1.7293298649637268,0.051051176586564155,True,False
1269,247009,29.733863492,5846659019,B,True,ok,2.086137273769667,1.7370300507199612,0.05716071499773123,True,False
1270,247010,29.761783828,5846687020,A,True,ok,2.0741021572150053,1.7457086575268759,0.0676045048735709,True,False
1270,247010,29.761783828,5846687020,B,True,ok,2.085537487772717,1.7379531903062015,0.058124747586939855,True,False
1271,247011,29.783803397,5846709019,A,True,ok,2.084199268504022,1.743425149112377,0.06368985810798827,True,False
1271,247011,29.783803397,5846709019,B,True,ok,2.0850597576712024,1.737604366979994,0.057815820407852755,True,False
1272,247012,29.805772885,5846731019,A,True,ok,2.0759404564652306,1.712797131065209,0.03568364570100111,True,False
1272,247012,29.805772885,5846731019,B,True,ok,2.0849696194198737,1.7358174715666146,0.05604368707419905,True,False
1273,247013,29.828771457,5846754019,A,True,ok,2.1057741960496195,1.7286957238628589,0.0511869005072552,True,False
1273,247013,29.828771457,5846754019,B,True,ok,2.087868863666251,1.734756544476766,0.054798000922561894,True,False
1274,247014,29.850817138,5846776019,A,True,ok,2.0873902453928435,1.7381074684301938,0.0581660442739194,True,False
1274,247014,29.850817138,5846776019,B,True,ok,2.0874903711019397,1.734161278955597,0.05421939113741476,True,False
1275,247015,29.872814531,5846798019,A,True,ok,2.0819018768170987,1.7477271867291866,0.06820961384830995,True,False
1275,247015,29.872814531,5846798019,B,True,ok,2.087305816544594,1.7357589767354134,0.05582402807995637,True,False
1276,247016,29.894817876,5846820020,A,True,ok,2.0885042725308787,1.7261884495943562,0.04621266143160635,True,False
1276,247016,29.894817876,5846820020,B,True,ok,2.088471154872984,1.7333414934347537,0.053363398404452124,True,False
1277,247017,29.917797055,5846843019,A,True,ok,2.0938413721657927,1.7474538073990231,0.06756309845426453,True,False
1277,247017,29.917797055,5846843019,B,True,ok,2.0892654103341215,1.735627729643844,0.05563257972902055,True,False
1278,247018,29.939826,5846865020,A,True,ok,2.0902890890346977,1.7280146645726076,0.04801553484540189,True,False
1278,247018,29.939826,5846865020,B,True,ok,2.09024010075175,1.7341733371619283,0.0541738692326011,True,False
1279,247019,29.961787328,5846887020,A,True,ok,2.0846762252706257,1.772825085247725,0.09297762649485382,True,False
1279,247019,29.961787328,5846887020,B,True,ok,2.090052385785929,1.737943232698247,0.05794325637892441,True,False
1280,247020,29.984823373,5846910020,A,True,ok,2.0884333237583474,1.7280015915496623,0.04802715133907873,True,False
1280,247020,29.984823373,5846910020,B,True,ok,2.0897695647427437,1.7363408258310276,0.056341297071774765,True,False
1281,247021,30.006997826,5846932019,A,True,ok,2.0744679258782805,1.7645174864992224,0.08593282754959729,True,False
1281,247021,30.006997826,5846932019,B,True,ok,2.0880584164650204,1.7397986510167263,0.0598301630454366,True,False
1282,247022,30.029190392,5846954020,A,True,ok,2.0730824200153304,1.741905057943891,0.06417507858642797,True,False
1282,247022,30.029190392,5846954020,B,True,ok,2.086713111802174,1.74019668489312,0.060286354228354246,True,False
1283,247023,30.05078643,5846976020,A,True,ok,2.0970123978875277,1.758060010354435,0.07837435129343988,True,False
1283,247023,30.05078643,5846976020,B,True,ok,2.0883487892790766,1.7419149775785945,0.06193699173678648,True,False
1284,247024,30.091823407,5847017019,A,True,ok,2.0583794855996933,1.7450565894822283,0.07233406366297403,True,False
1284,247024,30.091823407,5847017019,B,True,ok,2.0867340017354628,1.7427179546846203,0.0628029345212949,True,False
1285,247025,30.119782112,5847045020,A,True,ok,2.091816671123861,1.7480302863739752,0.06805453811537737,True,False
1285,247025,30.119782112,5847045020,B,True,ok,2.0883716638501504,1.743748205076985,0.06376899818214377,True,False
1286,247026,30.141791953,5847067019,A,True,ok,2.102390689982541,1.721532591132199,0.04334149656389209,True,False
1286,247026,30.141791953,5847067019,B,True,ok,2.090492725834582,1.7421476261086812,0.06214957932031809,True,False
1287,247027,30.163793602,5847089020,A,True,ok,2.1017748253954154,1.7343687623066655,0.055629208405757656,True,False
1287,247027,30.163793602,5847089020,B,True,ok,2.091889339365022,1.741163471483728,0.06119264536835327,True,False
1288,247028,30.186805774,5847112020,A,True,ok,2.10112092942271,1.7400499713616773,0.06107105805341155,True,False
1288,247028,30.186805774,5847112020,B,True,ok,2.0926905623116667,1.7417836712005688,0.061842227907579136,True,False
1289,247029,30.208789278,5847134020,A,True,ok,2.0836205176079057,1.754601493458406,0.07487376457622283,True,False
1289,247029,30.208789278,5847134020,B,True,ok,2.0929302270521903,1.743735173483005,0.06380249657721988,True,False
1290,247030,30.230799759,5847156020,A,True,ok,2.105087613802001,1.7459115404969594,0.0676163239234481,True,False
1290,247030,30.230799759,5847156020,B,True,ok,2.094308576406457,1.7440883975345272,0.06423306414296202,True,False
1291,247031,30.253811803,5847179020,A,True,ok,2.090648447184425,1.748823843087046,0.06882689780181381,True,False
1291,247031,30.253811803,5847179020,B,True,ok,2.094825701299522,1.7460159662396195,0.066192108227362,True,False
1292,247032,30.275801932,5847201020,A,True,ok,2.099017785994674,1.7460845160194203,0.06669695436649838,True,False
1292,247032,30.275801932,5847201020,B,True,ok,2.095671483925394,1.745632766365802,0.06587735385353574,True,False
1293,247033,30.297807644,5847223020,A,True,ok,2.1089115800193734,1.7499060707426373,0.0724189656478452,True,False
1293,247033,30.297807644,5847223020,B,True,ok,2.097730338873014,1.7474297673366328,0.06787143480260362,True,False
1294,247034,30.319807533,5847245020,A,True,ok,2.0888935190325593,1.7568994956557726,0.07690745563496111,True,False
1294,247034,30.319807533,5847245020,B,True,ok,2.0981640022833963,1.7485247297116044,0.06900934368135778,True,False
1295,247035,30.342821817,5847268020,A,True,ok,2.0905569282369214,1.7362876945050858,0.056290449649642645,True,False
1295,247035,30.342821817,5847268020,B,True,ok,2.0989200006786453,1.747518061165482,0.06810473548625529,True,False
1296,247036,30.364849579,5847290020,A,True,ok,2.076199165621316,1.7579477286116996,0.0791600367942754,True,False
1296,247036,30.364849579,5847290020,B,True,ok,2.0976385380977,1.7487310841137744,0.06915424200817157,True,False
1297,247037,30.386798106,5847312020,A,True,ok,2.0764512328899887,1.7448327331177764,0.06623331770130614,True,False
1297,247037,30.386798106,5847312020,B,True,ok,2.096822351484331,1.7485323721336898,0.06887111520838261,True,False
1298,247038,30.40885566,5847334019,A,True,ok,2.0865249107221406,1.7433379572171919,0.06343321740173619,True,False
1298,247038,30.40885566,5847334019,B,True,ok,2.096406466655448,1.748235723244512,0.06853580627459649,True,False
1299,247039,30.431817655,5847357020,A,True,ok,2.0987656746294685,1.7316822447910105,0.05242033458828406,True,False
1299,247039,30.431817655,5847357020,B,True,ok,2.0976113197078807,1.7468828324838739,0.06731452643197841,True,False
1300,247040,30.459790536,5847385019,A,True,ok,2.0831719924662537,1.7594050503005525,0.07969807839662243,True,False
1300,247040,30.459790536,5847385019,B,True,ok,2.096680088832559,1.7494622849333528,0.0697827529907869,True,False
1301,247041,30.481818554,5847407019,A,True,ok,2.088805975488099,1.7311791677632835,0.05119309433387813,True,False
1301,247041,30.481818554,5847407019,B,True,ok,2.096068706184785,1.7477634230946915,0.06803462871411457,True,False
1302,247042,30.503845067,5847429020,A,True,ok,2.1030155818409355,1.7594778680041772,0.08053655612917349,True,False
1302,247042,30.503845067,5847429020,B,True,ok,2.096653417158171,1.7494059620624276,0.06972413878773831,True,False
1303,247043,30.526796341,5847452019,A,True,ok,2.0926124192600217,1.736922913507185,0.056982829137702654,True,False
1303,247043,30.526796341,5847452019,B,True,ok,2.0961395092392276,1.7485965786605342,0.06887077883710498,True,False
1304,247044,30.548799942,5847474019,A,True,ok,2.089088323807325,1.7481654851125306,0.06817158142589128,True,False
1304,247044,30.548799942,5847474019,B,True,ok,2.0965174054965425,1.7486803612110544,0.06898890193710348,True,False
1305,247045,30.570792439,5847496020,A,True,ok,2.083360243995155,1.7462264024881209,0.06655841604427246,True,False
1305,247045,30.570792439,5847496020,B,True,ok,2.0950056630216713,1.7490783925775903,0.06925951908142466,True,False
1306,247046,30.611839753,5847537020,A,True,ok,2.0920259808084976,1.7436233909465166,0.06365563976404372,True,False
1306,247046,30.611839753,5847537020,B,True,ok,2.0943951975942188,1.747609440506652,0.06775215278878417,True,False
1307,247047,30.634786323,5847560019,A,True,ok,2.0921823083331845,1.7557849611470988,0.07581637557763081,True,False
1307,247047,30.634786323,5847560019,B,True,ok,2.0955338539086386,1.7479835227804623,0.0682083785815482,True,False
1308,247048,30.656827909,5847582019,A,True,ok,2.080677973342295,1.757084245625791,0.0776458698496207,True,False
1308,247048,30.656827909,5847582019,B,True,ok,2.094301583300826,1.7489710858466017,0.06910509606210855,True,False
1309,247049,30.678816149,5847604020,A,True,ok,2.097383048704896,1.7463473687996443,0.06675689293859385,True,False
1309,247049,30.678816149,5847604020,B,True,ok,2.0946846298504838,1.7490220546619466,0.06918084840902718,True,False
1310,247050,30.700927721,5847626019,A,True,ok,2.113379323800878,1.74917834870648,0.07302216588914393,True,False
1310,247050,30.700927721,5847626019,B,True,ok,2.097332999729557,1.7481777868965953,0.06857101071991908,True,False
1311,247051,30.723847538,5847649019,A,True,ok,2.098907691573979,1.746087416449044,0.06668503266915696,True,False
1311,247051,30.723847538,5847649019,B,True,ok,2.0984082690731993,1.748139719217336,0.06865653882788385,True,False
1312,247052,30.745798178,5847671019,A,True,ok,2.0936069572182587,1.7678855262045154,0.0879595125988027,True,False
1312,247052,30.745798178,5847671019,B,True,ok,2.0986602687779796,1.7496034229817712,0.0701401222274827,True,False
1313,247053,30.767804818,5847693020,A,True,ok,2.082069986991822,1.7487303224606066,0.06918628716623572,True,False
1313,247053,30.767804818,5847693020,B,True,ok,2.097207883521873,1.7511358708106883,0.07150010979613836,True,False
1314,247054,30.795884903,5847721020,A,True,ok,2.097498227281564,1.7326875295909212,0.053218410223908406,True,False
1314,247054,30.795884903,5847721020,B,True,ok,2.098047941544131,1.748451795772944,0.06892327406354538,True,False
1315,247055,30.817817014,5847743019,A,True,ok,2.0884337925274545,1.7400875769563922,0.060107985412401026,True,False
1315,247055,30.817817014,5847743019,B,True,ok,2.0958725794024593,1.747703816278514,0.06795803063297938,True,False
1316,247056,30.839832327,5847765019,A,True,ok,2.1043446678354085,1.7509974584987094,0.07243209653588784,True,False
1316,247056,30.839832327,5847765019,B,True,ok,2.0975040589985303,1.7496497843111338,0.07005286115527973,True,False
1317,247057,30.861888857,5847788020,A,True,ok,2.080523659103715,1.7586615892540975,0.07923033926951824,True,False
1317,247057,30.861888857,5847788020,B,True,ok,2.0956536178021206,1.750750174791179,0.07097570448565362,True,False
1318,247058,30.883906986,5847810019,A,True,ok,2.0942892762808083,1.753380326244185,0.07350557918087668,True,False
1318,247058,30.883906986,5847810019,B,True,ok,2.0950579226552075,1.7510076893759747,0.0711876009716649,True,False
1319,247059,30.906811987,5847832020,A,True,ok,2.098850405531474,1.7137805894241007,0.03492073739071406,True,False
1319,247059,30.906811987,5847832020,B,True,ok,2.0947792018099816,1.7474670157936227,0.06763607757726257,True,False
1320,247060,30.927907852,5847854020,A,True,ok,2.1039728586182527,1.7518795083459444,0.07322502644602037,True,False
1320,247060,30.927907852,5847854020,B,True,ok,2.095944642734028,1.7482676906615588,0.06852602692041566,True,False
1321,247061,30.95181016,5847877019,A,True,ok,2.0940468125746046,1.7541248475820448,0.0742352323433783,True,False
1321,247061,30.95181016,5847877019,B,True,ok,2.0964664091440017,1.7477537186044068,0.06806159586685266,True,False
1322,247062,30.973823105,5847899020,A,True,ok,2.102969109569838,1.7678908791368604,0.08884258234925793,True,False
1322,247062,30.973823105,5847899020,B,True,ok,2.0979918294957605,1.7494089109594106,0.06986749071822111,True,False
1323,247063,30.995821841,5847921019,A,True,ok,2.0890978564629004,1.7507174339526477,0.07072318804896047,True,False
1323,247063,30.995821841,5847921019,B,True,ok,2.0980312749337258,1.7492649528871869,0.06972901172055516,True,False
1324,247064,31.027823311,5847953019,A,True,ok,2.0873356260420586,1.7348287073758364,0.05489340617135047,True,False
1324,247064,31.027823311,5847953019,B,True,ok,2.0972967021891598,1.7477557528191838,0.06814751575025782,True,False
1325,247065,31.044818393,5847970020,A,True,ok,2.084448874356499,1.7409490526857738,0.06120132367198585,True,False
1325,247065,31.044818393,5847970020,B,True,ok,2.096511217613781,1.747118183199091,0.06743327421059098,True,False
1326,247066,31.066806858,5847992019,A,True,ok,2.083415064469258,1.7911761444117815,0.11137098572883936,True,False
1326,247066,31.066806858,5847992019,B,True,ok,2.0954621187671783,1.7521810159877984,0.07238738709511196,True,False
1327,247067,31.088920157,5848015020,A,True,ok,2.0936370310319457,1.7460265362803775,0.06612663221358965,True,False
1327,247067,31.088920157,5848015020,B,True,ok,2.0965086512699718,1.7514058672392723,0.07170188573215278,True,False
1328,247068,31.13082711,5848056019,A,True,ok,2.08897233132061,1.7481922917182475,0.06820003484384136,True,False
1328,247068,31.13082711,5848056019,B,True,ok,2.096503891885708,1.7521008816140669,0.07239363051530621,True,False
1329,247069,31.158823833,5848084019,A,True,ok,2.1023434617074983,1.745726113219586,0.06687512995036594,True,False
1329,247069,31.158823833,5848084019,B,True,ok,2.0970693553651634,1.7519338296707279,0.07228036826397789,True,False
1330,247070,31.180828202,5848106020,A,True,ok,2.0977199289122668,1.7375706562266315,0.058085951492382826,True,False
1330,247070,31.180828202,5848106020,B,True,ok,2.0969842041393054,1.7505638125482776,0.07090860842526785,True,False
1331,247071,31.202830906,5848128019,A,True,ok,2.0880370781168374,1.7348413330453132,0.05487645098315273,True,False
1331,247071,31.202830906,5848128019,B,True,ok,2.096027161429064,1.7488170340586666,0.06908046649758302,True,False
1332,247072,31.225811205,5848151020,A,True,ok,2.0880919697776967,1.7397668538772852,0.05979730262911527,True,False
1332,247072,31.225811205,5848151020,B,True,ok,2.0950999272938944,1.747469051461105,0.06766152646418987,True,False
1333,247073,31.247817782,5848173020,A,True,ok,2.1009700179448028,1.7705611482951196,0.09122314878494354,True,False
1333,247073,31.247817782,5848173020,B,True,ok,2.0966685594024805,1.7495986840528552,0.06991742634274797,True,False
1334,247074,31.269823975,5848195020,A,True,ok,2.0798487816169255,1.765441716475129,0.0860426298347349,True,False
1334,247074,31.269823975,5848195020,B,True,ok,2.0938542664064204,1.7511469976656142,0.0712513203131183,True,False
1335,247075,31.292847507,5848218020,A,True,ok,2.091136588395349,1.7720864184598586,0.09209343243654587,True,False
1335,247075,31.292847507,5848218020,B,True,ok,2.094281063679122,1.7539355969149855,0.07405943557305791,True,False
1336,247076,31.314819843,5848240020,A,True,ok,2.092119955314869,1.7480915312116005,0.06812452446276174,True,False
1336,247076,31.314819843,5848240020,B,True,ok,2.0944813246151304,1.753717772533445,0.07385385743208622,True,False
1337,247077,31.336827924,5848262019,A,True,ok,2.0978510847529543,1.757536241144641,0.07793271599680066,True,False
1337,247077,31.336827924,5848262019,B,True,ok,2.0951567755907745,1.7539745845234938,0.07415410635910287,True,False
1338,247078,31.358823109,5848284020,A,True,ok,2.0837067732084207,1.7453496459501583,0.06565196820554048,True,False
1338,247078,31.358823109,5848284020,B,True,ok,2.0934599208477085,1.752753326433593,0.07283555148020346,True,False
1339,247079,31.381827313,5848307020,A,True,ok,2.106113685651967,1.751169670591986,0.0729710413620513,True,False
1339,247079,31.381827313,5848307020,B,True,ok,2.094860931010512,1.7531427523658487,0.07330409861624952,True,False
1340,247080,31.403838306,5848329019,A,True,ok,2.0832524997217803,1.7507838514361844,0.0711047282826143,True,False
1340,247080,31.403838306,5848329019,B,True,ok,2.0936980395520375,1.752504731671699,0.07259897803215638,True,False
1341,247081,31.425813522,5848351020,A,True,ok,2.0880657890886547,1.7610428657859019,0.08106594393850773,True,False
1341,247081,31.425813522,5848351020,B,True,ok,2.0934752572816104,1.7540135430569705,0.07409508734740401,True,False
1342,247082,31.446959947,5848373019,A,True,ok,2.073175641631757,1.7428483557068533,0.06506131607613101,True,False
1342,247082,31.446959947,5848373019,B,True,ok,2.091028609615841,1.7529955735161995,0.07300282042976625,True,False
1343,247083,31.471100118,5848396020,A,True,ok,2.093327813038904,1.7657257673254554,0.08579033467215305,True,False
1343,247083,31.471100118,5848396020,B,True,ok,2.0903836498577753,1.754947731636396,0.07494871356237282,True,False
1344,247084,31.498875618,5848424020,A,True,ok,2.0834794099809297,1.7746069597729004,0.0948314026663531,True,False
1344,247084,31.498875618,5848424020,B,True,ok,2.0905121352090377,1.7574469264346368,0.07744861972071805,True,False
1345,247085,31.520826738,5848446020,A,True,ok,2.0888365473983526,1.75071489434316,0.07072446467751158,True,False
1345,247085,31.520826738,5848446020,B,True,ok,2.0909664048851004,1.7571088822247427,0.07711493795855118,True,False
1346,247086,31.542820258,5848468020,A,True,ok,2.1155835454746676,1.739885295348898,0.06512116705096074,True,False
1346,247086,31.542820258,5848468020,B,True,ok,2.093895857527808,1.7567748539881192,0.07687363599293329,True,False
1347,247087,31.565837902,5848491019,A,True,ok,2.082672534078165,1.74619895920829,0.0666032578564781,True,False
1347,247087,31.565837902,5848491019,B,True,ok,2.092159499889269,1.7558556122161173,0.07588634491431069,True,False
1348,247088,31.587825183,5848513019,A,True,ok,2.0902896397482182,1.7643398928318403,0.08434039017025041,True,False
1348,247088,31.587825183,5848513019,B,True,ok,2.092079584451362,1.7567367553840538,0.07676492883056996,True,False
1349,247089,31.60983752,5848535019,A,True,ok,2.0808107305606884,1.7550924776051766,0.07565264612498511,True,False
1349,247089,31.60983752,5848535019,B,True,ok,2.0908341327371036,1.756401789944124,0.07640634321893153,True,False
1350,247090,31.64883665,5848574020,A,True,ok,2.0833323404678,1.7591545412851426,0.07943487325915921,True,False
1350,247090,31.64883665,5848574020,B,True,ok,2.0908132147118756,1.756694182425448,0.07669849370147713,True,False
1351,247091,31.669905282,5848596019,A,True,ok,2.083779191469644,1.7702197523701244,0.09043396583418162,True,False
1351,247091,31.669905282,5848596019,B,True,ok,2.089368260321349,1.759196468788725,0.07919898840026351,True,False
1352,247092,31.693845767,5848619020,A,True,ok,2.089829417987901,1.735752683181614,0.055752944139052185,True,False
1352,247092,31.693845767,5848619020,B,True,ok,2.0895264072551947,1.7570581833848422,0.07705963870055396,True,False
1353,247093,31.715866584,5848641019,A,True,ok,2.089412577522349,1.7653122029017827,0.08531422524481015,True,False
1353,247093,31.715866584,5848641019,B,True,ok,2.089955715678587,1.7562230290716478,0.07622304193587662,True,False
1354,247094,31.737874953,5848663020,A,True,ok,2.070272551388734,1.7483352948639872,0.07112583744925766,True,False
1354,247094,31.737874953,5848663020,B,True,ok,2.088552923119652,1.7553957866194083,0.07540967226726952,True,False
1355,247095,31.759863769,5848685019,A,True,ok,2.089083282185159,1.7730655413898597,0.09307005622508106,True,False
1355,247095,31.759863769,5848685019,B,True,ok,2.0887049691969835,1.7577075590909619,0.0777183494720269,True,False
1356,247096,31.782827332,5848708019,A,True,ok,2.0706889105508925,1.7527110011951859,0.07523169458757227,True,False
1356,247096,31.782827332,5848708019,B,True,ok,2.087386980160275,1.7583123176034072,0.0783558993382102,True,False
1357,247097,31.804849173,5848730019,A,True,ok,2.0926045968254257,1.7633384672168817,0.08337915832318227,True,False
1357,247097,31.804849173,5848730019,B,True,ok,2.0878125801495564,1.7592961473592408,0.07932631210147457,True,False
1358,247098,31.832832199,5848758019,A,True,ok,2.078884988945967,1.7636084139869188,0.0843440001431002,True,False
1358,247098,31.832832199,5848758019,B,True,ok,2.085996121921526,1.758440166412015,0.07854228635844458,True,False
1359,247099,31.853944128,5848780020,A,True,ok,2.103333412114385,1.7694847527101298,0.09047265247689565,True,False
1359,247099,31.853944128,5848780020,B,True,ok,2.088753761890941,1.7607481695210745,0.08075778594308207,True,False
1360,247100,31.875925072,5848802020,A,True,ok,2.0925156850025184,1.7578016509036074,0.0778423121082532,True,False
1360,247100,31.875925072,5848802020,B,True,ok,2.0882467152571005,1.7623001153533384,0.08231878883075543,True,False
1361,247101,31.899875958,5848825020,A,True,ok,2.0930960377397962,1.7394756550329213,0.059556183484851616,True,False
1361,247101,31.899875958,5848825020,B,True,ok,2.0890680089345195,1.7600126655470867,0.08001809329955381,True,False
1362,247102,31.920910124,5848847020,A,True,ok,2.0759646099040037,1.7582697808371979,0.07951824172760477,True,False
1362,247102,31.920910124,5848847020,B,True,ok,2.08759971352027,1.7597986306617404,0.07983472196152268,True,False
1363,247103,31.943843446,5848869020,A,True,ok,2.076827290055361,1.768192099903292,0.08917043665160473,True,False
1363,247103,31.943843446,5848869020,B,True,ok,2.0865476240580554,1.761244391426381,0.08131771048109704,True,False
1364,247104,31.964935598,5848891020,A,True,ok,2.0921016496218696,1.7522927288128782,0.07232327129178732,True,False
1364,247104,31.964935598,5848891020,B,True,ok,2.0877691270503878,1.7602171929018358,0.08024820765081081,True,False
1365,247105,31.987930074,5848914019,A,True,ok,2.0822014045247874,1.765513673731915,0.0858685418911631,True,False
1365,247105,31.987930074,5848914019,B,True,ok,2.0877451806109173,1.7603996046615344,0.08043121682660548,True,False
1366,247106,32.009929291,5848936020,A,True,ok,2.0863714342440662,1.7601039853487337,0.0801861269684182,True,False
1366,247106,32.009929291,5848936020,B,True,ok,2.087598560866313,1.7595160730304082,0.0795523273078169,True,False
1367,247107,32.031936347,5848958020,A,True,ok,2.090990422192605,1.7421583331923374,0.06216622331595544,True,False
1367,247107,32.031936347,5848958020,B,True,ok,2.0880890160066707,1.756970330863619,0.0769940497251428,True,False
1368,247108,32.055852864,5848981020,A,True,ok,2.111225198826949,1.7478429021403092,0.07108564156046634,True,False
1368,247108,32.055852864,5848981020,B,True,ok,2.0912869056211445,1.7566147120191486,0.07662551940349131,True,False
1369,247109,32.077860177,5849003019,A,True,ok,2.0841086894070773,1.7488480639010433,0.06909966312091856,True,False
1369,247109,32.077860177,5849003019,B,True,ok,2.0904538554378873,1.7563387673269928,0.0763401164641714,True,False
1370,247110,32.099880674,5849025020,A,True,ok,2.0696223222745354,1.7766103693285922,0.09873607856953753,True,False
1370,247110,32.099880674,5849025020,B,True,ok,2.0885166240429274,1.7594462699736693,0.07946011714664894,True,False
1371,247111,32.121845554,5849047019,A,True,ok,2.0949447322554673,1.7673695905310276,0.08750940364690928,True,False
1371,247111,32.121845554,5849047019,B,True,ok,2.0895448472994533,1.7602818258271866,0.08028311604644872,True,False
1372,247112,32.160878893,5849086019,A,True,ok,2.0785744384503766,1.777349031959746,0.0980172305272083,True,False
1372,247112,32.160878893,5849086019,B,True,ok,2.0886066285859215,1.7624152046339496,0.08242698246783861,True,False
1373,247113,32.188841759,5849114020,A,True,ok,2.0876528649120205,1.7382795144790468,0.05832675930509649,True,False
1373,247113,32.188841759,5849114020,B,True,ok,2.0898677987013876,1.7595111421523009,0.07951125205621377,True,False
1374,247114,32.209947191,5849136020,A,True,ok,2.097017028858337,1.75797336044324,0.07828846423841869,True,False
1374,247114,32.209947191,5849136020,B,True,ok,2.090843349738479,1.7591374352833877,0.07914192884946503,True,False
1375,247115,32.231931528,5849158019,A,True,ok,2.0754468736411775,1.7505541743661508,0.07203946839965623,True,False
1375,247115,32.231931528,5849158019,B,True,ok,2.0895455591159093,1.758316620474366,0.07831793893510632,True,False
1376,247116,32.255862284,5849181020,A,True,ok,2.097957772085465,1.773708185614482,0.09404546872509299,True,False
1376,247116,32.255862284,5849181020,B,True,ok,2.0899595435189875,1.7593597385559825,0.07935974886805501,True,False
1377,247117,32.276925572,5849203020,A,True,ok,2.069756067545961,1.7471433242586074,0.07012875867787897,True,False
1377,247117,32.276925572,5849203020,B,True,ok,2.0883249078883694,1.758458646384221,0.07847652595538791,True,False
1378,247118,32.299858094,5849225019,A,True,ok,2.091262751899423,1.764695374162623,0.08470478703654367,True,False
1378,247118,32.299858094,5849225019,B,True,ok,2.0885299760052947,1.7603036867851016,0.08031714064771434,True,False
1379,247119,32.322908475,5849248020,A,True,ok,2.0615359647437153,1.7550461334927994,0.08026283981575835,True,False
1379,247119,32.322908475,5849248020,B,True,ok,2.0858246709671953,1.7595956105192065,0.07970504743400768,True,False
1380,247120,32.344854538,5849270019,A,True,ok,2.0970213813804452,1.759610455951737,0.07991948756926011,True,False
1380,247120,32.344854538,5849270019,B,True,ok,2.088790624516261,1.7587441148608238,0.07875340128702565,True,False
1381,247121,32.365945314,5849292020,A,True,ok,2.087748536986414,1.7298445247093412,0.04989534777112674,True,False
1381,247121,32.365945314,5849292020,B,True,ok,2.0890132012164297,1.754644240424554,0.07465076289226973,True,False
1382,247122,32.388857548,5849314020,A,True,ok,2.0887682483930594,1.7576212552343655,0.07763102779288528,True,False
1382,247122,32.388857548,5849314020,B,True,ok,2.0895957354281705,1.7551030390048077,0.07510412703441609,True,False
1383,247123,32.411867704,5849337020,A,True,ok,2.0863286070205858,1.7278680591109348,0.048008647236276535,True,False
1383,247123,32.411867704,5849337020,B,True,ok,2.089521487449073,1.7513950525281745,0.07139665608249592,True,False
1384,247124,32.432924143,5849359019,A,True,ok,2.0798851572011765,1.7717340395570993,0.0922899997741271,True,False
1384,247124,32.432924143,5849359019,B,True,ok,2.088838883316706,1.7534110804125198,0.07342026232100837,True,False
1385,247125,32.4549448,5849381020,A,True,ok,2.0649964446277784,1.7471847980852784,0.07168664363053537,True,False
1385,247125,32.4549448,5849381020,B,True,ok,2.0865587314464484,1.75243251411378,0.07251421536568266,True,False
1386,247126,32.477845673,5849403019,A,True,ok,2.07016897220223,1.7721892231533507,0.09429805156594818,True,False
1386,247126,32.477845673,5849403019,B,True,ok,2.084732134356458,1.7549711869215883,0.07515603287075591,True,False
1387,247127,32.500873333,5849426020,A,True,ok,2.0565771535240955,1.7447712921361975,0.07288626037563267,True,False
1387,247127,32.500873333,5849426020,B,True,ok,2.0821006650409277,1.7524474787548139,0.07287685963819268,True,False
1388,247128,32.528876136,5849454019,A,True,ok,2.0628531067011187,1.739632545932809,0.06552094588915386,True,False
1388,247128,32.528876136,5849454019,B,True,ok,2.0793407094093,1.7499881864227775,0.07079524500025729,True,False
1389,247129,32.549937343,5849476020,A,True,ok,2.082778991886958,1.7410597275350477,0.061485228183872594,True,False
1389,247129,32.549937343,5849476020,B,True,ok,2.0797477510622318,1.749343590503137,0.07009737621443984,True,False
1390,247130,32.57193976,5849498020,A,True,ok,2.0858890266590815,1.7531330663481073,0.07324851872417908,True,False
1390,247130,32.57193976,5849498020,B,True,ok,2.079341479416855,1.7486602966070552,0.06948266252231655,True,False
1391,247131,32.594945852,5849521019,A,True,ok,2.060027445644816,1.750701079888986,0.07679190525076997,True,False
1391,247131,32.594945852,5849521019,B,True,ok,2.077064950205504,1.749339057249057,0.07053524206645996,True,False
1392,247132,32.617914183,5849543020,A,True,ok,2.0799297867230253,1.7498492894603892,0.07057147039395595,True,False
1392,247132,32.617914183,5849543020,B,True,ok,2.0768632046203024,1.748724697205161,0.06996898883640615,True,False
1393,247133,32.639883319,5849565019,A,True,ok,2.081891341131019,1.733757280014418,0.054365388835196066,True,False
1393,247133,32.639883319,5849565019,B,True,ok,2.076609114487962,1.7469326418366344,0.06825902400435928,True,False
1394,247134,32.680867783,5849606019,A,True,ok,2.073601550098338,1.7412281737969417,0.06338610593565298,True,False
1394,247134,32.680867783,5849606019,B,True,ok,2.076711158205475,1.7460373260800846,0.06736112938518278,True,False
1395,247135,32.702941946,5849629020,A,True,ok,2.079393605793,1.7523192950795994,0.07309292742040409,True,False
1395,247135,32.702941946,5849629020,B,True,ok,2.0772409088074215,1.7452272873941375,0.06646347439652807,True,False
1396,247136,32.725854499,5849651020,A,True,ok,2.0779442380756072,1.737961231125016,0.05920173738248885,True,False
1396,247136,32.725854499,5849651020,B,True,ok,2.0766813310118097,1.743728714063538,0.06510557533582799,True,False
1397,247137,32.747879252,5849673020,A,True,ok,2.089751847132471,1.7460813007633749,0.06608176670175578,True,False
1397,247137,32.747879252,5849673020,B,True,ok,2.0774233037560887,1.743926673142305,0.06515207462126381,True,False
1398,247138,32.768949612,5849695020,A,True,ok,2.0845799166322085,1.7468124095886146,0.06703189821831557,True,False
1398,247138,32.768949612,5849695020,B,True,ok,2.078571465337613,1.7433567936998768,0.0643793034480658,True,False
1399,247139,32.792887217,5849718020,A,True,ok,2.0800058560339676,1.750904325181185,0.07160521100459817,True,False
1399,247139,32.792887217,5849718020,B,True,ok,2.0784716324133674,1.7440446957655142,0.0650740064458137,True,False
1400,247140,32.813942984,5849740019,A,True,ok,2.0571456777470862,1.7369975251576455,0.06578848200707121,True,False
1400,247140,32.813942984,5849740019,B,True,ok,2.0760824680165633,1.7429858637489657,0.06450516823257853,True,False
1401,247141,32.836843633,5849762019,A,True,ok,2.079110286215737,1.7408232038096294,0.06179035513711578,True,False
1401,247141,32.836843633,5849762019,B,True,ok,2.0765869724124997,1.74139599544924,0.06284407343788387,True,False
1402,247142,32.864878052,5849790020,A,True,ok,2.0775521441609195,1.7330825010217132,0.054522481874092275,True,False
1402,247142,32.864878052,5849790020,B,True,ok,2.0782467529676127,1.7389577206059879,0.06011781462144186,True,False
1403,247143,32.886165282,5849812019,A,True,ok,2.0727345826204484,1.733473409557088,0.056191637873888325,True,False
1403,247143,32.886165282,5849812019,B,True,ok,2.077858972194378,1.7369460575308715,0.058225922272525835,True,False
1404,247144,32.908894534,5849834019,A,True,ok,2.085754872801751,1.741717026941017,0.061862852499440485,True,False
1404,247144,32.908894534,5849834019,B,True,ok,2.0779690046587818,1.7377401851101628,0.05898028336195314,True,False
1405,247145,32.930914616,5849857020,A,True,ok,2.0813881229054716,1.7436321137870365,0.06421222883608411,True,False
1405,247145,32.930914616,5849857020,B,True,ok,2.0791225559148936,1.7381988387327867,0.05920661803945174,True,False
1406,247146,32.953847009,5849879019,A,True,ok,2.0750842966285057,1.7514480393832415,0.07298835892644548,True,False
1406,247146,32.953847009,5849879019,B,True,ok,2.0784615747778097,1.740445247098421,0.06153668136483526,True,False
1407,247147,32.975860627,5849901019,A,True,ok,2.055083688143363,1.732415519265584,0.06298043738773752,True,False
1407,247147,32.975860627,5849901019,B,True,ok,2.076117176390944,1.73899940699487,0.060610748362864474,True,False
1408,247148,32.997888644,5849923019,A,True,ok,2.0919228404988157,1.7347238360163344,0.054757607178606255,True,False
1408,247148,32.997888644,5849923019,B,True,ok,2.0782250445179757,1.7371845482545754,0.058384262739915746,True,False
1409,247149,33.020002328,5849946019,A,True,ok,2.0806667860560357,1.7410652438360064,0.06177437079626734,True,False
1409,247149,33.020002328,5849946019,B,True,ok,2.0789203931674765,1.736212346138484,0.057293852601793496,True,False
1410,247150,33.042883552,5849968019,A,True,ok,2.0819462277107452,1.7612207332612917,0.08161905880117137,True,False
1410,247150,33.042883552,5849968019,B,True,ok,2.0798754193725952,1.7389738901431004,0.059836668118230844,True,False
1411,247151,33.063909335,5849990019,A,True,ok,2.073883191033557,1.725035918164017,0.04783289094479708,True,False
1411,247151,33.063909335,5849990019,B,True,ok,2.0804987234515795,1.7379902004587502,0.05876340362245537,True,False
1412,247152,33.087903773,5850013019,A,True,ok,2.0922674296335098,1.7394678973289417,0.05951110862577236,True,False
1412,247152,33.087903773,5850013019,B,True,ok,2.0821404357412923,1.7378617633481226,0.058393119526969135,True,False
1413,247153,33.108904371,5850035020,A,True,ok,2.0672901914410646,1.740821254961272,0.06492272683619778,True,False
1413,247153,33.108904371,5850035020,B,True,ok,2.0812789025396543,1.7378510133615535,0.05850467748711627,True,False
1414,247154,33.130980422,5850057020,A,True,ok,2.089929438984942,1.7528350057645394,0.07283503994354193,True,False
1414,247154,33.130980422,5850057020,B,True,ok,2.081648293771439,1.7394216300894683,0.060005675726699285,True,False
1415,247155,33.152957398,5850079020,A,True,ok,2.072820773438801,1.737128079761429,0.0596552036495493,True,False
1415,247155,33.152957398,5850079020,B,True,ok,2.082130537932919,1.7392896354513263,0.059809608803071124,True,False
1416,247156,33.192904586,5850118020,A,True,ok,2.0925915233994097,1.7603833181928095,0.08042508213994035,True,False
1416,247156,33.192904586,5850118020,B,True,ok,2.085400089246355,1.7406912470478488,0.06086531563349133,True,False
1417,247157,33.220885116,5850146020,A,True,ok,2.095493790190985,1.7226417777161283,0.04299421981446182,True,False
1417,247157,33.220885116,5850146020,B,True,ok,2.088301044133874,1.7371726145987965,0.057197852329415,True,False
1418,247158,33.24189269,5850168020,A,True,ok,2.090829650210911,1.7304690179325626,0.05047583669984872,True,False
1418,247158,33.24189269,5850168020,B,True,ok,2.0899279097675514,1.7372009067468661,0.057200952174463804,True,False
1419,247159,33.263903363,5850190020,A,True,ok,2.06887915577408,1.74941372513244,0.07255587707124421,True,False
1419,247159,33.263903363,5850190020,B,True,ok,2.0881274940537766,1.738211179028995,0.05824128812504361,True,False
1420,247160,33.286945072,5850213020,A,True,ok,2.0815707453539747,1.746746213797801,0.06727636576264577,True,False
1420,247160,33.286945072,5850213020,B,True,ok,2.0879146326421956,1.7403072337605319,0.06034327800894179,True,False
1421,247161,33.308993122,5850235019,A,True,ok,2.0691462519745722,1.7364380765458027,0.060167560120865146,True,False
1421,247161,33.308993122,5850235019,B,True,ok,2.0855476134686355,1.7398201976518157,0.059985663228199634,True,False
1422,247162,33.331897867,5850257019,A,True,ok,2.0767107448750557,1.7532735864900442,0.07446893834942088,True,False
1422,247162,33.331897867,5850257019,B,True,ok,2.0843679698761166,1.7410009866521188,0.06126042879255996,True,False
1423,247163,33.35391302,5850280019,A,True,ok,2.075447865807274,1.7350049896489337,0.0568973944556551,True,False
1423,247163,33.35391302,5850280019,B,True,ok,2.0841953965205535,1.7400168368047952,0.060296883183188106,True,False
1424,247164,33.375911213,5850302020,A,True,ok,2.0882991940239357,1.7598521885104497,0.07987029955419359,True,False
1424,247164,33.375911213,5850302020,B,True,ok,2.0856649921329637,1.7427596031675645,0.06290914148959152,True,False
1425,247165,33.397905822,5850324019,A,True,ok,2.0594936935935233,1.7577137121599418,0.08348685997355586,True,False
1425,247165,33.397905822,5850324019,B,True,ok,2.0822945158282673,1.7449300396754026,0.06538566003773447,True,False
1426,247166,33.41990539,5850346019,A,True,ok,2.0927744359971965,1.7522867517556746,0.07233997494116981,True,False
1426,247166,33.41990539,5850346019,B,True,ok,2.0838291759846532,1.7464649323852193,0.06675077756850595,True,False
1428,247167,33.443885556,5850369019,A,True,ok,2.0760869948094496,1.741841047002205,0.06338680310412581,True,False
1428,247167,33.443885556,5850369019,B,True,ok,2.083659745208603,1.74576829956986,0.0660732022769495,True,False
1429,247168,33.464890026,5850391020,A,True,ok,2.088344595980718,1.7672158476780144,0.08723155649569529,True,False
1429,247168,33.464890026,5850391020,B,True,ok,2.0845666813343127,1.748279014266278,0.06849485192988973,True,False
1430,247169,33.486932028,5850413019,A,True,ok,2.0760813876523243,1.7547993565935542,0.07608331956805356,True,False
1430,247169,33.486932028,5850413019,B,True,ok,2.0838839407967935,1.7493409023627067,0.0696101064548213,True,False
1431,247170,33.509967209,5850436020,A,True,ok,2.1017361559206607,1.7610266611310372,0.08187220022594978,True,False
1431,247170,33.509967209,5850436020,B,True,ok,2.0861800420040453,1.7516462435129627,0.07174800546781505,True,False
1432,247171,33.5319206,5850458020,A,True,ok,2.0847117203422307,1.7513087262094091,0.07150454765500763,True,False
1432,247171,33.5319206,5850458020,B,True,ok,2.0865787804724256,1.7520541678781563,0.07213534398385711,True,False
1433,247172,33.560891365,5850486020,A,True,ok,2.116659056074272,1.7489947737920553,0.07396610089350444,True,False
1433,247172,33.560891365,5850486020,B,True,ok,2.0910544103799555,1.7526357705305722,0.07264342325234477,True,False
1434,247173,33.581951228,5850508020,A,True,ok,2.0956979061707637,1.741369199492629,0.06163314677263311,True,False
1434,247173,33.581951228,5850508020,B,True,ok,2.092970815996051,1.752472504681925,0.07253336944161656,True,False
1435,247174,33.60399051,5850530020,A,True,ok,2.100734508243605,1.7564625806124583,0.07721240768910605,True,False
1435,247174,33.60399051,5850530020,B,True,ok,2.094647830756151,1.753728750696487,0.07387510412853951,True,False
1436,247175,33.626944088,5850553020,A,True,ok,2.0872982795673813,1.7291636585180818,0.049237837200455874,True,False
1436,247175,33.626944088,5850553020,B,True,ok,2.0940681409488917,1.7516285789507127,0.071744010853022,True,False
1437,247176,33.648900136,5850575020,A,True,ok,2.089397161634405,1.7645354438690053,0.08453759331933212,True,False
1437,247176,33.648900136,5850575020,B,True,ok,2.0945316855033127,1.7536612480029783,0.07380051240240286,True,False
1438,247177,33.671889139,5850597020,A,True,ok,2.0856430893834084,1.727175412354923,0.04737617756824621,True,False
1438,247177,33.671889139,5850597020,B,True,ok,2.094543266510188,1.750947365496719,0.07109268556966762,True,False
1439,247178,33.712914309,5850638020,A,True,ok,2.090011749233542,1.7541245102361926,0.07412451116735898,True,False
1439,247178,33.712914309,5850638020,B,True,ok,2.095491819372061,1.7515309450312084,0.0717414536866456,True,False
1440,247179,33.733936891,5850660020,A,True,ok,2.091623200095828,1.7505928959520805,0.07061155526861282,True,False
1440,247179,33.733936891,5850660020,B,True,ok,2.0962031168941855,1.7517961374726627,0.07206361089479506,True,False
1441,247180,33.756956903,5850683020,A,True,ok,2.089318910923787,1.766941593201384,0.08694426094185116,True,False
1441,247180,33.756956903,5850683020,B,True,ok,2.096205473074165,1.754492731181632,0.07475075180205946,True,False
1442,247181,33.779896977,5850705020,A,True,ok,2.072984093717407,1.7560344498417253,0.07791520152930254,True,False
1442,247181,33.779896977,5850705020,B,True,ok,2.0930065240222437,1.754667192529939,0.07472769785694812,True,False
1443,247182,33.800902471,5850727019,A,True,ok,2.0830462243532106,1.7231388495671063,0.04369571303594107,True,False
1443,247182,33.800902471,5850727019,B,True,ok,2.093226187144307,1.7508975026885858,0.07097086846705578,True,False
1444,247183,33.82298009,5850749019,A,True,ok,2.0857374787375145,1.744886128137626,0.06502598489992727,True,False
1444,247183,33.82298009,5850749019,B,True,ok,2.0930255233809065,1.7504359773732094,0.07050092694601748,True,False
1445,247184,33.84597591,5850772019,A,True,ok,2.075856195625802,1.7317838295907997,0.05368065023138749,True,False
1445,247184,33.84597591,5850772019,B,True,ok,2.091842882565661,1.7493638048340168,0.0693882816994512,True,False
1446,247185,33.867929973,5850794019,A,True,ok,2.0946598726551926,1.7605419191568779,0.08067660847256578,True,False
1446,247185,33.867929973,5850794019,B,True,ok,2.092296044390579,1.7497485783109112,0.06978635967176419,True,False
1447,247186,33.896879905,5850822020,A,True,ok,2.0870762724439254,1.7517741317943138,0.07183365630155333,True,False
1447,247186,33.896879905,5850822020,B,True,ok,2.093088060462157,1.7498345483394382,0.0699027914978456,True,False
1448,247187,33.917988922,5850844019,A,True,ok,2.1084713794878644,1.7438153290076772,0.06643484083327665,True,False
1448,247187,33.917988922,5850844019,B,True,ok,2.0947696417478765,1.7489228592403248,0.06908769795169553,True,False
1449,247188,33.939971498,5850866020,A,True,ok,2.0800916299470114,1.742039583655618,0.06282583654253547,True,False
1449,247188,33.939971498,5850866020,B,True,ok,2.0942126885159267,1.7483806164769198,0.06851025802239999,True,False
1450,247189,33.962944597,5850889019,A,True,ok,2.0987937386717,1.7447422622162059,0.06533674583799014,True,False
1450,247189,33.962944597,5850889019,B,True,ok,2.0948678714936615,1.7475563045502058,0.06773145840271692,True,False
1451,247190,33.984897765,5850911020,A,True,ok,2.0825239841376852,1.726162527009487,0.04676397879859234,True,False
1451,247190,33.984897765,5850911020,B,True,ok,2.0940805577334807,1.7457508940230935,0.06587739381800366,True,False
1452,247191,34.007901168,5850933020,A,True,ok,2.0896078728554883,1.7715487843299125,0.09154962411710002,True,False
1452,247191,34.007901168,5850933020,B,True,ok,2.094743809643831,1.7485205506859842,0.06868456592457614,True,False
1453,247192,34.028992777,5850955020,A,True,ok,2.082877802723965,1.7480530129871368,0.06842469050471602,True,False
1453,247192,34.028992777,5850955020,B,True,ok,2.094801158735844,1.7471887864688087,0.06736010801919748,True,False
1454,247193,34.051993012,5850978020,A,True,ok,2.0852839348007453,1.7452307410166727,0.06540100033292963,True,False
1454,247193,34.051993012,5850978020,B,True,ok,2.0944891036271813,1.7453429099786453,0.06549693073612627,True,False
1455,247194,34.073972165,5851000020,A,True,ok,2.089613345582549,1.744669575474067,0.06467073135224777,True,False
1455,247194,34.073972165,5851000020,B,True,ok,2.0944749314307116,1.745693250547644,0.06584548715610734,True,False
1456,247195,34.095906676,5851022020,A,True,ok,2.079517816637273,1.7364428762022084,0.05740796497026921,True,False
1456,247195,34.095906676,5851022020,B,True,ok,2.0935267407199283,1.7442413143774433,0.06433804763160846,True,False
1457,247196,34.119927547,5851045019,A,True,ok,2.082322713304724,1.7382001375289327,0.05870431619044837,True,False
1457,247196,34.119927547,5851045019,B,True,ok,2.0919259921303888,1.7423430939866276,0.062372837144960835,True,False
1458,247197,34.140927601,5851067020,A,True,ok,2.0663998012393154,1.743657959469143,0.06789186391106725,True,False
1458,247197,34.140927601,5851067020,B,True,ok,2.0893948175105113,1.7424000665491948,0.06240300113928438,True,False
1459,247198,34.162992835,5851089020,A,True,ok,2.086201468913329,1.780338082672397,0.10040995803598951,True,False
1459,247198,34.162992835,5851089020,B,True,ok,2.088662494632924,1.7453139584439847,0.06532765178872978,True,False
1460,247199,34.184911506,5851111020,A,True,ok,2.068482102214874,1.7363217964672393,0.060292326894790395,True,False
1460,247199,34.184911506,5851111020,B,True,ok,2.0867801068993668,1.7444159538125883,0.06449637832595735,True,False
1461,247200,34.226991967,5851152020,A,True,ok,2.086151049202221,1.755593510141803,0.07569143411115027,True,False
1461,247200,34.226991967,5851152020,B,True,ok,2.085094807948653,1.7458717972006472,0.06605417909189243,True,False
1462,247201,34.254935344,5851180020,A,True,ok,2.0868156071580435,1.721404408647118,0.04152668314697737,True,False
1462,247201,34.254935344,5851180020,B,True,ok,2.0844592925072325,1.7422712761600252,0.06251728780200352,True,False
1463,247202,34.275926982,5851202020,A,True,ok,2.0954699197305375,1.7523951661737927,0.07260151587390987,True,False
1463,247202,34.275926982,5851202020,B,True,ok,2.0851021965317917,1.7436152173187254,0.06380348229777005,True,False
1464,247203,34.297936215,5851224020,A,True,ok,2.081263755093187,1.7381195448977256,0.05877247207826604,True,False
1464,247203,34.297936215,5851224020,B,True,ok,2.0845780592538334,1.743997055278512,0.06422632268607528,True,False
1465,247204,34.320989252,5851247019,A,True,ok,2.0919133249796404,1.7426167128928132,0.0626459379846668,True,False
1465,247204,34.320989252,5851247019,B,True,ok,2.085366322678306,1.743643519419687,0.06381197794807553,True,False
1466,247205,34.342927795,5851269019,A,True,ok,2.0647830852531768,1.747155345439566,0.07173376618062097,True,False
1466,247205,34.342927795,5851269019,B,True,ok,2.0828604618173574,1.74451617910937,0.06491001750372374,True,False
1467,247206,34.366248295,5851291020,A,True,ok,2.0789315690596224,1.7506235423479626,0.07148562720754696,True,False
1467,247206,34.366248295,5851291020,B,True,ok,2.083753627254349,1.7452368454305676,0.06553520560896549,True,False
1468,247207,34.387975601,5851314019,A,True,ok,2.07452620412108,1.762399623676568,0.08383994478136604,True,False
1468,247207,34.387975601,5851314019,B,True,ok,2.0830177837645407,1.7469313715425494,0.0672945751166133,True,False
1469,247208,34.409909376,5851336019,A,True,ok,2.0738418619089973,1.73264034744393,0.05506443140163697,True,False
1469,247208,34.409909376,5851336019,B,True,ok,2.082685791790744,1.745821867358291,0.06622700253114895,True,False
1470,247209,34.432163607,5851358019,A,True,ok,2.0931039162033493,1.7415770072718346,0.06165518729476861,True,False
1470,247209,34.432163607,5851358019,B,True,ok,2.0839683457300566,1.7443474371777379,0.06462950970396615,True,False
1471,247210,34.453984355,5851380020,A,True,ok,2.090651999254372,1.7254123466898053,0.04541702692716437,True,False
1471,247210,34.453984355,5851380020,B,True,ok,2.084936942055546,1.7429949768304904,0.06319811438344447,True,False
1472,247211,34.477904296,5851403019,A,True,ok,2.0969556196309673,1.7505991287779912,0.07094094465583392,True,False
1472,247211,34.477904296,5851403019,B,True,ok,2.086316782069816,1.742542034502661,0.06265039643971355,True,False
1473,247212,34.498908958,5851425020,A,True,ok,2.0622907496894753,1.7368947467063804,0.06328360574078011,True,False
1473,247212,34.498908958,5851425020,B,True,ok,2.083975526086084,1.7417073942943757,0.062000780612352056,True,False
1474,247213,34.520979344,5851447020,A,True,ok,2.085839188049068,1.755220105593127,0.07533509568277053,True,False
1474,247213,34.520979344,5851447020,B,True,ok,2.084385215782159,1.74332252802003,0.06357097102184614,True,False
1475,247214,34.542930272,5851469019,A,True,ok,2.07523234194848,1.7438424281678688,0.06552815699145002,True,False
1475,247214,34.542930272,5851469019,B,True,ok,2.083958918345613,1.743369476986116,0.06365677718082245,True,False
1476,247215,34.565902891,5851492020,A,True,ok,2.0864506659406707,1.760919704988662,0.08099750877475687,True,False
1476,247215,34.565902891,5851492020,B,True,ok,2.0845517454100406,1.746351145719257,0.06657445468297213,True,False
1477,247216,34.594921145,5851520020,A,True,ok,2.088350566157539,1.7467212295884902,0.0667416145279741,True,False
1477,247216,34.594921145,5851520020,B,True,ok,2.0841249720832633,1.7461146792298738,0.0663751968938063,True,False
1478,247217,34.615976144,5851542019,A,True,ok,2.1012938503485157,1.7646640798372273,0.08541403555844365,True,False
1478,247217,34.615976144,5851542019,B,True,ok,2.0860633392065644,1.7487935923343538,0.06890613647903826,True,False
1479,247218,34.637921183,5851564020,A,True,ok,2.081804440607723,1.7336213336177073,0.05424402835975412,True,False
1479,247218,34.637921183,5851564020,B,True,ok,2.0855014333100286,1.7455815276705653,0.06573563625514892,True,False
1480,247219,34.660992973,5851587020,A,True,ok,2.093135333557163,1.7637366280064666,0.08379530527665643,True,False
1480,247219,34.660992973,5851587020,B,True,ok,2.086507048315247,1.748346948570224,0.06843614608036373,True,False
1481,247220,34.682941884,5851609020,A,True,ok,2.0978238811457377,1.7250401046919472,0.045714594462208734,True,False
1481,247220,34.682941884,5851609020,B,True,ok,2.088479789298717,1.7457504669104884,0.06576803889066128,True,False
1482,247221,34.705013967,5851631019,A,True,ok,2.103130850346022,1.746590795500112,0.06787306738425332,True,False
1482,247221,34.705013967,5851631019,B,True,ok,2.0905340009566786,1.7462013105615892,0.0662034642378609,True,False
1483,247222,34.74692956,5851672020,A,True,ok,2.074097269312636,1.7604768958057748,0.08203308845733151,True,False
1483,247222,34.74692956,5851672020,B,True,ok,2.090728604597316,1.7477527174988683,0.06775663504883261,True,False
1484,247223,34.777922779,5851704020,A,True,ok,2.084109655733244,1.7512496652655138,0.07149273358900668,True,False
1484,247223,34.777922779,5851704020,B,True,ok,2.0913872628054913,1.7470349612009526,0.06704931410018097,True,False
1485,247224,34.795020744,5851721020,A,True,ok,2.0952529303834844,1.760585192948176,0.08075621709879983,True,False
1485,247224,34.795020744,5851721020,B,True,ok,2.0932268639751324,1.7494185440480308,0.06949350263774597,True,False
1486,247225,34.817944242,5851743019,A,True,ok,2.07046808880767,1.742979729180431,0.06593892509334297,True,False
1486,247225,34.817944242,5851743019,B,True,ok,2.091249860708714,1.7495878185761222,0.06959904199034997,True,False
1487,247226,34.83994797,5851766019,A,True,ok,2.0877041154975777,1.767968682733341,0.08799863764563445,True,False
1487,247226,34.83994797,5851766019,B,True,ok,2.0916243795105065,1.7524127181052032,0.07243093504972706,True,False
1488,247227,34.861952275,5851788020,A,True,ok,2.077336163453373,1.7575695714855473,0.07859650867901907,True,False
1488,247227,34.861952275,5851788020,B,True,ok,2.0906549519092645,1.7533508673849698,0.07335379136848269,True,False
1489,247228,34.883927427,5851810019,A,True,ok,2.0868050101969926,1.7492601534109078,0.06933380712425802,True,False
1489,247228,34.883927427,5851810019,B,True,ok,2.0908966615920646,1.7526796099986186,0.07268514092689092,True,False
1490,247229,34.905990262,5851832020,A,True,ok,2.076602823290739,1.7684268429930619,0.08943595980084737,True,False
1490,247229,34.905990262,5851832020,B,True,ok,2.0903230408744164,1.755094050302158,0.07509474513033237,True,False
1491,247230,34.93494173,5851860019,A,True,ok,2.0893069514130733,1.7342521257468104,0.054256552271514435,True,False
1491,247230,34.93494173,5851860019,B,True,ok,2.089621422389564,1.7525601437148224,0.07256113130955726,True,False
1492,247231,34.956003769,5851882020,A,True,ok,2.0866580692850474,1.7641192155640437,0.08418557434628339,True,False
1492,247231,34.956003769,5851882020,B,True,ok,2.089718934903035,1.756152259935281,0.07615277861535551,True,False
1493,247232,34.978008938,5851904019,A,True,ok,2.0580571101668794,1.7517979299091149,0.07858301947701583,True,False
1493,247232,34.978008938,5851904019,B,True,ok,2.08593618527899,1.755908035620443,0.07601673803736357,True,False
1494,247233,35.000928052,5851927019,A,True,ok,2.083760780707126,1.7744379187164303,0.09464379720232953,True,False
1494,247233,35.000928052,5851927019,B,True,ok,2.08606319588653,1.7587989718223598,0.07889725208705874,True,False
1495,247234,35.022979686,5851949020,A,True,ok,2.080519042810448,1.734180274265563,0.0550035514191743,True,False
1495,247234,35.022979686,5851949020,B,True,ok,2.085606405311128,1.7570288728213324,0.0771540726236476,True,False
1496,247235,35.04592488,5851971019,A,True,ok,2.0890827278942394,1.7484091239755333,0.06841527337675335,True,False
1496,247235,35.04592488,5851971019,B,True,ok,2.086005448752901,1.7561877664205945,0.0762924124131933,True,False
1497,247236,35.066957415,5851993019,A,True,ok,2.077341667765201,1.7407066473290502,0.06201234074682423,True,False
1497,247236,35.066957415,5851993019,B,True,ok,2.086151364760456,1.754670656175257,0.0747697725478051,True,False
1498,247237,35.090008084,5852016019,A,True,ok,2.0906005630587523,1.7621418253142302,0.08214402073152413,True,False
1498,247237,35.090008084,5852016019,B,True,ok,2.0866116283174025,1.7552399511546775,0.07531620882929309,True,False
1499,247238,35.111959267,5852038020,A,True,ok,2.08497358479874,1.7539645620533781,0.07413515555742425,True,False
1499,247238,35.111959267,5852038020,B,True,ok,2.0872119468077,1.7557180380592075,0.07576935084939483,True,False
1500,247239,35.1339605,5852060020,A,True,ok,2.0995146359210577,1.7588923902808178,0.07946406446269387,True,False
1500,247239,35.1339605,5852060020,B,True,ok,2.089057481250174,1.7558913573032073,0.07589720979665104,True,False
1501,247240,35.15793097,5852083019,A,True,ok,2.0685067253938083,1.7413609186076293,0.06501633014612002,True,False
1501,247240,35.15793097,5852083019,B,True,ok,2.085861228131427,1.7552827383467464,0.07539641984580424,True,False
1502,247241,35.178963697,5852105019,A,True,ok,2.0871416833998357,1.7554896128794877,0.07554370672982426,True,False
1502,247241,35.178963697,5852105019,B,True,ok,2.086750045738896,1.755894647363133,0.07596420012791275,True,False
1503,247242,35.200979874,5852127019,A,True,ok,2.0834714631438525,1.7439799136484397,0.06431213838727405,True,False
1503,247242,35.200979874,5852127019,B,True,ok,2.085246230612275,1.7549875968675117,0.0751381261900783,True,False
1504,247243,35.223015572,5852149019,A,True,ok,2.0861126264336427,1.7552478871794712,0.07534823288053179,True,False
1504,247243,35.223015572,5852149019,B,True,ok,2.0854124126377345,1.755258732533394,0.07539842690891735,True,False
1505,247244,35.262027983,5852188020,A,True,ok,2.072497928510447,1.7352463874044386,0.05795244453572892,True,False
1505,247244,35.262027983,5852188020,B,True,ok,2.0846254749007835,1.7516636290961378,0.07186488193318713,True,False
1506,247245,35.290954138,5852216020,A,True,ok,2.104524885547043,1.7572559864819388,0.07860953979926497,True,False
1506,247245,35.290954138,5852216020,B,True,ok,2.087023713915989,1.7514562236262599,0.07151818072196708,True,False
1507,247246,35.312044787,5852238019,A,True,ok,2.079588857471489,1.752523786110799,0.07326726035954866,True,False
1507,247246,35.312044787,5852238019,B,True,ok,2.085952041364175,1.751761366867954,0.07187544604295984,True,False
1508,247247,35.333965121,5852260019,A,True,ok,2.086512333552638,1.7668614679674521,0.08693145825711644,True,False
1508,247247,35.333965121,5852260019,B,True,ok,2.0851534112279704,1.7525075262979741,0.07266932497675055,True,False
1509,247248,35.356943788,5852283019,A,True,ok,2.0782347655021347,1.755213707115487,0.07612832902963272,True,False
1509,247248,35.356943788,5852283019,B,True,ok,2.0846959041443114,1.753481235048326,0.0736724191069743,True,False
1510,247249,35.378969182,5852305019,A,True,ok,2.067235373145709,1.7496384153846651,0.07326484240822652,True,False
1510,247249,35.378969182,5852305019,B,True,ok,2.082499520311148,1.753441377660138,0.07382339160579064,True,False
1511,247250,35.40103112,5852327019,A,True,ok,2.0853496030464287,1.752731143142297,0.07287966365599584,True,False
1511,247250,35.40103112,5852327019,B,True,ok,2.0828824112462505,1.753214289595669,0.07355944718842035,True,False
1512,247251,35.423995131,5852350020,A,True,ok,2.0733313133878135,1.7431323535227667,0.06529578221216809,True,False
1512,247251,35.423995131,5852350020,B,True,ok,2.082612033434947,1.7527792856274975,0.07315330796631972,True,False
1513,247252,35.44600382,5852372020,A,True,ok,2.0984875347654346,1.7702986288334086,0.09069664059703737,True,False
1513,247252,35.44600382,5852372020,B,True,ok,2.0842612576135986,1.753823756922232,0.07404647358443393,True,False
1514,247253,35.467975772,5852394020,A,True,ok,2.0848450410271018,1.740970747369142,0.06118828022394493,True,False
1514,247253,35.467975772,5852394020,B,True,ok,2.0849032233687965,1.752922086395002,0.07309998506312099,True,False
1515,247254,35.489952428,5852416020,A,True,ok,2.0770904950246423,1.7642407424291644,0.08522416326210315,True,False
1515,247254,35.489952428,5852416020,B,True,ok,2.0851344758384913,1.7527253264181624,0.07288790316639995,True,False
1516,247255,35.513965075,5852439019,A,True,ok,2.0721777251065516,1.7267080464611542,0.04999275034037413,True,False
1516,247255,35.513965075,5852439019,B,True,ok,2.0851478205957266,1.7492704693927494,0.06944020143161381,True,False
1517,247256,35.534949928,5852461019,A,True,ok,2.074144767539982,1.7582741908800343,0.07986386763916002,True,False
1517,247256,35.534949928,5852461019,B,True,ok,2.0838098887868215,1.7495670083149069,0.06984186511482812,True,False
1518,247257,35.557011611,5852483020,A,True,ok,2.0978393043298267,1.7897399426420983,0.11001958781720049,True,False
1518,247257,35.557011611,5852483020,B,True,ok,2.0853387232696345,1.7545027136884979,0.07464838811191667,True,False
1519,247258,35.579030668,5852505020,A,True,ok,2.0754685526241388,1.7489327493560538,0.07044776005397166,True,False
1519,247258,35.579030668,5852505020,B,True,ok,2.084842167829968,1.7540020061887802,0.07418153511931722,True,False
1520,247259,35.601929397,5852528019,A,True,ok,2.0946840295865305,1.7674920928542905,0.08761738666036156,True,False
1520,247259,35.601929397,5852528019,B,True,ok,2.086824473071711,1.7559462581624388,0.07601261803245625,True,False
1521,247260,35.630957507,5852556020,A,True,ok,2.085341746304122,1.7508702647299403,0.07102319163757,True,False
1521,247260,35.630957507,5852556020,B,True,ok,2.0868598460342835,1.7556161525015144,0.07568132587409322,True,False
1522,247261,35.652016795,5852578020,A,True,ok,2.0914797402887615,1.7501241097389015,0.07013972054403765,True,False
1522,247261,35.652016795,5852578020,B,True,ok,2.0876214144113954,1.7553011079148826,0.07533866552183625,True,False
1523,247262,35.673953482,5852600020,A,True,ok,2.077771244770599,1.7459029581918002,0.06702792218837435,True,False
1523,247262,35.673953482,5852600020,B,True,ok,2.086526189317345,1.754395433961081,0.07447649263302146,True,False
1524,247263,35.696971222,5852623020,A,True,ok,2.099337225803481,1.7485604314343213,0.06919332730954243,True,False
1524,247263,35.696971222,5852623020,B,True,ok,2.0888471958016606,1.7540983918804485,0.07410735885718928,True,False
1525,247264,35.71914942,5852645019,A,True,ok,2.0670470463278754,1.7429895684554164,0.06704120983748943,True,False
1525,247264,35.71914942,5852645019,B,True,ok,2.086566002434495,1.753670582018588,0.07375057284006281,True,False
1526,247265,35.741022681,5852667020,A,True,ok,2.073000245762948,1.764038105762715,0.08574027562531768,True,False
1526,247265,35.741022681,5852667020,B,True,ok,2.0857814769109706,1.7540309948037642,0.07415108986850867,True,False
1527,247266,35.780949613,5852706019,A,True,ok,2.0712114525859135,1.7619756274480536,0.08410120694397587,True,False
1527,247266,35.780949613,5852706019,B,True,ok,2.0832261226432247,1.7557674222662774,0.07606962397252284,True,False
1528,247267,35.801967331,5852728019,A,True,ok,2.0900051944651885,1.7603894469645567,0.08038944713238019,True,False
1528,247267,35.801967331,5852728019,B,True,ok,2.083978459486064,1.757959323821658,0.07819152844708377,True,False
1529,247268,35.824953838,5852751020,A,True,ok,2.0730286057961447,1.746569633828051,0.06869894008806429,True,False
1529,247268,35.824953838,5852751020,B,True,ok,2.0827895096241686,1.7559684822460733,0.07630990411625423,True,False
1530,247269,35.847024385,5852773020,A,True,ok,2.0920215159880198,1.7667217811170872,0.08674533905063612,True,False
1530,247269,35.847024385,5852773020,B,True,ok,2.0842017561710833,1.757271168947366,0.07748840675863676,True,False
1531,247270,35.868999057,5852795019,A,True,ok,2.0798283635029513,1.7266470942312049,0.04774320463943538,True,False
1531,247270,35.868999057,5852795019,B,True,ok,2.0835911808487766,1.7531704291534012,0.07345055932670624,True,False
1532,247271,35.892006429,5852818020,A,True,ok,2.083402613909629,1.7658922200667564,0.08614522024594017,True,False
1532,247271,35.892006429,5852818020,B,True,ok,2.0840139685513064,1.7551336558170834,0.07537173746799725,True,False
1533,247272,35.914017838,5852840019,A,True,ok,2.0936867900658647,1.768375227000794,0.08845209533092833,True,False
1533,247272,35.914017838,5852840019,B,True,ok,2.0853833250298854,1.7568986554220285,0.07703711374068711,True,False
1534,247273,35.935978974,5852862019,A,True,ok,2.079575740818419,1.7523698701791466,0.07311677843854525,True,False
1534,247273,35.935978974,5852862019,B,True,ok,2.0860208612604776,1.756931778337892,0.0770346160069544,True,False
1535,247274,35.964021617,5852890019,A,True,ok,2.0943728065084364,1.7376464607600612,0.057812073781533836,True,False
1535,247274,35.964021617,5852890019,B,True,ok,2.086582728766688,1.7543453471743529,0.07442384288087446,True,False
1536,247275,35.986030594,5852912019,A,True,ok,2.0756575560051407,1.7394302368743624,0.061136394681797365,True,False
1536,247275,35.986030594,5852912019,B,True,ok,2.0859556001276536,1.7527628708916143,0.07287518473882022,True,False
1537,247276,36.008029363,5852934020,A,True,ok,2.091398503278079,1.7611880944026128,0.08120013844905918,True,False
1537,247276,36.008029363,5852934020,B,True,ok,2.086813883718536,1.7531122052664683,0.07318159533574825,True,False
1538,247277,36.039953679,5852966020,A,True,ok,2.088700976648168,1.7642902414638812,0.08430025069777682,True,False
1538,247277,36.039953679,5852966020,B,True,ok,2.0877675593275007,1.754501692487865,0.07453513248738897,True,False
1539,247278,36.05704006,5852983020,A,True,ok,2.084541565371083,1.7476342030705523,0.06785410771343818,True,False
1539,247278,36.05704006,5852983020,B,True,ok,2.0866333382630207,1.753162575992744,0.07323999547477661,True,False
1540,247279,36.080038087,5853006019,A,True,ok,2.078327156414762,1.755090936567852,0.07599278934216463,True,False
1540,247279,36.080038087,5853006019,B,True,ok,2.0870613514662777,1.7533928966328325,0.07345170475463719,True,False
1541,247280,36.101964822,5853028019,A,True,ok,2.087005136041258,1.7368505215274526,0.056929351024535016,True,False
1541,247280,36.101964822,5853028019,B,True,ok,2.0880665943899928,1.7508001241359952,0.07082651787942947,True,False
1542,247281,36.1239858,5853050019,A,True,ok,2.0868855952390954,1.7562547147570255,0.0763182877146106,True,False
1542,247281,36.1239858,5853050019,B,True,ok,2.0887877063813667,1.7517031723151804,0.07171341977536864,True,False
1543,247282,36.145971512,5853072019,A,True,ok,2.062988917993948,1.744416268946295,0.06985022731601584,True,False
1543,247282,36.145971512,5853072019,B,True,ok,2.086266074813623,1.7507326650839266,0.07083115209547555,True,False
1544,247283,36.16994419,5853095019,A,True,ok,2.089907356536339,1.7647168492306322,0.08471689988648687,True,False
1544,247283,36.16994419,5853095019,B,True,ok,2.0867881581373107,1.752038659904245,0.07211022430245526,True,False
1545,247284,36.19103215,5853117020,A,True,ok,2.0854490596479294,1.735472990907177,0.055659354813686654,True,False
1545,247284,36.19103215,5853117020,B,True,ok,2.08666546385756,1.7502622943791952,0.07034137575221242,True,False
1546,247285,36.213029127,5853139019,A,True,ok,2.095770177009502,1.7585627487685207,0.07877436408367064,True,False
1546,247285,36.213029127,5853139019,B,True,ok,2.0874047291879294,1.7500305293863396,0.07007860213159914,True,False
1547,247286,36.234985014,5853161019,A,True,ok,2.072545425184285,1.7360599302008803,0.05871437606008405,True,False
1547,247286,36.234985014,5853161019,B,True,ok,2.086589638568642,1.7487992347169896,0.0688837082533739,True,False
1548,247287,36.257964546,5853184020,A,True,ok,2.0858222659730896,1.7635555008651176,0.08365987799668537,True,False
1548,247287,36.257964546,5853184020,B,True,ok,2.086761782767335,1.7498206076298275,0.06989566009878054,True,False
1549,247288,36.309046626,5853235020,A,True,ok,2.080636554458311,1.7367354634620604,0.057502929722466956,True,False
1549,247288,36.309046626,5853235020,B,True,ok,2.086477393787095,1.7465757095121037,0.06666883718478389,True,False
1550,247289,36.330998289,5853257019,A,True,ok,2.080876469443064,1.7318439500043656,0.05264061133648159,True,False
1550,247289,36.330998289,5853257019,B,True,ok,2.0855254271138333,1.7442964777426804,0.06445198874067905,True,False
1551,247290,36.353039235,5853279020,A,True,ok,2.0970648156947105,1.7517340441810532,0.0720810981837092,True,False
1551,247290,36.353039235,5853279020,B,True,ok,2.0868846042835156,1.7456241106417452,0.06569801814355063,True,False
1552,247291,36.374970418,5853301020,A,True,ok,2.077349897829898,1.7479979581858682,0.06916463982672874,True,False
1552,247291,36.374970418,5853301020,B,True,ok,2.0863603185141035,1.745770506489814,0.06587113787726336,True,False
1553,247292,36.398030112,5853324020,A,True,ok,2.095838458858501,1.7526163887429167,0.072850720764484,True,False
1553,247292,36.398030112,5853324020,B,True,ok,2.088503227480019,1.747020963367837,0.06703767492037248,True,False
1554,247293,36.4200308,5853346020,A,True,ok,2.0801937358877827,1.7431207919524512,0.06387798676025405,True,False
1554,247293,36.4200308,5853346020,B,True,ok,2.088154476200477,1.7465384173414504,0.0665640063427649,True,False
1555,247294,36.442042593,5853368020,A,True,ok,2.100147348263876,1.7638172355418504,0.08442924641773394,True,False
1555,247294,36.442042593,5853368020,B,True,ok,2.0899937849049075,1.7480083597900928,0.06800836007408304,True,False
1556,247295,36.46404453,5853390019,A,True,ok,2.095694822830866,1.7401038346244735,0.06037302331042417,True,False
1556,247295,36.46404453,5853390019,B,True,ok,2.0915724040317945,1.7462449038430414,0.06626356268427631,True,False
1557,247296,36.486028419,5853412019,A,True,ok,2.0798014303235135,1.7571247290679963,0.07779610952520695,True,False
1557,247296,36.486028419,5853412019,B,True,ok,2.0912173399156955,1.747499757877152,0.06751073418312457,True,False
1558,247297,36.519041404,5853445019,A,True,ok,2.0813805582661797,1.7379772031560976,0.05861442537128673,True,False
1558,247297,36.519041404,5853445019,B,True,ok,2.0911186622324047,1.7448749826363361,0.06488462666344878,True,False
1559,247298,36.536013029,5853462019,A,True,ok,2.086809098681267,1.7499116182767271,0.06998439984236994,True,False
1559,247298,36.536013029,5853462019,B,True,ok,2.090686390494551,1.7460643423545836,0.0660679079633573,True,False
1560,247299,36.558020214,5853484020,A,True,ok,2.0791301091464507,1.768415165322717,0.08908083961330544,True,False
1560,247299,36.558020214,5853484020,B,True,ok,2.0896617691092754,1.7480796561860155,0.06808049637408295,True,False
1561,247300,36.581020418,5853507019,A,True,ok,2.088080901703144,1.7587993285843344,0.07882269421692528,True,False
1561,247300,36.581020418,5853507019,B,True,ok,2.0892701795074093,1.749701013485553,0.06970483425749367,True,False
1562,247301,36.602980018,5853529019,A,True,ok,2.0802523310222814,1.7496432980265293,0.07032215874467423,True,False
1562,247301,36.602980018,5853529019,B,True,ok,2.088832983277009,1.7501273487630187,0.07013705848238723,True,False
1563,247302,36.630996581,5853557019,A,True,ok,2.0908107702338103,1.7637549658013278,0.08375888994461209,True,False
1563,247302,36.630996581,5853557019,B,True,ok,2.0888322935929313,1.7514701902720728,0.0714797288451727,True,False
1564,247303,36.653050039,5853579019,A,True,ok,2.0881093080842983,1.7454545703352493,0.0654818714889259,True,False
1564,247303,36.653050039,5853579019,B,True,ok,2.0894899048376536,1.7516508498060073,0.0716526655121613,True,False
1565,247304,36.675059944,5853601019,A,True,ok,2.084618300528117,1.7443684229884167,0.06459300710774657,True,False
1565,247304,36.675059944,5853601019,B,True,ok,2.089178445027521,1.7497073251215616,0.06971216628520378,True,False
1566,247305,36.697964209,5853624019,A,True,ok,2.0762175770673257,1.747748151543074,0.06913586058912137,True,False
1566,247305,36.697964209,5853624019,B,True,ok,2.087987427068746,1.7501868781047527,0.070215726927057,True,False
1567,247306,36.719999971,5853646019,A,True,ok,2.0854807583409114,1.7382893678341131,0.05846429634977053,True,False
1567,247306,36.719999971,5853646019,B,True,ok,2.08846811104823,1.7498622485124384,0.06987904157166346,True,False
1568,247307,36.742037589,5853668019,A,True,ok,2.0798590510847084,1.7517456185257338,0.07245876498079915,True,False
1568,247307,36.742037589,5853668019,B,True,ok,2.087643324416358,1.7503212822874035,0.07036076081418695,True,False
1569,247308,36.764034181,5853690020,A,True,ok,2.076706738961052,1.7456562577359855,0.06698846892520963,True,False
1569,247308,36.764034181,5853690020,B,True,ok,2.0873113348194963,1.7491974859864483,0.06924970026864789,True,False
1570,247309,36.787129396,5853713020,A,True,ok,2.0888810171602397,1.7541954694319597,0.07420390695121486,True,False
1570,247309,36.787129396,5853713020,B,True,ok,2.0873270658751313,1.7491032163533595,0.06915489199771127,True,False
1571,247310,36.82698119,5853752020,A,True,ok,2.1197178615024614,1.7355784724721925,0.06302474033759886,True,False
1571,247310,36.82698119,5853752020,B,True,ok,2.091791210710671,1.7479058793942785,0.06792949942492095,True,False
1572,247311,36.848993239,5853775020,A,True,ok,2.0842203471503775,1.7366620645267186,0.05695607029537916,True,False
1572,247311,36.848993239,5853775020,B,True,ok,2.0917056266610095,1.7468808254608166,0.06690257077741457,True,False
1573,247312,36.871137163,5853797020,A,True,ok,2.0914785047055275,1.7738985891044197,0.09391022847360621,True,False
1573,247312,36.871137163,5853797020,B,True,ok,2.092615045883582,1.7502057467009453,0.07025443284811672,True,False
1574,247313,36.892995832,5853819020,A,True,ok,2.0742436848195145,1.7234679208468726,0.04623550162825945,True,False
1574,247313,36.892995832,5853819020,B,True,ok,2.0906193481964515,1.7472574443247322,0.06726029593514218,True,False
1575,247314,36.91504817,5853841020,A,True,ok,2.0969873542681414,1.7592085258910353,0.07951612222373101,True,False
1575,247314,36.91504817,5853841020,B,True,ok,2.092191780381593,1.7483589290770905,0.068394057386646,True,False
1576,247315,36.937056635,5853863020,A,True,ok,2.0771650746920125,1.7390064477472376,0.06038622511309262,True,False
1576,247315,36.937056635,5853863020,B,True,ok,2.0906332803247323,1.746597618800644,0.06660062968084907,True,False
1577,247316,36.965046862,5853891020,A,True,ok,2.089945973553707,1.7688555797662902,0.08885559619101355,True,False
1577,247316,36.965046862,5853891020,B,True,ok,2.089913005185451,1.749857383708524,0.06985743787670523,True,False
1578,247317,36.987007325,5853913020,A,True,ok,2.0770244096683723,1.7243840345940196,0.046241847619849244,True,False
1578,247317,36.987007325,5853913020,B,True,ok,2.089108278615268,1.7463248192684702,0.06633081348832703,True,False
1579,247318,37.009047311,5853935020,A,True,ok,2.089243844211167,1.7647829102485664,0.08478628215574414,True,False
1579,247318,37.009047311,5853935020,B,True,ok,2.090121653680479,1.7488812406749985,0.06888134810342383,True,False
1580,247319,37.03202745,5853958020,A,True,ok,2.0809498746225485,1.7302382967410959,0.05104695121938231,True,False
1580,247319,37.03202745,5853958020,B,True,ok,2.089527180115306,1.7464160455601152,0.06641772855560982,True,False
1581,247320,37.054037772,5853980019,A,True,ok,2.0860362072428345,1.74376039710886,0.06388348685303023,True,False
1581,247320,37.054037772,5853980019,B,True,ok,2.0886373060357823,1.7460801409948412,0.06609419012846907,True,False
1582,247321,37.076067453,5854002020,A,True,ok,2.0803007354424974,1.736671001310694,0.057495026937232754,True,False
1582,247321,37.076067453,5854002020,B,True,ok,2.088404356582885,1.7452211790887517,0.06524069496596137,True,False
1583,247322,37.098001324,5854024019,A,True,ok,2.0848202530163316,1.7431219644720337,0.06333413122182631,True,False
1583,247322,37.098001324,5854024019,B,True,ok,2.088096329282694,1.744546461753835,0.06457452816040728,True,False
1584,247323,37.121059513,5854047019,A,True,ok,2.078610539598896,1.761586072335368,0.08237722383851147,True,False
1584,247323,37.121059513,5854047019,B,True,ok,2.086808296329384,1.7452749306578983,0.06535291534977197,True,False
1585,247324,37.143060906,5854069020,A,True,ok,2.0803329002585516,1.7247275429043056,0.045760309348469405,True,False
1585,247324,37.143060906,5854069020,B,True,ok,2.086618729158257,1.7425047596801508,0.0625961498430905,True,False
1586,247325,37.16503225,5854091019,A,True,ok,2.0912511065876207,1.7448741330493842,0.06488619580929986,True,False
1586,247325,37.16503225,5854091019,B,True,ok,2.0872735267922704,1.74167864341652,0.061738875191038975,True,False
1587,247326,37.188074759,5854114020,A,True,ok,2.0888973537888114,1.7404956722468032,0.060505720301965625,True,False
1587,247326,37.188074759,5854114020,B,True,ok,2.08777680638066,1.7415401069153327,0.061580251290650465,True,False
1588,247327,37.210056088,5854136020,A,True,ok,2.0936937082915,1.7683738346633333,0.08845099283809583,True,False
1588,247327,37.210056088,5854136020,B,True,ok,2.0887678560788294,1.7435505853928042,0.06356252891767743,True,False
1589,247328,37.231990151,5854158019,A,True,ok,2.0667392392657375,1.7466501576611153,0.07059253860138574,True,False
1589,247328,37.231990151,5854158019,B,True,ok,2.08709675176305,1.7438840882079452,0.06395002405383346,True,False
1590,247329,37.254053785,5854180019,A,True,ok,2.0939970646416275,1.7409723517724693,0.06110322582658875,True,False
1590,247329,37.254053785,5854180019,B,True,ok,2.0880461569666275,1.7432032704907365,0.06323346347721491,True,False
1591,247330,37.276222158,5854202020,A,True,ok,2.079671440585417,1.7480048811089173,0.06878475844413902,True,False
1591,247330,37.276222158,5854202020,B,True,ok,2.0885977034243854,1.743281286841108,0.06329682219474042,True,False
1592,247331,37.326070222,5854252019,A,True,ok,2.0908632661860866,1.7166368285911426,0.03664699766317579,True,False
1592,247331,37.326070222,5854252019,B,True,ok,2.0889814906331208,1.7391147748041274,0.0591235482821618,True,False
1593,247332,37.348018557,5854274020,A,True,ok,2.0896609778593773,1.7415281262987783,0.06152906030365044,True,False
1593,247332,37.348018557,5854274020,B,True,ok,2.0896246713893003,1.7389392529853613,0.058940448030520114,True,False
1594,247333,37.370997512,5854297019,A,True,ok,2.0847220324706965,1.7391387595313024,0.05937381426303682,True,False
1594,247333,37.370997512,5854297019,B,True,ok,2.0891077995578797,1.7395085070421519,0.05951519496745991,True,False
1595,247334,37.393041146,5854319020,A,True,ok,2.086805956046135,1.7486945863949581,0.0687688019144844,True,False
1595,247334,37.393041146,5854319020,B,True,ok,2.0894297846130456,1.740737546206987,0.06074022279209554,True,False
1596,247335,37.415097996,5854341019,A,True,ok,2.0739133935933958,1.7348371449360882,0.057147977833188,True,False
1596,247335,37.415097996,5854341019,B,True,ok,2.087739290013187,1.7400049031670644,0.06004747466574471,True,False
1597,247336,37.437103773,5854363019,A,True,ok,2.0839963657642424,1.7463102338552603,0.06658145941608727,True,False
1597,247336,37.437103773,5854363019,B,True,ok,2.087964864817743,1.7412871328588064,0.0613209134738146,True,False
1598,247337,37.460028295,5854386020,A,True,ok,2.0892853874710573,1.7618439437711666,0.08184706349701504,True,False
1598,247337,37.460028295,5854386020,B,True,ok,2.0886168832409595,1.7434479617940541,0.06346303544417727,True,False
1599,247338,37.482038872,5854408020,A,True,ok,2.0967307419972196,1.7235352935044204,0.04405252170249927,True,False
1599,247338,37.482038872,5854408020,B,True,ok,2.0899459613854803,1.7408133203365634,0.06081334434586991,True,False
1600,247339,37.504412243,5854430020,A,True,ok,2.103209489934806,1.761463227687521,0.08252725664655683,True,False
1600,247339,37.504412243,5854430020,B,True,ok,2.091288345756697,1.7430657714277744,0.06307892960861887,True,False
1601,247340,37.527033685,5854453019,A,True,ok,2.0887895163067673,1.7284562946094786,0.048471411760461144,True,False
1601,247340,37.527033685,5854453019,B,True,ok,2.091494818374054,1.7408799578201684,0.06089830659515004,True,False
1602,247341,37.549020133,5854475019,A,True,ok,2.083401711286722,1.754245199352702,0.07453782288788852,True,False
1602,247341,37.549020133,5854475019,B,True,ok,2.090722856676044,1.742501161370753,0.06250534132749795,True,False
1603,247342,37.571082808,5854497020,A,True,ok,2.0656888773377022,1.7322129488275135,0.05759533583864091,True,False
1603,247342,37.571082808,5854497020,B,True,ok,2.0878149527048926,1.741018331669206,0.06105744206380658,True,False
1604,247343,37.592985638,5854519020,A,True,ok,2.0902187067811773,1.7404135533672114,0.06041394924277867,True,False
1604,247343,37.592985638,5854519020,B,True,ok,2.0884070868997657,1.7412357478274516,0.06125646238669149,True,False
1605,247344,37.615070233,5854541019,A,True,ok,2.060836130178074,1.7310344188842421,0.05877961563197332,True,False
1605,247344,37.615070233,5854541019,B,True,ok,2.0859489687490034,1.7401078761935247,0.06024423320694396,True,False
1606,247345,37.643030858,5854569019,A,True,ok,2.0856571377873028,1.7450454586841944,0.06519027648074302,True,False
1606,247345,37.643030858,5854569019,B,True,ok,2.0874917664185264,1.7390782428893417,0.05913146386308465,True,False
1607,247346,37.665008922,5854591019,A,True,ok,2.0747210778338707,1.7315597543348786,0.05377595865841608,True,False
1607,247346,37.665008922,5854591019,B,True,ok,2.0871354993670606,1.7380869097152591,0.05815749688685702,True,False
1608,247347,37.686989771,5854613019,A,True,ok,2.0780574012458515,1.7376052597869713,0.05883019309952204,True,False
1608,247347,37.686989771,5854613019,B,True,ok,2.0851513650004567,1.7386008374275819,0.05880108339624945,True,False
1609,247348,37.710006327,5854636019,A,True,ok,2.0840886928010387,1.755860642329989,0.07609060787981005,True,False
1609,247348,37.710006327,5854636019,B,True,ok,2.0858820982177453,1.7410164063805385,0.061155203888821404,True,False
1610,247349,37.732027176,5854658020,A,True,ok,2.0765197099709267,1.7381213232405583,0.05966411345609188,True,False
1610,247349,37.732027176,5854658020,B,True,ok,2.0851246455887287,1.7392114827147083,0.05941185711547573,True,False
1611,247350,37.754039865,5854680020,A,True,ok,2.0934280736027255,1.7312079060299033,0.051322522624994905,True,False
1611,247350,37.754039865,5854680020,B,True,ok,2.087027801607604,1.7392337383878718,0.059308260189341266,True,False
1612,247351,37.776080555,5854702019,A,True,ok,2.076357745284111,1.7267551329352342,0.04870475920815764,True,False
1612,247351,37.776080555,5854702019,B,True,ok,2.085400567210542,1.7375015696178384,0.05768522592917415,True,False
1613,247352,37.799017013,5854725020,A,True,ok,2.1020906198900944,1.7405719975779934,0.061766900358648374,True,False
1613,247352,37.799017013,5854725020,B,True,ok,2.087718264580893,1.7374776523431594,0.05752292443368917,True,False
1614,247353,37.840089704,5854766020,A,True,ok,2.085771162771733,1.7560374304826594,0.07615493351522568,True,False
1614,247353,37.840089704,5854766020,B,True,ok,2.0877580892569347,1.7393365861790406,0.05937892406538362,True,False
1615,247354,37.86200095,5854788020,A,True,ok,2.089229271321678,1.7413127919964055,0.06131763600376393,True,False
1615,247354,37.86200095,5854788020,B,True,ok,2.0883943365643125,1.7393706254421757,0.05939233385264322,True,False
1616,247355,37.885010306,5854811019,A,True,ok,2.0661912904025534,1.7294713872094545,0.05490239343711091,True,False
1616,247355,37.885010306,5854811019,B,True,ok,2.0860271562746746,1.737582643081968,0.05771953111011202,True,False
1617,247356,37.907043124,5854833019,A,True,ok,2.0934893069945204,1.7546621225603203,0.0747436138309776,True,False
1617,247356,37.907043124,5854833019,B,True,ok,2.087084711259323,1.739248069066484,0.05931974879033442,True,False
1618,247357,37.929070566,5854855020,A,True,ok,2.068663954040725,1.7576730088300336,0.08055012823010763,True,False
1618,247357,37.929070566,5854855020,B,True,ok,2.0849815319720872,1.742187851459451,0.06239001434917244,True,False
1619,247358,37.951077047,5854877020,A,True,ok,2.0985266984982016,1.7605701437638095,0.0810200756195659,True,False
1619,247358,37.951077047,5854877020,B,True,ok,2.0863546178269705,1.7433673525990172,0.06347212133366602,True,False
1620,247359,37.979015975,5854905019,A,True,ok,2.0801129910464358,1.7313783055115677,0.05232096351643239,True,False
1620,247359,37.979015975,5854905019,B,True,ok,2.086132830503424,1.7419701352863322,0.06209068100223708,True,False
1621,247360,38.00107289,5854927019,A,True,ok,2.0788358927592228,1.7600883214236618,0.08086270165498642,True,False
1621,247360,38.00107289,5854927019,B,True,ok,2.0860365878695566,1.7444486554372296,0.06457040981271915,True,False
1622,247361,38.023090603,5854949019,A,True,ok,2.0679840100209637,1.7367654726412907,0.060885324167209195,True,False
1622,247361,38.023090603,5854949019,B,True,ok,2.083849636136999,1.744076511560603,0.06437100519196046,True,False
1623,247362,38.04607023,5854972020,A,True,ok,2.0854221874791965,1.7679718959677078,0.08809092375284092,True,False
1623,247362,38.04607023,5854972020,B,True,ok,2.083584166878625,1.7491861865786944,0.06948302906424889,True,False
1624,247363,38.068078087,5854994019,A,True,ok,2.068240035829938,1.7342413209992964,0.05844327972000798,True,False
1624,247363,38.068078087,5854994019,B,True,ok,2.08128755724968,1.7469500468062422,0.06751455714166861,True,False
1625,247364,38.090092313,5855016020,A,True,ok,2.0976470186922023,1.73695304522883,0.05746413016583523,True,False
1625,247364,38.090092313,5855016020,B,True,ok,2.0840352434769143,1.747077043376987,0.06734172605879589,True,False
1626,247365,38.112058472,5855038020,A,True,ok,2.0709925709172277,1.760972579431702,0.08317355938133165,True,False
1626,247365,38.112058472,5855038020,B,True,ok,2.082807365618063,1.7488971490916463,0.06927157528386928,True,False
1627,247366,38.135058484,5855061020,A,True,ok,2.093386554252032,1.7554170479843068,0.07549304521854443,True,False
1627,247366,38.135058484,5855061020,B,True,ok,2.084426509115475,1.7487982345533561,0.06902362550821639,True,False
1628,247367,38.157014148,5855083020,A,True,ok,2.085083900961201,1.7528191000902127,0.07298485711233324,True,False
1628,247367,38.157014148,5855083020,B,True,ok,2.0849043776551275,1.7496584343131203,0.06984456197898922,True,False
1629,247368,38.17908383,5855105020,A,True,ok,2.0805912046810584,1.7436594929358649,0.06435104094111586,True,False
1629,247368,38.17908383,5855105020,B,True,ok,2.084720904327456,1.7492625947290483,0.06946348594564106,True,False
1630,247369,38.202046401,5855128020,A,True,ok,2.0834294345799518,1.764057288710379,0.0843137006380288,True,False
1630,247369,38.202046401,5855128020,B,True,ok,2.084952190721229,1.7517169876839984,0.07189441355892429,True,False
1631,247370,38.224060786,5855150019,A,True,ok,2.0872595726261394,1.7377405666421228,0.057805561828814016,True,False
1631,247370,38.224060786,5855150019,B,True,ok,2.0849526780830563,1.7501490725402107,0.07033041900049372,True,False
1632,247371,38.246081252,5855172019,A,True,ok,2.093683337240399,1.7656575228537803,0.08573667940078165,True,False
1632,247371,38.246081252,5855172019,B,True,ok,2.086057042471158,1.7525877808761907,0.07269479243112355,True,False
1633,247372,38.268085589,5855194020,A,True,ok,2.081295265244514,1.7602043383457515,0.0806753264427431,True,False
1633,247372,38.268085589,5855194020,B,True,ok,2.086168919823254,1.7549660954425281,0.07506392369986332,True,False
1634,247373,38.29009063,5855216020,A,True,ok,2.0818958893765833,1.7547949067568616,0.07523267033519544,True,False
1634,247373,38.29009063,5855216020,B,True,ok,2.0868383615668247,1.7548440312401392,0.0749107800644011,True,False
1635,247374,38.342049854,5855268020,A,True,ok,2.0648286283524913,1.7340622686085596,0.05963494644687003,True,False
1635,247374,38.342049854,5855268020,B,True,ok,2.086024649188804,1.7552406533458267,0.07534559927413773,True,False
1636,247375,38.364020494,5855290020,A,True,ok,2.0924728624646822,1.7505235277490299,0.0705668691025571,True,False
1636,247375,38.364020494,5855290020,B,True,ok,2.0862106672270544,1.7547507555292845,0.07484674004299041,True,False
1637,247376,38.386005278,5855312020,A,True,ok,2.0910196018980027,1.7367230680959127,0.05673223107056488,True,False
1637,247376,38.386005278,5855312020,B,True,ok,2.087801372170519,1.7534437746054667,0.07347667652140492,True,False
1638,247377,38.40900833,5855335019,A,True,ok,2.0919436595069727,1.7382829345650799,0.058315334808234066,True,False
1638,247377,38.40900833,5855335019,B,True,ok,2.0880501539406637,1.7512137322957761,0.07124042087993016,True,False
1639,247378,38.431106782,5855357019,A,True,ok,2.076869124299145,1.725665958225863,0.047516309172299764,True,False
1639,247378,38.431106782,5855357019,B,True,ok,2.0876688181409353,1.7486415190400697,0.06868109306780354,True,False
1641,247379,38.454066472,5855380019,A,True,ok,2.093892563016104,1.7410751059749667,0.06119902463836956,True,False
1641,247379,38.454066472,5855380019,B,True,ok,2.088432192240899,1.747225587350382,0.06724386675209372,True,False
1642,247380,38.47602268,5855402019,A,True,ok,2.0634873830802736,1.742380740166584,0.06778108585485362,True,False
1642,247380,38.47602268,5855402019,B,True,ok,2.0858212540960785,1.7461860244407614,0.06631780868366066,True,False
1643,247381,38.498096267,5855424020,A,True,ok,2.071104169663643,1.756809848944986,0.07909997028477282,True,False
1643,247381,38.498096267,5855424020,B,True,ok,2.0842772577971287,1.747096793735826,0.06734040026572831,True,False
1644,247382,38.520102748,5855446020,A,True,ok,2.090197021160617,1.744847812038318,0.06484811133328984,True,False
1644,247382,38.520102748,5855446020,B,True,ok,2.085121020858678,1.7473733205684832,0.06754975027255881,True,False
1645,247383,38.543088423,5855469019,A,True,ok,2.080549569828555,1.7436010280588152,0.06429931104268198,True,False
1645,247383,38.543088423,5855469019,B,True,ok,2.0846241936662255,1.7468934920030406,0.06710915411550877,True,False
1646,247384,38.565022742,5855491019,A,True,ok,2.098027873405648,1.7661041241436468,0.08647755168806333,True,False
1646,247384,38.565022742,5855491019,B,True,ok,2.0863076247745465,1.7476080798791973,0.06770883324764557,True,False
1647,247385,38.587313071,5855513020,A,True,ok,2.0697947028580517,1.736643184757579,0.06013904232755666,True,False
1647,247385,38.587313071,5855513020,B,True,ok,2.0852233219672227,1.745991685041557,0.06616433440799428,True,False
1648,247386,38.609074361,5855535019,A,True,ok,2.075127226277081,1.7601581128865373,0.08152620719587061,True,False
1648,247386,38.609074361,5855535019,B,True,ok,2.085345432803028,1.7468631982053842,0.06702501227186478,True,False
1649,247387,38.632078725,5855558019,A,True,ok,2.0668022920285845,1.734945555807638,0.05964182893018413,True,False
1649,247387,38.632078725,5855558019,B,True,ok,2.0833098184076566,1.7457355271051507,0.06607509404859395,True,False
1650,247388,38.660050423,5855586020,A,True,ok,2.0880677660798512,1.7408931597541135,0.06092380842299807,True,False
1650,247388,38.660050423,5855586020,B,True,ok,2.0849040985231073,1.7443170922111324,0.0645186528250359,True,False
1651,247389,38.68201063,5855608020,A,True,ok,2.0781505738261927,1.7296269183316986,0.05102195531092072,True,False
1651,247389,38.68201063,5855608020,B,True,ok,2.0841070702269855,1.74164560177868,0.06192662464534374,True,False
1652,247390,38.704099258,5855630019,A,True,ok,2.0953804265956153,1.7493230656052299,0.0695315497832302,True,False
1652,247390,38.704099258,5855630019,B,True,ok,2.0860286667415644,1.742122250540008,0.06224906023391108,True,False
1653,247391,38.727096293,5855653020,A,True,ok,2.0860011765036535,1.7373477082182642,0.05748695701845863,True,False
1653,247391,38.727096293,5855653020,B,True,ok,2.085105181301198,1.741052206751016,0.06124811180161344,True,False
1654,247392,38.749049077,5855675020,A,True,ok,2.0854530207606548,1.7488927835608232,0.06904267265221907,True,False
1654,247392,38.749049077,5855675020,B,True,ok,2.086562613934851,1.7423902507021742,0.06248487021384488,True,False
1655,247393,38.771034437,5855697020,A,True,ok,2.0867979861073485,1.736011876433179,0.05610332605589833,True,False
1655,247393,38.771034437,5855697020,B,True,ok,2.08728754630721,1.7408833204499436,0.06094371267034905,True,False
1656,247394,38.79303871,5855719020,A,True,ok,2.091312596337902,1.7508320093725824,0.07084417026759426,True,False
1656,247394,38.79303871,5855719020,B,True,ok,2.0881774674698823,1.7424129101680115,0.062439514575816604,True,False
1657,247395,38.816035874,5855742019,A,True,ok,2.087088540916005,1.7167444657727877,0.03685963047733047,True,False
1657,247395,38.816035874,5855742019,B,True,ok,2.0873408367255863,1.7386405449576343,0.05870080631684992,True,False
1658,247396,38.857057587,5855783019,A,True,ok,2.091156667115221,1.7366439287963773,0.0566557371172991,True,False
1658,247396,38.857057587,5855783019,B,True,ok,2.088134254059663,1.7372983025507946,0.05732867069029503,True,False
1659,247397,38.87973023,5855805020,A,True,ok,2.0814866400079826,1.7180207199841948,0.038962192526476695,True,False
1659,247397,38.87973023,5855805020,B,True,ok,2.08775488296716,1.7344137522625098,0.05446004944706667,True,False
1660,247398,38.901104598,5855827020,A,True,ok,2.093632488361366,1.7617874406349223,0.08186806714040837,True,False
1660,247398,38.901104598,5855827020,B,True,ok,2.08927801767967,1.7357152525050592,0.05571993018815962,True,False
1661,247399,38.924057089,5855850019,A,True,ok,2.0721901560182463,1.7351992877148155,0.05800130952726316,True,False
1661,247399,38.924057089,5855850019,B,True,ok,2.08761856537352,1.7359603471881127,0.056010996137314965,True,False
1662,247400,38.946042705,5855872020,A,True,ok,2.0989404176111273,1.7803066811911865,0.10070432641476582,True,False
1662,247400,38.946042705,5855872020,B,True,ok,2.089716514271434,1.740707300960441,0.06070796285545967,True,False
1663,247401,38.968017921,5855894020,A,True,ok,2.067098122949619,1.7556135409401274,0.07900571843819344,True,False
1663,247401,38.968017921,5855894020,B,True,ok,2.0875897637683827,1.7420368717843413,0.06208367498367836,True,False
1664,247402,38.996068949,5855922019,A,True,ok,2.0891980998635233,1.7567112727514038,0.07671546396241868,True,False
1664,247402,38.996068949,5855922019,B,True,ok,2.0875795454615558,1.7445824664360763,0.06462780803291725,True,False
1665,247403,39.018033253,5855944019,A,True,ok,2.0773605111405193,1.7391899908723787,0.060524471894442926,True,False
1665,247403,39.018033253,5855944019,B,True,ok,2.0869983440815676,1.7431304455743677,0.06320176498066228,True,False
1666,247404,39.040080343,5855966020,A,True,ok,2.0798034940974364,1.745086577864357,0.06588043222925924,True,False
1666,247404,39.040080343,5855966020,B,True,ok,2.087782709384347,1.7448820592336403,0.06491993521309054,True,False
1667,247405,39.063089091,5855989019,A,True,ok,2.069701800118111,1.7432476964827825,0.06642505573067516,True,False
1667,247405,39.063089091,5855989019,B,True,ok,2.085366124040046,1.744636375149668,0.06480226692717529,True,False
1668,247406,39.085045235,5856011020,A,True,ok,2.0841778000715583,1.740124983064924,0.060406221538548,True,False
1668,247406,39.085045235,5856011020,B,True,ok,2.0862460699341745,1.7458797439392002,0.06598660964494009,True,False
1669,247407,39.107120197,5856033020,A,True,ok,2.0860065040507925,1.7435683230205514,0.06369363941196571,True,False
1669,247407,39.107120197,5856033020,B,True,ok,2.086990982031447,1.7458495215213732,0.0659182347588956,True,False
1670,247408,39.129101206,5856055019,A,True,ok,2.0748980255809317,1.7340520226787932,0.056122106045861916,True,False
1670,247408,39.129101206,5856055019,B,True,ok,2.0861361198185717,1.7446099802400363,0.06472541322134857,True,False
1671,247409,39.152023808,5856078019,A,True,ok,2.0899824360381656,1.757346269740121,0.07734627173435264,True,False
1671,247409,39.152023808,5856078019,B,True,ok,2.0862831316777406,1.7461081802993281,0.06621258651203332,True,False
1672,247410,39.174126515,5856100020,A,True,ok,2.05961835622002,1.7573785033888156,0.08312927923100587,True,False
1672,247410,39.174126515,5856100020,B,True,ok,2.083735535254959,1.7472460452833358,0.06753720548549756,True,False
1673,247411,39.196106627,5856122020,A,True,ok,2.0949864107495952,1.7650969385873327,0.08524290732430453,True,False
1673,247411,39.196106627,5856122020,B,True,ok,2.0857909205390803,1.7494196963165347,0.06954718244895508,True,False
1674,247412,39.219063918,5856145020,A,True,ok,2.0747073783334082,1.7411302161893114,0.06301402707960717,True,False
1674,247412,39.219063918,5856145020,B,True,ok,2.085046911798922,1.7480016956640092,0.06818184286089805,True,False
1675,247413,39.241096096,5856167019,A,True,ok,2.09294783058054,1.75984314518174,0.07989754400257865,True,False
1675,247413,39.241096096,5856167019,B,True,ok,2.0864755404553583,1.749230802832555,0.06932045784558784,True,False
1676,247414,39.263098161,5856189020,A,True,ok,2.0726680718946993,1.7256762535572225,0.04885402614801567,True,False
1676,247414,39.263098161,5856189020,B,True,ok,2.086145818999883,1.7466625274611418,0.06677385175867238,True,False
1677,247415,39.285091873,5856211020,A,True,ok,2.0980243360671733,1.7591950191493997,0.0796005089644076,True,False
1677,247415,39.285091873,5856211020,B,True,ok,2.0867651437670545,1.7481269673524742,0.06820372405882921,True,False
1678,247416,39.307048433,5856233020,A,True,ok,2.067713217154283,1.744626718707856,0.06836163734549139,True,False
1678,247416,39.307048433,5856233020,B,True,ok,2.0845205764828525,1.7485986243171863,0.06881711516977979,True,False
1679,247417,39.359095659,5856285020,A,True,ok,2.095183164263555,1.757268021572779,0.07744167062734662,True,False
1679,247417,39.359095659,5856285020,B,True,ok,2.0864653087879255,1.7517271482346914,0.07181418965529114,True,False
1680,247418,39.381044251,5856307019,A,True,ok,2.085912792430155,1.743066724961023,0.06319902738989207,True,False
1680,247418,39.381044251,5856307019,B,True,ok,2.086229089175319,1.7506283828953515,0.0707289773633133,True,False
1681,247419,39.404070535,5856330020,A,True,ok,2.0814492842008616,1.7488332039607752,0.06936227150391865,True,False
1681,247419,39.404070535,5856330020,B,True,ok,2.0855330742995113,1.7520801333675387,0.07221841213635102,True,False
1682,247420,39.426118201,5856352019,A,True,ok,2.101494288741396,1.7400163068652144,0.06110708439624792,True,False
1682,247420,39.426118201,5856352019,B,True,ok,2.0872217577429804,1.7507147198569555,0.07076927464999476,True,False
1683,247421,39.448039688,5856374020,A,True,ok,2.099987242543682,1.7387711945295963,0.05961374271140834,True,False
1683,247421,39.448039688,5856374020,B,True,ok,2.0888574629062044,1.7492720891252371,0.06928151068492591,True,False
1684,247422,39.47005881,5856396020,A,True,ok,2.0958979290016844,1.746969598374017,0.06722880835539226,True,False
1684,247422,39.47005881,5856396020,B,True,ok,2.090319206778076,1.749090540007996,0.0690912773913152,True,False
1685,247423,39.493103751,5856419020,A,True,ok,2.098807740333815,1.7417371476488812,0.062362261742240244,True,False
1685,247423,39.493103751,5856419020,B,True,ok,2.092231548316444,1.7483567114957745,0.06839312695297085,True,False
1686,247424,39.515084055,5856441020,A,True,ok,2.0942580924708243,1.7632865587193525,0.0833953368888348,True,False
1686,247424,39.515084055,5856441020,B,True,ok,2.0934364014067666,1.7501780135386955,0.07026209816726062,True,False
1687,247425,39.537051431,5856463019,A,True,ok,2.073644214506,1.7454753811190669,0.0674873117838665,True,False
1687,247425,39.537051431,5856463019,B,True,ok,2.0924343978257984,1.7498447114498448,0.06988712335106045,True,False
1688,247426,39.559070744,5856485020,A,True,ok,2.1007069900738142,1.7676931274464707,0.0883443503444545,True,False
1688,247426,39.559070744,5856485020,B,True,ok,2.09375731430413,1.7519157638211904,0.07201384934000729,True,False
1689,247427,39.582110757,5856508020,A,True,ok,2.080032934741517,1.7421752669447705,0.06296908931785766,True,False
1689,247427,39.582110757,5856508020,B,True,ok,2.0939099667164047,1.7515406101601252,0.07164737777341477,True,False
1690,247428,39.60403218,5856530020,A,True,ok,2.1011200931515495,1.765262369633301,0.08598446456880914,True,False
1690,247428,39.60403218,5856530020,B,True,ok,2.095056941064387,1.752956247512369,0.07313129770498224,True,False
1691,247429,39.626063845,5856552019,A,True,ok,2.0755805434380843,1.7443773281824515,0.06597242690285118,True,False
1691,247429,39.626063845,5856552019,B,True,ok,2.0946084567175327,1.7513203716486394,0.0714691072101606,True,False
1692,247430,39.648011253,5856574019,A,True,ok,2.0906677745090354,1.7746907452823937,0.09469309988024519,True,False
1692,247430,39.648011253,5856574019,B,True,ok,2.0949013024529326,1.7542047798372722,0.07436647172236405,True,False
1693,247431,39.676082985,5856602020,A,True,ok,2.0845946454057076,1.7364706204494977,0.05672873021883423,True,False
1693,247431,39.676082985,5856602020,B,True,ok,2.0949954739863004,1.7498908282649965,0.0700691275521185,True,False
1694,247432,39.698108763,5856624019,A,True,ok,2.0932591936390907,1.741791006367673,0.061876900464607094,True,False
1694,247432,39.698108763,5856624019,B,True,ok,2.0963741213972433,1.7496116593369233,0.06990287933430687,True,False
1695,247433,39.719976616,5856646020,A,True,ok,2.0935943163326742,1.7415911856480457,0.06169597441836355,True,False
1695,247433,39.719976616,5856646020,B,True,ok,2.0964174380132645,1.747884228041542,0.06818688970359472,True,False
1696,247434,39.753142566,5856679020,A,True,ok,2.089163363926952,1.7344858355800952,0.054492258521554204,True,False
1696,247434,39.753142566,5856679020,B,True,ok,2.097985643715002,1.7481646895621257,0.06863086338262057,True,False
1697,247435,39.770064206,5856696020,A,True,ok,2.083438085137975,1.745327772673397,0.06565650469773343,True,False
1697,247435,39.770064206,5856696020,B,True,ok,2.096528298316663,1.748224959877897,0.06853658752266562,True,False
1698,247436,39.803126665,5856729020,A,True,ok,2.0962454093324308,1.751211982934022,0.07148532472560412,True,False
1698,247436,39.803126665,5856729020,B,True,ok,2.0978896700226883,1.749158999913403,0.0696075725915578,True,False
1699,247437,39.820064913,5856746020,A,True,ok,2.0775656242286216,1.7397465070600626,0.06102670568449488,True,False
1699,247437,39.820064913,5856746020,B,True,ok,2.096190261165531,1.7477058327099884,0.06798822777694989,True,False
1700,247438,39.859091021,5856785020,A,True,ok,2.091152171466061,1.7464267495532122,0.06643674100445017,True,False
1700,247438,39.859091021,5856785020,B,True,ok,2.0956704232880057,1.7470251780367,0.067264613216137,True,False
1701,247439,39.882127705,5856808020,A,True,ok,2.1165717906545347,1.7562595260013734,0.08075627136354535,True,False
1701,247439,39.882127705,5856808020,B,True,ok,2.0988693233637368,1.7474675188792008,0.06804800511878256,True,False
1702,247440,39.904124138,5856830020,A,True,ok,2.0899528194186106,1.7342110867253588,0.0542111072562777,True,False
1702,247440,39.904124138,5856830020,B,True,ok,2.0989715342514965,1.745517008721203,0.06612841188626857,True,False
1703,247441,39.926135707,5856852019,A,True,ok,2.0861472071040517,1.7535595146465612,0.07366034352442795,True,False
1703,247441,39.926135707,5856852019,B,True,ok,2.0981321153599835,1.7457056191563194,0.0662069459267181,True,False
1704,247442,39.948056202,5856874020,A,True,ok,2.0862439073283183,1.755598757309116,0.07569200974238233,True,False
1704,247442,39.948056202,5856874020,B,True,ok,2.0974409432628485,1.7467624622609292,0.06717584390078729,True,False
1705,247443,39.970133469,5856896019,A,True,ok,2.0737605529908714,1.7633624082389934,0.08492944569798447,True,False
1705,247443,39.970133469,5856896019,B,True,ok,2.093773081129951,1.749008983523137,0.06911205356600107,True,False
1706,247444,39.998126479,5856924019,A,True,ok,2.0927074198166147,1.7355806532167704,0.05564655545553822,True,False
1706,247444,39.998126479,5856924019,B,True,ok,2.0949953048384353,1.748591453302713,0.06877310910964513,True,False
1707,247445,40.020002141,5856946019,A,True,ok,2.099787588183041,1.7354435544275386,0.056300840224638306,True,False
1707,247445,40.020002141,5856946019,B,True,ok,2.0954103040167658,1.746668098266715,0.06688726871426447,True,False
1708,247446,40.042117681,5856968019,A,True,ok,2.079842637225022,1.7522591750826986,0.07296958545979691,True,False
1708,247446,40.042117681,5856968019,B,True,ok,2.0944572927605964,1.747991823532162,0.06813776871884158,True,False
1709,247447,40.065138717,5856991019,A,True,ok,2.086539606533811,1.733782462827715,0.05389366967237797,True,False
1709,247447,40.065138717,5856991019,B,True,ok,2.093142032460279,1.745044741236266,0.06512058607287143,True,False
1710,247448,40.087119917,5857013020,A,True,ok,2.074214390361152,1.7517873860109652,0.07350247793072978,True,False
1710,247448,40.087119917,5857013020,B,True,ok,2.091697727039571,1.7461537190407848,0.06617550014943588,True,False
1711,247449,40.109134847,5857035019,A,True,ok,2.1056389945875043,1.7444954007753932,0.06636440968536217,True,False
1711,247449,40.109134847,5857035019,B,True,ok,2.092208981285628,1.7455662415346753,0.06560344219096775,True,False
1712,247450,40.131117967,5857057020,A,True,ok,2.0863018207565567,1.7307733735399637,0.05090787748811897,True,False
1712,247450,40.131117967,5857057020,B,True,ok,2.0918753153610288,1.7437684034665035,0.06379597235225824,True,False
1713,247451,40.154069242,5857080020,A,True,ok,2.104260081181506,1.743791194421875,0.06536563624009636,True,False
1713,247451,40.154069242,5857080020,B,True,ok,2.0934627522057645,1.744153557005311,0.06424694178925741,True,False
1714,247452,40.176142444,5857102020,A,True,ok,2.091831335801229,1.7466781652056962,0.06670330955818449,True,False
1714,247452,40.176142444,5857102020,B,True,ok,2.0932250970520716,1.7440314070742484,0.06411257554414267,True,False
1715,247453,40.198066875,5857124020,A,True,ok,2.0775037173562545,1.7574898166326378,0.07849094700455723,True,False
1715,247453,40.198066875,5857124020,B,True,ok,2.0911340418824818,1.745428693079636,0.06543852022395107,True,False
1716,247454,40.221136553,5857147019,A,True,ok,2.0772037257955747,1.7428082938435918,0.06409856791737097,True,False
1716,247454,40.221136553,5857147019,B,True,ok,2.090447562832831,1.7441322153131236,0.06413377700914068,True,False
1717,247455,40.243051895,5857169020,A,True,ok,2.0915465862033416,1.758434736133716,0.07844998254461269,True,False
1717,247455,40.243051895,5857169020,B,True,ok,2.091296529228655,1.745428383947012,0.06544122870147209,True,False
1718,247456,40.26498231,5857191019,A,True,ok,2.083567997923225,1.745747695878445,0.06606156343926582,True,False
1718,247456,40.26498231,5857191019,B,True,ok,2.091320207982209,1.744919585315244,0.06493300783591911,True,False
1719,247457,40.287079802,5857213019,A,True,ok,2.075124310931516,1.767930057284137,0.08917948810827431,True,False
1719,247457,40.287079802,5857213019,B,True,ok,2.0900970646343464,1.7462876601872173,0.06628773125276832,True,False
1720,247458,40.309022985,5857235019,A,True,ok,2.0773163560263495,1.7479486938645095,0.06912235399885591,True,False
1720,247458,40.309022985,5857235019,B,True,ok,2.089258404533497,1.7470908020446057,0.06709490057243105,True,False
1721,247459,40.359159568,5857285020,A,True,ok,2.0909925108121374,1.7404352083491994,0.060443357665862334,True,False
1721,247459,40.359159568,5857285020,B,True,ok,2.0896515100226085,1.7474702895512755,0.067471189535959,True,False
1722,247460,40.381071519,5857307019,A,True,ok,2.105127039947724,1.747013079138637,0.0686992002371299,True,False
1722,247460,40.381071519,5857307019,B,True,ok,2.0910473721237346,1.746804744008602,0.06681295391180098,True,False
1723,247461,40.404118188,5857330019,A,True,ok,2.0855981608614425,1.737458381040941,0.05762674500306006,True,False
1723,247461,40.404118188,5857330019,B,True,ok,2.091548842896844,1.7467574919594433,0.0667754569211941,True,False
1724,247462,40.426074651,5857352020,A,True,ok,2.0981540679675197,1.726351921027813,0.04706367396822692,True,False
1724,247462,40.426074651,5857352020,B,True,ok,2.091986065379582,1.744098040298395,0.06412880184274966,True,False
1725,247463,40.448128366,5857374019,A,True,ok,2.0972700381326974,1.7459020512565215,0.0663018386944742,True,False
1725,247463,40.448128366,5857374019,B,True,ok,2.092953577732453,1.7458780863536687,0.06594426345818931,True,False
1726,247464,40.470151295,5857396020,A,True,ok,2.0809342398160897,1.7540083369393646,0.0745615312627276,True,False
1726,247464,40.470151295,5857396020,B,True,ok,2.0916098110341266,1.7460838595617005,0.06610346425215674,True,False
1727,247465,40.493082761,5857419020,A,True,ok,2.0900752812511114,1.7574078760260734,0.07740791263259027,True,False
1727,247465,40.493082761,5857419020,B,True,ok,2.0920641135519733,1.747479425039826,0.06751098702034318,True,False
1728,247466,40.5151695,5857441019,A,True,ok,2.0662665794420065,1.7401201026863686,0.06463514522612365,True,False
1728,247466,40.5151695,5857441019,B,True,ok,2.0894717000853995,1.7470691758124923,0.06707125647374426,True,False
1729,247467,40.537085451,5857463020,A,True,ok,2.10027879806196,1.7381668991524815,0.05906811192693998,True,False
1729,247467,40.537085451,5857463020,B,True,ok,2.0912459341239713,1.7451645779239944,0.06517648784533898,True,False
1730,247468,40.560141272,5857486019,A,True,ok,2.0827479669075353,1.753122275661432,0.0734810123901451,True,False
1730,247468,40.560141272,5857486019,B,True,ok,2.0903131344268275,1.7451653625384456,0.06516611487526563,True,False
1731,247469,40.582146057,5857508020,A,True,ok,2.0945508996380804,1.7335511591958257,0.0537441842317153,True,False
1731,247469,40.582146057,5857508020,B,True,ok,2.0914669193714315,1.7445522200461032,0.06456888542729246,True,False
1732,247470,40.60400703,5857530020,A,True,ok,2.0781762557948857,1.759397578544169,0.08027313626429111,True,False
1732,247470,40.60400703,5857530020,B,True,ok,2.0906068819965995,1.7462148823144354,0.06621766339635023,True,False
1733,247471,40.625990983,5857552019,A,True,ok,2.072864216062521,1.7626373551338015,0.08439530528804315,True,False
1733,247471,40.625990983,5857552019,B,True,ok,2.088246880258842,1.74769156533945,0.06771426324587662,True,False
1734,247472,40.647988919,5857574019,A,True,ok,2.0758593985414198,1.7613659454929427,0.08258555379466148,True,False
1734,247472,40.647988919,5857574019,B,True,ok,2.0869835640218652,1.7491010978500685,0.0691669040083112,True,False
1735,247473,40.676096141,5857602020,A,True,ok,2.081086100493619,1.755864579654464,0.07638646510055552,True,False
1735,247473,40.676096141,5857602020,B,True,ok,2.0873453639260293,1.7504247528441925,0.07047476786659773,True,False
1736,247474,40.698123678,5857624020,A,True,ok,2.077861935168897,1.7468752952804434,0.0679679169659521,True,False
1736,247474,40.698123678,5857624020,B,True,ok,2.0869296481669695,1.7500921122466475,0.07015932767334103,True,False
1737,247475,40.720227282,5857646019,A,True,ok,2.097085859614896,1.7455857661146708,0.06596743229299075,True,False
1737,247475,40.720227282,5857646019,B,True,ok,2.087992624635996,1.7500909497790642,0.07011968908076617,True,False
1738,247476,40.74307737,5857669020,A,True,ok,2.0940817253122597,1.7472285893359452,0.06735238455783069,True,False
1738,247476,40.74307737,5857669020,B,True,ok,2.0887908294509083,1.7504466801457133,0.07045705668681618,True,False
1739,247477,40.765141484,5857691020,A,True,ok,2.1018329056031906,1.7593771350553216,0.08025426608352226,True,False
1739,247477,40.765141484,5857691020,B,True,ok,2.090559966638751,1.7520496373180752,0.0720518133033631,True,False
1740,247478,40.78715875,5857713019,A,True,ok,2.08574540756335,1.7382996816409966,0.058454721248531835,True,False
1740,247478,40.78715875,5857713019,B,True,ok,2.0895707053809947,1.750858433709078,0.0708597341342297,True,False
1741,247479,40.808992042,5857735020,A,True,ok,2.0828271487577523,1.7650058463055434,0.08530793457272941,True,False
1741,247479,40.808992042,5857735020,B,True,ok,2.0896580322036638,1.752536688186255,0.07253749427023048,True,False
1742,247480,40.832135898,5857758019,A,True,ok,2.077396790714468,1.7431357817639326,0.064381424520104,True,False
1742,247480,40.832135898,5857758019,B,True,ok,2.0892791731158407,1.7512059265621647,0.0712095749809906,True,False
1743,247481,40.871139797,5857797020,A,True,ok,2.090422839308278,1.7342958877480676,0.054297534192920716,True,False
1743,247481,40.871139797,5857797020,B,True,ok,2.089524177355037,1.7496993435503199,0.0697009677015677,True,False
1744,247482,40.894144161,5857820019,A,True,ok,2.0999833694844314,1.7528793827438558,0.07355998977289294,True,False
1744,247482,40.894144161,5857820019,B,True,ok,2.0902587561019086,1.7504628771822246,0.07046335228696937,True,False
1745,247483,40.91615061,5857842020,A,True,ok,2.0896730505111547,1.7264521213807165,0.046453271970196865,True,False
1745,247483,40.91615061,5857842020,B,True,ok,2.091661356455472,1.747625009966799,0.06764541431820639,True,False
1746,247484,40.938067136,5857864019,A,True,ok,2.0996356436122965,1.7619678041412428,0.08253221518631582,True,False
1746,247484,40.938067136,5857864019,B,True,ok,2.0929426778656004,1.7483679268224461,0.06843122657836882,True,False
1747,247485,40.960144019,5857886019,A,True,ok,2.079994553117913,1.7482667686713667,0.06899609171641652,True,False
1747,247485,40.960144019,5857886019,B,True,ok,2.0931216256059555,1.7480659258508982,0.06813746992928144,True,False
1748,247486,40.982005312,5857908020,A,True,ok,2.1047659554183453,1.7603647284133643,0.08170999334457435,True,False
1748,247486,40.982005312,5857908020,B,True,ok,2.0954348338699287,1.7493715845289495,0.06958415163850828,True,False
1749,247487,41.010113622,5857936020,A,True,ok,2.0777091355362987,1.7397170592731792,0.060968783139418815,True,False
1749,247487,41.010113622,5857936020,B,True,ok,2.0932551552487224,1.7480098097067234,0.06808766593178253,True,False
1750,247488,41.042100788,5857968020,A,True,ok,2.103152803733263,1.7478458245733606,0.06910898753479877,True,False
1750,247488,41.042100788,5857968020,B,True,ok,2.0949445940291422,1.7484490347316344,0.06862739515532794,True,False
1751,247489,41.059079133,5857985019,A,True,ok,2.087709666046569,1.7158108700865495,0.03588403608812659,True,False
1751,247489,41.059079133,5857985019,B,True,ok,2.094610015688684,1.7447714271933756,0.064935275662129,True,False
1752,247490,41.081113903,5858007020,A,True,ok,2.105770120093131,1.7569649731362051,0.07856401070215657,True,False
1752,247490,41.081113903,5858007020,B,True,ok,2.0963280317233894,1.747552230148228,0.06784797552979309,True,False
1753,247491,41.103379111,5858029020,A,True,ok,2.0804430630874537,1.7458020287380542,0.06649242084022892,True,False
1753,247491,41.103379111,5858029020,B,True,ok,2.094263036931951,1.747169236681578,0.06730438202872858,True,False
1754,247492,41.126108588,5858052019,A,True,ok,2.0985246604700376,1.7502036211026522,0.07071929193688367,True,False
1754,247492,41.126108588,5858052019,B,True,ok,2.0956014905100284,1.7473329036601732,0.06756549867531594,True,False
1755,247493,41.148129501,5858074020,A,True,ok,2.0864957428950857,1.7521403042204011,0.07222536473337725,True,False
1755,247493,41.148129501,5858074020,B,True,ok,2.094938930052626,1.7475876771441368,0.06776789159922868,True,False
1756,247494,41.17019128,5858096020,A,True,ok,2.098130556271709,1.743694393814286,0.06421122759032707,True,False
1756,247494,41.17019128,5858096020,B,True,ok,2.0963786467351633,1.7472866121779336,0.06758827792269646,True,False
1757,247495,41.193146842,5858119020,A,True,ok,2.0883843936358306,1.7593711192487151,0.07938756045324552,True,False
1757,247495,41.193146842,5858119020,B,True,ok,2.096646643977945,1.7480667385674926,0.06839048746269433,True,False
1758,247496,41.215146219,5858141020,A,True,ok,2.0842333693864865,1.7365254815148776,0.056818870889181604,True,False
1758,247496,41.215146219,5858141020,B,True,ok,2.0960724463318114,1.746254686343548,0.06653238359576982,True,False
1759,247497,41.237107643,5858163020,A,True,ok,2.1075594682861953,1.760495361214801,0.08238833718188042,True,False
1759,247497,41.237107643,5858163020,B,True,ok,2.098953733337471,1.747026964267535,0.06762235783821761,True,False
1760,247498,41.259148013,5858185020,A,True,ok,2.0756199276022596,1.7313111753699724,0.053288114997739576,True,False
1760,247498,41.259148013,5858185020,B,True,ok,2.097676342535988,1.7445933062363512,0.06504783966645532,True,False
1761,247499,41.28218233,5858208020,A,True,ok,2.0961520809193672,1.7730194342284435,0.09322265413416521,True,False
1761,247499,41.28218233,5858208020,B,True,ok,2.0983085423321493,1.7480927417679186,0.06859776495745015,True,False
1762,247500,41.304421265,5858230019,A,True,ok,2.0731801336031155,1.7487846488315526,0.07081126902187998,True,False
1762,247500,41.304421265,5858230019,B,True,ok,2.0958936467155214,1.7475201628259553,0.06777689473302025,True,False
1763,247501,41.326006071,5858252020,A,True,ok,2.084584774666488,1.7768858815760304,0.09703709967933563,True,False
1763,247501,41.326006071,5858252020,B,True,ok,2.094851464715642,1.751054990795514,0.0712204214171589,True,False
1764,247502,41.378125267,5858304020,A,True,ok,2.094415049609879,1.777168734505575,0.09726898595375943,True,False
1764,247502,41.378125267,5858304020,B,True,ok,2.096359872441771,1.7530235334422515,0.07329996189540093,True,False
1765,247503,41.400089859,5858326019,A,True,ok,2.0945721125215964,1.738075567485993,0.058255263725523226,True,False
1765,247503,41.400089859,5858326019,B,True,ok,2.0962490212017326,1.7516042377787098,0.0718764017870241,True,False
1766,247504,41.422279417,5858348019,A,True,ok,2.0970590340123367,1.7613903577171794,0.08169590130794671,True,False
1766,247504,41.422279417,5858348019,B,True,ok,2.0962744994974885,1.7540222821011044,0.0742877351344048,True,False
1767,247505,41.44517805,5858371019,A,True,ok,2.0886278449591416,1.7398250778421,0.05984081172802965,True,False
1767,247505,41.44517805,5858371019,B,True,ok,2.0952724795734294,1.7532611275089076,0.07345060819849392,True,False
1768,247506,41.467179059,5858393020,A,True,ok,2.0973844689885484,1.7601871306409147,0.0805264323229706,True,False
1768,247506,41.467179059,5858393020,B,True,ok,2.0960317171928984,1.7541874822269095,0.07443227882755656,True,False
1769,247507,41.489097762,5858415019,A,True,ok,2.07145944143857,1.7498196223246911,0.07223940734344603,True,False
1769,247507,41.489097762,5858415019,B,True,ok,2.0931114931903356,1.7541953192898039,0.07426053322182287,True,False
1770,247508,41.522142364,5858448020,A,True,ok,2.0910982055345193,1.7532199047393147,0.07322814011997282,True,False
1770,247508,41.522142364,5858448020,B,True,ok,2.093216992670487,1.7553108903133936,0.07537956779949047,True,False
1771,247509,41.539177703,5858465019,A,True,ok,2.0847353133813042,1.7440269080543997,0.06424299090328563,True,False
1771,247509,41.539177703,5858465019,B,True,ok,2.0922769209815315,1.7539172659885731,0.07395232640276853,True,False
1772,247510,41.561163384,5858487020,A,True,ok,2.0755762192359,1.7579457506381657,0.07926907022337236,True,False
1772,247510,41.561163384,5858487020,B,True,ok,2.09125550873096,1.7555142523953957,0.07552468879120955,True,False
1773,247511,41.58417802,5858510020,A,True,ok,2.0834189413149016,1.753926849793594,0.07421919868754534,True,False
1773,247511,41.58417802,5858510020,B,True,ok,2.0905394342333183,1.7555266839054597,0.07552861028145107,True,False
1774,247512,41.606153076,5858532019,A,True,ok,2.088249280240849,1.7670051681186607,0.08702278034532973,True,False
1774,247512,41.606153076,5858532019,B,True,ok,2.0896012937662802,1.7581028858804784,0.0781039035485413,True,False
1775,247513,41.628161605,5858554020,A,True,ok,2.1012759029246606,1.7485921147167773,0.06951276277120572,True,False
1775,247513,41.628161605,5858554020,B,True,ok,2.0903282329335156,1.7575046449565563,0.07750533998829054,True,False
1776,247514,41.650027314,5858576020,A,True,ok,2.081854229863398,1.7641546742317926,0.08454799090562416,True,False
1776,247514,41.650027314,5858576020,B,True,ok,2.0899291795329584,1.7589431002881426,0.07894313205493118,True,False
1777,247515,41.673178466,5858599020,A,True,ok,2.0807541001924212,1.7832122680709477,0.10362557089638137,True,False
1777,247515,41.673178466,5858599020,B,True,ok,2.0888385573810715,1.7616286444014364,0.08163690670140086,True,False
1778,247516,41.701176405,5858627020,A,True,ok,2.10009533312654,1.7513086130711604,0.07201967820719761,True,False
1778,247516,41.701176405,5858627020,B,True,ok,2.090558198338036,1.7616266056334366,0.08162851421299537,True,False
1779,247517,41.723113476,5858649020,A,True,ok,2.096282220537085,1.7309177584738034,0.05130384413348726,True,False
1779,247517,41.723113476,5858649020,B,True,ok,2.09142831238569,1.757506493012995,0.07751965257561842,True,False
1780,247518,41.745145878,5858671020,A,True,ok,2.0874905582391863,1.7485487962516975,0.06859471383064189,True,False
1780,247518,41.745145878,5858671020,B,True,ok,2.0916489081009466,1.757406737025812,0.0774242974453665,True,False
1781,247519,41.768338535,5858694019,A,True,ok,2.095443461641473,1.718929747030473,0.03930847845565652,True,False
1781,247519,41.768338535,5858694019,B,True,ok,2.0917957622597916,1.7533140454511078,0.07333603495213525,True,False
1782,247520,41.790143986,5858716020,A,True,ok,2.0856712108146755,1.7470958207388507,0.06723531495003932,True,False
1782,247520,41.790143986,5858716020,B,True,ok,2.092086374601694,1.753337925562661,0.07336759696768748,True,False
1783,247521,41.812188804,5858738019,A,True,ok,2.0794078180907385,1.7336368867012717,0.054672753109789037,True,False
1783,247521,41.812188804,5858738019,B,True,ok,2.090361625613386,1.750715277246375,0.07071620188553643,True,False
1784,247522,41.834154996,5858760019,A,True,ok,2.097848160993173,1.7573426513711587,0.07773981831786962,True,False
1784,247522,41.834154996,5858760019,B,True,ok,2.0911572407409937,1.7519234541468858,0.07193276348474181,True,False
1785,247523,41.857107391,5858783020,A,True,ok,2.0861090336714376,1.7364439630689075,0.05657791606178335,True,False
1785,247523,41.857107391,5858783020,B,True,ok,2.091615650560258,1.7476105447114403,0.06762984609557038,True,False
1786,247524,41.898095951,5858824020,A,True,ok,2.0965791557029054,1.762142472015267,0.08240552771836367,True,False
1786,247524,41.898095951,5858824020,B,True,ok,2.0924372663330453,1.7487914088083139,0.06883457120525097,True,False
1787,247525,41.920182338,5858846020,A,True,ok,2.092629256980991,1.7573916557649343,0.07743630527285109,True,False
1787,247525,41.920182338,5858846020,B,True,ok,2.0934131286946145,1.7491817758992567,0.06926591921039515,True,False
1788,247526,41.942145202,5858868019,A,True,ok,2.0955597919193645,1.7472376509892296,0.06746712530363276,True,False
1788,247526,41.942145202,5858868019,B,True,ok,2.0940688770959057,1.7485337978291315,0.06865447695311552,True,False
1789,247527,41.965162303,5858891020,A,True,ok,2.0932158716737894,1.7817150820961707,0.10176590665076904,True,False
1789,247527,41.965162303,5858891020,B,True,ok,2.0948100650994634,1.7519125733546128,0.07207326087214075,True,False
1790,247528,41.987144431,5858913020,A,True,ok,2.0853974183790354,1.7582434956944861,0.07837874951841678,True,False
1790,247528,41.987144431,5858913020,B,True,ok,2.094396863595135,1.752850581658176,0.0729831463929092,True,False
1791,247529,42.009167392,5858935020,A,True,ok,2.097996069196213,1.76776721081129,0.08813070075849885,True,False
1791,247529,42.009167392,5858935020,B,True,ok,2.095338649793793,1.7532245119629573,0.07341886905853322,True,False
1792,247530,42.037190324,5858963020,A,True,ok,2.1008277188875724,1.7482762049891074,0.06912944136923803,True,False
1792,247530,42.037190324,5858963020,B,True,ok,2.0980219067160153,1.752961034441059,0.07340070526956724,True,False
1793,247531,42.059038944,5858985020,A,True,ok,2.1005073974486628,1.7415502940991785,0.06244072473025552,True,False
1793,247531,42.059038944,5858985020,B,True,ok,2.0984739611734144,1.750088443311235,0.07059885200030336,True,False
1794,247532,42.08114642,5859007020,A,True,ok,2.0790404518603296,1.7524266774234565,0.07325117949922158,True,False
1794,247532,42.08114642,5859007020,B,True,ok,2.097209225595581,1.750702991223595,0.07106958492668815,True,False
1795,247533,42.104180289,5859030020,A,True,ok,2.0915735050231734,1.7368499681693343,0.05687173989700234,True,False
1795,247533,42.104180289,5859030020,B,True,ok,2.096720660008631,1.7487555558683232,0.06908323771881092,True,False
1796,247534,42.126163665,5859052019,A,True,ok,2.073843324317678,1.7536467142250907,0.07539812123160568,True,False
1796,247534,42.126163665,5859052019,B,True,ok,2.09435797873373,1.7503395087845564,0.07047438169076997,True,False
1797,247535,42.148173539,5859074020,A,True,ok,2.0793344791662567,1.750628030517993,0.07142878992049062,True,False
1797,247535,42.148173539,5859074020,B,True,ok,2.093140954148414,1.7502094379683164,0.0702796611601772,True,False
1798,247536,42.170159891,5859096019,A,True,ok,2.0990765389314316,1.7548504581104691,0.07539877080112713,True,False
1798,247536,42.170159891,5859096019,B,True,ok,2.0938746977877507,1.7517522375154295,0.07185678027449478,True,False
1799,247537,42.193154015,5859119020,A,True,ok,2.0974583735934313,1.7461021963012469,0.066521633266989,True,False
1799,247537,42.193154015,5859119020,B,True,ok,2.0950654012034864,1.7504514230365893,0.07063328745876661,True,False
1800,247538,42.215149871,5859141020,A,True,ok,2.09723243595753,1.746221343544919,0.06661512193769495,True,False
1800,247538,42.215149871,5859141020,B,True,ok,2.096557459799561,1.7504800824359128,0.07078447781255387,True,False
1801,247539,42.237195074,5859163019,A,True,ok,2.0796281959897924,1.7441457355536631,0.06497884046477474,True,False
1801,247539,42.237195074,5859163019,B,True,ok,2.0955154643462,1.7485709248270476,0.06879238387053338,True,False
1802,247540,42.260195437,5859186020,A,True,ok,2.0930673028703755,1.7590915460951402,0.07915100132416714,True,False
1802,247540,42.260195437,5859186020,B,True,ok,2.0961272090321788,1.74990232248427,0.07017034544035611,True,False
1803,247541,42.282202622,5859208020,A,True,ok,2.0633848101513217,1.7596358301193604,0.08396567018419387,True,False
1803,247541,42.282202622,5859208020,B,True,ok,2.0920479936590164,1.7508228493443014,0.07085245420783248,True,False
1804,247542,42.303965673,5859230020,A,True,ok,2.0864611462625464,1.7678182644004212,0.08788953890012957,True,False
1804,247542,42.303965673,5859230020,B,True,ok,2.091937656094255,1.7533566311031408,0.07338221745042796,True,False
1805,247543,42.326167583,5859252020,A,True,ok,2.093206732649445,1.7563563964979159,0.07642370326300581,True,False
1805,247543,42.326167583,5859252020,B,True,ok,2.0929508355878483,1.7534629775795714,0.0735222177679858,True,False
1806,247544,42.348167312,5859274019,A,True,ok,2.0767905714226824,1.7682780206884658,0.08926084214263534,True,False
1806,247544,42.348167312,5859274019,B,True,ok,2.0913117801890677,1.7547782616703471,0.07478976658409454,True,False
1807,247545,42.400159817,5859326019,A,True,ok,2.0997568357535212,1.759333268270405,0.07993099085076612,True,False
1807,247545,42.400159817,5859326019,B,True,ok,2.090299216911431,1.756878794774063,0.07687937705700135,True,False
1808,247546,42.422177563,5859348020,A,True,ok,2.0819738165716646,1.7505127367483293,0.07096806087363866,True,False
1808,247546,42.422177563,5859348020,B,True,ok,2.090054802069419,1.7565886344406194,0.07658865404709536,True,False
1809,247547,42.445197671,5859371020,A,True,ok,2.1000363071093537,1.7635247746767464,0.08412559328286805,True,False
1809,247547,42.445197671,5859371020,B,True,ok,2.0912643062741676,1.758097043588809,0.07810727679075265,True,False
1810,247548,42.467164535,5859393020,A,True,ok,2.0707728421320217,1.7568619402043397,0.07923030639632575,True,False
1810,247548,42.467164535,5859393020,B,True,ok,2.08909552600094,1.7600160513832588,0.08002116315190186,True,False
1811,247549,42.489113062,5859415019,A,True,ok,2.0969552963751554,1.7387687803589496,0.059178929464334805,True,False
1811,247549,42.489113062,5859415019,B,True,ok,2.0899568236815416,1.7590170722868192,0.07901708408296844,True,False
1812,247550,42.511222426,5859437019,A,True,ok,2.095316413626539,1.7444438632309924,0.06466278498474466,True,False
1812,247550,42.511222426,5859437019,B,True,ok,2.0907680373348407,1.7573345223920882,0.07733833612743496,True,False
1813,247551,42.533960447,5859460020,A,True,ok,2.0936190263945633,1.7484215592291679,0.06851720309086676,True,False
1813,247551,42.533960447,5859460020,B,True,ok,2.091712246073974,1.7557464023080578,0.07576575248245074,True,False
1814,247552,42.55617567,5859482020,A,True,ok,2.09961149778673,1.745877720764823,0.06657518293532752,True,False
1814,247552,42.55617567,5859482020,B,True,ok,2.092525464272606,1.754543706539177,0.07458647433946147,True,False
1815,247553,42.578159046,5859504019,A,True,ok,2.0786514278102604,1.7281589871654581,0.04947805711169847,True,False
1815,247553,42.578159046,5859504019,B,True,ok,2.0920481077798994,1.7503560367383952,0.07038584126805983,True,False
1816,247554,42.600186616,5859526020,A,True,ok,2.097234221191488,1.7508546207586717,0.07122296847999653,True,False
1816,247554,42.600186616,5859526020,B,True,ok,2.092014313755201,1.7492248571981222,0.06925415737704708,True,False
1817,247555,42.62304144,5859549020,A,True,ok,2.0691449096266483,1.75610440452461,0.07891017160370478,True,False
1817,247555,42.62304144,5859549020,B,True,ok,2.0901514300045902,1.7499357477012267,0.06993591164470467,True,False
1818,247556,42.645172052,5859571020,A,True,ok,2.0848349171270217,1.7634583430429842,0.08361801901842195,True,False
1818,247556,42.645172052,5859571020,B,True,ok,2.08900672830077,1.750163480586896,0.070170510876979,True,False
1819,247557,42.66699344,5859593019,A,True,ok,2.0775085580877106,1.7269730542720103,0.048605595857774735,True,False
1819,247557,42.66699344,5859593019,B,True,ok,2.0884874848630486,1.7471760059598045,0.06719303147463436,True,False
1820,247558,42.689053907,5859615020,A,True,ok,2.1002671551993757,1.7622408982051259,0.08287930871739914,True,False
1820,247558,42.689053907,5859615020,B,True,ok,2.08980198418025,1.7484592607963254,0.06845954717235703,True,False
1821,247559,42.717210377,5859643020,A,True,ok,2.0831031727797873,1.7337374529250358,0.05417822507775526,True,False
1821,247559,42.717210377,5859643020,B,True,ok,2.0892830770101845,1.7463465448372226,0.06635041816304496,True,False
1822,247560,42.73918857,5859665020,A,True,ok,2.1022441178059457,1.749807061994316,0.07087273329796281,True,False
1822,247560,42.73918857,5859665020,B,True,ok,2.091397139869681,1.7459168505819476,0.06593165545061236,True,False
1823,247561,42.76117585,5859687020,A,True,ok,2.086533151194032,1.7326017822260695,0.05271590399492634,True,False
1823,247561,42.76117585,5859687020,B,True,ok,2.0915986728002807,1.7455540134807803,0.06557350408633576,True,False
1824,247562,42.784192023,5859710019,A,True,ok,2.10255715630825,1.747143298305659,0.0683074277213872,True,False
1824,247562,42.784192023,5859710019,B,True,ok,2.0932215434275596,1.745684651349124,0.06576360516966537,True,False
1825,247563,42.805969825,5859732020,A,True,ok,2.089284671992922,1.756067119941465,0.0760704833055959,True,False
1825,247563,42.805969825,5859732020,B,True,ok,2.093453163454094,1.7471262712220648,0.0672150327383607,True,False
1826,247564,42.828182456,5859754019,A,True,ok,2.0733242923040978,1.755650662644923,0.07746677988515555,True,False
1826,247564,42.828182456,5859754019,B,True,ok,2.09178405591604,1.7478787661103232,0.06790220721133836,True,False
1827,247565,42.850058406,5859776020,A,True,ok,2.095908100743103,1.7595149987272254,0.07973418762978224,True,False
1827,247565,42.850058406,5859776020,B,True,ok,2.093520945087013,1.74915632782717,0.06924590047681364,True,False
1828,247566,42.87317378,5859799019,A,True,ok,2.0728732567880597,1.742954710013658,0.06524278386114066,True,False
1828,247566,42.87317378,5859799019,B,True,ok,2.0913694257075046,1.747563354917722,0.06757723177599437,True,False
1829,247567,42.914160485,5859840019,A,True,ok,2.1049923993504147,1.7637257546881986,0.08505747490015642,True,False
1829,247567,42.914160485,5859840019,B,True,ok,2.0939506375873957,1.7477413617290363,0.06785646340807258,True,False
1830,247568,42.936461182,5859862020,A,True,ok,2.092084548975759,1.7512383546095094,0.07126884671371184,True,False
1830,247568,42.936461182,5859862020,B,True,ok,2.093474078649221,1.7478641398943868,0.06795300365742407,True,False
1831,247569,42.958134406,5859884019,A,True,ok,2.1020676168679118,1.7570757074602568,0.0780146912918958,True,False
1831,247569,42.958134406,5859884019,B,True,ok,2.0951665690960395,1.749390742973449,0.0695828186166055,True,False
1832,247570,42.981176531,5859907019,A,True,ok,2.0898339609537215,1.751405460626825,0.07140565367177835,True,False
1832,247570,42.981176531,5859907019,B,True,ok,2.0951447337993874,1.748919389874956,0.0691111466161773,True,False
1833,247571,43.00318778,5859929020,A,True,ok,2.0891757878273585,1.7316973721026387,0.05170394190024806,True,False
1833,247571,43.00318778,5859929020,B,True,ok,2.096407286182021,1.7471902477997878,0.06749505697171622,True,False
1834,247572,43.025104147,5859951020,A,True,ok,2.0970625596569237,1.7674030062545039,0.08768788543027173,True,False
1834,247572,43.025104147,5859951020,B,True,ok,2.0967071639866166,1.747515962691926,0.06784829597684039,True,False
1835,247573,43.053120966,5859979019,A,True,ok,2.09810308878061,1.7385688464618445,0.05912672681332507,True,False
1835,247573,43.053120966,5859979019,B,True,ok,2.0981713802147897,1.7464655614907971,0.06696597881687089,True,False
1836,247574,43.075168984,5860001020,A,True,ok,2.1187066173759566,1.7609522681848135,0.08589144081592509,True,False
1836,247574,43.075168984,5860001020,B,True,ok,2.100497981094594,1.7480878879824318,0.06889243860519553,True,False
1837,247575,43.097165449,5860023019,A,True,ok,2.0889504671417414,1.744853295627274,0.06486178746333751,True,False
1837,247575,43.097165449,5860023019,B,True,ok,2.0998914664456856,1.7483728985928624,0.06908468984106375,True,False
1838,247576,43.120223414,5860046019,A,True,ok,2.102192586590697,1.7459929211955516,0.06710979671921186,True,False
1838,247576,43.120223414,5860046019,B,True,ok,2.100977752187425,1.7485519993072711,0.06942541070899494,True,False
1839,247577,43.142209543,5860068020,A,True,ok,2.0887877841839346,1.7586999596158774,0.07870929494491402,True,False
1839,247577,43.142209543,5860068020,B,True,ok,2.0997555397884025,1.7509172658998196,0.071585118280749,True,False
1840,247578,43.164471263,5860090020,A,True,ok,2.0799928100839753,1.7688214115420002,0.0893833709273082,True,False
1840,247578,43.164471263,5860090020,B,True,ok,2.098642672518888,1.7530232321361483,0.07353290569451582,True,False
1841,247579,43.186171336,5860112019,A,True,ok,2.075784737387257,1.7535940900588103,0.0749544113627312,True,False
1841,247579,43.186171336,5860112019,B,True,ok,2.0967391789372014,1.7532200752152884,0.07352955832371175,True,False
1842,247580,43.209182452,5860135019,A,True,ok,2.0787864960807396,1.7481420861986945,0.06905857355649321,True,False
1842,247580,43.209182452,5860135019,B,True,ok,2.095895421588055,1.7534881672256795,0.07372426139264027,True,False
1843,247581,43.23095411,5860157020,A,True,ok,2.086622272664613,1.7647773364369446,0.08484459803249185,True,False
1843,247581,43.23095411,5860157020,B,True,ok,2.095016554414707,1.7551945683888865,0.07536172061057697,True,False
1844,247582,43.252969648,5860179020,A,True,ok,2.089878367326137,1.722877455392642,0.04287762791311296,True,False
1844,247582,43.252969648,5860179020,B,True,ok,2.095496977549235,1.752728266346516,0.07293570790735207,True,False
1845,247583,43.276199106,5860202020,A,True,ok,2.0978202492675577,1.7540688039384351,0.07448049419463522,True,False
1845,247583,43.276199106,5860202020,B,True,ok,2.0952238409742687,1.7537423208308296,0.07392711543162944,True,False
1846,247584,43.298188114,5860224019,A,True,ok,2.07863005347042,1.7461583258231441,0.06712823370093102,True,False
1846,247584,43.298188114,5860224019,B,True,ok,2.0943207938388193,1.7526877832255277,0.07281609087034877,True,False
1847,247585,43.320189859,5860246019,A,True,ok,2.0992863566901083,1.7678638495612862,0.08835322563610375,True,False
1847,247585,43.320189859,5860246019,B,True,ok,2.0955180444737698,1.754539737121774,0.07474370358095504,True,False
1848,247586,43.34217698,5860268020,A,True,ok,2.0791783299577085,1.7605778396031813,0.08130127168513568,True,False
1848,247586,43.34217698,5860268020,B,True,ok,2.0945076915651177,1.755604237067198,0.07573849711843592,True,False
1849,247587,43.364181189,5860290020,A,True,ok,2.0857786906689317,1.77464527941142,0.09473937073537243,True,False
1849,247587,43.364181189,5860290020,B,True,ok,2.0945653695478406,1.757990390210205,0.07812389880342889,True,False
1850,247588,43.41618259,5860342020,A,True,ok,2.098144562403949,1.7722978844540442,0.0926565344238815,True,False
1850,247588,43.41618259,5860342020,B,True,ok,2.0936994713273793,1.7602175198261676,0.08030278061912739,True,False
1851,247589,43.438191567,5860364020,A,True,ok,2.0800768423626903,1.7522134622146728,0.07289206529194296,True,False
1851,247589,43.438191567,5860364020,B,True,ok,2.09221670329003,1.760999097061437,0.08102942365736132,True,False
1853,247590,43.461202204,5860387019,A,True,ok,2.0909391461859093,1.7759633621130306,0.09596795748370995,True,False
1853,247590,43.461202204,5860387019,B,True,ok,2.0909766918746686,1.7624207825290383,0.08242656925844412,True,False
1854,247591,43.483186348,5860409020,A,True,ok,2.0800119947238014,1.73764138881356,0.058500341484074916,True,False
1854,247591,43.483186348,5860409020,B,True,ok,2.0904383149565597,1.7604523954912514,0.0804535894804072,True,False
1855,247592,43.50522531,5860431020,A,True,ok,2.101190311179224,1.7437093075167303,0.06468461121896908,True,False
1855,247592,43.50522531,5860431020,B,True,ok,2.091581631471396,1.7576956812096967,0.0777117779795967,True,False
1856,247593,43.527217839,5860453020,A,True,ok,2.092496971657765,1.7396087551806563,0.05966103051110588,True,False
1856,247593,43.527217839,5860453020,B,True,ok,2.0923294932844616,1.756086833902994,0.07612248572100207,True,False
1857,247594,43.550207194,5860476020,A,True,ok,2.0995763792122206,1.7621570422395803,0.08271327963738614,True,False
1857,247594,43.550207194,5860476020,B,True,ok,2.0932987172742825,1.7559009149704847,0.07597256365960288,True,False
1858,247595,43.572189803,5860498020,A,True,ok,2.0953697110736282,1.7517574038143051,0.07195803498695269,True,False
1858,247595,43.572189803,5860498020,B,True,ok,2.093907810276764,1.7549758654156993,0.07507763565797904,True,False
1859,247596,43.594206428,5860520019,A,True,ok,2.0891797949321886,1.758482356196412,0.07848664198762594,True,False
1859,247596,43.594206428,5860520019,B,True,ok,2.09471573712802,1.75538917118431,0.07553651639119838,True,False
1860,247597,43.617073764,5860543019,A,True,ok,2.1010531543277926,1.7502685219274612,0.07113253400845569,True,False
1860,247597,43.617073764,5860543019,B,True,ok,2.095301504788304,1.7544837842094492,0.07467221747865943,True,False
1861,247598,43.639174456,5860565020,A,True,ok,2.073601314109916,1.7610987201194805,0.08274007072718446,True,False
1861,247598,43.639174456,5860565020,B,True,ok,2.0930848365496515,1.756499563283704,0.07656173586809209,True,False
1862,247599,43.661202985,5860587020,A,True,ok,2.095852366818372,1.7690777852534219,0.08926982705837137,True,False
1862,247599,43.661202985,5860587020,B,True,ok,2.092688404094186,1.7571163461550483,0.07716319304486356,True,False
1863,247600,43.683224795,5860609020,A,True,ok,2.0798251508641257,1.7460896868191322,0.06686833524762516,True,False
1863,247600,43.683224795,5860609020,B,True,ok,2.0912821933785737,1.7565914567248122,0.07660218837010369,True,False
1864,247601,43.706187526,5860632020,A,True,ok,2.102899671645635,1.7738475006325325,0.09472990501176701,True,False
1864,247601,43.706187526,5860632020,B,True,ok,2.092779715151063,1.7590446621219402,0.07909352328915908,True,False
1865,247602,43.734163448,5860660019,A,True,ok,2.1026579371315974,1.7656813987059445,0.08661134715864037,True,False
1865,247602,43.734163448,5860660019,B,True,ok,2.0941547157152978,1.7600234149175114,0.08013119615814512,True,False
1866,247603,43.756171657,5860682020,A,True,ok,2.0839142972439353,1.7455326656851125,0.06581463400970862,True,False
1866,247603,43.756171657,5860682020,B,True,ok,2.09388401395762,1.75890263208765,0.07899817032553379,True,False
1867,247604,43.778199386,5860704019,A,True,ok,2.0996770176937067,1.765803958641359,0.08634792406290014,True,False
1867,247604,43.778199386,5860704019,B,True,ok,2.0947610146533044,1.7599950743570183,0.08013662821652703,True,False
1868,247605,43.801183686,5860727020,A,True,ok,2.0850020896249104,1.750028061006386,0.07020618517218812,True,False
1868,247605,43.801183686,5860727020,B,True,ok,2.0942572436015956,1.7581942079669555,0.07831001393604026,True,False
1869,247606,43.823190295,5860749019,A,True,ok,2.084059274160572,1.7593690600150031,0.07959107934413522,True,False
1869,247606,43.823190295,5860749019,B,True,ok,2.093650106792795,1.7591843075124347,0.07926839115197584,True,False
1870,247607,43.845210728,5860771020,A,True,ok,2.108837931886198,1.7504631751228585,0.07293782781344448,True,False
1870,247607,43.845210728,5860771020,B,True,ok,2.095544081467656,1.758008887287753,0.07820564771928802,True,False
1871,247608,43.867276923,5860793020,A,True,ok,2.102237849986179,1.7589097811859213,0.07985310600780797,True,False
1871,247608,43.867276923,5860793020,B,True,ok,2.0980880478197297,1.7581410669750386,0.07855853146241795,True,False
1872,247609,43.890201445,5860816020,A,True,ok,2.097595442158869,1.7493634931696518,0.0697781120859906,True,False
1872,247609,43.890201445,5860816020,B,True,ok,2.0993608926643437,1.7571303066584447,0.07769627093174483,True,False
1873,247610,43.929079421,5860855020,A,True,ok,2.09704834197088,1.7715147101166622,0.09178573577781676,True,False
1873,247610,43.929079421,5860855020,B,True,ok,2.1015707802057535,1.7584473432778531,0.07929608200865411,True,False
1874,247611,43.95207492,5860878020,A,True,ok,2.090683551716653,1.7426717292926686,0.06267545688292091,True,False
1874,247611,43.95207492,5860878020,B,True,ok,2.1012994628036186,1.7564728895626631,0.07730317391746372,True,False
1875,247612,43.974195772,5860900020,A,True,ok,2.0935785866308048,1.7756093101832136,0.09567625868513113,True,False
1875,247612,43.974195772,5860900020,B,True,ok,2.100688532287488,1.7592224121997841,0.07994019838112236,True,False
1876,247613,43.996202734,5860922019,A,True,ok,2.0872584878163187,1.7577096277709987,0.07775797153578824,True,False
1876,247613,43.996202734,5860922019,B,True,ok,2.0997015605456832,1.7597876042875633,0.08037525785321227,True,False
1877,247614,44.018218047,5860944020,A,True,ok,2.0806355014868374,1.751216426142431,0.0718294729543755,True,False
1877,247614,44.018218047,5860944020,B,True,ok,2.097656249769006,1.7586761593050322,0.07904780960606195,True,False
1878,247615,44.041219627,5860967020,A,True,ok,2.0899731910559805,1.7723497018893968,0.09234970578068967,True,False
1878,247615,44.041219627,5860967020,B,True,ok,2.096336521476989,1.760059136995449,0.08030950703923186,True,False
1879,247616,44.069210877,5860995020,A,True,ok,2.0926914319781504,1.7426306232113618,0.06268842612425825,True,False
1879,247616,44.069210877,5860995020,B,True,ok,2.0966610617669827,1.7575480327025905,0.07783358606607832,True,False
1880,247617,44.091204174,5861017019,A,True,ok,2.088884316383713,1.7628033044082707,0.08281082037306722,True,False
1880,247617,44.091204174,5861017019,B,True,ok,2.096087949961192,1.7565512682564977,0.07679296716762712,True,False
1881,247618,44.113203743,5861039019,A,True,ok,2.072164652724117,1.7527296171578848,0.07488455664810899,True,False
1881,247618,44.113203743,5861039019,B,True,ok,2.0940506801566583,1.75732477472877,0.07743080005131402,True,False
1882,247619,44.136229899,5861062020,A,True,ok,2.0983935895228503,1.7521015287076707,0.07258844802763846,True,False
1882,247619,44.136229899,5861062020,B,True,ok,2.0945657264226636,1.7563543159789785,0.0764907015681273,True,False
1883,247620,44.158201819,5861084020,A,True,ok,2.0846100415135904,1.768243869382117,0.08840832616905123,True,False
1883,247620,44.158201819,5861084020,B,True,ok,2.093142567012364,1.758483909841401,0.07854680026213898,True,False
1884,247621,44.180232365,5861106019,A,True,ok,2.0932403456791144,1.7615235225533719,0.08158789474934561,True,False
1884,247621,44.180232365,5861106019,B,True,ok,2.0938103555800325,1.7590889125584135,0.07918064725246106,True,False
1885,247622,44.202242718,5861128020,A,True,ok,2.097662279384644,1.7625981586382256,0.08295279582867493,True,False
1885,247622,44.202242718,5861128020,B,True,ok,2.0945769336433537,1.759531837795433,0.07966342664419311,True,False
1886,247623,44.225223882,5861151019,A,True,ok,2.0883191111194304,1.7523111520631074,0.07233068574348422,True,False
1886,247623,44.225223882,5861151019,B,True,ok,2.0944953968107076,1.7597594948169475,0.07988607892455608,True,False
1887,247624,44.247882124,5861173020,A,True,ok,2.1105647650790114,1.7652485836437448,0.08769395974649279,True,False
1887,247624,44.247882124,5861173020,B,True,ok,2.0959155957774365,1.7604131365565037,0.0806304334867235,True,False
1888,247625,44.269271949,5861195019,A,True,ok,2.088034382033689,1.7447563622619504,0.06478618762815457,True,False
1888,247625,44.269271949,5861195019,B,True,ok,2.0953196412987176,1.759906031293212,0.08008290966603802,True,False
1889,247626,44.292253816,5861218020,A,True,ok,2.1016446952857653,1.7528161567548108,0.07374138331248961,True,False
1889,247626,44.292253816,5861218020,B,True,ok,2.0957195328576854,1.7585296191608166,0.07873762849904137,True,False
1890,247627,44.314208744,5861240020,A,True,ok,2.0707405962678544,1.7491329733070753,0.07176553929564362,True,False
1890,247627,44.314208744,5861240020,B,True,ok,2.0938928659367178,1.756855593650226,0.0769541206208603,True,False
1891,247628,44.336220185,5861262020,A,True,ok,2.0841050854270193,1.786745874467048,0.10690852039738229,True,False
1891,247628,44.336220185,5861262020,B,True,ok,2.0930056318218404,1.759234244266966,0.07929123083422086,True,False
1892,247629,44.358226666,5861284019,A,True,ok,2.07769081890546,1.7644500114085226,0.08534237145824924,True,False
1892,247629,44.358226666,5861284019,B,True,ok,2.0919796764683745,1.7602402642583836,0.08026468169235262,True,False
1893,247630,44.380232923,5861306020,A,True,ok,2.1026843139362197,1.7937176225826714,0.11442285394923296,True,False
1893,247630,44.380232923,5861306020,B,True,ok,2.0933229745357838,1.7637039695824208,0.08376990320885125,True,False
1894,247631,44.431234618,5861357019,A,True,ok,2.0886659123503044,1.7396150400463932,0.059629965534034525,True,False
1894,247631,44.431234618,5861357019,B,True,ok,2.0919411571644524,1.7611547757378843,0.08117798787974116,True,False
1895,247632,44.453225418,5861379019,A,True,ok,2.086667105937398,1.7439526912197465,0.06403947920682035,True,False
1895,247632,44.453225418,5861379019,B,True,ok,2.091476590101622,1.7598213722561453,0.07983502857256547,True,False
1896,247633,44.47576593,5861401020,A,True,ok,2.08780928746282,1.7568868005591431,0.07691800388492945,True,False
1896,247633,44.47576593,5861401020,B,True,ok,2.0906872586107923,1.7587042449408292,0.0787072455121138,True,False
1897,247634,44.497213708,5861423019,A,True,ok,2.09585132661966,1.7565658522647754,0.07678911222459442,True,False
1897,247634,44.497213708,5861423019,B,True,ok,2.0922742731748234,1.7592406509722365,0.07927328102820984,True,False
1898,247635,44.520176183,5861446020,A,True,ok,2.069421219532223,1.7457956397646652,0.0689387584569273,True,False
1898,247635,44.520176183,5861446020,B,True,ok,2.0897286798340544,1.7576993598595598,0.0776998335726521,True,False
1899,247636,44.542227529,5861468019,A,True,ok,2.087236501971682,1.7765800496312827,0.09661957828583996,True,False
1899,247636,44.542227529,5861468019,B,True,ok,2.090012129073739,1.7604322983920815,0.08043229930660489,True,False
1900,247637,44.56423001,5861490020,A,True,ok,2.1019680941662626,1.7384610431047505,0.059673518740460015,True,False
1900,247637,44.56423001,5861490020,B,True,ok,2.091130566845648,1.7572821929822313,0.07729046211231586,True,False
1901,247638,44.586227339,5861512020,A,True,ok,2.09587107430325,1.7598912359046537,0.08010667317925094,True,False
1901,247638,44.586227339,5861512020,B,True,ok,2.092229034866668,1.7579432553549779,0.07797512200547119,True,False
1902,247639,44.608240572,5861534020,A,True,ok,2.084172140190707,1.7388924494742144,0.059180102695328876,True,False
1902,247639,44.608240572,5861534020,B,True,ok,2.091271133697767,1.7553039602978155,0.07531468792614485,True,False
1903,247640,44.631181798,5861557020,A,True,ok,2.1019074656751005,1.7430915162249019,0.06420535147758918,True,False
1903,247640,44.631181798,5861557020,B,True,ok,2.092168980398943,1.7537418130255615,0.07377370442283541,True,False
1904,247641,44.653214968,5861579019,A,True,ok,2.067927130549806,1.7642613486376373,0.0871044570616152,True,False
1904,247641,44.653214968,5861579019,B,True,ok,2.0907475908509756,1.754167927077582,0.07417169472963392,True,False
1905,247642,44.67523617,5861601020,A,True,ok,2.08354130390266,1.7792437436572217,0.0994536847501295,True,False
1905,247642,44.67523617,5861601020,B,True,ok,2.0907205281386614,1.7568592002753123,0.07686257755084185,True,False
1906,247643,44.697216314,5861623019,A,True,ok,2.0785090626330356,1.758169501054731,0.07900957243725018,True,False
1906,247643,44.697216314,5861623019,B,True,ok,2.09008367970794,1.756336024745902,0.07633607061082248,True,False
1907,247644,44.720223622,5861646019,A,True,ok,2.0890148946775144,1.7804806129536201,0.10048544179149345,True,False
1907,247644,44.720223622,5861646019,B,True,ok,2.09044945778781,1.7593513263149578,0.07935259920283615,True,False
1908,247645,44.748263898,5861674020,A,True,ok,2.1028389028138945,1.7534871426007386,0.07460025169586176,True,False
1908,247645,44.748263898,5861674020,B,True,ok,2.091783364478518,1.7576863914457939,0.07770685815764503,True,False
1909,247646,44.77022209,5861696020,A,True,ok,2.0886071952172114,1.7358137781029406,0.055831153769980914,True,False
1909,247646,44.77022209,5861696020,B,True,ok,2.092309186485913,1.7561138631935334,0.07614888385571154,True,False
1910,247647,44.80223444,5861728019,A,True,ok,2.105957029681083,1.7546031055959437,0.07629056403515772,True,False
1910,247647,44.80223444,5861728019,B,True,ok,2.0945311895351293,1.7560324669379306,0.0761673664194239,True,False
1911,247648,44.819222514,5861745020,A,True,ok,2.0958862542550927,1.7433911561186355,0.06366385680441315,True,False
1911,247648,44.819222514,5861745020,B,True,ok,2.0947454579424103,1.7540347574078101,0.07418668799398238,True,False
1912,247649,44.841256516,5861767020,A,True,ok,2.10094358750394,1.746069499133127,0.06696970078444928,True,False
1912,247649,44.841256516,5861767020,B,True,ok,2.095930984238395,1.7535669113098629,0.07380560286122814,True,False
1913,247650,44.864230159,5861790019,A,True,ok,2.100445739922585,1.7505132077627807,0.07128271846336517,True,False
1913,247650,44.864230159,5861790019,B,True,ok,2.0966432244773787,1.752528218954111,0.07283182667016055,True,False
1914,247651,44.886250049,5861812020,A,True,ok,2.109133129584291,1.7538729329247,0.07631046367691999,True,False
1914,247651,44.886250049,5861812020,B,True,ok,2.0989733330931775,1.7521797400017973,0.07273538047971005,True,False
1915,247652,44.908240593,5861834019,A,True,ok,2.0953127352567167,1.739117573541837,0.05935581401499324,True,False
1915,247652,44.908240593,5861834019,B,True,ok,2.098240266755909,1.7504153106026439,0.07089582472526405,True,False
1916,247653,44.949112063,5861875019,A,True,ok,2.0985084820604945,1.7527467170909676,0.07324260450371116,True,False
1916,247653,44.949112063,5861875019,B,True,ok,2.1000017262648636,1.7486773578151544,0.06940182998126222,True,False
1917,247654,44.97119029,5861897020,A,True,ok,2.0915436447174254,1.7508906888302895,0.07090749327008099,True,False
1917,247654,44.97119029,5861897020,B,True,ok,2.0997283589401827,1.749090563790372,0.06977210741077343,True,False
1918,247655,44.993235524,5861919019,A,True,ok,2.075815249418476,1.7701304565769143,0.09123982875818584,True,False
1918,247655,44.993235524,5861919019,B,True,ok,2.0979595605985275,1.7512892129500641,0.0717321858579622,True,False
1919,247656,45.016306674,5861942020,A,True,ok,2.0872672278161155,1.7605161639285218,0.0805625266335014,True,False
1919,247656,45.016306674,5861942020,B,True,ok,2.097648365938127,1.752058216995639,0.07246298460672244,True,False
1920,247657,45.038244961,5861964020,A,True,ok,2.068965025904678,1.7587361342740602,0.08149753969055575,True,False
1920,247657,45.038244961,5861964020,B,True,ok,2.0956476806747233,1.7531674362857101,0.07338508042938366,True,False
1921,247658,45.060258578,5861986020,A,True,ok,2.092596165414704,1.7603748330616222,0.08041675114392623,True,False
1921,247658,45.060258578,5861986020,B,True,ok,2.0960689694694516,1.7530634101797502,0.07331503459397379,True,False
1922,247659,45.088105185,5862014020,A,True,ok,2.0677580674193328,1.7484935290189216,0.0720143533081344,True,False
1922,247659,45.088105185,5862014020,B,True,ok,2.0946894959169433,1.7515078387218255,0.07166144270541613,True,False
1923,247660,45.110234165,5862036020,A,True,ok,2.093980506087297,1.7745282638132602,0.09461203458472049,True,False
1923,247660,45.110234165,5862036020,B,True,ok,2.0940191619457447,1.7532936323546207,0.07340374790486129,True,False
1924,247661,45.132248166,5862058019,A,True,ok,2.1026222063169846,1.746554408046193,0.06774075082760522,True,False
1924,247661,45.132248166,5862058019,B,True,ok,2.0952876581650783,1.7539361604201207,0.07412499677261747,True,False
1925,247662,45.155234962,5862081020,A,True,ok,2.0944924639920357,1.7594684301521757,0.07959531156777373,True,False
1925,247662,45.155234962,5862081020,B,True,ok,2.0950052844146576,1.755092725251143,0.07525935329057297,True,False
1926,247663,45.177223298,5862103020,A,True,ok,2.093716349507603,1.7360111274569803,0.05613428232964913,True,False
1926,247663,45.177223298,5862103020,B,True,ok,2.0958939995248924,1.7549352012351382,0.07516663897335112,True,False
1927,247664,45.199362807,5862125019,A,True,ok,2.090162124219244,1.7496776132322016,0.06967780184534204,True,False
1927,247664,45.199362807,5862125019,B,True,ok,2.0959546084938214,1.7545719723472692,0.07480933378981924,True,False
1928,247665,45.221266117,5862147020,A,True,ok,2.102128352333468,1.742979622102691,0.06413680480443748,True,False
1928,247665,45.221266117,5862147020,B,True,ok,2.0964695237453737,1.752625111235287,0.07291269792998875,True,False
1929,247666,45.244254961,5862170020,A,True,ok,2.0806420015990357,1.7457508678361435,0.06641346817685755,True,False
1929,247666,45.244254961,5862170020,B,True,ok,2.0954097428673006,1.751094261778085,0.0712997852427424,True,False
1930,247667,45.266221057,5862192020,A,True,ok,2.0936440434418175,1.762205133547895,0.0822858616910166,True,False
1930,247667,45.266221057,5862192020,B,True,ok,2.095902667300879,1.7522088696278468,0.07244972280275654,True,False
1931,247668,45.288226482,5862214019,A,True,ok,2.0960250441927255,1.7476759647757352,0.06794363374040907,True,False
1931,247668,45.288226482,5862214019,B,True,ok,2.0962548273798554,1.7514893595598318,0.0717624650902316,True,False
1932,247669,45.311269983,5862237019,A,True,ok,2.0879966825339036,1.758408487900682,0.07843407585827336,True,False
1932,247669,45.311269983,5862237019,B,True,ok,2.0955688802633694,1.7515373596401587,0.07175378911021464,True,False
1933,247670,45.333257424,5862259020,A,True,ok,2.075968503341018,1.7404658233180201,0.06207252764320992,True,False
1933,247670,45.333257424,5862259020,B,True,ok,2.0938832297180774,1.750995155488453,0.07110127689340746,True,False
1934,247671,45.355246816,5862281020,A,True,ok,2.093168818234449,1.7970542403237817,0.11709712458801297,True,False
1934,247671,45.355246816,5862281020,B,True,ok,2.093031803332021,1.7560754451731855,0.07613583380867654,True,False
1935,247672,45.37725621,5862303019,A,True,ok,2.082449886524349,1.7718085193162003,0.09211844784042088,True,False
1935,247672,45.37725621,5862303019,B,True,ok,2.093061800199889,1.7575834753410782,0.07764386818328757,True,False
1936,247673,45.399233218,5862325020,A,True,ok,2.079530317469998,1.7398276055959432,0.06073678163701767,True,False
1936,247673,45.399233218,5862325020,B,True,ok,2.091502044819575,1.7553476138788915,0.0753625839251982,True,False
1937,247674,45.449266662,5862375020,A,True,ok,2.0959698995168616,1.7428252750940092,0.06310827909933345,True,False
1937,247674,45.449266662,5862375020,B,True,ok,2.0913558174981626,1.75339501620367,0.0734075380640525,True,False
1938,247675,45.471256407,5862397020,A,True,ok,2.0856403182920364,1.7532944980284528,0.07342404419423951,True,False
1938,247675,45.471256407,5862397020,B,True,ok,2.0903653379190876,1.7549477251933026,0.0749486156206099,True,False
1939,247676,45.494234402,5862420020,A,True,ok,2.101012240671696,1.7428913421213832,0.06384818210756066,True,False
1939,247676,45.494234402,5862420020,B,True,ok,2.0905270127265085,1.75345381490967,0.07345570547750498,True,False
1940,247677,45.516277108,5862442020,A,True,ok,2.0821220632776027,1.7596333075829356,0.08002203173876883,True,False
1940,247677,45.516277108,5862442020,B,True,ok,2.0892812949420896,1.7560101449889014,0.07601354272887226,True,False
1941,247678,45.538199523,5862464020,A,True,ok,2.093277532192352,1.743512694201434,0.06359720545744749,True,False
1941,247678,45.538199523,5862464020,B,True,ok,2.0903879284501508,1.7550296769168956,0.07503067976991933,True,False
1942,247679,45.561115757,5862486020,A,True,ok,2.110643021667076,1.7464287702441228,0.06956231637671251,True,False
1942,247679,45.561115757,5862486020,B,True,ok,2.092569965724003,1.7531376281238413,0.0731827669018046,True,False
1943,247680,45.583269026,5862509020,A,True,ok,2.093816790110069,1.742389820341153,0.06250646021769009,True,False
1943,247680,45.583269026,5862509020,B,True,ok,2.093617940766039,1.7521097133858758,0.07220041731167305,True,False
1944,247681,45.605233746,5862531020,A,True,ok,2.109333593498461,1.7477652670193269,0.07046927877993656,True,False
1944,247681,45.605233746,5862531020,B,True,ok,2.0960837922843947,1.7512670193374626,0.07152622298014866,True,False
1945,247682,45.627243363,5862553020,A,True,ok,2.0809264813987354,1.7347072365823537,0.055454580282291555,True,False
1945,247682,45.627243363,5862553020,B,True,ok,2.095144637761619,1.7486084517519276,0.06880106793862185,True,False
1946,247683,45.650255087,5862576020,A,True,ok,2.1050126117047885,1.7524666951901124,0.0740054080589752,True,False
1946,247683,45.650255087,5862576020,B,True,ok,2.097306539047712,1.7482344920477304,0.06862456861698682,True,False
1947,247684,45.672256832,5862598020,A,True,ok,2.0662452378433325,1.746241775473367,0.07037230664816815,True,False
1947,247684,45.672256832,5862598020,B,True,ok,2.095076258494693,1.747448627720142,0.0676393804054654,True,False
1948,247685,45.694253425,5862620019,A,True,ok,2.0758776622359054,1.8014303710673816,0.12224882593090686,True,False
1948,247685,45.694253425,5862620019,B,True,ok,2.094490329143908,1.7531578756583275,0.07329555120646782,True,False
1949,247686,45.716238049,5862642019,A,True,ok,2.0749401208015583,1.7552191716148557,0.07671195304446878,True,False
1949,247686,45.716238049,5862642019,B,True,ok,2.093358456140673,1.7524429248787587,0.07252073215735151,True,False
1950,247687,45.738372982,5862664019,A,True,ok,2.0978440320305958,1.7681599272945239,0.08850820085773273,True,False
1950,247687,45.738372982,5862664019,B,True,ok,2.094028877888234,1.7540197646971856,0.07412932903288029,True,False
1951,247688,45.766247461,5862692019,A,True,ok,2.097017153472627,1.7480745827712603,0.06843529252030402,True,False
1951,247688,45.766247461,5862692019,B,True,ok,2.0951992030253037,1.7529366852728643,0.07312175989875513,True,False
1952,247689,45.788296791,5862714020,A,True,ok,2.1025808084687907,1.7560363807754762,0.07707014949487002,True,False
1952,247689,45.788296791,5862714020,B,True,ok,2.0962328573366227,1.7538351497436424,0.0740977587261909,True,False
1953,247690,45.810278856,5862736019,A,True,ok,2.1051127313992994,1.7337474639836872,0.05583175203255879,True,False
1953,247690,45.810278856,5862736019,B,True,ok,2.0977136800030904,1.7522794387255545,0.0726898763355068,True,False
1954,247691,45.833247731,5862759019,A,True,ok,2.0942017725116857,1.7473468187292085,0.06747776585798344,True,False
1954,247691,45.833247731,5862759019,B,True,ok,2.0971283271685333,1.7519559508375924,0.07230817318369805,True,False
1955,247692,45.855230211,5862781020,A,True,ok,2.108615262347974,1.7524685290077995,0.07482122485523866,True,False
1955,247692,45.855230211,5862781020,B,True,ok,2.0990737832869475,1.7523852988414466,0.07295179937125625,True,False
1956,247693,45.877259893,5862803019,A,True,ok,2.0969688954331183,1.7462216135515847,0.06658729311913174,True,False
1956,247693,45.877259893,5862803019,B,True,ok,2.0990658043274593,1.750401591605793,0.07098290575013565,True,False
1957,247694,45.899267014,5862825020,A,True,ok,2.0932758355354966,1.7684353037316336,0.08849595496157958,True,False
1957,247694,45.899267014,5862825020,B,True,ok,2.0989221195448264,1.753196771431325,0.07373853514372132,True,False
1958,247695,45.922244881,5862848020,A,True,ok,2.0829590772449924,1.7434383811165133,0.06382791545966371,True,False
1958,247695,45.922244881,5862848020,B,True,ok,2.0975093901388004,1.7526927672731187,0.07307960970120549,True,False
1959,247696,45.961052903,5862887020,A,True,ok,2.094660726395961,1.7403682470298623,0.06054789525653628,True,False
1959,247696,45.961052903,5862887020,B,True,ok,2.099164617979997,1.7518075816246403,0.07239004766885211,True,False
1960,247697,45.984263897,5862910019,A,True,ok,2.1025024600470963,1.7627314589035006,0.08367081808809364,True,False
1960,247697,45.984263897,5862910019,B,True,ok,2.1005547670978877,1.7522287374015748,0.07299584656072095,True,False
1961,247698,46.006912123,5862932019,A,True,ok,2.0830225666303965,1.7391602298351472,0.05957027254071194,True,False
1961,247698,46.006912123,5862932019,B,True,ok,2.0994291126924,1.7504631388298926,0.0710912237897668,True,False
1962,247699,46.028262555,5862954020,A,True,ok,2.0882481233925456,1.773384222947653,0.09340065399762859,True,False
1962,247699,46.028262555,5862954020,B,True,ok,2.099530004705588,1.7523801754255999,0.07300486822349009,True,False
1963,247700,46.06028265,5862986020,A,True,ok,2.091200390233743,1.7485952885231864,0.06860579089473756,True,False
1963,247700,46.06028265,5862986020,B,True,ok,2.0985518883587275,1.752173962314308,0.07267885270590958,True,False
1964,247701,46.077256323,5863003020,A,True,ok,2.0980732394578996,1.8040592623233636,0.12432167053077164,True,False
1964,247701,46.077256323,5863003020,B,True,ok,2.0989716436721904,1.7572107782734105,0.07773026869737767,True,False
1965,247702,46.105259222,5863031019,A,True,ok,2.1098750068772083,1.762237038526299,0.08460464764978987,True,False
1965,247702,46.105259222,5863031019,B,True,ok,2.1010457373758813,1.759099013221991,0.07986652744967485,True,False
1966,247703,46.127279335,5863053020,A,True,ok,2.0758546537423297,1.7535457392866707,0.07489370192460997,True,False
1966,247703,46.127279335,5863053020,B,True,ok,2.098233596657099,1.7577667576209854,0.07820141114323256,True,False
1967,247704,46.149252696,5863075020,A,True,ok,2.090990769807458,1.7765230318489518,0.09652811664030922,True,False
1967,247704,46.149252696,5863075020,B,True,ok,2.098633603601762,1.761341090568546,0.08179799585584464,True,False
1968,247705,46.17226522,5863098019,A,True,ok,2.084064848576999,1.7496954121061192,0.06994766966136719,True,False
1968,247705,46.17226522,5863098019,B,True,ok,2.096674126566111,1.7627847062623836,0.08305330551139802,True,False
1969,247706,46.194261461,5863120019,A,True,ok,2.0914523446475197,1.7702026674210247,0.09021435869551579,True,False
1969,247706,46.194261461,5863120019,B,True,ok,2.095761083802765,1.764786297887599,0.08498180038141796,True,False
1970,247707,46.216056576,5863142019,A,True,ok,2.0930107055373903,1.7512317836944262,0.07129538102936549,True,False
1970,247707,46.216056576,5863142019,B,True,ok,2.0959181490372636,1.7633091337441864,0.08351907718140816,True,False
1971,247708,46.238262679,5863164020,A,True,ok,2.110101408780718,1.7549174518976267,0.0775673335483614,True,False
1971,247708,46.238262679,5863164020,B,True,ok,2.097806936588769,1.7626367966465066,0.08300474937554575,True,False
1972,247709,46.261268611,5863187019,A,True,ok,2.1098511069763677,1.7514197312168693,0.07412721804625524,True,False
1972,247709,46.261268611,5863187019,B,True,ok,2.099667507160078,1.761447573300832,0.08201931413566295,True,False
1973,247710,46.283293556,5863209019,A,True,ok,2.0918107248812396,1.739322006267562,0.05934963481104345,True,False
1973,247710,46.283293556,5863209019,B,True,ok,2.0990607123787512,1.7595832929527844,0.08009742209346794,True,False
1974,247711,46.305325862,5863231020,A,True,ok,2.0946436622421762,1.7543154072389295,0.07446034751535453,True,False
1974,247711,46.305325862,5863231020,B,True,ok,2.099493169961692,1.7589616437184776,0.07953025496404109,True,False
1975,247712,46.328143789,5863254019,A,True,ok,2.111953494345807,1.7627847137456851,0.08564616012376988,True,False
1975,247712,46.328143789,5863254019,B,True,ok,2.1004558717879775,1.759573609770378,0.08025761413557618,True,False
1976,247713,46.350256961,5863276020,A,True,ok,2.0920721376966434,1.7578874222118606,0.07791498118746157,True,False
1976,247713,46.350256961,5863276020,B,True,ok,2.100475218279644,1.759748494236505,0.08043352864941374,True,False
1977,247714,46.372272786,5863298020,A,True,ok,2.1068643323849385,1.7711911144776744,0.09273739842409869,True,False
1977,247714,46.372272786,5863298020,B,True,ok,2.1025619448861947,1.7608680159923489,0.08183787918722357,True,False
1978,247715,46.394328581,5863320019,A,True,ok,2.095431005926476,1.7339947243553937,0.05426717316747178,True,False
1978,247715,46.394328581,5863320019,B,True,ok,2.10326195328323,1.7584455337296456,0.07955866493987664,True,False
1979,247716,46.416260756,5863342019,A,True,ok,2.1102430599797417,1.7818323637980003,0.10382490931386221,True,False
1979,247716,46.416260756,5863342019,B,True,ok,2.1046193492207146,1.759505103534138,0.08083802854851935,True,False
1980,247717,46.468144234,5863394020,A,True,ok,2.105950595481523,1.754445948671902,0.07613554209352333,True,False
1980,247717,46.468144234,5863394020,B,True,ok,2.105864119053441,1.7578690804832937,0.0794686351251576,True,False
1981,247718,46.490263806,5863416020,A,True,ok,2.0940697197971962,1.7357483094368702,0.05589666022488937,True,False
1981,247718,46.490263806,5863416020,B,True,ok,2.104184498054098,1.757662645213731,0.07894736503924986,True,False
1982,247719,46.522265437,5863448020,A,True,ok,2.0977440637016653,1.7549248768059444,0.07532401799559961,True,False
1982,247719,46.522265437,5863448020,B,True,ok,2.1031352849879954,1.7578158698283401,0.07891669854255846,True,False
1983,247720,46.540149631,5863466019,A,True,ok,2.09626127628836,1.7279188819333897,0.04832621262322684,True,False
1983,247720,46.540149631,5863466019,B,True,ok,2.102965187542295,1.7545791021451789,0.0756976787278706,True,False
1984,247721,46.562335445,5863488019,A,True,ok,2.1057918568020666,1.772366692668851,0.09370692960415988,True,False
1984,247721,46.562335445,5863488019,B,True,ok,2.1038045481884735,1.7561880430884569,0.0774285700522518,True,False
1985,247722,46.584283684,5863510020,A,True,ok,2.075989455214744,1.7470306263629478,0.06847919564209837,True,False
1985,247722,46.584283684,5863510020,B,True,ok,2.1016610496602546,1.7551409938497846,0.07604044342264388,True,False
1986,247723,46.606284277,5863532020,A,True,ok,2.093101551640295,1.7573136797911533,0.07737586642762981,True,False
1986,247723,46.606284277,5863532020,B,True,ok,2.1019916604230953,1.754136123227799,0.07509969831464199,True,False
1987,247724,46.628289735,5863554020,A,True,ok,2.1083392321264114,1.7682831517771331,0.09016785637182877,True,False
1987,247724,46.628289735,5863554020,B,True,ok,2.1027757894174792,1.7553438654327054,0.07641936177161782,True,False
1988,247725,46.651050476,5863577020,A,True,ok,2.0860196270068228,1.7477965843297274,0.06791332870609908,True,False
1988,247725,46.651050476,5863577020,B,True,ok,2.1025193016409913,1.753430991356186,0.07449055916779262,True,False
1989,247726,46.673266211,5863599020,A,True,ok,2.1033448079031776,1.7622347991611202,0.08331054009573163,True,False
1989,247726,46.673266211,5863599020,B,True,ok,2.103026239535741,1.7531527269221303,0.07430346137688526,True,False
1990,247727,46.695252627,5863621019,A,True,ok,2.0800721175390544,1.754502903691423,0.0751614629222437,True,False
1990,247727,46.695252627,5863621019,B,True,ok,2.101223309172466,1.753874728789209,0.07472240776674653,True,False
1991,247728,46.717280677,5863643020,A,True,ok,2.115628752915305,1.7785804608492293,0.10185745057304443,True,False
1991,247728,46.717280677,5863643020,B,True,ok,2.102684009776633,1.756548317274102,0.07759206777442092,True,False
1992,247729,46.740271697,5863666020,A,True,ok,2.0936310517288343,1.7739380776764608,0.09400822822607749,True,False
1992,247729,46.740271697,5863666020,B,True,ok,2.1026876626267583,1.7582706556976013,0.07929232198808976,True,False
1993,247730,46.768294084,5863694019,A,True,ok,2.0758874624038732,1.7366823424901408,0.05841276973035699,True,False
1993,247730,46.768294084,5863694019,B,True,ok,2.1003283112158235,1.7547077489556877,0.0754183118784621,True,False
1994,247731,46.790272724,5863716020,A,True,ok,2.1016951681370952,1.7515107043752238,0.07246073280056996,True,False
1994,247731,46.790272724,5863716020,B,True,ok,2.1013803956518524,1.7542123276048787,0.07507984399109091,True,False
1995,247732,46.812274629,5863738020,A,True,ok,2.081508477299275,1.7516859580921398,0.07218713559468165,True,False
1995,247732,46.812274629,5863738020,B,True,ok,2.099117851989723,1.7524877835370605,0.07305897608796773,True,False
1996,247733,46.835301682,5863761020,A,True,ok,2.1048498760277417,1.7450337454883287,0.06670762228021637,True,False
1996,247733,46.835301682,5863761020,B,True,ok,2.099689113375019,1.751925947433971,0.07257562147352471,True,False
1997,247734,46.857294083,5863783020,A,True,ok,2.1030979283947318,1.764336885019835,0.085347910947383,True,False
1997,247734,46.857294083,5863783020,B,True,ok,2.0999979268565196,1.7521309510573113,0.07282055095823273,True,False
1998,247735,46.879306964,5863805019,A,True,ok,2.0916522083512676,1.7597566781177374,0.07977378953523757,True,False
1998,247735,46.879306964,5863805019,B,True,ok,2.0996478121571864,1.7552047998557234,0.07582111975406182,True,False
1999,247736,46.90127226,5863827020,A,True,ok,2.1056064447585756,1.7628362486518654,0.08429356564243891,True,False
1999,247736,46.90127226,5863827020,B,True,ok,2.1010703142441423,1.7560145588207345,0.07681643710935168,True,False
2000,247737,46.92428872,5863850020,A,True,ok,2.080865587108995,1.7619882222101828,0.08249549127103663,True,False
2000,247737,46.92428872,5863850020,B,True,ok,2.0982918531535923,1.756657027274838,0.07710418055680263,True,False
2001,247738,46.946295713,5863872020,A,True,ok,2.0930354359181647,1.7435901594092562,0.0636625654910946,True,False
2001,247738,46.946295713,5863872020,B,True,ok,2.097547484932892,1.7563211496688373,0.07669343137182816,True,False
2002,247739,46.987294418,5863913020,A,True,ok,2.09445448529014,1.756804279989512,0.07693334689136723,True,False
2002,247739,46.987294418,5863913020,B,True,ok,2.0951456180598576,1.7569740485579806,0.0771458458805417,True,False
2003,247740,47.00930666,5863935020,A,True,ok,2.0924720418897715,1.7757687141917569,0.09580061382395841,True,False
2003,247740,47.00930666,5863935020,B,True,ok,2.094443469726896,1.7592484296385458,0.07937290484409269,True,False
2004,247741,47.031356278,5863957020,A,True,ok,2.081408892450757,1.785924112793328,0.10627193797036148,True,False
2004,247741,47.031356278,5863957020,B,True,ok,2.093390673556032,1.762622072600742,0.08269161715679449,True,False
2005,247742,47.054275808,5863980020,A,True,ok,2.0828221951451984,1.7784914749315062,0.09875267852932969,True,False
2005,247742,47.054275808,5863980020,B,True,ok,2.093042458141552,1.76525798353754,0.08531225180729048,True,False
2006,247743,47.076297745,5864002019,A,True,ok,2.0884493712653365,1.7524068339025047,0.07242343574601857,True,False
2006,247743,47.076297745,5864002019,B,True,ok,2.0922977717446187,1.7633585376671532,0.08339020060532641,True,False
2007,247744,47.098277538,5864024020,A,True,ok,2.1098122466445703,1.7795752114851444,0.10152707943901736,True,False
2007,247744,47.098277538,5864024020,B,True,ok,2.0938097985162893,1.7659118453785465,0.08599627748386564,True,False
2008,247745,47.126306261,5864052020,A,True,ok,2.077341741367549,1.7554717876424895,0.07652595795910729,True,False
2008,247745,47.126306261,5864052020,B,True,ok,2.09184223149494,1.7649387216903938,0.08495869737277716,True,False
2009,247746,47.148272037,5864074020,A,True,ok,2.0939338885651964,1.7574742902868723,0.0775741009274226,True,False
2009,247746,47.148272037,5864074020,B,True,ok,2.09185830880387,1.764985385740101,0.08500570040299835,True,False
2010,247747,47.170286838,5864096019,A,True,ok,2.106449123305799,1.74911458451727,0.07104505225928295,True,False
2010,247747,47.170286838,5864096019,B,True,ok,2.09395933828464,1.7644939806104638,0.08458669587502318,True,False
2011,247748,47.19326781,5864119019,A,True,ok,2.092090876392034,1.7620223267391546,0.08204897225310875,True,False
2011,247748,47.19326781,5864119019,B,True,ok,2.093978898379252,1.7635276612108859,0.08362237630965147,True,False
2012,247749,47.215292339,5864141020,A,True,ok,2.1211715151668553,1.758735490542046,0.08468140781006259,True,False
2012,247749,47.215292339,5864141020,B,True,ok,2.0980557241364277,1.7649225901459586,0.08530381590796926,True,False
2013,247750,47.237289828,5864163019,A,True,ok,2.092264219598316,1.7568285326197108,0.0768618898732485,True,False
2013,247750,47.237289828,5864163019,B,True,ok,2.0981594873328024,1.7645168251427568,0.08490978133139608,True,False
2014,247751,47.259304918,5864185020,A,True,ok,2.097641500880549,1.7586418651847124,0.07901224902151519,True,False
2014,247751,47.259304918,5864185020,B,True,ok,2.0987605805914806,1.7646410501947807,0.085093214479036,True,False
2015,247752,47.282270337,5864208020,A,True,ok,2.086574113711829,1.7495993915410775,0.06968365661866267,True,False
2015,247752,47.282270337,5864208020,B,True,ok,2.0977968822995203,1.76234283066095,0.08271114274903044,True,False
2016,247753,47.304357332,5864230019,A,True,ok,2.0758923923730475,1.7679178969426503,0.0890425808014039,True,False
2016,247753,47.304357332,5864230019,B,True,ok,2.095722783346021,1.7637300581191286,0.08392540069524938,True,False
2017,247754,47.326299523,5864252020,A,True,ok,2.0917258852183935,1.7747977959045342,0.09481350530459683,True,False
2017,247754,47.326299523,5864252020,B,True,ok,2.0959912121701056,1.7643727086881285,0.08458515587642444,True,False
2018,247755,47.349290543,5864275019,A,True,ok,2.0815694552430206,1.7644785282245106,0.08489814966110197,True,False
2018,247755,47.349290543,5864275019,B,True,ok,2.0949913648573633,1.7631569639899924,0.0833066286868712,True,False
2019,247756,47.371294848,5864297020,A,True,ok,2.095557335384342,1.7666324533794984,0.08681051753747947,True,False
2019,247756,47.371294848,5864297020,B,True,ok,2.0959275104778845,1.7644109550992124,0.08461882013610623,True,False
2020,247757,47.393286161,5864319019,A,True,ok,2.1059858558533184,1.7758499547882052,0.09717387210698186,True,False
2020,247757,47.393286161,5864319019,B,True,ok,2.096364236813163,1.7653071448933992,0.08554421359786672,True,False
2021,247758,47.415298562,5864341019,A,True,ok,2.081216931625074,1.760478143848171,0.08095599994642476,True,False
2021,247758,47.415298562,5864341019,B,True,ok,2.095096294665803,1.7648455574741169,0.08499847552994333,True,False
2022,247759,47.437283731,5864363020,A,True,ok,2.102144060160284,1.786014354801778,0.10670764556119618,True,False
2022,247759,47.437283731,5864363020,B,True,ok,2.096746370884055,1.7679701725009587,0.08822848049214983,True,False
2023,247760,47.489316333,5864415020,A,True,ok,2.0975311146728552,1.7706743512313008,0.09098656856609666,True,False
2023,247760,47.489316333,5864415020,B,True,ok,2.096282552352739,1.7691069771724983,0.08932818057525327,True,False
2024,247761,47.51130435,5864437020,A,True,ok,2.08476377696119,1.7537846017293,0.07397016617571968,True,False
2024,247761,47.51130435,5864437020,B,True,ok,2.096026921377092,1.768819891363658,0.08902413652003403,True,False
2025,247762,47.533317423,5864459020,A,True,ok,2.101600188292819,1.7740730869489405,0.0947856004703868,True,False
2025,247762,47.533317423,5864459020,B,True,ok,2.0970598183260236,1.7705045090314713,0.09077944255074569,True,False
2026,247763,47.556317179,5864482020,A,True,ok,2.0810275832689853,1.7632299526664768,0.08371218120954059,True,False
2026,247763,47.556317179,5864482020,B,True,ok,2.0954437635235674,1.769191384829171,0.0893573594565428,True,False
2027,247764,47.578285803,5864504020,A,True,ok,2.0984156063328707,1.7613341964140976,0.08176841649608285,True,False
2027,247764,47.578285803,5864504020,B,True,ok,2.0958927413026953,1.768440082608854,0.08863618116729433,True,False
2028,247765,47.600289532,5864526019,A,True,ok,2.1022104870947182,1.7677530808362356,0.0885985281556144,True,False
2028,247765,47.600289532,5864526019,B,True,ok,2.097038720647365,1.7676755209785553,0.08795760664782064,True,False
2029,247766,47.62330196,5864549020,A,True,ok,2.077602160141731,1.7503779428674806,0.07146160700270915,True,False
2029,247766,47.62330196,5864549020,B,True,ok,2.094740574527133,1.7657071331344234,0.08583813672819961,True,False
2030,247767,47.645303833,5864571019,A,True,ok,2.1008965856778774,1.7545302898332533,0.07532263724846654,True,False
2030,247767,47.645303833,5864571019,B,True,ok,2.0966297079665073,1.7639991331290508,0.08426035481858106,True,False
2031,247768,47.667318315,5864593019,A,True,ok,2.0836805416137083,1.7463079970230175,0.06660845309343688,True,False
2031,247768,47.667318315,5864593019,B,True,ok,2.0957565947159154,1.7614790612044586,0.08168216327622103,True,False
2032,247769,47.689305435,5864615020,A,True,ok,2.0892259284547485,1.764873454652542,0.08487698446230449,True,False
2032,247769,47.689305435,5864615020,B,True,ok,2.0958164052968447,1.762209919546818,0.08241541993141485,True,False
2033,247770,47.712303559,5864638020,A,True,ok,2.0882758867144564,1.7630931787751012,0.08311106379762158,True,False
2033,247770,47.712303559,5864638020,B,True,ok,2.0957545749021875,1.7617093626781346,0.08191175179161922,True,False
2034,247771,47.734319256,5864660020,A,True,ok,2.087297426504571,1.7732520994533267,0.09329125337324687,True,False
2034,247771,47.734319256,5864660020,B,True,ok,2.094317228581407,1.7625313415899808,0.0826441819323431,True,False
2035,247772,47.756302121,5864682019,A,True,ok,2.1091237455404035,1.784277372890761,0.10601645221612044,True,False
2035,247772,47.756302121,5864682019,B,True,ok,2.096857366119614,1.764710384753549,0.08498748587405534,True,False
2036,247773,47.77832217,5864704019,A,True,ok,2.0823845758073274,1.7529740389381063,0.07337032809368245,True,False
2036,247773,47.77832217,5864704019,B,True,ok,2.0954317206363546,1.7630830028436553,0.08326036842694273,True,False
2037,247774,47.806312461,5864732020,A,True,ok,2.0822115945957385,1.7484878087462905,0.06892923331656609,True,False
2037,247774,47.806312461,5864732020,B,True,ok,2.0943791334465143,1.7613832409429073,0.08150097371267229,True,False
2038,247775,47.828337758,5864754019,A,True,ok,2.106419518235833,1.7741210827048315,0.09554254962385399,True,False
2038,247775,47.828337758,5864754019,B,True,ok,2.095369475666639,1.7640460515823673,0.08421739758221325,True,False
2039,247776,47.850336943,5864776019,A,True,ok,2.082563265852501,1.75598103325419,0.07634410539887757,True,False
2039,247776,47.850336943,5864776019,B,True,ok,2.0936573885561818,1.7641642529517907,0.08424368205381284,True,False
2040,247777,47.873304282,5864799020,A,True,ok,2.0977519692738644,1.76743700603364,0.08777996953604929,True,False
2040,247777,47.873304282,5864799020,B,True,ok,2.093491263228467,1.7636409218476015,0.0837137547028386,True,False
2041,247778,47.895305323,5864821020,A,True,ok,2.085608802444311,1.7511384645244026,0.0712738644305385,True,False
2041,247778,47.895305323,5864821020,B,True,ok,2.094007476793282,1.7633646625829205,0.08346093000807554,True,False
2042,247779,47.917298204,5864843020,A,True,ok,2.1018345771952838,1.7493024662159393,0.07030568284998413,True,False
2042,247779,47.917298204,5864843020,B,True,ok,2.09500766596633,1.7614065410911002,0.0815604171816656,True,False
2043,247780,47.939300749,5864865020,A,True,ok,2.1124183856665515,1.7617088491862247,0.08472850790159989,True,False
2043,247780,47.939300749,5864865020,B,True,ok,2.096492819989475,1.7612841567382742,0.08154306131160435,True,False
2044,247781,47.962300249,5864888020,A,True,ok,2.097071562300235,1.743802621971789,0.06419331401198361,True,False
2044,247781,47.962300249,5864888020,B,True,ok,2.09718670492163,1.7587717637520104,0.07909892219387779,True,False
2045,247782,48.003324587,5864929019,A,True,ok,2.1071173126227625,1.7449127280521872,0.0671316963483168,True,False
2045,247782,48.003324587,5864929019,B,True,ok,2.0997657865147796,1.756205101400453,0.07682830250438688,True,False
2046,247783,48.025317563,5864951019,A,True,ok,2.1021947052560703,1.7743281132217545,0.09511311045412504,True,False
2046,247783,48.025317563,5864951019,B,True,ok,2.101452823349311,1.756469117713995,0.0773220093286987,True,False
2047,247784,48.047297484,5864973020,A,True,ok,2.0903872280188858,1.7408597313234166,0.06086096320546595,True,False
2047,247784,48.047297484,5864973020,B,True,ok,2.101692825007959,1.7543936194622254,0.07530692380755682,True,False
2048,247785,48.07036809,5864996020,A,True,ok,2.1014987578330433,1.7787721281579891,0.09943920118625862,True,False
2048,247785,48.07036809,5864996020,B,True,ok,2.102290056573136,1.755809175506574,0.07679893607047833,True,False
2049,247786,48.092306697,5865018020,A,True,ok,2.0720730144941233,1.7620923625646558,0.08402697662521738,True,False
2049,247786,48.092306697,5865018020,B,True,ok,2.099538335236048,1.7551547749401772,0.07575764011229456,True,False
2050,247787,48.11431513,5865040020,A,True,ok,2.1084476727177197,1.7681768877603643,0.09008595985948087,True,False
2050,247787,48.11431513,5865040020,B,True,ok,2.10085018939608,1.7570687285366684,0.0778287577196855,True,False
2051,247788,48.142346094,5865068020,A,True,ok,2.108817122657945,1.765231760207128,0.08728423141169034,True,False
2051,247788,48.142346094,5865068020,B,True,ok,2.100533272505886,1.757787919077769,0.07849783553788474,True,False
2052,247789,48.164298877,5865090020,A,True,ok,2.0890488576281214,1.756718639536505,0.07672453534654866,True,False
2052,247789,48.164298877,5865090020,B,True,ok,2.1001986071400394,1.757255280464407,0.07792554104548179,True,False
2053,247790,48.186321903,5865112019,A,True,ok,2.115938396503879,1.7731013174027956,0.09664706780512566,True,False
2053,247790,48.186321903,5865112019,B,True,ok,2.103478330277335,1.7592294184764126,0.08036769337971228,True,False
2054,247791,48.209321179,5865135019,A,True,ok,2.06680009986242,1.760645437368795,0.08391616015284498,True,False
2054,247791,48.209321179,5865135019,B,True,ok,2.099887658189024,1.7581290715248705,0.07875225458233764,True,False
2055,247792,48.23130862,5865157019,A,True,ok,2.0953818979591294,1.7658463444071397,0.08601488053651964,True,False
2055,247792,48.23130862,5865157019,B,True,ok,2.099942720906084,1.7611712189669946,0.08177789730485907,True,False
2056,247793,48.253336093,5865179020,A,True,ok,2.1096199952817405,1.749952005369826,0.07265140927824947,True,False
2056,247793,48.253336093,5865179020,B,True,ok,2.1023426115409243,1.760025951791354,0.08097217435491201,True,False
2057,247794,48.275298061,5865201019,A,True,ok,2.0965064754710703,1.740580782445729,0.06092918368723138,True,False
2057,247794,48.275298061,5865201019,B,True,ok,2.1023688801849296,1.7576886566590695,0.07866712509377687,True,False
2058,247795,48.298372027,5865224019,A,True,ok,2.1193256127879634,1.755250474907794,0.08076277322651883,True,False
2058,247795,48.298372027,5865224019,B,True,ok,2.1051986477503064,1.75768208000616,0.07915493950172262,True,False
2059,247796,48.320334347,5865246020,A,True,ok,2.0953810301184146,1.7142021921471517,0.034622903298336775,True,False
2059,247796,48.320334347,5865246020,B,True,ok,2.1046955861565566,1.7521610066723559,0.0736421831320377,True,False
2060,247797,48.342315291,5865268019,A,True,ok,2.106557634807723,1.7527403270978565,0.07460100841630153,True,False
2060,247797,48.342315291,5865268019,B,True,ok,2.1061039072496883,1.7523641509949512,0.07413437919026962,True,False
2061,247798,48.365317127,5865291020,A,True,ok,2.113244621425707,1.7398111986935987,0.0641692443027778,True,False
2061,247798,48.365317127,5865291020,B,True,ok,2.1072468767812684,1.7506807547155498,0.07275454519044149,True,False
2062,247799,48.387329881,5865313020,A,True,ok,2.091556982320714,1.7510722688622709,0.07108932124572537,True,False
2062,247799,48.387329881,5865313020,B,True,ok,2.106805264006362,1.7502540198875245,0.07223603123566681,True,False
2063,247800,48.409346922,5865335020,A,True,ok,2.090729070843707,1.7778569200144512,0.09785963590270429,True,False
2063,247800,48.409346922,5865335020,B,True,ok,2.1064655732225863,1.7532218808996403,0.07505037604189248,True,False
2064,247801,48.431301338,5865357020,A,True,ok,2.087934031754374,1.7311658937582648,0.05120758643867119,True,False
2064,247801,48.431301338,5865357020,B,True,ok,2.104589928474325,1.749912009600566,0.07141817065198158,True,False
2065,247802,48.453331404,5865379020,A,True,ok,2.112221318659477,1.7602125107492181,0.08323361030052386,True,False
2065,247802,48.453331404,5865379020,B,True,ok,2.1064613851436027,1.7502148508247979,0.07211866940809888,True,False
2067,247803,48.506319968,5865432020,A,True,ok,2.1148585836667557,1.752213839678951,0.07637269029629869,True,False
2067,247803,48.506319968,5865432020,B,True,ok,2.1073893067687286,1.7484272294759902,0.0706022218039686,True,False
2068,247804,48.528337745,5865454020,A,True,ok,2.1032146087184733,1.7357112961247916,0.05725709038613977,True,False
2068,247804,48.528337745,5865454020,B,True,ok,2.1072427491111982,1.746523852959852,0.06872216097836081,True,False
2069,247805,48.550382852,5865476020,A,True,ok,2.101388010410225,1.768625233914833,0.08935389676764112,True,False
2069,247805,48.550382852,5865476020,B,True,ok,2.1080043635286834,1.7505978151168717,0.07285745401363543,True,False
2070,247806,48.572305682,5865498020,A,True,ok,2.076909601462778,1.7387635973124191,0.060203977467933656,True,False
2070,247806,48.572305682,5865498020,B,True,ok,2.1043838612611445,1.7487882488814608,0.07027601759460803,True,False
2071,247807,48.594318884,5865520019,A,True,ok,2.1085835263895047,1.7624852172921774,0.0845526967329083,True,False
2071,247807,48.594318884,5865520019,B,True,ok,2.105377831634596,1.7486590992765474,0.07036014226285212,True,False
2072,247808,48.617321296,5865543019,A,True,ok,2.0892233463334016,1.7641441939563176,0.0841477781493739,True,False
2072,247808,48.617321296,5865543019,B,True,ok,2.1043670035473716,1.7507242819827815,0.07216879417663978,True,False
2073,247809,48.639364226,5865565020,A,True,ok,2.0881539232723028,1.7465907110148282,0.06661629524932257,True,False
2073,247809,48.639364226,5865565020,B,True,ok,2.102917830518096,1.7499513506588453,0.07113411139735289,True,False
2074,247810,48.661342674,5865587020,A,True,ok,2.0914270070640635,1.7802053557278943,0.10021551609264275,True,False
2074,247810,48.661342674,5865587020,B,True,ok,2.101379693058088,1.7535012805924362,0.07437698342111179,True,False
2075,247811,48.683330467,5865609020,A,True,ok,2.0951582497439136,1.7371292297966,0.05736162861681414,True,False
2075,247811,48.683330467,5865609020,B,True,ok,2.100086537309891,1.7509176290486301,0.07163133633252239,True,False
2076,247812,48.706392304,5865632019,A,True,ok,2.087831735135315,1.7647304120036016,0.08475815058638025,True,False
2076,247812,48.706392304,5865632019,B,True,ok,2.098463444076009,1.7523530834153465,0.07284640392864858,True,False
2077,247813,48.728334368,5865654020,A,True,ok,2.0783643471121467,1.7552814346695662,0.07617534262499107,True,False
2077,247813,48.728334368,5865654020,B,True,ok,2.096944961439881,1.7526424034430361,0.07297363405629648,True,False
2078,247814,48.750331505,5865676020,A,True,ok,2.0845928427068063,1.7656279909374575,0.08579854417167372,True,False
2078,247814,48.750331505,5865676020,B,True,ok,2.0957095878950303,1.7535595858497426,0.07378083805648142,True,False
2079,247815,48.772309409,5865698020,A,True,ok,2.0884473296319928,1.748496890265928,0.06851448577763879,True,False
2079,247815,48.772309409,5865698020,B,True,ok,2.0955691490349673,1.753093523858173,0.07330537941364879,True,False
2080,247816,48.795376239,5865721020,A,True,ok,2.0867312189216696,1.7641132283403143,0.0841767195343695,True,False
2080,247816,48.795376239,5865721020,B,True,ok,2.0944835766303234,1.753098570396507,0.07323594372583093,True,False
2081,247817,48.823352097,5865749020,A,True,ok,2.0986120013357357,1.743755878806758,0.06433489449302558,True,False
2081,247817,48.823352097,5865749020,B,True,ok,2.0954522907889483,1.752855263021757,0.07305899550922301,True,False
2082,247818,48.845342802,5865771020,A,True,ok,2.091113698857492,1.7507493502622933,0.07075811534857218,True,False
2082,247818,48.845342802,5865771020,B,True,ok,2.094675522692388,1.751630429744172,0.07178285991643,True,False
2083,247819,48.867340322,5865793020,A,True,ok,2.085285960180586,1.7422966307243957,0.06247473386122381,True,False
2083,247819,48.867340322,5865793020,B,True,ok,2.0938805413621004,1.7515625017228007,0.07166763742505285,True,False
2084,247820,48.890336334,5865816020,A,True,ok,2.1116689515216494,1.755341931037549,0.07839610980472443,True,False
2084,247820,48.890336334,5865816020,B,True,ok,2.0942327724656997,1.7522205160806308,0.07234444903169175,True,False
2085,247821,48.912322655,5865838020,A,True,ok,2.092207565152425,1.7432125521283812,0.06325108766247046,True,False
2085,247821,48.912322655,5865838020,B,True,ok,2.0944422802488734,1.7517149869670419,0.07185244052565316,True,False
2086,247822,48.934947265,5865860020,A,True,ok,2.089779773291799,1.7557999640398216,0.07580028395884324,True,False
2086,247822,48.934947265,5865860020,B,True,ok,2.0935553281106407,1.753553192422386,0.07363906893422034,True,False
2087,247823,48.956330177,5865882019,A,True,ok,2.0850364015570686,1.7569404769088814,0.07710041696689322,True,False
2087,247823,48.956330177,5865882019,B,True,ok,2.0922660521793395,1.7534615447111799,0.07349648660876368,True,False
2088,247824,48.979330509,5865905019,A,True,ok,2.0843104650011255,1.7372229419600693,0.05750509451404185,True,False
2088,247824,48.979330509,5865905019,B,True,ok,2.0919457183989065,1.752481568662062,0.07250767970222927,True,False
2089,247825,49.020328286,5865946020,A,True,ok,2.1036223938386365,1.7502482361088727,0.07155686053973344,True,False
2089,247825,49.020328286,5865946020,B,True,ok,2.0920454488851306,1.7531967464505442,0.07322532043007358,True,False
2090,247826,49.042341935,5865968020,A,True,ok,2.1090750490728802,1.7439414751537177,0.06672607992356734,True,False
2090,247826,49.042341935,5865968020,B,True,ok,2.0935855750325483,1.7530745318055951,0.07316244628852277,True,False
2091,247827,49.064348288,5865990020,A,True,ok,2.0922523163714195,1.7367523641904257,0.05679704015386437,True,False
2091,247827,49.064348288,5865990020,B,True,ok,2.093630861948513,1.750696364953797,0.07078954143211853,True,False
2092,247828,49.087347564,5866013020,A,True,ok,2.1153740171767788,1.756746105884446,0.08083195850722708,True,False
2092,247828,49.087347564,5866013020,B,True,ok,2.096512800670545,1.751707783170868,0.07200293563358713,True,False
2093,247829,49.109339005,5866035020,A,True,ok,2.0923904123933164,1.7248599699400027,0.04492361266002625,True,False
2093,247829,49.109339005,5866035020,B,True,ok,2.0963062213141326,1.7473448660930815,0.06763948119521547,True,False
2094,247830,49.131354031,5866057020,A,True,ok,2.1135264997462526,1.7597918774197203,0.08318797925466223,True,False
2094,247830,49.131354031,5866057020,B,True,ok,2.099246991722827,1.747547015867504,0.06817702111801945,True,False
2095,247831,49.159333697,5866085020,A,True,ok,2.099581100243968,1.74834737099864,0.06901565477709168,True,False
2095,247831,49.159333697,5866085020,B,True,ok,2.100782478368542,1.7466758994406029,0.06754211579438024,True,False
2096,247832,49.18133461,5866107020,A,True,ok,2.109131431232579,1.7328678705927114,0.05622297930574823,True,False
2096,247832,49.18133461,5866107020,B,True,ok,2.102637163630977,1.7441125810560658,0.06534616250635307,True,False
2097,247833,49.203372324,5866129020,A,True,ok,2.115693224794418,1.7568136420440859,0.08099677403707797,True,False
2097,247833,49.203372324,5866129020,B,True,ok,2.104674199526412,1.7462786540802409,0.06788366606503504,True,False
2098,247834,49.226343791,5866152020,A,True,ok,2.0875304000442334,1.7449598704731004,0.06500679730477046,True,False
2098,247834,49.226343791,5866152020,B,True,ok,2.102615841822546,1.7449442798519061,0.06615828708766737,True,False
2099,247835,49.248352832,5866174019,A,True,ok,2.1087290244262986,1.7509847103505447,0.07341393232562626,True,False
2099,247835,49.248352832,5866174019,B,True,ok,2.105184076720885,1.7454549687216594,0.0671930734244174,True,False
2100,247836,49.270342545,5866196020,A,True,ok,2.1018332476390627,1.74588149525109,0.0669357689595539,True,False
2100,247836,49.270342545,5866196020,B,True,ok,2.106166891502029,1.7444961401142773,0.06649150675446366,True,False
2101,247837,49.292435716,5866218020,A,True,ok,2.108514241875866,1.7630069982056689,0.08504668661008494,True,False
2101,247837,49.292435716,5866218020,B,True,ok,2.1071664750716486,1.7461999803996004,0.06838951141288427,True,False
2102,247838,49.315358126,5866241019,A,True,ok,2.111497118697062,1.7512917397980974,0.07446232789615972,True,False
2102,247838,49.315358126,5866241019,B,True,ok,2.109741414459159,1.7463502508251745,0.06922484546325745,True,False
2103,247839,49.337348159,5866263019,A,True,ok,2.0992728331678094,1.741457586575982,0.06215320090471902,True,False
2103,247839,49.337348159,5866263019,B,True,ok,2.1104818694615983,1.744409738134124,0.06758787867027923,True,False
2104,247840,49.359351504,5866285020,A,True,ok,2.10291454867063,1.7616597547649218,0.08267467033882413,True,False
2104,247840,49.359351504,5866285020,B,True,ok,2.111345237610131,1.7466137937663748,0.06995010141938386,True,False
2105,247841,49.382349052,5866308019,A,True,ok,2.1020096957928756,1.7503669125714094,0.07138441831289095,True,False
2105,247841,49.382349052,5866308019,B,True,ok,2.110907814870798,1.7458447882037438,0.06908453413223146,True,False
2106,247842,49.404345517,5866330020,A,True,ok,2.100417322145438,1.7448990581584927,0.06572981325503108,True,False
2106,247842,49.404345517,5866330020,B,True,ok,2.1118331499482887,1.7458497103060981,0.06937485700209783,True,False
2107,247843,49.42634723,5866352019,A,True,ok,2.099202346168364,1.762060299167209,0.08257466847898487,True,False
2107,247843,49.42634723,5866352019,B,True,ok,2.111543701829076,1.748002730957377,0.07133374030682486,True,False
2108,247844,49.448414096,5866374019,A,True,ok,2.0939734731113377,1.7501828197766571,0.07029521093480884,True,False
2108,247844,49.448414096,5866374019,B,True,ok,2.110678695039857,1.747774543180039,0.07085899471354642,True,False
2109,247845,49.470351744,5866396020,A,True,ok,2.0913266868134106,1.7710469126652408,0.09105657803680567,True,False
2109,247845,49.470351744,5866396020,B,True,ok,2.1094199822224473,1.7516201478867692,0.07420634267259693,True,False
2110,247846,49.522391354,5866448019,A,True,ok,2.1027718228280037,1.7622275276895798,0.08321349510921015,True,False
2110,247846,49.522391354,5866448019,B,True,ok,2.108788741707969,1.7532876661392567,0.07565777437321254,True,False
2111,247847,49.544351946,5866470019,A,True,ok,2.090599967695593,1.7673070383108727,0.08730909975398872,True,False
2111,247847,49.544351946,5866470019,B,True,ok,2.1072108620812076,1.756374876033658,0.07829007256820612,True,False
2112,247848,49.566355675,5866492020,A,True,ok,2.090642989693925,1.7785231783616782,0.0985252765042228,True,False
2112,247848,49.566355675,5866492020,B,True,ok,2.1054013321080016,1.7597480156570162,0.0812215921533965,True,False
2113,247849,49.589344775,5866515020,A,True,ok,2.0986965466248795,1.7327424582814575,0.05345462401673023,True,False
2113,247849,49.589344775,5866515020,B,True,ok,2.1040049856364966,1.757516832915724,0.0787718160763275,True,False
2114,247850,49.611360824,5866537020,A,True,ok,2.099745328061169,1.762023785862723,0.08260068320706347,True,False
2114,247850,49.611360824,5866537020,B,True,ok,2.1046141488586847,1.7587270946858777,0.08007202248315555,True,False
2115,247851,49.633354409,5866559020,A,True,ok,2.0853710117721875,1.7348832615452758,0.05507812569305881,True,False
2115,247851,49.633354409,5866559020,B,True,ok,2.10300975272935,1.7563498514679403,0.07745032914878666,True,False
2116,247852,49.656350773,5866582020,A,True,ok,2.114771896865671,1.770305172257256,0.09364118223696309,True,False
2116,247852,49.656350773,5866582020,B,True,ok,2.103895682596861,1.7579287400988863,0.07915793408264576,True,False
2117,247853,49.678323045,5866604020,A,True,ok,2.109716000943019,1.7450265905168219,0.0679498209521377,True,False
2117,247853,49.678323045,5866604020,B,True,ok,2.1051791362814787,1.758037050709738,0.07949960667654866,True,False
2118,247854,49.700353463,5866626020,A,True,ok,2.0799468158507595,1.7599746823263727,0.08060407139061136,True,False
2118,247854,49.700353463,5866626020,B,True,ok,2.102362466221686,1.7578401680116311,0.07881574923301371,True,False
2119,247855,49.722364584,5866648020,A,True,ok,2.1125998455996298,1.762089369672855,0.08514351199248107,True,False
2119,247855,49.722364584,5866648020,B,True,ok,2.103928722444345,1.7593387683549802,0.08055215374536434,True,False
2120,247856,49.755334209,5866681020,A,True,ok,2.0828391538604336,1.7438702093238752,0.06427037697501219,True,False
2120,247856,49.755334209,5866681020,B,True,ok,2.1002365189349996,1.759641974798197,0.08029713861441935,True,False
2121,247857,49.772350252,5866698020,A,True,ok,2.0956123327064726,1.7697171291367506,0.08989249990376583,True,False
2121,247857,49.772350252,5866698020,B,True,ok,2.098244735679227,1.760939901988569,0.08135873278474466,True,False
2122,247858,49.804353034,5866730020,A,True,ok,2.102680429816788,1.748220440055065,0.06938891656197842,True,False
2122,247858,49.804353034,5866730020,B,True,ok,2.0991376181741948,1.760030545820657,0.08055050794532385,True,False
2123,247859,49.832359965,5866758020,A,True,ok,2.1008673022199873,1.7356763494786451,0.05672701427722755,True,False
2123,247859,49.832359965,5866758020,B,True,ok,2.09935241031761,1.7575227772630244,0.07808488056801681,True,False
2124,247860,49.854338222,5866780019,A,True,ok,2.116382165329252,1.7549691240434275,0.07947570828434823,True,False
2124,247860,49.854338222,5866780019,B,True,ok,2.10123684592009,1.7565156190623683,0.07733632178174314,True,False
2125,247861,49.876369279,5866802019,A,True,ok,2.1026567221125916,1.7297237027096903,0.05130925087932039,True,False
2125,247861,49.876369279,5866802019,B,True,ok,2.102183757953972,1.7542622580907972,0.0752550791284227,True,False
2126,247862,49.899359787,5866825020,A,True,ok,2.0947427025806817,1.7588802204051146,0.0790226701581785,True,False
2126,247862,49.899359787,5866825020,B,True,ok,2.1011423589493874,1.7537582172565749,0.07459508546697367,True,False
2127,247863,49.921353244,5866847019,A,True,ok,2.113649528360494,1.764318539965934,0.08757234936702707,True,False
2127,247863,49.921353244,5866847019,B,True,ok,2.1032559430851725,1.7550804125675947,0.07624164464646327,True,False
2128,247864,49.943374861,5866869020,A,True,ok,2.0877133511458768,1.7410432385653016,0.061086051906490066,True,False
2128,247864,49.943374861,5866869020,B,True,ok,2.1019070663359756,1.7531763793311907,0.07413879362892045,True,False
2129,247865,49.96535427,5866891019,A,True,ok,2.104334955366403,1.7597948013223825,0.08107219784510152,True,False
2129,247865,49.96535427,5866891019,B,True,ok,2.102273252165306,1.7536993608315525,0.07471431258930632,True,False
2130,247866,49.988365482,5866914019,A,True,ok,2.1181706217688983,1.768233560263537,0.09262151525226507,True,False
2130,247866,49.988365482,5866914019,B,True,ok,2.1047319734480663,1.7542902853224054,0.07573689678722613,True,False
2131,247867,50.026382667,5866952019,A,True,ok,2.1013797692836933,1.7452937488728528,0.06627799627946872,True,False
2131,247867,50.026382667,5866952019,B,True,ok,2.105101585262329,1.7526924424954609,0.07424452217767513,True,False
2132,247868,50.048367707,5866974020,A,True,ok,2.114052468869865,1.7612200360897203,0.08470664390206546,True,False
2132,247868,50.048367707,5866974020,B,True,ok,2.107112409706109,1.753453809046015,0.07542079706101083,True,False
2133,247869,50.070417102,5866996019,A,True,ok,2.085281278041884,1.7441867767358237,0.06435999257809535,True,False
2133,247869,50.070417102,5866996019,B,True,ok,2.105399618277769,1.7517095669103682,0.07334446284194583,True,False
2134,247870,50.092357469,5867018020,A,True,ok,2.112695128759697,1.7566111861010396,0.07990208198305832,True,False
2134,247870,50.092357469,5867018020,B,True,ok,2.107277321393532,1.752655201649901,0.07468121692449316,True,False
2135,247871,50.115356649,5867041020,A,True,ok,2.1183949926666426,1.7726293123416847,0.09688377115612343,True,False
2135,247871,50.115356649,5867041020,B,True,ok,2.1099380385875537,1.7546338781814776,0.07725115633520602,True,False
2136,247872,50.137367706,5867063019,A,True,ok,2.090198822102542,1.7471051008335592,0.06710539537258248,True,False
2136,247872,50.137367706,5867063019,B,True,ok,2.1087384323455565,1.753058066612435,0.07542287414250393,True,False
2137,247873,50.165357837,5867091019,A,True,ok,2.106483307258772,1.7501050033474443,0.07201674050199915,True,False
2137,247873,50.165357837,5867091019,B,True,ok,2.1096702990867993,1.752855186134423,0.07546389078788329,True,False
2138,247874,50.187437856,5867113019,A,True,ok,2.1072620631846535,1.7577231595848943,0.07961701050183896,True,False
2138,247874,50.187437856,5867113019,B,True,ok,2.110599111965286,1.7530882312233114,0.07593558426133713,True,False
2139,247875,50.209489042,5867135019,A,True,ok,2.0811514638388866,1.7580252856411407,0.07852542130785503,True,False
2139,247875,50.209489042,5867135019,B,True,ok,2.1083667674704296,1.7527829536481443,0.07506461542604989,True,False
2140,247876,50.232369019,5867158020,A,True,ok,2.1006206020318925,1.7433148946875932,0.064199478789324,True,False
2140,247876,50.232369019,5867158020,B,True,ok,2.1082660353207596,1.7517969491347065,0.07408407353399843,True,False
2141,247877,50.25437198,5867180019,A,True,ok,2.097033387496619,1.7617737641621531,0.08207567876615489,True,False
2141,247877,50.25437198,5867180019,B,True,ok,2.107491261816939,1.7524006490803126,0.07448354333139152,True,False
2142,247878,50.27639011,5867202019,A,True,ok,2.08573225007051,1.7464982120933497,0.06663502008008088,True,False
2142,247878,50.27639011,5867202019,B,True,ok,2.1051352585401784,1.7522545464984884,0.07382273051560938,True,False
2143,247879,50.298390895,5867224020,A,True,ok,2.113468035412388,1.7629722474967302,0.08622727260429705,True,False
2143,247879,50.298390895,5867224020,B,True,ok,2.1064765857984233,1.7533875565256671,0.07521443566484301,True,False
2144,247880,50.321384698,5867247019,A,True,ok,2.0874627688333516,1.7593091304607162,0.07934970520693779,True,False
2144,247880,50.321384698,5867247019,B,True,ok,2.1048579207673224,1.754101944235766,0.07557682150665379,True,False
2145,247881,50.343389196,5867269019,A,True,ok,2.097750942994312,1.7352545415829035,0.05579553282152518,True,False
2145,247881,50.343389196,5867269019,B,True,ok,2.103943305777599,1.7526383927072042,0.0739645311692953,True,False
2146,247882,50.365375004,5867291020,A,True,ok,2.118446475591343,1.7618556801383192,0.08665768485527235,True,False
2146,247882,50.365375004,5867291020,B,True,ok,2.1051983815802795,1.7549471824495129,0.07647268113372489,True,False
2147,247883,50.388399017,5867314020,A,True,ok,2.0827647045199513,1.7506059049485345,0.0709756529683603,True,False
2147,247883,50.388399017,5867314020,B,True,ok,2.1034696801852286,1.7538403266453872,0.07505881775907372,True,False
2148,247884,50.410373657,5867336020,A,True,ok,2.095497551003219,1.7422031511443519,0.06244561697445295,True,False
2148,247884,50.410373657,5867336020,B,True,ok,2.102934334920148,1.753161515187077,0.07429605860538946,True,False
2149,247885,50.432349513,5867358020,A,True,ok,2.101431593334952,1.7630039364919639,0.08378743819533871,True,False
2149,247885,50.432349513,5867358020,B,True,ok,2.1021155586349796,1.753220494192655,0.07421608673902355,True,False
2150,247886,50.454339834,5867380020,A,True,ok,2.0903274551071567,1.751236019357488,0.07123677197029374,True,False
2150,247886,50.454339834,5867380020,B,True,ok,2.1011675886273458,1.7533081294184123,0.07415387295736023,True,False
2151,247887,50.476371756,5867402020,A,True,ok,2.090616766603201,1.777389705267937,0.09739165823220428,True,False
2151,247887,50.476371756,5867402020,B,True,ok,2.101022829071244,1.7560340053999222,0.07682885355053314,True,False
2152,247888,50.504368159,5867430020,A,True,ok,2.108688475643356,1.7576904972961238,0.0799066486094327,True,False
2152,247888,50.504368159,5867430020,B,True,ok,2.101007382091973,1.756881972382287,0.07766595224362761,True,False
2153,247889,50.544382037,5867470020,A,True,ok,2.118498661970588,1.7441290351338499,0.07017625582283797,True,False
2153,247889,50.544382037,5867470020,B,True,ok,2.102458988783816,1.7557254433289364,0.07674352851465217,True,False
2154,247890,50.566344741,5867492020,A,True,ok,2.0983025693543427,1.7321770133646832,0.05283344945715744,True,False
2154,247890,50.566344741,5867492020,B,True,ok,2.1014770804459717,1.7540980949494167,0.07498167143173118,True,False
2155,247891,50.588374423,5867514020,A,True,ok,2.1071568166157,1.7480686349824794,0.0701975457175164,True,False
2155,247891,50.588374423,5867514020,B,True,ok,2.102883763176448,1.753472678207749,0.07459373832035934,True,False
2156,247892,50.610371048,5867536020,A,True,ok,2.1012913627703007,1.7604395324587572,0.08122815555824221,True,False
2156,247892,50.610371048,5867536020,B,True,ok,2.1025558573948513,1.7537232866635015,0.0747848417220273,True,False
2157,247893,50.63336786,5867559020,A,True,ok,2.097866397652885,1.7364091942385271,0.05695504724493877,True,False
2157,247893,50.63336786,5867559020,B,True,ok,2.1022630284937636,1.750710463087604,0.07176594915349675,True,False
2158,247894,50.655376421,5867581020,A,True,ok,2.109551702020101,1.7583393314786468,0.08074230556780096,True,False
2158,247894,50.655376421,5867581020,B,True,ok,2.1040788622821025,1.7515560083741972,0.0729278869679261,True,False
2159,247895,50.67737119,5867603020,A,True,ok,2.079453761930048,1.7440272364520488,0.06488998493692752,True,False
2159,247895,50.67737119,5867603020,B,True,ok,2.1017557943480534,1.749114062455889,0.07010672100383997,True,False
2160,247896,50.699378247,5867625020,A,True,ok,2.095891564476475,1.7589170998675592,0.07913671198304097,True,False
2160,247896,50.699378247,5867625020,B,True,ok,2.100928709157929,1.7501863843795549,0.07103214227470009,True,False
2161,247897,50.722392627,5867648020,A,True,ok,2.1050796478481817,1.7669797060953671,0.08827720573093392,True,False
2161,247897,50.722392627,5867648020,B,True,ok,2.102115945487291,1.7523331964005107,0.07334089879845944,True,False
2162,247898,50.744380964,5867670020,A,True,ok,2.073179052527745,1.7461176217946908,0.06822378020639237,True,False
2162,247898,50.744380964,5867670020,B,True,ok,2.098384336977834,1.7506412092973045,0.07113703365718493,True,False
2163,247899,50.76640159,5867692020,A,True,ok,2.096458764443138,1.7702327646463103,0.09046362503154723,True,False
2163,247899,50.76640159,5867692020,B,True,ok,2.098161670267057,1.7530240144921503,0.07347870136371458,True,False
2164,247900,50.788431591,5867714020,A,True,ok,2.0874867810984608,1.761560450788451,0.08159916299854064,True,False
2164,247900,50.788431591,5867714020,B,True,ok,2.0978848778355905,1.7547119911119273,0.07512691205148063,True,False
2165,247901,50.811458804,5867737020,A,True,ok,2.0737900488032457,1.7704596696836485,0.09190056777341457,True,False
2165,247901,50.811458804,5867737020,B,True,ok,2.0953938894069277,1.7564788359864993,0.07666880980414424,True,False
2166,247902,50.839382373,5867765019,A,True,ok,2.0956747841757735,1.7300729834373352,0.05039351987862387,True,False
2166,247902,50.839382373,5867765019,B,True,ok,2.0956570652313835,1.7533511013328402,0.0735689231521893,True,False
2167,247903,50.861431575,5867787020,A,True,ok,2.106344398402989,1.7460983872493343,0.06808917796624216,True,False
2167,247903,50.861431575,5867787020,B,True,ok,2.0967190858646885,1.7517716056921824,0.07208543194357077,True,False
2168,247904,50.883395783,5867809020,A,True,ok,2.106650389652696,1.7522428116342907,0.07413676084382319,True,False
2168,247904,50.883395783,5867809020,B,True,ok,2.0980425468432475,1.752304488639617,0.07275040643984304,True,False
2169,247905,50.906401459,5867832020,A,True,ok,2.101879348943567,1.7369968731996952,0.058221666807685736,True,False
2169,247905,50.906401459,5867832020,B,True,ok,2.099429737134803,1.750741525654932,0.07136724314711118,True,False
2170,247906,50.928381828,5867854020,A,True,ok,2.1056729462389825,1.7568613374957986,0.0784430140003118,True,False
2170,247906,50.928381828,5867854020,B,True,ok,2.1005875892646504,1.751282618591296,0.07206461517047827,True,False
2171,247907,50.950391381,5867876020,A,True,ok,2.095384717470422,1.7390728875671921,0.05931779857481563,True,False
2171,247907,50.950391381,5867876020,B,True,ok,2.1003423894845854,1.7498772797712427,0.07063851108622976,True,False
2172,247908,50.97239063,5867898019,A,True,ok,2.0949383777709776,1.7691303878571436,0.0892670914423325,True,False
2172,247908,50.97239063,5867898019,B,True,ok,2.1005790712372074,1.7516361280133403,0.07241306225388902,True,False
2173,247909,50.995390546,5867921019,A,True,ok,2.0915507828596303,1.7541940066438892,0.07421021189399216,True,False
2173,247909,50.995390546,5867921019,B,True,ok,2.10049947498315,1.7520326896836862,0.07279386895877998,True,False
2174,247910,51.017386883,5867943019,A,True,ok,2.077225091645978,1.7602070692061862,0.08121805362171403,True,False
2174,247910,51.017386883,5867943019,B,True,ok,2.097558135314446,1.7531504733889154,0.07353990186595238,True,False
2175,247911,51.058404212,5867984020,A,True,ok,2.1136713187593648,1.749769826980867,0.07367604827043582,True,False
2175,247911,51.058404212,5867984020,B,True,ok,2.0995529292923973,1.7526903338979598,0.07331536742226993,True,False
2176,247912,51.090406579,5868016020,A,True,ok,2.111637692775529,1.7615384528733502,0.08436058941014901,True,False
2176,247912,51.090406579,5868016020,B,True,ok,2.100559852731824,1.7539920670971605,0.074741798767681,True,False
2177,247913,51.107391197,5868033020,A,True,ok,2.084677972556538,1.7521187224252874,0.07231482628316704,True,False
2177,247913,51.107391197,5868033020,B,True,ok,2.0997899477985893,1.7539318037179137,0.07457717263937559,True,False
2178,247914,51.129391918,5868055020,A,True,ok,2.11398600824915,1.763960240329826,0.0873192450034381,True,False
2178,247914,51.129391918,5868055020,B,True,ok,2.1010676805627604,1.7556594599629853,0.0764646809640235,True,False
2179,247915,51.15239001,5868078020,A,True,ok,2.106228111734832,1.7750482631134616,0.09642366893747632,True,False
2179,247915,51.15239001,5868078020,B,True,ok,2.1019460788065616,1.7571330991711072,0.07805269877840512,True,False
2180,247916,51.174391595,5868100019,A,True,ok,2.0964469223705233,1.7436808692815433,0.06400637406153055,True,False
2180,247916,51.174391595,5868100019,B,True,ok,2.1028940272330954,1.756349187326197,0.07743031927906878,True,False
2181,247917,51.202412254,5868128019,A,True,ok,2.085524214068285,1.7543862582347713,0.07452078954142015,True,False
2181,247917,51.202412254,5868128019,B,True,ok,2.100277092098527,1.7558393303982445,0.07653249412671528,True,False
2182,247918,51.224407567,5868150019,A,True,ok,2.094501609795311,1.7678804203881058,0.0879956406780441,True,False
2182,247918,51.224407567,5868150019,B,True,ok,2.100016287996406,1.7574590868677264,0.07810400862701575,True,False
2183,247919,51.246407552,5868172019,A,True,ok,2.1044213065753565,1.743253496556085,0.06487664379351864,True,False
2183,247919,51.246407552,5868172019,B,True,ok,2.100407840711425,1.7560064001560654,0.07671568296612069,True,False
2184,247920,51.269425068,5868195019,A,True,ok,2.0875589522066567,1.7380027409884364,0.058054084063922984,True,False
2184,247920,51.269425068,5868195019,B,True,ok,2.0992800573609967,1.7556220170145111,0.07618929663651197,True,False
2185,247921,51.29145107,5868217020,A,True,ok,2.10338326903565,1.7654350131657741,0.08647689497615305,True,False
2185,247921,51.29145107,5868217020,B,True,ok,2.099668650295206,1.7568735438871623,0.07747918783971906,True,False
2186,247922,51.313415246,5868239020,A,True,ok,2.1119555805622032,1.753090820041996,0.07631720312114983,True,False
2186,247922,51.313415246,5868239020,B,True,ok,2.1019873852218107,1.7571536933131604,0.07807938137765508,True,False
2187,247923,51.335373694,5868261020,A,True,ok,2.099740147275256,1.7353873932891501,0.05623729904885799,True,False
2187,247923,51.335373694,5868261020,B,True,ok,2.102470200662889,1.7551956419752597,0.0762226375602692,True,False
2188,247924,51.359021916,5868284019,A,True,ok,2.1007308462696277,1.768859581972297,0.08950517510152005,True,False
2188,247924,51.359021916,5868284019,B,True,ok,2.103665939899244,1.7550827410266974,0.07631628865066664,True,False
2189,247925,51.380396796,5868306020,A,True,ok,2.1219034971946473,1.7552473284618335,0.08173122765437914,True,False
2189,247925,51.380396796,5868306020,B,True,ok,2.1069253684166767,1.7547360733960933,0.07662864192132399,True,False
2190,247926,51.402401773,5868328020,A,True,ok,2.1003994857972135,1.7319097674834907,0.052941224627283796,True,False
2190,247926,51.402401773,5868328020,B,True,ok,2.10712432877806,1.7526895656900225,0.07467941882676386,True,False
2191,247927,51.425413625,5868351020,A,True,ok,2.1016486503920775,1.754533189922305,0.07543797091618538,True,False
2191,247927,51.425413625,5868351020,B,True,ok,2.1077169571475376,1.7520013511942085,0.07414907379299791,True,False
2192,247928,51.44740353,5868373019,A,True,ok,2.0985394999718143,1.756506545850861,0.07698165117609869,True,False
2192,247928,51.44740353,5868373019,B,True,ok,2.1081914165197637,1.7527806930659355,0.0750197101977438,True,False
2193,247929,51.469404827,5868395020,A,True,ok,2.1048125049977764,1.7631841369152639,0.08449266795791532,True,False
2193,247929,51.469404827,5868395020,B,True,ok,2.1078913532564836,1.7533649645626108,0.0755150219931203,True,False
2194,247930,51.491413036,5868417020,A,True,ok,2.1038501343222937,1.7710833283627234,0.09213033662359696,True,False
2194,247930,51.491413036,5868417020,B,True,ok,2.1078940481123354,1.7553374103504635,0.07743334137282672,True,False
2195,247931,51.523397578,5868449020,A,True,ok,2.0987358406528656,1.7868862575649982,0.10724265461169548,True,False
2195,247931,51.523397578,5868449020,B,True,ok,2.1091657516832503,1.7594852318364778,0.08176324429523724,True,False
2196,247932,51.575409828,5868501019,A,True,ok,2.097524072430817,1.7619333591450008,0.08227810770021318,True,False
2196,247932,51.575409828,5868501019,B,True,ok,2.107723040164808,1.7610568549994372,0.08297180180689821,True,False
2197,247933,51.598541076,5868523020,A,True,ok,2.0838963505260097,1.7527927889017825,0.07304823511215595,True,False
2197,247933,51.598541076,5868523020,B,True,ok,2.1048491461992547,1.7608404537077378,0.08219292000239284,True,False
2198,247934,51.620403009,5868546019,A,True,ok,2.10646842905778,1.7572199202881646,0.0789564769030486,True,False
2198,247934,51.620403009,5868546019,B,True,ok,2.10402146634317,1.7620545832548027,0.0832439556456324,True,False
2199,247935,51.642401874,5868568020,A,True,ok,2.1130964124672764,1.7700899679520092,0.09300347624929205,True,False
2199,247935,51.642401874,5868568020,B,True,ok,2.1053502115329787,1.7623456114800637,0.08376412552001491,True,False
2200,247936,51.664400803,5868590019,A,True,ok,2.1001909248704638,1.7407911097903825,0.061639386590570416,True,False
2200,247936,51.664400803,5868590019,B,True,ok,2.1056943073839927,1.7596663597585882,0.08119753790262402,True,False
2201,247937,51.686413236,5868612019,A,True,ok,2.108701383277295,1.7477941894342204,0.07032633829176141,True,False
2201,247937,51.686413236,5868612019,B,True,ok,2.1071221015323447,1.7583467732890192,0.08019590541720263,True,False
2202,247938,51.709393056,5868635020,A,True,ok,2.108153583587831,1.7557684412633163,0.0779128313473012,True,False
2202,247938,51.709393056,5868635020,B,True,ok,2.10807812023473,1.7573050888823771,0.07939077527227958,True,False
2203,247939,51.731410545,5868657020,A,True,ok,2.085773267293247,1.7525157222258474,0.07263879982014157,True,False
2203,247939,51.731410545,5868657020,B,True,ok,2.1065780106149097,1.7567465034885617,0.07851659845961158,True,False
2204,247940,51.753407042,5868679020,A,True,ok,2.104905263101043,1.7436444062457561,0.0653664846422551,True,False
2204,247940,51.753407042,5868679020,B,True,ok,2.1069181542221673,1.7541814450608684,0.07608620593513442,True,False
2205,247941,51.775385683,5868701020,A,True,ok,2.1067997188247376,1.750919606067522,0.07288224116588875,True,False
2205,247941,51.775385683,5868701020,B,True,ok,2.1073058516888348,1.7543981490315128,0.07638440339487604,True,False
2206,247942,51.798420384,5868724020,A,True,ok,2.0696659520786427,1.7747453989865258,0.0969028592662984,True,False
2206,247942,51.798420384,5868724020,B,True,ok,2.1031743407865378,1.756530061155316,0.07765573717115988,True,False
2207,247943,51.82041048,5868746020,A,True,ok,2.093244171245138,1.7610100443875265,0.08107497726633543,True,False
2207,247943,51.82041048,5868746020,B,True,ok,2.1009383870346587,1.7574060668908846,0.07817510794643082,True,False
2208,247944,51.842971024,5868768020,A,True,ok,2.1254128993297443,1.7731319255476876,0.09963748790068253,True,False
2208,247944,51.842971024,5868768020,B,True,ok,2.103688297395656,1.7593158726817903,0.08048836651880764,True,False
2209,247945,51.864383154,5868790020,A,True,ok,2.0972408914557312,1.7403613859299756,0.06079413968846952,True,False
2209,247945,51.864383154,5868790020,B,True,ok,2.1040205923621507,1.7570534926078225,0.07831869338318515,True,False
2210,247946,51.892412997,5868818019,A,True,ok,2.080696388916844,1.7618370704104294,0.08236421111470807,True,False
2210,247946,51.892412997,5868818019,B,True,ok,2.102171409336958,1.757753194519568,0.07870007918195232,True,False
2211,247947,51.914391222,5868840019,A,True,ok,2.1029311765732133,1.7706285995451692,0.09154648209017248,True,False
2211,247947,51.914391222,5868840019,B,True,ok,2.1016822778908795,1.7591810418467089,0.08003819716016851,True,False
2212,247948,51.936405543,5868862019,A,True,ok,2.1107699227608903,1.7407215816452795,0.06417554182862581,True,False
2212,247948,51.936405543,5868862019,B,True,ok,2.10354167908425,1.7576679290564823,0.0788396110869631,True,False
2213,247949,51.959458484,5868885019,A,True,ok,2.086699577159931,1.7454487864640105,0.06553194976906225,True,False
2213,247949,51.959458484,5868885019,B,True,ok,2.102350817137213,1.7574039646609332,0.07838313867910546,True,False
2214,247950,51.981436709,5868907020,A,True,ok,2.089586099178592,1.7608274309445013,0.08082849068848251,True,False
2214,247950,51.981436709,5868907020,B,True,ok,2.1009724675587855,1.7573034600234836,0.07807829388460623,True,False
2215,247951,52.003415605,5868929020,A,True,ok,2.1034906883190585,1.767936663628402,0.08896547353561779,True,False
2215,247951,52.003415605,5868929020,B,True,ok,2.1006116074874863,1.7585507261737923,0.07926425925913004,True,False
2216,247952,52.025432647,5868951020,A,True,ok,2.0973936750802222,1.7418779797842157,0.06231814192807509,True,False
2216,247952,52.025432647,5868951020,B,True,ok,2.100008698423653,1.7574715006329227,0.07811534711215579,True,False
2217,247953,52.048388018,5868974020,A,True,ok,2.105931185125988,1.7620306626467848,0.08356334288304364,True,False
2217,247953,52.048388018,5868974020,B,True,ok,2.1009156112578746,1.7575678118854372,0.0783320879960928,True,False
2218,247954,52.089438692,5869015019,A,True,ok,2.1170233032981796,1.7509403294715176,0.07591303752764002,True,False
2218,247954,52.089438692,5869015019,B,True,ok,2.10165829081098,1.7562232188002989,0.07710962863943537,True,False
2219,247955,52.111423317,5869037019,A,True,ok,2.1044054875595033,1.7468351725270956,0.06837001066661944,True,False
2219,247955,52.111423317,5869037019,B,True,ok,2.1029669010997867,1.7550037060411519,0.07611633493567055,True,False
2220,247956,52.13447165,5869060019,A,True,ok,2.1013758031305434,1.743768149733339,0.06477488569869067,True,False
2220,247956,52.13447165,5869060019,B,True,ok,2.103165202550449,1.7522834113992172,0.07347253991596345,True,False
2221,247957,52.156391793,5869082019,A,True,ok,2.1206133003889964,1.770020818567363,0.09508376273709945,True,False
2221,247957,52.156391793,5869082019,B,True,ok,2.104723417554574,1.7541556051136566,0.07560312688149168,True,False
2222,247958,52.178387074,5869104019,A,True,ok,2.112487193717944,1.7638800632061136,0.08684203408931628,True,False
2222,247958,52.178387074,5869104019,B,True,ok,2.106889577726502,1.7547640666039828,0.07664804949210605,True,False
2223,247959,52.200395923,5869126020,A,True,ok,2.078113103652318,1.7464337925445685,0.06748886646429404,True,False
2223,247959,52.200395923,5869126020,B,True,ok,2.1047879503891176,1.7524494660919212,0.07394327970624144,True,False
2224,247960,52.228427687,5869154019,A,True,ok,2.1061398533607547,1.7524022071145462,0.07417933985662263,True,False
2224,247960,52.228427687,5869154019,B,True,ok,2.1060570041743243,1.7520620342028526,0.0738292906406893,True,False
2225,247961,52.250392631,5869176020,A,True,ok,2.1150426587680653,1.747995722673213,0.07246070010720479,True,False
2225,247961,52.250392631,5869176020,B,True,ok,2.1076454185294895,1.7509717606984234,0.07313242517320989,True,False
2226,247962,52.272414568,5869198020,A,True,ok,2.1135530149425397,1.7465096253577543,0.0705568903659476,True,False
2226,247962,52.272414568,5869198020,B,True,ok,2.109436042421101,1.7501029469465736,0.07274739112565459,True,False
2227,247963,52.295385332,5869221020,A,True,ok,2.0922202073184315,1.753206957034386,0.0732406163188928,True,False
2227,247963,52.295385332,5869221020,B,True,ok,2.10847472306655,1.750677884399804,0.07305257514706649,True,False
2228,247964,52.317396581,5869243019,A,True,ok,2.112127078896677,1.7583904590708221,0.08145349405540575,True,False
2228,247964,52.317396581,5869243019,B,True,ok,2.109165721738595,1.7529821961157157,0.07545678127003602,True,False
2229,247965,52.339405878,5869265020,A,True,ok,2.1182627411458315,1.743779386078791,0.06976096778044122,True,False
2229,247965,52.339405878,5869265020,B,True,ok,2.111062992540233,1.7517447869919118,0.07477274981746178,True,False
2230,247966,52.361423016,5869287019,A,True,ok,2.1102672339466473,1.7552100041740946,0.07789291045862562,True,False
2230,247966,52.361423016,5869287019,B,True,ok,2.1116460798422376,1.7519631116202483,0.07514813508401162,True,False
2231,247967,52.384403187,5869310020,A,True,ok,2.1201092464994424,1.7546541730383582,0.08049728117648036,True,False
2231,247967,52.384403187,5869310020,B,True,ok,2.113188050959079,1.752404708655027,0.0760271500366822,True,False
2232,247968,52.406424805,5869332019,A,True,ok,2.1003016103153658,1.7295366575953586,0.05059647834394659,True,False
2232,247968,52.406424805,5869332019,B,True,ok,2.11190095090913,1.7494083867554384,0.07278169964157649,True,False
2233,247969,52.428406005,5869354019,A,True,ok,2.10451929392339,1.7343896460122707,0.05629425804976842,True,False
2233,247969,52.428406005,5869354019,B,True,ok,2.112169435959982,1.7474657139011383,0.07101483255612168,True,False
2234,247970,52.451409665,5869377020,A,True,ok,2.1156851988554597,1.7533768700108054,0.07774248833699089,True,False
2234,247970,52.451409665,5869377020,B,True,ok,2.1139189241738037,1.7484791838239566,0.07253629126738854,True,False
2235,247971,52.473448595,5869399020,A,True,ok,2.0981714281316837,1.7555711408507488,0.07601164099790901,True,False
2235,247971,52.473448595,5869399020,B,True,ok,2.113185616954192,1.7481863736673755,0.07202051365724547,True,False
2236,247972,52.495408739,5869421020,A,True,ok,2.093184249076942,1.7751999098091331,0.09525314834613656,True,False
2236,247972,52.495408739,5869421020,B,True,ok,2.1124231339586395,1.7503768166483404,0.0738626648455174,True,False
2237,247973,52.517440437,5869443019,A,True,ok,2.1017867648397774,1.774891046331557,0.09562028288645633,True,False
2237,247973,52.517440437,5869443019,B,True,ok,2.1124132102791613,1.7527727284114802,0.0761460569922631,True,False
2238,247974,52.539396997,5869465019,A,True,ok,2.0753406337182363,1.7828414091192957,0.10388095325624072,True,False
2238,247974,52.539396997,5869465019,B,True,ok,2.10859495666407,1.7557590244175099,0.07800770599134105,True,False
2239,247975,52.591448,5869517020,A,True,ok,2.102155047667361,1.7454096871339864,0.06652948485267123,True,False
2239,247975,52.591448,5869517020,B,True,ok,2.1080156947558004,1.753507863693249,0.07568336199112374,True,False
2240,247976,52.613418576,5869539019,A,True,ok,2.1065023830172045,1.7312974579093106,0.05388652738119259,True,False
2240,247976,52.613418576,5869539019,B,True,ok,2.1072417420272194,1.7520956808227937,0.07412870470631018,True,False
2241,247977,52.635437858,5869561020,A,True,ok,2.1192692685528085,1.7530461631379919,0.07869200741370477,True,False
2241,247977,52.635437858,5869561020,B,True,ok,2.1098564850658645,1.7537516709292928,0.07637793506002645,True,False
2242,247978,52.658436974,5869584019,A,True,ok,2.115553992756388,1.7576392222117927,0.08173649962804666,True,False
2242,247978,52.658436974,5869584019,B,True,ok,2.1112835005299098,1.7534041266847165,0.07642743754145226,True,False
2243,247979,52.680432351,5869606019,A,True,ok,2.1128770348434864,1.7568812292120615,0.08021273046336001,True,False
2243,247979,52.680432351,5869606019,B,True,ok,2.111882527113023,1.752833498835571,0.07604974388834795,True,False
2244,247980,52.70245256,5869628020,A,True,ok,2.1067751566320023,1.7524688739131267,0.07438510312061734,True,False
2244,247980,52.70245256,5869628020,B,True,ok,2.111322703939001,1.754013493894434,0.07702372999103407,True,False
2245,247981,52.725433276,5869651020,A,True,ok,2.0915519080640967,1.765570772744163,0.0855848442580379,True,False
2245,247981,52.725433276,5869651020,B,True,ok,2.1093084739839636,1.7560222914097927,0.07843599912530506,True,False
2246,247982,52.747416108,5869673019,A,True,ok,2.0926550646413897,1.7382568101330034,0.05831728127341646,True,False
2246,247982,52.747416108,5869673019,B,True,ok,2.107685405358207,1.752585588434172,0.07470904370301563,True,False
2247,247983,52.76943091,5869695020,A,True,ok,2.1255931940103463,1.7529028320018913,0.08112766712875555,True,False
2247,247983,52.76943091,5869695020,B,True,ok,2.109654816502263,1.7527102863494364,0.07531996782231574,True,False
2248,247984,52.791436175,5869717020,A,True,ok,2.1096867993253814,1.7212424524431622,0.04570021828399011,True,False
2248,247984,52.791436175,5869717020,B,True,ok,2.1096307139929307,1.7498121966584559,0.07251970583331939,True,False
2249,247985,52.814414042,5869740020,A,True,ok,2.083834156016983,1.7635253123868275,0.083752584684534,True,False
2249,247985,52.814414042,5869740020,B,True,ok,2.1062537675019883,1.7510892964389937,0.07292374802627623,True,False
2250,247986,52.836441292,5869762020,A,True,ok,2.0989878769399515,1.7774211792054215,0.09783490220602555,True,False
2250,247986,52.836441292,5869762020,B,True,ok,2.105346104683096,1.753864896646549,0.07544220228459621,True,False
2251,247987,52.858423581,5869784020,A,True,ok,2.088570418482753,1.748405364881655,0.0684203014309849,True,False
2251,247987,52.858423581,5869784020,B,True,ok,2.1037058903598074,1.7541864683358537,0.0754419214674553,True,False
2252,247988,52.880413805,5869806019,A,True,ok,2.0954284763895674,1.7859763666335535,0.10611530823006388,True,False
2252,247988,52.880413805,5869806019,B,True,ok,2.1028445579392367,1.7578684101035322,0.07892066878015101,True,False
2253,247989,52.908438881,5869834020,A,True,ok,2.085353887859417,1.7704174713709424,0.09053676318014728,True,False
2253,247989,52.908438881,5869834020,B,True,ok,2.1006106830503772,1.7590024608136003,0.07971182728679624,True,False
2254,247990,52.930416561,5869856020,A,True,ok,2.0912046364113155,1.7447703249012378,0.06478152619918263,True,False
2254,247990,52.930416561,5869856020,B,True,ok,2.0993199838082974,1.7573263983255425,0.0778860319709985,True,False
2255,247991,52.952439491,5869878020,A,True,ok,2.1035181093065236,1.7575503978256808,0.07871977821452808,True,False
2255,247991,52.952439491,5869878020,B,True,ok,2.100557092227035,1.7585872599967936,0.07929318779122053,True,False
2256,247992,52.975440655,5869901020,A,True,ok,2.091137927641565,1.7624121603040952,0.08242001604771339,True,False
2256,247992,52.975440655,5869901020,B,True,ok,2.0996900302510686,1.7600372968171603,0.08062174376720493,True,False
2257,247993,52.997406687,5869923020,A,True,ok,2.093179692594613,1.7547351082885878,0.07480271957558222,True,False
2257,247993,52.997406687,5869923020,B,True,ok,2.097476455976831,1.7598246705666076,0.08017403211165655,True,False
2258,247994,53.019447601,5869945020,A,True,ok,2.081412794945366,1.7469934512825824,0.06754156205923939,True,False
2258,247994,53.019447601,5869945020,B,True,ok,2.095035856186051,1.7578951127563893,0.07805772504279898,True,False
2259,247995,53.041407809,5869967019,A,True,ok,2.107782707666498,1.7556160976299382,0.07767894768038822,True,False
2259,247995,53.041407809,5869967019,B,True,ok,2.0963103662878635,1.758439532949858,0.07869295427215127,True,False
2260,247996,53.064418989,5869990020,A,True,ok,2.1035885437646322,1.7393110810984767,0.06084778436979781,True,False
2260,247996,53.064418989,5869990020,B,True,ok,2.0970152874848695,1.7558921468842934,0.0762156953468414,True,False
2261,247997,53.105437407,5870031020,A,True,ok,2.113079359182423,1.7526802385647973,0.07625663183033424,True,False
2261,247997,53.105437407,5870031020,B,True,ok,2.098210475161288,1.755992183961184,0.07643444201120708,True,False
2262,247998,53.128496269,5870054019,A,True,ok,2.083775808247889,1.7462483831505105,0.06654012949359121,True,False
2262,247998,53.128496269,5870054019,B,True,ok,2.096495955444675,1.7548949985093096,0.07517618132659244,True,False
2263,247999,53.150543071,5870076019,A,True,ok,2.1006589302166194,1.7477925361457032,0.06862536521162745,True,False
2263,247999,53.150543071,5870076019,B,True,ok,2.0975985010125062,1.7535147775473863,0.07390642553580005,True,False
2264,248000,53.172444269,5870098020,A,True,ok,2.095175566546084,1.7610844532831522,0.08124946186468344,True,False
2264,248000,53.172444269,5870098020,B,True,ok,2.0980576578040298,1.7550994415335364,0.07553047046017852,True,False
2265,248001,53.194437822,5870120020,A,True,ok,2.0884759995350812,1.7389090867154082,0.05892879665376313,True,False
2265,248001,53.194437822,5870120020,B,True,ok,2.0964934469326164,1.7515057760946173,0.07180000604429126,True,False
2266,248002,53.217439466,5870143019,A,True,ok,2.0900519243263664,1.7573538323703743,0.07735384979766458,True,False
2266,248002,53.217439466,5870143019,B,True,ok,2.0959197123120683,1.7509987201563508,0.07124507883143566,True,False
2267,248003,53.245463038,5870171020,A,True,ok,2.10170156369297,1.7481161895961341,0.06911397744275129,True,False
2267,248003,53.245463038,5870171020,B,True,ok,2.0972725682440467,1.749900095251746,0.07027740437059055,True,False
2268,248004,53.267470095,5870193020,A,True,ok,2.105751584995073,1.7680975472283664,0.08949463814950746,True,False
2268,248004,53.267470095,5870193020,B,True,ok,2.098377957175002,1.75094615712181,0.0714391165733362,True,False
2269,248005,53.289449567,5870215020,A,True,ok,2.095804198081387,1.745710251508794,0.06596609635803051,True,False
2269,248005,53.289449567,5870215020,B,True,ok,2.098323856372507,1.750192441842377,0.0706842661184625,True,False
2270,248006,53.312453996,5870238020,A,True,ok,2.091414799468947,1.7338071667063564,0.053825763780024204,True,False
2270,248006,53.312453996,5870238020,B,True,ok,2.097207644390639,1.7498046924300479,0.07017581651050102,True,False
2271,248007,53.334445916,5870260019,A,True,ok,2.0966227190086895,1.7539297222888663,0.07422576537009887,True,False
2271,248007,53.334445916,5870260019,B,True,ok,2.095858541972298,1.750241552161006,0.07048544646966853,True,False
2272,248008,53.356453134,5870282020,A,True,ok,2.0929321356924984,1.7439876054701797,0.06405475059296231,True,False
2272,248008,53.356453134,5870282020,B,True,ok,2.095048280663186,1.750775686102665,0.07095549930031701,True,False
2273,248009,53.378433822,5870304020,A,True,ok,2.078673466080042,1.7487955295417998,0.06972169859933579,True,False
2273,248009,53.378433822,5870304020,B,True,ok,2.0932158331797366,1.7504819841701622,0.0705553093367388,True,False
2274,248010,53.401448651,5870327020,A,True,ok,2.1135676046360703,1.7478212953712295,0.07179944355016757,True,False
2274,248010,53.401448651,5870327020,B,True,ok,2.0948399521666694,1.749019845450083,0.06918933590466808,True,False
2275,248011,53.423426619,5870349019,A,True,ok,2.108330099572445,1.7580394099102388,0.08016322130175431,True,False
2275,248011,53.423426619,5870349019,B,True,ok,2.0973726706734652,1.7495829835907222,0.06997247943474703,True,False
2276,248012,53.445444012,5870371020,A,True,ok,2.098383817469502,1.74056134589412,0.06113889933478674,True,False
2276,248012,53.445444012,5870371020,B,True,ok,2.0980743474533323,1.747483813778799,0.06796513965945156,True,False
2277,248013,53.46842476,5870394019,A,True,ok,2.1025473091075373,1.7363443895093507,0.057724563186060784,True,False
2277,248013,53.46842476,5870394019,B,True,ok,2.0995796089298344,1.746070945294889,0.06676180584292785,True,False
2278,248014,53.490449866,5870416019,A,True,ok,2.090837229935225,1.758624649233625,0.07862910670403818,True,False
2278,248014,53.490449866,5870416019,B,True,ok,2.0999082445564197,1.7473805647071603,0.0681051672815334,True,False
2280,248015,53.512454875,5870438020,A,True,ok,2.0878915550997155,1.7652893479708769,0.08531540550917441,True,False
2280,248015,53.512454875,5870438020,B,True,ok,2.0992138447624193,1.7485424260918765,0.06915894092499049,True,False
2281,248016,53.534415787,5870460019,A,True,ok,2.0783172330530975,1.7570697970943359,0.07795024482128164,True,False
2281,248016,53.534415787,5870460019,B,True,ok,2.096989381153277,1.7498414886116602,0.07019034819972374,True,False
2282,248017,53.5574526,5870483019,A,True,ok,2.1124562527133373,1.7517173199233365,0.07515089662080869,True,False
2282,248017,53.5574526,5870483019,B,True,ok,2.0987724105786403,1.7495512743187251,0.07010231769862396,True,False
2283,248018,53.610487149,5870536020,A,True,ok,2.0909556896316146,1.7454824905500903,0.06548946412450364,True,False
2283,248018,53.610487149,5870536020,B,True,ok,2.099811826702505,1.745788765420047,0.06651641600938805,True,False
2284,248019,53.63245171,5870558019,A,True,ok,2.100941015818265,1.7476707774675533,0.06854954376360688,True,False
2284,248019,53.63245171,5870558019,B,True,ok,2.100704085446724,1.7468873403392609,0.06773842146751641,True,False
2285,248020,53.654433326,5870580020,A,True,ok,2.1052087721503048,1.761280063457038,0.08269072176429487,True,False
2285,248020,53.654433326,5870580020,B,True,ok,2.101325757999023,1.7479282101725502,0.06886591705262189,True,False
2286,248021,53.6764544,5870602020,A,True,ok,2.08465910456197,1.7381045637850476,0.05834951153806383,True,False
2286,248021,53.6764544,5870602020,B,True,ok,2.100037363496076,1.7484660587621264,0.06919790364144932,True,False
2287,248022,53.698459377,5870624020,A,True,ok,2.084309267154827,1.7585148048440014,0.0787207661294449,True,False
2287,248022,53.698459377,5870624020,B,True,ok,2.0985857294343355,1.7496171948766877,0.07014462611218576,True,False
2288,248023,53.721430204,5870647020,A,True,ok,2.1055702433305803,1.7491089351210054,0.07084121251738162,True,False
2288,248023,53.721430204,5870647020,B,True,ok,2.0984705034366344,1.7497554775144541,0.07026788791289777,True,False
2289,248024,53.743457646,5870669020,A,True,ok,2.0811939100431696,1.7463013776800786,0.06688362955614943,True,False
2289,248024,53.743457646,5870669020,B,True,ok,2.096743537102875,1.7490929849094123,0.0694212925286626,True,False
2290,248025,53.765421918,5870691020,A,True,ok,2.096967225480527,1.7514824118388288,0.071821148926987,True,False
2290,248025,53.765421918,5870691020,B,True,ok,2.0978076337967355,1.75005998663225,0.07049369384856334,True,False
2291,248026,53.7874532,5870713020,A,True,ok,2.1021273358350725,1.774234523804,0.09501167165681962,True,False
2291,248026,53.7874532,5870713020,B,True,ok,2.0980430149106657,1.753336237816483,0.07377597078947147,True,False
2292,248027,53.810500797,5870736019,A,True,ok,2.097026076040357,1.749829945272942,0.07018252632491201,True,False
2292,248027,53.810500797,5870736019,B,True,ok,2.097362990908295,1.752699606341319,0.07307151563570025,True,False
2293,248028,53.832484622,5870758020,A,True,ok,2.0931437046766685,1.7516551801558475,0.07172410837550429,True,False
2293,248028,53.832484622,5870758020,B,True,ok,2.0969403826346062,1.7536161181647638,0.07394255719653753,True,False
2294,248029,53.854431933,5870780019,A,True,ok,2.0898030766482183,1.7649404907900075,0.08494071906014118,True,False
2294,248029,53.854431933,5870780019,B,True,ok,2.0961120455062217,1.7547017223690857,0.07495134705379282,True,False
2295,248030,53.876440527,5870802020,A,True,ok,2.0913048887325636,1.7569121087654456,0.07692317732226166,True,False
2295,248030,53.876440527,5870802020,B,True,ok,2.096486262043587,1.7552110327698884,0.07549020496469273,True,False
2296,248031,53.899527101,5870825020,A,True,ok,2.081693402321158,1.7501328222551178,0.07062302968909002,True,False
2296,248031,53.899527101,5870825020,B,True,ok,2.095530889186239,1.7547657310996392,0.07497002922537792,True,False
2297,248032,53.927462126,5870853020,A,True,ok,2.0917353547644897,1.7369092215610844,0.05693567383325887,True,False
2297,248032,53.927462126,5870853020,B,True,ok,2.094889996383344,1.752947675669241,0.0731113907005872,True,False
2298,248033,53.949441918,5870875019,A,True,ok,2.1047393708924966,1.747472728392233,0.06906386993934419,True,False
2298,248033,53.949441918,5870875019,B,True,ok,2.0963885648815763,1.7521870877676398,0.07246923072324589,True,False
2299,248034,53.971436335,5870897020,A,True,ok,2.115625266092832,1.7448313179110901,0.0697119361689036,True,False
2299,248034,53.971436335,5870897020,B,True,ok,2.0988798168223863,1.7520969774511124,0.07264176005842199,True,False
2300,248035,53.994453692,5870920020,A,True,ok,2.083568701496816,1.757165496268071,0.07743303826361676,True,False
2300,248035,53.994453692,5870920020,B,True,ok,2.0971801319100316,1.7521714270662583,0.07252771317934754,True,False
2301,248036,54.016446445,5870942020,A,True,ok,2.0799414993105536,1.7468946214135732,0.06764660974642327,True,False
2301,248036,54.016446445,5870942020,B,True,ok,2.0953306693429883,1.7522040283304368,0.07240053689570818,True,False
2302,248037,54.038473726,5870964020,A,True,ok,2.094966422693115,1.742360532146084,0.06255798369440525,True,False
2302,248037,54.038473726,5870964020,B,True,ok,2.0954294120603603,1.750785597771971,0.07099351637478223,True,False
2303,248038,54.060430926,5870986020,A,True,ok,2.106055734851489,1.738111092565029,0.06028835460288074,True,False
2303,248038,54.060430926,5870986020,B,True,ok,2.097107387006041,1.7502801378779045,0.07063860651365451,True,False
2304,248039,54.083458043,5871009020,A,True,ok,2.0867269911297646,1.7395968191337012,0.05968662696048206,True,False
2304,248039,54.083458043,5871009020,B,True,ok,2.0958655936745325,1.749689926505569,0.06993633565970077,True,False
2305,248040,54.124466093,5871050020,A,True,ok,2.104519042726081,1.7294006759454705,0.05149009016841174,True,False
2305,248040,54.124466093,5871050020,B,True,ok,2.097606717978864,1.7457018905947543,0.06614076342268098,True,False
2306,248041,54.147477529,5871073020,A,True,ok,2.0935465840901037,1.752563299594631,0.07264991883524963,True,False
2306,248041,54.147477529,5871073020,B,True,ok,2.0971996323561015,1.7459228842343668,0.06631486539110792,True,False
2307,248042,54.169441961,5871095019,A,True,ok,2.0895253980764545,1.7497225593472534,0.06972417463776186,True,False
2307,248042,54.169441961,5871095019,B,True,ok,2.096114715375066,1.745392124998395,0.06567739151278616,True,False
2308,248043,54.191455674,5871117020,A,True,ok,2.084461820587448,1.7417257309103054,0.06197368221767244,True,False
2308,248043,54.191455674,5871117020,B,True,ok,2.094275269950833,1.7448734493485214,0.06501417048250079,True,False
2309,248044,54.213473036,5871139019,A,True,ok,2.090278127282218,1.746265428691597,0.0662660123627962,True,False
2309,248044,54.213473036,5871139019,B,True,ok,2.094803247405944,1.7444199131899698,0.06459873374181542,True,False
2310,248045,54.236444119,5871162020,A,True,ok,2.082954050547137,1.792376835763149,0.11259750716525697,True,False
2310,248045,54.236444119,5871162020,B,True,ok,2.093782960727119,1.749215099678634,0.06931840170824895,True,False
2311,248046,54.264470443,5871190019,A,True,ok,2.086246912888282,1.7374179172711655,0.05754044565891501,True,False
2311,248046,54.264470443,5871190019,B,True,ok,2.094463400498975,1.74688975056214,0.06703850143223337,True,False
2312,248047,54.286456091,5871212020,A,True,ok,2.09218978571113,1.7408250059964028,0.06086441091412213,True,False
2312,248047,54.286456091,5871212020,B,True,ok,2.0940615475738302,1.7459151038265204,0.06604011721034009,True,False
2313,248048,54.308516046,5871234020,A,True,ok,2.0809909866784144,1.7411278814215732,0.06178818825729089,True,False
2313,248048,54.308516046,5871234020,B,True,ok,2.0922076624797468,1.7455704292269876,0.06560758311838562,True,False
2314,248049,54.331452504,5871257020,A,True,ok,2.0974284788830593,1.7368550369644522,0.05733827279178623,True,False
2314,248049,54.331452504,5871257020,B,True,ok,2.092353108063776,1.744941682190363,0.0649842996674883,True,False
2315,248050,54.353461962,5871279019,A,True,ok,2.1124908032093686,1.7365341235010774,0.06084359743668701,True,False
2315,248050,54.353461962,5871279019,B,True,ok,2.0956609667520074,1.7434914789572715,0.0637433482392398,True,False
2316,248051,54.375481211,5871301020,A,True,ok,2.1076916801996366,1.74009077556,0.06264101576194714,True,False
2316,248051,54.375481211,5871301020,B,True,ok,2.0972222543681394,1.7426199897474968,0.0630351019205547,True,False
2317,248052,54.397455212,5871323019,A,True,ok,2.1008542973668174,1.7551423789112979,0.07592228183989451,True,False
2317,248052,54.397455212,5871323019,B,True,ok,2.0979337529126223,1.7437474847891579,0.06423928900775962,True,False
2318,248053,54.42047756,5871346019,A,True,ok,2.117713980727467,1.740379568786818,0.06643611257926303,True,False
2318,248053,54.42047756,5871346019,B,True,ok,2.100329148981144,1.7427096109522608,0.06355459562029009,True,False
2319,248054,54.442467049,5871368020,A,True,ok,2.096976672093649,1.7356942782000364,0.05612955173280257,True,False
2319,248054,54.442467049,5871368020,B,True,ok,2.1014774378975205,1.7418057282758013,0.0628623864357187,True,False
2320,248055,54.464445049,5871390020,A,True,ok,2.1041857472551397,1.7432175862226074,0.06478964911928072,True,False
2320,248055,54.464445049,5871390020,B,True,ok,2.1021059058492924,1.7407253473442015,0.061920277506692906,True,False
2321,248056,54.487482182,5871413020,A,True,ok,2.096210872468529,1.7514836295506595,0.07175293882870766,True,False
2321,248056,54.487482182,5871413020,B,True,ok,2.102242656259218,1.7413322030806653,0.06254215991640638,True,False
2322,248057,54.509447799,5871435020,A,True,ok,2.090980356375443,1.7567615843220543,0.07676784435070934,True,False
2322,248057,54.509447799,5871435020,B,True,ok,2.101384665774159,1.7432120853512134,0.06422910827061516,True,False
2323,248058,54.531471048,5871457020,A,True,ok,2.0824296833980065,1.7444414537500919,0.06488459489647486,True,False
2323,248058,54.531471048,5871457020,B,True,ok,2.0998213509961388,1.7417837652789814,0.06255951236572765,True,False
2324,248059,54.553456953,5871479019,A,True,ok,2.1052906022909745,1.7666916208523047,0.08802976567287067,True,False
2324,248059,54.553456953,5871479019,B,True,ok,2.1004948384637605,1.744291734757956,0.06514268026852914,True,False
2325,248060,54.575514828,5871501019,A,True,ok,2.086705010089275,1.7506945432163905,0.0707712893699549,True,False
2325,248060,54.575514828,5871501019,B,True,ok,2.100319679333583,1.7456368172176635,0.06644311518895663,True,False
2326,248061,54.628486944,5871554020,A,True,ok,2.0975494227644407,1.76196721991697,0.08231414778149133,True,False
2326,248061,54.628486944,5871554020,B,True,ok,2.100863178841128,1.7484665936162682,0.06932303438215585,True,False
2327,248062,54.650456592,5871576020,A,True,ok,2.097196354067886,1.7483478125346215,0.0687256210604033,True,False
2327,248062,54.650456592,5871576020,B,True,ok,2.1010692718143456,1.7498756160610744,0.070746946919387,True,False
2328,248063,54.672463649,5871598019,A,True,ok,2.087227694406719,1.7673002517900571,0.08734425934719418,True,False
2328,248063,54.672463649,5871598019,B,True,ok,2.099526170819278,1.7527764346466137,0.07339725723997394,True,False
2329,248064,54.694451698,5871620020,A,True,ok,2.0954310222327064,1.7785064914207536,0.09865609385394883,True,False
2329,248064,54.694451698,5871620020,B,True,ok,2.099402755909103,1.7568244487803462,0.07739772444387633,True,False
2330,248065,54.716474755,5871642020,A,True,ok,2.087843348889037,1.745507022748053,0.06554251424326311,True,False
2330,248065,54.716474755,5871642020,B,True,ok,2.0976377651269895,1.7554686772404071,0.07585418050807623,True,False
2331,248066,54.739452975,5871665019,A,True,ok,2.1037547367983174,1.7497898346475773,0.07113236819147231,True,False
2331,248066,54.739452975,5871665019,B,True,ok,2.09884688427089,1.7553506879345635,0.07586826433703689,True,False
2332,248067,54.771490414,5871697019,A,True,ok,2.110017795376711,1.751849482032695,0.07458592494640305,True,False
2332,248067,54.771490414,5871697019,B,True,ok,2.1026549639921432,1.7560714971631655,0.07711692936241657,True,False
2333,248068,54.788453272,5871714019,A,True,ok,2.1036593770173613,1.7540246673113233,0.07527436450116688,True,False
2333,248068,54.788453272,5871714019,B,True,ok,2.1026653071533623,1.7564212126206087,0.07746361561206205,True,False
2334,248069,54.820470391,5871746020,A,True,ok,2.1117798494458144,1.7442544032562997,0.06784534014731984,True,False
2334,248069,54.820470391,5871746020,B,True,ok,2.1040329943202343,1.7563002986382177,0.07758002643640272,True,False
2335,248070,54.837545603,5871763019,A,True,ok,2.1070770690863667,1.7621598105027814,0.08391579559554625,True,False
2335,248070,54.837545603,5871763019,B,True,ok,2.105119936592103,1.7574678553954266,0.07892959585678848,True,False
2336,248071,54.860492526,5871786020,A,True,ok,2.091085204960717,1.755227489665691,0.07523531664855553,True,False
2336,248071,54.860492526,5871786020,B,True,ok,2.1049441196703467,1.7574395850149025,0.07886834624868184,True,False
2337,248072,54.882458622,5871808019,A,True,ok,2.090165829724246,1.7622029409165205,0.0822031081822483,True,False
2337,248072,54.882458622,5871808019,B,True,ok,2.10323922515292,1.7579935543329346,0.07910923839940659,True,False
2338,248073,54.904460751,5871830020,A,True,ok,2.1017792620235087,1.773091607832027,0.09383388760234963,True,False
2338,248073,54.904460751,5871830020,B,True,ok,2.1037792127853896,1.7604670721628022,0.08163832682900031,True,False
2339,248074,54.926488417,5871852020,A,True,ok,2.093371811196242,1.7652323323793038,0.08529900112873086,True,False
2339,248074,54.926488417,5871852020,B,True,ok,2.1038359873685715,1.7608421309124949,0.08201758760739211,True,False
2340,248075,54.954491316,5871880020,A,True,ok,2.114671246216375,1.7565791057004831,0.08045514166139275,True,False
2340,248075,54.954491316,5871880020,B,True,ok,2.105887330378883,1.7611960783037974,0.0827357866855945,True,False
2341,248076,54.976460964,5871902020,A,True,ok,2.1096259085201896,1.7533647952927327,0.07594451575714628,True,False
2341,248076,54.976460964,5871902020,B,True,ok,2.1067770638183183,1.7609470037512744,0.0826673290162007,True,False
2342,248077,54.998480533,5871924020,A,True,ok,2.1066031267350227,1.7865083338938976,0.10779466130673274,True,False
2342,248077,54.998480533,5871924020,B,True,ok,2.1069996567770812,1.7641095576861237,0.08581029090204707,True,False
2343,248078,55.021470881,5871947020,A,True,ok,2.101731567806921,1.7480352405040709,0.06903929050660332,True,False
2343,248078,55.021470881,5871947020,B,True,ok,2.106863659631555,1.7628206805474935,0.08452010496041117,True,False
2344,248079,55.043478963,5871969020,A,True,ok,2.1000352763823154,1.73917312122578,0.060018039352100754,True,False
2344,248079,55.043478963,5871969020,B,True,ok,2.106084793567318,1.7631797033679093,0.08472062108174512,True,False
2345,248080,55.065491076,5871991020,A,True,ok,2.097304524746935,1.7551778093493215,0.07553184163213245,True,False
2345,248080,55.065491076,5871991020,B,True,ok,2.1051486177560945,1.762594049052626,0.083971766438654,True,False
2346,248081,55.087468404,5872013020,A,True,ok,2.0993709686064057,1.7648528145464304,0.0853687014606241,True,False
2346,248081,55.087468404,5872013020,B,True,ok,2.104747782819653,1.7632699040236468,0.08456579695245006,True,False
2347,248082,55.126491504,5872052020,A,True,ok,2.108094791187273,1.7596140425501767,0.08164445626796946,True,False
2347,248082,55.126491504,5872052020,B,True,ok,2.104590881580632,1.763170705357921,0.0844408672091551,True,False
2348,248083,55.149476988,5872075020,A,True,ok,2.125540606180105,1.7589511390179744,0.08658185167738601,True,False
2348,248083,55.149476988,5872075020,B,True,ok,2.108388303712061,1.7624445645487603,0.08447032577800156,True,False
2349,248084,55.171499374,5872097020,A,True,ok,2.1093252556036677,1.7523146776283491,0.07485237541079884,True,False
2349,248084,55.171499374,5872097020,B,True,ok,2.109627168342863,1.7607239642568138,0.08307577349922445,True,False
2350,248085,55.193477758,5872119019,A,True,ok,2.1061753901426976,1.7582095712660273,0.07986476246683699,True,False
2350,248085,55.193477758,5872119019,B,True,ok,2.1106594439497037,1.7613804724199151,0.08396185988649568,True,False
2351,248086,55.215479279,5872141020,A,True,ok,2.109278781831339,1.7919914287253167,0.11363868855648623,True,False
2351,248086,55.215479279,5872141020,B,True,ok,2.1116999914370322,1.7652777139542848,0.08799533013538904,True,False
2352,248087,55.238539773,5872164020,A,True,ok,2.103914562150909,1.7510020591418842,0.07235266022917988,True,False
2352,248087,55.238539773,5872164020,B,True,ok,2.1122500173755596,1.7622265297067523,0.08518371593695677,True,False
2353,248088,55.260465388,5872186019,A,True,ok,2.0859602623756315,1.7535627000019791,0.07367353874801266,True,False
2353,248088,55.260465388,5872186019,B,True,ok,2.111009180808807,1.761009936871944,0.08368987722689962,True,False
2354,248089,55.288547905,5872214020,A,True,ok,2.105922086251438,1.7485703948370896,0.07039468643805878,True,False
2354,248089,55.288547905,5872214020,B,True,ok,2.111733872708399,1.759493133286094,0.08241067565883438,True,False
2355,248090,55.310484368,5872236019,A,True,ok,2.1115608701900044,1.757322368203369,0.08027216047875875,True,False
2355,248090,55.310484368,5872236019,B,True,ok,2.1123697431804325,1.7593412210334456,0.08243442706197812,True,False
2356,248091,55.332473953,5872258020,A,True,ok,2.127489827275731,1.7504550132635948,0.07980849605861204,True,False
2356,248091,55.332473953,5872258020,B,True,ok,2.1143089999249773,1.7577205904852211,0.0814335168264518,True,False
2357,248092,55.355501102,5872281020,A,True,ok,2.0944227434886344,1.7437457975120978,0.06389904037166474,True,False
2357,248092,55.355501102,5872281020,B,True,ok,2.113531976679895,1.7565021466767399,0.08003956754388764,True,False
2358,248093,55.377467454,5872303020,A,True,ok,2.1105544187833716,1.7373309324802975,0.06090418664248508,True,False
2358,248093,55.377467454,5872303020,B,True,ok,2.113502917979252,1.7536287937901838,0.07728897999415489,True,False
2359,248094,55.399500336,5872325019,A,True,ok,2.1104034240228677,1.753046423776033,0.0758424665891396,True,False
2359,248094,55.399500336,5872325019,B,True,ok,2.113920209904423,1.753388158526136,0.07718807066981874,True,False
2360,248095,55.421498209,5872347019,A,True,ok,2.1027666694622362,1.753085060651712,0.07419173767760427,True,False
2360,248095,55.421498209,5872347019,B,True,ok,2.1131878771344366,1.7533875839442874,0.07696372602194862,True,False
2361,248096,55.444501517,5872370020,A,True,ok,2.1039231985571214,1.7416133015727062,0.06316687730725876,True,False
2361,248096,55.444501517,5872370020,B,True,ok,2.11297891094917,1.7511666093837204,0.07478446790333493,True,False
2362,248097,55.466483678,5872392020,A,True,ok,2.123641620562035,1.738229735008507,0.06724924291916533,True,False
2362,248097,55.466483678,5872392020,B,True,ok,2.114409110270915,1.7498107987205063,0.07395506934762981,True,False
2363,248098,55.48861077,5872414020,A,True,ok,2.110780318730301,1.7696030329026338,0.0919811130172025,True,False
2363,248098,55.48861077,5872414020,B,True,ok,2.114161314075146,1.7524513919899605,0.07637390456903966,True,False
2364,248099,55.511513692,5872437020,A,True,ok,2.1108485523301397,1.766046793449772,0.08853650544973128,True,False
2364,248099,55.511513692,5872437020,B,True,ok,2.113794920479649,1.7532133246336237,0.07698304452631889,True,False
2365,248100,55.533469708,5872459020,A,True,ok,2.093876174764525,1.7556612148090598,0.07576043926210987,True,False
2365,248100,55.533469708,5872459020,B,True,ok,2.112079471213461,1.752938056737151,0.07620671341593171,True,False
2366,248101,55.555503582,5872481020,A,True,ok,2.1000322038989268,1.7782179100925917,0.09872893688289203,True,False
2366,248101,55.555503582,5872481020,B,True,ok,2.111900901082701,1.75560018043988,0.07870855576604535,True,False
2367,248102,55.577472526,5872503019,A,True,ok,2.0951401369228324,1.7817319028826346,0.10186167616776821,True,False
2367,248102,55.577472526,5872503019,B,True,ok,2.110550829704934,1.7572952121244432,0.07998053775090463,True,False
2368,248103,55.599493055,5872525020,A,True,ok,2.0790310048116427,1.7706961213863068,0.09135702102171413,True,False
2368,248103,55.599493055,5872525020,B,True,ok,2.107661723566861,1.7585803561883426,0.08054072794579785,True,False
2369,248104,55.650521183,5872576020,A,True,ok,2.086600010232166,1.7792334929535745,0.09929172198218994,True,False
2369,248104,55.650521183,5872576020,B,True,ok,2.106360892679217,1.7608602118154413,0.08249880401617282,True,False
2370,248105,55.672487951,5872598020,A,True,ok,2.11397104602529,1.760677794542653,0.08416363573309514,True,False
2370,248105,55.672487951,5872598020,B,True,ok,2.106923177016958,1.7609208832210057,0.08267153840116293,True,False
2371,248106,55.694513825,5872620020,A,True,ok,2.0948882627617325,1.739400556538058,0.059601352584138255,True,False
2371,248106,55.694513825,5872620020,B,True,ok,2.105489063468824,1.7593358555292022,0.08083371239582975,True,False
2372,248107,55.716483121,5872642019,A,True,ok,2.0999496221768488,1.7565380433525628,0.07718203846557072,True,False
2372,248107,55.716483121,5872642019,B,True,ok,2.1044162869774428,1.7594947080062158,0.08079132336587577,True,False
2373,248108,55.739518974,5872665020,A,True,ok,2.1159477003450253,1.7515213544345531,0.07608276607319307,True,False
2373,248108,55.739518974,5872665020,B,True,ok,2.1049848174236225,1.7590768927391234,0.08048415818342228,True,False
2374,248109,55.76221277,5872687019,A,True,ok,2.1159168981809935,1.7454964271654072,0.07043768581347268,True,False
2374,248109,55.76221277,5872687019,B,True,ok,2.1070033188679296,1.7575674299895965,0.0794091874263643,True,False
2375,248110,55.783480991,5872709020,A,True,ok,2.1040193737037236,1.7572622405887295,0.07852386044913602,True,False
2375,248110,55.783480991,5872709020,B,True,ok,2.1072359208241216,1.7572374557853978,0.07913723234266336,True,False
2376,248111,55.805493553,5872731019,A,True,ok,2.0974932159865274,1.7596474826122128,0.07999918607263143,True,False
2376,248111,55.805493553,5872731019,B,True,ok,2.106499404042114,1.7592271100936854,0.08092691336966881,True,False
2377,248112,55.827500962,5872753019,A,True,ok,2.100657228625142,1.7637621792220193,0.08443742766090305,True,False
2377,248112,55.827500962,5872753019,B,True,ok,2.1058643543992175,1.7596579307532831,0.0812223101887581,True,False
2378,248113,55.850529967,5872776020,A,True,ok,2.1122858352514804,1.7597383495211265,0.0827940990482382,True,False
2378,248113,55.850529967,5872776020,B,True,ok,2.1065077332807913,1.7589136809282535,0.08062179789434097,True,False
2379,248114,55.872500159,5872798019,A,True,ok,2.0827891730519137,1.7336217973849317,0.05410446543554351,True,False
2379,248114,55.872500159,5872798019,B,True,ok,2.1035225282831425,1.755974580510458,0.07716861832965831,True,False
2380,248115,55.894504496,5872820020,A,True,ok,2.0954029919882116,1.7647379523283333,0.08491002818998224,True,False
2380,248115,55.894504496,5872820020,B,True,ok,2.102084310499695,1.7573560997084254,0.07829429559267334,True,False
2381,248116,55.916521538,5872842019,A,True,ok,2.1050493887695607,1.780505732114822,0.10162620867804614,True,False
2381,248116,55.916521538,5872842019,B,True,ok,2.102375129574382,1.7600461159950214,0.08099706487195187,True,False
2382,248117,55.939495373,5872865020,A,True,ok,2.103766397014423,1.7849734162262791,0.10587224282584351,True,False
2382,248117,55.939495373,5872865020,B,True,ok,2.102392243637162,1.7632048915780476,0.08412265856995638,True,False
2383,248118,55.967499456,5872893020,A,True,ok,2.0950827742866553,1.7779884669269168,0.09812020304267909,True,False
2383,248118,55.967499456,5872893020,B,True,ok,2.101826458559689,1.7647547396842538,0.08557587873349402,True,False
2384,248119,55.989522034,5872915020,A,True,ok,2.0928655194312693,1.752461999767051,0.0725186363071665,True,False
2384,248119,55.989522034,5872915020,B,True,ok,2.1012800381319736,1.764154549130975,0.08490716930681685,True,False
2385,248120,56.011532515,5872937019,A,True,ok,2.1038035989318287,1.7410008815656135,0.06254316025955833,True,False
2385,248120,56.011532515,5872937019,B,True,ok,2.101691645142946,1.7638080106105112,0.08461960298087046,True,False
2386,248121,56.034501422,5872960020,A,True,ok,2.101788455997278,1.7673971728164597,0.08818862461287112,True,False
2386,248121,56.034501422,5872960020,B,True,ok,2.10168800214275,1.7646381984557593,0.08544140701045042,True,False
2387,248122,56.056521408,5872982020,A,True,ok,2.12268099107347,1.7534414122650068,0.08038462672067918,True,False
2387,248122,56.056521408,5872982020,B,True,ok,2.1030995394132073,1.7638297460851435,0.08484706395355011,True,False
2388,248123,56.078528433,5873004019,A,True,ok,2.1123749599686774,1.7442822954883859,0.06806505966247356,True,False
2388,248123,56.078528433,5873004019,B,True,ok,2.103847562794412,1.761284314576988,0.08245541092976225,True,False
2389,248124,56.11052552,5873036020,A,True,ok,2.0797781062819474,1.753196877859904,0.07390717177392792,True,False
2389,248124,56.11052552,5873036020,B,True,ok,2.1020032603723653,1.7611459505226628,0.08202891896028644,True,False
2390,248125,56.151490464,5873077019,A,True,ok,2.105622466012847,1.7511462111498612,0.07284123011937133,True,False
2390,248125,56.151490464,5873077019,B,True,ok,2.1030806659475956,1.759030100831732,0.08010530980594431,True,False
2391,248126,56.174492588,5873100020,A,True,ok,2.10177435275495,1.7451651235942842,0.06622030440775961,True,False
2391,248126,56.174492588,5873100020,B,True,ok,2.1038000278953946,1.7562033808651005,0.0774428565148862,True,False
2392,248127,56.196518174,5873122020,A,True,ok,2.1104436946320555,1.757570992879906,0.0802197206837768,True,False
2392,248127,56.196518174,5873122020,B,True,ok,2.105149633089816,1.7555376267826,0.07704183566545791,True,False
2393,248128,56.218481646,5873144019,A,True,ok,2.10897231908776,1.7546352371956624,0.07700887950633081,True,False
2393,248128,56.218481646,5873144019,B,True,ok,2.105942746046052,1.754737661970602,0.07641916819961402,True,False
2394,248129,56.240502112,5873166020,A,True,ok,2.0794210834659546,1.737981330241657,0.058938511447324336,True,False
2394,248129,56.240502112,5873166020,B,True,ok,2.1031860494658496,1.75106061948197,0.07227367115123723,True,False
2395,248130,56.263494764,5873189019,A,True,ok,2.1147442290260248,1.7612330221165589,0.08491808259894781,True,False
2395,248130,56.263494764,5873189019,B,True,ok,2.105877656794171,1.7499934005941404,0.071771694364877,True,False
2396,248131,56.285494333,5873211020,A,True,ok,2.101327684448049,1.7760937593481696,0.09675911853990049,True,False
2396,248131,56.285494333,5873211020,B,True,ok,2.1063308764547046,1.7526535398570522,0.07446633050942628,True,False
2397,248132,56.313501424,5873239020,A,True,ok,2.091159259734241,1.7562496824826193,0.07625849435854144,True,False
2397,248132,56.313501424,5873239020,B,True,ok,2.106374460534189,1.7532830362510656,0.07509012158706851,True,False
2398,248133,56.335508449,5873261020,A,True,ok,2.0978838198086196,1.7598871006810684,0.08027517343489173,True,False
2398,248133,56.335508449,5873261020,B,True,ok,2.1056156904881846,1.753317379642865,0.07496190997512524,True,False
2399,248134,56.357501266,5873283019,A,True,ok,2.095128115239234,1.7458198821878192,0.06601934911164514,True,False
2399,248134,56.357501266,5873283019,B,True,ok,2.1049051444162727,1.7529309489771803,0.07443847559415784,True,False
2400,248135,56.38050003,5873306020,A,True,ok,2.089806391345693,1.7588354360408207,0.07883567377816572,True,False
2400,248135,56.38050003,5873306020,B,True,ok,2.1032668996952752,1.7544705863072123,0.07564310181678476,True,False
2401,248136,56.402529136,5873328020,A,True,ok,2.094549708868094,1.7593256644988635,0.07945603123093099,True,False
2401,248136,56.402529136,5873328020,B,True,ok,2.1011251533956656,1.7554840819387514,0.07629951287009136,True,False
2402,248137,56.424508928,5873350019,A,True,ok,2.1074019164819506,1.7499727154421938,0.07210414414996565,True,False
2402,248137,56.424508928,5873350019,B,True,ok,2.1020378643443,1.7547666333951415,0.07572951635402979,True,False
2403,248138,56.446495025,5873372020,A,True,ok,2.1125464988565588,1.7526217274251754,0.07604117243247434,True,False
2403,248138,56.446495025,5873372020,B,True,ok,2.102273188113384,1.7552162528836976,0.0762109955605546,True,False
2404,248139,56.46953171,5873395019,A,True,ok,2.0881882588018112,1.7544544030399378,0.07447644284069108,True,False
2404,248139,56.46953171,5873395019,B,True,ok,2.1016863481747716,1.7554318989397213,0.07633178965093329,True,False
2405,248140,56.491503278,5873417020,A,True,ok,2.0898870066562787,1.7398619231462222,0.059862029787336395,True,False
2405,248140,56.491503278,5873417020,B,True,ok,2.100376502948094,1.7527607874817086,0.07349696598084972,True,False
2406,248141,56.52391596,5873449020,A,True,ok,2.1067066884424084,1.738581580842223,0.060917280411108415,True,False
2406,248141,56.52391596,5873449020,B,True,ok,2.1008790757012004,1.7505418800595929,0.07137584416631755,True,False
2407,248142,56.541493394,5873467020,A,True,ok,2.0827277942690747,1.7694397972089235,0.08973495584757524,True,False
2407,248142,56.541493394,5873467020,B,True,ok,2.099706030030841,1.7520451538674586,0.07269601924964937,True,False
2408,248143,56.563513124,5873489019,A,True,ok,2.0956275461540335,1.7744354833885296,0.0946030115722594,True,False
2408,248143,56.563513124,5873489019,B,True,ok,2.100148053063303,1.7536408338432803,0.07433677010813182,True,False
2409,248144,56.585519445,5873511019,A,True,ok,2.0892668779053003,1.753664715858872,0.0736683638380418,True,False
2409,248144,56.585519445,5873511019,B,True,ok,2.0993972499012177,1.7533892622545633,0.0739884593701951,True,False
2410,248145,56.60751639,5873533020,A,True,ok,2.1047871492092867,1.7414634233199815,0.06321718269544258,True,False
2410,248145,56.60751639,5873533020,B,True,ok,2.099973282444927,1.7519855961645132,0.072673189126986,True,False
2411,248146,56.629512887,5873555019,A,True,ok,2.113736450538269,1.7760309029365027,0.09892094521867306,True,False
2411,248146,56.629512887,5873555019,B,True,ok,2.1014305383439913,1.754616681022301,0.07548712667479981,True,False
2412,248147,56.682531436,5873608019,A,True,ok,2.099225967878712,1.748070529737844,0.06869290721821102,True,False
2412,248147,56.682531436,5873608019,B,True,ok,2.1007990384613673,1.751541155132151,0.07235161442105204,True,False
2413,248148,56.704503229,5873630020,A,True,ok,2.0898010779478957,1.755022680304286,0.07502294402395804,True,False
2413,248148,56.704503229,5873630020,B,True,ok,2.100066120599205,1.7528458039084063,0.07353800331107534,True,False
2414,248149,56.726503054,5873652020,A,True,ok,2.1029864279649773,1.7538230637278367,0.07495660110659898,True,False
2414,248149,56.726503054,5873652020,B,True,ok,2.10015119156202,1.7534910472363683,0.0741888179851044,True,False
2415,248150,56.748501855,5873674019,A,True,ok,2.0905393928930174,1.7552026163551184,0.07520455073563151,True,False
2415,248150,56.748501855,5873674019,B,True,ok,2.0992198673933493,1.7552155032150443,0.07577847899399467,True,False
2416,248151,56.770590994,5873696019,A,True,ok,2.096118190604275,1.7427272955552089,0.06302496222879296,True,False
2416,248151,56.770590994,5873696019,B,True,ok,2.098536137396755,1.7549739627413317,0.07545833771555586,True,False
2417,248152,56.793514236,5873719020,A,True,ok,2.095826874506575,1.7501457641945586,0.07038736179850755,True,False
2417,248152,56.793514236,5873719020,B,True,ok,2.0977783132007906,1.754500102860109,0.07490505645426371,True,False
2418,248153,56.815521101,5873741020,A,True,ok,2.101979970530307,1.7723713343401253,0.09314495746782132,True,False
2418,248153,56.815521101,5873741020,B,True,ok,2.0984466833416913,1.7558883297592418,0.07635695811857779,True,False
2419,248154,56.837537055,5873763020,A,True,ok,2.1135201134201074,1.7702230792111584,0.09323840280505505,True,False
2419,248154,56.837537055,5873763020,B,True,ok,2.1001669365949533,1.7584384463766103,0.07909460455493902,True,False
2420,248155,56.859495599,5873785020,A,True,ok,2.1025192267147856,1.7345924851275445,0.05600955695180403,True,False
2420,248155,56.859495599,5873785020,B,True,ok,2.102140059104158,1.7557410673761424,0.07670782438793196,True,False
2421,248156,56.882578525,5873808020,A,True,ok,2.0845410902114403,1.7450593756738504,0.06528799322349274,True,False
2421,248156,56.882578525,5873808020,B,True,ok,2.101410704617693,1.7540702701982152,0.07494403983712684,True,False
2422,248157,56.904540365,5873830019,A,True,ok,2.094451033085329,1.7660442503668625,0.08615929849251343,True,False
2422,248157,56.904540365,5873830019,B,True,ok,2.0989950660595325,1.7558280025089874,0.07635965674306273,True,False
2423,248158,56.926529534,5873852019,A,True,ok,2.105491163384814,1.7684070601369646,0.08975402177660835,True,False
2423,248158,56.926529534,5873852019,B,True,ok,2.100509462456979,1.7569604429590888,0.07767469717735519,True,False
2424,248159,56.948537615,5873874019,A,True,ok,2.0962915394943815,1.754908481442903,0.07517222932234428,True,False
2424,248159,56.948537615,5873874019,B,True,ok,2.1001311093956447,1.7561730718940456,0.07684384334064748,True,False
2425,248160,56.971717856,5873897020,A,True,ok,2.0839509730828953,1.762527805127123,0.08274919543865211,True,False
2425,248160,56.971717856,5873897020,B,True,ok,2.0990605061165466,1.75676015937425,0.0772930452126725,True,False
2426,248161,56.999541646,5873925019,A,True,ok,2.100099422580833,1.748192621894435,0.06893643461409672,True,False
2426,248161,56.999541646,5873925019,B,True,ok,2.1003318702188856,1.7562067946255415,0.0769039861731456,True,False
2427,248162,57.021556672,5873947020,A,True,ok,2.091495146115987,1.7310296814485144,0.05105158029527603,True,False
2427,248162,57.021556672,5873947020,B,True,ok,2.1003204226876737,1.7533337402997227,0.07405638791353134,True,False
2428,248163,57.043546513,5873969020,A,True,ok,2.0954134780384575,1.7537746683756383,0.0739730183134924,True,False
2428,248163,57.043546513,5873969020,B,True,ok,2.099080724928272,1.7523267279315966,0.07289454807126626,True,False
2429,248164,57.066552029,5873992020,A,True,ok,2.1123673683708937,1.7535517693517897,0.0768775776323509,True,False
2429,248164,57.066552029,5873992020,B,True,ok,2.1016999999762658,1.7524645967614858,0.0734030502312361,True,False
2430,248165,57.088521677,5874014020,A,True,ok,2.0913124334456454,1.7520244079055405,0.07203636453689859,True,False
2430,248165,57.088521677,5874014020,B,True,ok,2.1012166605749507,1.7533522793478262,0.07420492139996646,True,False
2431,248166,57.110548703,5874036019,A,True,ok,2.0899597365970632,1.749152710647436,0.06915272236889622,True,False
2431,248166,57.110548703,5874036019,B,True,ok,2.0998784163853697,1.7526140745167391,0.07328292385136725,True,False
2432,248167,57.132534064,5874058020,A,True,ok,2.080923236386677,1.7522001154893516,0.07276842937955895,True,False
2432,248167,57.132534064,5874058020,B,True,ok,2.0980930451815945,1.752663753743013,0.07311305279043252,True,False
2433,248168,57.155519995,5874081019,A,True,ok,2.096895046138434,1.7413146285028176,0.06170109666521069,True,False
2433,248168,57.155519995,5874081019,B,True,ok,2.098113499748672,1.7508804261509077,0.07134328061917243,True,False
2434,248169,57.19451103,5874120020,A,True,ok,2.0748365828750397,1.750843340330817,0.07244796814358224,True,False
2434,248169,57.19451103,5874120020,B,True,ok,2.0943136763906853,1.7511789211486406,0.07130951282885027,True,False
2435,248170,57.217535747,5874143020,A,True,ok,2.0931602205191453,1.7408508929360313,0.06093289887115158,True,False
2435,248170,57.217535747,5874143020,B,True,ok,2.0945549915692925,1.749727635394867,0.06987625552328804,True,False
2436,248171,57.239524852,5874165019,A,True,ok,2.100331098444418,1.7582198409555287,0.0788991452056135,True,False
2436,248171,57.239524852,5874165019,B,True,ok,2.0962875855392578,1.7498815345497527,0.07016382688352862,True,False
2437,248172,57.261560518,5874187020,A,True,ok,2.0993560271883305,1.7637195544396698,0.08424072079656977,True,False
2437,248172,57.261560518,5874187020,B,True,ok,2.096077771125335,1.7513253798573245,0.07158386070647207,True,False
2438,248173,57.283594616,5874209019,A,True,ok,2.084193163138712,1.749423518931845,0.06966594817566085,True,False
2438,248173,57.283594616,5874209019,B,True,ok,2.0947820576685046,1.7499922591086021,0.07015543037192923,True,False
2439,248174,57.306657414,5874232020,A,True,ok,2.08758148759069,1.7458068583493356,0.06585128554617223,True,False
2439,248174,57.306657414,5874232020,B,True,ok,2.0943258891734007,1.7481886325608826,0.06832571205383534,True,False
2440,248175,57.334525685,5874260019,A,True,ok,2.0726718972504994,1.7504497031987862,0.07254945779049163,True,False
2440,248175,57.334525685,5874260019,B,True,ok,2.091312247927686,1.748463984526153,0.06847655928725561,True,False
2441,248176,57.356518438,5874282020,A,True,ok,2.090056274285538,1.7531975427926205,0.07319756442445838,True,False
2441,248176,57.356518438,5874282020,B,True,ok,2.090443283419695,1.7496738878486864,0.06967529797669697,True,False
2442,248177,57.378524343,5874304020,A,True,ok,2.093923481876757,1.7502231901547434,0.0703327103526268,True,False
2442,248177,57.378524343,5874304020,B,True,ok,2.0900237332923917,1.7495535758551268,0.06955357990430154,True,False
2443,248178,57.401540036,5874327019,A,True,ok,2.0852607737903095,1.7416803082023489,0.06186211025339637,True,False
2443,248178,57.401540036,5874327019,B,True,ok,2.0892933689390865,1.748378749273419,0.06838240036481145,True,False
2444,248179,57.423521588,5874349019,A,True,ok,2.0785369744230993,1.7335981944266459,0.05481028554179604,True,False
2444,248179,57.423521588,5874349019,B,True,ok,2.0888123341061946,1.746942910940699,0.06695344558340285,True,False
2445,248180,57.445520837,5874371020,A,True,ok,2.091492089131284,1.7388372505509286,0.05885616690176532,True,False
2445,248180,57.445520837,5874371020,B,True,ok,2.089357705801289,1.745764944157423,0.06576808057003543,True,False
2446,248181,57.467562072,5874393019,A,True,ok,2.0954558992349566,1.738768034059587,0.059020747739170404,True,False
2446,248181,57.467562072,5874393019,B,True,ok,2.08996823897463,1.7447534523165504,0.06475346010580833,True,False
2447,248182,57.490580836,5874416019,A,True,ok,2.08536937232469,1.7625408862654226,0.08267067568460285,True,False
2447,248182,57.490580836,5874416019,B,True,ok,2.089483153105952,1.7460176266205387,0.06601964976672292,True,False
2448,248183,57.512558901,5874438020,A,True,ok,2.082286212757838,1.7523884358860446,0.07279827033415935,True,False
2448,248183,57.512558901,5874438020,B,True,ok,2.088199318474091,1.7464375140015245,0.06646191180413424,True,False
2449,248184,57.534532837,5874460019,A,True,ok,2.0896595693091355,1.730392180970629,0.050393330868597284,True,False
2449,248184,57.534532837,5874460019,B,True,ok,2.0884320914962706,1.744178989330672,0.06419813866914362,True,False
2450,248185,57.557540337,5874483020,A,True,ok,2.0756923611024454,1.7622765254483475,0.08351128768421302,True,False
2450,248185,57.557540337,5874483020,B,True,ok,2.086530338314596,1.7457703626382173,0.0658618186339686,True,False
2451,248186,57.579562403,5874505019,A,True,ok,2.0790751706247863,1.7501122002606442,0.07095824492098302,True,False
2451,248186,57.579562403,5874505019,B,True,ok,2.0853635284089287,1.7454541502329528,0.06561815794071618,True,False
2452,248187,57.602058562,5874527019,A,True,ok,2.0933252975287187,1.7571569170543977,0.0772285404043979,True,False
2452,248187,57.602058562,5874527019,B,True,ok,2.0857577290465645,1.7461043615652578,0.06624034632150338,True,False
2453,248188,57.623522468,5874549019,A,True,ok,2.072482271415593,1.7258239014563024,0.04905813652630785,True,False
2453,248188,57.623522468,5874549019,B,True,ok,2.0843271982294467,1.7445241481867242,0.06477303743958857,True,False
2454,248189,57.645528534,5874571020,A,True,ok,2.1063237909980566,1.7695094830557758,0.09098578850271326,True,False
2454,248189,57.645528534,5874571020,B,True,ok,2.087186559789572,1.7478034515202845,0.06786179693967166,True,False
2455,248190,57.695531706,5874621019,A,True,ok,2.0902105655090364,1.748594390580541,0.06859471376825926,True,False
2455,248190,57.695531706,5874621019,B,True,ok,2.0872864470516177,1.7465258752409378,0.0665811943883294,True,False
2456,248191,57.717574988,5874643020,A,True,ok,2.077011247442193,1.744086054997365,0.06538906742058047,True,False
2456,248191,57.717574988,5874643020,B,True,ok,2.086280792215934,1.7470181076094173,0.06712122804365625,True,False
2457,248192,57.740536791,5874666019,A,True,ok,2.0916805169860235,1.7428569110694208,0.06287937186812056,True,False
2457,248192,57.740536791,5874666019,B,True,ok,2.086875178567141,1.746781978666699,0.066855046059566,True,False
2458,248193,57.762563465,5874688019,A,True,ok,2.091066387300669,1.7397528914509448,0.059762406399202404,True,False
2458,248193,57.762563465,5874688019,B,True,ok,2.0876131653199534,1.7459712304321504,0.06601439407070074,True,False
2459,248194,57.784536089,5874710019,A,True,ok,2.085753757353423,1.7526254650123025,0.072749493090102,True,False
2459,248194,57.784536089,5874710019,B,True,ok,2.08690888935449,1.7473939591229288,0.0674648107629881,True,False
2460,248195,57.806540682,5874732019,A,True,ok,2.0893187276201743,1.7326874443572713,0.05269184875249755,True,False
2460,248195,57.806540682,5874732019,B,True,ok,2.0876987272738923,1.745592500486073,0.065632857443322,True,False
2461,248196,57.82953071,5874755020,A,True,ok,2.0955414399075436,1.74141295050043,0.06166245247650473,True,False
2461,248196,57.82953071,5874755020,B,True,ok,2.088737407465825,1.7438100508488688,0.06382254091810022,True,False
2462,248197,57.851547176,5874777019,A,True,ok,2.099503587489174,1.7430825205839304,0.06379437732579889,True,False
2462,248197,57.851547176,5874777019,B,True,ok,2.0902834973588615,1.743573992969841,0.06357462507071426,True,False
2463,248198,57.873529624,5874799020,A,True,ok,2.0980813417801163,1.7643487003077964,0.08473494750444781,True,False
2463,248198,57.873529624,5874799020,B,True,ok,2.0926214717316083,1.745873479418983,0.06592562024587105,True,False
2464,248199,57.896556997,5874822020,A,True,ok,2.093764957394023,1.7157179422437203,0.03591582245062131,True,False
2464,248199,57.896556997,5874822020,B,True,ok,2.0934269774964562,1.7422994408589918,0.062393625524601815,True,False
2465,248200,57.918542038,5874844019,A,True,ok,2.0906421238639687,1.7581357895395726,0.0781384279981948,True,False
2465,248200,57.918542038,5874844019,B,True,ok,2.093816204166432,1.7437206493382646,0.06383482252133227,True,False
2466,248201,57.940566247,5874866020,A,True,ok,2.0911337449902976,1.807733343856196,0.1277383752456099,True,False
2466,248201,57.940566247,5874866020,B,True,ok,2.093601090559843,1.7509265218418186,0.07101788052172617,True,False
2467,248202,57.962535704,5874888019,A,True,ok,2.0833326085739166,1.781974285567147,0.10219202036048933,True,False
2467,248202,57.962535704,5874888019,B,True,ok,2.093445110817313,1.7542772015794914,0.07435705388881393,True,False
2468,248203,57.984545353,5874910020,A,True,ok,2.0694530161208693,1.7813660294134774,0.10342751309774027,True,False
2468,248203,57.984545353,5874910020,B,True,ok,2.0910169787129247,1.7571638730891763,0.07717057441684014,True,False
2469,248204,58.012536796,5874938019,A,True,ok,2.1130372725564124,1.7409824603869763,0.06518877512031948,True,False
2469,248204,58.012536796,5874938019,B,True,ok,2.0934291659418918,1.7555987007765474,0.0756764344968696,True,False
2470,248205,58.034617551,5874960019,A,True,ok,2.1185445979736186,1.7686391649054762,0.09312193956644019,True,False
2470,248205,58.034617551,5874960019,B,True,ok,2.097392970904177,1.7578554490548564,0.07820567093455151,True,False
2471,248206,58.056554398,5874982019,A,True,ok,2.116253526274267,1.762870238135146,0.08692941970592845,True,False
2471,248206,58.056554398,5874982019,B,True,ok,2.101052481920565,1.7604674359877481,0.08122293771495076,True,False
2472,248207,58.079549258,5875005020,A,True,ok,2.1093520738484366,1.7498792060964707,0.07250935254784993,True,False
2472,248207,58.079549258,5875005020,B,True,ok,2.1028940412268646,1.7596021921236156,0.0806397252602283,True,False
2473,248208,58.101533531,5875027020,A,True,ok,2.125210095646888,1.7429486302424313,0.07212683886641186,True,False
2473,248208,58.101533531,5875027020,B,True,ok,2.1066967453950545,1.7588456915528679,0.08059419571679628,True,False
2474,248209,58.123571021,5875049020,A,True,ok,2.1217182312512817,1.7598756135798155,0.08594277071669149,True,False
2474,248209,58.123571021,5875049020,B,True,ok,2.1097180836372957,1.758925413702612,0.08135123693254985,True,False
2475,248210,58.145550174,5875071020,A,True,ok,2.1107852698031735,1.7533605030611539,0.07624821866887316,True,False
2475,248210,58.145550174,5875071020,B,True,ok,2.111005654226398,1.7596638299811613,0.08238666953304027,True,False
2476,248211,58.16854017,5875094020,A,True,ok,2.1188194639719673,1.7436882925288466,0.06990536537971513,True,False
2476,248211,58.16854017,5875094020,B,True,ok,2.113539133402533,1.7589578177623029,0.08239191578745626,True,False
2477,248212,58.209564508,5875135020,A,True,ok,2.1026689013150768,1.7548038301399105,0.07586905867434857,True,False
2477,248212,58.209564508,5875135020,B,True,ok,2.115264044992448,1.7592356683003016,0.08316587701921907,True,False
2478,248213,58.231560333,5875157019,A,True,ok,2.1026113998918263,1.7464478901051708,0.06763408539087684,True,False
2478,248213,58.231560333,5875157019,B,True,ok,2.1150851010586105,1.7575174811283754,0.08147528567368602,True,False
2479,248214,58.25355891,5875179020,A,True,ok,2.0992458617041403,1.7692680287581686,0.08974556767340276,True,False
2479,248214,58.25355891,5875179020,B,True,ok,2.115256253592856,1.7588345237153156,0.08278140174560543,True,False
2480,248215,58.276587691,5875202020,A,True,ok,2.112528063321843,1.7751906608294632,0.09782011831000251,True,False
2480,248215,58.276587691,5875202020,B,True,ok,2.1170466023341112,1.7606297296842717,0.08504511747759709,True,False
2481,248216,58.298564731,5875224020,A,True,ok,2.1029542023796934,1.7487056667740621,0.069916235640676,True,False
2481,248216,58.298564731,5875224020,B,True,ok,2.117020579111823,1.7605982936753983,0.08500703876105825,True,False
2482,248217,58.32055822,5875246019,A,True,ok,2.0861731455260197,1.748134446450044,0.0682418318058574,True,False
2482,248217,58.32055822,5875246019,B,True,ok,2.1148867673934584,1.759898869289065,0.08368500764753029,True,False
2483,248218,58.348698851,5875274020,A,True,ok,2.102184658046514,1.7437029016779333,0.06485773333920117,True,False
2483,248218,58.348698851,5875274020,B,True,ok,2.1149347619795704,1.757055794298226,0.08098973879392592,True,False
2484,248219,58.370542864,5875296019,A,True,ok,2.1150916075191772,1.756711182133632,0.08071055836899979,True,False
2484,248219,58.370542864,5875296019,B,True,ok,2.1160162761757095,1.7584764571400069,0.08267648366553905,True,False
2485,248220,58.392555873,5875318020,A,True,ok,2.1199233262279074,1.7561473672331493,0.08181581136358604,True,False
2485,248220,58.392555873,5875318020,B,True,ok,2.1171482027705704,1.7587073856653972,0.08325789735486715,True,False
2486,248221,58.415589614,5875341019,A,True,ok,2.082530331575321,1.7535285953775968,0.07390703812612838,True,False
2486,248221,58.415589614,5875341019,B,True,ok,2.1133953507885055,1.7576768568492889,0.0811235879908067,True,False
2487,248222,58.437556062,5875363020,A,True,ok,2.1022358441693068,1.7266229009288492,0.048201771477372625,True,False
2487,248222,58.437556062,5875363020,B,True,ok,2.114020846969176,1.7543986809782854,0.0781803352539837,True,False
2488,248223,58.459575056,5875385020,A,True,ok,2.1122256933180843,1.7481750738034367,0.07170649992555485,True,False
2488,248223,58.459575056,5875385020,B,True,ok,2.1150664381197046,1.7541202602347903,0.07824410071872531,True,False
2489,248224,58.481555488,5875407020,A,True,ok,2.1148483458497496,1.7472337715381459,0.07167859043474818,True,False
2489,248224,58.481555488,5875407020,B,True,ok,2.115979486177742,1.7534498009202215,0.07790896583371949,True,False
2490,248225,58.504558413,5875430020,A,True,ok,2.103712025284675,1.759022459963275,0.08020329679043749,True,False
2490,248225,58.504558413,5875430020,B,True,ok,2.1156111702559226,1.7539116964222263,0.07822321209135569,True,False
2492,248226,58.526555614,5875452020,A,True,ok,2.0932578481461346,1.7643938502164955,0.08445670801604552,True,False
2492,248226,58.526555614,5875452020,B,True,ok,2.1133614876336733,1.7546744442810722,0.07824341335310751,True,False
2493,248227,58.548589776,5875474019,A,True,ok,2.107979186527444,1.7687336000122362,0.0905367489990676,True,False
2493,248227,58.548589776,5875474019,B,True,ok,2.1134876150860293,1.7557852765292543,0.07934151625123528,True,False
2494,248228,58.571563131,5875497020,A,True,ok,2.097873412042064,1.7827890256170267,0.10309012758010293,True,False
2494,248228,58.571563131,5875497020,B,True,ok,2.112302328371058,1.7580800442014655,0.0812027533601744,True,False
2495,248229,58.593566092,5875519020,A,True,ok,2.099748935610351,1.7772270255741924,0.09771456517602406,True,False
2495,248229,58.593566092,5875519020,B,True,ok,2.1109973475286474,1.7602781930021152,0.08297877364075507,True,False
2496,248230,58.615561245,5875541019,A,True,ok,2.084320110117082,1.7663217985966218,0.086508462372405,True,False
2496,248230,58.615561245,5875541019,B,True,ok,2.108230911343365,1.7600300590397777,0.08208030505742506,True,False
2497,248231,58.637595695,5875563019,A,True,ok,2.1094198621404154,1.7605331327680973,0.08284151446585669,True,False
2497,248231,58.637595695,5875563019,B,True,ok,2.1085848984399203,1.7594935634088784,0.0816371549814393,True,False
2498,248232,58.660560218,5875586020,A,True,ok,2.1020889550070083,1.7842780043698832,0.10497640224606127,True,False
2498,248232,58.660560218,5875586020,B,True,ok,2.1081058756102307,1.7616266684450599,0.08361061973848116,True,False
2499,248233,58.713569775,5875639020,A,True,ok,2.1000341804868063,1.758634298969859,0.07927192285117708,True,False
2499,248233,58.713569775,5875639020,B,True,ok,2.1059204238711264,1.7591306966637372,0.08071633695061205,True,False
2500,248234,58.735571489,5875661020,A,True,ok,2.0913229247623946,1.7390454681529781,0.0590602864819611,True,False
2500,248234,58.735571489,5875661020,B,True,ok,2.103800308391361,1.7579950593846492,0.07920655149740856,True,False
2501,248235,58.757563378,5875683019,A,True,ok,2.093633665644831,1.7718993861020351,0.09197119490334658,True,False
2501,248235,58.757563378,5875683019,B,True,ok,2.101266879732625,1.7626291657313742,0.08339377439816684,True,False
2502,248236,58.779579907,5875705020,A,True,ok,2.113373485844671,1.762023343111191,0.08528861973128182,True,False
2502,248236,58.779579907,5875705020,B,True,ok,2.1000841721847254,1.7642793390587301,0.0848804896358851,True,False
2503,248237,58.801570164,5875727019,A,True,ok,2.1138080465382343,1.7453144144061554,0.06951831276135625,True,False
2503,248237,58.801570164,5875727019,B,True,ok,2.1009472486863032,1.7622579814660573,0.08298323787771844,True,False
2504,248238,58.825157712,5875750019,A,True,ok,2.0916242542758505,1.7691411554358591,0.08915595209739298,True,False
2504,248238,58.825157712,5875750019,B,True,ok,2.1003615864869194,1.7634139819533037,0.08405507039930427,True,False
2505,248239,58.846562193,5875772019,A,True,ok,2.102222954073047,1.7645719469752037,0.0854506572323964,True,False
2505,248239,58.846562193,5875772019,B,True,ok,2.100503783000546,1.764407118725656,0.08505816332892197,True,False
2506,248240,58.868597475,5875794020,A,True,ok,2.1089819618599397,1.7607111034149314,0.08291319008763307,True,False
2506,248240,58.868597475,5875794020,B,True,ok,2.101255938735747,1.7646162089704671,0.08536157787527515,True,False
2507,248241,58.890597748,5875816020,A,True,ok,2.1056996276359494,1.7478719503171654,0.06966405061265991,True,False
2507,248241,58.890597748,5875816020,B,True,ok,2.1019792058561833,1.763145477127423,0.08400399835538583,True,False
2508,248242,58.913580704,5875839020,A,True,ok,2.091397993563135,1.7432206777268502,0.0632361326951991,True,False
2508,248242,58.913580704,5875839020,B,True,ok,2.1020524494517887,1.7609136811864707,0.0818063893649742,True,False
2509,248243,58.935586897,5875861019,A,True,ok,2.105254637460097,1.7768906787580125,0.09808418625969936,True,False
2509,248243,58.935586897,5875861019,B,True,ok,2.103217378155362,1.7632943564095125,0.08433652171495307,True,False
2510,248244,58.957600258,5875883019,A,True,ok,2.09395320946338,1.775447847242256,0.09552967815418613,True,False
2510,248244,58.957600258,5875883019,B,True,ok,2.1027224331613654,1.765185111244973,0.08612992211400085,True,False
2511,248245,58.979579507,5875905019,A,True,ok,2.091621232743896,1.7486430305979306,0.06866217332183948,True,False
2511,248245,58.979579507,5875905019,B,True,ok,2.1024672664073387,1.7629606349478235,0.08389219083214841,True,False
2512,248246,59.002589151,5875928020,A,True,ok,2.1091152889790603,1.7869163502711651,0.10861169471129467,True,False
2512,248246,59.002589151,5875928020,B,True,ok,2.102754353718284,1.765730728718562,0.08667428329895081,True,False
2513,248247,59.030584722,5875956020,A,True,ok,2.1329943054792704,1.762185483684958,0.09275216456867912,True,False
2513,248247,59.030584722,5875956020,B,True,ok,2.1068319806177023,1.7647235916360147,0.08637941045886395,True,False
2514,248248,59.052581731,5875978019,A,True,ok,2.1367449120916606,1.775310150717273,0.10615607206470297,True,False
2514,248248,59.052581731,5875978019,B,True,ok,2.110602419650339,1.76694462611432,0.08935226749001723,True,False
2515,248249,59.074605045,5876000019,A,True,ok,2.1230090637196453,1.7529651919029323,0.0800844399186219,True,False
2515,248249,59.074605045,5876000019,B,True,ok,2.1131578222319503,1.7668965903257576,0.0899294286692025,True,False
2516,248250,59.097589537,5876023019,A,True,ok,2.0869588213480994,1.7561496722406542,0.07621037560563422,True,False
2516,248250,59.097589537,5876023019,B,True,ok,2.111311808514546,1.7660572060243613,0.08865684345204305,True,False
2517,248251,59.119597106,5876045019,A,True,ok,2.1022692592791636,1.7439791345010986,0.06514494895821951,True,False
2517,248251,59.119597106,5876045019,B,True,ok,2.110362050548977,1.7638346724787806,0.08627204305094155,True,False
2518,248252,59.141603299,5876067019,A,True,ok,2.1075651812794303,1.7456709891104645,0.06797951459172097,True,False
2518,248252,59.141603299,5876067019,B,True,ok,2.110434999777516,1.761864998786892,0.08437693548763736,True,False
2519,248253,59.16357202,5876089019,A,True,ok,2.099909935692056,1.7509402687536517,0.07162910411460577,True,False
2519,248253,59.16357202,5876089019,B,True,ok,2.1105484618282784,1.7600445113453076,0.08263996055188619,True,False
2520,248254,59.186590144,5876112019,A,True,ok,2.075799497827837,1.729491746812701,0.051488710068461556,True,False
2520,248254,59.186590144,5876112019,B,True,ok,2.108239563747681,1.7573121627331592,0.07943457806386475,True,False
2521,248255,59.227589553,5876153019,A,True,ok,2.0900426854752467,1.729837811468027,0.049837829747817204,True,False
2521,248255,59.227589553,5876153019,B,True,ok,2.1052116876555664,1.7519474437484932,0.0735379500888699,True,False
2522,248256,59.250582045,5876176019,A,True,ok,2.078698228514338,1.7356830190726957,0.05681838304426066,True,False
2522,248256,59.250582045,5876176019,B,True,ok,2.102819406994094,1.7480307612255714,0.06922804105715369,True,False
2523,248257,59.272608655,5876198019,A,True,ok,2.0707766991549588,1.7519654460912426,0.07448866173110182,True,False
2523,248257,59.272608655,5876198019,B,True,ok,2.100072472616506,1.7471769953559466,0.06792792805365953,True,False
2524,248258,59.294609536,5876220019,A,True,ok,2.090504761394611,1.7506181152548816,0.070619919188691,True,False
2524,248258,59.294609536,5876220019,B,True,ok,2.0992268724460468,1.7452377678458464,0.06588703611974192,True,False
2525,248259,59.316575313,5876242019,A,True,ok,2.069688302671602,1.7530115976539653,0.07578428887536623,True,False
2525,248259,59.316575313,5876242019,B,True,ok,2.0957042458760173,1.7443530272829286,0.06460534452730228,True,False
2526,248260,59.339612286,5876265020,A,True,ok,2.0684904899510417,1.7570895293546336,0.08003408373102772,True,False
2526,248260,59.339612286,5876265020,B,True,ok,2.092119680812645,1.7449245058538285,0.06495909872459223,True,False
2527,248261,59.367595024,5876293019,A,True,ok,2.0890818569871135,1.723788546802483,0.0437981713963649,True,False
2527,248261,59.367595024,5876293019,B,True,ok,2.0908131120344113,1.7419873639523555,0.06199269667422364,True,False
2528,248262,59.389616706,5876315020,A,True,ok,2.1015333308355366,1.752492704498645,0.07340442715320245,True,False
2528,248262,59.389616706,5876315020,B,True,ok,2.091471885043441,1.743033017746787,0.06305020041084625,True,False
2529,248263,59.411581138,5876337019,A,True,ok,2.106327255247363,1.7560605004325602,0.07779318087058823,True,False
2529,248263,59.411581138,5876337019,B,True,ok,2.0916234965452354,1.7440701446487274,0.06409071053078799,True,False
2530,248264,59.434613087,5876360020,A,True,ok,2.1040502392182745,1.7427469760013827,0.06430079485829744,True,False
2530,248264,59.434613087,5876360020,B,True,ok,2.092717007588252,1.7425245954231379,0.06258360139095306,True,False
2531,248265,59.456598,5876382020,A,True,ok,2.102929721329517,1.7369232401970833,0.05837322132788135,True,False
2531,248265,59.456598,5876382020,B,True,ok,2.0939546624377665,1.7427530218433975,0.06287750874100069,True,False
2532,248266,59.478611681,5876404019,A,True,ok,2.0969127524268423,1.7257434300312993,0.046262809438502465,True,False
2532,248266,59.478611681,5876404019,B,True,ok,2.094048358832406,1.7402373898393593,0.060373275080078864,True,False
2533,248267,59.500586418,5876426020,A,True,ok,2.1075650494764706,1.773191642759999,0.09483255371136087,True,False
2533,248267,59.500586418,5876426020,B,True,ok,2.0954470278952484,1.743259169879737,0.06349324914323613,True,False
2534,248268,59.523598238,5876449019,A,True,ok,2.140626831567791,1.7708044170469934,0.10396402372858525,True,False
2534,248268,59.523598238,5876449019,B,True,ok,2.099842595501306,1.744634581817276,0.06537970520655835,True,False
2535,248269,59.545593199,5876471019,A,True,ok,2.1561103491266076,1.795135067200293,0.1327654396326769,True,False
2535,248269,59.545593199,5876471019,B,True,ok,2.1054429322628962,1.748165435007201,0.06989285146992748,True,False
2536,248270,59.567578176,5876493020,A,True,ok,2.1720994324228777,1.808117996983488,0.15216615246243081,True,False
2536,248270,59.567578176,5876493020,B,True,ok,2.111774188177633,1.7538901184130586,0.0770315835868043,True,False
2537,248271,59.590619789,5876516019,A,True,ok,2.1588654058869614,1.790310413590418,0.13004165284425234,True,False
2537,248271,59.590619789,5876516019,B,True,ok,2.118772357936383,1.758002254867587,0.08313964364638195,True,False
2538,248272,59.61260227,5876538020,A,True,ok,2.123127144652924,1.77512412227645,0.10072738630442463,True,False
2538,248272,59.61260227,5876538020,B,True,ok,2.122152691940871,1.7599668556720927,0.08618870926708366,True,False
2539,248273,59.634623567,5876560019,A,True,ok,2.136740470783306,1.7734304829136773,0.10446974081775104,True,False
2539,248273,59.634623567,5876560019,B,True,ok,2.1250656433534263,1.7626400461463332,0.08977180276043134,True,False
2540,248274,59.656619552,5876582019,A,True,ok,2.128321784909728,1.7968387643416042,0.12296282385965442,True,False
2540,248274,59.656619552,5876582019,B,True,ok,2.1273116131440166,1.7676721945515392,0.09528153112168025,True,False
2541,248275,59.678594449,5876604019,A,True,ok,2.096285827897561,1.7774816345117859,0.09768408621391292,True,False
2541,248275,59.678594449,5876604019,B,True,ok,2.1251452481986832,1.7687142488933758,0.09542225331474256,True,False
2542,248276,59.730594411,5876656020,A,True,ok,2.1097816461695578,1.760711740045973,0.08310053252793469,True,False
2542,248276,59.730594411,5876656020,B,True,ok,2.126207052180482,1.7708053204546392,0.09775764343758445,True,False
2543,248277,59.752590844,5876678020,A,True,ok,2.101401667118994,1.7438205807036848,0.06483104606936331,True,False
2543,248277,59.752590844,5876678020,B,True,ok,2.1246547678388246,1.7691972950236907,0.09569279164861987,True,False
2544,248278,59.785601398,5876711019,A,True,ok,2.1081413631434356,1.756000118102143,0.07813531217216513,True,False
2544,248278,59.785601398,5876711019,B,True,ok,2.124076748856376,1.768424529374929,0.09476350673016608,True,False
2545,248279,59.803620764,5876729020,A,True,ok,2.1109584369512215,1.752166992753764,0.07514872535552526,True,False
2545,248279,59.803620764,5876729020,B,True,ok,2.1241110684111946,1.769317304132977,0.09560933953195125,True,False
2546,248280,59.835597786,5876761019,A,True,ok,2.100492833640511,1.7658663915289965,0.08650512558235131,True,False
2546,248280,59.835597786,5876761019,B,True,ok,2.1251835214824295,1.7712164127569185,0.09776663101562379,True,False
2547,248281,59.852618437,5876778019,A,True,ok,2.1202427668329307,1.7351840966029137,0.06292781152710415,True,False
2547,248281,59.852618437,5876778019,B,True,ok,2.1284172468710274,1.7693666403926425,0.09727425801422164,True,False
2548,248282,59.874601173,5876800019,A,True,ok,2.101440976264667,1.7610234600686363,0.08182723885957897,True,False
2548,248282,59.874601173,5876800019,B,True,ok,2.128643785486627,1.7696263386042712,0.09760237050576155,True,False
2549,248283,59.89665316,5876822020,A,True,ok,2.108842150498257,1.7752265508203682,0.09707276969646611,True,False
2549,248283,59.89665316,5876822020,B,True,ok,2.1271656977442657,1.771493869110634,0.09875432736671312,True,False
2550,248284,59.919627155,5876845019,A,True,ok,2.1254668815318256,1.7570311439690172,0.08480387271090879,True,False
2550,248284,59.919627155,5876845019,B,True,ok,2.1296124091312625,1.770944379134213,0.09919689034082683,True,False
2551,248285,59.941644165,5876867020,A,True,ok,2.1118659963044375,1.7603115186049687,0.08323497951595786,True,False
2551,248285,59.941644165,5876867020,B,True,ok,2.1301692690475362,1.7705321019803688,0.09904358467259389,True,False
2552,248286,59.963616565,5876889020,A,True,ok,2.124697966306707,1.8051227684484628,0.12984473824544845,True,False
2552,248286,59.963616565,5876889020,B,True,ok,2.1316931205974257,1.7758965727459333,0.10456801121551262,True,False
