seq,stamp_ns,x,y,variance,anchor_mask,pair_residual_m,report_span_s,source_mode
111403,1788679000635651328,1.9221665881908636,1.7954048293152245,0.09510162626032594,15,0.07041075384006294,0.011998,raw_ranges
111404,1788679000658650880,1.922278383283459,1.792065534456114,0.09553146706488566,15,0.07339953040643836,0.011999,raw_ranges
111405,1788679000680572672,1.943628580823345,1.7870958672320822,0.09523982141770987,15,0.07138535853877791,0.011998,raw_ranges
111406,1788679000702571776,1.9302187395260215,1.8016094915668364,0.0951602387035194,15,0.07082574884545456,0.011998,raw_ranges
111407,1788679000724571648,1.930085135781065,1.8011949953692585,0.0934458515307991,15,0.057462157345500836,0.011998,raw_ranges
111408,1788679000747575808,1.949930806795165,1.781476784213802,0.09349419522125572,15,0.057881285552894665,0.011998,raw_ranges
111409,1788679000788571648,1.9329728944257256,1.7866219772659355,0.0944570963497981,15,0.06567453346463989,0.011998,raw_ranges
111410,1788679000810608384,1.9303502485086717,1.8000477533136963,0.09685212792874784,15,0.0819034549011691,0.011998,raw_ranges
111411,1788679000832572416,1.927446632053582,1.8016863127630764,0.0938509318189948,15,0.06088497199633756,0.011998,raw_ranges
111412,1788679000855571456,1.932415095381374,1.8272405187461707,0.09422167652946006,15,0.06385706323861177,0.011998,raw_ranges
111413,1788679000877571840,1.9441101467304156,1.8105984654910792,0.09516341200967207,15,0.0708481475105177,0.011998,raw_ranges
111414,1788679000899555584,1.9410587797529464,1.8278821733758066,0.09462086388249609,15,0.06690972932613087,0.011998,raw_ranges
111415,1788679000927554816,1.9280953692936689,1.8128544097351105,0.09523865122721832,15,0.07137716177614743,0.011998,raw_ranges
111416,1788679000949554176,1.9379176254620885,1.8034977873341507,0.09516177426193917,15,0.07083641902961484,0.011999,raw_ranges
111417,1788679000971554560,1.919979332859352,1.7971957219108756,0.09600842583185516,15,0.07657985262361874,0.011998,raw_ranges
111418,1788679000997039360,1.9193384694782623,1.8123325159068495,0.09669337528661497,15,0.07879986856343714,0.021999,raw_ranges
111419,1788679001021539840,1.9362541502492023,1.794471163653602,0.09627469665014773,15,0.07829968463632364,0.011994,raw_ranges
111420,1788679001044539392,1.9369231976318977,1.7882957617742683,0.09624784077910324,15,0.07812738812416074,0.011998,raw_ranges
111421,1788679001066539264,1.9389945768836907,1.8008761236986859,0.09627309754068786,15,0.07828885959501433,0.011998,raw_ranges
111422,1788679001088539136,1.9395253411477993,1.788002787593101,0.0949290161947684,15,0.06917415840303666,0.011998,raw_ranges
111423,1788679001110538752,1.917432757163045,1.8052968367655349,0.0970420521684783,15,0.08305480217590253,0.011998,raw_ranges
111424,1788679001141078016,1.9236829746177921,1.8024601086020233,0.09587989573034564,15,0.07345735991951827,0.021998,raw_ranges
111425,1788679001160540160,1.933788942170215,1.8217810587618135,0.09561069206643111,15,0.07393805536008578,0.011994,raw_ranges
111426,1788679001182539776,1.9423864993025688,1.8218180611541994,0.09561865771960229,15,0.07399125431834691,0.011998,raw_ranges
111427,1788679001205538816,1.9388305858526076,1.8196500251360845,0.0947045911722745,15,0.06753250453133298,0.011998,raw_ranges
111428,1788679001227539712,1.9382628615956001,1.813909090764689,0.09395918707676533,15,0.06176758917721599,0.011998,raw_ranges
111429,1788679001255539968,1.9119036791606017,1.8070428356440498,0.09713981813146044,15,0.08364129439134985,0.011998,raw_ranges
111430,1788679001296540160,1.9160247764367766,1.7990225801864959,0.09712994275583735,15,0.08358223945215486,0.011998,raw_ranges
111431,1788679001318539008,1.8840220611490544,1.7451731082837827,0.10305147526887924,15,0.11361128141553216,0.011998,raw_ranges
111432,1788679001341539584,1.91929652944955,1.795401182281807,0.09660760855750361,15,0.08039686905286562,0.011998,raw_ranges
111433,1788679001363539200,1.9287844293969791,1.804894213064506,0.09795295016102255,15,0.08836853601267002,0.011998,raw_ranges
111434,1788679001385539584,1.922034838582959,1.8016286251957225,0.09704936600627623,15,0.0830988207032821,0.011998,raw_ranges
111435,1788679001407538688,1.913248983270652,1.813683714550675,0.09941290365811088,15,0.09627539485305107,0.011998,raw_ranges
111436,1788679001430539520,1.9150270340533029,1.7844320079915483,0.09990001084525048,15,0.09877276366109478,0.011998,raw_ranges
111437,1788679001452539904,1.9317123518977872,1.7845747393956541,0.09743862117760321,15,0.08540883545396938,0.011998,raw_ranges
111438,1788679001474539264,1.9183485731084946,1.7991218182167137,0.09855343552513067,15,0.09170323615407844,0.011998,raw_ranges
111439,1788679001496539648,1.9310064341208688,1.7958436302508023,0.09582420822712849,15,0.07536747457045709,0.011998,raw_ranges
111440,1788679001519539200,1.9274452290625084,1.8172480142858118,0.09812576964805457,15,0.08934101882144943,0.011998,raw_ranges
111441,1788679001541539840,1.9371243890631586,1.8126470421145031,0.09726287708039405,15,0.08437372266525905,0.011998,raw_ranges
111442,1788679001563539200,1.948400464580547,1.8219176864743885,0.09587243027982562,15,0.07568671135559807,0.011998,raw_ranges
111443,1788679001591538944,1.9222651726523288,1.8199390633177022,0.0967331772722202,15,0.08117404306932237,0.011998,raw_ranges
111444,1788679001613538816,1.9257767998382935,1.8131564348952767,0.09564193465716948,15,0.07414822085640009,0.011999,raw_ranges
111445,1788679001635539712,1.9138767107938242,1.8071766941715512,0.09662720880217403,15,0.08051867359919708,0.011998,raw_ranges
111446,1788679001658538752,1.8569634484458448,1.7371352009432108,0.10279526132438238,15,0.11247793260627786,0.011999,raw_ranges
111447,1788679001680541440,1.9435330648514941,1.797037129393103,0.09487372033248259,15,0.0687733111641616,0.011998,raw_ranges
111448,1788679001702539008,1.9263712083520552,1.809600377150606,0.09501319763110616,15,0.0697799801311678,0.011998,raw_ranges
111449,1788679001724539392,1.933769433645008,1.8089837448467543,0.09771210781150175,15,0.08699514818368755,0.011998,raw_ranges
111450,1788679001747539200,1.923755681927071,1.7945103229147341,0.09649127205591965,15,0.07967006998816845,0.011998,raw_ranges
111451,1788679001769539072,1.9281821849104313,1.7973299984476838,0.09708294224728617,15,0.08330060169822408,0.011998,raw_ranges
111452,1788679001808538624,1.914300302216849,1.8022076519965762,0.09587429830550862,15,0.07569905086266682,0.011998,raw_ranges
111453,1788679001830539520,1.9369329831858637,1.8139086810319107,0.09735065450713065,15,0.08489229943363918,0.011998,raw_ranges
111454,1788679001852539648,1.9393076598560723,1.835720686786705,0.09588709471362741,15,0.07578352531802289,0.011998,raw_ranges
111455,1788679001875538688,1.948296624050942,1.8213262044602463,0.09505888705263875,15,0.07010659775398288,0.011998,raw_ranges
111456,1788679001897543936,1.947526054565748,1.8337745903851976,0.09325189580178703,15,0.05574893539599683,0.011998,raw_ranges
111457,1788679001919539200,1.9614671918835025,1.8198277286387778,0.09427918101615948,15,0.06430574633856204,0.011998,raw_ranges
111458,1788679001947538944,1.9341071083232209,1.797274066898518,0.09597742722360506,15,0.0763771904406352,0.011998,raw_ranges
111459,1788679001969538816,1.9212365515250103,1.807191567413797,0.09644191317881078,15,0.0793595437096937,0.011999,raw_ranges
111460,1788679001991542528,1.9308835235814452,1.800228784852199,0.09474194870860657,15,0.06780852973340867,0.011998,raw_ranges
111461,1788679002014538496,1.9297811457333125,1.7898676785848304,0.09844991447341642,15,0.09113692156539209,0.011999,raw_ranges
111462,1788679002036539648,1.91131142142767,1.8072191294014694,0.09843553717613088,15,0.09105814171248436,0.011998,raw_ranges
111463,1788679002058539520,1.9356535515592619,1.7900103043748006,0.09424695227704256,15,0.06405466628624784,0.011998,raw_ranges
111464,1788679002080539392,1.9089399361630772,1.8238222657281828,0.09870722330765651,15,0.0925379452098247,0.011998,raw_ranges
111465,1788679002103539200,1.9215231054094082,1.8048455772369332,0.09632707184362199,15,0.07863281655658787,0.011998,raw_ranges
111466,1788679002125538816,1.929617572483378,1.8011473176920998,0.09287696587823598,15,0.052278235186700626,0.011998,raw_ranges
111467,1788679002147539456,1.9267973271737298,1.7985563757152927,0.09502290037010214,15,0.06984946933300316,0.011998,raw_ranges
111468,1788679002170539264,1.9249014998647769,1.8286610926100866,0.0952051618908503,15,0.07114218078503291,0.011998,raw_ranges
111469,1788679002192539136,1.949888992446191,1.8144978961735152,0.09526014979079779,15,0.07152760157308367,0.011998,raw_ranges
111470,1788679002214539008,1.9362626827375742,1.8190993722215625,0.09478853773383471,15,0.06815119756713536,0.011998,raw_ranges
111471,1788679002236539904,1.949743919795914,1.8316208357314285,0.09503544410506425,15,0.06993920289125583,0.011998,raw_ranges
111472,1788679002268539392,1.9368313841819298,1.8299003806638228,0.09756244451857254,15,0.08613067116058339,0.011998,raw_ranges
111473,1788679002318539520,1.9121919404035619,1.7979748017298622,0.09646924659869469,15,0.07953172068234589,0.011998,raw_ranges
111474,1788679002340539904,1.9285151465947215,1.775807132130648,0.09563343813494363,15,0.07409106647190082,0.011998,raw_ranges
111475,1788679002363538432,1.9341857262678446,1.7887514578948829,0.09611754057861235,15,0.07728899387760434,0.011998,raw_ranges
111476,1788679002385538560,1.9299566244913227,1.7754676838653807,0.09438224075178686,15,0.0651021408848193,0.011998,raw_ranges
111477,1788679002407539456,1.9348604934043563,1.7886692907501933,0.09523118264135352,15,0.0713248248322667,0.011998,raw_ranges
111478,1788679002429538816,1.92112874044404,1.787318855515852,0.09313280662951097,15,0.05467041819403781,0.011998,raw_ranges
111479,1788679002452538880,1.9233891551406825,1.7820817844076682,0.09577351322009812,15,0.0750304019454656,0.011998,raw_ranges
111480,1788679002474539264,1.9407286239405845,1.789521634850371,0.09338319130895444,15,0.05691431546592163,0.011998,raw_ranges
111481,1788679002496539648,1.9247359643601396,1.8063244547897341,0.0945942893496705,15,0.06671084878541501,0.011998,raw_ranges
111482,1788679002519539200,1.928786281803029,1.804930076277223,0.09612943735297609,15,0.07736591852344352,0.011998,raw_ranges
111483,1788679002541539584,1.9396153531752447,1.8101343226663182,0.09362974054254852,15,0.059040566888780247,0.011998,raw_ranges
111484,1788679002563538688,1.953482236435277,1.8415802800619545,0.09354515302684013,15,0.05831981672502184,0.011998,raw_ranges
111485,1788679002585539328,1.9463793116666186,1.834626052018601,0.09366164781201361,15,0.059310166143871246,0.011998,raw_ranges
111486,1788679002607539200,1.9161640485691196,1.8473542702328785,0.09336822082203904,15,0.05678264539486549,0.011998,raw_ranges
111487,1788679002635538944,1.9360814162383768,1.7871446935536965,0.0938407863092659,15,0.06080159788415031,0.011998,raw_ranges
111488,1788679002657539072,1.9287748938555034,1.7936215345864381,0.09717646241289667,15,0.08385992136829536,0.011999,raw_ranges
111489,1788679002679539200,1.9165907981703847,1.786012088794133,0.09618272876391881,15,0.07770956672069927,0.011998,raw_ranges
111490,1788679002702539520,1.9095462946566355,1.7983447438400575,0.09823673608847563,15,0.08995976927202319,0.011999,raw_ranges
111491,1788679002724539904,1.9112333161536679,1.8045537574964783,0.09664337831519021,15,0.08061901953751494,0.011998,raw_ranges
111492,1788679002746539520,1.9232119906002088,1.8118404565132102,0.09516051961037864,15,0.07082773190197922,0.011998,raw_ranges
111493,1788679002773539328,1.920790174715231,1.802735038471493,0.09648797695963522,15,0.07748590165723847,0.021998,raw_ranges
111494,1788679002795539712,1.912025416322281,1.7973349661228037,0.09847456158833016,15,0.09127269883338701,0.011994,raw_ranges
111495,1788679002835538944,1.926370184710728,1.8018212549140693,0.09489531376438652,15,0.06893012230067876,0.011998,raw_ranges
111496,1788679002857539072,1.9379950259680487,1.8004592477194687,0.0943587641017058,15,0.06492158422054871,0.011998,raw_ranges
111497,1788679002879539456,1.9299521663342012,1.7984992345173563,0.09598906463362945,15,0.07645333628841489,0.011998,raw_ranges
111498,1788679002902539264,1.926251923736869,1.8171816636244458,0.09614251849263082,15,0.07745041309528844,0.011998,raw_ranges
111499,1788679002924539648,1.929094652354218,1.8346734235804867,0.09378481274896022,15,0.060339545448737306,0.011998,raw_ranges
111500,1788679002946539520,1.9385192289950388,1.800826678313526,0.09539724467193275,15,0.07247960173685253,0.011998,raw_ranges
111501,1788679002974539008,1.931604276618594,1.8037892452181024,0.09532502403012691,15,0.07197966397620173,0.011998,raw_ranges
111502,1788679002996540160,1.9071325346306653,1.799631737461721,0.09660165011098645,15,0.08035965474033883,0.011999,raw_ranges
111503,1788679003018538752,1.9289546180198032,1.7863318758203186,0.09545076774536151,15,0.07284789455681964,0.011998,raw_ranges
111504,1788679003041538560,1.9239766702896468,1.7936632787501707,0.09520233671205172,15,0.07112215344779521,0.011999,raw_ranges
111505,1788679003063539456,1.928998308358016,1.806352014957504,0.09732241131956944,15,0.08472578896398332,0.011998,raw_ranges
111506,1788679003085539328,1.9214383477820833,1.7724050235850635,0.09570453931593652,15,0.07456934565849783,0.011998,raw_ranges
111507,1788679003107538944,1.9484327568124944,1.8013268387233086,0.09424765647510436,15,0.06406016290257432,0.011998,raw_ranges
111508,1788679003130538752,1.9213370099079707,1.8134613502018795,0.09634756787641907,15,0.07876303620619943,0.011998,raw_ranges
111509,1788679003152542208,1.9215060986842225,1.8095698421404005,0.09414263086373562,15,0.06323510780994698,0.011998,raw_ranges
111510,1788679003174539264,1.9381691440896431,1.7949295789424347,0.09337071594217598,15,0.056804611944594664,0.011998,raw_ranges
111511,1788679003197539072,1.914407507098263,1.7933433721628895,0.09603722881145799,15,0.07676768074820288,0.011998,raw_ranges
111512,1788679003219539200,1.931498565040985,1.813019500897159,0.09644486092425346,15,0.07937826478484812,0.011998,raw_ranges
111513,1788679003241539072,1.9269017656163852,1.811878553145026,0.09467792766767841,15,0.06733480276705658,0.011998,raw_ranges
111514,1788679003263539200,1.9453926704481892,1.826868911952437,0.09480412773973845,15,0.06826547982500712,0.011998,raw_ranges
111515,1788679003285539328,1.9467383054186687,1.8183222196787072,0.09750695768876017,15,0.08580795816682843,0.011998,raw_ranges
111516,1788679003337538816,1.9203047416398609,1.7837148954654254,0.0953306310440983,15,0.07201860204209952,0.011998,raw_ranges
111517,1788679003359539712,1.944324349864598,1.7916484390885632,0.0950499882195423,15,0.07004310255508606,0.011998,raw_ranges
111518,1788679003381538560,1.9065865196227485,1.8048797728145487,0.09752946490295315,15,0.08593900685342573,0.011998,raw_ranges
111519,1788679003404539136,1.9156464001625029,1.798362037824924,0.09609842138599556,15,0.07716520836488143,0.011998,raw_ranges
111520,1788679003426538496,1.9397774565118673,1.8015721729313106,0.09555291154112591,15,0.0735456289464297,0.011998,raw_ranges
111521,1788679003448540416,1.9218892975832307,1.788332695359894,0.09557301521166012,15,0.0736821770013626,0.011998,raw_ranges
111522,1788679003470539264,1.924080641584734,1.808368981491571,0.09566283486293577,15,0.07428918399697072,0.011998,raw_ranges
111523,1788679003493538816,1.9382168355454918,1.7852658174188145,0.094101712031917,15,0.06291073062615796,0.011998,raw_ranges
111524,1788679003515538944,1.908396037120446,1.8091927570697683,0.09574106074744707,15,0.07481382722095614,0.011998,raw_ranges
111525,1788679003537539328,1.910392506414392,1.8034698207007238,0.09485864084466705,15,0.06866359181303477,0.011998,raw_ranges
111526,1788679003560539136,1.9439058615277938,1.8248475908129562,0.09347395299353901,15,0.057706160758960755,0.011998,raw_ranges
111527,1788679003582538752,1.9446756576635142,1.8069572678104535,0.09458339647449895,15,0.06662915630937377,0.011998,raw_ranges
111528,1788679003604540160,1.9299696871277439,1.8067768938117141,0.09343672302849872,15,0.05738267181387361,0.011998,raw_ranges
111529,1788679003626539264,1.937469979854583,1.834503460407583,0.09574157281065421,15,0.07481724939246436,0.011998,raw_ranges
111530,1788679003654538752,1.9374513471063717,1.7767148562398245,0.09502510318452367,15,0.069865235851056,0.011998,raw_ranges
111531,1788679003676539648,1.9254575845317519,1.79568899374862,0.095436950794313,15,0.07275283357583404,0.011999,raw_ranges
111532,1788679003698538752,1.9190806643484124,1.8086095793806198,0.09472594078048806,15,0.06769038909984243,0.011998,raw_ranges
111533,1788679003721539840,1.9324636186918616,1.8040857532181014,0.09509593604560793,15,0.07037016444920347,0.011999,raw_ranges
111534,1788679003743538432,1.9260902106579185,1.8137268504430484,0.0961021251908561,15,0.07718920382317794,0.011998,raw_ranges
111535,1788679003765538816,1.9244420730366276,1.7952422479400967,0.09552458300986953,15,0.07335278458156538,0.011998,raw_ranges
111536,1788679003787539968,1.9168241309291596,1.8123422049490312,0.09649732273958583,15,0.07970803432268188,0.011998,raw_ranges
111537,1788679003810539264,1.914336296085858,1.793595327218876,0.09546615041873055,15,0.07295339892513954,0.011998,raw_ranges
111538,1788679003851539456,1.9061768128258685,1.814934530650452,0.09693983789277008,15,0.0824371632746426,0.011998,raw_ranges
111539,1788679003873540096,1.9242200220273027,1.8066340550149484,0.09815583557513649,15,0.08950912563049926,0.011998,raw_ranges
111540,1788679003895540224,1.9229479107548533,1.7888057069477665,0.09616203451730715,15,0.0775763012350238,0.011998,raw_ranges
111541,1788679003918539520,1.9525967727076194,1.8237419826953607,0.09460350988881071,15,0.06677992126987511,0.011998,raw_ranges
111542,1788679003940539392,1.9401950699694315,1.8047836049383708,0.09702048727261682,15,0.08292487726018545,0.011998,raw_ranges
111543,1788679003962539264,1.9409493213796734,1.8058340679711906,0.0967744967299169,15,0.08142815683728145,0.011998,raw_ranges
111544,1788679003990539264,1.9390424621879618,1.799063734871655,0.09674872360927723,15,0.08126974594076966,0.011998,raw_ranges
111545,1788679004012539648,1.9257498401522508,1.7808996031970465,0.09630652503884272,15,0.07850190467652825,0.011999,raw_ranges
111546,1788679004034539008,1.9415075143395633,1.80628940762316,0.09540626771856767,15,0.07254182045253399,0.011998,raw_ranges
111547,1788679004057539072,1.9328446947758648,1.7921121581559536,0.09654340418524822,15,0.07999642607172042,0.011999,raw_ranges
111548,1788679004079539200,1.924006128788498,1.7954412824139256,0.09510860091367422,15,0.07046026475733842,0.011998,raw_ranges
111549,1788679004101538816,1.9284985956056857,1.815391682232721,0.09567221946086324,15,0.07435231978131711,0.011998,raw_ranges
111550,1788679004123539456,1.9291644253405007,1.8055128177456992,0.09618513423521009,15,0.07772504249731935,0.011998,raw_ranges
111551,1788679004146539264,1.9223233932648935,1.8077461279189269,0.09667967748915561,15,0.08084383393404602,0.011998,raw_ranges
111552,1788679004168538880,1.9348254371713811,1.7917503593621975,0.09377466637832436,15,0.06025540950258635,0.011998,raw_ranges
111553,1788679004190538752,1.9279970603189875,1.8216833833818766,0.09716103923817422,15,0.08376805616805388,0.011998,raw_ranges
111554,1788679004213539328,1.917620916842778,1.8055809785819183,0.09675088503222745,15,0.08128304268559011,0.011998,raw_ranges
111555,1788679004235538944,1.9292265061207632,1.8076801861952974,0.0953271410368696,15,0.07199436806354786,0.011998,raw_ranges
111556,1788679004257539584,1.964645346699775,1.8222288412745709,0.09348021951359874,15,0.05776043204130962,0.011998,raw_ranges
111557,1788679004279549696,1.9436277642102149,1.8179872696466683,0.09702161547331468,15,0.08293167952787818,0.011998,raw_ranges
111558,1788679004301539840,1.9380355955011868,1.7991332856146487,0.09488867648872844,15,0.0688819605174566,0.011998,raw_ranges
111559,1788679004353539328,1.9408824623489516,1.8021493790350311,0.09569743326182527,15,0.07452168313870312,0.011998,raw_ranges
111560,1788679004375566336,1.9095281533455133,1.8112639319882204,0.09587424891685044,15,0.07569872464480785,0.011998,raw_ranges
111561,1788679004397539072,1.930971803972914,1.797156879276355,0.09619501718675863,15,0.07778859288326688,0.011998,raw_ranges
111562,1788679004420539392,1.9162494501336518,1.8067728550240312,0.09664352584195778,15,0.08061993449487406,0.011998,raw_ranges
111563,1788679004442538752,1.9231246807554938,1.7945448530721257,0.09482872973966049,15,0.06844543619307639,0.011998,raw_ranges
111564,1788679004464539648,1.943823296154609,1.7911796286445463,0.0949320849719613,15,0.06919633637672813,0.011998,raw_ranges
111565,1788679004487539200,1.9298512727307953,1.8111256857987426,0.09387678461475779,15,0.06109691163027639,0.011998,raw_ranges
111566,1788679004509539328,1.93271166937766,1.817656095416735,0.09661136983441761,15,0.08042025758736174,0.011998,raw_ranges
111567,1788679004531538944,1.9192333917132431,1.8256137838744169,0.09554021919891836,15,0.07345928937117732,0.011998,raw_ranges
111568,1788679004553539840,1.9279892862552546,1.7976258732181833,0.09719439256258018,15,0.08396690156591573,0.011998,raw_ranges
111569,1788679004576539904,1.9553893077472413,1.8335839846120254,0.09431145230779134,15,0.06455617943923991,0.011998,raw_ranges
111570,1788679004598539520,1.950765892794781,1.8169822496301433,0.09249898970518484,15,0.04852873067765987,0.011998,raw_ranges
111571,1788679004620539648,1.9460517250892737,1.8125666503696414,0.09424031541488208,15,0.06400283908454445,0.011998,raw_ranges
111572,1788679004642539776,1.9240461884834015,1.8317149336104537,0.09617141045911494,15,0.07763670816768926,0.011998,raw_ranges
111573,1788679004670538752,1.943277472494383,1.8258711407560764,0.09380229619377922,15,0.06048424745154086,0.011998,raw_ranges
111574,1788679004692539392,1.916555286392583,1.805460572637129,0.09526520307758332,15,0.07156274922460236,0.011999,raw_ranges
111575,1788679004714539520,1.9238036956868179,1.806037121354885,0.09621728904713314,15,0.07793161773717483,0.011998,raw_ranges
111576,1788679004737539072,1.9234884833081922,1.807221981896622,0.09634165308577805,15,0.07872532683182751,0.011999,raw_ranges
111577,1788679004759539456,1.9107742484579773,1.8014419930086119,0.09492491079678798,15,0.06914447767383881,0.011998,raw_ranges
111578,1788679004781539072,1.923117916243634,1.8122486470165755,0.09584740269716699,15,0.07552119366884363,0.011998,raw_ranges
111579,1788679004803538944,1.922563648737601,1.7932354347577057,0.09616986136968524,15,0.07762673099960635,0.011998,raw_ranges
111580,1788679004826539008,1.9142363802793791,1.807060346815745,0.09710348023950782,15,0.08342378698853123,0.011998,raw_ranges
111581,1788679004865540864,1.9365706483047342,1.7892295469603658,0.09378139257918576,15,0.06031119775950211,0.011998,raw_ranges
111582,1788679004888539392,1.9338179273516578,1.786409862438973,0.0949338192180968,15,0.06920886658584147,0.011998,raw_ranges
111583,1788679004910539520,1.9291019065960964,1.8132363056791123,0.09401875680926473,15,0.062247930128356395,0.011998,raw_ranges
111584,1788679004932540416,1.9628650247390265,1.8270883687102681,0.0942486261165517,15,0.06406773066491202,0.011998,raw_ranges
111585,1788679004954539008,1.938558620878142,1.8099890897486512,0.0944395536308291,15,0.06554083938148113,0.011998,raw_ranges
111586,1788679004977539584,1.9626569237445728,1.8120729923069039,0.09360072439286207,15,0.058794322760467886,0.011998,raw_ranges
111587,1788679005005539072,1.9276257740155183,1.7924889633395535,0.09627139280644609,15,0.0782779713741107,0.011998,raw_ranges
111588,1788679005027538432,1.9404005307665602,1.798557039241412,0.09498787570764425,15,0.06959813005134736,0.011999,raw_ranges
111589,1788679005049538816,1.916322341620983,1.7989840593608777,0.09550210813233308,15,0.07319942710385839,0.011998,raw_ranges
111590,1788679005072539392,1.9324697750472513,1.7881606181410448,0.09650620313780564,15,0.07976357023607733,0.011999,raw_ranges
111591,1788679005094539264,1.9370641069819954,1.8046100862586452,0.09499018177059369,15,0.06961486742495242,0.011998,raw_ranges
111592,1788679005116541696,1.9193416110738035,1.8182225359287374,0.09683596018811752,15,0.08180469536718249,0.011998,raw_ranges
111593,1788679005138538496,1.9268605912855694,1.788018069780232,0.09341223303911197,15,0.05716888170247846,0.011998,raw_ranges
111594,1788679005161539072,1.93326795757726,1.8023158096470437,0.09479753270634576,15,0.06821715841594231,0.011998,raw_ranges
111595,1788679005183538944,1.931709887315137,1.8012455991014866,0.09706765319672922,15,0.08320878074295544,0.011998,raw_ranges
111596,1788679005205539328,1.931781133400362,1.7916980282786201,0.09368283004715454,15,0.059488469833695906,0.011998,raw_ranges
111597,1788679005228539392,1.9335407711306145,1.7875334241522252,0.09483521263283172,15,0.06849277793192306,0.011998,raw_ranges
111598,1788679005250539008,1.9360389278955943,1.8026607903727547,0.09472169254733148,15,0.06765900193862964,0.011998,raw_ranges
111599,1788679005272539136,1.9422436915104402,1.8114170720765628,0.09366383653399879,15,0.05932861476554798,0.011998,raw_ranges
111600,1788679005294539520,1.9474815686437703,1.825823302358584,0.09549882530519097,15,0.07317699980998793,0.011998,raw_ranges
111601,1788679005316538880,1.944890013078258,1.8307778379930093,0.09755953482188652,15,0.08611377832778283,0.011998,raw_ranges
111602,1788679005366539008,1.935755658263322,1.8018126987965275,0.09469491481687285,15,0.06746082428248901,0.011998,raw_ranges
111603,1788679005388539392,1.9379222928873912,1.8163843780516948,0.09455199809421087,15,0.06639311779251579,0.011998,raw_ranges
111604,1788679005411539200,1.928269898021374,1.806721312480882,0.09772935843398761,15,0.08709423878757777,0.011998,raw_ranges
111605,1788679005433538816,1.9250686585449042,1.8011322755702677,0.094734832139224,15,0.06775603393959834,0.011998,raw_ranges
111606,1788679005455540736,1.928995739074485,1.8057059781829228,0.09605141943897269,15,0.07686005096910031,0.011998,raw_ranges
111607,1788679005477539328,1.93799968936503,1.797657237613534,0.09362464299741904,15,0.058997381242043734,0.011998,raw_ranges
111608,1788679005500538880,1.9338474774221666,1.7944782612675965,0.09391054201465306,15,0.06137255095442146,0.011998,raw_ranges
111609,1788679005522538752,1.930186354359502,1.7952515675770535,0.09689128400806915,15,0.08214214511485052,0.011998,raw_ranges
111610,1788679005544539648,1.9304889511885608,1.7992585833826529,0.09410691860504188,15,0.06295209766990993,0.011998,raw_ranges
111611,1788679005567538944,1.9393397589908015,1.786797771562494,0.09411667366784676,15,0.06302953009381214,0.011998,raw_ranges
111612,1788679005589539584,1.9362928986151577,1.8181120061568568,0.09641800057573931,15,0.07920889199918979,0.011998,raw_ranges
111613,1788679005611539712,1.965849244080481,1.8138372694217428,0.09459831848836087,15,0.06674104048005897,0.011998,raw_ranges
111614,1788679005633542656,1.9615309791885238,1.7981969298767848,0.09327418126995886,15,0.055948451863826104,0.011998,raw_ranges
111615,1788679005655538432,1.9449369887697365,1.8049244079087539,0.09404964813506912,15,0.06249556889147525,0.011998,raw_ranges
111616,1788679005683543808,1.9350817092344266,1.7951838101701305,0.09590082168404139,15,0.07587403824788422,0.011998,raw_ranges
111617,1788679005705539072,1.9199102907946843,1.783365214259843,0.09475220003336879,15,0.06788390112809367,0.011999,raw_ranges
111618,1788679005727538688,1.922894297685716,1.8112572379617966,0.09640425517714343,15,0.07912207765942098,0.011998,raw_ranges
111619,1788679005750538496,1.931548573133088,1.8045956043521088,0.09601516678706123,15,0.07662369598277839,0.011999,raw_ranges
111620,1788679005772539136,1.9238175597443299,1.7966212233655428,0.09549649585933437,15,0.07316108156208721,0.011998,raw_ranges
111621,1788679005794539264,1.933865397553487,1.8029761171065717,0.09417671562161509,15,0.06350404410441192,0.011998,raw_ranges
111622,1788679005816542464,1.943167171160409,1.7777055204042604,0.09577199983429513,15,0.07502031611700351,0.011998,raw_ranges
111623,1788679005839539456,1.9473737378502085,1.804545769152147,0.0948760559732953,15,0.0687902897892959,0.011998,raw_ranges
111624,1788679005878539008,1.9386212676719867,1.798788420808178,0.09631335434619263,15,0.07854554310839434,0.011998,raw_ranges
111625,1788679005901539584,1.9425233261058716,1.790276995630686,0.0951244676155352,15,0.07057276820088046,0.011998,raw_ranges
111626,1788679005923538944,1.935140183938798,1.8143376070149577,0.09560121332100101,15,0.07387327877521759,0.011998,raw_ranges
111627,1788679005945539072,1.957763818301173,1.8141015402011165,0.09379067666892366,15,0.06038811691817904,0.011998,raw_ranges
111628,1788679005967539200,1.9617202006296486,1.8313877238310061,0.09336328858994696,15,0.056739197967075314,0.011998,raw_ranges
111629,1788679005990539264,1.9529540657385343,1.80634678407076,0.09347216168962451,15,0.057690637764064544,0.011998,raw_ranges
111630,1788679006018540800,1.9378492361466395,1.7935024938946234,0.09563159224216368,15,0.07407860850585468,0.011998,raw_ranges
111631,1788679006040540416,1.9300844345889356,1.7845724002751324,0.09386327700174665,15,0.060986072186579296,0.011999,raw_ranges
111632,1788679006062541056,1.933981794339342,1.7878843794830979,0.09432161954369851,15,0.06463487866236402,0.011998,raw_ranges
111633,1788679006085540096,1.9565413741924143,1.7642186537341924,0.0934885614000463,15,0.057832390570045654,0.011999,raw_ranges
111634,1788679006107540992,1.9170449139186088,1.8007533287183843,0.09873183053632367,15,0.09267080733609524,0.011998,raw_ranges
111635,1788679006129540864,1.9082643500904108,1.7750036628573926,0.0956867344565379,15,0.07444986536279237,0.011998,raw_ranges
111636,1788679006159041280,1.9385711156063354,1.7744204548461286,0.09563225990830487,15,0.07175198885260864,0.021998,raw_ranges
111637,1788679006178540544,1.9568515237158373,1.7838861882332888,0.09403677806445716,15,0.062393285123137694,0.011994,raw_ranges
111638,1788679006200542720,1.9471445698625793,1.7930808919924053,0.09361083159717856,15,0.05888021393624998,0.011998,raw_ranges
111639,1788679006222541312,1.9354620350356724,1.7845933153669715,0.09634038072499655,15,0.0787173978291747,0.011998,raw_ranges
111640,1788679006245540096,1.9429060979671977,1.786879075848945,0.09463860068546567,15,0.06704214108652619,0.011998,raw_ranges
111641,1788679006267540480,1.9445681993114066,1.798386476183168,0.09593638204092826,15,0.07610801558921552,0.011998,raw_ranges
111642,1788679006289540352,1.9616527182406838,1.799917184609861,0.09398376003374993,15,0.06196618456666452,0.011998,raw_ranges
111643,1788679006312540928,1.962109944485828,1.8016095985336473,0.09583875548527064,15,0.0754639217193928,0.011998,raw_ranges
111644,1788679006334541568,1.9362149721001687,1.8207135374628494,0.09724489293235741,15,0.08426708092937249,0.011998,raw_ranges
111645,1788679006385541376,1.9302848883960668,1.7938324949391384,0.09516049736352128,15,0.0708275748527456,0.011998,raw_ranges
111646,1788679006407540992,1.9307404479665125,1.7916279614671384,0.09538609711160981,15,0.07240265953409318,0.011998,raw_ranges
111647,1788679006429541632,1.934333006494933,1.7964771306171257,0.09533995712920322,15,0.07208332071431804,0.011998,raw_ranges
111648,1788679006451541248,1.9537445143696348,1.7960957503977648,0.09364208850513042,15,0.05914504629409323,0.011998,raw_ranges
111649,1788679006474541568,1.9161701856241113,1.8068527700046484,0.0963663843700412,15,0.07888239579298549,0.011998,raw_ranges
111650,1788679006496559872,1.920678956062689,1.7940996692124365,0.09545238807875107,15,0.07285901505476916,0.011998,raw_ranges
111651,1788679006518560000,1.9454695329092975,1.8080113104049846,0.09505039421606983,15,0.07004600068576242,0.011998,raw_ranges
111652,1788679006540560384,1.9152936665941085,1.768719455454426,0.0952076764175229,15,0.07115985113477195,0.011998,raw_ranges
111653,1788679006562559744,1.9416955469951922,1.7840356844830025,0.096149969566719,15,0.07749850039013026,0.011998,raw_ranges
111654,1788679006585643520,1.9390431066384852,1.7886762182982692,0.09449845181266263,15,0.06598863393541822,0.011998,raw_ranges
111655,1788679006607643648,1.9341068631389065,1.7852116816818997,0.0964169089375696,15,0.07920200081796931,0.011998,raw_ranges
111656,1788679006629643008,1.9646828773673721,1.8129987951099855,0.09448261017831316,15,0.06586849151387311,0.011998,raw_ranges
111657,1788679006651643648,1.9720795567823493,1.8211292962059316,0.09540110275200364,15,0.07250621178908497,0.011998,raw_ranges
111658,1788679006674643456,1.951684156685703,1.8208571367769553,0.0938440259046654,15,0.060828232759676644,0.011998,raw_ranges
111659,1788679006702643968,1.9513326491807432,1.7783439118085016,0.09398092003799788,15,0.061943264637875556,0.011998,raw_ranges
111660,1788679006724643328,1.932284871034051,1.7936742826197267,0.0953215768793241,15,0.07195554793290165,0.011999,raw_ranges
111661,1788679006746655488,1.9372749495760986,1.7847806043672783,0.09405520053023386,15,0.06253997542559374,0.011998,raw_ranges
111662,1788679006769643520,1.9265442821724952,1.7839708511032937,0.09400347856388098,15,0.062124894872192644,0.011999,raw_ranges
111663,1788679006791643392,1.9324054604192158,1.7871021113140577,0.09641306105631776,15,0.07917770552572084,0.011998,raw_ranges
111664,1788679006813643520,1.9278577084286825,1.7928101958872997,0.09389116725773823,15,0.06121450198881172,0.011998,raw_ranges
111665,1788679006835643648,1.941135134959682,1.8039469822483256,0.095503361971752,15,0.07320799114681396,0.011998,raw_ranges
111666,1788679006858643456,1.932282639489399,1.7705020059711336,0.09594717678934589,15,0.07617889986962201,0.011998,raw_ranges
111667,1788679006899643392,1.9324223937486198,1.7619823547278695,0.09432279086097618,15,0.06464393905832312,0.011998,raw_ranges
111668,1788679006922643456,1.9364339526738015,1.7733702950040864,0.09318413685906612,15,0.05513787133238037,0.011998,raw_ranges
111669,1788679006944643328,1.9346057564910777,1.8119459840658416,0.09711948588740577,15,0.08351966165763464,0.011998,raw_ranges
111670,1788679006966645504,1.9395298425628724,1.8099754649408153,0.09706014286851028,15,0.08316363907688433,0.011998,raw_ranges
111671,1788679006988643072,1.9737350204113555,1.8112357027132087,0.0934917998519588,15,0.0578605897650447,0.011998,raw_ranges
111672,1788679007011643904,1.9576204981004381,1.8145506796684154,0.09368277642768241,15,0.05948801916085642,0.011998,raw_ranges
111673,1788679007039643392,1.9293450862699737,1.7750842343393936,0.09441378330998751,15,0.06534394620764435,0.011998,raw_ranges
111674,1788679007061643264,1.9360301143117928,1.783384596962037,0.09547137544197663,15,0.0729890364436786,0.011999,raw_ranges
111675,1788679007083643392,1.9404749508622074,1.7789784886769888,0.09384834770326012,15,0.06086374700312268,0.011998,raw_ranges
111676,1788679007106643712,1.9388544320530139,1.7824653789154834,0.09396342167573567,15,0.06180166401267589,0.011999,raw_ranges
111677,1788679007128643840,1.9334453238041283,1.7886851450553714,0.09592447908979303,15,0.07602977762556609,0.011998,raw_ranges
111678,1788679007150642944,1.929054756353391,1.781933424138834,0.09645872297408319,15,0.07946553322090771,0.011998,raw_ranges
111679,1788679007172643840,1.9195501211298813,1.8071348511254337,0.09710751624761531,15,0.08344797327446193,0.011998,raw_ranges
111680,1788679007195643904,1.9333129956901391,1.7899312997093664,0.0940673957218879,15,0.0626373987158463,0.011998,raw_ranges
111681,1788679007217643008,1.9446586698947603,1.7800062188122157,0.09607684494792668,15,0.0770252747085441,0.011998,raw_ranges
111682,1788679007239643136,1.9325447506615592,1.7707649437644517,0.09379180068006612,15,0.06039742276013217,0.011998,raw_ranges
111683,1788679007271643136,1.9292179254583426,1.7872945437301144,0.09525324759603655,15,0.07147933681866776,0.011998,raw_ranges
111684,1788679007288646656,1.9633868948414677,1.8158497181499416,0.09195775777573144,15,0.04258992533136728,0.011994,raw_ranges
111685,1788679007310643200,1.947913156888734,1.7920674030110426,0.09524239401292484,15,0.07140337533285693,0.011998,raw_ranges
111686,1788679007333643264,1.9453003649993508,1.8149543740931353,0.09602359744349963,15,0.07667884610177458,0.011998,raw_ranges
111687,1788679007355643904,1.968171707637946,1.8220230602301535,0.09546534006154943,15,0.07294784477658976,0.011998,raw_ranges
111688,1788679007407643136,1.9411850583746346,1.8004238257396017,0.09507955647788509,15,0.07025385735947244,0.011998,raw_ranges
111689,1788679007429643776,1.9078423759285812,1.8085979805915693,0.09468419778430076,15,0.06738134593714176,0.011998,raw_ranges
111690,1788679007452643584,1.9212634047194992,1.8088448386577214,0.09412212064252382,15,0.06307272499681477,0.011998,raw_ranges
111691,1788679007474643200,1.92570809349952,1.788777375523696,0.09611335187480578,15,0.07726189145242171,0.011998,raw_ranges
111692,1788679007496643840,1.900573380251248,1.7976461779443147,0.09630539549569321,15,0.07849486283632337,0.011998,raw_ranges
111693,1788679007518643200,1.9381346295498665,1.8032654976257616,0.0953765371083361,15,0.0723366097099948,0.011998,raw_ranges
111694,1788679007541643776,1.9395673738247852,1.7831153222004827,0.09445392976894938,15,0.06565042090458663,0.011998,raw_ranges
111695,1788679007563643136,1.9366609939561523,1.8157559847306608,0.09470196750710153,15,0.06751307653411691,0.011998,raw_ranges
111696,1788679007585644032,1.9301899735581003,1.791103390333797,0.09394551100591615,15,0.061656783908311,0.011998,raw_ranges
111697,1788679007607643392,1.926173004828776,1.8267812784927817,0.09630883557109242,15,0.0785167725208597,0.011998,raw_ranges
111698,1788679007630643456,1.9523030080401238,1.8174418361641755,0.09324102898552183,15,0.05565138795683215,0.011998,raw_ranges
111699,1788679007652643072,1.931966668569272,1.816714373623292,0.09371604845199198,15,0.059767018061736954,0.011998,raw_ranges
111700,1788679007674643200,1.930295862176804,1.8234392509364814,0.0956799361648301,15,0.07440419451099582,0.011998,raw_ranges
111701,1788679007696643840,1.946584684255382,1.8352839960324727,0.09412318530764974,15,0.06308116441260214,0.011998,raw_ranges
111702,1788679007724646144,1.9360111425736257,1.8007772875691155,0.09581810437091814,15,0.07532696971814379,0.011998,raw_ranges
111703,1788679007746642944,1.9328995816445156,1.7930724635241742,0.09455253862436631,15,0.06639700763864527,0.011999,raw_ranges
111704,1788679007773643776,1.9264892745049675,1.8022452537608884,0.09756147857354473,15,0.0841282744952298,0.021998,raw_ranges
111705,1788679007795644416,1.9293661594045621,1.79312125060074,0.09398299960751406,15,0.06196062929404497,0.011995,raw_ranges
111706,1788679007817643520,1.9125567284925447,1.8051659721511781,0.09539359957010733,15,0.07245445166521745,0.011998,raw_ranges
111707,1788679007840644096,1.9181423453741229,1.792607722412206,0.09519813212054828,15,0.07109275713142854,0.011998,raw_ranges
111708,1788679007862643456,1.9390778784858949,1.7995249150170742,0.0952635731705234,15,0.07155152805163147,0.011998,raw_ranges
111709,1788679007884643072,1.9343398076374902,1.7891568753033726,0.09470913662849792,15,0.06756614999019794,0.011998,raw_ranges
111710,1788679007923643392,1.9196096341720057,1.786709070453171,0.09527901421266079,15,0.07165934836893786,0.011998,raw_ranges
111711,1788679007946643200,1.9388013139037228,1.794146207336377,0.0943057217562873,15,0.06451177994976821,0.011998,raw_ranges
111712,1788679007968643328,1.9314583545940514,1.813588100038879,0.09553298327283939,15,0.07341002158315574,0.011998,raw_ranges
111713,1788679007990643968,1.9549314809218,1.8346250608275856,0.09564014686405406,15,0.07413632618395694,0.011998,raw_ranges
111714,1788679008012645120,1.955936419344697,1.8191201060316795,0.09452552573693175,15,0.06619345687401249,0.011998,raw_ranges
111715,1788679008035643648,1.9576506049647735,1.7986724104784981,0.09233720299103798,15,0.046832157616727266,0.011998,raw_ranges
111716,1788679008063643136,1.9125784651092674,1.809368768322648,0.09566556498071695,15,0.07430755665958179,0.011998,raw_ranges
111717,1788679008085642496,1.9354180468308244,1.7885566196809037,0.09548067776450786,15,0.0730527327586578,0.011999,raw_ranges
111718,1788679008107643904,1.9388410548678514,1.7988523021598701,0.094759175607028,15,0.067935437019482,0.011998,raw_ranges
111719,1788679008130643456,1.9417174638424242,1.8016762338736971,0.09536086896546267,15,0.07222806216743377,0.011999,raw_ranges
111720,1788679008152643840,1.9299238539503671,1.791182299143019,0.09381653503717029,15,0.06060184017973621,0.011998,raw_ranges
111721,1788679008174643968,1.932731082830269,1.8023037400062325,0.09537710870101206,15,0.07234056052459131,0.011998,raw_ranges
111722,1788679008196644096,1.9242943952500107,1.8005448506979962,0.09516851485326479,15,0.07088415090318,0.011998,raw_ranges
111723,1788679008219643392,1.9357365664327666,1.7994308978758733,0.0938102229504636,15,0.06054973944174825,0.011998,raw_ranges
111724,1788679008241643264,1.9171290222227921,1.8147486662227945,0.09503930946024741,15,0.06996683111480333,0.011998,raw_ranges
111725,1788679008263643392,1.9422908733235502,1.8189083482348882,0.0954101989103431,15,0.07256891143143253,0.011998,raw_ranges
111726,1788679008286643968,1.933656974549324,1.804593771180531,0.09571829145130652,15,0.07466149909629811,0.011998,raw_ranges
111727,1788679008308643328,1.9389803926788816,1.8135706414864852,0.09563268315429468,15,0.07408597134609686,0.011998,raw_ranges
111728,1788679008330642944,1.9433978882986964,1.800797950331344,0.09623285988524395,15,0.07803145443501587,0.011998,raw_ranges
111729,1788679008352643584,1.9448003571824772,1.8089347445207815,0.09347097915239959,15,0.05768038790091135,0.011998,raw_ranges
111730,1788679008374643200,1.9466626257512725,1.8057784953013898,0.09672585501168252,15,0.0811289283035498,0.011998,raw_ranges
111731,1788679008425643520,1.9280213560262582,1.79940301172793,0.09567746969515906,15,0.07438761786183953,0.011998,raw_ranges
111732,1788679008447643392,1.9316424050830945,1.8018611070942432,0.09393880244880382,15,0.061602357461413966,0.011998,raw_ranges
111733,1788679008469643520,1.9115927820575656,1.8073917732097475,0.0954146416421692,15,0.07259951541277121,0.011998,raw_ranges
111734,1788679008491645696,1.940718428257728,1.7905809370321597,0.09496385964933968,15,0.06942555469954625,0.011998,raw_ranges
111735,1788679008514643712,1.9272933308595261,1.8083695016218226,0.09578196433143929,15,0.07508669873845365,0.011998,raw_ranges
111736,1788679008536644096,1.9248056320879432,1.8000325568498248,0.09401491779123239,15,0.062217085975095246,0.011998,raw_ranges
111737,1788679008558643712,1.9388451968907743,1.795708816750379,0.09530208172626187,15,0.07182012059487146,0.011998,raw_ranges
111738,1788679008580643840,1.922094427419967,1.7881203494347349,0.09525086023548231,15,0.0714626352122724,0.011998,raw_ranges
111739,1788679008602643968,1.9370803031076516,1.7981105956815622,0.09647699646848021,15,0.07958042764700507,0.011998,raw_ranges
111740,1788679008625643264,1.9416643012516133,1.7944362444464592,0.09478264224283155,15,0.06810793080715016,0.011998,raw_ranges
111741,1788679008647642880,1.9253590776883303,1.8199729851997393,0.0956768782402169,15,0.07438364226237446,0.011998,raw_ranges
111742,1788679008669643776,1.9456471240480995,1.8021833040331339,0.0948709903216102,15,0.06875346040462409,0.011998,raw_ranges
111743,1788679008691643648,1.939511557526176,1.8245492488554225,0.09534727868396577,15,0.0721340881966756,0.011998,raw_ranges
111744,1788679008714643712,1.9305826153729482,1.8181988036126102,0.09734568442875868,15,0.08486302153917624,0.011998,raw_ranges
111745,1788679008742643712,1.9319796121051638,1.8121246970237206,0.09465971244477041,15,0.0671994080388393,0.011998,raw_ranges
111746,1788679008764642816,1.931051916331502,1.8038896078450828,0.0931962063196568,15,0.05524699375221068,0.011999,raw_ranges
111747,1788679008786643712,1.925926572966852,1.8030078626871857,0.09612806605555835,15,0.07735705560295299,0.011998,raw_ranges
111748,1788679008809643520,1.9239032756346794,1.7993409179126763,0.09389764147467694,15,0.06126716472693136,0.011999,raw_ranges
111749,1788679008831643648,1.9327833836422843,1.7956797999982277,0.09564955736216735,15,0.07419976656410283,0.011998,raw_ranges
111750,1788679008853643520,1.9251099640916574,1.8011559810901212,0.0945876974861678,15,0.06666142424346937,0.011998,raw_ranges
111751,1788679008875643904,1.9495316815069352,1.7933842754936096,0.09597422332032328,15,0.07635621334458173,0.011998,raw_ranges
111752,1788679008898644224,1.9440492657656974,1.806789082584135,0.09656027413187603,15,0.08010194834007492,0.011998,raw_ranges
111753,1788679008936642816,1.940866833131867,1.7918118203367555,0.09480933008618178,15,0.06830357298254451,0.011998,raw_ranges
111754,1788679008958643712,1.9400650150122871,1.7986505628156824,0.09631729084341674,15,0.07857059780488337,0.011998,raw_ranges
111755,1788679008980643584,1.9377461798450069,1.8090218352578848,0.09724071094864753,15,0.0842422634112328,0.011998,raw_ranges
111756,1788679009002643712,1.9632352775087143,1.8226575350015493,0.09387601508033602,15,0.06109061365165704,0.011998,raw_ranges
111757,1788679009025643520,1.9742236686862766,1.8265499135527181,0.09245394074202157,15,0.048062342202826284,0.011998,raw_ranges
111758,1788679009047643648,1.9511568772496157,1.8137260894696623,0.09374107708388911,15,0.05997603754741647,0.011998,raw_ranges
111759,1788679009075643392,1.924984785345291,1.813385913815039,0.09583406287035108,15,0.07543282353426185,0.011998,raw_ranges
111760,1788679009097643264,1.9364696136738466,1.7799859217791716,0.0944951397532983,15,0.06596335158478772,0.011999,raw_ranges
111761,1788679009119643136,1.9357586013410049,1.7877992210109206,0.09673273312337877,15,0.08117130724202222,0.011998,raw_ranges
111762,1788679009142643200,1.9372301197517592,1.7902084891243946,0.09566182214899059,15,0.07428220613303434,0.011999,raw_ranges
111763,1788679009164644096,1.9458007881200161,1.7707497963559413,0.09397422956067113,15,0.061889236193954915,0.011998,raw_ranges
111764,1788679009186644992,1.9318177041802111,1.7913119470423744,0.09766447611339193,15,0.08672095542250405,0.011998,raw_ranges
111765,1788679009208643328,1.9489565240890285,1.791487389870907,0.09448780333914489,15,0.06590790040006501,0.011998,raw_ranges
111766,1788679009231643904,1.9289349081725273,1.7779621167112971,0.09552333491604635,15,0.07334427661410502,0.011998,raw_ranges
111767,1788679009253643264,1.935709222673282,1.7886915585157657,0.09638162276116256,15,0.0789789260319648,0.011998,raw_ranges
111768,1788679009275643392,1.921119430766016,1.8155880126655952,0.0963227034750444,15,0.0786050346418371,0.011998,raw_ranges
111769,1788679009298643200,1.9402030895058284,1.7965259975208248,0.09573657059653704,15,0.07478381236963683,0.011998,raw_ranges
111770,1788679009320643328,1.9344019391875016,1.8191163336618896,0.09471735918506079,15,0.0676269708109183,0.011998,raw_ranges
111771,1788679009342644992,1.9621163840518978,1.816002641688977,0.09405515992121422,15,0.06253965076025146,0.011998,raw_ranges
111772,1788679009364643584,1.9639861527120852,1.821718524943418,0.09347026322797783,15,0.057674181606485235,0.011998,raw_ranges
111773,1788679009386644224,1.9675298587023402,1.8314009548002774,0.0939773423658653,15,0.06191437928191885,0.011998,raw_ranges
111774,1788679009414642688,1.9442378963091131,1.7834071497379471,0.09650306450121206,15,0.07974404364723461,0.011998,raw_ranges
111775,1788679009455642880,1.9381093166577559,1.7993597146047744,0.09445134880591619,15,0.0656307610950551,0.011998,raw_ranges
111776,1788679009477644288,1.9403731997545317,1.804068309634184,0.09402182308215218,15,0.062272554774572914,0.011998,raw_ranges
111777,1788679009500643840,1.9462009090986054,1.7993096503344161,0.09465219283419711,15,0.06714343475126301,0.011998,raw_ranges
111778,1788679009522643456,1.924001941114086,1.8045579228355573,0.0956519924265632,15,0.07421617359149701,0.011998,raw_ranges
111779,1788679009544643840,1.934037854024466,1.805198672578248,0.09620234914957465,15,0.07783570610956549,0.011998,raw_ranges
111780,1788679009566643968,1.9258365063890721,1.8008340143018309,0.0935524369380502,15,0.05838223132126931,0.011998,raw_ranges
111781,1788679009589643264,1.9201278956690857,1.7981930306829879,0.09528568095647845,15,0.07170585019702684,0.011998,raw_ranges
111782,1788679009611643136,1.9196217574834273,1.8034266703117332,0.09648480268352011,15,0.0796294586162691,0.011998,raw_ranges
111783,1788679009633643264,1.9343224132076773,1.7968802388629341,0.09509464761047753,15,0.07036117968366888,0.011998,raw_ranges
111784,1788679009655643392,1.9285805310981716,1.815492648125755,0.09728635428524997,15,0.08451273443245089,0.011998,raw_ranges
111785,1788679009678643200,1.955741933424482,1.8298260943118227,0.09443396917414605,15,0.06549822264875635,0.011998,raw_ranges
111786,1788679009700643584,1.9742821125367258,1.8296079747305778,0.09294042415335256,15,0.05288168065930364,0.011998,raw_ranges
111787,1788679009722643968,1.9396742987812197,1.8231063936751557,0.09557230445971315,15,0.07367735375075007,0.011998,raw_ranges
111788,1788679009750643712,1.9336034643113515,1.8058848208118974,0.09294070796171956,15,0.05288436401924077,0.011998,raw_ranges
111789,1788679009772643072,1.9386294581540862,1.8024427161827359,0.09463628197924036,15,0.0670246669386754,0.011999,raw_ranges
111790,1788679009794642944,1.9204350792723344,1.7935246865685355,0.09507099300287362,15,0.07019288424672139,0.011998,raw_ranges
111791,1788679009817643264,1.9134527230348521,1.804683308814819,0.09522539558863402,15,0.07128407667659044,0.011999,raw_ranges
111792,1788679009839643136,1.929954515449144,1.8074767155901277,0.09741366629158507,15,0.08526261952101329,0.011998,raw_ranges
111793,1788679009861643520,1.9488096843228333,1.8096058622141669,0.09393062086019466,15,0.06153591517313012,0.011998,raw_ranges
111794,1788679009883643392,1.9487302297192137,1.7937269957420152,0.09543720985611315,15,0.07275477889536301,0.011998,raw_ranges
111795,1788679009906643200,1.9201794849907663,1.7962910665921275,0.09569354984473755,15,0.07449562296361818,0.011998,raw_ranges
111796,1788679009928643072,1.9368110211298935,1.798667217320889,0.09531424507487647,15,0.071904749988276,0.011998,raw_ranges
111797,1788679009967643904,1.9315459363331797,1.7844013082640666,0.09439386594256492,15,0.06519136398760908,0.011998,raw_ranges
111798,1788679009990643456,1.9326255710643376,1.7837701892071585,0.09587571948175869,15,0.0757084372957116,0.011998,raw_ranges
111799,1788679010012643840,1.9426089669358078,1.8129256384268055,0.09535710382773462,15,0.07220199323242137,0.011999,raw_ranges
111800,1788679010034643456,1.9558610596753592,1.8086661411455884,0.09478713474259945,15,0.06814090356459514,0.011998,raw_ranges
111801,1788679010056643584,1.9382013786730188,1.829173721841862,0.09387907886623673,15,0.061115487932575145,0.011999,raw_ranges
111802,1788679010079643392,1.9735964661903536,1.8242324099775866,0.0918002899353461,15,0.040698131791841556,0.011998,raw_ranges
111803,1788679010107643392,1.928547790760221,1.8184461118266682,0.09462935222866385,15,0.06697313061716509,0.011998,raw_ranges
111804,1788679010129643008,1.9368190630044206,1.795960447196735,0.09389944744652297,15,0.061281901451594775,0.011999,raw_ranges
111805,1788679010151643904,1.933839841401726,1.7939674256740257,0.09505574759227435,15,0.07008420355739486,0.011998,raw_ranges
111806,1788679010174643712,1.9385150932410922,1.8022932221723054,0.0946740393141384,15,0.06730574502327721,0.011999,raw_ranges
111807,1788679010196643328,1.9153341338755707,1.779313582910605,0.09505817862980406,15,0.07010154510282973,0.011998,raw_ranges
111808,1788679010218644480,1.9518966223337852,1.7960920360210775,0.0951648650864978,15,0.07085840163662882,0.011998,raw_ranges
111809,1788679010240643840,1.9252640284588882,1.7821796407698545,0.09392648568941088,15,0.06150230634220875,0.011998,raw_ranges
111810,1788679010263644160,1.928792386132757,1.7903465986498022,0.09607268187839045,15,0.07699824591762108,0.011998,raw_ranges
111811,1788679010285643008,1.9278797476941945,1.7779059223148808,0.09360157795465242,15,0.05880158119177088,0.011998,raw_ranges
111812,1788679010307643648,1.914140693821043,1.7946991576557005,0.0957060791425176,15,0.07457966973993381,0.011998,raw_ranges
111813,1788679010330642944,1.9478089580175295,1.8033268595175505,0.09406895472573815,15,0.06264984215253981,0.011998,raw_ranges
111814,1788679010352643840,1.9288686025646549,1.7873857169551104,0.09371264338226315,15,0.05973852507606088,0.011998,raw_ranges
111815,1788679010374845440,1.9324764490816444,1.819659241525228,0.09515345250233345,15,0.07077782490535758,0.011998,raw_ranges
111816,1788679010396844544,1.9420680042514011,1.8080998962570678,0.09278003413268034,15,0.05134279042553432,0.011998,raw_ranges
111817,1788679010418844416,1.9543885619409997,1.8136641104781055,0.09358052982080695,15,0.05862233206557848,0.011998,raw_ranges
111818,1788679010468844800,1.923642105493679,1.7877888737708258,0.0934899644844074,15,0.05784472733454106,0.011998,raw_ranges
111819,1788679010490844672,1.9274402733556315,1.827549978793675,0.09536653581263728,15,0.07226744639626671,0.011998,raw_ranges
111820,1788679010513844736,1.9226502147969342,1.801814645201787,0.09459939778840382,15,0.06674912572014571,0.011998,raw_ranges
111821,1788679010535857920,1.927682755731549,1.7986891136087764,0.09328789453700605,15,0.056070870628215315,0.011998,raw_ranges
111822,1788679010557859840,1.9344649028717258,1.7910461411570506,0.09383227154964491,15,0.06073153666461033,0.011998,raw_ranges
111823,1788679010579857408,1.9285006201903425,1.7849127096031938,0.09326964574557417,15,0.05590790410643365,0.011998,raw_ranges
111824,1788679010602857472,1.942663462346352,1.7954623845811881,0.09374858656145163,15,0.06003860889004367,0.011998,raw_ranges
111825,1788679010624859392,1.9307698559861035,1.8005221219081444,0.09306678842643107,15,0.0540632631500455,0.011998,raw_ranges
111826,1788679010646858240,1.931319225739855,1.7813513401850996,0.09521313481554687,15,0.07119819387840454,0.011998,raw_ranges
111827,1788679010669858048,1.9271309000516015,1.7973270617033947,0.09666361020639828,15,0.0807444004398961,0.011998,raw_ranges
111828,1788679010691857920,1.9261221512389832,1.7996905568607908,0.09499606332610591,15,0.0696570981458883,0.011998,raw_ranges
111829,1788679010713857536,1.9507636814296676,1.8082928592333274,0.09417201879885487,15,0.06346705282943957,0.011998,raw_ranges
111830,1788679010735857408,1.9438647610394284,1.7949920009268643,0.09240898761337692,15,0.04759239024651871,0.011998,raw_ranges
111831,1788679010757860096,1.959243622987182,1.8130283601607708,0.0934838935351864,15,0.05779222725580313,0.011998,raw_ranges
111832,1788679010785858560,1.9426427120207568,1.7905722904359118,0.09463591538971781,15,0.06702211117025354,0.011998,raw_ranges
111833,1788679010807857920,1.9310763912629312,1.7774871438911883,0.0948103209801456,15,0.06831065055425545,0.011999,raw_ranges
111834,1788679010829858048,1.9208766850025512,1.8091725949535589,0.09487255758970607,15,0.0687648571997796,0.011998,raw_ranges
111835,1788679010852857856,1.924226183518051,1.7901649213013942,0.09588587796410127,15,0.07577533875279789,0.011999,raw_ranges
111836,1788679010874857984,1.9379800273916568,1.8032603609092202,0.09530261037484225,15,0.07182380086602394,0.011998,raw_ranges
111837,1788679010896858368,1.9173494148191697,1.8074628841689964,0.0952258089508665,15,0.07128714433098376,0.011998,raw_ranges
111838,1788679010918857472,1.9273081900082896,1.8105674197525152,0.09587923563205894,15,0.07573165538966484,0.011998,raw_ranges
111839,1788679010941857792,1.935383826663423,1.804010486196794,0.09504293160804894,15,0.06999271107800406,0.011998,raw_ranges
111840,1788679010980858624,1.9075930552020437,1.8082939550310078,0.0954994408401751,15,0.07318120548457166,0.011998,raw_ranges
111841,1788679011003858688,1.9228197785938612,1.7978643277751596,0.09511845754532328,15,0.0705301746866069,0.011998,raw_ranges
111842,1788679011028358144,1.9316776919533347,1.8096162197975143,0.09402899149310591,15,0.05954057011068935,0.021998,raw_ranges
111843,1788679011052859136,1.9515341103639374,1.8334934825210847,0.09333133537996961,15,0.056457766020004824,0.011994,raw_ranges
111844,1788679011074857472,1.9436694361923097,1.8223143184130346,0.09545810865676303,15,0.07289826234392034,0.011998,raw_ranges
111845,1788679011096858112,1.944611602983987,1.8102097129188905,0.09342675553052812,15,0.05729575487353428,0.011998,raw_ranges
111846,1788679011124857856,1.9343114679791695,1.7919791857904181,0.09461840372234524,15,0.06689134262627155,0.011998,raw_ranges
111847,1788679011146857472,1.9428765222599051,1.7932552639232722,0.09562958467603229,15,0.07406489502478412,0.011999,raw_ranges
111848,1788679011176360192,1.9313317588640808,1.7874904094982405,0.09616275871704846,15,0.07535812307275484,0.021998,raw_ranges
111849,1788679011195861248,1.927760170857076,1.7924728815147084,0.09588294275205331,15,0.07575660187107992,0.011995,raw_ranges
111850,1788679011217862656,1.9444236043355034,1.7790034038383191,0.09405933515274306,15,0.0625730225316236,0.011998,raw_ranges
111851,1788679011240860928,1.952782395765833,1.7964585732383969,0.09522001955458803,15,0.07124652658612937,0.011998,raw_ranges
111852,1788679011262859520,1.9410470101158614,1.7971830943758078,0.09384864923038425,15,0.06086622401943665,0.011998,raw_ranges
111853,1788679011284862720,1.9557315262697224,1.806634651353293,0.09343723085293305,15,0.05738709653687889,0.011998,raw_ranges
111854,1788679011306859776,1.9229332459143762,1.8128655559441373,0.09579895544098611,15,0.07519975689446153,0.011998,raw_ranges
111855,1788679011329859584,1.9172560584493936,1.8091646561105557,0.09665628789551609,15,0.08069904517103098,0.011998,raw_ranges
111856,1788679011351867904,1.93330574222519,1.7816896199848908,0.09476163147923633,15,0.06795350966091693,0.011998,raw_ranges
111857,1788679011373867776,1.9644800861715306,1.825470577806481,0.09259143478516842,15,0.0494720403982737,0.011998,raw_ranges
111858,1788679011395868416,1.9440536287641585,1.8257818811384265,0.09438128705132344,15,0.0650948158252518,0.011998,raw_ranges
111859,1788679011418867712,1.9431720534119645,1.812869833799567,0.09478516150747658,15,0.06812642294643534,0.011998,raw_ranges
111860,1788679011440869888,1.9636570766579524,1.8252835462856576,0.0923260017494518,15,0.04671241532453441,0.011998,raw_ranges
111861,1788679011490877184,1.9295447636914325,1.792263429995341,0.09723398871624658,15,0.08420235574048147,0.011998,raw_ranges
111862,1788679011512875520,1.9312245037497828,1.7943057499344657,0.09430050828086395,15,0.06447136012885071,0.011998,raw_ranges
111863,1788679011535882752,1.921074503925896,1.7916625916912547,0.09581192491302,15,0.07528594097851213,0.011998,raw_ranges
111864,1788679011557882368,1.9381881247816903,1.8053987953697164,0.09564119485675836,15,0.07414339385783711,0.011998,raw_ranges
111865,1788679011579882496,1.9212850859612536,1.797005400880063,0.09426006388648941,15,0.06415693167919904,0.011998,raw_ranges
111866,1788679011601882880,1.931680750230294,1.8121885354824554,0.09599073289900359,15,0.07646424586042544,0.011998,raw_ranges
111867,1788679011624882688,1.9335304709048946,1.7987650836383573,0.09544005024923483,15,0.07277429659732093,0.011998,raw_ranges
111868,1788679011646889472,1.938516127805294,1.788278594984807,0.09613276154167952,15,0.07738739908847898,0.011998,raw_ranges
111869,1788679011668889344,1.9312874881122322,1.7951689993445539,0.09645254769223204,15,0.07942666862101191,0.011998,raw_ranges
111870,1788679011691895808,1.934750812006266,1.7877457448308107,0.09476425293800578,15,0.06797279554355393,0.011998,raw_ranges
111871,1788679011713895680,1.9218274318351258,1.8042340073733278,0.09690361810068908,15,0.0822171885720321,0.011998,raw_ranges
111872,1788679011735895552,1.9553798118878303,1.823873318158603,0.0935608206119206,15,0.05845398710028778,0.011998,raw_ranges
111873,1788679011757896192,1.958836554449665,1.8240946813924923,0.09290743034225979,15,0.05256879624130449,0.011998,raw_ranges
111874,1788679011779895808,1.9411844207086768,1.8179204576648669,0.09538403862606402,15,0.07238844260007274,0.011998,raw_ranges
111875,1788679011807895552,1.9292030697322518,1.7990178778978527,0.09473658803353853,15,0.06776899017647038,0.011998,raw_ranges
111876,1788679011829895168,1.9418521708063898,1.7896316978033036,0.0948312381180318,15,0.0684635824145349,0.011999,raw_ranges
111877,1788679011851895808,1.9144601839361388,1.7965062247974128,0.0946109076386236,15,0.06683528734600915,0.011998,raw_ranges
111878,1788679011874896896,1.9170904323091715,1.7982385417197624,0.09552307132460978,15,0.07334231605021618,0.011999,raw_ranges
111879,1788679011896897280,1.9440200784099981,1.7971261396519345,0.09570682988366506,15,0.07458470271888913,0.011998,raw_ranges
111880,1788679011918897408,1.9370700702601875,1.8096881073351279,0.09542258103945166,15,0.07265417424657489,0.011998,raw_ranges
111881,1788679011940898048,1.930187331933523,1.8084256253716933,0.09433017634130877,15,0.0647010381470713,0.011998,raw_ranges
111882,1788679011963896576,1.9304884535231588,1.7781208802401838,0.09454230463453345,15,0.06632007713003242,0.011998,raw_ranges
111883,1788679012004897280,1.9270241432430373,1.7886740512579622,0.09422338014705825,15,0.06387040114997136,0.011998,raw_ranges
111884,1788679012027897344,1.9353879472401865,1.7869533443441474,0.09340005396678351,15,0.05706226391218212,0.011998,raw_ranges
111885,1788679012049897472,1.9306309059027928,1.803025723719222,0.0966291973052106,15,0.08053102073866075,0.011998,raw_ranges
111886,1788679012071897600,1.9325400433136144,1.810642418745298,0.09625226157721734,15,0.07815567524637826,0.011998,raw_ranges
111887,1788679012093901824,1.9273907839041466,1.8312776476065054,0.09510939168256385,15,0.07046587598663523,0.011998,raw_ranges
111888,1788679012116898560,1.9374571452401146,1.8212856378436075,0.09621095696504349,15,0.07789098125613451,0.011998,raw_ranges
111889,1788679012144898816,1.9348697373018902,1.7997040687882735,0.09443715361440456,15,0.06552252750317686,0.011998,raw_ranges
111890,1788679012166898944,1.9376642984919512,1.8016013173970984,0.09441690499827544,15,0.06536764488089997,0.011999,raw_ranges
111891,1788679012188898304,1.937910805306965,1.7984324855606255,0.09461427982588505,15,0.0668605101826561,0.011998,raw_ranges
111892,1788679012211898624,1.934837285553496,1.7868625112828767,0.09380083165347963,15,0.06047194103449662,0.011999,raw_ranges
111893,1788679012233898496,1.924205126041921,1.7929262537313575,0.09690785163228305,15,0.08224293056721081,0.011998,raw_ranges
111894,1788679012255898368,1.9354109906569326,1.7841296910879982,0.09543707384489453,15,0.07275384416575209,0.011998,raw_ranges
111895,1788679012287898624,1.9272394731258686,1.8242936038340059,0.09421647110634035,15,0.06381629182536666,0.011998,raw_ranges
111896,1788679012304899072,1.914518174992629,1.807731315617401,0.09456329573182197,15,0.06647886653532811,0.011994,raw_ranges
111897,1788679012326898432,1.9412151371493498,1.8009980553313196,0.09434173933664547,15,0.06479033363585557,0.011998,raw_ranges
111898,1788679012348898304,1.94282195273473,1.7855939956820879,0.09278336259001323,15,0.05137519426740143,0.011998,raw_ranges
111899,1788679012371897856,1.9290792518574371,1.8041723416703388,0.09422867120289333,15,0.06391180797703451,0.011998,raw_ranges
111900,1788679012393898752,1.951272836538452,1.8444136297832727,0.09327636299594722,15,0.055967946111566524,0.011998,raw_ranges
111901,1788679012415898368,1.9432824441137944,1.7947938375551105,0.09373743017116656,15,0.05994562675597422,0.011998,raw_ranges
111902,1788679012438898688,1.9441402139015633,1.8048594192878227,0.09348970298496588,15,0.05784246693361103,0.011998,raw_ranges
111903,1788679012460899072,1.9654660405204691,1.8239088447037948,0.09281263240137341,15,0.05165927213360074,0.011998,raw_ranges
111904,1788679012513898752,1.9329633459486788,1.7946020230310258,0.09384097028773584,15,0.06080311080640412,0.011998,raw_ranges
111905,1788679012534901248,1.9313600341558665,1.7925318734845652,0.09456433099201075,15,0.06648593075238374,0.011998,raw_ranges
111906,1788679012557899008,1.924702163002603,1.8011521076249206,0.09416521906940112,15,0.06341346123183249,0.011998,raw_ranges
111907,1788679012579898624,1.9106784219387556,1.8044705445019622,0.09590289037660486,15,0.07588766943716795,0.011998,raw_ranges
111908,1788679012601898240,1.935359029633458,1.7940270543583337,0.09483140661509186,15,0.06846498821362537,0.011998,raw_ranges
111909,1788679012624899072,1.9318036314623168,1.7961456899647634,0.0945825097803907,15,0.06662250202739842,0.011998,raw_ranges
111910,1788679012646898432,1.946664964024554,1.7916030675000607,0.09536846787996374,15,0.0722808126404494,0.011998,raw_ranges
111911,1788679012668899328,1.93870457960951,1.806257406271707,0.09278087823951765,15,0.05135101007300297,0.011998,raw_ranges
111912,1788679012690898432,1.9316990733383301,1.800573702496164,0.09351523733197349,15,0.058062770584717135,0.011998,raw_ranges
111913,1788679012713902848,1.9184862381829233,1.8015244250842444,0.0949835825554671,15,0.06956745324839127,0.011998,raw_ranges
111914,1788679012735898880,1.9423656130343168,1.8260279384264628,0.09395758050881882,15,0.061754582864908335,0.011998,raw_ranges
111915,1788679012757899008,1.9362236112678017,1.8069271257824155,0.09615127280118145,15,0.0775069080610332,0.011998,raw_ranges
111916,1788679012784898304,1.9537004788040768,1.8263985805384988,0.09330749869579462,15,0.05313743211517305,0.021998,raw_ranges
111917,1788679012806903552,1.9523819374434,1.810278497214645,0.09391421286028792,15,0.0614032313831114,0.011994,raw_ranges
111918,1788679012834909440,1.9177809369924992,1.80512652535898,0.09608543036617984,15,0.07708098573694973,0.011998,raw_ranges
111919,1788679012856911360,1.9429616605734674,1.7804527158841283,0.09427027418177371,15,0.0642362684219259,0.011999,raw_ranges
111920,1788679012878908928,1.9319565441024518,1.809148388290182,0.09644345434034977,15,0.07936940428370227,0.011998,raw_ranges
111921,1788679012901909504,1.9369779241979799,1.7862011617092133,0.09599834257272606,15,0.07651383255154628,0.011999,raw_ranges
111922,1788679012923908608,1.9406422543898807,1.792802619816255,0.0928467025759923,15,0.05198798488105019,0.011998,raw_ranges
111923,1788679012945909248,1.924036218409551,1.8077250045468782,0.09462078836794666,15,0.0669091650220406,0.011998,raw_ranges
111924,1788679012967909376,1.9194257376866783,1.7863056735248444,0.09428360535296625,15,0.06434013793089234,0.011998,raw_ranges
111925,1788679012990922752,1.9284609815796039,1.7863774140951743,0.09482186240857539,15,0.068395251330596,0.011998,raw_ranges
111926,1788679013029920512,1.9320332100159765,1.7829884877477897,0.09523564653457092,15,0.07135611067435592,0.011998,raw_ranges
111927,1788679013052920064,1.9289006822956563,1.7863033167928475,0.09371260598059247,15,0.05973821203042884,0.011998,raw_ranges
111928,1788679013074920704,1.9414311925005416,1.8058883763388751,0.09451837492761957,15,0.06613942034535512,0.011998,raw_ranges
111929,1788679013096920320,1.9436006197098392,1.8324592208904682,0.09462340410983613,15,0.06692870913020915,0.011998,raw_ranges
111930,1788679013118920192,1.9229991716698667,1.8118244738146465,0.0972124059756485,15,0.08407409810190351,0.011998,raw_ranges
111931,1788679013140922112,1.9442291180668179,1.8104063534011745,0.09334606084773711,15,0.056587179146314774,0.011998,raw_ranges
111932,1788679013168922624,1.9297435699980041,1.8108036993289751,0.09361332580373331,15,0.0589013904736834,0.011998,raw_ranges
111933,1788679013190921728,1.9507109575233113,1.7928139978344049,0.09455276533380791,15,0.06639871484304433,0.011999,raw_ranges
111934,1788679013212921856,1.9260121751602626,1.7911730531083125,0.09506541355102145,15,0.07015312927461939,0.011998,raw_ranges
111935,1788679013235921408,1.940500627275188,1.798791839102882,0.09486263723958868,15,0.06869251224543105,0.011999,raw_ranges
111936,1788679013257922304,1.9337814480835769,1.808270450394536,0.09600669846081146,15,0.07656857355868314,0.011998,raw_ranges
111937,1788679013279921920,1.9428455742190387,1.8024955852027857,0.0944215693398893,15,0.06540349635829341,0.011998,raw_ranges
111938,1788679013301921792,1.9333518482119285,1.7935249150197092,0.09785853015253815,15,0.08783267130480636,0.011998,raw_ranges
111939,1788679013324921856,1.9378417342461955,1.7878262755851575,0.09667556477570874,15,0.08081839377090304,0.011998,raw_ranges
111940,1788679013346930176,1.9282900705391754,1.7990391000030568,0.09356335121605742,15,0.05847562921472019,0.011998,raw_ranges
111941,1788679013368930048,1.9514514160195984,1.8196936785344264,0.09541832491869162,15,0.07262487807006374,0.011998,raw_ranges
111942,1788679013391930112,1.9484443424406237,1.793986500844251,0.0941520454480986,15,0.06330950516390581,0.011998,raw_ranges
111943,1788679013413929984,1.9388847263169984,1.799095199996836,0.09496448050252462,15,0.06943002591476272,0.011998,raw_ranges
111944,1788679013435929344,1.9295319575340977,1.809247818629125,0.09578940221629216,15,0.07513621105893058,0.011998,raw_ranges
111945,1788679013457929472,1.9388407546047794,1.8272189341017193,0.09671369180146022,15,0.08105393141273425,0.011998,raw_ranges
111946,1788679013479929600,1.9330330728824932,1.823244210470564,0.09662529081583805,15,0.08050676252239969,0.011998,raw_ranges
111947,1788679013529949184,1.9297832657916998,1.791949584617645,0.09557567944397323,15,0.07370025400209444,0.011998,raw_ranges
111948,1788679013551929344,1.9218544668308077,1.8045951151363586,0.09560305265899963,15,0.07388572700460914,0.011998,raw_ranges
111949,1788679013574929664,1.92741106177814,1.8095338926702127,0.09642140844775313,15,0.07923040100714585,0.011998,raw_ranges
111950,1788679013596930304,1.9212186601581054,1.8021752213379285,0.09745211491127767,15,0.08548779390812283,0.011998,raw_ranges
111951,1788679013618930944,1.938771273230175,1.7846551652090663,0.09577328549007573,15,0.07502888434513559,0.011998,raw_ranges
111952,1788679013640929536,1.9182741794989584,1.8051261513592207,0.09785995550556909,15,0.08784078495533323,0.011998,raw_ranges
111953,1788679013663929856,1.9417591321421193,1.8057009905962162,0.095386414518966,15,0.07240485146014733,0.011998,raw_ranges
111954,1788679013685930240,1.9387980708746053,1.8092262407058357,0.09566715857338111,15,0.07431827883758552,0.011998,raw_ranges
111955,1788679013707929600,1.9399570189457722,1.799806088818272,0.09668571063626268,15,0.08088113891546456,0.011998,raw_ranges
111956,1788679013730930944,1.9250035968963124,1.7952224297757533,0.09706362328912523,15,0.08318456157920909,0.011998,raw_ranges
111957,1788679013752934400,1.9355186694173183,1.7921487094663142,0.09751162347338582,15,0.0858351412265736,0.011998,raw_ranges
111958,1788679013774929920,1.930456462100637,1.8282311903402095,0.09510106338553653,15,0.07040675664690524,0.011998,raw_ranges
111959,1788679013796931072,1.9451290349060615,1.791547652732314,0.09462113843829743,15,0.06691178098285415,0.011998,raw_ranges
111960,1788679013818932480,1.9493400976920445,1.8067219637115823,0.09471157805503078,15,0.06758421451071832,0.011998,raw_ranges
111961,1788679013846931456,1.9196121444191232,1.7963367146540312,0.09796578428001664,15,0.0884411232177466,0.011998,raw_ranges
111962,1788679013868931584,1.9337026299003899,1.8163508613014347,0.09367661086654872,15,0.059435972824113184,0.011999,raw_ranges
111963,1788679013890933504,1.9277226062446038,1.8044005314850267,0.09609241013074865,15,0.07712624797530773,0.011998,raw_ranges
111964,1788679013913929472,1.938757608616057,1.8067081420680726,0.09510209599770011,15,0.07041391905511378,0.011999,raw_ranges
111965,1788679013935929856,1.9449345407064735,1.7893833585266936,0.09610544272193441,15,0.07721069043814084,0.011998,raw_ranges
111966,1788679013957935872,1.9377814607991661,1.800148007407887,0.09467995673695702,15,0.06734986809903212,0.011998,raw_ranges
111967,1788679013979935488,1.928278766651014,1.8143312216926941,0.09643624131785809,15,0.07932395170349305,0.011998,raw_ranges
111968,1788679014002934528,1.9295734430224418,1.7946610896824369,0.09547875141534908,15,0.0730397111943159,0.011998,raw_ranges
111969,1788679014043938560,1.944235008822248,1.7782114508411928,0.09561153944423992,15,0.07394313653233764,0.011998,raw_ranges
111970,1788679014065938688,1.9358814243344424,1.7728706818783457,0.0937953032173383,15,0.06042641155437163,0.011998,raw_ranges
111971,1788679014087936768,1.9400254301592867,1.8019459184487963,0.09484334056522116,15,0.06855208648335345,0.011998,raw_ranges
111972,1788679014110935296,1.946465754896765,1.80531807100618,0.09462521215480119,15,0.06694221501265987,0.011998,raw_ranges
111973,1788679014132935936,1.9383334034811892,1.8185555915540983,0.0945292109441973,15,0.06622128766640913,0.011998,raw_ranges
111974,1788679014154937344,1.94625971898281,1.80896101716809,0.09541109241450527,15,0.0725750674164707,0.011998,raw_ranges
111975,1788679014182938112,1.9366994689138357,1.800790996352225,0.09491304861762845,15,0.06905864619023785,0.011998,raw_ranges
111976,1788679014204936960,1.9154389173994064,1.8019610384318023,0.0974193917353851,15,0.0852960475894698,0.011999,raw_ranges
111977,1788679014226937344,1.931050432170529,1.80212442441061,0.09690703754217925,15,0.08223798111687354,0.011998,raw_ranges
111978,1788679014249936896,1.934887384888483,1.7922264319600711,0.09550438629163795,15,0.07321482288879731,0.011999,raw_ranges
111979,1788679014271937024,1.9466990786603848,1.7979183047725498,0.09573772838660591,15,0.07479155288270131,0.011998,raw_ranges
111980,1788679014293936896,1.9358047351135201,1.7930432337599593,0.09371866705971318,15,0.05978892084419312,0.011998,raw_ranges
111981,1788679014315936768,1.9364694292135631,1.8019084474853642,0.09516010253705491,15,0.07082478756095864,0.011998,raw_ranges
111982,1788679014338937600,1.9428081332847742,1.8123282093325355,0.09568546078192064,15,0.0744413109632054,0.011998,raw_ranges
111983,1788679014360937472,1.9411010733340281,1.7745079121055172,0.09424232018720054,15,0.06401849875778523,0.011998,raw_ranges
111984,1788679014382936832,1.935977327719156,1.807036270092739,0.09544119300985335,15,0.07278214757654068,0.011998,raw_ranges
111985,1788679014405937152,1.9536515823396152,1.7985669906303803,0.09478218496985047,15,0.06810457375133094,0.011998,raw_ranges
111986,1788679014427940352,1.9265900507751188,1.8152832472524845,0.09728049700385011,15,0.08447807407753873,0.011998,raw_ranges
111987,1788679014449937664,1.9452060126906774,1.8162872904650427,0.09426106708983,15,0.06416474955791532,0.011998,raw_ranges
111988,1788679014471936768,1.9438087293701374,1.8033228934621992,0.09401686129550217,15,0.06223270274945628,0.011998,raw_ranges
111989,1788679014493939200,1.9476493732325333,1.8189493323128814,0.09417387161948289,15,0.06348164786363772,0.011998,raw_ranges
111990,1788679014545936384,1.9293437926971457,1.800182182806852,0.09469282773286358,15,0.0674453536491847,0.011998,raw_ranges
111991,1788679014567936768,1.9350560768628444,1.7921497824947792,0.09330964803499853,15,0.05626451840190706,0.011998,raw_ranges
111992,1788679014589936384,1.9239313144546417,1.7995285141465076,0.09859117263317776,15,0.0919087625266371,0.011998,raw_ranges
111993,1788679014612937216,1.9359067422879277,1.8133171039608904,0.09682805710749248,15,0.08175637653108461,0.011998,raw_ranges
111994,1788679014634936576,1.9130731845711815,1.7879665038687764,0.09659133316569059,15,0.08029558619059078,0.011998,raw_ranges
111995,1788679014656937472,1.923106585900103,1.8026423757612453,0.09691239820434991,15,0.08227056703554382,0.011998,raw_ranges
111996,1788679014679937024,1.9427193795353879,1.7970743913170801,0.09629218780553758,15,0.07841068678144322,0.011998,raw_ranges
111997,1788679014701937664,1.9094024231496196,1.8020583714249838,0.09638719407509862,15,0.07901418904917408,0.011998,raw_ranges
111998,1788679014723937536,1.9162374742377581,1.7906941314157059,0.09549745480458029,15,0.07316763492542516,0.011998,raw_ranges
111999,1788679014745937152,1.9153008149390942,1.7971250222681219,0.09881771563853027,15,0.09313304265689101,0.011998,raw_ranges
112000,1788679014768936960,1.9518162126892882,1.7948854770541072,0.09496434763042103,15,0.0694290690303495,0.011998,raw_ranges
112001,1788679014790937088,1.9314089081432018,1.8255360752832606,0.09465058325575325,15,0.06713144756187858,0.011998,raw_ranges
112002,1788679014812937216,1.9430396545721706,1.8163403153024966,0.0950682125377847,15,0.07017307556167618,0.011998,raw_ranges
112003,1788679014834937600,1.9419450454016198,1.801785913414002,0.09413099997510188,15,0.06314307540104362,0.011998,raw_ranges
112004,1788679014862936576,1.9248307299533953,1.7773415733052604,0.09581106365092762,15,0.07528022082145894,0.011998,raw_ranges
112005,1788679014884937216,1.9202705147434844,1.814084272500432,0.09543666465864242,15,0.07275086705766769,0.011999,raw_ranges
112006,1788679014906936832,1.9406785654500776,1.8122087930081234,0.09518752952076323,15,0.07101814920682764,0.011998,raw_ranges
112007,1788679014929937152,1.929282727747086,1.8219847748259186,0.09464896743382578,15,0.06711923295766861,0.011999,raw_ranges
112008,1788679014951939328,1.9273427205344011,1.779195410759248,0.09460670883066317,15,0.06680386835104077,0.011998,raw_ranges
112009,1788679014973936384,1.948288800577716,1.8005311153517483,0.09659767490778484,15,0.08033506646405947,0.011998,raw_ranges
112010,1788679014996936704,1.945051625808006,1.7928657266712624,0.09567733306017147,15,0.07438669945743982,0.011998,raw_ranges
112011,1788679015018937088,1.9129411035715855,1.8183297025409553,0.09517466734014136,15,0.0709273666446272,0.011999,raw_ranges
112012,1788679015057942784,1.9391082358535858,1.7824158470973177,0.09517260656886307,15,0.07091300702172403,0.011998,raw_ranges
112013,1788679015080942080,1.9374927148752872,1.7922365780617466,0.09536846218650424,15,0.07228077325613119,0.011998,raw_ranges
112014,1788679015102942464,1.9238115205865634,1.8141594168696114,0.09674892486491111,15,0.08127098412663107,0.011998,raw_ranges
112015,1788679015124943872,1.9413666742339581,1.8194541509264945,0.0962904030636923,15,0.07839930522455096,0.011998,raw_ranges
112016,1788679015146942464,1.9498113484488133,1.8289288443424714,0.09490093777643878,15,0.06897090526039794,0.011998,raw_ranges
112017,1788679015168942336,1.951618400556326,1.8015496441061545,0.09457023090123245,15,0.06653028556403814,0.011998,raw_ranges
112018,1788679015196954368,1.9460029918547903,1.79519055857271,0.09316066135911534,15,0.054924578788693015,0.011998,raw_ranges
112019,1788679015218953984,1.9449898553166407,1.7969839453567915,0.09426775236711768,15,0.06421663620992371,0.011999,raw_ranges
112020,1788679015240955392,1.92813441314405,1.776534413213213,0.09462601126557733,15,0.06694818340759773,0.011998,raw_ranges
112021,1788679015263954432,1.9307456980968016,1.7845610815929323,0.09527451756599511,15,0.0716277988283538,0.011999,raw_ranges
112022,1788679015285955328,1.9351100879797445,1.8083777994325885,0.0985485724364881,15,0.09167671695958633,0.011998,raw_ranges
112023,1788679015307954432,1.9273961271530116,1.8013026292303518,0.09470359183657819,15,0.06752510520227413,0.011998,raw_ranges
112024,1788679015329954816,1.932300242662263,1.7930240144599123,0.09515414550655858,15,0.07078272036704007,0.011998,raw_ranges
112025,1788679015352954368,1.9359203008425656,1.7944658463767926,0.09356561548196662,15,0.05849498677636087,0.011998,raw_ranges
112026,1788679015374955008,1.9345265466342614,1.7887031766017936,0.09572440024275727,15,0.0747023978112971,0.011998,raw_ranges
112027,1788679015396954624,1.9306853622175637,1.7881692974759336,0.09492054653011227,15,0.06911291142841747,0.011998,raw_ranges
112028,1788679015419954688,1.9341384039953045,1.7910810277744182,0.09408873271037878,15,0.06280748925390017,0.011998,raw_ranges
112029,1788679015441954560,1.943229446768431,1.8010518771902013,0.094503846065371,15,0.06602949387486627,0.011998,raw_ranges
112030,1788679015463954944,1.969026552363471,1.8396910823151322,0.0929296145403997,15,0.05277937605163314,0.011998,raw_ranges
112031,1788679015485954304,1.93554535628952,1.8171478023090057,0.09621860602206403,15,0.07794006683384379,0.011998,raw_ranges
112032,1788679015507954176,1.9418514923235457,1.8048736355025052,0.09332317901271181,15,0.05638463450898499,0.011998,raw_ranges
112033,1788679015556968448,1.935983057748851,1.79057688804382,0.0965094272332437,15,0.07978392838939243,0.011998,raw_ranges
112034,1788679015578968064,1.9302863596713737,1.794454613649444,0.09503957835827068,15,0.06996875269912048,0.011998,raw_ranges
112035,1788679015600967680,1.9300096435577125,1.8177076614442031,0.09429957164804408,15,0.06446409577465646,0.011998,raw_ranges
112036,1788679015622972416,1.9488170291784277,1.8043007012622485,0.09439949090214876,15,0.06523449162941918,0.011998,raw_ranges
112037,1788679015644968960,1.928008604483442,1.7799103642358758,0.0950740118319322,15,0.0702143847650338,0.011998,raw_ranges
112038,1788679015667968512,1.9418083326938975,1.8084995068454093,0.09383572890176262,15,0.06075999422121947,0.011998,raw_ranges
112039,1788679015689967872,1.9369935329629817,1.788381760982343,0.09612120907014791,15,0.07731272253741892,0.011998,raw_ranges
112040,1788679015711968256,1.9341805841854567,1.8075544119876632,0.09525667550411289,15,0.07150331111293307,0.011998,raw_ranges
112041,1788679015733968384,1.9336873805378676,1.8223202439718464,0.09570618209656369,15,0.07458035996536684,0.011998,raw_ranges
112042,1788679015756969216,1.9241763545004489,1.799774319981089,0.09507482778414889,15,0.07022019495949078,0.011998,raw_ranges
112043,1788679015778968064,1.936063174029874,1.8138948095573126,0.09636909600254792,15,0.07889958173873882,0.011998,raw_ranges
112044,1788679015800968192,1.9412266552855018,1.8109734402379003,0.09511991448100027,15,0.07054050238692854,0.011998,raw_ranges
112045,1788679015822970368,1.9449038217933845,1.8135355696644693,0.09570491406776373,15,0.07457185839017107,0.011998,raw_ranges
112046,1788679015845968896,1.9537069748481082,1.8105249182344783,0.09442967083942677,15,0.06546540181979164,0.011998,raw_ranges
112047,1788679015873969664,1.9391634966511333,1.8138634267849305,0.0960880741585223,15,0.07709813327521171,0.011998,raw_ranges
112048,1788679015895969024,1.926496434350288,1.8121252881110508,0.09528513637562769,15,0.07170188543286503,0.011999,raw_ranges
112049,1788679015917971712,1.9285282315016512,1.789876236714114,0.09535349240890326,15,0.07217714600137126,0.011998,raw_ranges
112050,1788679015940970752,1.930134684990611,1.795064285297626,0.09666852295968913,15,0.08077466780302558,0.011999,raw_ranges
112051,1788679015962969344,1.935923643168788,1.8095414436181694,0.09709582033821754,15,0.08337786477367684,0.011998,raw_ranges
112052,1788679015984970240,1.9377875708699053,1.801527915960278,0.09337834142830093,15,0.056871692644943656,0.011998,raw_ranges
112053,1788679016006969856,1.9234190293990456,1.8053125120348585,0.09600053292708315,15,0.07652830145170578,0.011998,raw_ranges
112054,1788679016032469760,1.9419105705822828,1.804035091871796,0.09522948061059151,15,0.06888808755214154,0.021998,raw_ranges
112055,1788679016078969344,1.941032688093372,1.7876346138832002,0.09567934609240399,15,0.07440022908838381,0.011998,raw_ranges
112056,1788679016101970432,1.9327115985811394,1.808266356349821,0.09678383199652624,15,0.08148545877962668,0.011998,raw_ranges
112057,1788679016123970304,1.9608794766249045,1.8138402802139229,0.09314377744666394,15,0.054770662244160835,0.011998,raw_ranges
112058,1788679016145973504,1.9307829379300339,1.8348429913149988,0.09570621715096014,15,0.07458059497590612,0.011998,raw_ranges
112059,1788679016167977728,1.944112867086469,1.811181948320282,0.09351343532615097,15,0.05804725077168577,0.011998,raw_ranges
112060,1788679016197479168,1.9443219503588338,1.799472968576043,0.09599965989397666,15,0.0742680812326309,0.021998,raw_ranges
112061,1788679016228007680,1.9330624684370883,1.8104867338855868,0.09536429258095241,15,0.07225192438234726,0.011998,raw_ranges
112062,1788679016249979904,1.9271605343277034,1.798220090359475,0.0953018406673025,15,0.07181827529468043,0.011999,raw_ranges
112063,1788679016271979776,1.9233088022059948,1.7890317737773649,0.09590776966886348,15,0.07591981075360693,0.011998,raw_ranges
112064,1788679016294979072,1.9338438457037184,1.7904357851568347,0.0957774047055491,15,0.07505617032962124,0.011999,raw_ranges
112065,1788679016316982272,1.929147233511509,1.799559591769703,0.09571998597611535,15,0.07467284628374196,0.011998,raw_ranges
112066,1788679016338983936,1.910760800437778,1.7953852909114456,0.09572615218708194,15,0.07471412304967483,0.011998,raw_ranges
112067,1788679016360982784,1.9361659718620534,1.811035124071596,0.09517247459774068,15,0.07091207650140204,0.011998,raw_ranges
112068,1788679016383983104,1.9162437971591502,1.820812635806756,0.09745111412870053,15,0.08548194034239355,0.011998,raw_ranges
112069,1788679016405982464,1.9270564166363926,1.7920995032643836,0.09470170622827362,15,0.0675111414825259,0.011998,raw_ranges
112070,1788679016427982336,1.9322165536721998,1.798601970718547,0.09721179726559287,15,0.08407047794316908,0.011998,raw_ranges
112071,1788679016450982912,1.9259658347743644,1.800281193506315,0.09771584844468431,15,0.08701664461862633,0.011998,raw_ranges
112072,1788679016472983296,1.9230097259341998,1.795110783645993,0.09696315915668474,15,0.08257849085981617,0.011998,raw_ranges
112073,1788679016494983424,1.956667570459023,1.8018014992710856,0.09364978666270156,15,0.05921008916309425,0.011998,raw_ranges
112074,1788679016516982272,1.9523259811095106,1.8283392273878152,0.09505701171819357,15,0.07009322159947833,0.011998,raw_ranges
112075,1788679016538982400,1.969135584316283,1.8095165881505375,0.09291332827562351,15,0.05262486362570001,0.011998,raw_ranges
112076,1788679016588982784,1.9494187408411354,1.7761025663613972,0.09334334187358904,15,0.056563149395954374,0.011998,raw_ranges
112077,1788679016610986240,1.9254686083305497,1.8023517534241347,0.09507994128926267,15,0.07025659602672672,0.011998,raw_ranges
112078,1788679016633982976,1.9301384468468858,1.806136487700081,0.09395862754324705,15,0.061763059665523846,0.011998,raw_ranges
112079,1788679016655982336,1.9424468378958368,1.8091516458275487,0.09428663058987129,15,0.06436364335454677,0.011998,raw_ranges
112080,1788679016677982208,1.9100190249466609,1.807362354763574,0.0955354219243757,15,0.0734266295043951,0.011998,raw_ranges
112081,1788679016699982336,1.9395790977222613,1.8044975799434142,0.09678725886649994,15,0.0815064835611251,0.011998,raw_ranges
112082,1788679016722982912,1.9344632994310478,1.7923050528414217,0.09654609323380618,15,0.08001338156712409,0.011998,raw_ranges
112083,1788679016744982784,1.9375860848955013,1.7840649166617615,0.09416165840705498,15,0.06338538004189125,0.011998,raw_ranges
112084,1788679016766984704,1.9278426998368157,1.8152614202619195,0.09729994263538512,15,0.08459308855565643,0.011998,raw_ranges
112085,1788679016789983488,1.9517468063879628,1.8035040876640822,0.09508327612055364,15,0.07028032524507585,0.011998,raw_ranges
112086,1788679016811983360,1.9549388286784053,1.8163928554776358,0.09507668254361812,15,0.07023340045603749,0.011998,raw_ranges
112087,1788679016833988352,1.9523148915159994,1.7930781234641735,0.09444568968726293,15,0.06558763361536174,0.011998,raw_ranges
112088,1788679016855988736,1.960960533375074,1.8022205042847876,0.0941087944942986,15,0.06296699524591115,0.011998,raw_ranges
112089,1788679016877988096,1.939225211871251,1.8282536866581938,0.09458476028565103,15,0.06663938986553704,0.011998,raw_ranges
112090,1788679016905988096,1.9178040220937027,1.804451072391656,0.09540042111673448,15,0.07250151110655895,0.011998,raw_ranges
112091,1788679016927988992,1.9258506580573014,1.793809913663979,0.0966101094389824,15,0.08041227168773693,0.011999,raw_ranges
112092,1788679016949988864,1.918792006853001,1.7846425245785322,0.09642715245881298,15,0.07926664150077872,0.011998,raw_ranges
112093,1788679016972987648,1.9239069817923367,1.7917872797712113,0.09598497616723467,15,0.07642643630468898,0.011999,raw_ranges
112094,1788679016994987776,1.9203089534456597,1.813867738774771,0.09707953634051679,15,0.0832801557186152,0.011998,raw_ranges
112095,1788679017016988416,1.9353527273049236,1.7960868363394695,0.09456965841126956,15,0.06652598294854095,0.011998,raw_ranges
112096,1788679017038988544,1.9296212476542203,1.8059590092596305,0.09634310321518505,15,0.07873468874127244,0.011998,raw_ranges
112097,1788679017061988864,1.9475207647157309,1.7967073027838385,0.09333206707744239,15,0.05646339587239155,0.011998,raw_ranges
112098,1788679017100988160,1.93143293187155,1.7893577794087927,0.09450930222600062,15,0.06607079704378202,0.011998,raw_ranges
112099,1788679017123987456,1.9362408946624996,1.7979986732941418,0.09477382819293473,15,0.0680431935533212,0.011998,raw_ranges
112100,1788679017145988352,1.943736125768064,1.7989607050694205,0.09451832012127985,15,0.06613900601974497,0.011998,raw_ranges
112101,1788679017167987968,1.976617508798361,1.8115678477760078,0.09276659992242828,15,0.05121179471985229,0.011998,raw_ranges
112102,1788679017189988096,1.9449759475295383,1.8411442138558152,0.09434703509446565,15,0.06483118917978956,0.011998,raw_ranges
112103,1788679017212988160,1.9425883042490992,1.8226557918504758,0.09537349165570017,15,0.0723155560837374,0.011998,raw_ranges
112104,1788679017240988928,1.9391793330835188,1.7916348758592846,0.09539464412946093,15,0.07246165969297791,0.011998,raw_ranges
112105,1788679017262987520,1.9390941443144167,1.7893532294438488,0.09470699579629721,15,0.06755012801836287,0.011999,raw_ranges
112106,1788679017294987776,1.9205846750245854,1.8142673530384983,0.09837687569436847,15,0.09073545993914658,0.011998,raw_ranges
112107,1788679017311988480,1.9245848663687477,1.7934320114025724,0.09776787821515139,15,0.08731550944792901,0.011995,raw_ranges
112108,1788679017333988096,1.9367853904812464,1.7913922961116333,0.09381942184251962,15,0.06062565330385828,0.011998,raw_ranges
112109,1788679017356990720,1.9267449589535481,1.796700807637927,0.09694004987907828,15,0.0824384490094173,0.011998,raw_ranges
112110,1788679017378988288,1.9220688889908233,1.8129405640365928,0.09552148359385962,15,0.07333165476013495,0.011998,raw_ranges
112111,1788679017401005312,1.9284132929840623,1.7969509233893532,0.09422372274151769,15,0.06387308304378067,0.011998,raw_ranges
112112,1788679017423005184,1.935026953857667,1.8067876174881805,0.09613136778682276,15,0.07737839351409898,0.011998,raw_ranges
112113,1788679017445007872,1.93071332828541,1.780120157276037,0.09472375813524776,15,0.06767426491102634,0.011998,raw_ranges
112114,1788679017468011776,1.9267180059864157,1.7931558110112846,0.09628234389454188,15,0.07834789014735422,0.011998,raw_ranges
112115,1788679017490007552,1.9623272040999444,1.840529676984547,0.09432121958291831,15,0.06463178458713886,0.011998,raw_ranges
112116,1788679017512008960,1.9336620771618585,1.8302518231309446,0.09594437506527123,15,0.07616050854131186,0.011998,raw_ranges
112117,1788679017535008256,1.953909442817014,1.8171188070164772,0.09485311674537081,15,0.06862335419790275,0.011998,raw_ranges
112118,1788679017557008128,1.9270495767875948,1.822910875047886,0.0973967495013395,15,0.08516335771527277,0.011998,raw_ranges
112119,1788679017608008192,1.9235839946309794,1.806808446561795,0.09511935271655014,15,0.07053652041708718,0.011998,raw_ranges
112120,1788679017630008576,1.9324428273261207,1.7980924988267266,0.0974927663485245,15,0.08572522583536603,0.011998,raw_ranges
112121,1788679017652010240,1.935177798375747,1.795269078353393,0.0957831291100989,15,0.07509445456289633,0.011998,raw_ranges
112122,1788679017674007296,1.93867075764814,1.8077861806314606,0.09679890557238251,15,0.0815778987740093,0.011998,raw_ranges
112123,1788679017697007872,1.93556584729912,1.7908569349056234,0.09601677180905085,15,0.07663432524039646,0.011998,raw_ranges
112124,1788679017719007488,1.9167479049705447,1.8030105819914706,0.09539869027382883,15,0.07248957352494795,0.011998,raw_ranges
112125,1788679017741008128,1.9323509163973096,1.7898922948218334,0.09602665613055864,15,0.07669878829915533,0.011998,raw_ranges
112126,1788679017763007744,1.9369601191266512,1.778357839529063,0.09496223302621651,15,0.06941383883791845,0.011998,raw_ranges
112127,1788679017790007808,1.9310694250605225,1.7925227167815974,0.09823029851591304,15,0.08801355868224535,0.021998,raw_ranges
112128,1788679017813008384,1.9514513415987786,1.8174651722658512,0.0935157257800524,15,0.05806697663950146,0.011998,raw_ranges
112129,1788679017835007488,1.9589338499311102,1.809553490644432,0.09315554828386227,15,0.054878012717866104,0.011998,raw_ranges
112130,1788679017857008640,1.9552511562323265,1.8088183446414783,0.09557571948446696,15,0.07370052564579818,0.011998,raw_ranges
112131,1788679017879008512,1.9439086573361952,1.8142376609675077,0.09454972987090553,15,0.06637603382927858,0.011998,raw_ranges
112132,1788679017901010176,1.9565991237345455,1.8132783856196129,0.0938872531174783,15,0.06118252294142747,0.011998,raw_ranges
112133,1788679017929011968,1.951654209790723,1.7933198188891304,0.09259299185187203,15,0.04948777473146306,0.011998,raw_ranges
112134,1788679017951011072,1.9503019694468542,1.7886181903246572,0.0957649077828382,15,0.07497287363999192,0.011999,raw_ranges
112135,1788679017973010944,1.9138660574789754,1.8159483681548536,0.0949142711770812,15,0.06906749722612804,0.011998,raw_ranges
112136,1788679017996009984,1.9442664686095636,1.7924854969765718,0.09374978407654593,15,0.06004838112344024,0.011999,raw_ranges
112137,1788679018018011392,1.9259733563141672,1.8138389504330825,0.09639887596668081,15,0.07908807724733749,0.011998,raw_ranges
112138,1788679018040011520,1.913522560931723,1.784012841274715,0.09532437408633765,15,0.07197514906089224,0.011998,raw_ranges
112139,1788679018062011648,1.94236903439199,1.7836958442014994,0.09575478162606643,15,0.07490547124253634,0.011998,raw_ranges
112140,1788679018085011456,1.929685270478792,1.8043749705486423,0.09728034658116713,15,0.08447718376678488,0.011998,raw_ranges
112141,1788679018124011520,1.9194835715343568,1.8070904289411407,0.09536172433341572,15,0.07223414932990989,0.011998,raw_ranges
112142,1788679018147010816,1.930719030844869,1.781444973996683,0.09376065924970466,15,0.0601390658865322,0.011998,raw_ranges
112143,1788679018169011712,1.9241041205004186,1.797918326115623,0.10015944165484095,15,0.10007741828624953,0.011998,raw_ranges
112144,1788679018191010816,1.94722346756566,1.812700000621424,0.09396605116069764,15,0.061823128008033156,0.011998,raw_ranges
112145,1788679018213011200,1.9525322353364,1.8384679157513804,0.09565829049042844,15,0.07425859200408019,0.011998,raw_ranges
112146,1788679018236010496,1.953996404609086,1.808736445467919,0.0940728899485037,15,0.06268124077029506,0.011998,raw_ranges
112147,1788679018264011520,1.9502895728948122,1.7968432487892458,0.09507998417897326,15,0.07025690126224797,0.011998,raw_ranges
112148,1788679018286016768,1.9352518467806976,1.7858865198074514,0.09578230114589377,15,0.07508878175129607,0.011999,raw_ranges
112149,1788679018308012032,1.955575784148486,1.7971985710618341,0.09556426079733969,15,0.07362274643980418,0.011998,raw_ranges
112150,1788679018331014144,1.9267900878205202,1.798258289418734,0.09753484394569166,15,0.08597015729130471,0.011999,raw_ranges
112151,1788679018353014784,1.9218484708669747,1.7879027818072875,0.09608124687577273,15,0.0770538439779141,0.011998,raw_ranges
112152,1788679018375014656,1.942012138668456,1.799585772340164,0.09311626779617431,15,0.05451894892763716,0.011998,raw_ranges
112153,1788679018397014272,1.9339559798247792,1.8038471420112263,0.09591886717749487,15,0.07599286264837557,0.011998,raw_ranges
112154,1788679018420014336,1.9487764057039996,1.7991166947972201,0.09488935995673926,15,0.06888692149268444,0.011998,raw_ranges
112155,1788679018442014208,1.9316925012717823,1.77748685122854,0.09569245948242705,15,0.07448830430629395,0.011998,raw_ranges
112156,1788679018464014336,1.938576337739227,1.798076597235293,0.09740342892093691,15,0.08520256402794998,0.011998,raw_ranges
112157,1788679018487019520,1.92592532153832,1.7916551158347096,0.09774311199650766,15,0.08717316096429949,0.011998,raw_ranges
112158,1788679018509019392,1.9468145065179419,1.8033537327345095,0.09519072257043171,15,0.07104062616863477,0.011998,raw_ranges
112159,1788679018531019520,1.9264162129839484,1.8177230426488868,0.09552370690282011,15,0.07334681246530152,0.011998,raw_ranges
112160,1788679018553019648,1.9275677099008,1.8229699197372171,0.09536700023943878,15,0.07227065957523003,0.011998,raw_ranges
112161,1788679018575024896,1.9437676656885803,1.7999194604729876,0.09547337881311374,15,0.07300292329156237,0.011998,raw_ranges
112162,1788679018626019840,1.9232319967727984,1.7848711297075774,0.09726173396643309,15,0.08436694828209144,0.011998,raw_ranges
112163,1788679018648018688,1.9278813972391284,1.801836124851548,0.09630729352659442,15,0.07850695206537082,0.011998,raw_ranges
112164,1788679018670019072,1.9281134540402938,1.7962799502122657,0.09487634130451468,15,0.06879236367878838,0.011998,raw_ranges
112165,1788679018692024576,1.9253117061500868,1.7889596064777329,0.09579966208157255,15,0.07520445517103728,0.011998,raw_ranges
112166,1788679018715023872,1.9317611401316963,1.7988760354107562,0.09465051263288596,15,0.06713092155546473,0.011998,raw_ranges
112167,1788679018737024768,1.9330822476198268,1.7851584128848317,0.09514532967476863,15,0.0707204190511385,0.011998,raw_ranges
112168,1788679018759025152,1.9223410018129323,1.7931767843598094,0.09530366390154849,15,0.07183113459739088,0.011998,raw_ranges
112169,1788679018781024256,1.9502081709936467,1.783893126700551,0.09641256389480758,15,0.0791745659338123,0.011998,raw_ranges
112170,1788679018803024896,1.925389322762165,1.7902609479066613,0.09623571952004577,15,0.07804977588722323,0.011998,raw_ranges
112171,1788679018826025216,1.9314753101252844,1.7772752902034652,0.09478887222258445,15,0.06815365154255823,0.011998,raw_ranges
112172,1788679018848024576,1.9480518945357117,1.8006896167594135,0.09569511433972136,15,0.07450612280693024,0.011998,raw_ranges
112173,1788679018870024448,1.950074626047415,1.8086886523424466,0.09458900070451375,15,0.06667119843315966,0.011998,raw_ranges
112174,1788679018892024576,1.9541996366115717,1.8086917479344085,0.0931072866451959,15,0.054436519370693624,0.011998,raw_ranges
112175,1788679018915025152,1.9529637431557556,1.8015375800042002,0.09366672315784277,15,0.059352937196425114,0.011998,raw_ranges
112176,1788679018943024640,1.9325154375915583,1.7964029599909104,0.09546129976683841,15,0.07292014648119147,0.011998,raw_ranges
112177,1788679018965025536,1.9416307362349456,1.77793782020719,0.09512371984733868,15,0.07056730012079737,0.011999,raw_ranges
112178,1788679018987035648,1.9264931289040275,1.7819832753793639,0.09617843711673871,15,0.07768194843551954,0.011998,raw_ranges
112179,1788679019010035456,1.9250352147920529,1.7851267371682118,0.09673333920192297,15,0.0811748926757712,0.011999,raw_ranges
112180,1788679019032036096,1.941279402085622,1.8005177908015912,0.09531750445813751,15,0.07192741100677488,0.011998,raw_ranges
112181,1788679019054036480,1.925951086092898,1.7879575143851232,0.09415165305073837,15,0.06330640604819061,0.011998,raw_ranges
112182,1788679019076035840,1.9332817222012306,1.8210143868149733,0.0957245129354275,15,0.0747031520849522,0.011998,raw_ranges
112183,1788679019099036416,1.9245041702335197,1.7979136316197846,0.09639765598392369,15,0.07908036406038921,0.011998,raw_ranges
112184,1788679019140036096,1.927829961454764,1.8134670162654345,0.09486997457678678,15,0.06874607314448428,0.011998,raw_ranges
112185,1788679019162036224,1.9235470251175617,1.8140655830961647,0.09641422398965382,15,0.0791850490032925,0.011998,raw_ranges
112186,1788679019184035328,1.9358866957256806,1.8084626046565382,0.09449889885334098,15,0.06599202110362269,0.011998,raw_ranges
112187,1788679019207035648,1.947332231683105,1.8224866186109916,0.09413744096720138,15,0.06319405797384264,0.011998,raw_ranges
112188,1788679019229036032,1.954048536876201,1.8168011627115228,0.09386177022630741,15,0.06097391427739756,0.011998,raw_ranges
112189,1788679019251036416,1.9387996620521881,1.831111902509063,0.09492080936291686,15,0.06911481287623414,0.011998,raw_ranges
112190,1788679019279035648,1.9381363613784386,1.7865237032680585,0.09473936554794428,15,0.06778947959635247,0.011998,raw_ranges
112191,1788679019301036288,1.9308348939936988,1.7924573666001618,0.09399743410968478,15,0.06207622820923314,0.011999,raw_ranges
112192,1788679019323036160,1.950910764742196,1.8026526783776067,0.09330818403230982,15,0.05625150689812519,0.011998,raw_ranges
112193,1788679019346035200,1.9497676919847111,1.7881645570168467,0.09399355749635288,15,0.06204499573175016,0.011999,raw_ranges
112194,1788679019368036096,1.937691981688717,1.8039314950375205,0.09501252780149318,15,0.06977518038309313,0.011998,raw_ranges
112195,1788679019390040320,1.923674758630954,1.8091985558527772,0.0954467929207238,15,0.07282060777502353,0.011998,raw_ranges
112196,1788679019412036096,1.9323628627033378,1.7882497640750152,0.09373240695104298,15,0.05990371396702367,0.011998,raw_ranges
112197,1788679019435035904,1.9340978532469808,1.811362559555875,0.09339292536286281,15,0.056999766305335056,0.011998,raw_ranges
112198,1788679019457035520,1.9380803286439636,1.7978650948568242,0.09423100073668302,15,0.06393002997561487,0.011998,raw_ranges
112199,1788679019479035904,1.927475252064182,1.8049767417652327,0.09633899249390071,15,0.07870857951901256,0.011998,raw_ranges
112200,1788679019502035456,1.910833213734788,1.8094735097052752,0.0960406281191508,15,0.07678981778302908,0.011998,raw_ranges
112201,1788679019524035840,1.9315739561912249,1.794922509892938,0.0963669137718875,15,0.07888575136162111,0.011998,raw_ranges
112202,1788679019546035712,1.9590901142613204,1.8144450189399781,0.09287077733740345,15,0.05221901314084232,0.011998,raw_ranges
112203,1788679019568054272,1.9570133136690002,1.8176139295640505,0.09443072698176945,15,0.06547346773899676,0.011998,raw_ranges
112204,1788679019590054656,1.949223572226877,1.799827855302413,0.09546788719878228,15,0.07296530130673275,0.011998,raw_ranges
112205,1788679019642054144,1.9354308674621428,1.804728400717593,0.09525776946968481,15,0.07151096045841378,0.011998,raw_ranges
112206,1788679019664056576,1.927052688042229,1.7817609664002663,0.09470333041889907,15,0.0675231694672212,0.011998,raw_ranges
112207,1788679019686054656,1.9389556515011916,1.7929416833043088,0.09682977179027968,15,0.08176686239718199,0.011998,raw_ranges
112208,1788679019709054208,1.9423441699934332,1.782067533236875,0.09483536984687731,15,0.06849392559108664,0.011998,raw_ranges
112209,1788679019731054592,1.9342022962041443,1.7841628535681877,0.09503118615559789,15,0.06990875590080185,0.011998,raw_ranges
112210,1788679019753054976,1.9390171344225497,1.8004069983409956,0.09469970600822061,15,0.06749632585719477,0.011998,raw_ranges
112211,1788679019776054528,1.9325215388812127,1.7989426855060198,0.09639007164925166,15,0.07903239617556629,0.011998,raw_ranges
112212,1788679019798054144,1.9225469299164675,1.807221210282843,0.09752125194292308,15,0.08589120990487376,0.011998,raw_ranges
112213,1788679019820054016,1.9375032192560333,1.7829165922282397,0.09377219375137931,15,0.06023488812456878,0.011998,raw_ranges
112214,1788679019842054400,1.9520356851112348,1.8096577715310902,0.09426433835900551,15,0.06419023566715984,0.011998,raw_ranges
112215,1788679019865054976,1.9711493477664075,1.8146004508412312,0.09445340522689262,15,0.06564642581963338,0.011998,raw_ranges
112216,1788679019887060736,1.938949872728766,1.8187570404149767,0.09440208168550931,15,0.06525434607372389,0.011998,raw_ranges
112217,1788679019909060352,1.9603447851218936,1.7994964463687781,0.09423470287487805,15,0.06395897803184515,0.011998,raw_ranges
112218,1788679019931063296,1.9741244094636836,1.8061419642319259,0.09270520270798165,15,0.05060880065741189,0.011998,raw_ranges
112219,1788679019959060480,1.9430700859788481,1.7932042660207999,0.0950796974980171,15,0.07025486099920138,0.011998,raw_ranges
112220,1788679019981059328,1.934414237438788,1.7782036299031816,0.0938612791392469,15,0.060969690324348076,0.011999,raw_ranges
112221,1788679020004060160,1.9208342963624263,1.8094899774954754,0.0954953087537727,15,0.07315296815422259,0.011998,raw_ranges
112222,1788679020026059520,1.9357211057798305,1.789664734880701,0.09583528008577583,15,0.07544057320683492,0.012,raw_ranges
112223,1788679020048059392,1.9081804163016727,1.75113271150364,0.10004669341988229,15,0.09951251889024962,0.011998,raw_ranges
112224,1788679020071059456,1.9537976494537042,1.7956676294321186,0.09483555166477259,15,0.06849525283384678,0.011998,raw_ranges
112225,1788679020093059840,1.9397249617247676,1.768708867816774,0.09472215585562742,15,0.06766242570014334,0.011998,raw_ranges
112226,1788679020115059968,1.9406722230400273,1.788811920039245,0.09537488064748616,15,0.07232515913211779,0.011998,raw_ranges
112227,1788679020154059776,1.9132690965811487,1.7946676634745848,0.09591261060064046,15,0.07595168593678793,0.011998,raw_ranges
112228,1788679020176060160,1.9270743283037086,1.7910068700472084,0.097526392683521,15,0.08592113057636638,0.011998,raw_ranges
112229,1788679020199060736,1.9299042638861756,1.7912319906479686,0.0979566209636644,15,0.08838930342334649,0.011998,raw_ranges
112230,1788679020221060352,1.9509550068652088,1.7944639650314864,0.09520686389811987,15,0.07115414179174585,0.011998,raw_ranges
112231,1788679020243059968,1.9349273064505157,1.8093883994646687,0.09492711928719373,15,0.06916044594415031,0.011998,raw_ranges
112232,1788679020265060864,1.955631388907469,1.7927166589277317,0.09398616909173223,15,0.061985620007645625,0.011998,raw_ranges
112233,1788679020293060096,1.925177117290935,1.8016869050880373,0.09610146907255612,15,0.07718495364095344,0.011998,raw_ranges
112234,1788679020315059968,1.9196545529925488,1.8051845350092313,0.09556951594471629,15,0.0736582645988642,0.011999,raw_ranges
112235,1788679020336292608,1.9369201343908835,1.8014164165349915,0.09399937727908812,15,0.06209207095183834,0.011998,raw_ranges
112236,1788679020359292672,1.9353970297341807,1.800972214631708,0.09493158433224395,15,0.06919254534445135,0.011999,raw_ranges
112237,1788679020381292544,1.9357933572731376,1.7809844109849626,0.09512168150249214,15,0.0705530261469496,0.011998,raw_ranges
112238,1788679020403292928,1.93764337785022,1.7731484881834354,0.09521058279021088,15,0.07118026964131903,0.011998,raw_ranges
112239,1788679020425292288,1.9233108914015258,1.8016797089896133,0.09822163010447969,15,0.089875903892421,0.011998,raw_ranges
112240,1788679020448292096,1.9372299401618411,1.788135557229857,0.09577470722830835,15,0.07503835835296735,0.011998,raw_ranges
112241,1788679020470292224,1.9226786286730309,1.7876881016114847,0.0966974790703769,15,0.08095385763740295,0.011998,raw_ranges
112242,1788679020492292864,1.9090283484520927,1.7967156220426783,0.09897499380619357,15,0.09397362290660916,0.011998,raw_ranges
112243,1788679020515292672,1.937947995817522,1.7830874768534246,0.09522764046038916,15,0.07129998917523876,0.011998,raw_ranges
112244,1788679020537292800,1.9243740845337498,1.8111324151235464,0.09842435467827255,15,0.09099671793132187,0.011998,raw_ranges
112245,1788679020559293440,1.9401761918962388,1.8063506777744136,0.09358634842939971,15,0.058671938994716316,0.011998,raw_ranges
112246,1788679020581292544,1.9448410347336467,1.8054755097402861,0.09534470996801069,15,0.0721162808525973,0.011998,raw_ranges
112247,1788679020603293184,1.9576711720813131,1.805332821513351,0.09349843854209795,15,0.057917929331925896,0.011998,raw_ranges
112248,1788679020653293312,1.9137183310393195,1.7876536778501786,0.0952175029807737,15,0.0712288633685369,0.011998,raw_ranges
112249,1788679020675292928,1.924241068563265,1.7915434345104,0.09732150228564727,15,0.08472042422962289,0.011998,raw_ranges
112250,1788679020698293248,1.9156617283323838,1.8076434020856467,0.09797179063871127,15,0.08847507352193203,0.011998,raw_ranges
112251,1788679020720293120,1.9228587991311665,1.790282562364625,0.09640740038365048,15,0.07914195082034865,0.011998,raw_ranges
112252,1788679020742292736,1.9229450556013754,1.778022554499511,0.09565285321405413,15,0.07422197255566663,0.011998,raw_ranges
112253,1788679020764292096,1.939400366272399,1.782728499494765,0.09659484085494406,15,0.08031742557467876,0.011998,raw_ranges
112254,1788679020787292672,1.9431544956101847,1.7829553193479897,0.09619308597718085,15,0.07777617870004193,0.011998,raw_ranges
112255,1788679020809293312,1.9244658884437311,1.7874083604245978,0.09619452024937006,15,0.07778539866433845,0.011998,raw_ranges
112256,1788679020831295232,1.9242075449132119,1.7984110200377887,0.09587013712186206,15,0.07567156082612586,0.011998,raw_ranges
112257,1788679020854292224,1.9427051656655299,1.7839199792976475,0.09601679635473882,15,0.07663448538836046,0.011998,raw_ranges
112258,1788679020876296704,1.9413631051297409,1.8178734947534052,0.09381851879604024,15,0.06061820512057615,0.011998,raw_ranges
112259,1788679020898292736,1.94251269398403,1.817304972074734,0.09539427305023412,15,0.07245909912657018,0.011998,raw_ranges
112260,1788679020920292864,1.9326250992547302,1.8194500157859215,0.09578622242378039,15,0.07511504789175334,0.011998,raw_ranges
112261,1788679020942292224,1.934816591434286,1.8187181464045643,0.09414917367181122,15,0.06328682064862497,0.011998,raw_ranges
112262,1788679020970292992,1.9096970274234706,1.7865623662326215,0.09830511725618313,15,0.09033916787409066,0.011998,raw_ranges
112263,1788679020992292352,1.9248799392953546,1.7796934615878528,0.09696312271709352,15,0.08257812492478576,0.011999,raw_ranges
112264,1788679021014293504,1.9256381177708177,1.7898776503692657,0.09765439671350543,15,0.0866628219567389,0.011998,raw_ranges
112265,1788679021039792640,1.9309512217912281,1.7926948759526036,0.09636584260603487,15,0.07669345868478535,0.021999,raw_ranges
112266,1788679021064293888,1.9074831830490613,1.7978182287525337,0.09673797684714917,15,0.08120419207866778,0.011994,raw_ranges
112267,1788679021087296000,1.9348055814696832,1.7991996952258504,0.09503717567678696,15,0.06995158091699552,0.011998,raw_ranges
112268,1788679021109301504,1.9293243008243042,1.797134173971907,0.09578354023503612,15,0.07509719189847325,0.011998,raw_ranges
112269,1788679021131292416,1.9232498748159148,1.7864503461286108,0.09629819323271334,15,0.07844897213293073,0.011998,raw_ranges
112270,1788679021170291456,1.9188435177507552,1.798661092327497,0.0970071101236603,15,0.08284417975730284,0.011998,raw_ranges
112271,1788679021200792064,1.932630800185931,1.7998526522423555,0.09463544113417663,15,0.06443236089246328,0.021998,raw_ranges
112272,1788679021220298240,1.9363384872452618,1.8204008059292929,0.09566001237094819,15,0.07427083098328836,0.011994,raw_ranges
112273,1788679021242292480,1.9585433301042368,1.7983467927661991,0.09266302705305401,15,0.05019038801457926,0.011998,raw_ranges
112274,1788679021265292544,1.940606441561487,1.803442140825586,0.09429937054020318,15,0.06446253591197904,0.011998,raw_ranges
112275,1788679021287293440,1.9238516159126027,1.8257805840284949,0.09535939029583095,15,0.07221799146909967,0.011998,raw_ranges
112276,1788679021315292672,1.940759941744554,1.8061746836659387,0.09586059299688475,15,0.0756084717004963,0.011998,raw_ranges
112277,1788679021337293312,1.9341879251559138,1.777168327571922,0.09488282297915825,15,0.06883928368423264,0.011999,raw_ranges
112278,1788679021359293184,1.9330400729275432,1.7935542302373173,0.09625286907994536,15,0.07815956164120524,0.011998,raw_ranges
112279,1788679021382292480,1.9311600252744554,1.7964243811325922,0.09490712702439147,15,0.06901558536585393,0.011999,raw_ranges
112280,1788679021404292352,1.922299120953153,1.784889190740059,0.09579666641357668,15,0.07518453570766186,0.011998,raw_ranges
112281,1788679021426292480,1.9293605614848492,1.7992678577944428,0.09580567172685307,15,0.0752443999434714,0.011998,raw_ranges
112282,1788679021448293632,1.933239998508879,1.8051547295165666,0.0948171308787979,15,0.0683606529722903,0.011998,raw_ranges
112283,1788679021471292416,1.935438660514784,1.8018520961784468,0.09474470379630005,15,0.06782884189119001,0.011998,raw_ranges
112284,1788679021493293312,1.9184193932581535,1.8022724979662879,0.09499114243740286,15,0.06962176695116891,0.011998,raw_ranges
112285,1788679021515292160,1.9263424620416687,1.7919780589368068,0.09507508830951747,15,0.07022204999512248,0.011998,raw_ranges
112286,1788679021538292736,1.9269853857631634,1.8046418611469905,0.09610408191138542,15,0.07720187761567347,0.011998,raw_ranges
112287,1788679021560292608,1.918057983557817,1.8150773274149636,0.09630831198928655,15,0.07851343824649736,0.011998,raw_ranges
112288,1788679021582293504,1.9334072593194744,1.824691151743831,0.09502978416594579,15,0.06989872789933871,0.011998,raw_ranges
112289,1788679021604292608,1.9470071025720936,1.8113547325647605,0.09650950847635555,15,0.07978443753236315,0.011998,raw_ranges
112290,1788679021626292992,1.9559722728352795,1.822876273409847,0.09471856031403884,15,0.0676358507748579,0.011998,raw_ranges
112291,1788679021676293376,1.9461500607129143,1.8037840023614435,0.09479711126402647,15,0.06821406937008288,0.011998,raw_ranges
112292,1788679021698292480,1.936611379551942,1.8004685322788514,0.09378708285416515,15,0.06035835360714503,0.011998,raw_ranges
112293,1788679021721292544,1.9184320690050782,1.7917407321948717,0.09583197050403293,15,0.07541895318839244,0.011998,raw_ranges
112294,1788679021743292160,1.938576651651274,1.8178012170530211,0.09480459014487659,15,0.06826886655626119,0.011998,raw_ranges
112295,1788679021765293312,1.9282257654891395,1.8103336246130448,0.09636980589776255,15,0.07890408033658688,0.011998,raw_ranges
112296,1788679021787292928,1.9095529356218568,1.8007865076255838,0.0958325148723023,15,0.07542256206402898,0.011998,raw_ranges
112297,1788679021810292480,1.9255936967841896,1.8091933508400966,0.09435450885826843,15,0.06488880376666256,0.011998,raw_ranges
112298,1788679021832292096,1.9298179059112346,1.8009174107347747,0.0961908589721393,15,0.07776186062678359,0.011998,raw_ranges
112299,1788679021854295040,1.9258389729236682,1.793680805871152,0.09437451038565926,15,0.0650427427286032,0.011998,raw_ranges
112300,1788679021877294080,1.9345441505398704,1.811120825976761,0.09347259040404865,15,0.05769435327697729,0.011998,raw_ranges
112301,1788679021899293184,1.9384278569757203,1.8132716140292402,0.09547371721669175,15,0.07300524099468303,0.011998,raw_ranges
112302,1788679021921292544,1.9441343916703688,1.8119874617874367,0.09358113229897021,15,0.05862747048074149,0.011998,raw_ranges
112303,1788679021943292672,1.9351470831887483,1.8221485797006243,0.09411432929567741,15,0.06301092993820528,0.011998,raw_ranges
112304,1788679021965292800,1.945638596572186,1.814316395503757,0.09732763554431384,15,0.0847566135491139,0.011998,raw_ranges
112305,1788679021993294336,1.9315263372105569,1.8093392481568717,0.09605634397458986,15,0.07689208002512264,0.011998,raw_ranges
112306,1788679022015295488,1.9148013696539667,1.801193974754246,0.09442886531077749,15,0.0654590659097538,0.011999,raw_ranges
112307,1788679022037293312,1.9362671374871503,1.8167893672753135,0.09451156695772102,15,0.06608793349561644,0.011998,raw_ranges
112308,1788679022060267264,1.9350813771963162,1.7910660231762099,0.09496592955700434,15,0.06944028770104822,0.011999,raw_ranges
112309,1788679022082267392,1.917270820432869,1.8148432519516218,0.09434119219246742,15,0.06478611107689228,0.011998,raw_ranges
112310,1788679022104267264,1.9224985792842486,1.8167707055096098,0.09627382727492942,15,0.0782935199804519,0.011998,raw_ranges
112311,1788679022126267392,1.9301296187949724,1.7999176977885785,0.0971691986979196,15,0.08381674471082491,0.011998,raw_ranges
112312,1788679022149267200,1.9167621473505108,1.8128903160201892,0.0969772397738721,15,0.08266370285604256,0.011998,raw_ranges
112313,1788679022188271104,1.9195306815499786,1.7997355584192134,0.09632329771246911,15,0.07860881444513154,0.011998,raw_ranges
112314,1788679022211267584,1.9291687964339423,1.7911212367974496,0.09576155541085848,15,0.07495067315814107,0.011998,raw_ranges
112315,1788679022233267456,1.9351562701329683,1.8148784098316069,0.09648880783918444,15,0.07965460335212551,0.011998,raw_ranges
112316,1788679022255267072,1.9385035658063006,1.8075342067886622,0.0946031757921506,15,0.06677741974762587,0.011998,raw_ranges
112317,1788679022277267712,1.9470799786278574,1.8246355176641145,0.09868534996531114,15,0.09241968384122044,0.011998,raw_ranges
112318,1788679022309266944,1.9252400460453127,1.8174109547745496,0.09491222105338518,15,0.06905265418059747,0.011998,raw_ranges
112319,1788679022337267712,1.924556535487265,1.8035458634557093,0.09509233432204237,15,0.07034473909285875,0.011998,raw_ranges
112320,1788679022359267328,1.9356010929982737,1.7916388701975416,0.09368179046727274,15,0.0594795298087732,0.011999,raw_ranges
112321,1788679022381266944,1.943513694656886,1.7838015183854707,0.09500132155776127,15,0.06969483161441219,0.011998,raw_ranges
112322,1788679022404266752,1.9410304566298018,1.8035908682336481,0.09418558091160226,15,0.06357361803926423,0.011999,raw_ranges
112323,1788679022426267648,1.9312481088455888,1.783978983469489,0.09475202881717584,15,0.06788281677402498,0.011998,raw_ranges
112324,1788679022448267776,1.930977295430883,1.8012138674362146,0.09718576232791983,15,0.08391549513599875,0.011998,raw_ranges
112325,1788679022470267904,1.9262475364687601,1.7925403007305647,0.09614696040834868,15,0.0774790836571309,0.011998,raw_ranges
112326,1788679022493266944,1.931919783906997,1.7903537605627344,0.09449021247739603,15,0.06592617441802634,0.011998,raw_ranges
112327,1788679022515267328,1.9220174215011634,1.7761277170804433,0.0957148563589568,15,0.07463849110852125,0.011998,raw_ranges
112328,1788679022537267456,1.925468380397511,1.8017958114853414,0.09709750181755401,15,0.08338794765164823,0.011998,raw_ranges
112329,1788679022560267264,1.9353964371929204,1.7838605610137523,0.0965351090130058,15,0.07994471220165723,0.011998,raw_ranges
112330,1788679022582267136,1.9266934317362114,1.7966286253768673,0.09597175134498698,15,0.07634002450213774,0.011998,raw_ranges
112331,1788679022604267520,1.9288705785613494,1.8237169848781143,0.09603235977278925,15,0.07673596137919467,0.011998,raw_ranges
112332,1788679022626266880,1.9264383711261328,1.8149203625023662,0.09592618168376453,15,0.07604097369027134,0.011998,raw_ranges
112333,1788679022648267776,1.9587769322587492,1.821044762037429,0.09456032148894575,15,0.06645577089272042,0.011998,raw_ranges
112334,1788679022699267072,1.9165441207474128,1.8107316235696544,0.09517149747146952,15,0.07090518646382311,0.011998,raw_ranges
112335,1788679022721266944,1.9321169714371549,1.794912752427212,0.09416995437294574,15,0.06345078698444764,0.011998,raw_ranges
112336,1788679022743271424,1.915378320543898,1.8145952271250396,0.09626486368622925,15,0.07823625554836615,0.011998,raw_ranges
112337,1788679022765266688,1.9278424736960733,1.7889120405562673,0.0939573783702345,15,0.06175294621501483,0.011998,raw_ranges
112338,1788679022793267200,1.9337474748069872,1.809762467997844,0.0938919976559488,15,0.05837881166955014,0.021998,raw_ranges
112339,1788679022815268864,1.9293918294080956,1.8027328491367138,0.09502839648627205,15,0.06988948740885179,0.011994,raw_ranges
112340,1788679022837267456,1.9253697235594152,1.8003752702105076,0.09349284210882287,15,0.05786959568566964,0.011998,raw_ranges
112341,1788679022860267008,1.9293441822117334,1.7988017839977937,0.0944652120600876,15,0.06573629177317204,0.011998,raw_ranges
112342,1788679022882267136,1.9346279288804649,1.8001310950756828,0.09459563952039694,15,0.06672096759188181,0.011998,raw_ranges
112343,1788679022904267776,1.9280310048262526,1.8143204070959298,0.09528911795041586,15,0.07172981211752802,0.011998,raw_ranges
112344,1788679022926267392,1.9438771278098188,1.8224483405855907,0.0957543470552096,15,0.07490257039120624,0.011998,raw_ranges
112345,1788679022949267200,1.933256330006762,1.8111637884701566,0.09499712650064067,15,0.06966472921529712,0.011998,raw_ranges
112346,1788679022971267584,1.9481632718021655,1.803747262457562,0.09405062292863552,15,0.06250336730637417,0.011998,raw_ranges
112347,1788679022993267712,1.939362208276253,1.8359991021737072,0.09603578269656274,15,0.0767582613961699,0.011998,raw_ranges
112348,1788679023021267712,1.9207618473978918,1.7994988721288496,0.09577677400453655,15,0.07505212855433586,0.011998,raw_ranges
112349,1788679023043266560,1.9261948331051795,1.7975482345011797,0.09429169049484074,15,0.06440275222256218,0.011999,raw_ranges
112350,1788679023065267456,1.9178862399528902,1.8123019152723019,0.09666027485777269,15,0.08072374405199936,0.011998,raw_ranges
112351,1788679023088256256,1.935478940634851,1.8133517088870874,0.09480133231854893,15,0.06824482630609396,0.011999,raw_ranges
112352,1788679023110256128,1.9153870712394736,1.7961012702511296,0.09320948878113602,15,0.055367289775968186,0.011998,raw_ranges
112353,1788679023132257280,1.930760316808358,1.8096884383665361,0.09450203961559372,15,0.06601581334493827,0.011998,raw_ranges
112354,1788679023154256384,1.923892317733541,1.791728856200371,0.09615225396604048,15,0.0775132373342804,0.011998,raw_ranges
112355,1788679023177257216,1.9269818051773433,1.8022506266506,0.09467966267427076,15,0.06734768496593455,0.011998,raw_ranges
112356,1788679023216256768,1.9249312951862483,1.8216234223143097,0.09549871120009734,15,0.0731762201544829,0.011998,raw_ranges
112357,1788679023239256320,1.9428017749083224,1.8039139527028585,0.09505925313894698,15,0.07010920863158406,0.011998,raw_ranges
112358,1788679023261256704,1.945946285389329,1.844326522243573,0.09529556970363529,15,0.07177477063450143,0.011998,raw_ranges
112359,1788679023283256320,1.9619846470991764,1.823109532414998,0.09165625940795141,15,0.03888839677784911,0.011998,raw_ranges
112360,1788679023305257216,1.9443718686129519,1.8333016364816763,0.09444375004533716,15,0.06557284530457078,0.011998,raw_ranges
112361,1788679023327257088,1.952777676755928,1.8390981666382953,0.09443712772938274,15,0.06552232997522864,0.011998,raw_ranges
112362,1788679023355256576,1.9315102151783488,1.7976918332094916,0.09554626902604633,15,0.07350045593087393,0.011998,raw_ranges
112363,1788679023377255936,1.9300046345014332,1.7935090904781292,0.09559042927428836,15,0.07380008992737315,0.011999,raw_ranges
112364,1788679023399256320,1.936423493476492,1.8087556693616906,0.09600370560923144,15,0.0765490274610425,0.011998,raw_ranges
112365,1788679023422255872,1.943770224162405,1.7829259342778616,0.09434162131030703,15,0.06478923760399591,0.011999,raw_ranges
112366,1788679023444257280,1.9301474754053989,1.7965425455041297,0.09360138299437576,15,0.0587999233874991,0.011998,raw_ranges
112367,1788679023466257408,1.9273928310050477,1.8160405302918161,0.09750426087814644,15,0.08579224250563941,0.011998,raw_ranges
112368,1788679023488256768,1.940001821703138,1.7967070033111348,0.09306555315176296,15,0.05405183759839216,0.011998,raw_ranges
112369,1788679023511256576,1.923342633141367,1.8075070408264837,0.09518955210561504,15,0.07103238769473437,0.011998,raw_ranges
112370,1788679023533256960,1.9292658532376241,1.8074148702382702,0.09569465706522255,15,0.07450305403956647,0.011998,raw_ranges
112371,1788679023555257344,1.9413866110290225,1.813596072453939,0.09438237430826478,15,0.06510316662240623,0.011998,raw_ranges
112372,1788679023578257152,1.9160615893173392,1.8012331068676954,0.09529376012481564,15,0.071762163573959,0.011998,raw_ranges
112373,1788679023600257024,1.9176275673532757,1.805131498657971,0.09591835183836944,15,0.07598947186531466,0.011998,raw_ranges
112374,1788679023622256640,1.9343542404597123,1.8120591959777834,0.09572590900113856,15,0.07471249558901491,0.011998,raw_ranges
112375,1788679023644256512,1.9374837456103016,1.8323994442064586,0.09608306572069465,15,0.07706564550235506,0.011998,raw_ranges
112376,1788679023666257152,1.9583807448948352,1.8167877609874992,0.09342366460073236,15,0.057268775058773196,0.011998,raw_ranges
112377,1788679023717257728,1.9302427132858404,1.7951305197356102,0.09446584563112083,15,0.06574111063193892,0.011998,raw_ranges
112378,1788679023739256576,1.9491100033162723,1.8193552583737544,0.09524992207257342,15,0.0714560709007529,0.011998,raw_ranges
112379,1788679023761256960,1.9350750659087887,1.7983387745620074,0.09639990713721625,15,0.07909459610628435,0.011998,raw_ranges
112380,1788679023783256576,1.9322290071657642,1.807370023917325,0.09502532508829455,15,0.06986682391732542,0.011998,raw_ranges
112381,1788679023806256128,1.9417542621862078,1.808371264362975,0.09463609166632497,15,0.06702342622042665,0.011998,raw_ranges
112382,1788679023828256512,1.9385621175158498,1.808640624282201,0.09669300799686817,15,0.08092623797550562,0.011998,raw_ranges
112383,1788679023850256640,1.929610203972411,1.7789577621577635,0.09441448919629455,15,0.06534934729815252,0.011998,raw_ranges
112384,1788679023872257024,1.9447814497784517,1.7945586062892318,0.09368431023877503,15,0.059500909528973134,0.011998,raw_ranges
112385,1788679023894256896,1.9415547793411458,1.7994357894269064,0.09586975782310835,15,0.07566905456729553,0.011998,raw_ranges
112386,1788679023917256448,1.9466107659855625,1.7810452490551798,0.09439376830709988,15,0.06519061514589264,0.011998,raw_ranges
112387,1788679023939257344,1.939597035084615,1.824467246807493,0.09389565132210267,15,0.06125111687228803,0.011998,raw_ranges
112388,1788679023961256960,1.9356199274458117,1.806128208363318,0.09549492312349213,15,0.07315033232660076,0.011998,raw_ranges
112389,1788679023983256832,1.952282318757723,1.8043548642325233,0.09439476336339286,15,0.06519824659753412,0.011998,raw_ranges
112390,1788679024006256640,1.938393882384484,1.8082916085414655,0.0944032840295696,15,0.06526355817429509,0.011998,raw_ranges
112391,1788679024034256640,1.927748143833891,1.7779134812236712,0.09654034358371381,15,0.0799774441934338,0.011998,raw_ranges
112392,1788679024056257024,1.9415511782210737,1.7842475196510459,0.0944758609881472,15,0.06581705696206121,0.011999,raw_ranges
112393,1788679024078256128,1.9230428453627362,1.8218911609905524,0.09611690351670943,15,0.07728487247003414,0.011998,raw_ranges
112394,1788679024101256960,1.936771489894756,1.8018892985914876,0.09565460543755315,15,0.0742336139262609,0.011999,raw_ranges
112395,1788679024123256320,1.9232466661938723,1.8094987645921097,0.09398599556544551,15,0.06198422026165624,0.011998,raw_ranges
112396,1788679024145256960,1.9291767461401728,1.8085017999209931,0.09585561315613411,15,0.07557553276116631,0.011998,raw_ranges
112397,1788679024167256576,1.9496225342513522,1.816954596539,0.09371951521565113,15,0.059796013342455635,0.011998,raw_ranges
112398,1788679024190256128,1.9289167362879869,1.810823598246516,0.09523803347608029,15,0.07137283427243377,0.011998,raw_ranges
112399,1788679024229257472,1.9498098529707353,1.7915958707242492,0.09519839828074057,15,0.07109462902878513,0.011998,raw_ranges
112400,1788679024252256768,1.9252366437576265,1.7980464996523398,0.09510069370419462,15,0.07040413127221035,0.011998,raw_ranges
112401,1788679024274256640,1.9509783199124018,1.824161118027897,0.09453915820972093,15,0.06629635137562959,0.011998,raw_ranges
112402,1788679024296256256,1.9589645877182762,1.8206736647144606,0.09373370881330434,15,0.05991457927169597,0.011998,raw_ranges
112403,1788679024318257152,1.9694119153452723,1.838695553086995,0.09237733434211147,15,0.04725867473926323,0.011998,raw_ranges
112404,1788679024341256192,1.9656268813958462,1.8451719768676633,0.09362354382147112,15,0.05898806504260947,0.011998,raw_ranges
112405,1788679024369259776,1.9317125297766482,1.7940765810457475,0.09517271544714621,15,0.07091377470665496,0.011998,raw_ranges
112406,1788679024391256832,1.9361073175918209,1.7888560668489262,0.09483832063361788,15,0.06851528758326776,0.011999,raw_ranges
112407,1788679024413256448,1.9320316590074398,1.7895190483837606,0.09541648538122725,15,0.0726122123146462,0.011998,raw_ranges
112408,1788679024436256256,1.9260914007984413,1.7926713482054653,0.09535407089718315,15,0.07218098708235542,0.011999,raw_ranges
112409,1788679024458256640,1.9485597172577094,1.81040745347483,0.09430275467574616,15,0.06448877942515396,0.011998,raw_ranges
112410,1788679024480260608,1.9421397683937935,1.7812824181553082,0.09490100549340008,15,0.06897139616826732,0.011998,raw_ranges
112411,1788679024502257152,1.9299560617905474,1.7854283954026917,0.09478469979168631,15,0.06812303419318842,0.011998,raw_ranges
112412,1788679024525287680,1.9347423593065234,1.7949932894092289,0.09472031381006026,15,0.06764881230339721,0.011998,raw_ranges
112413,1788679024547256832,1.9365376145734887,1.79832849216067,0.09563964511579616,15,0.07413294214987129,0.011998,raw_ranges
112414,1788679024569256960,1.9296229234647326,1.787636853703529,0.09537010608584767,15,0.07229214398430629,0.011998,raw_ranges
112415,1788679024592256256,1.9235142790884612,1.8034312547635878,0.0947025714717481,15,0.06751754933162264,0.011998,raw_ranges
112416,1788679024614256896,1.9341595052936769,1.8087056783787112,0.09796221191094447,15,0.08842092459901374,0.011998,raw_ranges
112417,1788679024636256512,1.9334279394884002,1.8115776034679278,0.09520731734490201,15,0.0711573280899586,0.011998,raw_ranges
112418,1788679024658257152,1.9531331682096327,1.8276124740061355,0.09674321011989681,15,0.08123581793702095,0.011998,raw_ranges
112419,1788679024680257280,1.9471721514232447,1.8287046269972207,0.09593749526270753,15,0.07611532867108663,0.011998,raw_ranges
112420,1788679024730257152,1.932085404224334,1.805597966451329,0.09631135308249975,15,0.07853280256364056,0.011998,raw_ranges
112421,1788679024752256768,1.920350999222144,1.8015500596267953,0.09689326399510034,15,0.08215419643025147,0.011998,raw_ranges
112422,1788679024775255808,1.9391214121548404,1.7908987727701486,0.09513681504623867,15,0.0706601941848356,0.011998,raw_ranges
112423,1788679024797258496,1.9334288225425151,1.7832549140585305,0.09524291750563035,15,0.07140704098077691,0.011998,raw_ranges
112424,1788679024819258368,1.9399446587351266,1.7911572610960504,0.09588482464696811,15,0.07576854652801594,0.011998,raw_ranges
112425,1788679024841258496,1.940553477479661,1.79874502826443,0.0943386113463374,15,0.06476618980870665,0.011998,raw_ranges
112426,1788679024864256512,1.9452165492402667,1.8024993157800753,0.0940332263959392,15,0.06236404727035607,0.011998,raw_ranges
112427,1788679024886256640,1.9333470427207178,1.8075749933238725,0.09465013106293957,15,0.06712807951177789,0.011998,raw_ranges
112428,1788679024908257792,1.9328785360451268,1.7852543818642315,0.09630336763841477,15,0.07848194463960974,0.011998,raw_ranges
112429,1788679024931257088,1.9393155401486835,1.792634263996602,0.09490379921804225,15,0.06899164597284413,0.011998,raw_ranges
112430,1788679024953257216,1.9241392827996462,1.8096157171795382,0.09737993613933062,15,0.08506458802187093,0.011998,raw_ranges
112431,1788679024975256576,1.9350450710635274,1.8115591174315624,0.09606511020312476,15,0.07694906236676813,0.011998,raw_ranges
112432,1788679024997258496,1.9708282151429255,1.8252605308296999,0.09476132867900139,15,0.06795128162883605,0.011998,raw_ranges
112433,1788679025020258048,1.9376038225542085,1.8140635037326738,0.0952319992619946,15,0.07133054926183177,0.011998,raw_ranges
112434,1788679025048256768,1.9271710206170365,1.7916117723238563,0.09482148185357914,15,0.06839246924610301,0.011998,raw_ranges
112435,1788679025070256896,1.9199548890321714,1.7940115432535764,0.09780412135054643,15,0.08752225630973207,0.011999,raw_ranges
112436,1788679025092257024,1.9188275860316,1.791759650547675,0.09484344367575907,15,0.0685528385390356,0.011998,raw_ranges
112437,1788679025115256064,1.9200493163188983,1.7994988341958067,0.09449497795194448,15,0.06596212512453255,0.011999,raw_ranges
112438,1788679025137257728,1.9433323944078615,1.8075407619979493,0.09533670137711722,15,0.07206073392019564,0.011998,raw_ranges
112439,1788679025159256576,1.931414857224344,1.818865748322835,0.09640861079045404,15,0.0791495975128999,0.011998,raw_ranges
112440,1788679025181256704,1.9426111773037442,1.8024333157833232,0.09395914335627756,15,0.0617672352649652,0.011998,raw_ranges
112441,1788679025204256512,1.9276261385055629,1.8271093564517007,0.09391280750478068,15,0.06139100504781363,0.011998,raw_ranges
112442,1788679025243256832,1.939647917112834,1.803527161387722,0.0973788269041163,15,0.08505806781320804,0.011998,raw_ranges
112443,1788679025266256896,1.9346272649602234,1.8050109313148015,0.09526700296713889,15,0.07157549135799829,0.011998,raw_ranges
112444,1788679025288290816,1.948472943045869,1.800592765359358,0.0953718182075862,15,0.07230398470061103,0.011998,raw_ranges
112445,1788679025310256128,1.9316968548096511,1.8190729375816,0.09541471392493066,15,0.07260001322954879,0.011998,raw_ranges
112446,1788679025332257792,1.9448419672001727,1.8431773597410976,0.09614757079232972,15,0.07748302258127086,0.011998,raw_ranges
112447,1788679025355256320,1.9540217899068335,1.8261999944812892,0.09401193028505071,15,0.06219307261303876,0.011998,raw_ranges
112448,1788679025383257088,1.9288079371442155,1.8090957796596603,0.09640068853088153,15,0.07909953556678784,0.011998,raw_ranges
112449,1788679025405257216,1.9376877495510987,1.8007299120078561,0.09458165085758519,15,0.06661587540958383,0.011999,raw_ranges
112450,1788679025427257344,1.9178731282244936,1.7915606289674804,0.09443676671980625,15,0.06551957505819347,0.011998,raw_ranges
112451,1788679025450256384,1.918016943762162,1.8052603919698593,0.0948675560849408,15,0.06872830627871465,0.011999,raw_ranges
112452,1788679025472256512,1.9362095046083523,1.8010769335933106,0.09393097951901785,15,0.06153882932765184,0.011998,raw_ranges
112453,1788679025494267904,1.9299714267490364,1.8240254932096882,0.09585506514959913,15,0.075571907118976,0.011998,raw_ranges
112454,1788679025516256256,1.9232735972498882,1.8066883673449141,0.0953804975103186,15,0.07236397934275454,0.011998,raw_ranges
112455,1788679025539256064,1.9510272354650051,1.7947891340362818,0.09479074416053979,15,0.06816738337753465,0.011998,raw_ranges
112456,1788679025561256704,1.9265083817186914,1.8039503982558878,0.09570425435761362,15,0.07456743494055314,0.011998,raw_ranges
112457,1788679025583256576,1.9399689347210893,1.7927836579212375,0.0958184903502822,15,0.07532953170093519,0.011998,raw_ranges
112458,1788679025606256896,1.9306233477039831,1.7878474154954471,0.09761846800196948,15,0.08645528322762863,0.011998,raw_ranges
112459,1788679025628256512,1.9457214086974757,1.797540363703816,0.09671641822235384,15,0.08107074822865427,0.011998,raw_ranges
112460,1788679025650256640,1.9519347570396575,1.7846372276642668,0.09302469479757507,15,0.053672551584353356,0.011998,raw_ranges
112461,1788679025672256512,1.9547539503078128,1.803394140849455,0.09609144496763516,15,0.07711999068746814,0.011998,raw_ranges
112462,1788679025694256640,1.9541099351833255,1.8276870314514293,0.09536558913031074,15,0.07226089624624606,0.011998,raw_ranges
112463,1788679025745257216,1.9263481953469896,1.8046147273638473,0.0962536201588808,15,0.07816436627313499,0.011998,raw_ranges
112464,1788679025767256576,1.9269517580160738,1.7970138304743462,0.09627091161209339,15,0.07827489768816946,0.011998,raw_ranges
112465,1788679025789256448,1.9335588041578664,1.772458261150564,0.09449964625195267,15,0.06599768365596381,0.011998,raw_ranges
112466,1788679025811257088,1.9397948960627531,1.7765991100617562,0.09423176034354493,15,0.0639359706233114,0.011998,raw_ranges
112467,1788679025834256384,1.9264838144764589,1.8014738069687177,0.09543564747940511,15,0.0727440408240092,0.011998,raw_ranges
112468,1788679025856256256,1.9281958249931612,1.8228534133923546,0.09656762365802017,15,0.08014781128652343,0.011998,raw_ranges
112469,1788679025878257152,1.9200160450911403,1.7865173623263233,0.0948749670424675,15,0.0687823744753517,0.011998,raw_ranges
112470,1788679025900256768,1.9273657122215773,1.8016109364494168,0.09416334715229278,15,0.06339869989434163,0.011998,raw_ranges
112471,1788679025922256384,1.9280295810456642,1.809280135184068,0.09692251491015709,15,0.082332028434608,0.011998,raw_ranges
112472,1788679025945256960,1.9384306832283773,1.8057121726681227,0.09650556529174366,15,0.07975972221455929,0.011998,raw_ranges
112473,1788679025967256576,1.9436967133061962,1.823274172358106,0.09611294042121744,15,0.07725922868640002,0.011998,raw_ranges
112474,1788679025989256960,1.943857060198644,1.830505713431635,0.09460232838965829,15,0.0667710744683527,0.011998,raw_ranges
112475,1788679026011256576,1.9541626871524396,1.8134160630394853,0.09380418323655342,15,0.060499844896936876,0.011998,raw_ranges
112476,1788679026034257408,1.961194601578755,1.834073271777614,0.09430148501483747,15,0.06447893462858609,0.011998,raw_ranges
112477,1788679026062257408,1.9508436244264578,1.790097132536487,0.0946806854567504,15,0.06735527783886289,0.011998,raw_ranges
112478,1788679026084257280,1.927590764684707,1.7907685734351961,0.09372878644662078,15,0.05987328657774509,0.011999,raw_ranges
112479,1788679026106257920,1.930975339027958,1.802919255994694,0.0955091216572161,15,0.07324731840290198,0.011998,raw_ranges
112480,1788679026129256448,1.9401523369092937,1.7864045009773986,0.09460639840077914,15,0.06680136525385648,0.011999,raw_ranges
112481,1788679026151257088,1.9256306623366872,1.7958564109839497,0.09741066737221236,15,0.08524503134032134,0.011998,raw_ranges
112482,1788679026173256960,1.9211051437498396,1.8011397878258038,0.09536013038122507,15,0.07222311525560961,0.011998,raw_ranges
112483,1788679026202757120,1.9399108860711423,1.799832273804857,0.097139325554329,15,0.08158071800572123,0.021998,raw_ranges
112484,1788679026244256768,1.9224920831805226,1.8007860128549185,0.0944556576394047,15,0.06566357921561007,0.011998,raw_ranges
112485,1788679026267256320,1.9291010222330367,1.7892378197511387,0.09504675557071239,15,0.07002002261290975,0.011998,raw_ranges
112486,1788679026289257984,1.9284190043855145,1.7992237399534405,0.09447906785754333,15,0.06584159668130274,0.011998,raw_ranges
112487,1788679026311257088,1.928928798353175,1.8234538123769286,0.09603272104956308,15,0.0767383153682897,0.011998,raw_ranges
112488,1788679026333256960,1.9426378752000233,1.8224986760971191,0.09468229401237814,15,0.06736721760899846,0.011998,raw_ranges
112489,1788679026356256512,1.9371698641587651,1.807264567105727,0.09701269223706807,15,0.08287786334762787,0.011998,raw_ranges
112490,1788679026378255872,1.936197422039998,1.8103829306189205,0.09619728401634528,15,0.07780316196881264,0.011998,raw_ranges
112491,1788679026406255616,1.9435274754133387,1.8029010913423023,0.09498427018654604,15,0.06957239526238873,0.011998,raw_ranges
112492,1788679026428256512,1.91965066806864,1.789496093218429,0.09611644773168088,15,0.07728176842361256,0.011999,raw_ranges
112493,1788679026450257152,1.9413403323789882,1.783153479478709,0.09463279635657616,15,0.0669988384419922,0.011998,raw_ranges
112494,1788679026473257728,1.940387527190951,1.7802842787946394,0.0947269086212514,15,0.06769736051170241,0.011999,raw_ranges
112495,1788679026495256320,1.943510883610033,1.8043989852234317,0.0970576439697448,15,0.0831486137331513,0.011998,raw_ranges
112496,1788679026517256448,1.9486283252692906,1.7869412341114734,0.09412880407761905,15,0.06312568473782322,0.011998,raw_ranges
112497,1788679026539256576,1.9210819195869173,1.7949329292718876,0.09737385528971083,15,0.08502883796519178,0.011998,raw_ranges
112498,1788679026562257664,1.9499156766901657,1.803704559542296,0.09360175238451479,15,0.058803064380309224,0.011998,raw_ranges
112499,1788679026584257024,1.948572623554911,1.7954393365145813,0.0951398702616251,15,0.07068180994870682,0.011998,raw_ranges
112500,1788679026606256640,1.9212253475414933,1.7979221778677226,0.09715089574788535,15,0.08370748917441834,0.011998,raw_ranges
112501,1788679026629256448,1.9139408123552102,1.805883876599586,0.09627417510589757,15,0.07829574127561201,0.011998,raw_ranges
112502,1788679026651257600,1.9228540910521021,1.7993130056113933,0.09585752243185958,15,0.0755881632787805,0.011998,raw_ranges
112503,1788679026673256704,1.9493883237797092,1.8068991139717028,0.09622907684257001,15,0.07800721017040683,0.011998,raw_ranges
112504,1788679026695257088,1.9490952182907988,1.8029771128680139,0.09301617487136181,15,0.053593123321577466,0.011998,raw_ranges
112505,1788679026717257216,1.9368678576774252,1.807536648386081,0.09479125792976983,15,0.06817115171221509,0.011998,raw_ranges
112506,1788679026770257152,1.9504357700202593,1.8039935435278873,0.09339804641474748,15,0.05704467030974486,0.011998,raw_ranges
112507,1788679026791256832,1.925830436301515,1.7882559573294414,0.09556536244737723,15,0.07363022778300528,0.011998,raw_ranges
112508,1788679026814257408,1.9169314974443423,1.7945468945033485,0.09578056109187368,15,0.07507735402818673,0.011998,raw_ranges
112509,1788679026836257536,1.9156561473215359,1.8023323826842192,0.09746890925658783,15,0.08558596410970568,0.011998,raw_ranges
112510,1788679026858256896,1.933209430533694,1.7907496022147396,0.09601477642210593,15,0.07662130524929689,0.011998,raw_ranges
112511,1788679026881257216,1.9246116782768337,1.809955942047315,0.09605629901399126,15,0.07689178766286595,0.011998,raw_ranges
112512,1788679026903256832,1.9378148185968702,1.7993150805273654,0.09376980144502023,15,0.06021502670447162,0.011998,raw_ranges
112513,1788679026925257216,1.9228412516690108,1.799337802021247,0.09412814801940217,15,0.06312048807956232,0.011998,raw_ranges
112514,1788679026947256832,1.921903796052276,1.808695466589437,0.09685454171388533,15,0.0819181891272343,0.011998,raw_ranges
112515,1788679026970257152,1.9257279910902456,1.7842444865161853,0.0960617779437664,15,0.0769274069481508,0.011998,raw_ranges
112516,1788679026992257280,1.956056810771916,1.808526857924223,0.09509723170444435,15,0.07037954035402873,0.011998,raw_ranges
112517,1788679027014256896,1.9458153719586873,1.8177314515421554,0.09512799649683604,15,0.07059776549463899,0.011998,raw_ranges
112518,1788679027036255744,1.9410301413162032,1.8320417784150729,0.09496585093197771,15,0.06943989435459792,0.011998,raw_ranges
112519,1788679027059256832,1.936209360759175,1.8229359790264146,0.09611696245720443,15,0.07728525378883366,0.011998,raw_ranges
112520,1788679027087256320,1.9377611022754275,1.7965743372948104,0.0952238083277548,15,0.07127311080452998,0.011998,raw_ranges
112521,1788679027109256448,1.9275279978892343,1.797258347582695,0.09976824887635516,15,0.09810337851142112,0.011999,raw_ranges
112522,1788679027131257088,1.924879693999828,1.8047180747817961,0.0963657004841927,15,0.07887806082931241,0.011998,raw_ranges
112523,1788679027154256128,1.9319670847531671,1.7984592802099293,0.0954701843160672,15,0.07298087636543707,0.011999,raw_ranges
112524,1788679027176257280,1.9174986501173064,1.7966020872905906,0.09582232949233348,15,0.07535500970959717,0.011998,raw_ranges
112525,1788679027198256896,1.927772524223575,1.7940684450265545,0.09658832127666364,15,0.08027682898983766,0.011998,raw_ranges
112526,1788679027220258304,1.9285785889098388,1.801786288193912,0.09634089341669964,15,0.07872065429542392,0.011998,raw_ranges
112527,1788679027243256576,1.920549285244668,1.8166745952393761,0.09757277910180708,15,0.08619064391108285,0.011998,raw_ranges
112528,1788679027284258304,1.9385674415956904,1.7956586812383752,0.09479838729051178,15,0.06822342183232809,0.011998,raw_ranges
112529,1788679027316257280,1.9378470941387207,1.7815942276429062,0.09533627326381874,15,0.0720577633556493,0.011998,raw_ranges
112530,1788679027333258752,1.941146500523973,1.8138243845674973,0.09483273910023954,15,0.06847541941630982,0.011994,raw_ranges
112531,1788679027355256832,1.9496658872147552,1.837922917892069,0.09431523179466784,15,0.06458544565664814,0.011998,raw_ranges
112532,1788679027378257152,1.9319036675824788,1.8206283902667761,0.09493673080337474,15,0.06922989816094449,0.011998,raw_ranges
112533,1788679027400256768,1.9444058502167179,1.8136485922057126,0.09552334545795728,15,0.07334434848001099,0.011998,raw_ranges
112534,1788679027428256256,1.938707763026217,1.814040368665398,0.09475003314380286,15,0.06786811578202878,0.011998,raw_ranges
112535,1788679027450256640,1.9236635218763538,1.8021512570501463,0.09552442465242662,15,0.0733515415749842,0.011999,raw_ranges
112536,1788679027472256256,1.9485832415755915,1.7925952957135303,0.09342023228268925,15,0.057238800465149973,0.011998,raw_ranges
112537,1788679027495256320,1.9229820100547046,1.8031126641544692,0.09491211410564812,15,0.06905170602271984,0.011999,raw_ranges
112538,1788679027517256704,1.9198423165671636,1.8000484468212663,0.09639003360245149,15,0.07903215547137442,0.011998,raw_ranges
112539,1788679027539256320,1.928778921603287,1.7886896048139256,0.09571756633024336,15,0.0746566428808808,0.011998,raw_ranges
112540,1788679027561256704,1.9335596530484485,1.79284659362613,0.0939677300996473,15,0.06183670508401385,0.011998,raw_ranges
112541,1788679027584257792,1.9229772274925019,1.783653116041537,0.09500050898154934,15,0.06968900184067313,0.011998,raw_ranges
112542,1788679027606256128,1.9360199229694415,1.781627498943948,0.09447002338696472,15,0.06577287725928319,0.011998,raw_ranges
112543,1788679027628257536,1.9398779904529633,1.8013470686443784,0.09616246691846476,15,0.07757908812601996,0.011998,raw_ranges
112544,1788679027651257088,1.9437613753922716,1.7969478719994492,0.0966673697077095,15,0.08076767734502154,0.011998,raw_ranges
112545,1788679027673256448,1.9180677201528946,1.8389919560892867,0.09326130922752211,15,0.05583329851909267,0.011998,raw_ranges
112546,1788679027695257088,1.9284357181318126,1.8099154115551108,0.09522255283251717,15,0.07126430262422534,0.011998,raw_ranges
112547,1788679027717257472,1.947275669324937,1.8322512301033058,0.0934730136213048,15,0.057698020913241194,0.011998,raw_ranges
112548,1788679027739256576,1.941814440066677,1.8169414443937748,0.09714928248522978,15,0.08369785230954123,0.011998,raw_ranges
112549,1788679027792256768,1.9372563796232465,1.8055410749608427,0.09810784786454314,15,0.08924066259583209,0.011998,raw_ranges
112550,1788679027819257088,1.928208546731805,1.7942317380300705,0.09458990101069327,15,0.06407799159378576,0.021998,raw_ranges
112551,1788679027841257728,1.9197669450358956,1.8202151506224535,0.09552294181305696,15,0.0733422509680263,0.011994,raw_ranges
112552,1788679027863256576,1.9342472180455168,1.7999864767370786,0.09584649511715337,15,0.07551518465284572,0.011998,raw_ranges
112553,1788679027885257216,1.9212619947156309,1.782962541586887,0.09376375839601606,15,0.06016482686766468,0.011998,raw_ranges
112554,1788679027908256512,1.917897608989168,1.8066455645081205,0.096406917403973,15,0.07913889941092815,0.011998,raw_ranges
112555,1788679027930256896,1.9194162941382023,1.8002416917245543,0.09482422258829913,15,0.0684125031284424,0.011998,raw_ranges
112556,1788679027952257024,1.932184676704668,1.7929499658866248,0.09416043972898605,15,0.06337576607021057,0.011998,raw_ranges
112557,1788679027975256320,1.924339239834512,1.800340382249283,0.09758578160964049,15,0.08626603970068694,0.011998,raw_ranges
112558,1788679027997257472,1.9434974006268122,1.793325036130401,0.09501417759257305,15,0.06978700157316592,0.011998,raw_ranges
112559,1788679028019256576,1.9169579251793267,1.8124547511940634,0.09682203846336013,15,0.08171955983337242,0.011998,raw_ranges
112560,1788679028041256448,1.9189689109591885,1.8310220935395398,0.09687421015113762,15,0.08203815055897848,0.011998,raw_ranges
112561,1788679028064257024,1.9272789898141434,1.8406005484480856,0.09454647458705252,15,0.06635150776774056,0.011998,raw_ranges
112562,1788679028092273664,1.9177930516570185,1.7710113627621251,0.09657158818577932,15,0.08017254007314059,0.011998,raw_ranges
112563,1788679028114270208,1.9274729903572958,1.7875477700857436,0.09641204461808543,15,0.07917113499935087,0.011999,raw_ranges
112564,1788679028136270080,1.92929934654905,1.7934310523772474,0.09716217436108743,15,0.0837748312865352,0.011998,raw_ranges
112565,1788679028159269632,1.9335360616888266,1.8003986832034298,0.09662238230597515,15,0.08048854766347302,0.011999,raw_ranges
112566,1788679028181269504,1.9164395190820747,1.7966704955080803,0.09651074076708131,15,0.07979215978453844,0.011998,raw_ranges
112567,1788679028203270656,1.9249148956426807,1.7976439113325393,0.0965521807853782,15,0.08005141336277705,0.011998,raw_ranges
112568,1788679028225270016,1.9223004221033544,1.8084033974647569,0.09836465626415944,15,0.09066809946259731,0.011998,raw_ranges
112569,1788679028248271360,1.9359817998224,1.8026985323763889,0.09499999456632403,15,0.06968531095090298,0.011998,raw_ranges
112570,1788679028270269696,1.9300490021162922,1.799548921053253,0.09424408444556043,15,0.06403227656081291,0.011998,raw_ranges
112571,1788679028309270272,1.92856656821531,1.7768743907614883,0.09506371673959739,15,0.07014103460598077,0.011998,raw_ranges
112572,1788679028332270336,1.9272990506126835,1.7907293266262045,0.0961863744704611,15,0.07773302043829962,0.011998,raw_ranges
112573,1788679028354270208,1.9443868820744985,1.8378691469352484,0.09407264838829257,15,0.06267931384669564,0.011998,raw_ranges
112574,1788679028376270336,1.9494421553170507,1.8238165099331598,0.09500675800643542,15,0.06973382251415326,0.011998,raw_ranges
112575,1788679028398270208,1.9547748232264124,1.8258130461429642,0.093545202433983,15,0.05832024031143051,0.011998,raw_ranges
112576,1788679028421270784,1.9438936616069222,1.8302621890892976,0.09533609084868082,15,0.07205649758821775,0.011998,raw_ranges
112577,1788679028449270784,1.92663419074826,1.812132377418641,0.09783749158627206,15,0.08771282450287451,0.011998,raw_ranges
112578,1788679028471269632,1.9267084828501078,1.8121909402042553,0.0944511975514472,15,0.0656294259493956,0.011999,raw_ranges
112579,1788679028493270528,1.923357822573965,1.8023047697910417,0.09517070836921254,15,0.07089962175648437,0.011998,raw_ranges
112580,1788679028516269824,1.9403252837881824,1.8063423356367414,0.09323616664028687,15,0.05560746927605036,0.011999,raw_ranges
112581,1788679028538270720,1.92980447078812,1.8200143097934445,0.09454688623910767,15,0.06635460975024784,0.011998,raw_ranges
112582,1788679028560270080,1.9364028308584562,1.803286407881491,0.09427838937375102,15,0.06429959074326232,0.011998,raw_ranges
112583,1788679028582270464,1.9147512607126853,1.7941429484816442,0.09427458598867818,15,0.06427000843844806,0.011998,raw_ranges
112584,1788679028605280512,1.9215576548531794,1.8058159484218745,0.09514983192725007,15,0.07075224323828945,0.011998,raw_ranges
112585,1788679028627284224,1.918950487721505,1.790366255469588,0.09648634332268062,15,0.07963913183027946,0.011998,raw_ranges
112586,1788679028649280512,1.9199498805757274,1.7933450447002135,0.09686660280727391,15,0.08199177277796785,0.011998,raw_ranges
112587,1788679028672280064,1.9267684102728253,1.791400267009228,0.09594860511334037,15,0.07618827409346123,0.011998,raw_ranges
112588,1788679028694280960,1.9324802223222308,1.822969013533465,0.09488637926378345,15,0.06886528341467457,0.011998,raw_ranges
112589,1788679028716280576,1.9362084439903522,1.8044267555084827,0.09496155319740901,15,0.06940894173958441,0.011998,raw_ranges
112590,1788679028738280704,1.9373333249847424,1.827549440782725,0.09481916280073943,15,0.06837551313693697,0.011998,raw_ranges
112591,1788679028760281344,1.9542248288993365,1.8290460907485724,0.09344693756317463,15,0.057471606547708665,0.011998,raw_ranges
112592,1788679028810280704,1.9391993797646379,1.810773365280414,0.09611498122144892,15,0.07727243504283349,0.011998,raw_ranges
112593,1788679028832280832,1.910588820598019,1.8034031059876585,0.09651856216757915,15,0.07984115582567143,0.011998,raw_ranges
112594,1788679028855281152,1.926387943746677,1.8088843661313103,0.09505459345702216,15,0.07007596915506893,0.011998,raw_ranges
112595,1788679028877281024,1.9323602079935027,1.8012802692363117,0.0938586799643151,15,0.06094856815639808,0.011998,raw_ranges
112596,1788679028899280384,1.9309511795443133,1.8163359278862576,0.09473799635318421,15,0.06777937997049113,0.011998,raw_ranges
112597,1788679028921281280,1.9419989024840816,1.8149807090661014,0.09536461296262892,15,0.07225414146351013,0.011998,raw_ranges
112598,1788679028944280576,1.9528163721872893,1.7993779196548083,0.09390195287959065,15,0.061302535637530194,0.011998,raw_ranges
112599,1788679028966280704,1.9425429540977122,1.795148381801732,0.09498472208639427,15,0.06957564288164562,0.011998,raw_ranges
112600,1788679028988281344,1.9166437852600815,1.7949568366618383,0.09532584336473002,15,0.07198535518235649,0.011998,raw_ranges
112601,1788679029011281408,1.9320282223509382,1.7967229680948995,0.09552870537699702,15,0.07338087879684342,0.011998,raw_ranges
112602,1788679029033280512,1.9187312623517365,1.82952087621942,0.0971464108207474,15,0.08368069560386915,0.011998,raw_ranges
112603,1788679029055280384,1.9470889726065577,1.816445052100045,0.0956832620604458,15,0.07442654134410531,0.011998,raw_ranges
112604,1788679029077280768,1.9607654502956786,1.8253567303116158,0.09422523961437365,15,0.06388495605675615,0.011998,raw_ranges
112605,1788679029099280896,1.940629869159364,1.849046143884627,0.09604432825871298,15,0.0768139066492063,0.011998,raw_ranges
112606,1788679029127280384,1.9322838963135545,1.7938188370207624,0.09630509670426166,15,0.07849295955855952,0.011998,raw_ranges
112607,1788679029149280512,1.9175072428968072,1.7975100988612307,0.0963666501500997,15,0.07888392833207349,0.011999,raw_ranges
112608,1788679029171293952,1.9362048629624455,1.801042748414331,0.0972691574723955,15,0.08441093216163127,0.011998,raw_ranges
112609,1788679029194294784,1.9237585236890626,1.7853810346990466,0.09568362626376561,15,0.07442882682647646,0.011999,raw_ranges
112610,1788679029216295168,1.942974477633469,1.8077270398282288,0.09541953792554256,15,0.07263322876991332,0.011998,raw_ranges
112611,1788679029238295296,1.926715682562753,1.8109814716872135,0.09696259412037009,15,0.0825750695813821,0.011998,raw_ranges
112612,1788679029260294912,1.916795261701995,1.8038840769859825,0.09632518998044462,15,0.07862084950218116,0.011998,raw_ranges
112613,1788679029283294720,1.92163002888488,1.807371965456983,0.0934061224919159,15,0.05711541375071984,0.011998,raw_ranges
112614,1788679029322294272,1.917827358449878,1.8141350683147524,0.09695728742524935,15,0.08254293077695608,0.011998,raw_ranges
112615,1788679029345295104,1.930672682802974,1.7891663103792448,0.09539317372796827,15,0.0724515129170418,0.011998,raw_ranges
112616,1788679029367294464,1.9057227436520692,1.793241347683344,0.09827544405727903,15,0.0901747861282689,0.011998,raw_ranges
112617,1788679029389294592,1.967735500376942,1.8228884967763606,0.0930552800817373,15,0.05395672411977315,0.011998,raw_ranges
112618,1788679029411293952,1.93700351537729,1.8098084267950865,0.09512110424159577,15,0.0705489350564257,0.011998,raw_ranges
112619,1788679029433295104,1.9500759452796763,1.823441517664424,0.09409643955416229,15,0.06286881222165963,0.011998,raw_ranges
112620,1788679029461294592,1.9546441305377458,1.814287532485899,0.09358973844534445,15,0.05870082147078059,0.011998,raw_ranges
112621,1788679029483293440,1.9328029309364718,1.8233250692832625,0.09507486998439578,15,0.07022032457483932,0.011999,raw_ranges
112622,1788679029505294848,1.9435507729615094,1.7972414556684335,0.09317951664322215,15,0.05509595846540977,0.011998,raw_ranges
112623,1788679029528294912,1.9355327513784393,1.8195255780503021,0.09676587430206904,15,0.08137504716477312,0.011999,raw_ranges
112624,1788679029550294784,1.9396761608425084,1.7898462115897595,0.09324806518698583,15,0.055714568857578334,0.011998,raw_ranges
112625,1788679029572297984,1.929076373332329,1.7963906150373483,0.09587423501535099,15,0.0756986328235259,0.011998,raw_ranges
112626,1788679029594294784,1.9401968748219591,1.8086694650432869,0.09574894202887631,15,0.0748664813175851,0.011998,raw_ranges
112627,1788679029617300992,1.9359443217342232,1.8061127183622332,0.09751767975219258,15,0.0858704125306999,0.011998,raw_ranges
112628,1788679029639297024,1.942084854354197,1.7932314675839824,0.09524563249807251,15,0.07142604912825931,0.011998,raw_ranges
112629,1788679029661296896,1.9308917510818324,1.8071180792551076,0.09474863720333222,15,0.06785783078858498,0.011998,raw_ranges
112630,1788679029684297984,1.9264871093106972,1.7948120438179906,0.09538750663387342,15,0.07241239279207276,0.011998,raw_ranges
112631,1788679029706297600,1.9470824891155958,1.8094926504795812,0.09410692123893574,15,0.06295211858973256,0.011998,raw_ranges
112632,1788679029728297216,1.9614575964226277,1.8142581386689027,0.09383515718266208,15,0.060755289306052146,0.011998,raw_ranges
112633,1788679029750297344,1.9565620514327469,1.828707837150062,0.09293629452453032,15,0.05284262030340972,0.011998,raw_ranges
112634,1788679029772297728,1.9481066040826909,1.846195521429352,0.09627168268371049,15,0.0782798229412311,0.011998,raw_ranges
112635,1788679029822305536,1.9368280798530055,1.784181913942087,0.09368283113855223,15,0.05948847900688204,0.011998,raw_ranges
112636,1788679029844306688,1.9382781291814257,1.8122966748518563,0.09749952084608014,15,0.08576461299440546,0.011998,raw_ranges
112637,1788679029867305472,1.9299747885612104,1.8014431661714085,0.09545310874716444,15,0.0728639605234607,0.011998,raw_ranges
112638,1788679029889305600,1.9152512477679493,1.805980699365421,0.09806241153883602,15,0.08898572657924432,0.011998,raw_ranges
112639,1788679029911306496,1.916086647241247,1.7854114623065833,0.09647921199135212,15,0.0795943464534519,0.011998,raw_ranges
112640,1788679029933306880,1.927329110433215,1.7971216384828999,0.09516347016812478,15,0.0708485579537423,0.011998,raw_ranges
112641,1788679029956305920,1.912269279995277,1.7873763053595946,0.09768229386457551,15,0.08682362501402206,0.011998,raw_ranges
112642,1788679029978306560,1.9378628230874562,1.7905767038138174,0.09640520259459245,15,0.07912806449416325,0.011998,raw_ranges
112643,1788679030000307456,1.9276210388050696,1.8085431410110688,0.09756475256875737,15,0.08614406865685748,0.011998,raw_ranges
112644,1788679030023305472,1.9233221853970575,1.8011459428920484,0.09567262350815178,15,0.07435503684453257,0.011998,raw_ranges
112645,1788679030045305856,1.9300211117938875,1.8082909930958742,0.09636831298637193,15,0.07889446739393036,0.011999,raw_ranges
112646,1788679030067306240,1.9252195546705142,1.823320160554479,0.0942856689064945,15,0.06435617221754641,0.011998,raw_ranges
112647,1788679030090306304,1.9481025738261115,1.8193896900033277,0.09636078890765301,15,0.07884676852384641,0.011999,raw_ranges
112648,1788679030112306944,1.948719474620742,1.8270705304019301,0.09441852469567966,15,0.0653802163630533,0.011998,raw_ranges
112649,1788679030140306688,1.9214258270184537,1.7944776264254787,0.09505892574910471,15,0.07010687373649402,0.011998,raw_ranges
112650,1788679030162306560,1.928192931150794,1.81573074836805,0.0957599038695805,15,0.07493949471794233,0.011999,raw_ranges
112651,1788679030184306688,1.92825036267538,1.8006646577484315,0.09663564316553133,15,0.08057103177650972,0.011998,raw_ranges
112652,1788679030207305728,1.9379083343440624,1.7933119786834641,0.0972169405770792,15,0.08410091899663891,0.011999,raw_ranges
112653,1788679030229305856,1.9485729554538678,1.7901747176478802,0.09531331396159368,15,0.07189827506688655,0.011998,raw_ranges
112654,1788679030251306752,1.9191148447542898,1.7909073807972846,0.09558650976696999,15,0.07377369289231762,0.011998,raw_ranges
112655,1788679030273305600,1.93063908001883,1.7986869156533547,0.09801135209273354,15,0.08869836576134618,0.011998,raw_ranges
112656,1788679030296306688,1.922537370194263,1.8003880295002583,0.0952483595131718,15,0.07144513635771024,0.011998,raw_ranges
112657,1788679030335306240,1.935609635584513,1.796608932979326,0.0973853252455496,15,0.08509625868126991,0.011998,raw_ranges
112658,1788679030358306560,1.9449717692605606,1.823724814932727,0.09477531099447858,15,0.06805408871242487,0.011998,raw_ranges
112659,1788679030380305664,1.929121705108809,1.814816072244367,0.09519972996894557,15,0.07110399401542492,0.011998,raw_ranges
112660,1788679030402306816,1.9607219455336438,1.812041732963451,0.09247395932915793,15,0.0482701494213343,0.011998,raw_ranges
112661,1788679030424306688,1.9622675773552745,1.8182247200184143,0.09453296891997626,15,0.06624965596873886,0.011998,raw_ranges
112662,1788679030446306048,1.9437280193333424,1.8206570479933417,0.09540454646431468,15,0.07252995560673316,0.011998,raw_ranges
112663,1788679030474306560,1.9292399737108863,1.794963586403327,0.09535104975023566,15,0.07216022274242001,0.011998,raw_ranges
112664,1788679030496305920,1.93816110250892,1.8164593706285272,0.09511853244181356,15,0.0705305355205359,0.011999,raw_ranges
112665,1788679030518306560,1.935981909403394,1.7996690434708746,0.09395220871421729,15,0.06171107445359621,0.011998,raw_ranges
112666,1788679030541310208,1.9252092199694,1.7941925710151099,0.09644596289491214,15,0.07938505460042308,0.011999,raw_ranges
112667,1788679030563311104,1.925475073273961,1.790447958932793,0.0965400316061569,15,0.07997549376000694,0.011998,raw_ranges
112668,1788679030585324544,1.9140092748030844,1.8046879232351944,0.09609328822976931,15,0.07713194037342326,0.011998,raw_ranges
112669,1788679030607323136,1.9169868660178222,1.805506408488382,0.09712380425783482,15,0.08354551007585517,0.011998,raw_ranges
112670,1788679030630337024,1.942079886009536,1.803245186568656,0.0947087764586472,15,0.06756348462481199,0.011998,raw_ranges
112671,1788679030652336384,1.951482263736127,1.8100610326981847,0.09448501635587662,15,0.0658867539940816,0.011998,raw_ranges
112672,1788679030674335744,1.9368604416523278,1.8023688657229497,0.09369217693399336,15,0.05956697851992633,0.011998,raw_ranges
112673,1788679030697336576,1.9395730107066482,1.810526289460195,0.09310700666149664,15,0.05443394765673938,0.011998,raw_ranges
112674,1788679030719336704,1.9194238831854307,1.819489249668982,0.09543202388506795,15,0.07271913009014859,0.011998,raw_ranges
112675,1788679030741336064,1.9620959333313748,1.8319932443485838,0.0931608539776412,15,0.054926332242752285,0.011998,raw_ranges
112676,1788679030763335936,1.9530066650695403,1.8093625373864826,0.09331583924468517,15,0.05631951030224943,0.011998,raw_ranges
112677,1788679030785336064,1.9258688781106472,1.827247644513137,0.09533187250258168,15,0.07202722053905512,0.011998,raw_ranges
112678,1788679030836336896,1.94336233140245,1.7943921710168942,0.09694976829106211,15,0.08249737139486393,0.011998,raw_ranges
112679,1788679030858336512,1.9444266147587723,1.798154824104088,0.0959021471048898,15,0.07588277209544865,0.011998,raw_ranges
112680,1788679030880342528,1.9266795536406536,1.8050317152715285,0.09478188546425927,15,0.06810237485036237,0.011998,raw_ranges
112681,1788679030902336768,1.930561736212562,1.7990862811047836,0.09508080206603167,15,0.07026272170953582,0.011998,raw_ranges
112682,1788679030925336832,1.9354487578480617,1.8145837505573692,0.09404939653069457,15,0.062493555881343255,0.011998,raw_ranges
112683,1788679030947337472,1.9463014269452756,1.8089086468854518,0.09307300839297561,15,0.05412075746860541,0.011998,raw_ranges
112684,1788679030969335808,1.9343420830798104,1.8223348178433354,0.09586835207047972,15,0.07565976517594887,0.011998,raw_ranges
112685,1788679030991337472,1.9243444418450781,1.79756233835013,0.09530877700397476,15,0.07186671691384525,0.011998,raw_ranges
112686,1788679031013338368,1.9361486859421846,1.7977614588996413,0.09309052014313894,15,0.05428230042231952,0.011998,raw_ranges
112687,1788679031036337664,1.9309041084417118,1.7867416660069964,0.09625089033341087,15,0.07814690223809825,0.011998,raw_ranges
112688,1788679031060837632,1.937241444155064,1.81452650302959,0.0947311712119782,15,0.06517099974665273,0.021998,raw_ranges
112689,1788679031085338880,1.9451262142068393,1.8117649106979994,0.09403133914872236,15,0.06234968414292375,0.011994,raw_ranges
112690,1788679031107338240,1.9426703269729904,1.8468378453522007,0.09302371777557286,15,0.053663449121099854,0.011998,raw_ranges
112691,1788679031129338112,1.9389912795447546,1.8314606727292675,0.09560116988925571,15,0.0738729848135008,0.011998,raw_ranges
112692,1788679031157339392,1.930997093923574,1.8116896822588249,0.0937557108373135,15,0.06009791039057434,0.011998,raw_ranges
112693,1788679031179337216,1.9304818619661703,1.803677060560511,0.09617635749171256,15,0.07766840728837283,0.011999,raw_ranges
112694,1788679031208837376,1.9236327303528722,1.7969225958085746,0.09601969914838317,15,0.07440287053859668,0.021998,raw_ranges
112695,1788679031228337920,1.9449565740216859,1.8005610110703323,0.09336452408386198,15,0.05675071857573243,0.011995,raw_ranges
112696,1788679031250338304,1.9414786011089051,1.8094396008476377,0.09499382351645436,15,0.06964101889299414,0.011998,raw_ranges
112697,1788679031273337088,1.9209821640397593,1.818260948635788,0.09660841722141236,15,0.08040189809583084,0.011998,raw_ranges
112698,1788679031295337472,1.9262289631371925,1.8030639163611146,0.09510625280023423,15,0.07044360010841465,0.011998,raw_ranges
112699,1788679031317338112,1.9228927314158244,1.783412234577369,0.09468802238194365,15,0.06740972020371887,0.011998,raw_ranges
112700,1788679031358338304,1.9129998375168653,1.7874125744061187,0.09679034311329274,15,0.08152540161994143,0.011998,raw_ranges
112701,1788679031381337856,1.908820047830655,1.782271441182753,0.09883712781727402,15,0.09323720187389807,0.011998,raw_ranges
112702,1788679031403337984,1.929364410602765,1.8046790522168539,0.09580862340080504,15,0.07526401129892722,0.011998,raw_ranges
112703,1788679031425337600,1.938678569000083,1.8358518278060463,0.09574787052541167,15,0.07485932487948092,0.011998,raw_ranges
112704,1788679031447337984,1.9437720409452828,1.8128308265486135,0.09531680527768971,15,0.07192255052269574,0.011998,raw_ranges
112705,1788679031470337792,1.9382014931838096,1.8525676930751682,0.09545464772866423,15,0.07287452040778203,0.011998,raw_ranges
112706,1788679031498338304,1.9340692620225903,1.8098510853868641,0.0959996208781254,15,0.07652234231990945,0.011998,raw_ranges
112707,1788679031520336896,1.9390774945237115,1.8018883389202582,0.09534808979334862,15,0.07213954388786101,0.011999,raw_ranges
112708,1788679031542338048,1.9272417488166587,1.780620524376066,0.09494846907405594,15,0.06931462378211355,0.011998,raw_ranges
112709,1788679031565338112,1.9124549022241322,1.7883100236522387,0.09617658699698341,15,0.07766988474295176,0.011999,raw_ranges
112710,1788679031587337472,1.9275593260115857,1.7971532110144308,0.09533762883694409,15,0.07206716889780042,0.011998,raw_ranges
112711,1788679031609338112,1.9484780865860913,1.7916626145383066,0.09514393074723171,15,0.07071052781044498,0.011998,raw_ranges
112712,1788679031631337472,1.9269103114482629,1.803646706466341,0.09685598910338224,15,0.08192702301061748,0.011998,raw_ranges
112713,1788679031654338048,1.8982305795359236,1.7876083808639955,0.09816254406120908,15,0.0895465915443413,0.011998,raw_ranges
112714,1788679031676337920,1.9243345175360322,1.7928276311514306,0.093637513479372,15,0.059106357317737133,0.011998,raw_ranges
112715,1788679031698337536,1.9413222884368653,1.7881914385196664,0.0942251867694962,15,0.06388454246135142,0.011998,raw_ranges
112716,1788679031721337600,1.9187135244849949,1.7904699226393515,0.09660133089273551,15,0.08035781784453533,0.011998,raw_ranges
112717,1788679031743337728,1.935610725041339,1.8064254559079227,0.09557910698023402,15,0.07372350355371092,0.011998,raw_ranges
112718,1788679031765337088,1.9359921138013252,1.8071030461959077,0.09577004660650275,15,0.07500729699504408,0.011998,raw_ranges
112719,1788679031787337216,1.934176098961724,1.826987529711154,0.09501564036646704,15,0.06979748106104575,0.011998,raw_ranges
112720,1788679031809338112,1.9507097758013816,1.8317799781414354,0.09521589093655124,15,0.07121754652156481,0.011998,raw_ranges
112721,1788679031861338112,1.9476874238342579,1.8213349398668712,0.09588530326897843,15,0.07577170491006811,0.011998,raw_ranges
112722,1788679031883337472,1.9363137672892134,1.7937593968351013,0.09466960437446942,15,0.06727296909212065,0.011998,raw_ranges
112723,1788679031905337856,1.9326590015031502,1.8228093382767403,0.09561278590354644,15,0.07395156455103871,0.011998,raw_ranges
112724,1788679031928309504,1.9165837467001339,1.8052262600415108,0.09476764136941992,15,0.06799771588384375,0.011998,raw_ranges
112725,1788679031950309632,1.9250940876647598,1.800591367360882,0.09563949555486723,15,0.0741319334083985,0.011998,raw_ranges
112726,1788679031972309504,1.937337065873687,1.7954988403066776,0.09510979567642067,15,0.07046874252050109,0.011998,raw_ranges
112727,1788679031995309568,1.9058396635880381,1.7766283123916633,0.09813511299892519,15,0.08939329390354286,0.011998,raw_ranges
112728,1788679032017309440,1.9268702683918033,1.8176177627329961,0.09642007908302941,15,0.07922201132910865,0.011998,raw_ranges
112729,1788679032039309056,1.9221352701536338,1.789753507368005,0.09521282353526662,15,0.07119600783236815,0.011998,raw_ranges
112730,1788679032061310976,1.9190834983738994,1.8038075128583058,0.09608587577349752,15,0.07708387489934272,0.011998,raw_ranges
112731,1788679032084309504,1.933988658963845,1.815110957244471,0.09622405815434348,15,0.07797503543021635,0.011998,raw_ranges
112732,1788679032106309632,1.97204852421718,1.8283442069537992,0.09276590996891813,15,0.05120505800131606,0.011998,raw_ranges
112733,1788679032128310272,1.9388741953289783,1.8030302573352928,0.09441486908408225,15,0.06535225382557404,0.011998,raw_ranges
112734,1788679032150309120,1.965581025702974,1.8266790000050885,0.09338249757206177,15,0.05690822056664377,0.011998,raw_ranges
112735,1788679032178309888,1.9438433980543393,1.7750237381327938,0.09354323552666065,15,0.058303374882254025,0.011998,raw_ranges
112736,1788679032200309248,1.933431531733994,1.7792545836677676,0.09488498293282441,15,0.06885497027683922,0.011999,raw_ranges
112737,1788679032222309376,1.932389790235346,1.7934804578161254,0.0968621791060636,15,0.08196479184420344,0.011998,raw_ranges
112738,1788679032245308672,1.9488242882415316,1.7879071220126266,0.09326862123746225,15,0.05589852624588823,0.011999,raw_ranges
112739,1788679032267309824,1.9302530635467805,1.796778748328478,0.09565193705573753,15,0.0742158005531001,0.011998,raw_ranges
112740,1788679032289308928,1.928927154444718,1.8095080675623445,0.09439559583133726,15,0.065204630413317,0.011998,raw_ranges
112741,1788679032321308928,1.927826672138163,1.8141880096699379,0.09525486482129346,15,0.07149064846043474,0.011998,raw_ranges
112742,1788679032360310016,1.910643643738803,1.7648182025517904,0.09778904428728787,15,0.08743621837252497,0.011998,raw_ranges
112743,1788679032382309632,1.9177076473029273,1.8158214797425631,0.09565568851428018,15,0.07424107023932364,0.011998,raw_ranges
112744,1788679032405309184,1.9528931865713985,1.8185740856181993,0.09438025807980377,15,0.06508691170891248,0.011998,raw_ranges
112745,1788679032427309824,1.9488640332636786,1.818520510145327,0.096057064663221,15,0.07689676624683905,0.011998,raw_ranges
112746,1788679032449314560,1.9604058682129715,1.824642581811264,0.09489590639087755,15,0.068934420914936,0.011998,raw_ranges
112747,1788679032471310080,1.970920335977459,1.8354530177381123,0.09339652800102699,15,0.05703135976835026,0.011998,raw_ranges
112748,1788679032494309632,1.9550164598244733,1.8194508187888312,0.0953573600367492,15,0.07220393363764342,0.011998,raw_ranges
112749,1788679032522309632,1.9411644870114055,1.804295340248068,0.09499987453512235,15,0.06968444970811176,0.011998,raw_ranges
112750,1788679032544310016,1.937486985515346,1.8017073355061082,0.0949304032031229,15,0.06918400972857035,0.011999,raw_ranges
112751,1788679032566309632,1.940864581225256,1.8194736001144869,0.09356984845551335,15,0.05853115795465995,0.011998,raw_ranges
112752,1788679032589309696,1.946246910704821,1.8028206187531,0.09529258733732333,15,0.07175382454143713,0.011999,raw_ranges
112753,1788679032611309824,1.9398557073485554,1.780725981226676,0.0940602721528567,15,0.06258050933682713,0.011998,raw_ranges
112754,1788679032633309184,1.9169830862215296,1.796941359655223,0.09639886033863065,15,0.07908797844571996,0.011998,raw_ranges
112755,1788679032655309568,1.9253644511519632,1.809812589538671,0.09656611227717972,15,0.08013838202247241,0.011998,raw_ranges
112756,1788679032678309632,1.933535639621785,1.8083313397248826,0.0963105465042772,15,0.07852766710069266,0.011998,raw_ranges
112757,1788679032700310272,1.9302654539328146,1.8116039763605105,0.09722831314868827,15,0.08416864704085646,0.011998,raw_ranges
112758,1788679032722309120,1.9126960297260713,1.8188024893676913,0.09542923784054919,15,0.07269997136553212,0.011998,raw_ranges
112759,1788679032745309184,1.9400981595374565,1.813709924351451,0.09421330141253864,15,0.0637914524724014,0.011998,raw_ranges
112760,1788679032767309312,1.928282274153974,1.8073570033878723,0.09567926660678298,15,0.07439969491055047,0.011998,raw_ranges
112761,1788679032789314304,1.9493095138918102,1.8260963267266126,0.09362717540613993,15,0.059018839383199885,0.011998,raw_ranges
112762,1788679032811309568,1.944287160238828,1.8134729659513997,0.095095139137904,15,0.07036467248487702,0.011998,raw_ranges
112763,1788679032838309888,1.9485737834449208,1.7981381463876986,0.09472293154366246,15,0.065107753299146,0.021998,raw_ranges
112764,1788679032893309184,1.915814363403695,1.7942113298257047,0.09684186123398396,15,0.08184075531166585,0.011998,raw_ranges
112765,1788679032915303680,1.9303822085969555,1.8005185318665098,0.09475964678554785,15,0.06793890477147722,0.011998,raw_ranges
112766,1788679032938303744,1.9274610015773699,1.7977927963763014,0.09453877008402717,15,0.06629342410848288,0.011998,raw_ranges
112767,1788679032960304128,1.9335608847225967,1.7948479753267508,0.09524622610897196,15,0.07143020443042263,0.011998,raw_ranges
112768,1788679032982303488,1.9332981587755156,1.818121199464258,0.09622708273160617,15,0.07799442754201213,0.011998,raw_ranges
112769,1788679033004303360,1.9206326440897747,1.8194161290074835,0.09704441658717465,15,0.08306903504420081,0.011998,raw_ranges
112770,1788679033027303936,1.9286135864419398,1.8015296534573182,0.09812180086725152,15,0.08931880464522307,0.011998,raw_ranges
112771,1788679033049304064,1.9173519660193064,1.7933351618457631,0.09662107577489928,15,0.08048058008550438,0.011998,raw_ranges
112772,1788679033071304192,1.9349323363522681,1.7858689082334263,0.09419610104266095,15,0.06365649250988428,0.011998,raw_ranges
112773,1788679033094304512,1.9123097753492542,1.7961066617934873,0.0968062783801171,15,0.08162307502242921,0.011998,raw_ranges
112774,1788679033116303616,1.9450100114414977,1.8050140889807615,0.09449650008219848,15,0.06597384389436842,0.011998,raw_ranges
112775,1788679033138302464,1.9541181944865298,1.8165421577555894,0.09361508079638574,15,0.05891628630850503,0.011998,raw_ranges
112776,1788679033160302080,1.9499062389752264,1.8179973277517416,0.09519909189597485,15,0.07109950697420378,0.011998,raw_ranges
112777,1788679033182302720,1.9024102777637062,1.7629953181292173,0.09912798145682652,15,0.09478412025664708,0.011998,raw_ranges
112778,1788679033210301184,1.9474830718674327,1.8020922703208613,0.0955223937826178,15,0.07333786047204953,0.011998,raw_ranges
112779,1788679033232301824,1.9326528596743318,1.7873128403226668,0.09495936027424934,15,0.0693929699122998,0.011999,raw_ranges
112780,1788679033254302720,1.9302883278261191,1.8033413898124062,0.09886853728093833,15,0.09340548847331374,0.011998,raw_ranges
112781,1788679033277301760,1.9370470387357448,1.8024288028187803,0.09414799769973436,15,0.06327733953584312,0.011999,raw_ranges
112782,1788679033299302656,1.9360112317835383,1.7999112347723956,0.09575485092737444,15,0.07490593383287099,0.011998,raw_ranges
112783,1788679033321303040,1.9124202796007734,1.8005479445134154,0.09549330055490154,15,0.0731392408417093,0.011998,raw_ranges
112784,1788679033343302400,1.9233701413172566,1.7962270137506466,0.09524445800060392,15,0.07141782688239631,0.011998,raw_ranges
112785,1788679033366301952,1.921915832149754,1.7935180844346639,0.09573350141233716,15,0.07476328917548486,0.011998,raw_ranges
112786,1788679033405303808,1.9239134064658132,1.8040511372505836,0.09619287397222888,15,0.07777481577110217,0.011998,raw_ranges
112787,1788679033428301824,1.929716615870533,1.7798812562394206,0.0948532234220085,15,0.06862413145540353,0.011998,raw_ranges
112788,1788679033450302464,1.9236492643767518,1.8136408667984947,0.09623315396433282,15,0.07803333877473675,0.011998,raw_ranges
112789,1788679033472302592,1.9551346373220129,1.8199503828112973,0.09412474566585105,15,0.06309353106183749,0.011998,raw_ranges
112790,1788679033494302464,1.9504640224705212,1.8112198772348582,0.09720208386356904,15,0.08401268868194287,0.011998,raw_ranges
112791,1788679033516302848,1.9420478903287781,1.8132913907888664,0.09505566210298769,15,0.07008359365063765,0.011998,raw_ranges
112792,1788679033544302848,1.9435451821379803,1.7957509644052871,0.0944969380459882,15,0.0659771630337968,0.011998,raw_ranges
112793,1788679033566302720,1.9238407777538793,1.807083946663271,0.09486174359987341,15,0.06868600730042047,0.011999,raw_ranges
112794,1788679033588303616,1.9261191697762872,1.794493887539465,0.09587953212134924,15,0.07573361286343898,0.011998,raw_ranges
112795,1788679033611302656,1.9286230414640322,1.8021421661591217,0.09450086234388173,15,0.06600671437726421,0.011999,raw_ranges
112796,1788679033633302272,1.9101341478736051,1.826304936105181,0.0986306605000411,15,0.09212333307062394,0.011998,raw_ranges
112797,1788679033655302144,1.9250849338946507,1.796281456113965,0.09649549946369347,15,0.07969659628675162,0.011998,raw_ranges
112798,1788679033677302784,1.912157550877028,1.8175083353408767,0.09544387757117792,15,0.07280058768428949,0.011998,raw_ranges
112799,1788679033700302592,1.9174107496779593,1.7907294760383121,0.0975244483380189,15,0.08590981512038606,0.011998,raw_ranges
112800,1788679033722301696,1.913679781013934,1.7844225200227404,0.096135313569403,15,0.07740388598386387,0.011998,raw_ranges
112801,1788679033744302848,1.9174144901357384,1.793247798608914,0.09664966692467168,15,0.08065801212943252,0.011998,raw_ranges
112802,1788679033767301888,1.92813860616275,1.7950702111286334,0.09432691660710085,15,0.06467584250012405,0.011998,raw_ranges
112803,1788679033789302528,1.933868056103174,1.7960544630527016,0.09627733707283027,15,0.07831593113045571,0.011998,raw_ranges
112804,1788679033811302400,1.959935894212915,1.8244888210210444,0.09404206272985337,15,0.06243485185257814,0.011998,raw_ranges
112805,1788679033833303040,1.9445157669132356,1.8151202624028022,0.0947011975281084,15,0.067507373849887,0.011998,raw_ranges
112806,1788679033855301632,1.9676826890306784,1.8166281210804947,0.09401716874117433,15,0.062235172829954666,0.011998,raw_ranges
112807,1788679033905302528,1.9218160757485776,1.7884215808294046,0.09518656603954699,15,0.07101136553782775,0.011998,raw_ranges
112808,1788679033927345920,1.9183734089013047,1.797527193811231,0.09502932260888733,15,0.06989542620863923,0.011998,raw_ranges
112809,1788679033950302464,1.9227353637182063,1.8021446487064219,0.09579721580452537,15,0.07518818923557988,0.011998,raw_ranges
112810,1788679033972302080,1.925433821526392,1.791857415252043,0.09697275522891884,15,0.08263657316781013,0.011998,raw_ranges
112811,1788679033994302464,1.9225608333189907,1.7941833155730296,0.09687336501869648,15,0.08203299954711205,0.011998,raw_ranges
112812,1788679034016302848,1.9485071462596302,1.8014496719507873,0.09506989645000731,15,0.07018507281471831,0.011998,raw_ranges
112813,1788679034039302912,1.9521994484459229,1.816182332458554,0.09438802339467856,15,0.0651465378257246,0.011998,raw_ranges
112814,1788679034061302272,1.9254384704387166,1.8146579318965061,0.09615721893981373,15,0.07754525733927085,0.011998,raw_ranges
112815,1788679034083302400,1.9252000855947407,1.79761876884737,0.09504976110350093,15,0.07004148127717556,0.011998,raw_ranges
112816,1788679034106302720,1.9373598408785109,1.7904500992147223,0.0961911072907197,15,0.07776345727087819,0.011998,raw_ranges
112817,1788679034128302336,1.9300160633502954,1.7925031511390597,0.09644150742527037,15,0.07935713843927572,0.011998,raw_ranges
112818,1788679034150302720,1.9358019276224616,1.8198739237832084,0.09826066987610282,15,0.0900928291935758,0.011998,raw_ranges
112819,1788679034172302336,1.9366423747078603,1.8004008330452381,0.09458498613479827,15,0.06664108440592985,0.011998,raw_ranges
112820,1788679034194302720,1.9486151177475197,1.80992669925134,0.09520477573596983,15,0.07113946676753934,0.011998,raw_ranges
112821,1788679034222302464,1.9248312874534845,1.8072737166626685,0.09497385124396279,15,0.06949747650068164,0.011998,raw_ranges
112822,1788679034244302336,1.9356133474685187,1.8222043608361491,0.0953566210135893,15,0.07219864965904352,0.011999,raw_ranges
112823,1788679034266301952,1.923812833733154,1.8140474767026251,0.09594940899922214,15,0.07619354956439649,0.011998,raw_ranges
112824,1788679034289305600,1.942296543142102,1.7874658588896644,0.09649868085726565,15,0.07971640268016146,0.011999,raw_ranges
112825,1788679034311302656,1.9419616900179597,1.7939003343180966,0.094513266383884,15,0.06610078955567783,0.011998,raw_ranges
112826,1788679034333302784,1.9200994448926563,1.8019360457634943,0.09457773892774657,15,0.06658668728617281,0.011998,raw_ranges
112827,1788679034355301632,1.9204975564248012,1.7995794169811334,0.09467193725774616,15,0.06729030579322823,0.011998,raw_ranges
112828,1788679034378302464,1.9463553107829612,1.7669357221096424,0.09364526031229313,15,0.059171854021089584,0.011998,raw_ranges
112829,1788679034419301888,1.9233926397762855,1.7988449318245674,0.09523244292196811,15,0.07133365908158726,0.011998,raw_ranges
112830,1788679034441303296,1.9299075991325174,1.8004255766517006,0.09509112981074487,15,0.0703361770836664,0.011998,raw_ranges
112831,1788679034463302400,1.9324957055739955,1.8080377756361192,0.09417036394948272,15,0.06345401441581708,0.011998,raw_ranges
112832,1788679034486301696,1.95170824817377,1.816570825542262,0.09262330774672965,15,0.049793129473147846,0.011998,raw_ranges
112833,1788679034508302592,1.9444866630609046,1.8247031399503273,0.0950171483938829,15,0.06980828310367544,0.011998,raw_ranges
112834,1788679034530302720,1.9446346728603907,1.8051947467221436,0.09435643342874173,15,0.0649036318301352,0.011998,raw_ranges
112835,1788679034558301952,1.9399586823381902,1.8063195187006345,0.09449113065190526,15,0.06593313770711408,0.011998,raw_ranges
112836,1788679034580302336,1.9123967369583852,1.793422895761936,0.09388898377962104,15,0.06119646867770277,0.011999,raw_ranges
112837,1788679034602302208,1.9314616082814544,1.788840921203785,0.09369496208157303,15,0.05959035221890399,0.011998,raw_ranges
112838,1788679034625302784,1.9298295658896487,1.7952844314479772,0.09405258183676368,15,0.06251884384538549,0.011999,raw_ranges
112839,1788679034647302400,1.9279773632557677,1.8028150614412752,0.09449983262672934,15,0.06599909562054122,0.011998,raw_ranges
112840,1788679034669302272,1.9417169433700305,1.8075664460806904,0.0935586630051358,15,0.058435528586090545,0.011998,raw_ranges
112841,1788679034691301632,1.9297795725708768,1.8084303319297623,0.0947088370433582,15,0.06756393297727864,0.011998,raw_ranges
112842,1788679034714302208,1.943438685151295,1.7944507966776266,0.09403519290624161,15,0.06237981165602871,0.011998,raw_ranges
112843,1788679034736302336,1.9323475045240617,1.806074699468483,0.09580664956276028,15,0.07525089739504956,0.011998,raw_ranges
112844,1788679034758301952,1.9188845513327801,1.8141264489939986,0.09555456376007775,15,0.07355686070026204,0.011998,raw_ranges
112845,1788679034781302528,1.9329688020471276,1.7870931537871415,0.09642842156421728,15,0.07927464638973353,0.011998,raw_ranges
112846,1788679034803302656,1.9350773495204778,1.781338200787474,0.09552927476004344,15,0.07338475833607037,0.011998,raw_ranges
112847,1788679034825302272,1.943122786140479,1.8033016746818955,0.0943415489935677,15,0.06478886470349436,0.011998,raw_ranges
112848,1788679034847302144,1.9309724359644749,1.8106769968950063,0.09589244904084608,15,0.07581884354727446,0.011998,raw_ranges
112849,1788679034869302528,1.938404267901669,1.8146554279861462,0.09606698695056881,15,0.0769612561394941,0.011998,raw_ranges
112850,1788679034921302016,1.9265714040305704,1.7953284022618994,0.09622539692906172,15,0.07798361959451314,0.011998,raw_ranges
112851,1788679034943302144,1.9253192296944335,1.8051008851000576,0.09374211203561933,15,0.05998466497046832,0.011998,raw_ranges
112852,1788679034966302208,1.9333068110386475,1.813696013255512,0.09657769531438251,15,0.08021061843909767,0.011998,raw_ranges
112853,1788679034988302848,1.939628369854713,1.7867193477663679,0.09420696721978969,15,0.06374178547695138,0.011998,raw_ranges
112854,1788679035010302464,1.9244700582066963,1.7939382612516908,0.0955086532275809,15,0.07324412074413142,0.011998,raw_ranges
112855,1788679035033302784,1.9309999433571094,1.7904163111186404,0.09379428096883073,15,0.060417952338942614,0.011998,raw_ranges
112856,1788679035055302144,1.9297991759114312,1.810942358813302,0.09385574725405468,15,0.06092430757140122,0.011999,raw_ranges
112857,1788679035077302528,1.925335724874656,1.8085155154395658,0.0948854328751921,15,0.06885841176785959,0.011998,raw_ranges
112858,1788679035099302144,1.9327799853999408,1.8009990195254098,0.09722826702519853,15,0.08416837304592824,0.011998,raw_ranges
112859,1788679035122301696,1.9253029878195,1.7924088598986119,0.09454761659536952,15,0.06636011295476762,0.011998,raw_ranges
112860,1788679035144302080,1.946331726789738,1.8263532334277162,0.09398306861799553,15,0.06196060533916322,0.011998,raw_ranges
112861,1788679035166302464,1.923902153046413,1.7841388254125141,0.0983884887103982,15,0.09079943120085168,0.011998,raw_ranges
112862,1788679035188302336,1.9439680974276978,1.811934076044195,0.09505294772220776,15,0.07006422566622551,0.011998,raw_ranges
112863,1788679035211302400,1.9324256447583985,1.8142054894590494,0.0956271235326598,15,0.07404844042017232,0.011998,raw_ranges
112864,1788679035239301888,1.924157635391942,1.7956278032860662,0.09525345374711863,15,0.0714807788368219,0.011998,raw_ranges
112865,1788679035261302272,1.9255380628603334,1.8078285042310067,0.09608971721749761,15,0.07710863256794025,0.011999,raw_ranges
112866,1788679035283304448,1.9408020203742125,1.7912982915956173,0.09410671082848038,15,0.0629504473731552,0.011998,raw_ranges
112867,1788679035306301696,1.9416652108144048,1.8032628485274262,0.0954601229919267,15,0.07291191254470496,0.011999,raw_ranges
112868,1788679035328303360,1.920214755800617,1.799359405851532,0.09735232157529901,15,0.08490211759019332,0.011998,raw_ranges
112869,1788679035350302208,1.9163838889006817,1.8020916125046484,0.09686506070430269,15,0.08198236822819095,0.011998,raw_ranges
112870,1788679035372303616,1.9421949164762222,1.7998891626138125,0.09407976161190768,15,0.06273603117752735,0.011998,raw_ranges
112871,1788679035395301632,1.9253776002920924,1.7912251351374893,0.09523243776803789,15,0.07133362295606395,0.011998,raw_ranges
112872,1788679035434301952,1.9348697920980205,1.7996064639593308,0.09404354427039856,15,0.0624467154172144,0.011998,raw_ranges
112873,1788679035457302528,1.9203999869031492,1.7936466229115688,0.09582092134831853,15,0.07534566573014359,0.011998,raw_ranges
112874,1788679035479301376,1.9132778257339857,1.8169715055495976,0.09698625821416054,15,0.08271823384333436,0.011998,raw_ranges
112875,1788679035501302272,1.9480354935926714,1.8155754165345572,0.09298823587410407,15,0.053331827927646284,0.011998,raw_ranges
112876,1788679035523302912,1.9182943407330795,1.811996465885312,0.09741784050566189,15,0.08528709457861665,0.011998,raw_ranges
112877,1788679035545302784,1.9634154645707242,1.833055307305763,0.09305027812699136,15,0.05391035265133563,0.011998,raw_ranges
112878,1788679035573302784,1.9347852549483977,1.812399451331929,0.09546228338253299,15,0.07292689064078482,0.011998,raw_ranges
112879,1788679035595302656,1.9167609444016567,1.7863609366889475,0.09604754629102119,15,0.07683469457231677,0.011999,raw_ranges
112880,1788679035617302784,1.9222820994657062,1.784804807647058,0.09545949639658696,15,0.07290778005526548,0.011998,raw_ranges
112881,1788679035640301824,1.9194154914824366,1.8051728835269614,0.09624229978812121,15,0.07809176516843004,0.011999,raw_ranges
112882,1788679035662341888,1.9353209010815982,1.790825527002839,0.09327921475286322,15,0.05599341701363845,0.011998,raw_ranges
112883,1788679035684302592,1.9242021779524157,1.7888790627123246,0.09348160401649605,15,0.05777241567128776,0.011998,raw_ranges
112884,1788679035706301440,1.930249331428941,1.7895632890169721,0.09675268670552403,15,0.08129412464332238,0.011998,raw_ranges
112885,1788679035729302784,1.917981116917308,1.7825147434349915,0.09685726873935827,15,0.08193483224708686,0.011998,raw_ranges
112886,1788679035751302400,1.9256542152537457,1.807171997362897,0.09687904056456088,15,0.08206758532186072,0.011998,raw_ranges
112887,1788679035773303040,1.9199799017928627,1.7960187079089112,0.096507011135643,15,0.07976878544670843,0.011998,raw_ranges
112888,1788679035796302592,1.9304148470134534,1.7855785503415709,0.09559762166528545,15,0.07384896520118238,0.011998,raw_ranges
112889,1788679035818302208,1.9230398378326916,1.8047702781222685,0.09888203563388662,15,0.09347771729073528,0.011998,raw_ranges
112890,1788679035840302336,1.9582385787988057,1.8198968888090097,0.09435994138173896,15,0.06493065052607257,0.011998,raw_ranges
112891,1788679035862302720,1.9326773180018681,1.8162097741290386,0.09755202022536154,15,0.08607013547893104,0.011998,raw_ranges
112892,1788679035884302336,1.9436226683528608,1.8197978824087686,0.09440112322163824,15,0.06524700159883395,0.011998,raw_ranges
112893,1788679035935302400,1.9459200428672976,1.791565106938565,0.09588220140762169,15,0.075751233677226,0.011998,raw_ranges
112894,1788679035957303296,1.946650647026125,1.7959642074959945,0.09503296162131153,15,0.06992145319793867,0.011998,raw_ranges
112895,1788679035979302400,1.9367919098869102,1.7906557879348457,0.09334056360728647,15,0.0565385850838742,0.011998,raw_ranges
112896,1788679036001302784,1.9243265476493088,1.7903897218706222,0.09417621764753453,15,0.06350012317731789,0.011998,raw_ranges
112897,1788679036024302336,1.9291588357082716,1.7803736596704065,0.09567636761549798,15,0.07438020981079571,0.011998,raw_ranges
112898,1788679036046302208,1.9336476513267493,1.7904371106307673,0.09576691407642945,15,0.07498641258541087,0.011998,raw_ranges
112899,1788679036070805504,1.9368510804750672,1.8163177517511209,0.09742126118735195,15,0.0832907508871901,0.021998,raw_ranges
112900,1788679036095302912,1.9397093338632618,1.7985241349621706,0.09549402917208137,15,0.07314487771595059,0.011994,raw_ranges
112901,1788679036117302016,1.934533488772488,1.7810336822220834,0.09438978299942546,15,0.06516004140134864,0.011998,raw_ranges
112902,1788679036140303104,1.9312660350140785,1.7907499192163292,0.0951495676559299,15,0.0707503756310163,0.011998,raw_ranges
112903,1788679036162312704,1.941792355138992,1.8268742375430767,0.09704640358074841,15,0.08308099407655413,0.011998,raw_ranges
112904,1788679036184302848,1.9429254567697036,1.8246080560863738,0.0949393435471635,15,0.06924876564360917,0.011998,raw_ranges
112905,1788679036213801984,1.9479722090894516,1.8283503016249965,0.09588276696690821,15,0.07347690087985628,0.021998,raw_ranges
112906,1788679036233303040,1.939388425011917,1.8365185597598788,0.09515708454159508,15,0.0708041559909803,0.011994,raw_ranges
112907,1788679036261302784,1.9296985520393413,1.7997499008448483,0.09576860550809363,15,0.07499768999171663,0.011998,raw_ranges
112908,1788679036283302144,1.9287141433612731,1.783336013690277,0.09640611021759506,15,0.07913364781554727,0.011999,raw_ranges
112909,1788679036305302528,1.916345135307199,1.7814857945242437,0.09647929153842433,15,0.0795948461549134,0.011998,raw_ranges
112910,1788679036328302080,1.9190184007069668,1.7931767174762254,0.09608034425564645,15,0.0770478309535476,0.011999,raw_ranges
112911,1788679036350301952,1.9316775345253803,1.7914417307886066,0.09382245014008024,15,0.06065062354238618,0.011998,raw_ranges
112912,1788679036372304128,1.9294811851146028,1.8182896037270737,0.09585429698929612,15,0.07556682463420132,0.011998,raw_ranges
112913,1788679036394302720,1.9388396943611543,1.8131563415799703,0.09470277786079122,15,0.06751907772467881,0.011998,raw_ranges
112914,1788679036417301760,1.9407254807755452,1.78560028548868,0.09656454827365468,15,0.0801286232856567,0.011998,raw_ranges
112915,1788679036456303104,1.931029284844511,1.7884262751903923,0.09559981668054282,15,0.07386382522278974,0.011998,raw_ranges
112916,1788679036479302656,1.933317318423228,1.8090147681015403,0.0957152334356955,15,0.07464101708642182,0.011998,raw_ranges
112917,1788679036501303040,1.931050550148381,1.8096029895022225,0.09564284473937816,15,0.07415451931863738,0.011998,raw_ranges
112918,1788679036523305216,1.9436844361134122,1.8338808431248887,0.09493645769705353,15,0.06922792567348483,0.011998,raw_ranges
112919,1788679036545302272,1.9411070334459073,1.8226867384316077,0.09594157468345813,15,0.07614212158495544,0.011998,raw_ranges
112920,1788679036568302592,1.930990405005161,1.8117580004183427,0.09701394553774798,15,0.08288542413324543,0.011998,raw_ranges
112921,1788679036596302080,1.9308497266763558,1.79017517550828,0.09413105001775555,15,0.06314347166378767,0.011998,raw_ranges
112922,1788679036618304000,1.9308771377846303,1.8040942297865346,0.09525896652187588,15,0.07151916191396457,0.011999,raw_ranges
112923,1788679036640302848,1.9181545010980972,1.8258288542490992,0.09689584573444439,15,0.08216990769402385,0.011998,raw_ranges
112924,1788679036663305472,1.9361356364857647,1.7826705175572009,0.09579749371242645,15,0.07518987771918806,0.011999,raw_ranges
112925,1788679036685301760,1.938589158992443,1.7962262016559774,0.09647055721562287,15,0.07953995984172281,0.011998,raw_ranges
112926,1788679036707302656,1.9171134997075967,1.8186813729411382,0.09609588649001731,15,0.07714878149405417,0.011998,raw_ranges
112927,1788679036729302272,1.9253538017748675,1.7829215866841102,0.09472910377041233,15,0.06771374872514693,0.011998,raw_ranges
112928,1788679036752302592,1.9268236729635315,1.793990755324587,0.09457881146303587,15,0.06659474047577539,0.011998,raw_ranges
112929,1788679036774302976,1.9175114149844266,1.797301013785179,0.09741487702305404,15,0.08526971923874296,0.011998,raw_ranges
112930,1788679036796302336,1.924039887698282,1.7753802392656932,0.09581084338433869,15,0.07527875782940824,0.011998,raw_ranges
112931,1788679036819301632,1.9265539738265585,1.7777246852495276,0.09394855709370234,15,0.06168148092987345,0.011998,raw_ranges
112932,1788679036841302528,1.9383327566976458,1.8110723087465326,0.09560442637092013,15,0.0738950226126235,0.011998,raw_ranges
112933,1788679036863302400,1.9591290451117824,1.8061074599841997,0.09273268616009503,15,0.05087960451983724,0.011998,raw_ranges
112934,1788679036885302528,1.9281036098808644,1.8139055488293587,0.09523156009860494,15,0.07132747082719915,0.011998,raw_ranges
112935,1788679036907302400,1.9268751984497263,1.8119345213642604,0.09479326051885244,15,0.06818583808132332,0.011998,raw_ranges
112936,1788679036957302272,1.9450228125104991,1.7841297304306178,0.09289829313172203,15,0.052481817115283165,0.011998,raw_ranges
112937,1788679036979302400,1.9365140516779087,1.7910473101915247,0.09368616725675223,15,0.0595165124377449,0.011998,raw_ranges
112938,1788679037002301952,1.923279807181362,1.7868961298406942,0.09392922764940206,15,0.06152459382557574,0.011998,raw_ranges
112939,1788679037024303360,1.9311223652316245,1.8017217674020987,0.097544369178348,15,0.08602567741289803,0.011998,raw_ranges
112940,1788679037046302208,1.9392563185844354,1.807015420822758,0.09662105142088977,15,0.08048042878172162,0.011998,raw_ranges
112941,1788679037068302592,1.9448986365960175,1.792288830034659,0.09563658349336186,15,0.07411228973228307,0.011998,raw_ranges
112942,1788679037091302656,1.9344970716060776,1.8011791973515952,0.09389357184438182,15,0.06123413950062363,0.011998,raw_ranges
112943,1788679037113303040,1.9352537342997662,1.8059484943272246,0.09555418396051069,15,0.073554278981652,0.011998,raw_ranges
112944,1788679037135302400,1.9212628697959337,1.799501590365384,0.09424617653938704,15,0.06404861072175605,0.011998,raw_ranges
112945,1788679037158302464,1.923163563441004,1.8018441255726028,0.09468706054004898,15,0.06740258552940671,0.011998,raw_ranges
112946,1788679037180304384,1.9295380776011577,1.798759513508056,0.0947856323436365,15,0.06812987846485936,0.011998,raw_ranges
112947,1788679037202301952,1.9526071371115705,1.8341229658142881,0.09422908057964015,15,0.06391501056590813,0.011998,raw_ranges
112948,1788679037224303872,1.9473688827720435,1.8370693746468458,0.095449390880985,15,0.07283844367492351,0.011998,raw_ranges
112949,1788679037246300928,1.9517514521776076,1.8090479744363288,0.09422742393582427,15,0.06390204951192313,0.011998,raw_ranges
112950,1788679037274301696,1.924111862422691,1.7935062843706442,0.09867292442142489,15,0.09235243590412164,0.011998,raw_ranges
112951,1788679037296302336,1.9304613014573724,1.7920061576768282,0.09555963242294165,15,0.0735911436379518,0.011999,raw_ranges
112952,1788679037328301824,1.9275727484067635,1.781361636537968,0.09530412894290931,15,0.07183437157036535,0.011998,raw_ranges
112953,1788679037345302784,1.931733824320417,1.7846821956019647,0.09372599612007806,15,0.059850781908660645,0.011995,raw_ranges
112954,1788679037367302656,1.9220060671476424,1.8034490688766638,0.09584568761298419,15,0.07550983782914775,0.011998,raw_ranges
112955,1788679037390302208,1.9254643008902856,1.7921647335666548,0.09534141547417714,15,0.0720934356940848,0.011998,raw_ranges
112956,1788679037412301568,1.9403638720586296,1.8063257743324574,0.09467361300493367,15,0.06730275626550279,0.011998,raw_ranges
112957,1788679037434301440,1.921629248851248,1.8036527332195487,0.09478552081478932,15,0.06812905995820963,0.011998,raw_ranges
112958,1788679037473302528,1.9203725137174186,1.792700066891626,0.09596548662027567,15,0.07629898175123753,0.011998,raw_ranges
112959,1788679037496302336,1.910370678614886,1.7922210172764708,0.09502114221456559,15,0.06983688288122257,0.011998,raw_ranges
112960,1788679037518302208,1.9399277687100596,1.791453720479949,0.09547944553264422,15,0.07304446268297292,0.011998,raw_ranges
112961,1788679037540306944,1.932749875313179,1.8147535741525598,0.09644427449102191,15,0.07937457078322958,0.011998,raw_ranges
112962,1788679037562302976,1.9405347603688745,1.818960703972898,0.0943772272429656,15,0.06506362454525265,0.011998,raw_ranges
112963,1788679037584302848,1.928554164208142,1.7924409252626665,0.09492391234699875,15,0.06913725727130597,0.011998,raw_ranges
112964,1788679037612301824,1.9346043959417885,1.7961898425501006,0.09598490820006776,15,0.07642614864081383,0.011998,raw_ranges
112965,1788679037634305280,1.9266570531215028,1.7824143210704793,0.0944917811081207,15,0.06593788825190502,0.011999,raw_ranges
112966,1788679037656307200,1.9190284502322488,1.7966190470480434,0.09422461198439429,15,0.06388004367871314,0.011998,raw_ranges
112967,1788679037679302400,1.9290001513475168,1.7961699250497456,0.09372520651936236,15,0.05984338324629019,0.011999,raw_ranges
112968,1788679037701302016,1.931620372379648,1.7899399580138287,0.0951131321046754,15,0.07049241165313756,0.011998,raw_ranges
112969,1788679037723304448,1.9357522423258289,1.7944182405182496,0.09731689428622543,15,0.08469322453552845,0.011998,raw_ranges
112970,1788679037745302016,1.915682420932933,1.806586952725761,0.09648103189430694,15,0.07960577799573938,0.011998,raw_ranges
112971,1788679037768303872,1.9294054493127777,1.8040472113851067,0.09388229975763165,15,0.061142029354868996,0.011998,raw_ranges
112972,1788679037790302208,1.9243025957567261,1.8083839648109268,0.09542900299405543,15,0.0726983561716181,0.011998,raw_ranges
112973,1788679037812302336,1.9155596482365644,1.802328056747036,0.09534514263703961,15,0.07211928059152847,0.011998,raw_ranges
112974,1788679037840304128,1.9239390218200825,1.7948459459885255,0.09556818733153692,15,0.07130410456303989,0.021998,raw_ranges
112975,1788679037862302976,1.922643974695455,1.8137587345293924,0.09453090744564692,15,0.06623482022053742,0.011994,raw_ranges
112976,1788679037884303104,1.9376745332695278,1.8300048108792006,0.0949966040835147,15,0.06966097960490293,0.011998,raw_ranges
112977,1788679037907302656,1.932798253370801,1.8400867335471174,0.09536633565428314,15,0.0722660615384784,0.011998,raw_ranges
112978,1788679037929302016,1.9490200481424005,1.8008197171262832,0.09405934290810615,15,0.06257308450209363,0.011998,raw_ranges
112979,1788679037979302144,1.9204145786488183,1.8003144665053799,0.09413245984741259,15,0.06315463437795032,0.011998,raw_ranges
112980,1788679038001301760,1.9209083908653393,1.80031581834893,0.09511349962971917,15,0.07049501844612263,0.011998,raw_ranges
112981,1788679038024302080,1.93153515949764,1.7807011806373532,0.09494565532408701,15,0.06929432386629526,0.011998,raw_ranges
112982,1788679038046302464,1.936037813157414,1.8032395577571152,0.09656499001677933,15,0.08013137970095949,0.011998,raw_ranges
112983,1788679038068302848,1.9313268126963246,1.792904660602094,0.09648410386206986,15,0.07962507053729917,0.011998,raw_ranges
112984,1788679038090301696,1.92313645632494,1.794008509499759,0.09430085945771714,15,0.06447408358183274,0.011998,raw_ranges
112985,1788679038113302272,1.9205946116942287,1.7990691907842347,0.09613157589174473,15,0.07737973822483982,0.011998,raw_ranges
112986,1788679038135302144,1.9082620166620177,1.7888444492675113,0.09699612338221414,15,0.08277784352237103,0.011998,raw_ranges
112987,1788679038157395968,1.908690199806501,1.789259924289264,0.09709086365731717,15,0.0833481352719854,0.011998,raw_ranges
112988,1788679038180398592,1.9292920789743964,1.7801964483868584,0.09346944685439594,15,0.0576671037108328,0.011998,raw_ranges
112989,1788679038202395648,1.9444558722173737,1.8060717109435347,0.09277648352573986,15,0.05130820131070535,0.011998,raw_ranges
112990,1788679038224395264,1.955926799389491,1.8123493042462129,0.09424414901561387,15,0.06403278075809199,0.011998,raw_ranges
112991,1788679038246395904,1.9245611746565636,1.8377360258266917,0.09405415466586246,15,0.06253161329969403,0.011998,raw_ranges
112992,1788679038268395776,1.9456153543682027,1.8218171410260027,0.09409528266568362,15,0.06285961073442652,0.011998,raw_ranges
112993,1788679038296396288,1.9265158920149719,1.7932024338174748,0.09442276395488793,15,0.0654126283747101,0.011998,raw_ranges
112994,1788679038318397696,1.922331218102616,1.7700904863335176,0.09380976364723484,15,0.06054574837455431,0.011999,raw_ranges
112995,1788679038340396288,1.9290664216901032,1.790302594561163,0.09644628836222165,15,0.07938725564107658,0.011998,raw_ranges
112996,1788679038363394816,1.9349936224476905,1.7898297438970319,0.09351298190130958,15,0.05804313827068263,0.011999,raw_ranges
112997,1788679038385395712,1.9333354490509627,1.7883377172177815,0.09308777211986509,15,0.05425698218538418,0.011998,raw_ranges
112998,1788679038407396096,1.9142933992320732,1.8083720704966544,0.09551471835032924,15,0.07328551252689203,0.011998,raw_ranges
112999,1788679038429396736,1.9235712959494176,1.8103318977630136,0.09600235929327616,15,0.07654023314098385,0.011998,raw_ranges
113000,1788679038452398080,1.9335843560931143,1.7858469848768417,0.0963844561746918,15,0.07899686177748962,0.011998,raw_ranges
113001,1788679038493395968,1.9191898510254204,1.783557554777951,0.09484383019101143,15,0.0685556575857269,0.011998,raw_ranges
113002,1788679038515395072,1.929203307424401,1.7904685630031025,0.09386476470748709,15,0.060998464763361765,0.011998,raw_ranges
113003,1788679038537398272,1.92653654230934,1.7957816616781273,0.09554995967621549,15,0.07352555795242557,0.011998,raw_ranges
113004,1788679038560400384,1.944023726079844,1.8240484349213122,0.09345637269776627,15,0.0575536331934507,0.011998,raw_ranges
113005,1788679038582396160,1.940576316364934,1.805975723756351,0.09297287355575586,15,0.05318760712568164,0.011998,raw_ranges
113006,1788679038604395776,1.9626091640516112,1.838116807124728,0.09292080283885519,15,0.052695833183043904,0.011998,raw_ranges
113007,1788679038632396544,1.929449737443445,1.790104311543914,0.0955501477914386,15,0.07352683719186211,0.011998,raw_ranges
113008,1788679038654395392,1.926289751754853,1.8001191011586608,0.09571139274325377,15,0.07461512408522669,0.011999,raw_ranges
113009,1788679038676394496,1.9365076455574293,1.7957868150058178,0.09405487648144213,15,0.0625373846386475,0.011998,raw_ranges
113010,1788679038699395840,1.9351245578602676,1.7791339836596876,0.09429303501621229,15,0.06441318976119956,0.011999,raw_ranges
113011,1788679038721396480,1.913845735067066,1.7933499437428528,0.09775318826912321,15,0.08723093639944043,0.011998,raw_ranges
113012,1788679038743395840,1.9395188016108695,1.790642199446171,0.09453866576094694,15,0.06629263727554474,0.011998,raw_ranges
113013,1788679038765395712,1.9184812709233632,1.7875766835423463,0.09602543893160857,15,0.07669085295919315,0.011998,raw_ranges
113014,1788679038788396032,1.923150264402401,1.795284876890932,0.09451999324906818,15,0.06615165338121322,0.011998,raw_ranges
113015,1788679038810395904,1.9234702736618339,1.7892321423927031,0.09462373879592635,15,0.06693120940134246,0.011998,raw_ranges
113016,1788679038832396032,1.9350432246117086,1.7854629244478064,0.09308998829410742,15,0.0542774012836597,0.011998,raw_ranges
113017,1788679038855395584,1.9353064905874668,1.792217062485644,0.09426658723086441,15,0.06420775052020132,0.011998,raw_ranges
113018,1788679038877396224,1.9269223581828374,1.8026317383410857,0.09633469887577946,15,0.07868129937780305,0.011998,raw_ranges
113019,1788679038899395840,1.950462891674769,1.8256021265987221,0.09348809304053197,15,0.057828548628959864,0.011998,raw_ranges
113020,1788679038921396480,1.9502749326031708,1.821563288026929,0.09385000715680392,15,0.06087737800533071,0.011998,raw_ranges
113021,1788679038943399936,1.936568969641895,1.81563181366072,0.09418874359622588,15,0.06359867602573092,0.011998,raw_ranges
113022,1788679038995395840,1.9306293425117502,1.8036550133224636,0.09359138620124006,15,0.058714854996330085,0.011998,raw_ranges
113023,1788679039017396224,1.925613983504786,1.798659597628656,0.09571678014715998,15,0.07465137736947651,0.011998,raw_ranges
113024,1788679039039395840,1.9164031028527206,1.7928420928063868,0.0955325057540359,15,0.07340676910228316,0.011998,raw_ranges
113025,1788679039062395904,1.932535054027165,1.800498137263222,0.09435297183435051,15,0.06487695916387054,0.011998,raw_ranges
113026,1788679039084395520,1.924394830137367,1.792171876948281,0.09243542066381814,15,0.04786928722905897,0.011998,raw_ranges
113027,1788679039106396160,1.9313398003356168,1.7978414263211155,0.09411379326639473,15,0.06300667633191524,0.011998,raw_ranges
113028,1788679039129396480,1.9346202177131426,1.7860180226878144,0.09409253126765799,15,0.06283772166189666,0.011998,raw_ranges
113029,1788679039151396352,1.9426491807297344,1.8002137449786568,0.09403525670458025,15,0.06238032302401338,0.011998,raw_ranges
113030,1788679039173396992,1.9426854437151786,1.8075683117455095,0.09259839227187908,15,0.04954230785782075,0.011998,raw_ranges
113031,1788679039195395584,1.9120574712011946,1.7992189610986289,0.09691033575173505,15,0.08225803150899644,0.011998,raw_ranges
113032,1788679039218395392,1.9538228428664275,1.8139780701472097,0.09428699423714547,15,0.06436646823576286,0.011998,raw_ranges
113033,1788679039240395776,1.932525811602746,1.8308871445097392,0.0956567411160057,15,0.07424815898058146,0.011998,raw_ranges
113034,1788679039262395648,1.9273460905264146,1.8102343897347393,0.09538480014992393,15,0.0723937023913264,0.011998,raw_ranges
113035,1788679039284396032,1.9497333029005408,1.8239005529802998,0.094313400546592,15,0.06457126715956572,0.011998,raw_ranges
113036,1788679039312396288,1.9392655960249363,1.8076129984603224,0.09513939920392321,15,0.07067847762878895,0.011998,raw_ranges
113037,1788679039334395904,1.9289921806081165,1.8037538545124052,0.09287353470768027,15,0.05224517878886313,0.011999,raw_ranges
113038,1788679039356396288,1.924294902311325,1.7885844381308411,0.09412687581745037,15,0.06311040970751478,0.011998,raw_ranges
113039,1788679039379395328,1.936735590500652,1.804845457885801,0.09399247693793716,15,0.06203628725945142,0.011999,raw_ranges
113040,1788679039401396736,1.9225595580596073,1.7962728401123464,0.09450601570442828,15,0.0660459211490633,0.011998,raw_ranges
113041,1788679039423396096,1.9122430191573545,1.8060611985482116,0.09464218849012708,15,0.06706889358060923,0.011998,raw_ranges
113042,1788679039445396480,1.9318657128586523,1.7909252414882442,0.09553479635192862,15,0.07342236953360075,0.011998,raw_ranges
113043,1788679039468396800,1.9197716710687385,1.787225646592656,0.09554662886880944,15,0.07350290378488077,0.011998,raw_ranges
113044,1788679039507396608,1.938114845673824,1.7825598501319269,0.09538108464571293,15,0.0723680360498538,0.011998,raw_ranges
113045,1788679039530395392,1.9186267085207123,1.78623868664316,0.09423883761609309,15,0.06399129325223157,0.011998,raw_ranges
113046,1788679039552396544,1.9289103753842805,1.799064849210591,0.09390269878953675,15,0.061308619178193496,0.011998,raw_ranges
113047,1788679039574396160,1.9441190241998316,1.817279467076527,0.09400015889579721,15,0.06209836464672176,0.011998,raw_ranges
113048,1788679039596396544,1.9312782196652976,1.8008073871396397,0.09432707145146763,15,0.06467703956944557,0.011998,raw_ranges
113049,1788679039618396416,1.9342983197439827,1.8253916025827073,0.09719370391688294,15,0.08396280076845306,0.011998,raw_ranges
113050,1788679039646395648,1.9253330694456916,1.7927075615578325,0.096032883673184,15,0.07673937495956039,0.011998,raw_ranges
113051,1788679039668396032,1.9217779362235092,1.7913892767626651,0.0945069602601238,15,0.06605288986201743,0.011999,raw_ranges
113052,1788679039690396416,1.9145548445573128,1.8018438792738816,0.09443822658801265,15,0.06553071481383868,0.011998,raw_ranges
113053,1788679039713395200,1.9216465469698925,1.7828102616215276,0.09743436443887583,15,0.0853837715135367,0.011999,raw_ranges
113054,1788679039735397376,1.925100910125134,1.7925106236893114,0.09508398689717823,15,0.07028538178866382,0.011998,raw_ranges
113055,1788679039757396480,1.9132666519651098,1.7967198375780222,0.09573934633983494,15,0.07480236851754722,0.011998,raw_ranges
113056,1788679039779395584,1.9235301158832896,1.783161003158489,0.09316282624630658,15,0.05494428307209573,0.011998,raw_ranges
113057,1788679039802396160,1.9177306738088193,1.7787328463083973,0.0945108212599677,15,0.06608229154597854,0.011998,raw_ranges
113058,1788679039824396288,1.9082956000084923,1.7915164697379014,0.09571362139103384,15,0.07463021765366795,0.011998,raw_ranges
113059,1788679039846396160,1.9128004540158778,1.8180090602364405,0.09837280142882572,15,0.09071300581959416,0.011998,raw_ranges
113060,1788679039869395968,1.9319324531791382,1.791151073474033,0.0948225169614435,15,0.06840003623861254,0.011998,raw_ranges
113061,1788679039891396096,1.9448139593260059,1.8038543883601297,0.09456621420977175,15,0.06650009177265663,0.011998,raw_ranges
113062,1788679039913396480,1.9207987591307736,1.8209864725186764,0.09506924478661664,15,0.07018043019686224,0.011998,raw_ranges
113063,1788679039935396096,1.9332180873499583,1.8086495147122195,0.09606542439744219,15,0.07695110391308366,0.011998,raw_ranges
113064,1788679039957396224,1.935505535911832,1.8197898372394294,0.09831028992311985,15,0.09036779248780986,0.011998,raw_ranges
113065,1788679040007396096,1.9275047468380566,1.789343260852946,0.09721543375860227,15,0.08409210280758994,0.011998,raw_ranges
113066,1788679040029396736,1.9215334105271482,1.7851104550493506,0.09611544465910844,15,0.07727543371025777,0.011998,raw_ranges
113067,1788679040052395776,1.9189456166217953,1.7958983176566792,0.0964650275242846,15,0.07950519178194973,0.011998,raw_ranges
113068,1788679040074397440,1.9301105725410594,1.794289006863698,0.09479219344924814,15,0.06817783692849275,0.011999,raw_ranges
113069,1788679040097399552,1.9330141424097789,1.7892791465768516,0.0960125026178434,15,0.07660646587490776,0.011998,raw_ranges
113070,1788679040119396864,1.9214949487754645,1.8047857307478896,0.09638270990942538,15,0.07898580825328934,0.011998,raw_ranges
113071,1788679040141395712,1.9318945873593607,1.7947839014965221,0.09310068646429202,15,0.05437586284641398,0.011998,raw_ranges
113072,1788679040163395584,1.938697895767545,1.780479917102083,0.09294216906360525,15,0.052898176335345076,0.011998,raw_ranges
113073,1788679040185395712,1.9194677493537111,1.7820535470849912,0.0954438278412682,15,0.07280024613466778,0.011998,raw_ranges
113074,1788679040208395776,1.9236926955862854,1.7929162317371874,0.09362882778663931,15,0.059032836478008645,0.011998,raw_ranges
113075,1788679040230397440,1.929885091133479,1.8145227927802274,0.09352699254411385,15,0.05816391097677205,0.011998,raw_ranges
113076,1788679040252396288,1.9400044197036983,1.8102585333635686,0.09474657003510203,15,0.06784259746724063,0.011998,raw_ranges
113077,1788679040274396160,1.9255349014688379,1.8208259300945218,0.09579872465857675,15,0.07519822241633616,0.011998,raw_ranges
113078,1788679040297395968,1.9208926577921603,1.8207168288173032,0.09486664664028482,15,0.0687218643248626,0.011998,raw_ranges
113079,1788679040325395968,1.9076679177669034,1.7931710670998946,0.09402896842246154,15,0.062329899875272966,0.011998,raw_ranges
113080,1788679040347395328,1.9247273261631008,1.7918562474065372,0.09528583049771559,15,0.07170672560308138,0.011999,raw_ranges
113081,1788679040369395968,1.9353906729832338,1.7938080594681463,0.09633552119975745,15,0.07868652486771452,0.011998,raw_ranges
113082,1788679040392398080,1.915547775463182,1.7995472023659251,0.09542649034676723,15,0.07268090771149763,0.011999,raw_ranges
113083,1788679040414395648,1.9148324688497185,1.814583067851557,0.09595189375631002,15,0.0762098533807147,0.011998,raw_ranges
113084,1788679040436396288,1.9292618429463082,1.7959114175417952,0.09499670067196203,15,0.06966167287656849,0.011998,raw_ranges
113085,1788679040458396160,1.9270679063316885,1.8007761737076082,0.09565918160667042,15,0.07426459185015713,0.011998,raw_ranges
113086,1788679040481396224,1.9249343371694392,1.778923339434766,0.09524022755293841,15,0.07138820314966908,0.011998,raw_ranges
113087,1788679040522395648,1.9246960513183065,1.7910912278522124,0.09452207213089789,15,0.06616736451527971,0.011998,raw_ranges
113088,1788679040544395776,1.9249630487065097,1.7785220984268815,0.09459372883020621,15,0.06670664754135242,0.011998,raw_ranges
113089,1788679040566396672,1.9466451857388511,1.8372819692648137,0.09711348883526792,15,0.08348375189980337,0.011998,raw_ranges
113090,1788679040589395968,1.9424397534699755,1.8143403356416246,0.09402507651034123,15,0.06229867178633289,0.011998,raw_ranges
113091,1788679040611395328,1.946039304410962,1.8190022020247067,0.09476370204909391,15,0.06796874314781697,0.011998,raw_ranges
113092,1788679040633395968,1.950148250112018,1.8201798764094406,0.09528039744815349,15,0.07166899918481841,0.011998,raw_ranges
113093,1788679040661396480,1.9258392770209911,1.7866092315030067,0.09591853136275898,15,0.07599065310127938,0.011998,raw_ranges
113094,1788679040683396096,1.9145067366297372,1.811077264820691,0.09397420680782866,15,0.06188885850319638,0.011999,raw_ranges
113095,1788679040705395712,1.9289101960336947,1.805511446645611,0.09371576848819749,15,0.05976467588967163,0.011998,raw_ranges
113096,1788679040728396032,1.9127411478571885,1.7866925558429785,0.09529309516471439,15,0.07175736313239499,0.011999,raw_ranges
113097,1788679040750395648,1.9198668800895209,1.7959323576021389,0.09527578675262169,15,0.07163682536671827,0.011998,raw_ranges
113098,1788679040772396288,1.9207964836306224,1.8050052557164757,0.09650452120622605,15,0.079753176753193,0.011998,raw_ranges
113099,1788679040794395904,1.9140028953695738,1.7863083814076892,0.09525145651627125,15,0.07146680706643647,0.011998,raw_ranges
113100,1788679040817396736,1.941298357993217,1.804050362680862,0.09526334221417113,15,0.07154991411714716,0.011998,raw_ranges
113101,1788679040839395840,1.9254535933687658,1.8073057679543905,0.09602641528901303,15,0.07669721823516827,0.011998,raw_ranges
113102,1788679040861395712,1.9178444330457396,1.7968377828193434,0.09392270288462888,15,0.06147154529234553,0.011998,raw_ranges
113103,1788679040884397824,1.9335883844693824,1.7961723458410523,0.09461634575242461,15,0.06687595792528597,0.011998,raw_ranges
113104,1788679040906423296,1.921045446029689,1.8003155025778517,0.09524198660988477,15,0.07140052244826207,0.011998,raw_ranges
113105,1788679040928396032,1.9439939066041514,1.7933031738809562,0.09361344299624416,15,0.058902385284843664,0.011998,raw_ranges
113106,1788679040950395904,1.94935801069853,1.827542003041663,0.09404738735820606,15,0.06247747877600427,0.011998,raw_ranges
113107,1788679040972396032,1.9210646784626055,1.8190249115355481,0.09520406668703382,15,0.07113448307982446,0.011998,raw_ranges
113108,1788679041025427712,1.918934243407337,1.7887103591326072,0.09460223796205064,15,0.06677039731835241,0.011998,raw_ranges
113109,1788679041047396864,1.9069301571838115,1.7972246048396279,0.09421316752213951,15,0.06379040302537305,0.011998,raw_ranges
113110,1788679041071895552,1.9397189602856946,1.791941198464718,0.09447826264275835,15,0.06320087530057131,0.021998,raw_ranges
113111,1788679041096397056,1.9180548431887159,1.8088167768389565,0.09648475250928484,15,0.07962974615861114,0.011994,raw_ranges
113112,1788679041119395584,1.9278921170088632,1.7882544218726182,0.0977738549715671,15,0.0873493157819058,0.011998,raw_ranges
113113,1788679041141396224,1.9172690984665641,1.806832431264885,0.09553577839042063,15,0.0734290568264405,0.011998,raw_ranges
113114,1788679041163396352,1.9116534149647657,1.8054895322332327,0.09529541492714406,15,0.0717736924168185,0.011998,raw_ranges
113115,1788679041185397760,1.907083572362982,1.8028104032783185,0.09444995282116501,15,0.06562012509257366,0.011998,raw_ranges
113116,1788679041215895296,1.934334306731564,1.7895412327752631,0.09435157553677578,15,0.06219054214891351,0.021998,raw_ranges
113117,1788679041235396352,1.9501682192322345,1.7925847927847216,0.09482624320575316,15,0.0684279706680912,0.011994,raw_ranges
113118,1788679041257396224,1.9403318709778952,1.8054856384021287,0.09515745747125097,15,0.07080611179305764,0.011998,raw_ranges
113119,1788679041280413696,1.9360173100096592,1.7948355643428382,0.0942252419990783,15,0.06388497472080816,0.011998,raw_ranges
113120,1788679041302412544,1.9468638119156976,1.826866772177296,0.09467295894668315,15,0.06729789701530911,0.011998,raw_ranges
113121,1788679041330413056,1.9245244288724155,1.7778131777969124,0.09521693396128943,15,0.0712248689524202,0.011998,raw_ranges
113122,1788679041352412928,1.9432565583578933,1.7995961063958172,0.09534317547030441,15,0.07210547461395991,0.011999,raw_ranges
113123,1788679041374606336,1.9266506542596074,1.8030627163230597,0.09560210449238575,15,0.07387931028634304,0.011998,raw_ranges
113124,1788679041397607936,1.9332776010395891,1.8089868538347027,0.09637919347820975,15,0.0789633932731475,0.011999,raw_ranges
113125,1788679041419606528,1.9222636645073992,1.7989398466798334,0.09774600717664086,15,0.08718976529754434,0.011998,raw_ranges
113126,1788679041441606144,1.929641520998095,1.7927611115532884,0.09510594358320039,15,0.07044140528978955,0.011998,raw_ranges
113127,1788679041463606528,1.9266296426262912,1.7810889419407343,0.09541438580879848,15,0.07259775344181446,0.011998,raw_ranges
113128,1788679041486606592,1.9123934618998706,1.797925066887076,0.09542010773942948,15,0.07263715120673091,0.011998,raw_ranges
113129,1788679041525606144,1.9113751190186783,1.8008624597528125,0.09502822069972501,15,0.06988754320853618,0.011998,raw_ranges
113130,1788679041548606976,1.9267141604412072,1.7832601010449007,0.09578613546746652,15,0.07511446906865896,0.011998,raw_ranges
113131,1788679041570607360,1.928136914572131,1.788442390929631,0.09603120589178618,15,0.07672844249550613,0.011998,raw_ranges
113132,1788679041592607744,1.9450179830345153,1.8206795239855782,0.09353799194781759,15,0.05825838947153963,0.011998,raw_ranges
113133,1788679041614607616,1.9252054829367182,1.8115948809865992,0.09439909732672826,15,0.06523147493908339,0.011998,raw_ranges
113134,1788679041637608704,1.940021185935264,1.8086685116569496,0.09562172491806174,15,0.07401197817962814,0.011998,raw_ranges
113135,1788679041665607424,1.9379262093444598,1.7938393202362373,0.09509288320532043,15,0.07034864036582679,0.011998,raw_ranges
113136,1788679041687607296,1.9411641544777423,1.8200781953669392,0.09410035196575903,15,0.062899729449013,0.011999,raw_ranges
113137,1788679041709607424,1.9242404497486603,1.7980266439611976,0.09502243794826125,15,0.0698461591231848,0.011998,raw_ranges
113138,1788679041732607488,1.9355199734889417,1.7999419745225638,0.09497394493206228,15,0.0694979778918947,0.011999,raw_ranges
113139,1788679041754607104,1.9198875144387095,1.7971299071881655,0.09410247807118088,15,0.06291681863524957,0.011998,raw_ranges
113140,1788679041776611072,1.9143901873490536,1.7991393374628835,0.0945202037738258,15,0.0661532445903133,0.011998,raw_ranges
113141,1788679041798607872,1.9386697561041741,1.7999025421295312,0.09532806801514604,15,0.07200080562845147,0.011998,raw_ranges
113142,1788679041821607424,1.9153280212391346,1.8007329053199046,0.09454559820224698,15,0.06634490333286339,0.011998,raw_ranges
113143,1788679041843607040,1.9250565306796832,1.8077307189311722,0.09702426806817654,15,0.0829476706374359,0.011998,raw_ranges
113144,1788679041865615104,1.9345456984908822,1.8149463085924482,0.0947750971055786,15,0.06805251723175718,0.011998,raw_ranges
113145,1788679041888614912,1.9485603132542277,1.8039503992207617,0.09542620245662692,15,0.07267909226611818,0.011998,raw_ranges
113146,1788679041910614528,1.9349326394624633,1.8150931935123265,0.09565620459332493,15,0.074244545855739,0.011998,raw_ranges
113147,1788679041932614656,1.9399732129882237,1.808959960887407,0.09345870554015034,15,0.057573896308573354,0.011998,raw_ranges
113148,1788679041954614528,1.9313900196057292,1.8179363778814805,0.09418193733879902,15,0.06354514406938606,0.011998,raw_ranges
113149,1788679041976614656,1.9337723290025655,1.8152953415496784,0.0947486622968072,15,0.06785801568574788,0.011998,raw_ranges
113150,1788679042026614528,1.9251540537023364,1.7944378858629133,0.09409690604525209,15,0.06287252214801069,0.011998,raw_ranges
113151,1788679042048614656,1.9207396110298682,1.80378136136618,0.09552210673255264,15,0.0733359034072169,0.011998,raw_ranges
113152,1788679042071614720,1.9150777514022739,1.7895636306914684,0.09611502471616838,15,0.07727271647980542,0.011998,raw_ranges
113153,1788679042093614848,1.9388323918894628,1.7907174699293247,0.09523191108643235,15,0.07132993118202452,0.011998,raw_ranges
113154,1788679042115614720,1.9272316901291782,1.8118990293259944,0.09593318585493174,15,0.0760870149955414,0.011998,raw_ranges
113155,1788679042137614592,1.9215333718039154,1.810332450156644,0.09523161783690302,15,0.07132787556701115,0.011998,raw_ranges
113156,1788679042160615168,1.9348993193919048,1.7970879426829174,0.09399296428728011,15,0.06204040847125463,0.011998,raw_ranges
113157,1788679042182614528,1.9392940117079052,1.7933646863678248,0.09293376435479454,15,0.0528186742619933,0.011998,raw_ranges
113158,1788679042204614912,1.9308586036586675,1.810353593858013,0.09275981501627509,15,0.05114550823166293,0.011998,raw_ranges
113159,1788679042227614976,1.9416217548079653,1.795300752740723,0.09536910889974272,15,0.07228524673640346,0.011998,raw_ranges
113160,1788679042249614080,1.9217141432898133,1.813115666379282,0.09677616153298112,15,0.08143837872269512,0.011998,raw_ranges
113161,1788679042271614720,1.9386655392162822,1.817135822057035,0.09408670619686739,15,0.06279135444364456,0.011998,raw_ranges
113162,1788679042293615360,1.9480380073483818,1.8166920133316642,0.0937749129827499,15,0.06025745579386753,0.011998,raw_ranges
113163,1788679042315614464,1.9378666824239021,1.791798446106682,0.09321173961883593,15,0.055387612467373316,0.011998,raw_ranges
113164,1788679042343614976,1.9471127371712624,1.7974251575015858,0.09432015010126596,15,0.06462351040655383,0.011998,raw_ranges
113165,1788679042365618688,1.9147127953921907,1.7873306235835307,0.0961440240690168,15,0.07745997720124125,0.011999,raw_ranges
113166,1788679042387614464,1.929227884152816,1.8016090202150048,0.09432689594493794,15,0.06467568276360093,0.011998,raw_ranges
113167,1788679042410614016,1.9273455885854727,1.7963457916767196,0.09496933163333879,15,0.06946477979767011,0.011999,raw_ranges
113168,1788679042432614912,1.9277773425349618,1.7717604535875933,0.09518932309500723,15,0.07103077566102767,0.011998,raw_ranges
113169,1788679042454614272,1.9328864652849296,1.7979815397808265,0.09667427241653428,15,0.0808103979233755,0.011998,raw_ranges
113170,1788679042476614912,1.9214809977760945,1.8037320899584737,0.0963517887183869,15,0.07878982621117343,0.011998,raw_ranges
113171,1788679042499614976,1.9440353345014736,1.798942065088401,0.09422124713896368,15,0.06385370102792548,0.011998,raw_ranges
113172,1788679042538614272,1.9351752178014998,1.7738726336486448,0.09547600169728335,15,0.07302088532251132,0.011998,raw_ranges
113173,1788679042561614336,1.9191205331482455,1.8011671899083341,0.09662826948382638,15,0.08052525988673606,0.011998,raw_ranges
113174,1788679042583614464,1.9272146735476776,1.798028995986596,0.09523192086295648,15,0.07132999971229836,0.011998,raw_ranges
113175,1788679042605614592,1.9459971294387612,1.8215558476154898,0.09664537297059572,15,0.08063138946214263,0.011998,raw_ranges
113176,1788679042627614976,1.9259975132165679,1.8133843623787562,0.09630837790623747,15,0.07851385802670431,0.011998,raw_ranges
113177,1788679042649614080,1.9330357115035193,1.8120895674144264,0.0938237427780768,15,0.06066127903429674,0.011998,raw_ranges
113178,1788679042677615104,1.9275430715815516,1.8009932575813479,0.09441905665698594,15,0.06538428444959805,0.011998,raw_ranges
113179,1788679042699614720,1.9270269430356322,1.8106943761752763,0.09494699994289975,15,0.06930385228758756,0.011999,raw_ranges
113180,1788679042721614848,1.9403513283115508,1.799651414170487,0.0933107181430895,15,0.05627402721584355,0.011998,raw_ranges
113181,1788679042744614400,1.936227408333496,1.804869351545004,0.09654487164022436,15,0.0800055975493238,0.011999,raw_ranges
113182,1788679042766614016,1.9301110420933654,1.8053650653836386,0.09454361579605416,15,0.06632996149594968,0.011998,raw_ranges
113183,1788679042788614912,1.925085360674011,1.7907932926755552,0.09367288090542107,15,0.05940478853948629,0.011998,raw_ranges
113184,1788679042810621696,1.929485013169747,1.7843896184556947,0.09322988941998445,15,0.05555121435202341,0.011998,raw_ranges
113185,1788679042833635584,1.9245173133547229,1.800888990097359,0.0946192300185677,15,0.06689751874746702,0.011998,raw_ranges
113186,1788679042860635904,1.9293209636103565,1.8013047596710223,0.0945687306503592,15,0.06391258597771811,0.021998,raw_ranges
113187,1788679042882637056,1.9274400874910818,1.7917253697806919,0.09626295576702891,15,0.07822467469429902,0.011994,raw_ranges
113188,1788679042904635648,1.9361169599409707,1.7803501998899307,0.09438676329127083,15,0.0651368658078575,0.011998,raw_ranges
113189,1788679042927635712,1.9380654066892995,1.8039802592249814,0.09536615283019301,15,0.07226479658999263,0.011998,raw_ranges
113190,1788679042949645312,1.9355888164285773,1.8325494305981704,0.0940967291601899,15,0.06287111543618337,0.011998,raw_ranges
113191,1788679042971644928,1.935910540969341,1.8134105929995181,0.09504151133656887,15,0.06998256448979896,0.011998,raw_ranges
113192,1788679042993645824,1.9277603556194078,1.817543600208622,0.09616120467042681,15,0.07757095246564151,0.011998,raw_ranges
113193,1788679043043644672,1.920945755221009,1.7977132626133898,0.09387742297022342,15,0.061102135529156644,0.011998,raw_ranges
113194,1788679043065645056,1.9254110436178251,1.7904176670126373,0.09550318687512366,15,0.0732067952523785,0.011998,raw_ranges
113195,1788679043088645120,1.929563280389456,1.7876816342132076,0.09599031871201724,15,0.0764615374421496,0.011998,raw_ranges
113196,1788679043110645760,1.9184004567369974,1.8046773300289565,0.09609204338388141,15,0.07712387036372989,0.011998,raw_ranges
113197,1788679043132645888,1.9304193931630351,1.8147728981128262,0.09562033619739789,15,0.07400259585580699,0.011998,raw_ranges
113198,1788679043154645504,1.9165222586142774,1.7975346664206933,0.09466968849168163,15,0.06727359428246449,0.011998,raw_ranges
113199,1788679043177645824,1.9181978063265492,1.795173108068686,0.09829716891835019,15,0.09029516550929066,0.011998,raw_ranges
113200,1788679043199645440,1.9131027918015966,1.8016884245932823,0.09599042963824339,15,0.07646226281142478,0.011998,raw_ranges
113201,1788679043221645568,1.9140247681018434,1.7988490403904014,0.09486317896719511,15,0.06869662992603867,0.011998,raw_ranges
113202,1788679043244645888,1.9343300601992164,1.7888419454978692,0.0945482180327217,15,0.0663646444179558,0.011998,raw_ranges
113203,1788679043266644992,1.9274998071563756,1.8148081455838196,0.09898535375272437,15,0.09402872831600124,0.011998,raw_ranges
113204,1788679043288647680,1.9446406586031924,1.8197996608786893,0.09448730161845385,15,0.06590409406443475,0.011998,raw_ranges
113205,1788679043310645504,1.9459823367185678,1.8448551966889202,0.0946243279585893,15,0.06693561051181425,0.011998,raw_ranges
113206,1788679043332644864,1.9323333994562482,1.8130171872139502,0.09475690564385339,15,0.06791872819667188,0.011998,raw_ranges
113207,1788679043360645888,1.9221484815904044,1.8058106817724728,0.0959113735147034,15,0.07594354159968707,0.011998,raw_ranges
113208,1788679043382645248,1.9370108575442666,1.7955476469693565,0.09373574492385597,15,0.05993136843803901,0.011999,raw_ranges
113209,1788679043404644864,1.9437265931175627,1.7764254835899986,0.09294381160304352,15,0.05291369954032253,0.011998,raw_ranges
113210,1788679043427645184,1.9118398765721931,1.8125853620361958,0.09461487010549355,15,0.06686474485477048,0.011999,raw_ranges
113211,1788679043449645568,1.9306526970974554,1.776306535867934,0.09459143870975452,15,0.06668947972322568,0.011998,raw_ranges
113212,1788679043471648256,1.931000895540813,1.7890958582278351,0.0961802219247954,15,0.07769343550645326,0.011998,raw_ranges
113213,1788679043493645312,1.934830596189546,1.7859907179151289,0.095350674000177,15,0.07215761911383299,0.011998,raw_ranges
113214,1788679043516656640,1.920152100845612,1.8095111207230126,0.09662093039447103,15,0.08047967687852035,0.011998,raw_ranges
113215,1788679043555655424,1.9324950399989622,1.7950019823572627,0.09414966035024389,15,0.0632906655538073,0.011998,raw_ranges
113216,1788679043578654976,1.9237472997975433,1.7979848901657294,0.09799796031984753,15,0.08862284308149643,0.011998,raw_ranges
113217,1788679043600655616,1.923735788861308,1.8192367135223908,0.09518418077288059,15,0.07099456858718556,0.011998,raw_ranges
113218,1788679043622655744,1.9571008648682595,1.807358293107479,0.09300125404892895,15,0.053453737427133774,0.011998,raw_ranges
113219,1788679043644655360,1.9387816413102836,1.8144187253945534,0.09410719311398362,15,0.0629542779323504,0.011998,raw_ranges
113220,1788679043666656000,1.9225794388833732,1.8161475630967756,0.09567457851816166,15,0.07436818213565304,0.011998,raw_ranges
113221,1788679043694665728,1.9194326705367752,1.7932287177179282,0.0947457740431852,15,0.06783673075248545,0.011998,raw_ranges
113222,1788679043716665088,1.9215131624840944,1.7958619292850468,0.0968656773492624,15,0.08198598263277938,0.011999,raw_ranges
113223,1788679043738665728,1.9234726412514447,1.80285583604361,0.09639476168659236,15,0.07906206222071596,0.011998,raw_ranges
113224,1788679043761666048,1.9395464674632505,1.8090354309925907,0.09460826556639017,15,0.06681533929712674,0.011999,raw_ranges
113225,1788679043783665664,1.9382137639219694,1.7901386184960637,0.09553674012653467,15,0.07343560527792141,0.011998,raw_ranges
113226,1788679043805665536,1.917204645875011,1.7894794759780408,0.09695739460779215,15,0.08254358002771722,0.011998,raw_ranges
113227,1788679043827665408,1.9133400273515808,1.7712912780807608,0.09438224545424966,15,0.06510217700084735,0.011998,raw_ranges
113228,1788679043850666240,1.9142041509133216,1.7814446828316084,0.09524675283153608,15,0.07143389130893042,0.011998,raw_ranges
113229,1788679043872665856,1.9156672924055014,1.7829013050753453,0.09446243046959156,15,0.06571513117685736,0.011998,raw_ranges
113230,1788679043894666240,1.91106520308976,1.8058912817748034,0.09751418295985065,15,0.08585004924780568,0.011998,raw_ranges
113231,1788679043917665792,1.9192596307312604,1.7923645066196814,0.09421907775441435,15,0.06383671161968132,0.011998,raw_ranges
113232,1788679043939666176,1.917882979910603,1.819794934429152,0.09554476151295953,15,0.07349020008789972,0.011998,raw_ranges
113233,1788679043961666048,1.9445685694345576,1.789583617310474,0.09574092030239757,15,0.07481288858477243,0.011998,raw_ranges
113234,1788679043983665408,1.9273374982360942,1.8183034631474952,0.09389273374357901,15,0.06122729570689052,0.011998,raw_ranges
113235,1788679044005665536,1.9379704909560296,1.822405276484234,0.09531906516484057,15,0.0719382593676034,0.011998,raw_ranges
113236,1788679044056665856,1.9346800713494705,1.7961196539384878,0.09429213683611994,15,0.06440640365771048,0.011998,raw_ranges
113237,1788679044078665728,1.914837522127003,1.8147473862989776,0.09560845646196924,15,0.07392228661215265,0.011998,raw_ranges
113238,1788679044100666368,1.9308998263051267,1.7899685693903384,0.09354113363906151,15,0.058285346658156864,0.011998,raw_ranges
113239,1788679044122665472,1.9273294321423262,1.779457563639388,0.0941941998347268,15,0.06364155741908584,0.011998,raw_ranges
113240,1788679044145665536,1.9082878513540025,1.791053423291951,0.09636173785061868,15,0.07885293809756666,0.011998,raw_ranges
113241,1788679044167665408,1.9340436584634226,1.7933794694650838,0.09303445544072642,15,0.05376340239164947,0.011998,raw_ranges
113242,1788679044189666048,1.9298557754239785,1.7870735311466122,0.09449513737096964,15,0.06596351542307033,0.011998,raw_ranges
113243,1788679044211665408,1.9395125241394406,1.7920068285859636,0.09543015161129872,15,0.07270625562700041,0.011998,raw_ranges
113244,1788679044233666304,1.932969668747563,1.7946428873111633,0.0957908149724689,15,0.07514561177120659,0.011998,raw_ranges
113245,1788679044256665088,1.943818397431416,1.7997323151155606,0.09417626900802581,15,0.06350052758856277,0.011998,raw_ranges
113246,1788679044278665216,1.9270779761845376,1.7873384651055058,0.09731686804009342,15,0.08469306958714756,0.011998,raw_ranges
113247,1788679044300665856,1.9319787053520359,1.8093402318352285,0.09753593653666676,15,0.08597665109008817,0.011998,raw_ranges
113248,1788679044322666496,1.9278850042229037,1.8081614470503065,0.09571473044664452,15,0.07463764762266108,0.011998,raw_ranges
113249,1788679044345666560,1.9254903991029886,1.8191289607668122,0.09374352207861646,15,0.0599964171814989,0.011998,raw_ranges
113250,1788679044373665536,1.9258061716395074,1.7866550240598078,0.09586975817286389,15,0.07566905687838259,0.011998,raw_ranges
113251,1788679044395666176,1.9250964142653393,1.8004991880414025,0.09394956780194968,15,0.06168947885133809,0.011999,raw_ranges
113252,1788679044417665536,1.9300558923485465,1.800139835776074,0.0930447376416221,15,0.05385894203957328,0.011998,raw_ranges
113253,1788679044440665856,1.9073095359141787,1.789900227444687,0.09551622885192727,15,0.07329565369738698,0.011999,raw_ranges
113254,1788679044462666752,1.9272470015241279,1.7801419432776042,0.0935537520220645,15,0.05839349294283155,0.011998,raw_ranges
113255,1788679044484666624,1.9134717123827787,1.7957924596622996,0.09515051068869568,15,0.07075703982428666,0.011998,raw_ranges
113256,1788679044506665984,1.9264867824171417,1.8073462620656067,0.09698892933648674,15,0.08273437817791793,0.011998,raw_ranges
113257,1788679044529665792,1.9464653812440245,1.773845934931965,0.0945771993000544,15,0.06658263509395226,0.011998,raw_ranges
113258,1788679044568665856,1.946620933409719,1.7953429835942676,0.0948782449377858,15,0.06880619836748574,0.011998,raw_ranges
113259,1788679044591685632,1.9286313563886257,1.800988851886526,0.09573471392071226,15,0.07477139771805966,0.011998,raw_ranges
113260,1788679044613686016,1.9128580173345588,1.8083233711589823,0.09542622296137973,15,0.0726792333296089,0.011998,raw_ranges
113261,1788679044635689216,1.9397594378627803,1.797702635851533,0.09419448892079325,15,0.0636438285837147,0.011998,raw_ranges
113262,1788679044657685760,1.9300700687748316,1.7997872605292167,0.09592962838778094,15,0.0760636337797567,0.011998,raw_ranges
113263,1788679044679685632,1.93936425263569,1.8213223899527975,0.09597967608182933,15,0.07639191107590741,0.011998,raw_ranges
113264,1788679044707687680,1.9285005796095045,1.7911382455869422,0.09494495525742551,15,0.06928927228240685,0.011998,raw_ranges
113265,1788679044729685760,1.93120537989289,1.7863889871167127,0.09432401039309635,15,0.06465318547524443,0.011999,raw_ranges
113266,1788679044751685376,1.9275706549701102,1.784616572164246,0.09505242517157061,15,0.07006049648390043,0.011998,raw_ranges
113267,1788679044774685184,1.9270373082870655,1.788228110415241,0.09403146706676747,15,0.062349747920641005,0.011999,raw_ranges
113268,1788679044796686080,1.947431709690295,1.8076188101174164,0.09615045144088,15,0.07750160925348583,0.011998,raw_ranges
113269,1788679044818685952,1.9134611407734565,1.8032735837890095,0.09734524059894181,15,0.08486040652119112,0.011998,raw_ranges
113270,1788679044840685568,1.9183207198978807,1.803779310491876,0.09527497654671715,15,0.07163117018950037,0.011998,raw_ranges
113271,1788679044863685632,1.9369241431050352,1.78442292737874,0.09476686775729562,15,0.06799202713036011,0.011998,raw_ranges
113272,1788679044885686016,1.9222364920761457,1.795290189896089,0.09415735983482401,15,0.06335146273626215,0.011998,raw_ranges
113273,1788679044907685632,1.9181556979914354,1.786096901332961,0.0949590859825373,15,0.06939116643015385,0.011998,raw_ranges
113274,1788679044930685440,1.9242696431717508,1.7846447851860787,0.09561625997095072,15,0.07397504962452359,0.011998,raw_ranges
113275,1788679044952685568,1.9325202956614058,1.8071399876961505,0.09620627724286833,15,0.07786093525554609,0.011998,raw_ranges
113276,1788679044974685440,1.9493427323662367,1.820882589913676,0.09661819565882823,15,0.08046268485968042,0.011998,raw_ranges
113277,1788679044996685568,1.9366128155275524,1.8359879242224035,0.09354571581652119,15,0.05832464155501684,0.011998,raw_ranges
113278,1788679045018685184,1.9300044142101198,1.797170134026056,0.09582133062944816,15,0.07534838170424205,0.011998,raw_ranges
113279,1788679045071688960,1.927420466559604,1.8003482030423095,0.09615692831291482,15,0.07754338339868092,0.011998,raw_ranges
113280,1788679045093686272,1.922860413449241,1.8123072436283612,0.09507722408796841,15,0.07023725566939822,0.011998,raw_ranges
113281,1788679045115687424,1.9277765072505126,1.7813809190950953,0.0938761984877772,15,0.06109211474304358,0.011998,raw_ranges
113282,1788679045137685248,1.9138240820577361,1.7865233376099696,0.09479497636146264,15,0.06819841902465665,0.011998,raw_ranges
113283,1788679045160686336,1.9330557255070322,1.8044286598343153,0.09329294289853006,15,0.05611587025548181,0.011998,raw_ranges
113284,1788679045182685440,1.9190989891487045,1.7931184298143321,0.09468670422142453,15,0.0673999422657359,0.011998,raw_ranges
113285,1788679045204685568,1.9197166493117566,1.7887671024492267,0.09590960402760138,15,0.07593189068896794,0.011998,raw_ranges
113286,1788679045226686208,1.9413673317473177,1.7953633188422968,0.09592349493634468,15,0.07602330519218883,0.011998,raw_ranges
113287,1788679045249685760,1.9152632670911185,1.807508185412068,0.09510764366296655,15,0.07045347158917403,0.011998,raw_ranges
113288,1788679045271685376,1.9246743316050572,1.7867515063213228,0.09659338166723337,15,0.08030834118093447,0.011998,raw_ranges
113289,1788679045293686016,1.940892220134339,1.8129250131993673,0.09538172019240315,15,0.07237242698986375,0.011998,raw_ranges
113290,1788679045315685632,1.9347194191536643,1.8023383784299243,0.09495517198068339,15,0.06936295824633916,0.011998,raw_ranges
113291,1788679045338685184,1.9475417087008262,1.8046894871835282,0.09505857539389312,15,0.07010437496970591,0.011998,raw_ranges
113292,1788679045360704768,1.9197423040018404,1.8096630273267655,0.09549187176153945,15,0.07312947256434611,0.011998,raw_ranges
113293,1788679045388704256,1.9380791223359124,1.8087597892256788,0.09489443299623733,15,0.06892373315656466,0.011998,raw_ranges
113294,1788679045410703872,1.9355080360266936,1.7872019125743381,0.09378443784841238,15,0.06033623991775077,0.011999,raw_ranges
113295,1788679045432704256,1.9326881179416167,1.788526181388424,0.09347616427957361,15,0.05772531745753866,0.011998,raw_ranges
113296,1788679045455704064,1.9145901661947708,1.8011535410940411,0.09643772006925265,15,0.07933312087805862,0.011999,raw_ranges
113297,1788679045477704960,1.9285166556699873,1.819452072956472,0.09396427824327895,15,0.06180878771889116,0.011998,raw_ranges
113298,1788679045499703808,1.928289206706576,1.7860627659986341,0.09421757033197686,15,0.06382490366602103,0.011998,raw_ranges
113299,1788679045521704704,1.9209255725353969,1.7930038657876348,0.0956569733024393,15,0.07424972254789443,0.011998,raw_ranges
113300,1788679045544704768,1.9268977679103827,1.8088587983034223,0.09419377264604373,15,0.06363820112199696,0.011998,raw_ranges
113301,1788679045583704576,1.9251493669616841,1.8028258353961168,0.09624737390244373,15,0.07812440014773703,0.011998,raw_ranges
113302,1788679045606705152,1.9222394644584415,1.786072716702037,0.09679135572834119,15,0.08153161181002859,0.011998,raw_ranges
113303,1788679045628704512,1.9230482941393119,1.8063765943569332,0.09858188573320506,15,0.09185822624678242,0.011998,raw_ranges
113304,1788679045650704384,1.9291926357078744,1.8295877422384499,0.09572294000153772,15,0.07469262344795315,0.011998,raw_ranges
113305,1788679045672705536,1.9279622894439254,1.7974517423753829,0.09401618768517103,15,0.062227290485534104,0.011998,raw_ranges
113306,1788679045694705664,1.9411481473959813,1.814277080367661,0.09661220479638713,15,0.08042544866139784,0.011998,raw_ranges
113307,1788679045722708480,1.9272582308423087,1.7910859664687522,0.09435048255471092,15,0.06485777170633382,0.011998,raw_ranges
113308,1788679045744706048,1.928444202339658,1.7898254405942937,0.09444232736340753,15,0.06556181329407794,0.011999,raw_ranges
113309,1788679045766705920,1.9159964275930923,1.7962546244349837,0.09438016337456671,15,0.06508618417580429,0.011998,raw_ranges
113310,1788679045789705984,1.9273890354001058,1.7839779809838425,0.09432163048804944,15,0.06463477769010616,0.011999,raw_ranges
113311,1788679045811706368,1.9251014260111288,1.7975041795213784,0.09306619494350205,15,0.05405777408941331,0.011998,raw_ranges
113312,1788679045833707264,1.937156331909459,1.810155875325677,0.09437921290598876,15,0.06507888215073128,0.011998,raw_ranges
113313,1788679045855706112,1.9537486162741953,1.7803192478245706,0.09416783160429654,15,0.06343405710102845,0.011998,raw_ranges
113314,1788679045878705920,1.9422263266914122,1.808904578986086,0.09412715471199785,15,0.06311261924526552,0.011998,raw_ranges
113315,1788679045900706560,1.9241470951177295,1.7975833518864344,0.09574789168627741,15,0.07485946621688816,0.011998,raw_ranges
113316,1788679045922705920,1.9135612483026594,1.806358833577681,0.09915603179998722,15,0.09493197457120135,0.011998,raw_ranges
113317,1788679045945705984,1.9290637868620084,1.8013893205254776,0.09474431550493442,15,0.06782597954275658,0.011998,raw_ranges
113318,1788679045967706624,1.9478745998388445,1.809513368444838,0.09312669766434895,15,0.05461451876881227,0.011998,raw_ranges
113319,1788679045989706496,1.9370127075498764,1.8157662283544955,0.09325246951846884,15,0.055754080697908076,0.011998,raw_ranges
113320,1788679046011705600,1.9384430079898367,1.8154707214462735,0.09402008239755895,15,0.06225857686744013,0.011998,raw_ranges
113321,1788679046033706240,1.9278411560193283,1.8088310974272261,0.09514324622481249,15,0.07070568733003378,0.011998,raw_ranges
113322,1788679046083708416,1.9262785601360575,1.7964810009710874,0.09321987800589471,15,0.055461031381454806,0.011998,raw_ranges
113323,1788679046108208384,1.9328595539575892,1.7946272106617605,0.09375592384256635,15,0.05720150206564822,0.021998,raw_ranges
113324,1788679046132709376,1.928675397311573,1.8129676827580283,0.09504024511784816,15,0.06997420297401145,0.011994,raw_ranges
113325,1788679046154707712,1.9116757024986817,1.7947776346263034,0.09467697393877786,15,0.06732772040384156,0.011998,raw_ranges
113326,1788679046177707776,1.9418767676327855,1.7872729927921407,0.09378685760565611,15,0.060356487651752146,0.011998,raw_ranges
113327,1788679046199708160,1.9193715601683314,1.7918603839129965,0.09349066886556624,15,0.05785081556526446,0.011998,raw_ranges
113328,1788679046229207808,1.9151478172588419,1.769673161159776,0.09744509041884372,15,0.0834336767429299,0.021998,raw_ranges
113329,1788679046248716032,1.92652246812357,1.8052028683283186,0.09471008830545545,15,0.06757390228080255,0.011994,raw_ranges
113330,1788679046270707968,1.9265506356415687,1.7878528137418925,0.0965971134246049,15,0.08033157175485188,0.011998,raw_ranges
113331,1788679046293708288,1.9291561907189587,1.8075803191726776,0.0955471024044339,15,0.0735061249178183,0.011998,raw_ranges
113332,1788679046315708416,1.9375853376573084,1.7897254975231536,0.09427636010666415,15,0.0642838090242338,0.011998,raw_ranges
113333,1788679046337708032,1.9393248529268996,1.8124910361063253,0.09430716078190998,15,0.06452293218623893,0.011998,raw_ranges
113334,1788679046359707648,1.9301194212092017,1.8194629830695133,0.09332484841391099,15,0.05639943625525877,0.011998,raw_ranges
113335,1788679046382707712,1.9398889118173814,1.8145396458466543,0.09442828190890203,15,0.06545479283369579,0.011998,raw_ranges
113336,1788679046410708480,1.9133876460294188,1.7862553558875236,0.09601038130711996,15,0.07659261911646553,0.011998,raw_ranges
113337,1788679046432709888,1.9288867710833522,1.790477711782668,0.09512497740840826,15,0.07057620992521685,0.011999,raw_ranges
113338,1788679046454707712,1.9312632551179345,1.8006181551879152,0.09565160766302264,15,0.0742135813650213,0.011998,raw_ranges
113339,1788679046477708032,1.9384399840643938,1.8047722234709676,0.09558855893118064,15,0.07378741715347305,0.011999,raw_ranges
113340,1788679046499712000,1.9291504834659392,1.7917445955856421,0.09595888267350344,15,0.07625569270227274,0.011998,raw_ranges
113341,1788679046521707776,1.9334073164140033,1.777245521804953,0.0945511967851314,15,0.06638708293886246,0.011998,raw_ranges
113342,1788679046543708160,1.924342678381578,1.8018125821982813,0.09504899831379357,15,0.07003603579439352,0.011998,raw_ranges
113343,1788679046566707712,1.9351595692348444,1.7818580471925052,0.09406811870297663,15,0.06264316961151183,0.011998,raw_ranges
113344,1788679046605707776,1.9333490932164576,1.7842666319830567,0.095965845101591,15,0.0763013309031435,0.011998,raw_ranges
113345,1788679046628708352,1.9437380553097452,1.800997444136683,0.09479886717343798,15,0.06822693873711459,0.011998,raw_ranges
113346,1788679046650707968,1.9247582443436209,1.792690678954999,0.09629879793787544,15,0.07845282616882221,0.011998,raw_ranges
113347,1788679046672708864,1.9608975411781897,1.8236231266316343,0.09290302466603292,15,0.05252687561651588,0.011998,raw_ranges
113348,1788679046694708736,1.947241592181895,1.834463875913891,0.09389355600931432,15,0.06123401020114816,0.011998,raw_ranges
113349,1788679046716708608,1.937983976811057,1.8215401392297765,0.09470590529204637,15,0.06754223336584583,0.011998,raw_ranges
113350,1788679046744710400,1.93683922159709,1.7847578943461198,0.09429033181387456,15,0.06439238937851716,0.011998,raw_ranges
113351,1788679046766711296,1.9337369171297598,1.7906382029715415,0.09603683823359915,15,0.07676498050933879,0.011999,raw_ranges
113352,1788679046788710656,1.9266435157636823,1.8094804828288844,0.09689971472798066,15,0.08219344696495372,0.011998,raw_ranges
113353,1788679046811710208,1.9197231167404443,1.7900181461678037,0.09622339804204784,15,0.07797064858681022,0.011999,raw_ranges
113354,1788679046833711872,1.9352737005435259,1.7959414104404388,0.09537153393577623,15,0.072302018863765,0.011998,raw_ranges
113355,1788679046855723264,1.93518624206433,1.789992817381295,0.09402759771780163,15,0.06231890334241794,0.011998,raw_ranges
113356,1788679046877722624,1.9224581360558728,1.809086932472367,0.09470588340031295,15,0.06754207130606052,0.011998,raw_ranges
113357,1788679046900722432,1.9345282170488591,1.7724447466171784,0.0938568804401543,15,0.06093380372300998,0.011998,raw_ranges
113358,1788679046922722304,1.9236651394610769,1.8023030737958734,0.09531075690019786,15,0.0718804903725473,0.011998,raw_ranges
113359,1788679046944722176,1.9447061254288245,1.7859533313508924,0.09406916865792908,15,0.06265154949344097,0.011998,raw_ranges
113360,1788679046967722240,1.934967202069234,1.7964968802554628,0.096613936040659,15,0.08043621097900504,0.011998,raw_ranges
113361,1788679046989722880,1.9503679302995673,1.8021704088909727,0.09329165621630214,15,0.05610440457131815,0.011998,raw_ranges
113362,1788679047011722752,1.9558586813467975,1.8077465960197063,0.09247474786113413,15,0.04827831663525708,0.011998,raw_ranges
113363,1788679047033723392,1.949399624771583,1.7897972407558422,0.09413854993148756,15,0.06320283164137164,0.011998,raw_ranges
113364,1788679047055723264,1.9537622796308283,1.811452726524246,0.09605641356763875,15,0.07689253256096297,0.011998,raw_ranges
113365,1788679047105723136,1.922443357915065,1.8073221238365027,0.09725566377158928,15,0.08433096565075779,0.011998,raw_ranges
113366,1788679047127722240,1.9212782154847048,1.79465660123761,0.09637050233595766,15,0.0789084934082363,0.011998,raw_ranges
113367,1788679047149722880,1.9232882674408038,1.798456552714722,0.09460139440010296,15,0.06676408013372877,0.011998,raw_ranges
113368,1788679047172722432,1.9359054994350546,1.7809846092648012,0.09586865657261019,15,0.07566177746134568,0.011998,raw_ranges
113369,1788679047194728192,1.9286881469075106,1.7986600880416455,0.09392229880776148,15,0.061468258506008504,0.011998,raw_ranges
113370,1788679047216724224,1.9303234686053472,1.7917735142509843,0.09288244993102922,15,0.052330659531762254,0.011998,raw_ranges
113371,1788679047238725376,1.9360570005341105,1.8064814596163938,0.0942915931661989,15,0.06440218289933115,0.011998,raw_ranges
113372,1788679047261723648,1.920027637045152,1.7778696484349412,0.09432407395493676,15,0.06465386261420714,0.011998,raw_ranges
113373,1788679047283723776,1.9315575550625739,1.7992178043949227,0.0944945149053594,15,0.06595879699751508,0.011998,raw_ranges
113374,1788679047305725184,1.9342965404067556,1.8056306183245372,0.09706084818120728,15,0.08316787948004498,0.011998,raw_ranges
113375,1788679047327723776,1.9387622423898638,1.780309718466181,0.09601307422346428,15,0.07661019657633233,0.011998,raw_ranges
113376,1788679047359723776,1.9308012958916216,1.7900624828316043,0.09382083895677899,15,0.06063733959186373,0.011998,raw_ranges
113377,1788679047376724480,1.9485717439155519,1.7928605082098765,0.09439799794911366,15,0.06522378333946642,0.011994,raw_ranges
113378,1788679047398738176,1.9409449679744952,1.814336258595569,0.0951236934509957,15,0.07056728312040712,0.011998,raw_ranges
113379,1788679047426738432,1.94627835239379,1.7995037749548808,0.09459519528485212,15,0.06671763845380117,0.011998,raw_ranges
113380,1788679047448739072,1.9271257254146485,1.797555246350483,0.09585365228668918,15,0.07556239994659504,0.011999,raw_ranges
113381,1788679047470738944,1.9342923216500851,1.7820818817742519,0.09340840703827612,15,0.05713540963602275,0.011998,raw_ranges
113382,1788679047493738752,1.928142970283454,1.8069771187725898,0.09339083697124845,15,0.05698123349181251,0.011999,raw_ranges
113383,1788679047515738368,1.9325454279828072,1.7819280898138636,0.09379986518687122,15,0.060464147913215714,0.011998,raw_ranges
113384,1788679047537738496,1.9337192554317377,1.8019119369542305,0.09395311519128888,15,0.06171841854170343,0.011998,raw_ranges
113385,1788679047559738624,1.9226396915063222,1.8097244491016429,0.0950540899930877,15,0.07007237679062779,0.011998,raw_ranges
113386,1788679047582737920,1.9380944087879035,1.7897349491397592,0.09612779107110639,15,0.07735527821103352,0.011998,raw_ranges
113387,1788679047623741184,1.9296070860130212,1.7979883859658299,0.09424194620113543,15,0.06401557776928554,0.011998,raw_ranges
113388,1788679047645739520,1.9458625782583727,1.7825800159378271,0.0937280306242959,15,0.059867174814717185,0.011998,raw_ranges
113389,1788679047668738560,1.941959594525913,1.813683067862796,0.09431314408562261,15,0.0645692812537248,0.011998,raw_ranges
113390,1788679047690738176,1.9457200863002626,1.813832056818977,0.09539080888643617,15,0.07243519091185009,0.011998,raw_ranges
113391,1788679047712742656,1.9523261984722646,1.8334723685569931,0.0946259528311868,15,0.0669477469911184,0.011998,raw_ranges
113392,1788679047734743296,1.9459710269021606,1.8282463760330225,0.09385062065965556,15,0.06088241663777456,0.011998,raw_ranges
113393,1788679047762742528,1.9374386857709365,1.803213092452156,0.09405086740094835,15,0.06250532294891661,0.011998,raw_ranges
113394,1788679047784742912,1.930161127060191,1.7704048925225713,0.09341707118027309,15,0.05721097079470951,0.011999,raw_ranges
113395,1788679047806742784,1.931644304744228,1.7906522152667987,0.09593449109050362,15,0.07609559176787851,0.011998,raw_ranges
113396,1788679047829742592,1.9259242396309997,1.780825199620575,0.09274982655148542,15,0.051047532266363486,0.011999,raw_ranges
113397,1788679047851742976,1.9275239644011903,1.7897763361478827,0.09624382264030598,15,0.07810166858848785,0.011998,raw_ranges
113398,1788679047878742272,1.9390023995024779,1.7991969407306394,0.09489673709358389,15,0.06642909821444136,0.021998,raw_ranges
113399,1788679047900743680,1.9189102366067172,1.8087758874979785,0.09462762722740521,15,0.0669609676707648,0.011994,raw_ranges
113400,1788679047922745344,1.9117975008482233,1.7789890248049274,0.09644210243182622,15,0.07936088726713064,0.011998,raw_ranges
113401,1788679047945743616,1.9119403818132419,1.7910573921273152,0.09441586389327858,15,0.06535986451392466,0.011998,raw_ranges
113402,1788679047967743232,1.9323690671309046,1.7943045541399123,0.09354190484807777,15,0.05829196208807669,0.011998,raw_ranges
113403,1788679047989744640,1.922909156487785,1.8073696640918706,0.09501005672108616,15,0.069757470690143,0.011998,raw_ranges
113404,1788679048011744000,1.9357793641121943,1.8149726558632422,0.09473562073936488,15,0.06776185309866377,0.011998,raw_ranges
113405,1788679048034743808,1.9335741290450688,1.8049303439658846,0.0964945797106358,15,0.07969082573694296,0.011998,raw_ranges
113406,1788679048056743936,1.937357422279447,1.8201379837454468,0.09499596547344989,15,0.06965639575408637,0.011998,raw_ranges
113407,1788679048078744064,1.9476710006398052,1.808114042692429,0.09364661884957409,15,0.0591833324980446,0.011998,raw_ranges
113408,1788679048131744000,1.9181128441395414,1.7917565627098824,0.09362919879566924,15,0.05903597878979595,0.011998,raw_ranges
113409,1788679048153744128,1.9246424389705148,1.7870460607659744,0.09450792062183629,15,0.06606034073357701,0.011998,raw_ranges
113410,1788679048175744512,1.9328160886942347,1.7872940201855747,0.09673137745797682,15,0.08116295616829651,0.011998,raw_ranges
113411,1788679048197744128,1.9376276896613414,1.7903339464572807,0.09529691575636894,15,0.07178414694324184,0.011998,raw_ranges
113412,1788679048219770624,1.9285722761028758,1.789360763947463,0.09360074462666676,15,0.05879449483299239,0.011998,raw_ranges
113413,1788679048242743808,1.9332875677041717,1.7862069003020615,0.09658811291144988,15,0.08027553118759091,0.011998,raw_ranges
113414,1788679048264744448,1.9216976440772564,1.7866260387652413,0.09470354700604294,15,0.06752477324688291,0.011998,raw_ranges
113415,1788679048286744064,1.9116278623617757,1.7965541633903892,0.09472051071793497,15,0.06765026765604827,0.011998,raw_ranges
113416,1788679048308744704,1.9351198462730617,1.8154453883810489,0.09509559585313211,15,0.07036791775469921,0.011998,raw_ranges
113417,1788679048331744256,1.9264467740257516,1.7863551995746614,0.09417923508401925,15,0.06352387803038517,0.011998,raw_ranges
113418,1788679048353744384,1.948235152679478,1.8025781066218278,0.0944905782273763,15,0.06592894829569415,0.011998,raw_ranges
113419,1788679048375743744,1.9222302531308864,1.8058519011062668,0.09330505374797345,15,0.056223676009075164,0.011998,raw_ranges
113420,1788679048397744384,1.9254437177132797,1.8104483123945692,0.09475974003678536,15,0.06793959105547638,0.011998,raw_ranges
113421,1788679048420755456,1.9336402600490707,1.7952932863980735,0.09468251485421562,15,0.06736885667885147,0.011998,raw_ranges
113422,1788679048448754688,1.9182605741542476,1.793316505608095,0.09464807067165554,15,0.0671127310400608,0.011998,raw_ranges
113423,1788679048470755072,1.9291664400651807,1.8066932872016885,0.0935423537545412,15,0.05829560664013381,0.011999,raw_ranges
113424,1788679048492754688,1.9094623776004944,1.7878192378768945,0.09622048342613733,15,0.07795210979914102,0.011998,raw_ranges
113425,1788679048515754496,1.915770248228091,1.802594951501707,0.09418550268295793,15,0.06357300277600503,0.011999,raw_ranges
113426,1788679048537754880,1.9175689555550937,1.7990456666710033,0.09593145302503583,15,0.0760756269841783,0.011998,raw_ranges
113427,1788679048559755264,1.9332110198572452,1.790082400443615,0.09660440658846413,15,0.08037695306780503,0.011998,raw_ranges
113428,1788679048581755392,1.9191435017036065,1.7806650072781305,0.09470370560064528,15,0.06752594758050638,0.011998,raw_ranges
113429,1788679048604755712,1.9135799488805696,1.808898328400424,0.09481011279784245,15,0.06830930239610455,0.011998,raw_ranges
113430,1788679048643755008,1.9073277654018495,1.800049686966023,0.09413842429952844,15,0.06320183775436006,0.011998,raw_ranges
113431,1788679048666755584,1.9240867781722264,1.7912965071440106,0.09430168732090057,15,0.06448050338591171,0.011998,raw_ranges
113432,1788679048688755968,1.9319472630464407,1.792866541712015,0.0944676681980728,15,0.06575497086968263,0.011998,raw_ranges
113433,1788679048710757376,1.9351424534308759,1.81198336037727,0.09572759477202308,15,0.07472377645718327,0.011998,raw_ranges
113434,1788679048732759552,1.9156925864196022,1.8028714704230682,0.09740662942153525,15,0.08522134367360827,0.011998,raw_ranges
113435,1788679048755755008,1.9408270513022117,1.80390263306224,0.0951607086586274,15,0.0708290664531688,0.011998,raw_ranges
113436,1788679048783761152,1.9363363830367468,1.7931044054390635,0.09375119807894271,15,0.06006035360321077,0.011998,raw_ranges
113437,1788679048805762304,1.9333723673039143,1.7987559561276953,0.09555397414913201,15,0.07355268960501728,0.011999,raw_ranges
113438,1788679048827767296,1.9061720889482174,1.784163812236453,0.09725484498853776,15,0.08432611092975745,0.011998,raw_ranges
113439,1788679048850767616,1.9176586203856114,1.7775894457583634,0.09439405954014117,15,0.06519266476484284,0.011999,raw_ranges
113440,1788679048872768000,1.9172888816738327,1.7736236639406364,0.09654450550694389,15,0.0800034593186063,0.011998,raw_ranges
113441,1788679048894768384,1.9295653099497867,1.7745176019625524,0.09623637537761723,15,0.07805397730812465,0.011998,raw_ranges
113442,1788679048916768000,1.932134108400981,1.797463272010084,0.09626749490611616,15,0.07825306960187672,0.011998,raw_ranges
113443,1788679048939767552,1.926181853154235,1.7876872130694086,0.09754818168587447,15,0.08604783368495961,0.011998,raw_ranges
113444,1788679048961767936,1.9354347277451138,1.7909083311316027,0.0954879256073533,15,0.07310248698473466,0.011998,raw_ranges
113445,1788679048983767808,1.9244569332382704,1.794116847387767,0.09476201865138148,15,0.06795635840288591,0.011998,raw_ranges
113446,1788679049006768384,1.9209423492195141,1.7860342057580343,0.09557360309178028,15,0.07368616618999992,0.011998,raw_ranges
113447,1788679049028768512,1.9242803425188395,1.8139501752780405,0.09582375810587514,15,0.07536448833419589,0.011998,raw_ranges
113448,1788679049050768128,1.922741529658843,1.7943655060508206,0.09548078204738532,15,0.07305361074844503,0.011998,raw_ranges
113449,1788679049072768000,1.9384360012406971,1.7984220465789935,0.09399620324828238,15,0.06206650662219021,0.011998,raw_ranges
113450,1788679049094767616,1.9351671973567843,1.7945929085039152,0.0931086260262804,15,0.054448820210179,0.011998,raw_ranges
113451,1788679049144768256,1.9307059856365334,1.8092738647868671,0.09585403721070498,15,0.07556510574799051,0.011998,raw_ranges
113452,1788679049166768128,1.921143120677353,1.7891887112918157,0.09452191849177864,15,0.06616620351643766,0.011998,raw_ranges
113453,1788679049189767936,1.926076896311005,1.794517430442228,0.09440461639556598,15,0.06527376495626695,0.011998,raw_ranges
113454,1788679049211774464,1.918698578329433,1.7856384029207488,0.09392940395225552,15,0.061526026592455395,0.011998,raw_ranges
113455,1788679049233774592,1.941217211343339,1.7906360376365966,0.09417708976386127,15,0.06350698985041948,0.011998,raw_ranges
113456,1788679049255774720,1.9381034970402022,1.79314470818792,0.09451413344846038,15,0.06610734788554433,0.011998,raw_ranges
113457,1788679049278774528,1.9118056188597983,1.7995334957558278,0.0953706088656664,15,0.07229562131738274,0.011998,raw_ranges
113458,1788679049300775424,1.9483152112728916,1.774732259712126,0.09492190588831159,15,0.06912274505769862,0.011998,raw_ranges
113459,1788679049322774784,1.9282797095056958,1.7974922444060177,0.0958228142760866,15,0.07535822630666544,0.011998,raw_ranges
113460,1788679049345775616,1.9168565376022162,1.801413805805956,0.09806709067346393,15,0.08901201418608581,0.011998,raw_ranges
113461,1788679049367774208,1.931251124426136,1.8028221004164189,0.09662030142823037,15,0.08047576917451844,0.011998,raw_ranges
113462,1788679049389775104,1.958265434683775,1.7963796583438276,0.0941283607471083,15,0.06312217314944331,0.011998,raw_ranges
113463,1788679049411775232,1.9327147829087956,1.813500270078342,0.09577753299049353,15,0.07505718477596626,0.011998,raw_ranges
113464,1788679049433775104,1.9292165873417197,1.8084193164963152,0.09546032978476673,15,0.07291349518962001,0.011998,raw_ranges
113465,1788679049461780480,1.9248197800481406,1.784833139240275,0.0948501095646642,15,0.06860143993141989,0.011998,raw_ranges
113466,1788679049483779328,1.9365361651613748,1.7999666189726236,0.0944729898646782,15,0.06579524195318533,0.011999,raw_ranges
113467,1788679049505779712,1.9198758449371958,1.7988365798537953,0.09522181515134491,15,0.07125912676524265,0.011998,raw_ranges
113468,1788679049528779520,1.934797353903206,1.7968744025419463,0.09506710361302022,15,0.07016500275792927,0.011999,raw_ranges
113469,1788679049550779392,1.9200855194151023,1.799516077738853,0.09493416948679044,15,0.06921139705850801,0.011998,raw_ranges
113470,1788679049572779520,1.9150011781119192,1.7926257688069553,0.0935133508322825,15,0.058046522964623065,0.011998,raw_ranges
113471,1788679049594779904,1.9392201047242186,1.7961036561141686,0.09426376334185443,15,0.06418575650293798,0.011998,raw_ranges
113472,1788679049617779712,1.9252287003133446,1.7938724445302123,0.09420699506981019,15,0.06374200393626009,0.011998,raw_ranges
113473,1788679049656779264,1.9361949982580897,1.8136181537526856,0.09461835956883116,15,0.06689101258637943,0.011998,raw_ranges
113474,1788679049679779840,1.9517688131748987,1.7819916818770287,0.0937329713832689,15,0.059908424943983574,0.011998,raw_ranges
113475,1788679049701780480,1.9418335375756794,1.8044780347784932,0.09365169429648777,15,0.05922619599879587,0.011998,raw_ranges
113476,1788679049723779328,1.9530415678393505,1.7971042940364115,0.09336907774528458,15,0.05679019053749146,0.011998,raw_ranges
113477,1788679049745779456,1.9224754717400525,1.8001927654079857,0.0938822317787252,15,0.06114147344254318,0.011998,raw_ranges
113478,1788679049768780032,1.9385839697234577,1.8056447680937564,0.09389480428828069,15,0.06124420204624025,0.011998,raw_ranges
113479,1788679049796784896,1.9356677965068356,1.821282744813977,0.09512225131230084,15,0.07055706419842628,0.011998,raw_ranges
113480,1788679049818781952,1.9386917096147442,1.7988093910882594,0.09498935671122846,15,0.06960876891763332,0.011999,raw_ranges
113481,1788679049840782592,1.9303285255272566,1.7901773803629375,0.09464726694094776,15,0.06710674285753826,0.011998,raw_ranges
113482,1788679049863782656,1.9311693082022072,1.8061964772742687,0.09538029112116343,15,0.07236238746865284,0.011999,raw_ranges
113483,1788679049885782016,1.9189470988884438,1.788938027489181,0.09574975439276336,15,0.07487190653885717,0.011998,raw_ranges
113484,1788679049907785472,1.9074488120434643,1.7953167390385165,0.09569794539102046,15,0.07452511916810643,0.011998,raw_ranges
113485,1788679049929785088,1.9337673459083773,1.7974851148338773,0.09535191571930322,15,0.0721662228144388,0.011998,raw_ranges
113486,1788679049952790272,1.9255307943700544,1.783104941001192,0.09434612176877492,15,0.06482414492127857,0.011998,raw_ranges
113487,1788679049974789632,1.9245822565394244,1.781750580770492,0.09445848705349225,15,0.065685120457317,0.011998,raw_ranges
113488,1788679049996789504,1.9409579754900583,1.8032645226726847,0.09453089225296563,15,0.06623398107441253,0.011998,raw_ranges
113489,1788679050019789824,1.9376749280603318,1.7716237504289498,0.09526617126117778,15,0.07156968113089357,0.011998,raw_ranges
113490,1788679050041790208,1.9423037594044044,1.8026564012357296,0.09432846356984174,15,0.0646878007497685,0.011998,raw_ranges
113491,1788679050063789568,1.9521120511327432,1.8277221054040043,0.09316117818544659,15,0.05492928346015991,0.011998,raw_ranges
113492,1788679050085790208,1.9414722416283912,1.8127295266059626,0.0956511030387562,15,0.0742101814763729,0.011998,raw_ranges
113493,1788679050108796928,1.9383263834413242,1.8172685379012485,0.09404569871289943,15,0.06246377119498498,0.011999,raw_ranges
113494,1788679050159797504,1.9384258269178796,1.8028086201382725,0.09313156830756128,15,0.054659091682548885,0.011998,raw_ranges
113495,1788679050181796608,1.9411860836843018,1.8074784323538815,0.09502962898972339,15,0.06989761788303943,0.011998,raw_ranges
113496,1788679050203797760,1.9378145825711237,1.7969856184826196,0.09543620287224167,15,0.07274785816944487,0.011998,raw_ranges
113497,1788679050225798656,1.9331052449542623,1.8060544672479604,0.0944249016743455,15,0.06542896660001217,0.011998,raw_ranges
113498,1788679050248797952,1.9417151777028545,1.8114320885210415,0.09412147066492536,15,0.06306757218194921,0.011998,raw_ranges
113499,1788679050270797568,1.9299706820488869,1.8062933160375139,0.09462093255768311,15,0.06691024251699529,0.011998,raw_ranges
113500,1788679050292798208,1.925998183241202,1.8032696098963716,0.09334335432890278,15,0.05656325949680396,0.011998,raw_ranges
113501,1788679050314798080,1.9325904306815715,1.7871583665105932,0.09441166383811128,15,0.06532772638100373,0.011998,raw_ranges
113502,1788679050336797440,1.940269012528762,1.8023499438478083,0.09600355482087608,15,0.07654804254111325,0.011998,raw_ranges
113503,1788679050359797760,1.9208365852444818,1.8075660675183343,0.09364829407603618,15,0.059197483663042554,0.011998,raw_ranges
113504,1788679050381797888,1.9348778908601205,1.813837522260576,0.09524508479384387,15,0.07142221496036008,0.011998,raw_ranges
113505,1788679050403796992,1.9336039385230661,1.7976426801612846,0.09613700518576121,15,0.07741481241830409,0.011998,raw_ranges
113506,1788679050425805056,1.9492764961062516,1.8172249067672643,0.09385616253106707,15,0.060927912544802273,0.011998,raw_ranges
113507,1788679050448804096,1.9616025674575766,1.8147029976407314,0.09378058823771308,15,0.06030452913101209,0.011998,raw_ranges
113508,1788679050476804352,1.9304296621456067,1.8064773225820967,0.09488538836777476,15,0.06885808858641637,0.011998,raw_ranges
113509,1788679050498804480,1.9182811039367105,1.8089225318488298,0.09601680112235716,15,0.07663435992658367,0.011999,raw_ranges
113510,1788679050520804608,1.936278581031774,1.7958867357139472,0.09452669850693955,15,0.06620231493640953,0.011998,raw_ranges
113511,1788679050543803904,1.9351473411699647,1.8240010277129381,0.09465916988118994,15,0.06719519238896451,0.011999,raw_ranges
113512,1788679050565804544,1.9402239636610366,1.78725024749985,0.09314818534043315,15,0.054810887024688455,0.011998,raw_ranges
113513,1788679050587805184,1.933906197052386,1.778689445759824,0.094542647357182,15,0.06632266093261041,0.011998,raw_ranges
113514,1788679050609804288,1.9378391424065944,1.7840022057237248,0.0944562791465185,15,0.06566831155525851,0.011998,raw_ranges
113515,1788679050632804864,1.922334340492427,1.7885937628921202,0.09569847877486239,15,0.07452869763294127,0.011998,raw_ranges
113516,1788679050671804672,1.9229572880588612,1.8016242995066427,0.09608911610473954,15,0.07710489025178326,0.011998,raw_ranges
113517,1788679050694805248,1.9261057207348216,1.7848106232680272,0.09345609655286845,15,0.05755123412115897,0.011998,raw_ranges
113518,1788679050716804352,1.9331374366205003,1.809038024801565,0.0940332611857132,15,0.06236432619465398,0.011998,raw_ranges
113519,1788679050738805248,1.9327894868138056,1.8132296003174326,0.09484836243149591,15,0.06858870480987317,0.011998,raw_ranges
113520,1788679050760805120,1.9412750690714677,1.800224887852965,0.09519129348465158,15,0.07104464427845066,0.011998,raw_ranges
113521,1788679050782808832,1.9384745521806048,1.8159341146694405,0.0958111128763695,15,0.07528054776879285,0.011998,raw_ranges
113522,1788679050810809344,1.9248841660755456,1.79179575166887,0.0943927490320338,15,0.06518279702524135,0.011998,raw_ranges
113523,1788679050832809472,1.9105820779706413,1.7809033650043518,0.09526346060673599,15,0.07155057376245141,0.011999,raw_ranges
113524,1788679050854809344,1.9303579219753728,1.8045617869297315,0.09662462410678699,15,0.08050262171374917,0.011998,raw_ranges
113525,1788679050877808640,1.922720948813096,1.7799804283659282,0.09573720735505134,15,0.07478790914346614,0.011999,raw_ranges
113526,1788679050899809536,1.9318744385187772,1.7862450522724385,0.09501519837478564,15,0.06979431474544073,0.011998,raw_ranges
113527,1788679050921808896,1.921951248578598,1.806350574664754,0.09550308490247365,15,0.0732060987792251,0.011998,raw_ranges
113528,1788679050943808768,1.9338810256063346,1.7884973355844023,0.09433847245244763,15,0.06476511752824687,0.011998,raw_ranges
113529,1788679050966809600,1.9137592947848805,1.799408880070318,0.09717585439312992,15,0.08385643916319083,0.011998,raw_ranges
113530,1788679050988809472,1.9309714165439489,1.7981329800837116,0.09367088273556297,15,0.059387967902286225,0.011998,raw_ranges
113531,1788679051010818304,1.9284863550267786,1.7829779301998645,0.09453133250399724,15,0.06623730444392531,0.011998,raw_ranges
113532,1788679051033818112,1.920120317584086,1.7942241888516528,0.09444023043521972,15,0.06554600240456876,0.011998,raw_ranges
113533,1788679051055819008,1.9214990389664472,1.8092442212508784,0.09698633639640442,15,0.08271870642366469,0.011998,raw_ranges
113534,1788679051077818112,1.9260693902413561,1.8008157052172973,0.09682790734820747,15,0.08175546063846423,0.011998,raw_ranges
113535,1788679051099818496,1.9185323196940007,1.8155259176941698,0.0965316394649671,15,0.07992300958401845,0.011998,raw_ranges
113536,1788679051124321280,1.9447531043673112,1.8174459313723212,0.09492881834632468,15,0.0666701308107662,0.021998,raw_ranges
113537,1788679051181821184,1.9281787378191722,1.7922312425719318,0.09458557655437434,15,0.06664551410540955,0.011998,raw_ranges
113538,1788679051203821568,1.931022592738259,1.801390842523242,0.09334388918832895,15,0.05656798727486203,0.011998,raw_ranges
113539,1788679051234321920,1.9247227683621617,1.7863664523590919,0.0941104871512365,15,0.06022105235909205,0.021998,raw_ranges
113540,1788679051254821888,1.9239021893815127,1.784492271634088,0.09291260467484684,15,0.05261798809197147,0.011998,raw_ranges
113541,1788679051276846592,1.9255757822374622,1.7989241517457697,0.09441738250962509,15,0.0653714808278434,0.011998,raw_ranges
113542,1788679051298825472,1.9404038394172893,1.7858330756252012,0.09368586171502545,15,0.05951394551721017,0.011998,raw_ranges
113543,1788679051320829696,1.9387651495729452,1.7800453938507559,0.09418270018384736,15,0.0635511461725701,0.011998,raw_ranges
113544,1788679051342830080,1.929587610959139,1.7920427386298208,0.09392913817732255,15,0.06152386669677518,0.011998,raw_ranges
113545,1788679051365828864,1.9179487908052426,1.7906549548400548,0.09676124439055771,15,0.08134674170830514,0.011998,raw_ranges
113546,1788679051387830272,1.9262564740391726,1.7821475792140562,0.09536422960869999,15,0.0722514885985057,0.011998,raw_ranges
113547,1788679051409830144,1.9271861644974575,1.811931342980021,0.09666019053526877,15,0.08072322175971901,0.011998,raw_ranges
113548,1788679051431829760,1.9463347834228608,1.8000712198655606,0.09399175063019435,15,0.06203062651782872,0.011998,raw_ranges
113549,1788679051454833920,1.9499037440088545,1.807116377096846,0.09329144647519295,15,0.05610253533658676,0.011998,raw_ranges
113550,1788679051482828800,1.9270747058937043,1.806135067453912,0.09393465129478587,15,0.06156865509970047,0.011998,raw_ranges
113551,1788679051504829440,1.9257872085067638,1.7918495030085075,0.09653471027991554,15,0.07994206826768718,0.011999,raw_ranges
113552,1788679051526831104,1.9469068729598786,1.7846587781710364,0.09483199580078948,15,0.06846929090321795,0.011998,raw_ranges
113553,1788679051549833472,1.9256298573686947,1.8041548310987412,0.09607575861305134,15,0.0770180667898861,0.011999,raw_ranges
113554,1788679051571833088,1.9234483699668896,1.7910379429431627,0.09556243741579507,15,0.0736103621224286,0.011998,raw_ranges
113555,1788679051593833472,1.928205484423654,1.78234105386629,0.09513570640890187,15,0.07065234889868759,0.011998,raw_ranges
113556,1788679051615861504,1.9225808162029376,1.7891968644572864,0.09507689857135641,15,0.07023493836657381,0.011998,raw_ranges
113557,1788679051638834176,1.927188595333552,1.8006769085523437,0.09465453318948962,15,0.06716086051778683,0.011998,raw_ranges
113558,1788679051660836096,1.9290417115244483,1.7799569267853976,0.0952067875781556,15,0.07115360548950139,0.011998,raw_ranges
113559,1788679051701836288,1.9229112248352773,1.8022252085320174,0.09336400510411072,15,0.05674551171776254,0.011998,raw_ranges
113560,1788679051723837440,1.9374458397463934,1.7962820752187696,0.09517808976692392,15,0.07095165792935307,0.011998,raw_ranges
113561,1788679051745836032,1.9445335614460437,1.8169087023832875,0.09550462145956781,15,0.07321659276125747,0.011998,raw_ranges
113562,1788679051768836608,1.9317159832906883,1.801398439628678,0.09470288089331362,15,0.06751984070859188,0.011998,raw_ranges
113563,1788679051790835456,1.9446297779305408,1.8150494266432504,0.09630922925290006,15,0.0785192794726242,0.011998,raw_ranges
113564,1788679051812835840,1.937549395747322,1.807526933017669,0.09626697321483374,15,0.07824973617101685,0.011998,raw_ranges
113565,1788679051840839936,1.9355616207466955,1.8102681518811863,0.09517497567766556,15,0.07092970938658616,0.011998,raw_ranges
113566,1788679051862835968,1.9335084506534375,1.7846818315524913,0.09457713136468751,15,0.06658194472743736,0.011999,raw_ranges
113567,1788679051884835584,1.9280578036295348,1.7729552240249578,0.09510234826923704,15,0.07041588077441799,0.011998,raw_ranges
113568,1788679051907835136,1.9191403768848905,1.786919371638957,0.09412730306316917,15,0.06311360441433514,0.011999,raw_ranges
113569,1788679051929835776,1.9339020259090698,1.7954538200173185,0.09483455532062007,15,0.06848797935857119,0.011998,raw_ranges
113570,1788679051951836160,1.9501699046915277,1.7913033258939983,0.09406113124950202,15,0.06258737289183834,0.011998,raw_ranges
113571,1788679051973836288,1.928196059090685,1.7962962446730648,0.09463193817864896,15,0.0669924337119421,0.011998,raw_ranges
113572,1788679051996836608,1.9280831426864085,1.7930827800668865,0.0969267710701269,15,0.08235787191353905,0.011998,raw_ranges
113573,1788679052018835968,1.9373088086233594,1.7901998440129359,0.09501035514102553,15,0.06975960963928578,0.011998,raw_ranges
113574,1788679052040836352,1.9204906614468267,1.798646587338037,0.09424490561829138,15,0.06403868841795078,0.011998,raw_ranges
113575,1788679052063835648,1.9466952935330957,1.795658809626437,0.09376868530114528,15,0.06020575800656683,0.011998,raw_ranges
113576,1788679052085836800,1.9369300549433937,1.81329923851985,0.09557271970338331,15,0.07368017168399732,0.011998,raw_ranges
113577,1788679052107835904,1.9300855556470031,1.8285359168574111,0.09536154953143143,15,0.07223293935201193,0.011998,raw_ranges
113578,1788679052129836032,1.9379143222037536,1.821637504319343,0.09575092389548279,15,0.07487971615519644,0.011998,raw_ranges
113579,1788679052151835904,1.9445572286119701,1.797677710711725,0.09410454276927656,15,0.06293322465340989,0.011998,raw_ranges
113580,1788679052203835648,1.9203142304255691,1.7963012637943616,0.0933187401037655,15,0.05634525800602478,0.011998,raw_ranges
113581,1788679052225836544,1.9306066290606323,1.7761947833027931,0.09345785739620366,15,0.057566530138646196,0.011998,raw_ranges
113582,1788679052248835584,1.9307658490729334,1.7818687245567646,0.0932170357998073,15,0.055435402008168905,0.011998,raw_ranges
113583,1788679052270835968,1.9237070851044582,1.7910374977575043,0.09417967509522644,15,0.06352734128882181,0.011998,raw_ranges
113584,1788679052292837120,1.922991137498474,1.7836736253944487,0.0969411517808325,15,0.08244513191712723,0.011998,raw_ranges
113585,1788679052314868480,1.9266078158332263,1.8023849136003698,0.09654656553105531,15,0.08001633287682784,0.011998,raw_ranges
113586,1788679052337835776,1.9584877841313788,1.7875994055318196,0.09498737645499866,15,0.0695947156830076,0.011998,raw_ranges
113587,1788679052368836096,1.9266160017739833,1.7731871916325999,0.09432116786147142,15,0.06463138446197352,0.011998,raw_ranges
113588,1788679052385064448,1.9325947359567155,1.804105524288659,0.09382458335868728,15,0.0606689980359596,0.011994,raw_ranges
113589,1788679052407063040,1.9303420957996889,1.7952911387395138,0.09609763638119079,15,0.0771601216768791,0.011998,raw_ranges
113590,1788679052430063360,1.9235055815369102,1.8330551768514094,0.09710443417959959,15,0.08342950422721927,0.011998,raw_ranges
113591,1788679052452061952,1.9309911817862182,1.823443011087785,0.09371017609514283,15,0.05971787078540929,0.011998,raw_ranges
113592,1788679052474065408,1.9294835786203914,1.8100514645686516,0.09548217889659714,15,0.0730631705621728,0.011998,raw_ranges
113593,1788679052496063232,1.9183897591993841,1.8218539516532632,0.09442227980294954,15,0.065408927517194,0.011998,raw_ranges
113594,1788679052524066560,1.9420443023436498,1.791486035671771,0.09289216913586672,15,0.05242344067177124,0.011998,raw_ranges
113595,1788679052546062080,1.9068094190587423,1.797964046049901,0.0944243039068522,15,0.0654242149807868,0.011999,raw_ranges
113596,1788679052568062976,1.941781020717521,1.7824253318485141,0.09461383192982258,15,0.06685716061741312,0.011998,raw_ranges
113597,1788679052591061248,1.9259559069148917,1.8104733093594503,0.09507205013627926,15,0.0702002431283487,0.011999,raw_ranges
113598,1788679052613061888,1.9389046173668194,1.7999318039818675,0.09568937626071376,15,0.07446760541815324,0.011998,raw_ranges
113599,1788679052635062016,1.931630930744872,1.786900550533698,0.09688506585418381,15,0.08210428643002643,0.011998,raw_ranges
113600,1788679052657062400,1.9384392862459345,1.783381410239296,0.09497664805786044,15,0.06951759528249259,0.011998,raw_ranges
113601,1788679052680061952,1.941825383868923,1.7947061017174948,0.09408182407770896,15,0.06275246667429872,0.011998,raw_ranges
113602,1788679052719061760,1.9305629693202426,1.8019974903467302,0.09337115943585024,15,0.056808515487119064,0.011998,raw_ranges
113603,1788679052742064640,1.9230850877895602,1.7980487496019022,0.09527728407484479,15,0.07164727539023932,0.011998,raw_ranges
113604,1788679052764060672,1.928438825885388,1.8014483013047609,0.09366096081081184,15,0.05930437426372388,0.011998,raw_ranges
113605,1788679052786059776,1.9587046846906573,1.8183902084674295,0.09362460168289982,15,0.05899703110241922,0.011998,raw_ranges
113606,1788679052808059904,1.9309012563610664,1.7876836359045498,0.09635029748604565,15,0.07878036228683932,0.011998,raw_ranges
113607,1788679052831060224,1.9445762372171334,1.8066650886738753,0.09438251837585908,15,0.06510427306912411,0.011998,raw_ranges
113608,1788679052859060224,1.915190680578954,1.783570805384304,0.09475043408330522,15,0.0678710695311723,0.011998,raw_ranges
113609,1788679052886060032,1.9222360554065534,1.7906938565131845,0.0945212463661442,15,0.06353967551966416,0.021999,raw_ranges
113610,1788679052908059392,1.9367005387092668,1.8027385991406781,0.09597695562052357,15,0.07637473132210394,0.011994,raw_ranges
113611,1788679052930058240,1.9254739245203734,1.7866886734616898,0.09600559615680271,15,0.0765612183536986,0.011999,raw_ranges
113612,1788679052952058880,1.926383739226174,1.782829545772197,0.09471141092037823,15,0.06758297800761837,0.011998,raw_ranges
113613,1788679052975058176,1.9327402721157503,1.7978965930225352,0.094582798460745,15,0.06662466853009479,0.011998,raw_ranges
113614,1788679052997058816,1.9311237672986732,1.7953736901722792,0.09497126528436657,15,0.06947886930834851,0.011998,raw_ranges
113615,1788679053019059200,1.9264120430265095,1.799140561644188,0.09427712669901686,15,0.06428977130941495,0.011998,raw_ranges
113616,1788679053042058496,1.9151255809420276,1.8066166681340496,0.0967524024201152,15,0.0812923761254104,0.011998,raw_ranges
113617,1788679053064058368,1.9483998022762223,1.776333298632334,0.09404409697000983,15,0.06245114063017457,0.011998,raw_ranges
113618,1788679053086058496,1.9459366411558108,1.802778212657364,0.09453760124921823,15,0.06628460790574407,0.011998,raw_ranges
113619,1788679053108058368,1.9397993858687532,1.8136547931790008,0.09442544015643117,15,0.06543308148353684,0.011998,raw_ranges
113620,1788679053131058944,1.9419581707138256,1.8341493690122719,0.0945673905272299,15,0.06650893566453991,0.011998,raw_ranges
113621,1788679053153058560,1.9392775190408489,1.8147446037339652,0.09419848164230171,15,0.06367518856117917,0.011998,raw_ranges
113622,1788679053175058944,1.9547647050787138,1.8283637080494697,0.09180079959730543,15,0.04070439280109002,0.011998,raw_ranges
113623,1788679053226058752,1.9340413384858188,1.798634156821429,0.09547423467645517,15,0.07300878489918305,0.011998,raw_ranges
113624,1788679053248059136,1.9448418836189996,1.797772245970235,0.09336464162628863,15,0.05675112000911208,0.011998,raw_ranges
113625,1788679053270059264,1.9247963407622843,1.8093866476662739,0.09344675027489943,15,0.05746997712631738,0.011998,raw_ranges
113626,1788679053292059648,1.926000705918144,1.8032712876875188,0.09423974129032368,15,0.06399835377823157,0.011998,raw_ranges
113627,1788679053315058944,1.928508550533726,1.7937548559514562,0.09441186057168552,15,0.06532923210696358,0.011998,raw_ranges
113628,1788679053337059072,1.9023836635261164,1.8045303898845375,0.09659602262314908,15,0.08032478209836041,0.011998,raw_ranges
113629,1788679053359058432,1.9234273037329843,1.7902442728490122,0.09457292038417209,15,0.06655049496564318,0.011998,raw_ranges
113630,1788679053381058816,1.9356983784123623,1.7893856935928816,0.09416775747604492,15,0.06343347280454473,0.011998,raw_ranges
113631,1788679053403058944,1.9159682834723504,1.80191103738328,0.09523932721174298,15,0.07138189691891766,0.011998,raw_ranges
113632,1788679053426058496,1.917321165836972,1.811965778644933,0.09691853729642512,15,0.0823078689581083,0.011998,raw_ranges
113633,1788679053448059648,1.92968208607559,1.8060814506251466,0.09641818139873383,15,0.07921003342212292,0.011998,raw_ranges
113634,1788679053470059264,1.9314263595004484,1.8166098233869965,0.09463489354776874,15,0.06701448756626249,0.011998,raw_ranges
113635,1788679053492059904,1.9179571962430437,1.8016895513971187,0.09451351797955643,15,0.06610269264981894,0.011998,raw_ranges
113636,1788679053515058944,1.9471595567867623,1.827049700509512,0.09610268514775784,15,0.07719283090908022,0.011998,raw_ranges
113637,1788679053543058944,1.9423454609401585,1.8121634790563244,0.09366101454461616,15,0.059304827296065545,0.011998,raw_ranges
113638,1788679053565058304,1.9276066888940697,1.8063810188829446,0.09507707173577495,15,0.07023600027603334,0.011999,raw_ranges
113639,1788679053587058688,1.9316123527069564,1.793214457547182,0.0947587856832651,15,0.06793256714761413,0.011998,raw_ranges
113640,1788679053610058496,1.9343321962604143,1.8012277702186796,0.09362955084957063,15,0.059038757173323325,0.011999,raw_ranges
113641,1788679053632058624,1.910928084533494,1.805665601448559,0.09475011357845556,15,0.06786870836000607,0.011998,raw_ranges
113642,1788679053654058496,1.933249286738517,1.7991401146288475,0.09594278980412607,15,0.07615010046038075,0.011998,raw_ranges
113643,1788679053676058880,1.9339315060344275,1.8090737626568565,0.09521316143091939,15,0.07119838078860637,0.011998,raw_ranges
113644,1788679053699059456,1.9204840668493877,1.7938541241479484,0.09620603499761402,15,0.07785937961231142,0.011998,raw_ranges
113645,1788679053740058368,1.9337884181475344,1.8028493281332245,0.09452339031261799,15,0.06617732473149686,0.011998,raw_ranges
113646,1788679053762059008,1.9343422435027546,1.7924601812821166,0.093861317296944,15,0.06097020004021634,0.011998,raw_ranges
113647,1788679053784058624,1.9310152343511044,1.8124778064441862,0.09518641347658387,15,0.07101029131459662,0.011998,raw_ranges
113648,1788679053807059456,1.929899763117469,1.8111043892351477,0.0960504120615237,15,0.07685349736689742,0.011998,raw_ranges
113649,1788679053829059072,1.9419412639029625,1.8176985305905375,0.09406996864881353,15,0.06265793361429607,0.011998,raw_ranges
113650,1788679053851058944,1.9480470260872473,1.8268933180087252,0.0960764985132564,15,0.07702302583809863,0.011998,raw_ranges
113651,1788679053879059200,1.9127991972134246,1.7794414170233082,0.09580850419994538,15,0.07526321940991756,0.011998,raw_ranges
113652,1788679053901059584,1.916784059810981,1.805264003455565,0.09549936015713119,15,0.07318049026981982,0.011999,raw_ranges
113653,1788679053923040512,1.9492485410270624,1.8018924315257183,0.09386418282621975,15,0.06099369493824556,0.011998,raw_ranges
113654,1788679053946040576,1.9211461223490927,1.8029734320633715,0.09508348275757957,15,0.0702816246011685,0.011999,raw_ranges
113655,1788679053968040704,1.9450444980535546,1.80909585679257,0.09513183664798253,15,0.07062495765650086,0.011998,raw_ranges
113656,1788679053990041088,1.9384238238030531,1.7944081622676884,0.09386073762234051,15,0.060965446101382006,0.011998,raw_ranges
113657,1788679054012040704,1.9258888320277674,1.7895472527936542,0.09474159780305377,15,0.06780594221050086,0.011998,raw_ranges
113658,1788679054035040768,1.9229342347016605,1.8112287395144009,0.09571139991985414,15,0.07461533298092388,0.011998,raw_ranges
113659,1788679054057040128,1.9249627445251298,1.799724211330251,0.0959002140726347,15,0.07587003406243276,0.011998,raw_ranges
113660,1788679054079040256,1.923087478309598,1.7706932582935948,0.0944631270596333,15,0.06572043103657581,0.011998,raw_ranges
113661,1788679054102040832,1.9336155794842687,1.792068248771212,0.09285648195424719,15,0.05208195417077966,0.011998,raw_ranges
113662,1788679054124040704,1.9316161727854961,1.800761723621275,0.09674812413688878,15,0.08126605769254956,0.011998,raw_ranges
113663,1788679054146040064,1.9343844839937099,1.8077152222245811,0.09491789058082455,15,0.06909369419002392,0.011998,raw_ranges
113664,1788679054168040704,1.9601852473553736,1.8114041449444587,0.09351234676033672,15,0.058037873464977345,0.011998,raw_ranges
113665,1788679054190040576,1.932290016979889,1.8211545124970712,0.09628074105310892,15,0.07833766047763316,0.011998,raw_ranges
113666,1788679054242040320,1.9490171357862367,1.7902939575363317,0.09552979693924517,15,0.07338831606764916,0.011998,raw_ranges
113667,1788679054264040960,1.9166882665625034,1.8106109389482457,0.09607714490709689,15,0.07702722183161546,0.011998,raw_ranges
113668,1788679054286040832,1.9271143285902563,1.7905190633226833,0.09416075479838058,15,0.06337825174600978,0.011998,raw_ranges
113669,1788679054309040384,1.9362568601685306,1.787524249131389,0.09548016779189855,15,0.07304940648560096,0.011998,raw_ranges
113670,1788679054331040768,1.9222874244526353,1.8012880841001957,0.09535607240329291,15,0.07219501644360865,0.011998,raw_ranges
113671,1788679054353040384,1.9315489038976896,1.8025314197057276,0.09329246681044558,15,0.05611162808585744,0.011998,raw_ranges
113672,1788679054376040704,1.9149384690311595,1.7979857623322042,0.09492177753677444,15,0.06912181661946137,0.011998,raw_ranges
113673,1788679054398040320,1.9187434722478574,1.7953461457945952,0.09440839160956611,15,0.06530267686371,0.011998,raw_ranges
113674,1788679054420040704,1.9227631897254416,1.7877682180554575,0.09419730907377485,15,0.06366598047446426,0.011998,raw_ranges
113675,1788679054442040576,1.9444511694217965,1.7738727179680553,0.09593273450710091,15,0.07608404893997762,0.011998,raw_ranges
113676,1788679054465040896,1.9386523962159163,1.823369022689864,0.09422342810048125,15,0.06387077654515604,0.011998,raw_ranges
113677,1788679054487079936,1.9533918487016864,1.8088583558660019,0.09524139342833508,15,0.0713963684253974,0.011998,raw_ranges
113678,1788679054509041152,1.9159335871424665,1.8128651454213833,0.0970247679668461,15,0.08295068392030357,0.011998,raw_ranges
113679,1788679054531040768,1.9354815260216731,1.794287588989739,0.09564515689373375,15,0.074170107791035,0.011998,raw_ranges
113680,1788679054559041536,1.9392515430560735,1.7988260828135993,0.09350029273791607,15,0.05793393421748674,0.011998,raw_ranges
113681,1788679054581040640,1.9321032552448911,1.791983410548403,0.097148623258531,15,0.08369377072118936,0.011999,raw_ranges
113687,1788679054717040640,1.9396611675855202,1.7947572235162041,0.09273130224300451,15,0.05086600278186315,0.011998,raw_ranges
113688,1788679054756040192,1.9411828182508908,1.7974549605543892,0.09371618328510066,15,0.05976814604035056,0.011998,raw_ranges
113689,1788679054779041792,1.9418280481371533,1.7913367216856846,0.09348315356631191,15,0.05778582492542545,0.011998,raw_ranges
113690,1788679054801040384,1.94225761573286,1.827431519887878,0.09787876759839577,15,0.08794780039543784,0.011998,raw_ranges
113691,1788679054823040512,1.9312880853365542,1.8240985545570767,0.09493924908870346,15,0.06924808361755194,0.011998,raw_ranges
113692,1788679054845041920,1.9432636272388806,1.822258202758747,0.09374702034278166,15,0.06002556404384442,0.011998,raw_ranges
113693,1788679054868039680,1.9481537740081132,1.8310622060390802,0.09538542208622586,15,0.07239799777774147,0.011998,raw_ranges
113694,1788679054896040960,1.9203867766714684,1.8038082885710973,0.09421553464390647,15,0.06380895422984523,0.011998,raw_ranges
113695,1788679054918040832,1.947485861284986,1.796008464899939,0.09415631310803063,15,0.06334301150901046,0.011999,raw_ranges
113696,1788679054940041984,1.9392292540003668,1.7880341757879221,0.09596202073478692,15,0.07627626584191789,0.011998,raw_ranges
113697,1788679054963039488,1.9205481358887344,1.803243956368228,0.09571456227325102,15,0.07463636025591702,0.011999,raw_ranges
113698,1788679054985041152,1.9342073781020015,1.7987156146280958,0.09621278042096502,15,0.07790268555682169,0.011998,raw_ranges
113699,1788679055007042048,1.9392554347460988,1.7883568434154826,0.0943441476666263,15,0.06480891653643275,0.011998,raw_ranges
113700,1788679055029040640,1.9285202217127688,1.8072361743312262,0.09375966129189561,15,0.060130768229714346,0.011998,raw_ranges
113701,1788679055052041472,1.931532561571714,1.8011218226031396,0.09466655107478478,15,0.06725027190119592,0.011998,raw_ranges
113702,1788679055074040576,1.9250241495688931,1.7764635505279218,0.09603312801128659,15,0.07674096694260897,0.011998,raw_ranges
113703,1788679055096040960,1.9125993580244933,1.778450881141548,0.09589748222273022,15,0.0758520284417643,0.011998,raw_ranges
113704,1788679055119040768,1.9162994271324199,1.7746522656640629,0.09541326405567528,15,0.07259002721913865,0.011998,raw_ranges
113705,1788679055141040128,1.9160932434931852,1.7990216222845836,0.09477785890300071,15,0.06807280586989718,0.011998,raw_ranges
113706,1788679055163041280,1.9276441907267623,1.8175966276004287,0.09483352623378881,15,0.06848046604535354,0.011998,raw_ranges
113707,1788679055185040384,1.9275700361479675,1.8272873400219296,0.09539524175398795,15,0.0724657833048671,0.011998,raw_ranges
113708,1788679055208040704,1.9535094899736722,1.8338484426149277,0.09737222349211348,15,0.08501924186978782,0.011998,raw_ranges
113709,1788679055259040768,1.932609256158402,1.8209818415684962,0.09525247725510884,15,0.07147394805877762,0.011998,raw_ranges
113710,1788679055281040384,1.9255383729073339,1.800241199532378,0.09392112121820166,15,0.061458678916827277,0.011998,raw_ranges
113711,1788679055303041280,1.9290102892596572,1.7908249845953998,0.09353500140782806,15,0.05823271764075646,0.011998,raw_ranges
113712,1788679055325040384,1.9276530399726945,1.791360394525949,0.09550097046855453,15,0.07319165570305497,0.011998,raw_ranges
113713,1788679055348040704,1.9324497202862276,1.8109807799282547,0.09435770323835525,15,0.06491341336238039,0.011998,raw_ranges
113714,1788679055370041088,1.9293590539074552,1.773395325815969,0.09455101448553468,15,0.06638570991964074,0.011998,raw_ranges
113715,1788679055392040192,1.918893519103393,1.7922495155491078,0.09454872389167363,15,0.06636845551671083,0.011998,raw_ranges
113716,1788679055414041088,1.9330860759480888,1.7926053504093136,0.09324317042924907,15,0.05567062443739132,0.011998,raw_ranges
113717,1788679055436040192,1.9382237741874397,1.7922572843752147,0.09568361010030296,15,0.07442887945080842,0.011998,raw_ranges
113718,1788679055459040512,1.9075527045779725,1.8002624245058478,0.09595333905364047,15,0.07621933514299686,0.011998,raw_ranges
113719,1788679055481041152,1.933814235220413,1.8094779092587734,0.09592507022285401,15,0.0760336650363115,0.011998,raw_ranges
113720,1788679055503040000,1.9273447821233416,1.8318538836214369,0.09550044296452623,15,0.07318805203396407,0.011998,raw_ranges
113721,1788679055525039872,1.9412852754306638,1.7999382608470162,0.09363928139643875,15,0.05912131081461877,0.011998,raw_ranges
113722,1788679055548040960,1.9443353002508457,1.8247404998286303,0.09405813884619306,15,0.06256346251761542,0.011998,raw_ranges
113723,1788679055576040448,1.9357464353852676,1.7772156153747936,0.09495566453035945,15,0.06936650867932924,0.011998,raw_ranges
113724,1788679055598040320,1.938665298040178,1.806903990925604,0.09290989759974641,15,0.05259202980249395,0.011999,raw_ranges
113725,1788679055620040192,1.9259242231617923,1.8242552857579926,0.09516864739916592,15,0.0708850858443857,0.011998,raw_ranges
113726,1788679055643040768,1.9369551135829859,1.7889209691499306,0.09531856911387505,15,0.07193464473308436,0.011999,raw_ranges
113727,1788679055665041152,1.9240764283159544,1.799881587841635,0.09600425175420242,15,0.07655259466668927,0.011998,raw_ranges
113728,1788679055687040256,1.9317742384882846,1.8055651226166243,0.09466053202140995,15,0.06720550585636528,0.011998,raw_ranges
113729,1788679055709040128,1.949701281011053,1.7740412897730804,0.09321861148667195,15,0.055449612105694164,0.011998,raw_ranges
113730,1788679055732044544,1.9267824603876997,1.8223821878775535,0.09666557282619988,15,0.08075655281275866,0.011998,raw_ranges
113731,1788679055771041280,1.918353646167522,1.808416474886552,0.09547370633590012,15,0.07300516647402518,0.011998,raw_ranges
113732,1788679055794041856,1.9318414919123879,1.7936663552101624,0.09497138520670223,15,0.06947973231599437,0.011998,raw_ranges
113733,1788679055816045312,1.923541552286238,1.8018417646728067,0.09526796881639753,15,0.07158223810693214,0.011998,raw_ranges
113734,1788679055838040320,1.939262047835295,1.8209727692483766,0.09407654682531139,15,0.06271040441036392,0.011998,raw_ranges
113735,1788679055860041728,1.9591914649359596,1.8127590801129043,0.09291785054118579,15,0.052667813104265056,0.011998,raw_ranges
113736,1788679055882040832,1.9387989020088445,1.819712814568646,0.09488286267714119,15,0.06883974631810606,0.011998,raw_ranges
113737,1788679055910040320,1.9149438208857281,1.7791053769449272,0.09423862785026679,15,0.06398965421274602,0.011998,raw_ranges
113738,1788679055932040448,1.9290597680105128,1.7901451997489668,0.09428585723077,15,0.06435744890663404,0.011999,raw_ranges
113739,1788679055954040576,1.9348122935267191,1.7918789039371914,0.09442063990189178,15,0.06539639055706199,0.011998,raw_ranges
113740,1788679055977039616,1.923351221886218,1.809958844676194,0.09453639684916404,15,0.06627534117727382,0.011999,raw_ranges
113741,1788679055999040512,1.9396773330048085,1.781546745447961,0.09401942005182307,15,0.06225325732701115,0.011998,raw_ranges
113742,1788679056021040384,1.94461284587131,1.7860186703807963,0.09462391150569456,15,0.06693249959245935,0.011998,raw_ranges
113743,1788679056043041024,1.9353510104164546,1.8142842797861178,0.09465316788822567,15,0.06715069533687403,0.011998,raw_ranges
113744,1788679056066041344,1.9433058425032002,1.7860333638200316,0.095266462608047,15,0.07157171650901639,0.011998,raw_ranges
113745,1788679056088040960,1.9404513983055467,1.7934965275889174,0.09443537035275607,15,0.06550891808567798,0.011998,raw_ranges
113746,1788679056110040320,1.9245416176366248,1.800540865467698,0.09456338734802378,15,0.06647883380463125,0.011998,raw_ranges
113747,1788679056135540992,1.946765534065862,1.7759761036244572,0.09455572107780215,15,0.06381072851646619,0.021998,raw_ranges
113748,1788679056160041472,1.9445590267582946,1.8257624607857754,0.09425855007440821,15,0.0641458809153652,0.011994,raw_ranges
113749,1788679056182041088,1.930417562443598,1.8200144751354075,0.09370430158886525,15,0.05966866501661701,0.011998,raw_ranges
113750,1788679056205040640,1.9318408212905571,1.7940459897490526,0.09380047208535254,15,0.06046916636892344,0.011998,raw_ranges
113751,1788679056234540288,1.9290720474232408,1.8374922288331197,0.09445644805997376,15,0.06302805768841184,0.021998,raw_ranges
113752,1788679056287072768,1.9262620923515408,1.7836121674608083,0.09375052088187381,15,0.06005471570054942,0.011998,raw_ranges
113753,1788679056309041152,1.9368109965156959,1.786816371443316,0.09665519652206443,15,0.08069228289040063,0.011998,raw_ranges
113754,1788679056332039936,1.9119486034059487,1.8001725843274072,0.094713072359148,15,0.06759526873345502,0.011998,raw_ranges
113755,1788679056354040064,1.9478838449951423,1.7782955073062992,0.09386937634875268,15,0.061036254347336026,0.011998,raw_ranges
113756,1788679056376040704,1.9422965860447572,1.787968083919679,0.094918075104505,15,0.06909502949203371,0.011998,raw_ranges
113757,1788679056398041088,1.9082003140588615,1.7940610213945143,0.09393113784744246,15,0.061540115724968134,0.011998,raw_ranges
113758,1788679056421040384,1.9323020940390654,1.7818145705826733,0.09570595249961032,15,0.07457882069066481,0.011998,raw_ranges
113759,1788679056443040768,1.925244349961916,1.7984073730127168,0.09592348398633543,15,0.07602323317470418,0.011998,raw_ranges
113760,1788679056465040896,1.9306104303598117,1.7886465607036108,0.09316310012031301,15,0.054946775304043204,0.011998,raw_ranges
113761,1788679056488040192,1.9181633585767746,1.786372461980157,0.0955457097578735,15,0.07349665131061084,0.011998,raw_ranges
113762,1788679056510041344,1.9206358845622662,1.7883906457232164,0.09456386032191567,15,0.06648239103639157,0.011998,raw_ranges
113763,1788679056532040960,1.927046207712799,1.8199649192589638,0.09429242284537225,15,0.06440862396738693,0.011998,raw_ranges
113764,1788679056554040320,1.9516178020858228,1.8088033143408768,0.09350894188622584,15,0.0580085328397974,0.011998,raw_ranges
113765,1788679056576040960,1.9394570587569935,1.7934977506058685,0.09498545550345441,15,0.06958091332725107,0.011998,raw_ranges
113766,1788679056604041216,1.953437143495663,1.7934650323189003,0.09302206743115797,15,0.053648070115876245,0.011998,raw_ranges
113767,1788679056626041088,1.9265279731085778,1.7977877412233239,0.09432015020104646,15,0.06462332551058066,0.011999,raw_ranges
113768,1788679056648040192,1.9246840981113855,1.7942520608198664,0.09321842527332548,15,0.055447932958095754,0.011998,raw_ranges
113769,1788679056671040768,1.9245412760340166,1.803919288426657,0.09422867466895489,15,0.06391164735754272,0.011999,raw_ranges
113770,1788679056693040896,1.917050646901326,1.7932397281960724,0.09502427533793234,15,0.0698593110038479,0.011998,raw_ranges
113771,1788679056715040256,1.9303062784173615,1.7895562912943193,0.09514443861383923,15,0.0707141188861124,0.011998,raw_ranges
113772,1788679056737045504,1.94111445647985,1.8016482952739041,0.09591246870082568,15,0.07595075178578344,0.011998,raw_ranges
113773,1788679056760040448,1.9239295824624731,1.7929591632243027,0.09526860826187769,15,0.07158670447700256,0.011998,raw_ranges
113774,1788679056799040256,1.9378562478649497,1.805264659223351,0.09539410077108096,15,0.07245791031406411,0.011998,raw_ranges
113775,1788679056822040320,1.9265212353532102,1.8222836093836703,0.09527881386245068,15,0.07165795042038738,0.011998,raw_ranges
113776,1788679056844040192,1.935435644467744,1.8089848434461544,0.09587444320590335,15,0.07570000793859509,0.011998,raw_ranges
113777,1788679056866041088,1.9508185976061354,1.8171604563438626,0.09342865321753933,15,0.05731231293133566,0.011998,raw_ranges
113778,1788679056888040704,1.9441897450027634,1.7860940572509885,0.09400241506636836,15,0.062116528093321285,0.011998,raw_ranges
113779,1788679056910040576,1.9452899494790494,1.8224360224175942,0.09460903449480308,15,0.06682127274156853,0.011998,raw_ranges
