host_received_utc,host_elapsed_s,seq,cycle_start_us,cycle_end_us,valid_mask,raw_xy_valid,raw_xy_anchor_mask,raw_x_m,raw_y_m,survey_recomputed_x_m,survey_recomputed_y_m,legacy_recomputed_x_m,legacy_recomputed_y_m,survey_radial_difference_m,A1_slant_m,A1_failure,A1_sample_time_us,A1_attempt_count,A2_slant_m,A2_failure,A2_sample_time_us,A2_attempt_count,A3_slant_m,A3_failure,A3_sample_time_us,A3_attempt_count,A4_slant_m,A4_failure,A4_sample_time_us,A4_attempt_count
2026-09-06T08:09:39.003703+00:00,0.0,245747,5816908831,5816925019,15,True,15,1.21929,1.79051,1.9331843191991185,1.8401031059572006,1.2192903634333336,1.7905149191037046,0.2241074793088944,2.67146,ok,5816912887,1,4.55199,ok,5816916886,1,3.47115,ok,5816920886,1,4.82725,ok,5816924886,1
2026-09-06T08:09:39.025689+00:00,0.021986416,245748,5816931086,5816947019,15,True,15,1.21134,1.77773,1.9253088147899757,1.8277941600514542,1.2113455129299997,1.7777269086333334,0.22128330310079286,2.68538,ok,5816934888,1,4.5457,ok,5816938886,1,3.46804,ok,5816942886,1,4.87675,ok,5816946886,1
2026-09-06T08:09:39.048667+00:00,0.044964826,245749,5816953340,5816970019,15,True,15,1.21186,1.79904,1.927373227397516,1.8483858401799753,1.2118646278633332,1.7990355598481487,0.23409668588046315,2.70246,ok,5816957887,1,4.57472,ok,5816961886,1,3.47928,ok,5816965886,1,4.84767,ok,5816969886,1
2026-09-06T08:09:39.070724+00:00,0.067019148,245750,5816975593,5816992019,15,True,15,1.22335,1.78287,1.9361757152235233,1.8327002973469606,1.2233527046433332,1.782863463992593,0.21674706779295716,2.67132,ok,5816979888,1,4.54916,ok,5816983886,1,3.48319,ok,5816987886,1,4.82848,ok,5816991886,1
2026-09-06T08:09:39.092665+00:00,0.088962971,245751,5816997851,5817014019,15,True,15,1.21669,1.76193,1.9289287196441371,1.812580144390284,1.2166898065033334,1.7619383290037047,0.20861795714181822,2.68394,ok,5817001888,1,4.54331,ok,5817005886,1,3.49301,ok,5817009886,1,4.881,ok,5817013886,1
2026-09-06T08:09:39.113765+00:00,0.110062643,245752,5817020112,5817036019,15,True,15,1.20142,1.7519,1.9154281849850692,1.8032237918123064,1.2014272630566678,1.7518973074074078,0.21368065299930603,2.66006,ok,5817023888,1,4.54625,ok,5817027886,1,3.48792,ok,5817031886,1,4.89263,ok,5817035886,1
2026-09-06T08:09:39.137695+00:00,0.133992279,245753,5817042368,5817059019,15,True,15,1.19771,1.75086,1.9122903759528795,1.8023287024156127,1.1977131208700003,1.7508634574111117,0.21574295333488042,2.65825,ok,5817046888,1,4.55303,ok,5817050886,1,3.49277,ok,5817054886,1,4.8929,ok,5817058886,1
2026-09-06T08:09:39.159712+00:00,0.156008679,245754,5817064628,5817081019,15,True,15,1.2177,1.777,1.9307755505522264,1.8270507333594717,1.217695431420001,1.7769991946555554,0.2167402673328263,2.6923,ok,5817068888,1,4.55179,ok,5817072886,1,3.48608,ok,5817076886,1,4.86634,ok,5817080886,1
2026-09-06T08:09:39.181674+00:00,0.177971575,245755,5817086883,5817103020,15,True,15,1.22517,1.77648,1.9369000986520917,1.8263405478648482,1.2251654687666667,1.7764758623740748,0.2117903107843302,2.70178,ok,5817090888,1,4.53999,ok,5817094886,1,3.48208,ok,5817098886,1,4.873,ok,5817102886,1
2026-09-06T08:09:39.204714+00:00,0.201010691,245756,5817109142,5817126019,15,True,15,1.23396,1.80545,1.9464610275518939,1.8541603978315735,1.233959302956667,1.8054543717296307,0.22568845957272626,2.69796,ok,5817113888,1,4.54999,ok,5817117886,1,3.47029,ok,5817121886,1,4.81428,ok,5817125886,1
2026-09-06T08:09:39.225785+00:00,0.222082266,245757,5817131401,5817148019,15,True,15,1.21647,1.7714,1.9296429622017455,1.8218096485828106,1.2164706677966668,1.7713935131407421,0.2140662420901788,2.67349,ok,5817135888,1,4.55682,ok,5817139886,1,3.49811,ok,5817143886,1,4.84856,ok,5817147886,1
2026-09-06T08:09:39.248718+00:00,0.245015491,245758,5817153658,5817170020,15,True,15,1.19481,1.79294,1.9124102891815573,1.8427595250575235,1.1948092349000006,1.7929412455444451,0.24089161128094247,2.67334,ok,5817157888,1,4.56503,ok,5817161886,1,3.4498,ok,5817165886,1,4.86532,ok,5817169886,1
2026-09-06T08:09:39.287700+00:00,0.283997693,245759,5817192805,5817209019,15,True,15,1.22614,1.79957,1.939157587477987,1.8484912147467836,1.2261403504733337,1.799566327414815,0.2261475687738161,2.73949,ok,5817196888,1,4.56282,ok,5817200886,1,3.48348,ok,5817204886,1,4.87046,ok,5817208886,1
2026-09-06T08:09:39.315710+00:00,0.312007087,245760,5817220687,5817237019,15,True,15,1.25258,1.81553,1.9625512418638877,1.863365767609283,1.252580520103334,1.815524518970371,0.22330739056596133,2.74975,ok,5817224888,1,4.54531,ok,5817228886,1,3.47792,ok,5817232886,1,4.82919,ok,5817236886,1
2026-09-06T08:09:39.336772+00:00,0.333069062,245761,5817242948,5817259019,15,True,15,1.2405,1.79165,1.9507758900568248,1.8406204197093503,1.2404970334166672,1.7916473329518523,0.21256121945707113,2.72967,ok,5817246887,1,4.5398,ok,5817250886,1,3.48424,ok,5817254886,1,4.85877,ok,5817258886,1
2026-09-06T08:09:39.358796+00:00,0.35509263,245762,5817265201,5817281019,15,True,15,1.23462,1.79307,1.9458824582278105,1.8420939040794144,1.2346152651633329,1.7930780492148157,0.2168969792001843,2.73186,ok,5817268888,1,4.54677,ok,5817272886,1,3.48304,ok,5817276886,1,4.86549,ok,5817280886,1
2026-09-06T08:09:39.382696+00:00,0.378993722,245763,5817287452,5817304019,15,True,15,1.22442,1.80469,1.9383067485987808,1.85357700956306,1.2244126490766665,1.8046876670296303,0.2305207599534759,2.73183,ok,5817291887,1,4.57789,ok,5817295886,1,3.49414,ok,5817299886,1,4.84647,ok,5817303886,1
2026-09-06T08:09:39.404686+00:00,0.40098337,245764,5817309705,5817326019,15,True,15,1.24558,1.79789,1.9555357485552933,1.8465654045426563,1.245577998313333,1.7978960105370374,0.2140669729478231,2.74038,ok,5817313888,1,4.54591,ok,5817317886,1,3.49142,ok,5817321886,1,4.84886,ok,5817325886,1
2026-09-06T08:09:39.426749+00:00,0.423044316,245765,5817331963,5817348019,15,True,15,1.23165,1.82044,1.9452463930629529,1.8684951672213441,1.23165490193,1.8204400983222235,0.23766370102960108,2.75864,ok,5817335888,1,4.57766,ok,5817339886,1,3.4839,ok,5817343886,1,4.84749,ok,5817347886,1
2026-09-06T08:09:39.448769+00:00,0.445066572,245766,5817354224,5817371019,15,True,15,1.23352,1.79297,1.9449996796009443,1.8420332117196312,1.2335186292566669,1.7929693108962965,0.21743931248973267,2.75386,ok,5817358888,1,4.56424,ok,5817362886,1,3.50439,ok,5817366886,1,4.87628,ok,5817370886,1
2026-09-06T08:09:39.470784+00:00,0.467081693,245767,5817376481,5817393019,15,True,15,1.21335,1.82244,1.9303940527809433,1.8709737149111667,1.2133515633066665,1.8224373016296296,0.24888756130964812,2.73147,ok,5817380888,1,4.61029,ok,5817384886,1,3.49805,ok,5817388886,1,4.82163,ok,5817392886,1
2026-09-06T08:09:39.493694+00:00,0.489991526,245768,5817398735,5817415019,15,True,15,1.22145,1.80801,1.9358156589596087,1.8567251659287909,1.2214582501166673,1.8080107192407413,0.23453058498758395,2.73776,ok,5817402888,1,4.57269,ok,5817406886,1,3.47879,ok,5817410886,1,4.86106,ok,5817414886,1
2026-09-06T08:09:39.514786+00:00,0.511083165,245769,5817420988,5817437019,15,True,15,1.19951,1.83064,1.918997243717059,1.8790027964808633,1.199507335666667,1.8306440142074074,0.2623815078536725,2.75448,ok,5817424888,1,4.62664,ok,5817428886,1,3.48928,ok,5817432886,1,4.8531,ok,5817436886,1
2026-09-06T08:09:39.538765+00:00,0.535062531,245770,5817443245,5817460019,15,True,15,1.20835,1.84168,1.927374702184328,1.889541398033201,1.2083572960700002,1.8416810699444448,0.2652443872720861,2.75407,ok,5817447888,1,4.63042,ok,5817451886,1,3.49274,ok,5817455886,1,4.82045,ok,5817459886,1
2026-09-06T08:09:39.560696+00:00,0.556993009,245771,5817465507,5817482019,15,True,15,1.16379,1.83564,1.889240369434765,1.8844994688420451,1.163784992623334,1.8356424770370379,0.286573658980319,2.73927,ok,5817469888,1,4.6624,ok,5817473886,1,3.47923,ok,5817477886,1,4.8706,ok,5817481886,1
2026-09-06T08:09:39.581759+00:00,0.578056264,245772,5817487762,5817504019,15,True,15,1.16805,1.82777,1.8920666907786088,1.8767308533900875,1.1680448224299997,1.8277708309666674,0.2790710009566077,2.73793,ok,5817491888,1,4.63988,ok,5817495886,1,3.4654,ok,5817499886,1,4.88909,ok,5817503886,1
2026-09-06T08:09:39.603788+00:00,0.600085785,245773,5817510016,5817526019,15,True,15,1.16351,1.81782,1.888143133246697,1.867503029461315,1.1635048954800002,1.8178119468555562,0.27550604478419616,2.72243,ok,5817513888,1,4.66637,ok,5817517886,1,3.5071,ok,5817521886,1,4.86496,ok,5817525886,1
2026-09-06T08:09:39.627714+00:00,0.624011453,245774,5817532271,5817549019,15,True,15,1.15153,1.82398,1.8781187755534752,1.8734994464124604,1.1515308185633333,1.8239764303148154,0.2869419610912409,2.74107,ok,5817536888,1,4.67309,ok,5817540886,1,3.49103,ok,5817544886,1,4.89824,ok,5817548886,1
2026-09-06T08:09:39.655732+00:00,0.65202888,245775,5817560583,5817577019,15,True,15,1.21249,1.82417,1.9294855124402794,1.8725151758935343,1.212494513423334,1.8241710074814819,0.2506531341632858,2.75939,ok,5817564888,1,4.6105,ok,5817568886,1,3.49487,ok,5817572886,1,4.85328,ok,5817576886,1
2026-09-06T08:09:39.677696+00:00,0.673993727,245776,5817582843,5817599019,15,True,15,1.17293,1.82244,1.8962163297506414,1.8716977000477806,1.1729274898200004,1.822444643033334,0.27258048180110217,2.74109,ok,5817586887,1,4.6573,ok,5817590886,1,3.50253,ok,5817594886,1,4.87095,ok,5817598886,1
2026-09-06T08:09:39.699738+00:00,0.696034832,245777,5817605099,5817621019,15,True,15,1.17618,1.80897,1.8981719367478613,1.8587299133376851,1.1761757009033333,1.8089748229148148,0.2621876956929194,2.72272,ok,5817608888,1,4.64514,ok,5817612886,1,3.50832,ok,5817616886,1,4.86773,ok,5817620886,1
2026-09-06T08:09:39.721786+00:00,0.718083778,245778,5817627352,5817644019,15,True,15,1.16785,1.83355,1.8926095576961035,1.8824436700141713,1.1678514604766672,1.8335460565296298,0.28274799069442486,2.73382,ok,5817631887,1,4.65856,ok,5817635886,1,3.48264,ok,5817639886,1,4.86173,ok,5817643886,1
2026-09-06T08:09:39.743801+00:00,0.740098706,245779,5817649611,5817666019,15,True,15,1.17217,1.80671,1.894417880595736,1.8565150776319068,1.1721733319200007,1.8067071054111112,0.26345765895502427,2.74048,ok,5817653888,1,4.64596,ok,5817657886,1,3.50661,ok,5817661886,1,4.89711,ok,5817665886,1
2026-09-06T08:09:39.766721+00:00,0.763017883,245780,5817671869,5817688019,15,True,15,1.1797,1.83753,1.9028716734461062,1.886056962781213,1.1797015232533337,1.8375307664037042,0.27834597627678914,2.75762,ok,5817675888,1,4.6605,ok,5817679886,1,3.49707,ok,5817683886,1,4.85869,ok,5817687886,1
2026-09-06T08:09:39.807698+00:00,0.803994858,245781,5817712821,5817729020,15,True,15,1.16496,1.82745,1.8899607679662025,1.8767247092171424,1.1649637853300006,1.8274513256555553,0.2805642628155637,2.7186,ok,5817716888,1,4.66235,ok,5817720886,1,3.49143,ok,5817724886,1,4.8526,ok,5817728886,1
2026-09-06T08:09:39.829706+00:00,0.826003707,245782,5817735076,5817751020,15,True,15,1.17333,1.8287,1.8969593750086242,1.877706964096427,1.1733252034600001,1.8287022575333338,0.2763199713181927,2.7395,ok,5817738888,1,4.65739,ok,5817742886,1,3.49517,ok,5817746886,1,4.86247,ok,5817750886,1
2026-09-06T08:09:39.853138+00:00,0.849435601,245783,5817757330,5817774019,15,True,15,1.17434,1.85164,1.8993319032573377,1.8997514809924143,1.1743407362500002,1.8516383475666671,0.29093820050627356,2.75218,ok,5817761888,1,4.67041,ok,5817765886,1,3.48445,ok,5817769886,1,4.84094,ok,5817773886,1
2026-09-06T08:09:39.874723+00:00,0.871020438,245784,5817779596,5817796019,15,True,15,1.16451,1.79029,1.8871662734144683,1.841008627476498,1.1645143597233336,1.7902940250259258,0.25896968695667827,2.71061,ok,5817783888,1,4.64971,ok,5817787886,1,3.52169,ok,5817791886,1,4.89102,ok,5817795886,1
2026-09-06T08:09:39.896749+00:00,0.893046183,245785,5817801851,5817818019,15,True,15,1.13719,1.84485,1.8670655115698598,1.8936824559925582,1.1371978189166663,1.8448483042518524,0.30880410964010807,2.73645,ok,5817805888,1,4.6725,ok,5817809886,1,3.44247,ok,5817813886,1,4.90372,ok,5817817886,1
2026-09-06T08:09:39.918746+00:00,0.915042455,245786,5817824107,5817840019,15,True,15,1.1538,1.84556,1.881413600740841,1.8942008963097066,1.153797288216667,1.8455621167740743,0.2989821231040125,2.75923,ok,5817827888,1,4.68493,ok,5817831886,1,3.48231,ok,5817835886,1,4.88284,ok,5817839886,1
2026-09-06T08:09:39.941730+00:00,0.938026946,245787,5817846362,5817863019,15,True,15,1.14581,1.83182,1.8738527572460846,1.8811692482587858,1.1458131118800001,1.8318195820888892,0.29527732218225805,2.73916,ok,5817850888,1,4.68298,ok,5817854886,1,3.48598,ok,5817858886,1,4.89112,ok,5817862886,1
2026-09-06T08:09:39.971860+00:00,0.968156813,245788,5817868620,5817894019,15,True,15,1.14919,1.83565,1.876963109457682,1.8847983779098645,1.1491874737899999,1.8356524686555558,0.2955115773137344,2.74461,ok,5817881888,2,4.68411,ok,5817885886,1,3.48739,ok,5817889886,1,4.88572,ok,5817893886,1
2026-09-06T08:09:40.000704+00:00,0.997001238,245789,5817905588,5817922019,15,True,15,1.15575,1.82788,1.882042718526471,1.8772299168839357,1.1557428504299998,1.8278805192888894,0.2866110099628148,2.73706,ok,5817909888,1,4.67377,ok,5817913886,1,3.49294,ok,5817917886,1,4.88089,ok,5817921886,1
2026-09-06T08:09:40.021775+00:00,1.018072781,245790,5817927848,5817944019,15,True,15,1.16719,1.82698,1.89173129892086,1.876189508472268,1.167186379686667,1.8269739249851857,0.2789279495894943,2.73767,ok,5817931887,1,4.66656,ok,5817935886,1,3.50084,ok,5817939886,1,4.86584,ok,5817943886,1
2026-09-06T08:09:40.044780+00:00,1.041075992,245791,5817950103,5817966019,15,True,15,1.16279,1.82055,1.8878915698469205,1.8702348998674412,1.1627849681133338,1.8205518477259264,0.2775556424692489,2.70441,ok,5817953888,1,4.6678,ok,5817957886,1,3.50446,ok,5817961886,1,4.84238,ok,5817965886,1
2026-09-06T08:09:40.066789+00:00,1.063086537,245792,5817972357,5817989019,15,True,15,1.15399,1.81624,1.8801681696086168,1.8662406470412378,1.1539910967833331,1.8162390778148152,0.2805618927362323,2.70759,ok,5817976887,1,4.67711,ok,5817980886,1,3.50986,ok,5817984886,1,4.85909,ok,5817988886,1
2026-09-06T08:09:40.088785+00:00,1.085081913,245793,5817994617,5818011019,15,True,15,1.15067,1.81836,1.8774599521951276,1.8683194639138996,1.15066748936,1.8183576379555564,0.28396741434487854,2.68023,ok,5817998888,1,4.66307,ok,5818002886,1,3.48363,ok,5818006886,1,4.84711,ok,5818010886,1
2026-09-06T08:09:40.111744+00:00,1.108040835,245794,5818016875,5818033020,15,True,15,1.14551,1.81997,1.8733571144992411,1.8700279103987751,1.14551601814,1.819966567166667,0.2881748541573671,2.68507,ok,5818020888,1,4.68016,ok,5818024886,1,3.49705,ok,5818028886,1,4.84513,ok,5818032886,1
2026-09-06T08:09:40.132796+00:00,1.129093306,245795,5818039135,5818055019,15,True,15,1.13948,1.79913,1.8668111101131197,1.8500609414448963,1.1394812248666666,1.7991314534629639,0.2805958024883166,2.67905,ok,5818042888,1,4.67283,ok,5818046886,1,3.50542,ok,5818050886,1,4.87724,ok,5818054886,1
2026-09-06T08:09:40.156712+00:00,1.153009341,245796,5818061392,5818078019,15,True,15,1.16863,1.8177,1.8924745334517161,1.8673147132127006,1.16862644194,1.8177065953222227,0.2722188673128177,2.72478,ok,5818065888,1,4.66299,ok,5818069886,1,3.51004,ok,5818073886,1,4.8604,ok,5818077886,1
2026-09-06T08:09:40.178726+00:00,1.175023022,245797,5818083645,5818100019,15,True,15,1.13975,1.83955,1.869633968393768,1.888898275984437,1.1397523364100002,1.8395480460555567,0.30364399812140014,2.71376,ok,5818087888,1,4.69973,ok,5818091886,1,3.48985,ok,5818095886,1,4.85186,ok,5818099886,1
2026-09-06T08:09:40.200747+00:00,1.197044095,245798,5818105898,5818122019,15,True,15,1.15466,1.79432,1.879219641357313,1.8451107012365047,1.1546564599033335,1.794316333037038,0.26774970261860237,2.69679,ok,5818109888,1,4.66012,ok,5818113886,1,3.51631,ok,5818117886,1,4.88228,ok,5818121886,1
2026-09-06T08:09:40.223734+00:00,1.220031562,245799,5818128157,5818145020,15,True,15,1.15491,1.79968,1.879863427931121,1.850306075733847,1.154907789963334,1.7996841154592598,0.2704838966606366,2.67262,ok,5818132888,1,4.65202,ok,5818136886,1,3.49903,ok,5818140886,1,4.8579,ok,5818144886,1
2026-09-06T08:09:40.245733+00:00,1.242030042,245800,5818150417,5818167019,15,True,15,1.12992,1.79524,1.8582150419507202,1.8463640681266824,1.129918586133334,1.795236997748149,0.28530907791650406,2.68095,ok,5818154888,1,4.66755,ok,5818158886,1,3.48971,ok,5818162886,1,4.90749,ok,5818166886,1
2026-09-06T08:09:40.267717+00:00,1.264014794,245801,5818172673,5818189019,15,True,15,1.14604,1.79147,1.8714928078547335,1.8424036212763029,1.1460446480366666,1.7914703055185193,0.27225048984871486,2.68683,ok,5818176888,1,4.64707,ok,5818180886,1,3.49034,ok,5818184886,1,4.90395,ok,5818188886,1
2026-09-06T08:09:40.308735+00:00,1.30503289,245802,5818213948,5818230020,15,True,15,1.14765,1.80717,1.8739052722276743,1.8574837555100396,1.1476524710933333,1.8071688638814825,0.27963800678903256,2.6688,ok,5818217888,1,4.64056,ok,5818221886,1,3.46364,ok,5818225886,1,4.87264,ok,5818229886,1
2026-09-06T08:09:40.336720+00:00,1.333017419,245803,5818241691,5818258019,15,True,15,1.16573,1.80139,1.8889874005353884,1.8516908471842592,1.1657301494766668,1.8013917207518517,0.2643554655201382,2.67188,ok,5818245888,1,4.63281,ok,5818249886,1,3.48679,ok,5818253886,1,4.85158,ok,5818257886,1
2026-09-06T08:09:40.357754+00:00,1.354051521,245804,5818263952,5818280019,15,True,15,1.1743,1.81745,1.8972418849940431,1.8669661923760155,1.1742945818300004,1.8174528519444444,0.26853686523871334,2.70953,ok,5818267887,1,4.64776,ok,5818271886,1,3.49822,ok,5818275886,1,4.84649,ok,5818279886,1
2026-09-06T08:09:40.379817+00:00,1.376114771,245805,5818286206,5818302019,15,True,15,1.20519,1.79517,1.9212958559110687,1.8447041731246108,1.2051941456799997,1.7951751740444455,0.2357722478949561,2.73185,ok,5818289888,1,4.58695,ok,5818293886,1,3.49077,ok,5818297886,1,4.88625,ok,5818301886,1
2026-09-06T08:09:40.402772+00:00,1.399068957,245806,5818308457,5818325019,15,True,15,1.19024,1.79607,1.9090135119949427,1.8459704636114382,1.1902396042600007,1.7960667007000009,0.24556527366832723,2.70964,ok,5818312887,1,4.60759,ok,5818316886,1,3.49538,ok,5818320886,1,4.87186,ok,5818324886,1
2026-09-06T08:09:40.424756+00:00,1.421053613,245807,5818330710,5818347019,15,True,15,1.15488,1.7875,1.8787365294940137,1.8384482301323268,1.1548792600066664,1.7875034650740746,0.26407971448466183,2.68185,ok,5818334888,1,4.63616,ok,5818338886,1,3.4936,ok,5818342886,1,4.89444,ok,5818346886,1
2026-09-06T08:09:40.457732+00:00,1.454029605,245808,5818352967,5818379019,15,True,15,1.17236,1.79556,1.8942824268674636,1.8460026932994624,1.1723577570766666,1.7955630083074081,0.2566364405449177,2.67138,ok,5818356888,1,4.62858,ok,5818360886,1,3.49818,ok,5818374886,2,4.84681,ok,5818378886,1
2026-09-06T08:09:40.473938+00:00,1.470235353,245809,5818379806,5818396019,15,True,15,1.1989,1.78524,1.9154865469368032,1.8353325466591142,1.1989005593500004,1.7852336301333336,0.23363036050917363,2.69478,ok,5818383892,1,4.57869,ok,5818387886,1,3.48372,ok,5818391886,1,4.87485,ok,5818395886,1
2026-09-06T08:09:40.496716+00:00,1.493013566,245810,5818402063,5818418020,15,True,15,1.16352,1.79701,1.8863738483474057,1.847299036099248,1.1635197845299996,1.7970097008666674,0.2635385685560707,2.69955,ok,5818405888,1,4.62279,ok,5818409886,1,3.47596,ok,5818413886,1,4.90015,ok,5818417886,1
2026-09-06T08:09:40.518762+00:00,1.515058927,245811,5818424317,5818441019,15,True,15,1.1833,1.80452,1.9038330118217526,1.854288986082978,1.1832985043200002,1.8045225558333342,0.2550192113492476,2.67563,ok,5818428888,1,4.60507,ok,5818432886,1,3.47116,ok,5818436886,1,4.843,ok,5818440886,1
2026-09-06T08:09:40.540764+00:00,1.537061856,245812,5818446572,5818463019,15,True,15,1.15197,1.79901,1.876977899427753,1.8495378397858886,1.1519766888333332,1.7990102055925934,0.2722526298339064,2.67903,ok,5818450888,1,4.63702,ok,5818454886,1,3.47572,ok,5818458886,1,4.88588,ok,5818462886,1
2026-09-06T08:09:40.563785+00:00,1.560082635,245813,5818468828,5818485019,15,True,15,1.19381,1.77802,1.9106909701080759,1.8284822331283495,1.19380356728,1.7780231219555565,0.23280614630108978,2.68291,ok,5818472888,1,4.57427,ok,5818476886,1,3.47991,ok,5818480886,1,4.88301,ok,5818484886,1
2026-09-06T08:09:40.585740+00:00,1.582037114,245814,5818491088,5818507019,15,True,15,1.20242,1.82223,1.9208083651613055,1.8708121400539364,1.2024160563533337,1.8222283569814826,0.2550197680403485,2.73942,ok,5818494888,1,4.60673,ok,5818498886,1,3.47794,ok,5818502886,1,4.8568,ok,5818506886,1
2026-09-06T08:09:40.608708+00:00,1.605005189,245815,5818513346,5818530019,15,True,15,1.18858,1.82854,1.909282038801322,1.877012211083739,1.188578741023333,1.8285387918037042,0.2673439597520591,2.74822,ok,5818517888,1,4.61349,ok,5818521886,1,3.45879,ok,5818525886,1,4.8829,ok,5818529886,1
2026-09-06T08:09:40.629806+00:00,1.626103581,245816,5818535600,5818552019,15,True,15,1.18323,1.81112,1.904023460034961,1.8605505948309509,1.1832333944366669,1.8111246515518515,0.2592022197265639,2.71038,ok,5818539888,1,4.616,ok,5818543886,1,3.47702,ok,5818547886,1,4.86519,ok,5818551886,1
2026-09-06T08:09:40.652737+00:00,1.649034022,245817,5818557852,5818574019,15,True,15,1.18599,1.78682,1.9049153690680658,1.8372001554968542,1.18598926824,1.786818583377779,0.2428337074943374,2.66959,ok,5818561888,1,4.59219,ok,5818565886,1,3.48091,ok,5818569886,1,4.85943,ok,5818573886,1
2026-09-06T08:09:40.680727+00:00,1.677024695,245818,5818585581,5818602019,15,True,15,1.17645,1.7813,1.896653225681887,1.8321375783165077,1.1764545721266666,1.7812991079185196,0.24602605121253066,2.66737,ok,5818589888,1,4.6089,ok,5818593886,1,3.4964,ok,5818597886,1,4.8659,ok,5818601886,1
2026-09-06T08:09:40.701806+00:00,1.698103663,245819,5818607841,5818624020,15,True,15,1.20004,1.77604,1.9159868206658976,1.8265388907837758,1.2000406649400002,1.7760423477111118,0.22749556719659797,2.67071,ok,5818611887,1,4.5693,ok,5818615886,1,3.4849,ok,5818619886,1,4.8633,ok,5818623886,1
2026-09-06T08:09:40.723804+00:00,1.720101119,245820,5818630097,5818646019,15,True,15,1.19027,1.76535,1.906881492467165,1.816365491972652,1.1902648905500002,1.7653521141555566,0.2283154291807636,2.68418,ok,5818633888,1,4.5761,ok,5818637886,1,3.49359,ok,5818641886,1,4.90158,ok,5818645886,1
2026-09-06T08:09:40.746844+00:00,1.743140363,245821,5818652352,5818669019,15,True,15,1.20989,1.79322,1.9252293315128446,1.842777727196143,1.2098933332066664,1.79321486911852,0.23161597886338928,2.70901,ok,5818656887,1,4.57334,ok,5818660886,1,3.48216,ok,5818664886,1,4.86572,ok,5818668886,1
2026-09-06T08:09:40.769763+00:00,1.76606034,245822,5818674611,5818691019,15,True,15,1.17863,1.77409,1.8975617170364953,1.8249466882980578,1.1786324869133333,1.7740888418481495,0.24091914660009112,2.67717,ok,5818678888,1,4.5829,ok,5818682886,1,3.47455,ok,5818686886,1,4.90327,ok,5818690886,1
2026-09-06T08:09:40.809738+00:00,1.806035496,245823,5818714522,5818731019,15,True,15,1.20861,1.77974,1.9231317589234065,1.8297858963189735,1.20860711978,1.7797445262444453,0.22423386143951224,2.71744,ok,5818718888,1,4.56845,ok,5818722886,1,3.49129,ok,5818726886,1,4.89473,ok,5818730886,1
2026-09-06T08:09:40.831743+00:00,1.828040377,245824,5818736785,5818753019,15,True,15,1.20156,1.75728,1.9158155690204408,1.8083677931867885,1.2015524961633326,1.7572837751592605,0.2163758450551237,2.68491,ok,5818740888,1,4.55782,ok,5818744886,1,3.49624,ok,5818748886,1,4.90379,ok,5818752886,1
2026-09-06T08:09:40.852759+00:00,1.849056878,245825,5818759039,5818775020,15,True,15,1.19731,1.75639,1.911950049357682,1.8074809973735924,1.1973042339300002,1.7563892912666677,0.21898216734496376,2.68555,ok,5818762888,1,4.54939,ok,5818766886,1,3.4803,ok,5818770886,1,4.92177,ok,5818774886,1
2026-09-06T08:09:40.876008+00:00,1.872305504,245826,5818781292,5818798019,15,True,15,1.18334,1.77285,1.9015463181126224,1.8237116690848199,1.183336577543333,1.772847670814816,0.23699754017300187,2.69471,ok,5818785888,1,4.5933,ok,5818789886,1,3.49659,ok,5818793886,1,4.9043,ok,5818797886,1
2026-09-06T08:09:40.898780+00:00,1.895076101,245827,5818803550,5818820020,15,True,15,1.20622,1.77022,1.9204218838396716,1.8206400964144391,1.20621516262,1.770221535722223,0.22030972334408788,2.72278,ok,5818807888,1,4.56777,ok,5818811886,1,3.49924,ok,5818815886,1,4.9149,ok,5818819886,1
2026-09-06T08:09:40.919815+00:00,1.916111996,245828,5818825810,5818842019,15,True,15,1.20318,1.79894,1.9194951226207166,1.8482023938925158,1.2031785131166663,1.7989449211851862,0.23950774209051673,2.72447,ok,5818829888,1,4.56498,ok,5818833886,1,3.45403,ok,5818837886,1,4.89922,ok,5818841886,1
2026-09-06T08:09:40.941773+00:00,1.938069995,245829,5818848066,5818864019,15,True,15,1.1494,1.77786,1.8732517375079836,1.8291694883632472,1.1493993852566669,1.7778623606851862,0.2631185009684058,2.67385,ok,5818851888,1,4.62156,ok,5818855886,1,3.4788,ok,5818859886,1,4.91949,ok,5818863886,1
2026-09-06T08:09:40.964805+00:00,1.961102711,245830,5818870320,5818887019,15,True,15,1.1549,1.79534,1.8790084518843149,1.845860387443251,1.1549004472466664,1.7953391858296304,0.26837865321049437,2.67302,ok,5818874888,1,4.61765,ok,5818878886,1,3.45885,ok,5818882886,1,4.89503,ok,5818886886,1
2026-09-06T08:09:40.988281+00:00,1.984550958,245831,5818892574,5818909019,15,True,15,1.17917,1.76857,1.8978711217864415,1.819734819696049,1.1791733669933335,1.7685740983148155,0.23756962280369032,2.67144,ok,5818896888,1,4.59035,ok,5818900886,1,3.49226,ok,5818904886,1,4.894,ok,5818908886,1
2026-09-06T08:09:41.015763+00:00,2.012060146,245832,5818920589,5818937019,15,True,15,1.20532,1.75787,1.9192102259136066,1.808947665612823,1.2053234644866673,1.757873645618519,0.21400151261025627,2.68562,ok,5818924888,1,4.56459,ok,5818928886,1,3.50968,ok,5818932886,1,4.89002,ok,5818936886,1
2026-09-06T08:09:41.036874+00:00,2.033162698,245833,5818942850,5818959019,15,True,15,1.23638,1.78811,1.9468226144978562,1.8371678987179867,1.236381320986666,1.7881001663407414,0.21260647240066985,2.75903,ok,5818946887,1,4.54629,ok,5818950886,1,3.49137,ok,5818954886,1,4.89747,ok,5818958886,1
2026-09-06T08:09:41.058809+00:00,2.055106809,245834,5818965106,5818981019,15,True,15,1.24056,1.7854,1.9501355428226534,1.8344705050865346,1.2405613117900003,1.7853940282666667,0.20838234887629736,2.76136,ok,5818968888,1,4.53997,ok,5818972886,1,3.49262,ok,5818976886,1,4.89991,ok,5818980886,1
2026-09-06T08:09:41.081774+00:00,2.078071363,245835,5818987361,5819004019,15,True,15,1.22596,1.78772,1.938048986828826,1.8370096021658657,1.2259621603166668,1.787713336274074,0.2184974269322861,2.74747,ok,5818991887,1,4.55373,ok,5818995886,1,3.48664,ok,5818999886,1,4.89919,ok,5819003886,1
2026-09-06T08:09:41.104749+00:00,2.101046606,245836,5819009620,5819026019,15,True,15,1.19544,1.78874,1.9125249557595019,1.8386430252890644,1.1954407816800008,1.7887434807111116,0.23804411524134234,2.73605,ok,5819013888,1,4.59165,ok,5819017886,1,3.49127,ok,5819021886,1,4.91235,ok,5819025886,1
2026-09-06T08:09:41.126783+00:00,2.123078207,245837,5819031878,5819048019,15,True,15,1.22376,1.75631,1.9342656176122428,1.8069126163170597,1.2237568367833338,1.7563080562148157,0.20089800904473235,2.71209,ok,5819035888,1,4.53485,ok,5819039886,1,3.49938,ok,5819043886,1,4.91061,ok,5819047886,1
2026-09-06T08:09:41.147827+00:00,2.144123894,245838,5819054139,5819070019,15,True,15,1.21101,1.76969,1.9244157390649248,1.8200347569114539,1.211013271306667,1.7696945486185198,0.21685912619178613,2.72303,ok,5819057888,1,4.56109,ok,5819061886,1,3.49806,ok,5819065886,1,4.9121,ok,5819069886,1
2026-09-06T08:09:41.170937+00:00,2.167234404,245839,5819076396,5819093019,15,True,15,1.21295,1.77727,1.9264537787251537,1.8272431169480137,1.2129446291733332,1.7772707315259269,0.2200634044584592,2.73291,ok,5819080888,1,4.56149,ok,5819084886,1,3.49159,ok,5819088886,1,4.91183,ok,5819092886,1
2026-09-06T08:09:41.192824+00:00,2.189121105,245840,5819098650,5819115019,15,True,15,1.21121,1.8042,1.9271133272977552,1.853345405469032,1.211207998033334,1.804201927270371,0.2378669748856097,2.74553,ok,5819102888,1,4.59974,ok,5819106886,1,3.50455,ok,5819110886,1,4.86891,ok,5819114886,1
2026-09-06T08:09:41.214773+00:00,2.21107008,245841,5819120902,5819137020,15,True,15,1.21049,1.78282,1.9246211996671632,1.8325719279376733,1.2104847444433342,1.7828239741037046,0.225007423864518,2.74086,ok,5819124888,1,4.56325,ok,5819128886,1,3.4832,ok,5819132886,1,4.91897,ok,5819136886,1
2026-09-06T08:09:41.238760+00:00,2.235057125,245842,5819143161,5819160019,15,True,15,1.20877,1.78414,1.9236307488742124,1.8340426939549652,1.2087701952500007,1.7841378280111115,0.22673305731864166,2.7182,ok,5819147888,1,4.5743,ok,5819151886,1,3.49352,ok,5819155886,1,4.88573,ok,5819159886,1
2026-09-06T08:09:41.259782+00:00,2.256079291,245843,5819165421,5819182019,15,True,15,1.19857,1.7752,1.9142359187916806,1.8255344047951263,1.1985713318100002,1.7751940211222226,0.22819569501214595,2.71712,ok,5819169888,1,4.57069,ok,5819173886,1,3.48571,ok,5819177886,1,4.91692,ok,5819181886,1
2026-09-06T08:09:41.281812+00:00,2.278107468,245844,5819187678,5819204019,15,True,15,1.1757,1.75202,1.8931807880062235,1.8035582774619052,1.1756977014899999,1.7520176323222232,0.2323885757501953,2.72734,ok,5819191888,1,4.58249,ok,5819195886,1,3.49829,ok,5819199886,1,4.98452,ok,5819203886,1
2026-09-06T08:09:41.323773+00:00,2.320069302,245845,5819228677,5819245019,15,True,15,1.18036,1.76026,1.8977741828317447,1.811455490052652,1.1803544315600003,1.7602580760000006,0.23287617020851742,2.70366,ok,5819232888,1,4.57278,ok,5819236886,1,3.4816,ok,5819240886,1,4.95074,ok,5819244886,1
2026-09-06T08:09:41.351757+00:00,2.348054439,245846,5819256690,5819273019,15,True,15,1.20965,1.73969,1.9217344832227752,1.7914114175084557,1.2096502881866675,1.73969022242963,0.2018063132995346,2.69935,ok,5819260888,1,4.56685,ok,5819264886,1,3.54195,ok,5819268886,1,4.91087,ok,5819272886,1
2026-09-06T08:09:41.372782+00:00,2.369079357,245847,5819278952,5819295019,15,True,15,1.2236,1.77906,1.9358244524885269,1.8288886555869541,1.2236034476866664,1.7790593494407418,0.2143313584451728,2.72226,ok,5819282887,1,4.55909,ok,5819286886,1,3.5014,ok,5819290886,1,4.87878,ok,5819294886,1
2026-09-06T08:09:41.394843+00:00,2.391140239,245848,5819301204,5819317020,15,True,15,1.21949,1.7842,1.9327266287091487,1.8339294110937077,1.2194858898600003,1.784202050422223,0.22006630118408768,2.72831,ok,5819304888,1,4.57114,ok,5819308886,1,3.50462,ok,5819312886,1,4.87796,ok,5819316886,1
2026-09-06T08:09:41.417786+00:00,2.414083897,245849,5819323454,5819340019,15,True,15,1.23164,1.7821,1.9429528484447827,1.831739470272284,1.231635438223334,1.7821038873037036,0.2113000984832151,2.72023,ok,5819327887,1,4.55866,ok,5819331886,1,3.50839,ok,5819335886,1,4.8576,ok,5819339886,1
2026-09-06T08:09:41.439828+00:00,2.436125578,245850,5819345708,5819362019,15,True,15,1.23472,1.77356,1.9451472113711104,1.823538284339081,1.2347245709333334,1.773562850203704,0.20392540166583623,2.68761,ok,5819349888,1,4.54239,ok,5819353886,1,3.50264,ok,5819357886,1,4.83804,ok,5819361886,1
2026-09-06T08:09:41.462781+00:00,2.459078708,245851,5819367967,5819384019,15,True,15,1.22314,1.76472,1.9348743487787112,1.8152876223052787,1.2231397161900004,1.7647198167111116,0.2058317478326525,2.67414,ok,5819371888,1,4.55031,ok,5819375886,1,3.50774,ok,5819379886,1,4.84783,ok,5819383886,1
2026-09-06T08:09:41.484785+00:00,2.481082308,245852,5819390226,5819407020,15,True,15,1.22077,1.78011,1.9339031445654267,1.8301437173305732,1.2207678174433336,1.7801113928037038,0.21658569696636282,2.67595,ok,5819394888,1,4.55947,ok,5819398886,1,3.49649,ok,5819402886,1,4.8318,ok,5819406886,1
2026-09-06T08:09:41.506835+00:00,2.503132214,245853,5819412482,5819429019,15,True,15,1.21428,1.79611,1.9294536773304776,1.845630075991856,1.214278910726667,1.7961004162185183,0.23066955541591178,2.71125,ok,5819416888,1,4.59054,ok,5819420886,1,3.50727,ok,5819424886,1,4.84027,ok,5819428886,1
2026-09-06T08:09:41.528841+00:00,2.52513847,245854,5819434737,5819451019,15,True,15,1.17574,1.80476,1.8975251359810963,1.8546770912522004,1.1757450268766672,1.8047556500407413,0.2599204868559325,2.71202,ok,5819438888,1,4.63785,ok,5819442886,1,3.50347,ok,5819446886,1,4.86752,ok,5819450886,1
2026-09-06T08:09:41.550799+00:00,2.54709551,245855,5819456990,5819473019,15,True,15,1.18516,1.79939,1.9052508742856207,1.8494064845632556,1.1851554999566667,1.7993890066185196,0.2506607198272359,2.6797,ok,5819460888,1,4.61517,ok,5819464886,1,3.49383,ok,5819468886,1,4.83882,ok,5819472886,1
2026-09-06T08:09:41.574782+00:00,2.571078523,245856,5819479249,5819496019,15,True,15,1.18121,1.79561,1.9015663592338123,1.845792451425728,1.1812079141533331,1.7956070060370375,0.2509868002946629,2.68854,ok,5819483888,1,4.61747,ok,5819487886,1,3.49609,ok,5819491886,1,4.85807,ok,5819495886,1
2026-09-06T08:09:41.595767+00:00,2.592064208,245857,5819501509,5819518019,15,True,15,1.18322,1.79141,1.9032144804921673,1.8418295033336565,1.1832142069000005,1.7914114179777785,0.24713886470369006,2.67288,ok,5819505888,1,4.61873,ok,5819509886,1,3.50601,ok,5819513886,1,4.83931,ok,5819517886,1
2026-09-06T08:09:41.617847+00:00,2.614144099,245858,5819523764,5819540019,15,True,15,1.1788,1.79319,1.899704853847048,1.8436634259721865,1.1788017758966667,1.7931853764185193,0.250993943453476,2.69565,ok,5819527888,1,4.64313,ok,5819531886,1,3.52959,ok,5819535886,1,4.84868,ok,5819539886,1
2026-09-06T08:09:41.639843+00:00,2.636140147,245859,5819546018,5819562019,15,True,15,1.20348,1.79467,1.919855497392952,1.84426625368188,1.2034854705700004,1.794669851866667,0.23650064242212843,2.72323,ok,5819549888,1,4.5857,ok,5819553886,1,3.48733,ok,5819557886,1,4.88176,ok,5819561886,1
2026-09-06T08:09:41.662791+00:00,2.659088412,245860,5819568271,5819585019,15,True,15,1.1827,1.81297,1.903762400680445,1.8623687275492584,1.1826965219100007,1.8129698548444446,0.2606583898289996,2.72208,ok,5819572888,1,4.62819,ok,5819576886,1,3.49004,ok,5819580886,1,4.86607,ok,5819584886,1
2026-09-06T08:09:41.691764+00:00,2.688061032,245861,5819596576,5819613019,15,True,15,1.23126,1.81294,1.9446981939724353,1.861423997215931,1.2312589818666668,1.8129429856185195,0.23243769401858677,2.73098,ok,5819600888,1,4.5762,ok,5819604886,1,3.49109,ok,5819608886,1,4.82527,ok,5819612886,1
2026-09-06T08:09:41.712758+00:00,2.709055198,245862,5819618837,5819635020,15,True,15,1.21967,1.79989,1.9341036279043498,1.8491076087489309,1.21966821774,1.7998923439222225,0.2300023090522504,2.72951,ok,5819622887,1,4.5875,ok,5819626886,1,3.50611,ok,5819630886,1,4.84901,ok,5819634886,1
2026-09-06T08:09:41.734818+00:00,2.731115311,245863,5819641092,5819657019,15,True,15,1.23306,1.77743,1.943735794283412,1.8271647201672296,1.23306588505,1.7774325959222232,0.20748656037392732,2.72058,ok,5819644888,1,4.54887,ok,5819648886,1,3.50371,ok,5819652886,1,4.86854,ok,5819656886,1
2026-09-06T08:09:41.757842+00:00,2.754138811,245864,5819663346,5819680019,15,True,15,1.23421,1.78212,1.9449601827611187,1.8316245314682778,1.2342083887366673,1.7821150173518527,0.20982503932482133,2.71763,ok,5819667887,1,4.54423,ok,5819671886,1,3.49329,ok,5819675886,1,4.8629,ok,5819679886,1
2026-09-06T08:09:41.779771+00:00,2.776068554,245865,5819685600,5819702019,15,True,15,1.24644,1.76564,1.9541498210571575,1.8155301413504625,1.2464377381066671,1.765639752240741,0.19189499819765668,2.7171,ok,5819689888,1,4.52246,ok,5819693886,1,3.50375,ok,5819697886,1,4.87269,ok,5819701886,1
2026-09-06T08:09:41.802767+00:00,2.799064021,245866,5819707858,5819724019,15,True,15,1.2563,1.76422,1.9624846824824442,1.8140366720611463,1.2562991648700002,1.764224355988889,0.18500266392360493,2.72893,ok,5819711888,1,4.52434,ok,5819715886,1,3.52202,ok,5819719886,1,4.86523,ok,5819723886,1
2026-09-06T08:09:41.843826+00:00,2.840123718,245867,5819749091,5819765019,15,True,15,1.23545,1.7887,1.946599193241154,1.8380099462449877,1.2354478143100003,1.7886989919000005,0.21337978932277488,2.71917,ok,5819752888,1,4.55526,ok,5819756886,1,3.50094,ok,5819760886,1,4.84563,ok,5819764886,1
2026-09-06T08:09:41.865795+00:00,2.862092277,245868,5819771344,5819788019,15,True,15,1.22215,1.78485,1.935328048143109,1.834652317742664,1.2221546607633333,1.7848539892925934,0.2187252890600405,2.69899,ok,5819775888,1,4.56933,ok,5819779886,1,3.50523,ok,5819783886,1,4.84082,ok,5819787886,1
2026-09-06T08:09:41.887828+00:00,2.884125446,245869,5819793597,5819810019,15,True,15,1.25978,1.77496,1.9660174212833752,1.82424930188859,1.259778642383334,1.774963641014815,0.19020920303857433,2.71423,ok,5819797888,1,4.50783,ok,5819801886,1,3.49194,ok,5819805886,1,4.84699,ok,5819809886,1
2026-09-06T08:09:41.910769+00:00,2.907066224,245870,5819815862,5819832019,15,True,15,1.23349,1.79182,1.9448155485514436,1.8408890035474543,1.233491041696667,1.791821185485186,0.21671132043553007,2.74643,ok,5819819888,1,4.55432,ok,5819823886,1,3.4929,ok,5819827886,1,4.87829,ok,5819831886,1
2026-09-06T08:09:41.931779+00:00,2.928076582,245871,5819838117,5819854019,15,True,15,1.2261,1.77506,1.9377262387676588,1.8250124457538164,1.2261040605366667,1.7750500568185192,0.2102757898174385,2.70763,ok,5819841888,1,4.54974,ok,5819845886,1,3.49796,ok,5819849886,1,4.86979,ok,5819853886,1
2026-09-06T08:09:41.954896+00:00,2.951192852,245872,5819860373,5819877020,15,True,15,1.2001,1.76864,1.915591696820589,1.8194417712349662,1.2001013026700005,1.768644694077778,0.22329859780810524,2.70241,ok,5819864888,1,4.58819,ok,5819868886,1,3.51919,ok,5819872886,1,4.8872,ok,5819876886,1
2026-09-06T08:09:41.976876+00:00,2.973172356,245873,5819882634,5819899019,15,True,15,1.19574,1.80488,1.91412878761798,1.85429995627641,1.195740903463334,1.8048856331703702,0.24761090061360383,2.72063,ok,5819886888,1,4.60392,ok,5819890886,1,3.48705,ok,5819894886,1,4.86814,ok,5819898886,1
2026-09-06T08:09:41.998802+00:00,2.995099058,245874,5819904888,5819921019,15,True,15,1.20762,1.79411,1.9235223573936302,1.8437526154485306,1.2076168323833343,1.7941081213148153,0.2335160049204519,2.71742,ok,5819908888,1,4.59047,ok,5819912886,1,3.50023,ok,5819916886,1,4.86282,ok,5819920886,1
2026-09-06T08:09:42.027765+00:00,3.024062526,245875,5819932588,5819949019,15,True,15,1.21244,1.80476,1.9283476108232978,1.8539384775338545,1.2124405319366671,1.8047648124629634,0.23745755177153496,2.72219,ok,5819936888,1,4.59403,ok,5819940886,1,3.49809,ok,5819944886,1,4.84498,ok,5819948886,1
2026-09-06T08:09:42.049606+00:00,3.045865225,245876,5819954850,5819971019,15,True,15,1.22988,1.80523,1.9429485806187337,1.8539918943475204,1.2298832649900004,1.805229342933334,0.22780978741196298,2.73796,ok,5819958887,1,4.57489,ok,5819962886,1,3.49734,ok,5819966886,1,4.84443,ok,5819970886,1
2026-09-06T08:09:42.070854+00:00,3.067151782,245877,5819977104,5819993019,15,True,15,1.20768,1.79939,1.9238504975830628,1.8487960053301085,1.2076867268200007,1.799391766866667,0.23684963282386104,2.74397,ok,5819980888,1,4.60294,ok,5819984886,1,3.5099,ok,5819988886,1,4.8758,ok,5819992886,1
2026-09-06T08:09:42.093812+00:00,3.090108848,245878,5819999357,5820016019,15,True,15,1.2074,1.79761,1.923929426109173,1.8472971423752638,1.2073926611199997,1.7976087348111116,0.23572816836211546,2.70133,ok,5820003887,1,4.60411,ok,5820007886,1,3.5133,ok,5820011886,1,4.8291,ok,5820015886,1
2026-09-06T08:09:42.115859+00:00,3.112156065,245879,5820021618,5820038019,15,True,15,1.18501,1.80411,1.9053270886369846,1.8538999511911882,1.185011178403333,1.8041137173370376,0.25366370890529405,2.70179,ok,5820025888,1,4.62279,ok,5820029886,1,3.49761,ok,5820033886,1,4.852,ok,5820037886,1
2026-09-06T08:09:42.138813+00:00,3.135109963,245880,5820043877,5820060019,15,True,15,1.19603,1.81745,1.915162070776234,1.8663585419931672,1.196029009873334,1.817446396337038,0.2555343571206691,2.72377,ok,5820047888,1,4.60678,ok,5820051886,1,3.47501,ok,5820055886,1,4.85673,ok,5820059886,1
2026-09-06T08:09:42.159803+00:00,3.156100896,245881,5820066135,5820082019,15,True,15,1.22412,1.83422,1.9399972115240047,1.8819806596960234,1.2241142821233335,1.83421347555926,0.2515889970603145,2.73797,ok,5820069888,1,4.59012,ok,5820073886,1,3.47166,ok,5820077886,1,4.81493,ok,5820081886,1
2026-09-06T08:09:42.182854+00:00,3.179151213,245882,5820088392,5820105019,15,True,15,1.22272,1.79417,1.9360377799755688,1.8434216766824145,1.2227157941133335,1.794167902514816,0.2245239622056919,2.73285,ok,5820092888,1,4.56876,ok,5820096886,1,3.49331,ok,5820100886,1,4.86945,ok,5820104886,1
2026-09-06T08:09:42.204804+00:00,3.201101052,245883,5820110646,5820127019,15,True,15,1.21319,1.82205,1.929962394629166,1.8704762391690377,1.2131911160366669,1.8220504451518524,0.24878350592595813,2.73514,ok,5820114888,1,4.59636,ok,5820118886,1,3.47994,ok,5820122886,1,4.83975,ok,5820126886,1
2026-09-06T08:09:42.226799+00:00,3.223096684,245884,5820132898,5820149019,15,True,15,1.19875,1.78889,1.9156670204913635,1.838878822957008,1.19874895492,1.7888841662666675,0.23586959983974826,2.71748,ok,5820136888,1,4.59736,ok,5820140886,1,3.50332,ok,5820144886,1,4.87942,ok,5820148886,1
2026-09-06T08:09:42.250771+00:00,3.247068241,245885,5820155156,5820172019,15,True,15,1.17864,1.81225,1.9003260292803157,1.8617640059022709,1.1786481931800006,1.8122498037222223,0.26270586025098946,2.70442,ok,5820159888,1,4.62379,ok,5820163886,1,3.47932,ok,5820167886,1,4.85954,ok,5820171886,1
2026-09-06T08:09:42.271836+00:00,3.268133768,245886,5820177416,5820194020,15,True,15,1.20534,1.79763,1.9214899488452315,1.8470126901937112,1.205345254,1.7976248725333341,0.23725276821551147,2.74147,ok,5820181888,1,4.58753,ok,5820185886,1,3.48859,ok,5820189886,1,4.89391,ok,5820193886,1
2026-09-06T08:09:42.293836+00:00,3.290132472,245887,5820199673,5820216019,15,True,15,1.1952,1.81232,1.9138543084886508,1.8613067475678955,1.1952017096066674,1.8123120700851856,0.25278338820353674,2.75205,ok,5820203888,1,4.60686,ok,5820207886,1,3.48057,ok,5820211886,1,4.89485,ok,5820215886,1
2026-09-06T08:09:42.315871+00:00,3.312167114,245888,5820221927,5820238019,15,True,15,1.20681,1.82272,1.9244976524074695,1.871177060418195,1.20680339,1.8227143607888894,0.252862997468552,2.75846,ok,5820225888,1,4.6106,ok,5820229886,1,3.48873,ok,5820233886,1,4.86519,ok,5820237886,1
2026-09-06T08:09:42.357843+00:00,3.35414002,245889,5820263207,5820280020,15,True,15,1.21804,1.7914,1.9319832091707996,1.8408816601662896,1.2180408185266662,1.7914013611296307,0.2255043564142847,2.72746,ok,5820267888,1,4.57443,ok,5820271886,1,3.4976,ok,5820275886,1,4.87024,ok,5820279886,1
2026-09-06T08:09:42.386770+00:00,3.383066366,245890,5820291657,5820308019,15,True,15,1.20419,1.79157,1.9202568813621141,1.841278389471106,1.2041892156266665,1.7915712900740743,0.23414406940025007,2.71696,ok,5820295888,1,4.581,ok,5820299886,1,3.48616,ok,5820303886,1,4.8806,ok,5820307886,1
2026-09-06T08:09:42.407858+00:00,3.404155478,245891,5820313919,5820330019,15,True,15,1.24332,1.78567,1.9529125925052568,1.834891953988011,1.243318223079999,1.7856722202333344,0.20684408307673172,2.74901,ok,5820317887,1,4.55557,ok,5820321886,1,3.51644,ok,5820325886,1,4.86554,ok,5820329886,1
2026-09-06T08:09:42.429857+00:00,3.426154182,245892,5820336173,5820352019,15,True,15,1.22099,1.78301,1.9337960547890491,1.8326919286587249,1.2209941321400002,1.7830058724555562,0.2184364840794386,2.74945,ok,5820339888,1,4.57426,ok,5820343886,1,3.51237,ok,5820347886,1,4.89675,ok,5820351886,1
2026-09-06T08:09:42.452859+00:00,3.449156465,245893,5820358425,5820375019,15,True,15,1.22675,1.79946,1.939774483727464,1.8484214917537785,1.2267527584266666,1.7994525982407417,0.22568452455566826,2.73466,ok,5820362887,1,4.56568,ok,5820366886,1,3.48825,ok,5820370886,1,4.86119,ok,5820374886,1
2026-09-06T08:09:42.474805+00:00,3.471102336,245894,5820380679,5820397020,15,True,15,1.18477,1.78114,1.9032071807589896,1.831619139408671,1.1847730977166666,1.7811446621629636,0.24058246144519913,2.71393,ok,5820384888,1,4.59948,ok,5820388886,1,3.49609,ok,5820392886,1,4.90916,ok,5820396886,1
2026-09-06T08:09:42.497783+00:00,3.494079659,245895,5820402937,5820419019,15,True,15,1.20084,1.78326,1.9169607031166522,1.8333870357696933,1.2008415483400006,1.7832651058000002,0.2312362017680115,2.70622,ok,5820406888,1,4.58063,ok,5820410886,1,3.49159,ok,5820414886,1,4.88353,ok,5820418886,1
2026-09-06T08:09:42.518802+00:00,3.515099361,245896,5820425197,5820441019,15,True,15,1.2259,1.80763,1.939813569880134,1.856406362564032,1.2259001680400001,1.8076293879111118,0.2316790205116166,2.73278,ok,5820428888,1,4.58108,ok,5820432886,1,3.49666,ok,5820436886,1,4.83872,ok,5820440886,1
2026-09-06T08:09:42.541854+00:00,3.538150925,245897,5820447453,5820464019,15,True,15,1.21757,1.79307,1.9315873664200292,1.842443608553962,1.2175702710933334,1.7930697570925933,0.22689752849640055,2.74993,ok,5820451888,1,4.58235,ok,5820455886,1,3.50514,ok,5820459886,1,4.88746,ok,5820463886,1
2026-09-06T08:09:42.563863+00:00,3.560159966,245898,5820469706,5820486019,15,True,15,1.21493,1.82171,1.9315239590865922,1.8701737383984578,1.2149319240600003,1.8217128697222231,0.2475494017767628,2.74972,ok,5820473888,1,4.60985,ok,5820477886,1,3.50066,ok,5820481886,1,4.84016,ok,5820485886,1
2026-09-06T08:09:42.585871+00:00,3.582168046,245899,5820491959,5820508019,15,True,15,1.18625,1.81787,1.9074786509620896,1.8672034610079407,1.1862464879033339,1.8178685838481483,0.26145588283297483,2.70148,ok,5820495888,1,4.63716,ok,5820499886,1,3.5007,ok,5820503886,1,4.82255,ok,5820507886,1
2026-09-06T08:09:42.609778+00:00,3.606074834,245900,5820514219,5820531019,15,True,15,1.18391,1.80639,1.9048617456910288,1.85626249375739,1.1839108667799996,1.80639458858889,0.2556259766028233,2.69711,ok,5820518888,1,4.64052,ok,5820522886,1,3.51653,ok,5820526886,1,4.82997,ok,5820530886,1
2026-09-06T08:09:42.630787+00:00,3.627084071,245901,5820536480,5820553019,15,True,15,1.17785,1.81673,1.9000313369686441,1.8661288732575956,1.1778504845733335,1.81673142125926,0.26595497813363617,2.71288,ok,5820540888,1,4.63584,ok,5820544886,1,3.4884,ok,5820548886,1,4.85498,ok,5820552886,1
2026-09-06T08:09:42.652815+00:00,3.649111704,245902,5820558735,5820575019,15,True,15,1.19324,1.82594,1.9135246156024448,1.8746489717494077,1.1932362706366668,1.8259329672074078,0.26273900262687794,2.73405,ok,5820562888,1,4.62793,ok,5820566886,1,3.48808,ok,5820570886,1,4.84605,ok,5820574886,1
2026-09-06T08:09:42.674828+00:00,3.671124521,245903,5820580989,5820597019,15,True,15,1.18177,1.83374,1.9042859050949559,1.8823349909243567,1.18176933115,1.833740906244445,0.2746437212076024,2.74852,ok,5820584888,1,4.64696,ok,5820588886,1,3.48687,ok,5820592886,1,4.8606,ok,5820596886,1
2026-09-06T08:09:42.697861+00:00,3.694157461,245904,5820603243,5820620020,15,True,15,1.15971,1.79382,1.882840575248368,1.8442492479109305,1.1597114964899995,1.7938196154666677,0.26437254528928184,2.73233,ok,5820607888,1,4.63888,ok,5820611886,1,3.49599,ok,5820615886,1,4.93188,ok,5820619886,1
2026-09-06T08:09:42.725876+00:00,3.722173415,245905,5820631591,5820648019,15,True,15,1.18005,1.78378,1.899253793960992,1.834178743348558,1.1800506651766671,1.7837850115851857,0.24526557039017152,2.72392,ok,5820635888,1,4.60295,ok,5820639886,1,3.4905,ok,5820643886,1,4.92415,ok,5820647886,1
2026-09-06T08:09:42.747868+00:00,3.744164823,245906,5820653854,5820670019,15,True,15,1.14475,1.80222,1.871043567244951,1.8527363614742496,1.1447508962966668,1.8022203168518525,0.2788902472661582,2.69132,ok,5820657887,1,4.65024,ok,5820661886,1,3.47883,ok,5820665886,1,4.89864,ok,5820669886,1
2026-09-06T08:09:42.769856+00:00,3.766153447,245907,5820676109,5820692019,15,True,15,1.19102,1.79565,1.90993783721967,1.8456974529028403,1.1910160122433333,1.7956516973814816,0.2446998740572193,2.69595,ok,5820679888,1,4.61626,ok,5820683886,1,3.50844,ok,5820687886,1,4.84719,ok,5820691886,1
2026-09-06T08:09:42.792801+00:00,3.789097777,245908,5820698362,5820715019,15,True,15,1.16293,1.80634,1.8866949652431941,1.8563875249986395,1.162931194703333,1.806347449181482,0.2691570101866412,2.71752,ok,5820702887,1,4.6486,ok,5820706886,1,3.49738,ok,5820710886,1,4.88821,ok,5820714886,1
2026-09-06T08:09:42.814807+00:00,3.811104001,245909,5820720623,5820737019,15,True,15,1.19622,1.80626,1.9146547272604018,1.855632838490532,1.1962200486900008,1.806265465111111,0.24817908579968093,2.72123,ok,5820724888,1,4.60596,ok,5820728886,1,3.48865,ok,5820732886,1,4.86462,ok,5820736886,1
2026-09-06T08:09:42.836907+00:00,3.833203604,245910,5820742883,5820759019,15,True,15,1.16643,1.8089,1.8894701684011328,1.8586118308514958,1.1664280760966672,1.8088965857074082,0.26854124353848025,2.73523,ok,5820746888,1,4.63545,ok,5820750886,1,3.48161,ok,5820754886,1,4.9109,ok,5820758886,1
2026-09-06T08:09:42.876821+00:00,3.873117575,245911,5820781944,5820798020,15,True,15,1.20017,1.77895,1.9164429972510295,1.8294037780755965,1.2001732196733341,1.7789480615592592,0.22900550671647224,2.69992,ok,5820785888,1,4.59627,ok,5820789886,1,3.51666,ok,5820793886,1,4.86718,ok,5820797886,1
2026-09-06T08:09:42.898869+00:00,3.895165752,245912,5820804199,5820821019,15,True,15,1.1988,1.78364,1.915276605078806,1.8337910532998882,1.1988032367700006,1.7836403914333332,0.2327658755227591,2.69722,ok,5820808888,1,4.57841,ok,5820812886,1,3.48527,ok,5820816886,1,4.87948,ok,5820820886,1
2026-09-06T08:09:42.920811+00:00,3.917108295,245913,5820826451,5820843019,15,True,15,1.20479,1.80691,1.9220599458220653,1.8561527900490682,1.20479667736,1.8069093117222228,0.24337967712888173,2.71688,ok,5820830888,1,4.6014,ok,5820834886,1,3.49409,ok,5820838886,1,4.84581,ok,5820842886,1
2026-09-06T08:09:42.942895+00:00,3.939191674,245914,5820848716,5820865019,15,True,15,1.17703,1.79196,1.8975117648584794,1.842221544721624,1.177031414433334,1.7919568976925933,0.2517291207623129,2.7201,ok,5820852888,1,4.62235,ok,5820856886,1,3.50126,ok,5820860886,1,4.90036,ok,5820864886,1
2026-09-06T08:09:42.964862+00:00,3.961159145,245915,5820870970,5820887019,15,True,15,1.20841,1.7643,1.9218294626861518,1.8148830055711886,1.2084070991500004,1.7643040579000004,0.21558004270420225,2.72809,ok,5820874888,1,4.56361,ok,5820878886,1,3.50455,ok,5820882886,1,4.9256,ok,5820886886,1
2026-09-06T08:09:42.987853+00:00,3.984150452,245916,5820893227,5820910020,15,True,15,1.1887,1.77136,1.9058718530677263,1.8221332297918764,1.1887045413533341,1.7713623687037041,0.23260487850383377,2.71902,ok,5820897888,1,4.59477,ok,5820901886,1,3.50809,ok,5820905886,1,4.92015,ok,5820909886,1
2026-09-06T08:09:43.010316+00:00,4.006586032,245917,5820915481,5820932019,15,True,15,1.17318,1.76471,1.8924851301012682,1.816094978925681,1.1731794963700002,1.7647107831555562,0.23986239204988866,2.67855,ok,5820919888,1,4.59576,ok,5820923886,1,3.49577,ok,5820927886,1,4.91246,ok,5820931886,1
2026-09-06T08:09:43.031878+00:00,4.028175285,245918,5820937734,5820954019,15,True,15,1.17783,1.77832,1.8974895797038283,1.8291808795544235,1.1778340287900004,1.7783163523555563,0.24354711401952617,2.67892,ok,5820941888,1,4.60537,ok,5820945886,1,3.49756,ok,5820949886,1,4.88183,ok,5820953886,1
2026-09-06T08:09:43.059869+00:00,4.056166375,245919,5820965569,5820982019,15,True,15,1.20486,1.78895,1.9209195913286379,1.8388775373826418,1.204857822933334,1.7889545979259263,0.23201348340397707,2.69362,ok,5820969888,1,4.58198,ok,5820973886,1,3.49178,ok,5820977886,1,4.85478,ok,5820981886,1
2026-09-06T08:09:43.081811+00:00,4.078108469,245920,5820987832,5821004019,15,True,15,1.20135,1.82065,1.9202096534714876,1.8695041680716484,1.2013458620266664,1.8206465698185192,0.25444172513721064,2.71795,ok,5820991887,1,4.61915,ok,5820995886,1,3.49488,ok,5820999886,1,4.82444,ok,5821003886,1
2026-09-06T08:09:43.103823+00:00,4.100119718,245921,5821010086,5821026019,15,True,15,1.20259,1.7891,1.918677261550238,1.8389018179076257,1.2025881500433337,1.7891021204925934,0.2336691431153753,2.71269,ok,5821013888,1,4.57562,ok,5821017886,1,3.47998,ok,5821021886,1,4.88645,ok,5821025886,1
2026-09-06T08:09:43.126875+00:00,4.123171763,245922,5821032338,5821049020,15,True,15,1.19996,1.82229,1.91903239828708,1.871055120487771,1.1999673048466668,1.8222928228074085,0.25638248750658515,2.71185,ok,5821036887,1,4.61028,ok,5821040886,1,3.47904,ok,5821044886,1,4.82738,ok,5821048886,1
2026-09-06T08:09:43.148855+00:00,4.145152834,245923,5821054591,5821071019,15,True,15,1.19361,1.76899,1.9101471750931014,1.8198975323547157,1.1936077974166668,1.7689874154851855,0.22785600318168103,2.67437,ok,5821058888,1,4.57994,ok,5821062886,1,3.49872,ok,5821066886,1,4.87705,ok,5821070886,1
2026-09-06T08:09:43.171810+00:00,4.168106924,245924,5821076851,5821093019,15,True,15,1.19959,1.79994,1.9173976383222202,1.8496375367916584,1.1995886095966668,1.799941013951853,0.24200923359551457,2.70184,ok,5821080888,1,4.60789,ok,5821084886,1,3.50415,ok,5821088886,1,4.84004,ok,5821092886,1
2026-09-06T08:09:43.192881+00:00,4.189178884,245925,5821099111,5821115019,15,True,15,1.18619,1.75676,1.902702355799787,1.8080936847032867,1.1861911786666666,1.7567603356296302,0.22691055414813682,2.70602,ok,5821102888,1,4.58058,ok,5821106886,1,3.50468,ok,5821110886,1,4.93748,ok,5821114886,1
2026-09-06T08:09:43.215892+00:00,4.212189295,245926,5821121368,5821138019,15,True,15,1.20293,1.80366,1.9202782246948706,1.8530677569680267,1.2029266202666666,1.8036608422629632,0.242400349658718,2.70671,ok,5821125888,1,4.59721,ok,5821129886,1,3.49008,ok,5821133886,1,4.84528,ok,5821137886,1
2026-09-06T08:09:43.237790+00:00,4.234087069,245927,5821143628,5821160019,15,True,15,1.23528,1.80853,1.9477574527630805,1.8570863423373178,1.2352805028266665,1.8085322528629633,0.22713985754784866,2.73224,ok,5821147888,1,4.5685,ok,5821151886,1,3.49245,ok,5821155886,1,4.82977,ok,5821159886,1
2026-09-06T08:09:43.259867+00:00,4.256164655,245928,5821165880,5821182020,15,True,15,1.19764,1.78236,1.914176305442,1.8325619470588068,1.1976469442733337,1.7823601029148157,0.2327855649699934,2.71821,ok,5821169888,1,4.58934,ok,5821173886,1,3.49961,ok,5821177886,1,4.89603,ok,5821181886,1
2026-09-06T08:09:43.282874+00:00,4.279171482,245929,5821188140,5821205020,15,True,15,1.22211,1.78432,1.934819645593847,1.8339361244071677,1.2221094805566668,1.7843230330074078,0.2185801289941935,2.71879,ok,5821192888,1,4.55474,ok,5821196886,1,3.48681,ok,5821200886,1,4.87718,ok,5821204886,1
2026-09-06T08:09:43.304812+00:00,4.301109833,245930,5821210401,5821227020,15,True,15,1.17247,1.77557,1.8922590800677848,1.8263923418744312,1.17246593746,1.7755700086444453,0.24603290262710611,2.69864,ok,5821214888,1,4.59109,ok,5821218886,1,3.47457,ok,5821222886,1,4.93029,ok,5821226886,1
2026-09-06T08:09:43.326857+00:00,4.323153978,245931,5821232657,5821249020,15,True,15,1.18079,1.75293,1.8982706251816952,1.8046926198830424,1.1807888521900005,1.7529335766,0.22871030283202126,2.66048,ok,5821236888,1,4.5817,ok,5821240886,1,3.50335,ok,5821244886,1,4.90124,ok,5821248886,1
2026-09-06T08:09:43.348917+00:00,4.345212556,245932,5821254913,5821271019,15,True,15,1.1951,1.7801,1.912058045858148,1.8305156608661552,1.1950977777766663,1.7800938336296308,0.23306287394133882,2.69606,ok,5821258888,1,4.58943,ok,5821262886,1,3.499,ok,5821266886,1,4.87871,ok,5821270886,1
2026-09-06T08:09:43.390818+00:00,4.387115092,245933,5821295678,5821312020,15,True,15,1.1908,1.78858,1.908595861959829,1.8385692352482201,1.1908008222899993,1.7885788462222236,0.24093912854765354,2.72701,ok,5821299888,1,4.5913,ok,5821303886,1,3.48437,ok,5821307886,1,4.91222,ok,5821311886,1
2026-09-06T08:09:43.417890+00:00,4.414187405,245934,5821323692,5821340019,15,True,15,1.17882,1.792,1.8992101938916135,1.8423222234774843,1.1788262427366667,1.792007140140741,0.25049801266586935,2.70532,ok,5821327888,1,4.62242,ok,5821331886,1,3.50385,ok,5821335886,1,4.88018,ok,5821339886,1
2026-09-06T08:09:43.439809+00:00,4.436106011,245935,5821345953,5821362019,15,True,15,1.21771,1.79108,1.9318414366986885,1.8406540055233598,1.2177087412900003,1.791079613655556,0.22544143504740796,2.71078,ok,5821349887,1,4.5744,ok,5821353886,1,3.4975,ok,5821357886,1,4.85259,ok,5821361886,1
2026-09-06T08:09:43.462838+00:00,4.459134663,245936,5821368206,5821385019,15,True,15,1.20709,1.78518,1.9221521305905636,1.8350181130834837,1.2070844908599996,1.7851810167333335,0.2284809021543178,2.72623,ok,5821372888,1,4.57378,ok,5821376886,1,3.48908,ok,5821380886,1,4.89764,ok,5821384886,1
2026-09-06T08:09:43.484851+00:00,4.481148184,245937,5821390457,5821407019,15,True,15,1.19745,1.81043,1.9161219658140933,1.85968332700764,1.19745647224,1.8104265961333337,0.2500393344593802,2.7073,ok,5821394887,1,4.60648,ok,5821398886,1,3.48574,ok,5821402886,1,4.84214,ok,5821406886,1
2026-09-06T08:09:43.506821+00:00,4.503118279,245938,5821412712,5821429019,15,True,15,1.18124,1.82283,1.9031962243164515,1.8718783456813564,1.1812432579899999,1.822823212966668,0.26779273730077807,2.72647,ok,5821416888,1,4.63583,ok,5821420886,1,3.48539,ok,5821424886,1,4.85758,ok,5821428886,1
2026-09-06T08:09:43.528953+00:00,4.525250043,245939,5821434972,5821451019,15,True,15,1.17806,1.80629,1.8994733986018961,1.8560549857633162,1.1780645906966676,1.8062870373518516,0.2594142321701594,2.72903,ok,5821438888,1,4.63914,ok,5821442886,1,3.50652,ok,5821446886,1,4.87911,ok,5821450886,1
2026-09-06T08:09:43.551898+00:00,4.548195365,245940,5821457232,5821474019,15,True,15,1.18219,1.80797,1.9027902753192638,1.8574707216549713,1.1821863769800007,1.8079724535333335,0.25795995437232755,2.73126,ok,5821461888,1,4.62013,ok,5821465886,1,3.48507,ok,5821469886,1,4.88963,ok,5821473886,1
2026-09-06T08:09:43.573813+00:00,4.570110003,245941,5821479488,5821496019,15,True,15,1.19331,1.78056,1.9103920217139654,1.8308989040609036,1.1933169922500002,1.780553396900001,0.2345836846645104,2.72298,ok,5821483888,1,4.59586,ok,5821487886,1,3.5043,ok,5821491886,1,4.90571,ok,5821495886,1
2026-09-06T08:09:43.595846+00:00,4.592142788,245942,5821501741,5821518020,15,True,15,1.18308,1.80755,1.903773928464081,1.8571695155680703,1.1830855830400004,1.8075521565333335,0.2570392712531024,2.70169,ok,5821505888,1,4.61665,ok,5821509886,1,3.48229,ok,5821513886,1,4.85851,ok,5821517886,1
2026-09-06T08:09:43.617808+00:00,4.614105651,245943,5821523995,5821540019,15,True,15,1.16197,1.79962,1.885538719328311,1.8499825378759305,1.161969645773334,1.799621516814815,0.265891854852023,2.69062,ok,5821527888,1,4.63794,ok,5821531886,1,3.4905,ok,5821535886,1,4.87672,ok,5821539886,1
2026-09-06T08:09:43.640912+00:00,4.637208769,245944,5821546254,5821563019,15,True,15,1.16556,1.82506,1.8900874518589152,1.874310632048107,1.1655606490533328,1.8250611717592606,0.2787860266067802,2.72599,ok,5821550888,1,4.65237,ok,5821554886,1,3.48204,ok,5821558886,1,4.87142,ok,5821562886,1
2026-09-06T08:09:43.672842+00:00,4.669138877,245945,5821568514,5821595020,15,True,15,1.16501,1.78649,1.886961381578023,1.8371608744018164,1.1650093052299992,1.7864863715777788,0.25675712456219907,2.70986,ok,5821572888,1,4.6256,ok,5821576886,1,3.49541,ok,5821580886,1,4.91548,ok,5821594886,2
2026-09-06T08:09:43.689844+00:00,4.686141671,245946,5821595697,5821612020,15,True,15,1.15545,1.8136,1.8804058270093469,1.8632869200508635,1.155447521023333,1.813599057837038,0.2784309832137354,2.73367,ok,5821599892,1,4.64172,ok,5821603886,1,3.46809,ok,5821607886,1,4.92128,ok,5821611886,1
2026-09-06T08:09:43.711821+00:00,4.708118038,245947,5821617950,5821634019,15,True,15,1.17343,1.79646,1.8948131795990941,1.8466420218577047,1.1734326618200006,1.7964630400111115,0.2566465630142729,2.72905,ok,5821621888,1,4.63538,ok,5821625886,1,3.50755,ok,5821629886,1,4.90121,ok,5821633886,1
2026-09-06T08:09:43.733893+00:00,4.730190888,245948,5821640203,5821656020,15,True,15,1.17294,1.78332,1.8938238856630998,1.8341451131531026,1.172943133256667,1.7833182977851854,0.24949104942924769,2.67772,ok,5821643888,1,4.61946,ok,5821647886,1,3.50271,ok,5821651886,1,4.8726,ok,5821655886,1
2026-09-06T08:09:43.761901+00:00,4.758198042,245949,5821667575,5821684019,15,True,15,1.1593,1.81179,1.8841732577352868,1.8617788117573202,1.1593015070666661,1.8117927699740752,0.274605506563885,2.69012,ok,5821671888,1,4.64904,ok,5821675886,1,3.48575,ok,5821679886,1,4.85981,ok,5821683886,1
2026-09-06T08:09:43.783840+00:00,4.780137193,245950,5821689837,5821706019,15,True,15,1.17476,1.8078,1.89692584996936,1.8576416649315348,1.1747581697633338,1.8078026697814824,0.2623627041515271,2.68299,ok,5821693887,1,4.62485,ok,5821697886,1,3.48089,ok,5821701886,1,4.84688,ok,5821705886,1
2026-09-06T08:09:43.805874+00:00,4.80217081,245951,5821712091,5821728019,15,True,15,1.14281,1.79826,1.8692687350774475,1.8490283023015714,1.1428069859966663,1.7982656588518524,0.2780159317256143,2.67387,ok,5821715888,1,4.64869,ok,5821719886,1,3.47908,ok,5821723886,1,4.88859,ok,5821727886,1
2026-09-06T08:09:43.828811+00:00,4.825108228,245952,5821734345,5821751019,15,True,15,1.17635,1.8219,1.8991411246366692,1.871142870125353,1.1763471044433333,1.8218965389925936,0.27011609930678504,2.69734,ok,5821738887,1,4.63217,ok,5821742886,1,3.47468,ok,5821746886,1,4.83945,ok,5821750886,1
2026-09-06T08:09:43.850883+00:00,4.84717999,245953,5821756598,5821773019,15,True,15,1.19994,1.82043,1.918775344379061,1.8692102403826056,1.1999350382233336,1.8204268318037045,0.2551830671462207,2.71554,ok,5821760888,1,4.60558,ok,5821764886,1,3.47518,ok,5821768886,1,4.83781,ok,5821772886,1
2026-09-06T08:09:43.892895+00:00,4.889192193,245954,5821798124,5821815020,15,True,15,1.19647,1.82442,1.916330277646053,1.8732195605338238,1.1964673962033334,1.8244210032592603,0.25979794270813816,2.72586,ok,5821802888,1,4.62967,ok,5821806886,1,3.49696,ok,5821810886,1,4.82987,ok,5821814886,1
2026-09-06T08:09:43.914887+00:00,4.911184625,245955,5821820387,5821837019,15,True,15,1.18604,1.81335,1.9067555906832718,1.8627383659958083,1.1860372785999997,1.8133448361444446,0.25878914960379346,2.72821,ok,5821824888,1,4.63703,ok,5821828886,1,3.50604,ok,5821832886,1,4.8573,ok,5821836886,1
2026-09-06T08:09:43.936819+00:00,4.933116288,245956,5821842643,5821859019,15,True,15,1.19808,1.78504,1.9147192418540653,1.8351374206227367,1.198079620186667,1.7850456005518522,0.23407469631228736,2.71904,ok,5821846888,1,4.59016,ok,5821850886,1,3.49785,ok,5821854886,1,4.89283,ok,5821858886,1
2026-09-06T08:09:43.958839+00:00,4.95513624,245957,5821864895,5821881019,15,True,15,1.1994,1.81542,1.918056070795659,1.8644292276303687,1.1994039872300002,1.815416959944445,0.25214847767647086,2.72729,ok,5821868888,1,4.61521,ok,5821872886,1,3.49363,ok,5821876886,1,4.8476,ok,5821880886,1
2026-09-06T08:09:43.982375+00:00,4.978672042,245958,5821887153,5821904019,15,True,15,1.17318,1.80509,1.8950715916921999,1.8548939297878348,1.1731804235833336,1.8050850351481487,0.26188732508856655,2.71041,ok,5821891888,1,4.62139,ok,5821895886,1,3.47754,ok,5821899886,1,4.88631,ok,5821903886,1
2026-09-06T08:09:44.003867+00:00,5.000163949,245959,5821909414,5821926019,15,True,15,1.18412,1.82189,1.9052596230177743,1.8707833212019613,1.1841211241699998,1.8218897593,0.26556973196579764,2.75006,ok,5821913888,1,4.62826,ok,5821917886,1,3.48066,ok,5821921886,1,4.88625,ok,5821925886,1
2026-09-06T08:09:44.025902+00:00,5.022197982,245960,5821931670,5821948019,15,True,15,1.20068,1.81554,1.9192728950020757,1.864588339917943,1.2006793890233334,1.8155417058037044,0.2514370688952493,2.73336,ok,5821935888,1,4.62528,ok,5821939886,1,3.50858,ok,5821943886,1,4.84209,ok,5821947886,1
2026-09-06T08:09:44.047895+00:00,5.044192398,245961,5821953925,5821970019,15,True,15,1.20204,1.81906,1.9202962162395478,1.8677756909950698,1.2020355976733335,1.819055321414815,0.2530989615768706,2.77052,ok,5821957888,1,4.62589,ok,5821961886,1,3.50681,ok,5821965886,1,4.87755,ok,5821969886,1
2026-09-06T08:09:44.069840+00:00,5.066137309,245962,5821976179,5821992020,15,True,15,1.17071,1.83521,1.8947633289797263,1.8838180847904584,1.1707044684000003,1.8352089168333339,0.2822395603006939,2.7762,ok,5821979888,1,4.65946,ok,5821983886,1,3.48579,ok,5821987886,1,4.90133,ok,5821991886,1
2026-09-06T08:09:44.098881+00:00,5.095178027,245963,5822003568,5822020019,15,True,15,1.18832,1.8211,1.9090830142409634,1.870099622568658,1.1883197239466663,1.8210958021518528,0.26242869933923313,2.74452,ok,5822007888,1,4.6398,ok,5822011886,1,3.50301,ok,5822015886,1,4.86115,ok,5822019886,1
2026-09-06T08:09:44.119823+00:00,5.116120222,245964,5822025828,5822042019,15,True,15,1.20789,1.806,1.9244036663150677,1.8551242823468646,1.2078887500800004,1.8060008843,0.24102004065512014,2.72694,ok,5822029887,1,4.5913,ok,5822033886,1,3.48639,ok,5822037886,1,4.86113,ok,5822041886,1
2026-09-06T08:09:44.141933+00:00,5.138229202,245965,5822048083,5822064019,15,True,15,1.20278,1.81366,1.9208596017956567,1.8627124375815955,1.2027766624000005,1.8136609331444447,0.2489825478858553,2.71956,ok,5822051888,1,4.61072,ok,5822055886,1,3.49479,ok,5822059886,1,4.83785,ok,5822063886,1
2026-09-06T08:09:44.164835+00:00,5.161131546,245966,5822070336,5822087019,15,True,15,1.20014,1.8145,1.9183150152591297,1.8633898096391757,1.2001450554933328,1.81450142125926,0.25121217379929245,2.73834,ok,5822074887,1,4.6024,ok,5822078886,1,3.47894,ok,5822082886,1,4.8715,ok,5822086886,1
2026-09-06T08:09:44.186896+00:00,5.183193132,245967,5822092590,5822109019,15,True,15,1.17751,1.81802,1.899756274057701,1.8673438946834218,1.177512448493334,1.8180251013481483,0.2670026406902403,2.71546,ok,5822096888,1,4.63364,ok,5822100886,1,3.48332,ok,5822104886,1,4.85946,ok,5822108886,1
2026-09-06T08:09:44.208848+00:00,5.205145371,245968,5822114847,5822131019,15,True,15,1.21498,1.78867,1.9293895941754409,1.838393664787352,1.214977102216666,1.7886711798518526,0.2255753876288315,2.70416,ok,5822118888,1,4.57361,ok,5822122886,1,3.49566,ok,5822126886,1,4.85381,ok,5822130886,1
2026-09-06T08:09:44.230832+00:00,5.227129259,245969,5822137108,5822153020,15,True,15,1.19255,1.78892,1.9104119516016398,1.8390182426160562,1.1925437924066664,1.7889201357296305,0.23987219224460063,2.74769,ok,5822140888,1,4.621,ok,5822144886,1,3.52545,ok,5822148886,1,4.90355,ok,5822152886,1
2026-09-06T08:09:44.253850+00:00,5.250147799,245970,5822159365,5822176019,15,True,15,1.2104,1.80632,1.9267695375553753,1.8554870358925877,1.2104016374933326,1.8063156945481496,0.23966619210112297,2.73755,ok,5822163888,1,4.60829,ok,5822167886,1,3.51191,ok,5822171886,1,4.85151,ok,5822175886,1
2026-09-06T08:09:44.275813+00:00,5.272110726,245971,5822181626,5822198019,15,True,15,1.17596,1.80508,1.8974046392533237,1.8548288310604377,1.1759653206400007,1.8050791363111118,0.2601116936069992,2.74084,ok,5822185888,1,4.6352,ok,5822189886,1,3.49986,ok,5822193886,1,4.90146,ok,5822197886,1
2026-09-06T08:09:44.297905+00:00,5.294202681,245972,5822203878,5822220019,15,True,15,1.18372,1.81258,1.9043855062739812,1.8618746750706896,1.1837146952733337,1.8125794696925934,0.25986753878319463,2.75106,ok,5822207888,1,4.63157,ok,5822211886,1,3.49648,ok,5822215886,1,4.89364,ok,5822219886,1
2026-09-06T08:09:44.320917+00:00,5.317213988,245973,5822226138,5822243019,15,True,15,1.19469,1.8053,1.913141557192711,1.854661220747773,1.1946875379400008,1.8053029640777782,0.24856679348883545,2.74242,ok,5822230888,1,4.61063,ok,5822234886,1,3.49386,ok,5822238886,1,4.88798,ok,5822242886,1
2026-09-06T08:09:44.342902+00:00,5.339199124,245974,5822248400,5822265019,15,True,15,1.17258,1.79836,1.894086471850011,1.8484199698068697,1.1725743900433336,1.7983577002370372,0.2583551755663575,2.75336,ok,5822252888,1,4.64369,ok,5822256886,1,3.51488,ok,5822260886,1,4.92051,ok,5822264886,1
2026-09-06T08:09:44.364913+00:00,5.361209893,245975,5822270655,5822287019,15,True,15,1.17424,1.81493,1.896598834466036,1.8643403412126571,1.1742359769033335,1.8149324267259264,0.2671804113858173,2.74303,ok,5822274888,1,4.64146,ok,5822278886,1,3.49301,ok,5822282886,1,4.89246,ok,5822286886,1
2026-09-06T08:09:44.403891+00:00,5.400188158,245976,5822309800,5822326019,15,True,15,1.17981,1.80508,1.9004796206228363,1.854677272295677,1.1798081937100005,1.8050782049555567,0.2577404191350711,2.74202,ok,5822313888,1,4.62162,ok,5822317886,1,3.48737,ok,5822321886,1,4.90776,ok,5822325886,1
2026-09-06T08:09:44.432854+00:00,5.429151498,245977,5822337688,5822354019,15,True,15,1.21255,1.8071,1.9285957692696354,1.856177338136862,1.2125573751266672,1.8070967165296303,0.23893467762267362,2.73581,ok,5822341888,1,4.6024,ok,5822345886,1,3.50625,ok,5822349886,1,4.84997,ok,5822353886,1
2026-09-06T08:09:44.453899+00:00,5.450196736,245978,5822359949,5822376019,15,True,15,1.16848,1.80324,1.8910937696832617,1.853257638014107,1.1684757765933331,1.8032371529592595,0.26378380842849825,2.71489,ok,5822363887,1,4.63554,ok,5822367886,1,3.49197,ok,5822371886,1,4.88921,ok,5822375886,1
2026-09-06T08:09:44.475901+00:00,5.472198801,245979,5822382202,5822398019,15,True,15,1.15436,1.80461,1.8791890708106038,1.8547952118442514,1.15436357896,1.8046066324444452,0.27385144503794995,2.71209,ok,5822385888,1,4.64495,ok,5822389886,1,3.48249,ok,5822393886,1,4.90475,ok,5822397886,1
2026-09-06T08:09:44.498842+00:00,5.495139674,245980,5822404453,5822421019,15,True,15,1.15381,1.81033,1.879423293015596,1.8604698864740252,1.1538102766333338,1.8103362127037048,0.27733000098861105,2.71772,ok,5822408887,1,4.66957,ok,5822412886,1,3.50713,ok,5822416886,1,4.88343,ok,5822420886,1
2026-09-06T08:09:44.520894+00:00,5.517192012,245981,5822426705,5822443019,15,True,15,1.17955,1.78444,1.8992193799446109,1.8349786142885591,1.179547270563333,1.784435666192593,0.24579588254387155,2.71214,ok,5822430888,1,4.61749,ok,5822434886,1,3.5081,ok,5822438886,1,4.89789,ok,5822442886,1
2026-09-06T08:09:44.542902+00:00,5.539198973,245982,5822448963,5822465019,15,True,15,1.17982,1.80058,1.90059755827309,1.8505422459339187,1.1798210705066667,1.8005806587296302,0.2548684809471361,2.71342,ok,5822452888,1,4.62746,ok,5822456886,1,3.50091,ok,5822460886,1,4.87445,ok,5822464886,1
2026-09-06T08:09:44.565946+00:00,5.562242633,245983,5822471223,5822488019,15,True,15,1.18985,1.78456,1.9077939786264875,1.8348469286907059,1.1898495662400002,1.784559715388889,0.239116301304845,2.71105,ok,5822475888,1,4.59769,ok,5822479886,1,3.4966,ok,5822483886,1,4.89416,ok,5822487886,1
2026-09-06T08:09:44.587891+00:00,5.58418796,245984,5822493480,5822510019,15,True,15,1.17968,1.81455,1.9011680587811963,1.8638769107603486,1.1796742467066668,1.8145527494518527,0.26356824606775164,2.7317,ok,5822497888,1,4.62888,ok,5822501886,1,3.48458,ok,5822505886,1,4.88092,ok,5822509886,1
2026-09-06T08:09:44.609856+00:00,5.606153191,245985,5822515734,5822532019,15,True,15,1.19081,1.80797,1.9101046373190274,1.8573323290073054,1.1908119717233339,1.8079771751481488,0.2526046247107797,2.7404,ok,5822519888,1,4.61796,ok,5822523886,1,3.49455,ok,5822527886,1,4.88426,ok,5822531886,1
2026-09-06T08:09:44.631919+00:00,5.628216409,245986,5822537987,5822554019,15,True,15,1.18457,1.79568,1.9040089571340404,1.8456126258559207,1.18457040359,1.7956817671111125,0.24903857104725838,2.73062,ok,5822541888,1,4.61459,ok,5822545886,1,3.497,ok,5822549886,1,4.90057,ok,5822553886,1
2026-09-06T08:09:44.654914+00:00,5.651211492,245987,5822560245,5822577019,15,True,15,1.20186,1.80583,1.9193912624372695,1.8551052573210007,1.2018627680700007,1.8058235777777785,0.24447738642705277,2.72504,ok,5822564888,1,4.60197,ok,5822568886,1,3.49204,ok,5822572886,1,4.86147,ok,5822576886,1
2026-09-06T08:09:44.676868+00:00,5.673165651,245988,5822582506,5822599019,15,True,15,1.16332,1.79848,1.8861510629114742,1.8486441135004474,1.1633162270133337,1.7984769788592598,0.26456610926283347,2.72936,ok,5822586888,1,4.63214,ok,5822590886,1,3.4862,ok,5822594886,1,4.92336,ok,5822598886,1
2026-09-06T08:09:44.699033+00:00,5.695326568,245989,5822604764,5822621019,15,True,15,1.17667,1.80799,1.898041936566656,1.8575423789263716,1.1766770482766666,1.8079904264074085,0.26147503596312016,2.75755,ok,5822608888,1,4.63593,ok,5822612886,1,3.4981,ok,5822616886,1,4.91537,ok,5822620886,1
2026-09-06T08:09:44.720917+00:00,5.717213749,245990,5822627020,5822643019,15,True,15,1.19282,1.81463,1.912016236750803,1.863585746482791,1.192818158426667,1.8146252788296302,0.2556989368221734,2.7698,ok,5822630888,1,4.62206,ok,5822634886,1,3.49428,ok,5822638886,1,4.90328,ok,5822642886,1
2026-09-06T08:09:44.743887+00:00,5.740184032,245991,5822649272,5822666019,15,True,15,1.18538,1.81218,1.9055005953047106,1.8613316274455587,1.1853797768,1.812176763822222,0.2586913014482146,2.76285,ok,5822653888,1,4.62095,ok,5822657886,1,3.48531,ok,5822661886,1,4.91389,ok,5822665886,1
2026-09-06T08:09:44.771964+00:00,5.768260467,245992,5822677589,5822694019,15,True,15,1.16785,1.80777,1.890820056679742,1.8576159222188517,1.1678514845499999,1.8077789944666676,0.26687087822899364,2.72236,ok,5822681888,1,4.63916,ok,5822685886,1,3.49003,ok,5822689886,1,4.89118,ok,5822693886,1
2026-09-06T08:09:44.793930+00:00,5.790226947,245993,5822699849,5822716019,15,True,15,1.17715,1.79971,1.89813910588932,1.8496800407106035,1.1771507379199997,1.7997055184777784,0.256128715501604,2.71982,ok,5822703887,1,4.6252,ok,5822707886,1,3.49523,ok,5822711886,1,4.88999,ok,5822715886,1
2026-09-06T08:09:44.815884+00:00,5.812181234,245994,5822722102,5822738019,15,True,15,1.19269,1.80729,1.9118916428482042,1.8567581368696064,1.1926853153433339,1.80729243215926,0.25093032068071436,2.73038,ok,5822725888,1,4.62469,ok,5822729886,1,3.50699,ok,5822733886,1,4.86342,ok,5822737886,1
2026-09-06T08:09:44.838895+00:00,5.835192253,245995,5822744355,5822761019,15,True,15,1.18099,1.8021,1.901376729860571,1.8518420451404003,1.1809847587666675,1.8021037941851863,0.25516352896941863,2.7368,ok,5822748887,1,4.62233,ok,5822752886,1,3.49383,ok,5822756886,1,4.90159,ok,5822760886,1
2026-09-06T08:09:44.860960+00:00,5.857256527,245996,5822766615,5822783019,15,True,15,1.1817,1.81592,1.903229956224693,1.8652798320683883,1.181703703983333,1.81592269505926,0.2630811004673658,2.72221,ok,5822770888,1,4.63679,ok,5822774886,1,3.49622,ok,5822778886,1,4.85733,ok,5822782886,1
2026-09-06T08:09:44.882966+00:00,5.87926272,245997,5822788873,5822805019,15,True,15,1.18384,1.81073,1.9045916357739516,1.8602039933711312,1.1838382360800002,1.8107348163444448,0.25855316813352275,2.73536,ok,5822792888,1,4.63488,ok,5822796886,1,3.50341,ok,5822800886,1,4.87431,ok,5822804886,1
2026-09-06T08:09:44.924877+00:00,5.92117428,245998,5822830059,5822846019,15,True,15,1.17394,1.79545,1.895175863901975,1.845663891706256,1.173936978823334,1.7954540566370374,0.25573613163103076,2.72731,ok,5822833888,1,4.63372,ok,5822837886,1,3.50737,ok,5822841886,1,4.90074,ok,5822845886,1
2026-09-06T08:09:44.946838+00:00,5.943135319,245999,5822852314,5822869020,15,True,15,1.14919,1.81223,1.8753943375493671,1.862250460019585,1.1491931388233336,1.8122252982481488,0.2815507423773294,2.72256,ok,5822856888,1,4.66289,ok,5822860886,1,3.48919,ok,5822864886,1,4.90288,ok,5822868886,1
2026-09-06T08:09:44.977846+00:00,5.974143706,246000,5822874566,5822900019,15,True,15,1.18803,1.79425,1.9068194741153177,1.8441675954493821,1.1880228838900004,1.7942500872111116,0.24597988628955159,2.72702,ok,5822887888,2,4.60766,ok,5822891886,1,3.49464,ok,5822895886,1,4.89735,ok,5822899886,1
2026-09-06T08:09:44.994883+00:00,5.991179653,246001,5822901042,5822917020,15,True,15,1.16688,1.80683,1.889908530089975,1.8567069287558522,1.1668776072900005,1.8068285641888893,0.26694931166998775,2.7238,ok,5822904892,1,4.63922,ok,5822908886,1,3.48994,ok,5822912886,1,4.89559,ok,5822916886,1
2026-09-06T08:09:45.017943+00:00,6.014239858,246002,5822923296,5822940019,15,True,15,1.15647,1.79817,1.8805773868718092,1.8485744057769558,1.1564706525833328,1.7981625214481491,0.2688404009305401,2.70514,ok,5822927888,1,4.63879,ok,5822931886,1,3.48563,ok,5822935886,1,4.90452,ok,5822939886,1
2026-09-06T08:09:45.039847+00:00,6.036144544,246003,5822945552,5822962019,15,True,15,1.16855,1.77916,1.889382021327934,1.8300067316168207,1.1685522639966672,1.7791592597185186,0.25049868841338546,2.71039,ok,5822949888,1,4.61472,ok,5822953886,1,3.49553,ok,5822957886,1,4.92578,ok,5822961886,1
2026-09-06T08:09:45.061870+00:00,6.05816728,246004,5822967807,5822984019,15,True,15,1.17926,1.80368,1.9000460936587185,1.8533973869796438,1.17926005989,1.803677229200001,0.2571947517848696,2.73111,ok,5822971888,1,4.6226,ok,5822975886,1,3.48969,ok,5822979886,1,4.89706,ok,5822983886,1
2026-09-06T08:09:45.083834+00:00,6.080131328,246005,5822990059,5823006019,15,True,15,1.16128,1.79958,1.8847530627753066,1.849856058334365,1.1612809875166672,1.799576082751852,0.26641581370670253,2.7049,ok,5822993888,1,4.63505,ok,5822997886,1,3.48573,ok,5823001886,1,4.89668,ok,5823005886,1
2026-09-06T08:09:45.111874+00:00,6.108171123,246006,5823017580,5823034020,15,True,15,1.18929,1.80003,1.9086538980722199,1.8498835156378812,1.1892893293900002,1.8000272818888898,0.24848906931671466,2.71068,ok,5823021888,1,4.6212,ok,5823025886,1,3.50687,ok,5823029886,1,4.8584,ok,5823033886,1
2026-09-06T08:09:45.133857+00:00,6.130153283,246007,5823039841,5823056020,15,True,15,1.17029,1.82141,1.8939615096648608,1.8707716626819588,1.1702974561200001,1.821415319244445,0.2735414355729668,2.71586,ok,5823043887,1,4.64706,ok,5823047886,1,3.48646,ok,5823051886,1,4.8588,ok,5823055886,1
2026-09-06T08:09:45.155871+00:00,6.152168531,246008,5823062097,5823078019,15,True,15,1.17577,1.78693,1.8961854989841072,1.8374401280930361,1.1757697690433335,1.7869272093814816,0.24970273274033492,2.69835,ok,5823065888,1,4.61374,ok,5823069886,1,3.49456,ok,5823073886,1,4.89161,ok,5823077886,1
2026-09-06T08:09:45.178871+00:00,6.17516851,246009,5823084350,5823101019,15,True,15,1.18891,1.79428,1.907821460418547,1.8443015777824716,1.1889093429433328,1.7942823496703708,0.24532433378252666,2.70862,ok,5823088887,1,4.61085,ok,5823092886,1,3.50007,ok,5823096886,1,4.87202,ok,5823100886,1
2026-09-06T08:09:45.200873+00:00,6.197169967,246010,5823106610,5823123019,15,True,15,1.1708,1.80726,1.8934291869246336,1.857134347360601,1.1707999043633344,1.8072584919481485,0.26460661663680424,2.69544,ok,5823110888,1,4.6292,ok,5823114886,1,3.48169,ok,5823118886,1,4.86518,ok,5823122886,1
2026-09-06T08:09:45.222879+00:00,6.219175999,246011,5823128869,5823145019,15,True,15,1.16989,1.81233,1.893126333348474,1.8620913130204697,1.169888870636667,1.8123295411518525,0.26817249467149834,2.69688,ok,5823132888,1,4.64031,ok,5823136886,1,3.48861,ok,5823140886,1,4.85336,ok,5823144886,1
2026-09-06T08:09:45.244918+00:00,6.241215185,246012,5823151129,5823167019,15,True,15,1.19812,1.80447,1.9165222206295751,1.8540513949372557,1.19812273185,1.8044705852111118,0.24574057055134046,2.69468,ok,5823154888,1,4.6104,ok,5823158886,1,3.49954,ok,5823162886,1,4.82847,ok,5823166886,1
2026-09-06T08:09:45.267937+00:00,6.264234524,246013,5823173386,5823190019,15,True,15,1.19354,1.81831,1.9133982244873458,1.8673697145700938,1.1935400182233333,1.8183120497259266,0.2574793138337531,2.71305,ok,5823177888,1,4.62017,ok,5823181886,1,3.48806,ok,5823185886,1,4.83629,ok,5823189886,1
2026-09-06T08:09:45.289914+00:00,6.286211212,246014,5823195640,5823212019,15,True,15,1.20995,1.81946,1.9273309277562243,1.8681761609357033,1.2099528830666668,1.8194629901962966,0.24873981307613463,2.7338,ok,5823199888,1,4.6147,ok,5823203886,1,3.50283,ok,5823207886,1,4.82987,ok,5823211886,1
2026-09-06T08:09:45.311950+00:00,6.308246653,246015,5823217894,5823234019,15,True,15,1.18984,1.81665,1.9105370194616789,1.866012998006866,1.189841571466667,1.8166483377518523,0.25847204261041495,2.70614,ok,5823221888,1,4.64174,ok,5823225886,1,3.51345,ok,5823229886,1,4.81705,ok,5823233886,1
2026-09-06T08:09:45.334950+00:00,6.331246793,246016,5823240153,5823257019,15,True,15,1.19669,1.82191,1.916515431946287,1.8708725835282363,1.1966935449333331,1.821906465392594,0.2579326239457252,2.71996,ok,5823244888,1,4.63474,ok,5823248886,1,3.50722,ok,5823252886,1,4.82022,ok,5823256886,1
2026-09-06T08:09:45.356923+00:00,6.353220504,246017,5823262413,5823279019,15,True,15,1.19174,1.82517,1.9121734816892992,1.8739274007548563,1.1917384863533331,1.8251722394481489,0.2631161480754091,2.73823,ok,5823266888,1,4.62966,ok,5823270886,1,3.48921,ok,5823274886,1,4.85291,ok,5823278886,1
2026-09-06T08:09:45.378884+00:00,6.375181031,246018,5823284669,5823301019,15,True,15,1.18662,1.81593,1.9071255287733178,1.8650749811247513,1.1866257574166665,1.815931844685186,0.2601842056404763,2.73999,ok,5823288888,1,4.62641,ok,5823292886,1,3.48949,ok,5823296886,1,4.87704,ok,5823300886,1
2026-09-06T08:09:45.400884+00:00,6.397181336,246019,5823306922,5823323019,15,True,15,1.16949,1.82789,1.8934236551173524,1.8768866297417928,1.1694829770166673,1.8278938031629635,0.27822042401395225,2.74742,ok,5823310888,1,4.65192,ok,5823314886,1,3.48341,ok,5823318886,1,4.88524,ok,5823322886,1
2026-09-06T08:09:45.441934+00:00,6.438231721,246020,5823347946,5823364020,15,True,15,1.16911,1.82743,1.8933924866329674,1.8765997721869014,1.169108920533333,1.8274332286925934,0.2780395380810244,2.71411,ok,5823351888,1,4.65127,ok,5823355886,1,3.4826,ok,5823359886,1,4.84968,ok,5823363886,1
2026-09-06T08:09:45.469936+00:00,6.466233499,246021,5823375699,5823392019,15,True,15,1.20777,1.81581,1.925313664665305,1.8647361493408883,1.2077728758066668,1.8158136675185188,0.24748542162978113,2.71906,ok,5823379888,1,4.61115,ok,5823383886,1,3.49973,ok,5823387886,1,4.82453,ok,5823391886,1
2026-09-06T08:09:45.491881+00:00,6.488177418,246022,5823397958,5823414019,15,True,15,1.17256,1.83962,1.8972626168906972,1.8883336539485507,1.1725611104866664,1.8396230533518532,0.28381439395382435,2.71084,ok,5823401887,1,4.65803,ok,5823405886,1,3.48084,ok,5823409886,1,4.82102,ok,5823413886,1
2026-09-06T08:09:45.513931+00:00,6.510228283,246023,5823420211,5823436019,15,True,15,1.18993,1.82487,1.910780458304103,1.8737361530625523,1.1899321907200004,1.8248639693333337,0.26391919431743494,2.72581,ok,5823423888,1,4.63327,ok,5823427886,1,3.49181,ok,5823431886,1,4.83947,ok,5823435886,1
2026-09-06T08:09:45.536879+00:00,6.533176805,246024,5823442462,5823459019,15,True,15,1.19324,1.83484,1.9143417356044918,1.8833202585633415,1.19323909429,1.834835737666667,0.2686911859229965,2.73299,ok,5823446887,1,4.64335,ok,5823450886,1,3.49708,ok,5823454886,1,4.82177,ok,5823458886,1
2026-09-06T08:09:45.558928+00:00,6.555225015,246025,5823464715,5823481019,15,True,15,1.20299,1.79377,1.9195326477189758,1.8434909977854739,1.2029784555533336,1.7937732425814823,0.23619573355713394,2.71722,ok,5823468888,1,4.59229,ok,5823472886,1,3.49642,ok,5823476886,1,4.87072,ok,5823480886,1
2026-09-06T08:09:45.580888+00:00,6.577185286,246026,5823486972,5823503019,15,True,15,1.18032,1.78826,1.9000363031463552,1.8385942476514836,1.1803194414666671,1.788251979574075,0.24746381858858385,2.71226,ok,5823490888,1,4.61264,ok,5823494886,1,3.49791,ok,5823498886,1,4.89751,ok,5823502886,1
2026-09-06T08:09:45.603937+00:00,6.600232627,246027,5823509231,5823526019,15,True,15,1.2083,1.81336,1.9254448320446798,1.862298444802207,1.2083041066066667,1.8133663271629632,0.24558323696479564,2.69995,ok,5823513888,1,4.58928,ok,5823517886,1,3.4748,ok,5823521886,1,4.8251,ok,5823525886,1
2026-09-06T08:09:45.625929+00:00,6.622226339,246028,5823531488,5823548019,15,True,15,1.16693,1.80163,1.8898803805911188,1.8518401514956908,1.1669282975400002,1.801636129355556,0.2637743348743721,2.69278,ok,5823535888,1,4.63567,ok,5823539886,1,3.49199,ok,5823543886,1,4.86923,ok,5823547886,1
2026-09-06T08:09:45.647882+00:00,6.644179378,246029,5823553742,5823570019,15,True,15,1.17891,1.80704,1.9006861785880595,1.8569814621185208,1.1789126649133328,1.8070462460037047,0.25915663393245686,2.68622,ok,5823557888,1,4.63993,ok,5823561886,1,3.5078,ok,5823565886,1,4.82814,ok,5823569886,1
2026-09-06T08:09:45.669929+00:00,6.666226307,246030,5823575996,5823592019,15,True,15,1.18217,1.78969,1.902222401580766,1.8401951949226314,1.1821732774400007,1.7896924795999998,0.24682570154745823,2.67228,ok,5823579888,1,4.61904,ok,5823583886,1,3.50714,ok,5823587886,1,4.8421,ok,5823591886,1
2026-09-06T08:09:45.692880+00:00,6.689177773,246031,5823598254,5823615019,15,True,15,1.17136,1.78431,1.8925761527764158,1.8351437129392432,1.1713575749000007,1.7843138338555555,0.25108912186141275,2.66042,ok,5823602888,1,4.61299,ok,5823606886,1,3.49062,ok,5823610886,1,4.8621,ok,5823614886,1
2026-09-06T08:09:45.714874+00:00,6.711171837,246032,5823620514,5823637019,15,True,15,1.16905,1.80096,1.8916875875249315,1.8511870301022342,1.1690453019933333,1.8009658553814827,0.26197864839888174,2.67702,ok,5823624888,1,4.62783,ok,5823628886,1,3.48548,ok,5823632886,1,4.85556,ok,5823636886,1
2026-09-06T08:09:45.736922+00:00,6.733219311,246033,5823642772,5823659020,15,True,15,1.1693,1.7929,1.891442385855854,1.8434517174521434,1.1693027298966672,1.7928945699851855,0.25718007324182574,2.68646,ok,5823646888,1,4.63485,ok,5823650886,1,3.50554,ok,5823654886,1,4.86623,ok,5823658886,1
2026-09-06T08:09:45.758932+00:00,6.755229439,246034,5823665026,5823681019,15,True,15,1.17407,1.76982,1.8936176651224246,1.8210150662965778,1.1740704127900006,1.7698214392888896,0.24176697535973846,2.6944,ok,5823668888,1,4.60809,ok,5823672886,1,3.50668,ok,5823676886,1,4.91175,ok,5823680886,1
2026-09-06T08:09:45.781900+00:00,6.778196938,246035,5823687280,5823704019,15,True,15,1.1623,1.79987,1.8858526543768088,1.85022191631628,1.1623010870333341,1.7998678893814815,0.26580376129652733,2.69724,ok,5823691888,1,4.64255,ok,5823695886,1,3.49678,ok,5823699886,1,4.87874,ok,5823703886,1
2026-09-06T08:09:45.809870+00:00,6.806167451,246036,5823715597,5823732019,15,True,15,1.16256,1.79437,1.8858961805479202,1.8450173847992195,1.1625580439599998,1.7943687719111119,0.2624673434941971,2.68168,ok,5823719888,1,4.6429,ok,5823723886,1,3.50468,ok,5823727886,1,4.86578,ok,5823731886,1
2026-09-06T08:09:45.831886+00:00,6.828182444,246037,5823737857,5823754020,15,True,15,1.18512,1.78231,1.90384063447114,1.832853162087388,1.1851153448900011,1.7823019443555568,0.2408721622234935,2.68333,ok,5823741887,1,4.59752,ok,5823745886,1,3.49251,ok,5823749886,1,4.87548,ok,5823753886,1
2026-09-06T08:09:45.853942+00:00,6.850238909,246038,5823760111,5823776019,15,True,15,1.14703,1.77992,1.8717624486537796,1.8313693773900903,1.14703583886,1.7799219145111118,0.265594271830282,2.66463,ok,5823763888,1,4.64142,ok,5823767886,1,3.49912,ok,5823771886,1,4.89364,ok,5823775886,1
2026-09-06T08:09:45.876973+00:00,6.873269129,246039,5823782365,5823799019,15,True,15,1.17118,1.79841,1.8932737272140434,1.8486668809866447,1.1711787181400004,1.7984093529111116,0.25913267479424035,2.67827,ok,5823786887,1,4.62272,ok,5823790886,1,3.48506,ok,5823794886,1,4.85978,ok,5823798886,1
2026-09-06T08:09:45.898949+00:00,6.895245593,246040,5823804625,5823821019,15,True,15,1.16403,1.78626,1.8863882817110467,1.8370902862307072,1.1640273907733336,1.786260861448149,0.2571674354435755,2.69903,ok,5823808888,1,4.63637,ok,5823812886,1,3.50854,ok,5823816886,1,4.89558,ok,5823820886,1
2026-09-06T08:09:45.920953+00:00,6.917249802,246041,5823826882,5823843019,15,True,15,1.20267,1.78529,1.9187972554021857,1.8353727299687006,1.2026735161366668,1.78528723202963,0.23119486364482916,2.70502,ok,5823830888,1,4.58787,ok,5823834886,1,3.5011,ok,5823838886,1,4.86977,ok,5823842886,1
2026-09-06T08:09:45.961947+00:00,6.958244761,246042,5823867788,5823884019,15,True,15,1.19709,1.78822,1.9143797337566564,1.8383456563328082,1.1970840870633335,1.7882182330925933,0.23646527185794255,2.68298,ok,5823871888,1,4.58844,ok,5823875886,1,3.49008,ok,5823879886,1,4.85359,ok,5823883886,1
2026-09-06T08:09:45.983923+00:00,6.980220489,246043,5823890043,5823906019,15,True,15,1.18313,1.77086,1.90143385419976,1.8218922052865003,1.18313610758,1.7708597086777782,0.23598853629577793,2.67809,ok,5823893888,1,4.59448,ok,5823897886,1,3.50041,ok,5823901886,1,4.88719,ok,5823905886,1
2026-09-06T08:09:46.006897+00:00,7.003194259,246044,5823912297,5823929019,15,True,15,1.21177,1.78714,1.9265020314432797,1.836940774765318,1.2117701586766667,1.787138572385186,0.22663184353950028,2.70515,ok,5823916888,1,4.57256,ok,5823920886,1,3.49167,ok,5823924886,1,4.86392,ok,5823928886,1
2026-09-06T08:09:46.028917+00:00,7.02521402,246045,5823934562,5823951019,15,True,15,1.18295,1.79358,1.9027432224208805,1.8437393102782844,1.1829460631733335,1.79358303245926,0.2487481909074398,2.71006,ok,5823938888,1,4.6182,ok,5823942886,1,3.50214,ok,5823946886,1,4.87954,ok,5823950886,1
2026-09-06T08:09:46.050887+00:00,7.047183924,246046,5823956816,5823973020,15,True,15,1.16709,1.77099,1.8877483921143499,1.8222400820790898,1.1670928082299998,1.7709894020222225,0.2472609023727709,2.67882,ok,5823960888,1,4.60372,ok,5823964886,1,3.48945,ok,5823968886,1,4.91194,ok,5823972886,1
2026-09-06T08:09:46.072932+00:00,7.069229733,246047,5823979071,5823995019,15,True,15,1.16165,1.76996,1.8833024348101093,1.8214543145018798,1.1616454418466664,1.7699598873740743,0.25046597882072885,2.66639,ok,5823982888,1,4.6154,ok,5823986886,1,3.49839,ok,5823990886,1,4.89947,ok,5823994886,1
2026-09-06T08:09:46.095945+00:00,7.092242385,246048,5824001324,5824018019,15,True,15,1.14701,1.76677,1.8706585163041138,1.8186128487713888,1.1470082209100005,1.766764302511111,0.25946908932362744,2.65432,ok,5824005888,1,4.61912,ok,5824009886,1,3.48647,ok,5824013886,1,4.91564,ok,5824017886,1
2026-09-06T08:09:46.117958+00:00,7.11425501,246049,5824023578,5824040019,15,True,15,1.1402,1.77116,1.8653559880435295,1.823033944314853,1.1402008261600007,1.7711544779,0.26631492886085695,2.6599,ok,5824027888,1,4.64026,ok,5824031886,1,3.49909,ok,5824035886,1,4.91159,ok,5824039886,1
2026-09-06T08:09:46.145964+00:00,7.142261684,246050,5824051584,5824068019,15,True,15,1.17414,1.77523,1.8937706111376127,1.8260976106382854,1.1741383651800001,1.7752355154444455,0.24464358746454404,2.70363,ok,5824055888,1,4.59936,ok,5824059886,1,3.48832,ok,5824063886,1,4.92496,ok,5824067886,1
2026-09-06T08:09:46.167930+00:00,7.164227107,246051,5824073845,5824090019,15,True,15,1.16681,1.79612,1.8891025214006567,1.8463881469302104,1.1668143435933336,1.7961226493259264,0.2608540058086953,2.72652,ok,5824077887,1,4.63507,ok,5824081886,1,3.49813,ok,5824085886,1,4.91249,ok,5824089886,1
2026-09-06T08:09:46.189977+00:00,7.186273205,246052,5824096100,5824112019,15,True,15,1.15764,1.78376,1.8808848357207633,1.8348259378150542,1.1576444416466665,1.783760432407408,0.26019266506157157,2.71027,ok,5824099888,1,4.65216,ok,5824103886,1,3.52352,ok,5824107886,1,4.90834,ok,5824111886,1
2026-09-06T08:09:46.212864+00:00,7.209161629,246053,5824118353,5824135019,15,True,15,1.15044,1.77861,1.8747091864999745,1.8301179970198829,1.1504448680766675,1.778609400085185,0.2624605635267216,2.67598,ok,5824122887,1,4.65303,ok,5824126886,1,3.52103,ok,5824130886,1,4.88924,ok,5824134886,1
2026-09-06T08:09:46.234887+00:00,7.231184494,246054,5824140613,5824157020,15,True,15,1.15861,1.79031,1.8823214450370438,1.8412021515600558,1.1586018653133334,1.7903107954259267,0.2629002013295022,2.66844,ok,5824144888,1,4.64039,ok,5824148886,1,3.50092,ok,5824152886,1,4.8655,ok,5824156886,1
2026-09-06T08:09:46.256948+00:00,7.25324528,246055,5824162870,5824179019,15,True,15,1.16473,1.80649,1.888464195736773,1.8566059602280516,1.1647368778500002,1.8064930465000002,0.2679670606401053,2.67506,ok,5824166888,1,4.63594,ok,5824170886,1,3.48294,ok,5824174886,1,4.84941,ok,5824178886,1
2026-09-06T08:09:46.278938+00:00,7.27523512,246056,5824185130,5824201019,15,True,15,1.1497,1.78646,1.8742708769538996,1.837524300575577,1.149697698996667,1.7864550497185188,0.2671197480570544,2.69789,ok,5824188888,1,4.64952,ok,5824192886,1,3.50527,ok,5824196886,1,4.91092,ok,5824200886,1
2026-09-06T08:09:46.301905+00:00,7.298201626,246057,5824207387,5824224019,15,True,15,1.15585,1.81606,1.8812970365369177,1.8658269237807654,1.1558494800199997,1.8160552444777787,0.2794433262042503,2.71918,ok,5824211888,1,4.65655,ok,5824215886,1,3.48532,ok,5824219886,1,4.88804,ok,5824223886,1
2026-09-06T08:09:46.323902+00:00,7.320199146,246058,5824229641,5824246019,15,True,15,1.16289,1.81556,1.8872290920916035,1.8652280800313812,1.1628964911366673,1.8155593657185192,0.2746370017424949,2.73094,ok,5824233888,1,4.65651,ok,5824237886,1,3.496,ok,5824241886,1,4.88723,ok,5824245886,1
2026-09-06T08:09:46.345934+00:00,7.342231324,246059,5824251895,5824268019,15,True,15,1.19342,1.80756,1.9125246105867169,1.8569987391205558,1.193415757003334,1.8075570537370378,0.25065128664673364,2.73193,ok,5824255888,1,4.62481,ok,5824259886,1,3.50785,ok,5824263886,1,4.8633,ok,5824267886,1
2026-09-06T08:09:46.368905+00:00,7.365202566,246060,5824274153,5824291019,15,True,15,1.17897,1.78667,1.8989565505247619,1.837182378533764,1.1789666819566667,1.786676490562963,0.2473942192310267,2.70749,ok,5824278888,1,4.62078,ok,5824282886,1,3.50873,ok,5824286886,1,4.88876,ok,5824290886,1
2026-09-06T08:09:46.390961+00:00,7.387258136,246061,5824296412,5824313019,15,True,15,1.14351,1.8079,1.8703110476081388,1.8581921131416843,1.1435074440533328,1.8078966889481491,0.2828704031688933,2.71975,ok,5824300888,1,4.66635,ok,5824304886,1,3.49125,ok,5824308886,1,4.91203,ok,5824312886,1
2026-09-06T08:09:46.412889+00:00,7.409186534,246062,5824318668,5824335019,15,True,15,1.16718,1.85117,1.893140470916928,1.8993829667270383,1.1671814887300003,1.8511763932555563,0.2947584778776781,2.75802,ok,5824322888,1,4.67463,ok,5824326886,1,3.48043,ok,5824330886,1,4.8587,ok,5824334886,1
2026-09-06T08:09:46.434964+00:00,7.431261593,246063,5824340923,5824357019,15,True,15,1.17041,1.79007,1.8918807209285855,1.8405635342517697,1.1704070557866668,1.7900644356296305,0.25501352370256014,2.71824,ok,5824344888,1,4.63312,ok,5824348886,1,3.50846,ok,5824352886,1,4.90338,ok,5824356886,1
2026-09-06T08:09:46.473939+00:00,7.470236594,246064,5824379800,5824396019,15,True,15,1.15941,1.78806,1.8827359421123593,1.8389625212496694,1.1594152984300004,1.7880588904000005,0.26120389134563604,2.7153,ok,5824383888,1,4.65867,ok,5824387886,1,3.52914,ok,5824391886,1,4.90017,ok,5824395886,1
2026-09-06T08:09:46.502056+00:00,7.498353479,246065,5824407696,5824424020,15,True,15,1.16284,1.81674,1.8876229992199178,1.866539002915599,1.1628307113066672,1.8167378032185184,0.27523308313770567,2.68646,ok,5824411888,1,4.653,ok,5824415886,1,3.48971,ok,5824419886,1,4.84009,ok,5824423886,1
2026-09-06T08:09:46.524416+00:00,7.520692224,246066,5824429957,5824446019,15,True,15,1.15663,1.79789,1.8813350602375976,1.848614216934587,1.1566299986666673,1.7978910543518527,0.26827562550204026,2.67225,ok,5824433887,1,4.65745,ok,5824437886,1,3.511,ok,5824441886,1,4.8504,ok,5824445886,1
2026-09-06T08:09:46.545895+00:00,7.542191971,246067,5824452211,5824468019,15,True,15,1.15819,1.80155,1.8827236642945804,1.852024165284832,1.1581940106600004,1.8015512594000003,0.2693618250335577,2.67942,ok,5824455888,1,4.65067,ok,5824459886,1,3.49953,ok,5824463886,1,4.85819,ok,5824467886,1
2026-09-06T08:09:46.568978+00:00,7.565275057,246068,5824474462,5824491019,15,True,15,1.14485,1.83058,1.8730830822875062,1.880050677605884,1.1448524897566672,1.8305776639962967,0.2950817222405721,2.71864,ok,5824478887,1,4.67895,ok,5824482886,1,3.48079,ok,5824486886,1,4.87516,ok,5824490886,1
2026-09-06T08:09:46.590881+00:00,7.587178527,246069,5824496715,5824513019,15,True,15,1.17955,1.84286,1.9032636532574703,1.8912591136579415,1.1795544392199997,1.8428549202000009,0.28195899754802173,2.73988,ok,5824500888,1,4.66145,ok,5824504886,1,3.49127,ok,5824508886,1,4.83301,ok,5824512886,1
2026-09-06T08:09:46.612880+00:00,7.609177743,246070,5824518973,5824535019,15,True,15,1.17576,1.83551,1.8993252507253706,1.88415020320477,1.175757177713333,1.8355144298259267,0.2793459601989826,2.74674,ok,5824522888,1,4.65287,ok,5824526886,1,3.48384,ok,5824530886,1,4.86366,ok,5824534886,1
2026-09-06T08:09:46.635960+00:00,7.632257564,246071,5824541233,5824558019,15,True,15,1.1623,1.82162,1.8874295497562414,1.8712126339181356,1.1622957959000004,1.8216178100555565,0.27856248613528345,2.70093,ok,5824545888,1,4.65958,ok,5824549886,1,3.49143,ok,5824553886,1,4.84643,ok,5824557886,1
2026-09-06T08:09:46.657949+00:00,7.654246732,246072,5824563490,5824580019,15,True,15,1.14159,1.84446,1.8713412579201247,1.8935052581486824,1.1415908382333337,1.8444556367925935,0.3056078217995883,2.70291,ok,5824567888,1,4.68298,ok,5824571886,1,3.46354,ok,5824575886,1,4.8476,ok,5824579886,1
2026-09-06T08:09:46.679924+00:00,7.676221212,246073,5824585744,5824602019,15,True,15,1.14887,1.81614,1.8757714276619486,1.8662116767795194,1.1488664705099998,1.8161428406222233,0.2838462079631149,2.67818,ok,5824589888,1,4.66193,ok,5824593886,1,3.48238,ok,5824597886,1,4.85171,ok,5824601886,1
2026-09-06T08:09:46.702024+00:00,7.698320463,246074,5824607997,5824624019,15,True,15,1.151,1.82273,1.8778743710533785,1.8724381641716124,1.1510077747400005,1.8227253111000001,0.28640832649512854,2.71018,ok,5824611888,1,4.67175,ok,5824615886,1,3.4901,ok,5824619886,1,4.86726,ok,5824623886,1
2026-09-06T08:09:46.724893+00:00,7.721189975,246075,5824630255,5824647019,15,True,15,1.1773,1.83663,1.9008978111508568,1.8852782557597223,1.17730585656,1.836622048566667,0.2791035652142247,2.7282,ok,5824634888,1,4.65194,ok,5824638886,1,3.48339,ok,5824642886,1,4.83941,ok,5824646886,1
2026-09-06T08:09:46.746902+00:00,7.743199207,246076,5824652516,5824669019,15,True,15,1.12848,1.81419,1.8581849682736031,1.8645839093379575,1.1284824178400001,1.814184512044445,0.2963265572317028,2.71162,ok,5824656888,1,4.6882,ok,5824660886,1,3.4909,ok,5824664886,1,4.90706,ok,5824668886,1
2026-09-06T08:09:46.768945+00:00,7.765241913,246077,5824674772,5824691019,15,True,15,1.12813,1.80837,1.8576119787379342,1.8590493021270516,1.128128301866667,1.8083699289629638,0.2933646962711814,2.6816,ok,5824678888,1,4.67608,ok,5824682886,1,3.48162,ok,5824686886,1,4.89166,ok,5824690886,1
2026-09-06T08:09:46.790956+00:00,7.787253353,246078,5824697026,5824713019,15,True,15,1.13928,1.82926,1.8685664203204317,1.879011251303954,1.1392798686333336,1.8292552680925929,0.29772186408672313,2.68132,ok,5824700888,1,4.67927,ok,5824704886,1,3.47492,ok,5824708886,1,4.84608,ok,5824712886,1
2026-09-06T08:09:46.813917+00:00,7.810214291,246079,5824719279,5824736019,15,True,15,1.15448,1.82604,1.880893926814906,1.8755033370001644,1.1544771108266667,1.8260411546962971,0.28626369770037147,2.71837,ok,5824723888,1,4.66613,ok,5824727886,1,3.48327,ok,5824731886,1,4.87159,ok,5824735886,1
2026-09-06T08:09:46.841902+00:00,7.838199109,246080,5824747579,5824764019,15,True,15,1.15085,1.82118,1.8775664210034793,1.8709149772855636,1.1508533219600001,1.821175970811112,0.2856160955499851,2.71495,ok,5824751888,1,4.66981,ok,5824755886,1,3.48928,ok,5824759886,1,4.87618,ok,5824763886,1
2026-09-06T08:09:46.863965+00:00,7.860262455,246081,5824769841,5824786019,15,True,15,1.16568,1.8123,1.889507222897998,1.8621107239535657,1.1656802089066671,1.8123011218962968,0.27085359412229476,2.69447,ok,5824773887,1,4.63971,ok,5824777886,1,3.48181,ok,5824781886,1,4.85995,ok,5824785886,1
2026-09-06T08:09:46.885958+00:00,7.882254119,246082,5824792096,5824808019,15,True,15,1.14788,1.83945,1.8766693360115454,1.8887438414032434,1.1478796352533331,1.8394535515592603,0.2984693678110658,2.67126,ok,5824795888,1,4.67706,ok,5824799886,1,3.47111,ok,5824803886,1,4.80975,ok,5824807886,1
2026-09-06T08:09:46.908950+00:00,7.905247634,246083,5824814348,5824831019,15,True,15,1.18069,1.8291,1.9035532834043143,1.8781174870311925,1.1806887329700007,1.8290962239222222,0.2720531506835873,2.71462,ok,5824818887,1,4.65565,ok,5824822886,1,3.50287,ok,5824826886,1,4.82054,ok,5824830886,1
2026-09-06T08:09:46.930928+00:00,7.92722541,246084,5824836602,5824853019,15,True,15,1.16417,1.8449,1.890493541190016,1.8935423167695895,1.1641678141300003,1.8448932943777785,0.2922381702622427,2.71725,ok,5824840888,1,4.67059,ok,5824844886,1,3.4788,ok,5824848886,1,4.82857,ok,5824852886,1
2026-09-06T08:09:46.952903+00:00,7.949200402,246085,5824858860,5824875019,15,True,15,1.15498,1.83766,1.8823587042120404,1.8867911403701079,1.1549843984466668,1.837652470451852,0.2930486025424324,2.69515,ok,5824862888,1,4.67136,ok,5824866886,1,3.476,ok,5824870886,1,4.82882,ok,5824874886,1
2026-09-06T08:09:46.993997+00:00,7.990294212,246086,5824899822,5824916019,15,True,15,1.16668,1.82438,1.8913034313058117,1.873785988174606,1.1666741286133342,1.8243788074370373,0.2775487986348577,2.71384,ok,5824903888,1,4.66282,ok,5824907886,1,3.49846,ok,5824911886,1,4.84614,ok,5824915886,1
2026-09-06T08:09:47.015909+00:00,8.012206642,246087,5824922076,5824938020,15,True,15,1.15516,1.79971,1.8800978137436561,1.8503328714566825,1.1551615577166672,1.7997076461629635,0.2703187283446553,2.66403,ok,5824925888,1,4.64792,ok,5824929886,1,3.49391,ok,5824933886,1,4.85184,ok,5824937886,1
2026-09-06T08:09:47.038987+00:00,8.035284831,246088,5824944329,5824961019,15,True,15,1.13255,1.78174,1.8597266624691766,1.833423589680637,1.132547110553333,1.7817439899481482,0.27670310415330895,2.6508,ok,5824948888,1,4.65437,ok,5824952886,1,3.49327,ok,5824956886,1,4.89425,ok,5824960886,1
2026-09-06T08:09:47.060976+00:00,8.057273359,246089,5824966594,5824983019,15,True,15,1.15121,1.81329,1.8777288762807651,1.8635071391964748,1.1512079237433335,1.8132926393259263,0.28059561668190947,2.68357,ok,5824970888,1,4.67161,ok,5824974886,1,3.50234,ok,5824978886,1,4.84617,ok,5824982886,1
2026-09-06T08:09:47.082917+00:00,8.07921443,246090,5824988848,5825005020,15,True,15,1.14916,1.81825,1.8760059554766098,1.8681595026183666,1.1491623905133337,1.8182494858925924,0.2849516617201412,2.69777,ok,5824992888,1,4.6644,ok,5824996886,1,3.48339,ok,5825000886,1,4.86845,ok,5825004886,1
2026-09-06T08:09:47.104962+00:00,8.101259152,246091,5825011104,5825027019,15,True,15,1.12849,1.78767,1.8566068438783816,1.8391603559729837,1.1284843566566667,1.7876704323185193,0.28249669774681785,2.6643,ok,5825014888,1,4.66342,ok,5825018886,1,3.49189,ok,5825022886,1,4.90314,ok,5825026886,1
2026-09-06T08:09:47.127896+00:00,8.124193113,246092,5825033358,5825050019,15,True,15,1.13029,1.82128,1.8604424478027877,1.8714959158166238,1.130293827536667,1.8212765447296304,0.2989437330756798,2.67335,ok,5825037888,1,4.68154,ok,5825041886,1,3.47538,ok,5825045886,1,4.86101,ok,5825049886,1
2026-09-06T08:09:47.149972+00:00,8.146269835,246093,5825055618,5825072019,15,True,15,1.1273,1.8097,1.8568891191851746,1.860292305672683,1.1273024189600005,1.809702372700001,0.29469645101194525,2.68676,ok,5825059888,1,4.67364,ok,5825063886,1,3.47543,ok,5825067886,1,4.90011,ok,5825071886,1
2026-09-06T08:09:47.177967+00:00,8.174264093,246094,5825083576,5825100019,15,True,15,1.15258,1.85203,1.8812142111596064,1.9006353401208234,1.152579182643333,1.8520299984925932,0.30376217495260466,2.72497,ok,5825087888,1,4.69165,ok,5825091886,1,3.48125,ok,5825095886,1,4.8342,ok,5825099886,1
2026-09-06T08:09:47.199963+00:00,8.196260749,246095,5825105839,5825122019,15,True,15,1.16036,1.83138,1.8862188875153048,1.8805299931816903,1.1603600654100013,1.8313758712888886,0.2859003672102377,2.72639,ok,5825109887,1,4.6663,ok,5825113886,1,3.48505,ok,5825117886,1,4.86338,ok,5825121886,1
2026-09-06T08:09:47.221919+00:00,8.218215965,246096,5825128093,5825144019,15,True,15,1.14824,1.82876,1.8761352318469564,1.8783911137818678,1.14823710326,1.828761870233334,0.29171419760574746,2.69793,ok,5825131888,1,4.68126,ok,5825135886,1,3.49109,ok,5825139886,1,4.84457,ok,5825143886,1
2026-09-06T08:09:47.245226+00:00,8.241522416,246097,5825150346,5825167019,15,True,15,1.1287,1.81548,1.858546951346456,1.8658690979374961,1.1287032397000003,1.815480437622223,0.2968464843974377,2.6893,ok,5825154887,1,4.68075,ok,5825158886,1,3.47953,ok,5825162886,1,4.88793,ok,5825166886,1
2026-09-06T08:09:47.266907+00:00,8.263204024,246098,5825172599,5825189019,15,True,15,1.14762,1.82944,1.8755966148664591,1.879026780909741,1.1476217424533337,1.829442533914815,0.2925414006188106,2.71178,ok,5825176888,1,4.68636,ok,5825180886,1,3.49617,ok,5825184886,1,4.85573,ok,5825188886,1
2026-09-06T08:09:47.288977+00:00,8.285274538,246099,5825194858,5825211019,15,True,15,1.18451,1.84986,1.9079281536913035,1.8979129554738303,1.1845073560066668,1.8498562825518519,0.28396516226748153,2.74456,ok,5825198888,1,4.66205,ok,5825202886,1,3.49014,ok,5825206886,1,4.82096,ok,5825210886,1
2026-09-06T08:09:47.311154+00:00,8.307451391,246100,5825217119,5825233019,15,True,15,1.16921,1.83755,1.894214883630089,1.8863582243791375,1.1692093190633337,1.8375453967259263,0.28445654951308474,2.73483,ok,5825220888,1,4.67032,ok,5825224886,1,3.49515,ok,5825228886,1,4.84506,ok,5825232886,1
2026-09-06T08:09:47.333967+00:00,8.330264485,246101,5825239376,5825256019,15,True,15,1.16727,1.83933,1.8926944690755307,1.8881123025394742,1.1672711937433333,1.839333066437038,0.2867755272014477,2.72247,ok,5825243888,1,4.66559,ok,5825247886,1,3.48374,ok,5825251886,1,4.83803,ok,5825255886,1
2026-09-06T08:09:47.355989+00:00,8.352286262,246102,5825261636,5825278019,15,True,15,1.14965,1.81649,1.876353743608367,1.8664792497921732,1.1496512335666669,1.8164866692962964,0.28358285116207405,2.71912,ok,5825265888,1,4.67877,ok,5825269886,1,3.50557,ok,5825273886,1,4.87903,ok,5825277886,1
2026-09-06T08:09:47.378005+00:00,8.374301927,246103,5825284124,5825300019,15,True,15,1.16373,1.83615,1.8892943496259433,1.8850165907911625,1.1637340895400003,1.8361477634888896,0.28690514214928947,2.76166,ok,5825287888,1,4.67953,ok,5825291886,1,3.50143,ok,5825295886,1,4.87909,ok,5825299886,1
2026-09-06T08:09:47.400922+00:00,8.397219184,246104,5825306386,5825323019,15,True,15,1.13624,1.86379,1.8682576479133928,1.912279217043422,1.1362326542500005,1.8637901378777784,0.3211281759347908,2.74662,ok,5825310888,1,4.72915,ok,5825314886,1,3.49329,ok,5825318886,1,4.84502,ok,5825322886,1
2026-09-06T08:09:47.422990+00:00,8.419287362,246105,5825328642,5825345019,15,True,15,1.14084,1.83751,1.869987164016925,1.8867193711061483,1.1408387565099996,1.8375153741666674,0.3018916136427723,2.73901,ok,5825332888,1,4.68745,ok,5825336886,1,3.47749,ok,5825340886,1,4.8916,ok,5825344886,1
2026-09-06T08:09:47.444914+00:00,8.441211089,246106,5825350898,5825367019,15,True,15,1.13703,1.8148,1.8656472355815383,1.8651197926779586,1.13703075907,1.814803701233334,0.2908668089406835,2.71955,ok,5825354888,1,4.6957,ok,5825358886,1,3.51236,ok,5825362886,1,4.89065,ok,5825366886,1
2026-09-06T08:09:47.466988+00:00,8.463285539,246107,5825373154,5825389019,15,True,15,1.14866,1.83874,1.8771441951787748,1.8879702721945226,1.1486685344900003,1.8387352173777776,0.29758902493666545,2.73589,ok,5825376888,1,4.70482,ok,5825380886,1,3.51047,ok,5825384886,1,4.85416,ok,5825388886,1
2026-09-06T08:09:47.507992+00:00,8.504289235,246108,5825413951,5825430019,15,True,15,1.12298,1.82334,1.8542051000924282,1.873518425521415,1.1229795979733335,1.8233375435814823,0.30503871203293065,2.73245,ok,5825417888,1,4.71243,ok,5825421886,1,3.50382,ok,5825425886,1,4.90978,ok,5825429886,1
2026-09-06T08:09:47.535932+00:00,8.532229155,246109,5825441693,5825458019,15,True,15,1.16853,1.85428,1.8948110598255472,1.902508195643956,1.1685272212366666,1.8542888754629636,0.2959875326684472,2.74052,ok,5825445888,1,4.68312,ok,5825449886,1,3.48974,ok,5825453886,1,4.82495,ok,5825457886,1
2026-09-06T08:09:47.557993+00:00,8.554290645,246110,5825463953,5825480019,15,True,15,1.15646,1.84964,1.8842083121654238,1.8982040560632913,1.1564607342100004,1.849637989344445,0.2999387085127153,2.73622,ok,5825467887,1,4.68598,ok,5825471886,1,3.48228,ok,5825475886,1,4.84659,ok,5825479886,1
2026-09-06T08:09:47.579930+00:00,8.576226116,246111,5825486206,5825502019,15,True,15,1.13853,1.8135,1.866843314701903,1.863844007916935,1.1385308568966668,1.8134981957518521,0.289132366642332,2.68801,ok,5825489888,1,4.67643,ok,5825493886,1,3.49039,ok,5825497886,1,4.87234,ok,5825501886,1
2026-09-06T08:09:47.603001+00:00,8.599298481,246112,5825508458,5825525019,15,True,15,1.1142,1.83633,1.8482000228163276,1.8864334791043436,1.1142027600566662,1.836327044507408,0.3179339715430673,2.68589,ok,5825512887,1,4.73073,ok,5825516886,1,3.49927,ok,5825520886,1,4.84636,ok,5825524886,1
2026-09-06T08:09:47.624974+00:00,8.621271585,246113,5825530711,5825547020,15,True,15,1.11506,1.85119,1.8496454372734052,1.9005901759725639,1.1150609941999998,1.851188790888889,0.32623663429955135,2.7359,ok,5825534888,1,4.74752,ok,5825538886,1,3.50412,ok,5825542886,1,4.87026,ok,5825546886,1
2026-09-06T08:09:47.646961+00:00,8.643257809,246114,5825552968,5825569019,15,True,15,1.11143,1.8298,1.8452827875164473,1.88014368661527,1.1114197569333344,1.8298027253925928,0.3161392246743066,2.68183,ok,5825556888,1,4.72159,ok,5825560886,1,3.49133,ok,5825564886,1,4.86255,ok,5825568886,1
2026-09-06T08:09:47.669932+00:00,8.666229435,246115,5825575228,5825592019,15,True,15,1.11136,1.79851,1.843010832544468,1.849965724423653,1.1113569094400004,1.7985040752111114,0.2998199398292813,2.65723,ok,5825579888,1,4.68985,ok,5825583886,1,3.4888,ok,5825587886,1,4.89524,ok,5825591886,1
2026-09-06T08:09:47.691921+00:00,8.688218955,246116,5825597484,5825614019,15,True,15,1.12242,1.81612,1.8535821693934076,1.8667400936996401,1.1224191748366674,1.816119186218519,0.30127272233588914,2.67524,ok,5825601888,1,4.6972,ok,5825605886,1,3.49182,ok,5825609886,1,4.86895,ok,5825613886,1
2026-09-06T08:09:47.713979+00:00,8.710276701,246117,5825619737,5825636019,15,True,15,1.15215,1.82632,1.8793438065040469,1.876000954867018,1.1521534094433337,1.8263204438259262,0.2877366958991975,2.71509,ok,5825623888,1,4.68995,ok,5825627886,1,3.51145,ok,5825631886,1,4.84952,ok,5825635886,1
2026-09-06T08:09:47.735965+00:00,8.732262637,246118,5825641990,5825658019,15,True,15,1.15643,1.83183,1.8833070481052239,1.88121287576028,1.1564328483766664,1.8318267129185193,0.2884590052931232,2.71418,ok,5825645888,1,4.68559,ok,5825649886,1,3.50466,ok,5825653886,1,4.83877,ok,5825657886,1
2026-09-06T08:09:47.759008+00:00,8.755305049,246119,5825664248,5825681019,15,True,15,1.14413,1.82465,1.8725489283654018,1.8745803699657098,1.1441313020266664,1.824647326385186,0.29179871303867605,2.68474,ok,5825668888,1,4.68586,ok,5825672886,1,3.49668,ok,5825676886,1,4.83776,ok,5825680886,1
2026-09-06T08:09:47.780931+00:00,8.777228264,246120,5825686508,5825703019,15,True,15,1.17206,1.81372,1.8952022165748106,1.8634644228806083,1.1720576144799997,1.8137229650666675,0.26759179899668384,2.70896,ok,5825690888,1,4.65442,ok,5825694886,1,3.50866,ok,5825698886,1,4.84754,ok,5825702886,1
2026-09-06T08:09:47.802993+00:00,8.79928777,246121,5825708764,5825725019,15,True,15,1.15744,1.81987,1.8829554549338667,1.869496969923193,1.1574403214100002,1.8198695777888896,0.28067159680258624,2.73818,ok,5825712888,1,4.67078,ok,5825716886,1,3.50168,ok,5825720886,1,4.88891,ok,5825724886,1
2026-09-06T08:09:47.824934+00:00,8.821230952,246122,5825731018,5825747019,15,True,15,1.12959,1.84376,1.8611587766075184,1.893056468655026,1.1295891756999994,1.8437625930555563,0.31266813774274743,2.7361,ok,5825734888,1,4.71471,ok,5825738886,1,3.49006,ok,5825742886,1,4.87938,ok,5825746886,1
2026-09-06T08:09:47.847991+00:00,8.844288533,246123,5825753271,5825770019,15,True,15,1.13794,1.78877,1.8645634102948492,1.8399951796235607,1.1379442127500004,1.7887689834888891,0.2764418808369382,2.65738,ok,5825757888,1,4.6434,ok,5825761886,1,3.47731,ok,5825765886,1,4.89432,ok,5825769886,1
2026-09-06T08:09:47.876007+00:00,8.872304776,246124,5825781577,5825798019,15,True,15,1.17802,1.82334,1.9005791267366772,1.872470043758059,1.1780162948566675,1.823340848451852,0.2700462645030828,2.71018,ok,5825785888,1,4.6343,ok,5825789886,1,3.47805,ok,5825793886,1,4.84696,ok,5825797886,1
2026-09-06T08:09:47.897955+00:00,8.894252375,246125,5825803840,5825820019,15,True,15,1.1541,1.82524,1.88060585914394,1.8747767365692414,1.1541011898500002,1.825238063777779,0.2859788162319214,2.71435,ok,5825807887,1,4.66882,ok,5825811886,1,3.48737,ok,5825815886,1,4.86604,ok,5825819886,1
2026-09-06T08:09:47.919995+00:00,8.916292264,246126,5825826093,5825842019,15,True,15,1.1496,1.81092,1.8760642404092682,1.861179291239956,1.1495993424100004,1.8109157464555559,0.2803470078418462,2.67324,ok,5825829888,1,4.65792,ok,5825833886,1,3.48482,ok,5825837886,1,4.85345,ok,5825841886,1
2026-09-06T08:09:47.943006+00:00,8.939303188,246127,5825848348,5825865020,15,True,15,1.14941,1.80406,1.8754502124839099,1.8545903794191883,1.149410464366667,1.8040634737518522,0.2766105780857549,2.65748,ok,5825852887,1,4.64699,ok,5825856886,1,3.4788,ok,5825860886,1,4.85336,ok,5825864886,1
2026-09-06T08:09:47.965005+00:00,8.9613017,246128,5825870601,5825887020,15,True,15,1.13665,1.81295,1.8651859335631247,1.8633365777272293,1.136649734006667,1.8129511687074078,0.2900925114521506,2.68577,ok,5825874888,1,4.67508,ok,5825878886,1,3.48659,ok,5825882886,1,4.87553,ok,5825886886,1
2026-09-06T08:09:47.986956+00:00,8.983253011,246129,5825892859,5825909019,15,True,15,1.12661,1.80974,1.856618653476068,1.8604863577549822,1.1266116597400002,1.8097380198000002,0.2950291142260082,2.68685,ok,5825896888,1,4.69268,ok,5825900886,1,3.49996,ok,5825904886,1,4.88336,ok,5825908886,1
2026-09-06T08:09:48.027906+00:00,9.024203553,246130,5825934094,5825950019,15,True,15,1.12779,1.83948,1.8596950443192461,1.889129875450628,1.1277955542133336,1.8394822426370376,0.31108789339527365,2.6895,ok,5825937888,1,4.70804,ok,5825941886,1,3.484,ok,5825945886,1,4.84148,ok,5825949886,1
2026-09-06T08:09:48.051264+00:00,9.047561046,246131,5825956347,5825973019,15,True,15,1.13867,1.8153,1.8670928063137393,1.8655792325771465,1.138672367573334,1.8152993344148158,0.29004701094996094,2.6978,ok,5825960888,1,4.68308,ok,5825964886,1,3.49718,ok,5825968886,1,4.87482,ok,5825972886,1
2026-09-06T08:09:48.072953+00:00,9.069250366,246132,5825978601,5825995020,15,True,15,1.17088,1.83121,1.8951018235777073,1.8801799498946405,1.17087612478,1.8312043683777783,0.2793873861013698,2.73069,ok,5825982888,1,4.65826,ok,5825986886,1,3.4896,ok,5825990886,1,4.85444,ok,5825994886,1
2026-09-06T08:09:48.094991+00:00,9.09128856,246133,5826000866,5826017019,15,True,15,1.14702,1.8091,1.8736328332571022,1.859423751357004,1.147015695416667,1.809105885274075,0.2810829653240639,2.68772,ok,5826004888,1,4.66083,ok,5826008886,1,3.48734,ok,5826012886,1,4.87361,ok,5826016886,1
2026-09-06T08:09:48.116850+00:00,9.113147708,246134,5826023120,5826039019,15,True,15,1.13935,1.78586,1.8655185190371386,1.8371474045579717,1.1393563859833338,1.7858574987370368,0.27402051393022797,2.66188,ok,5826026888,1,4.64093,ok,5826030886,1,3.47981,ok,5826034886,1,4.90134,ok,5826038886,1
2026-09-06T08:09:48.139934+00:00,9.136231178,246135,5826045377,5826062019,15,True,15,1.13754,1.8028,1.865362512745853,1.853598254960693,1.1375437718333337,1.80279901225926,0.28389849384111704,2.67135,ok,5826049888,1,4.66834,ok,5826053886,1,3.49194,ok,5826057886,1,4.87368,ok,5826061886,1
2026-09-06T08:09:48.161960+00:00,9.158257307,246136,5826067638,5826084020,15,True,15,1.13242,1.81327,1.861246063846018,1.8635362603468026,1.132414979040001,1.8132680961666667,0.2932813021111802,2.70644,ok,5826071888,1,4.669,ok,5826075886,1,3.47193,ok,5826079886,1,4.91247,ok,5826083886,1
2026-09-06T08:09:48.183941+00:00,9.180237099,246137,5826089892,5826106020,15,True,15,1.12711,1.79033,1.8555161820593518,1.841688845454107,1.127110762743333,1.7903252197703712,0.28482616386193366,2.66031,ok,5826093888,1,4.65713,ok,5826097886,1,3.47808,ok,5826101886,1,4.90515,ok,5826105886,1
2026-09-06T08:09:48.211977+00:00,9.208274942,246138,5826117589,5826134019,15,True,15,1.15698,1.7685,1.8793581359017408,1.8201804771002794,1.1569807562399999,1.7685023743555566,0.2530228469345237,2.66728,ok,5826121888,1,4.62598,ok,5826125886,1,3.50756,ok,5826129886,1,4.90132,ok,5826133886,1
2026-09-06T08:09:48.233943+00:00,9.230239949,246139,5826139851,5826156019,15,True,15,1.15662,1.79995,1.8809347122989915,1.850353239775069,1.1566204587533333,1.7999593282148159,0.2696822590074616,2.69073,ok,5826143887,1,4.63742,ok,5826147886,1,3.4817,ok,5826151886,1,4.88798,ok,5826155886,1
2026-09-06T08:09:48.255984+00:00,9.252281246,246140,5826162105,5826178019,15,True,15,1.20043,1.80079,1.9179089170591503,1.8503161693705148,1.20042936274,1.8007879032666672,0.2421217428832038,2.71617,ok,5826165888,1,4.60044,ok,5826169886,1,3.49446,ok,5826173886,1,4.8606,ok,5826177886,1
2026-09-06T08:09:48.278972+00:00,9.275269257,246141,5826184357,5826201019,15,True,15,1.18125,1.76307,1.8994314483549912,1.8144815201214626,1.1812452771833342,1.7630661939814825,0.23324161749193836,2.67448,ok,5826188887,1,4.59868,ok,5826192886,1,3.51322,ok,5826196886,1,4.89033,ok,5826200886,1
2026-09-06T08:09:48.300941+00:00,9.297238425,246142,5826206618,5826223019,15,True,15,1.16892,1.80136,1.8916480682273447,1.8515892874792932,1.1689237242199995,1.8013635549111127,0.26227156234635046,2.66519,ok,5826210888,1,4.62344,ok,5826214886,1,3.47896,ok,5826218886,1,4.8466,ok,5826222886,1
2026-09-06T08:09:48.323004+00:00,9.319301931,246143,5826228875,5826245019,15,True,15,1.17197,1.80586,1.8944057647787163,1.8558067712534159,1.1719722598199995,1.8058617503888896,0.26299263425113206,2.70304,ok,5826232888,1,4.63663,ok,5826236886,1,3.49504,ok,5826240886,1,4.86542,ok,5826244886,1
2026-09-06T08:09:48.344985+00:00,9.341282235,246144,5826251135,5826267019,15,True,15,1.18383,1.75491,1.9008451412556693,1.806483615153796,1.1838352659700002,1.7549167473555565,0.22754706214091455,2.66893,ok,5826254888,1,4.57611,ok,5826258886,1,3.49784,ok,5826262886,1,4.90761,ok,5826266886,1
2026-09-06T08:09:48.368005+00:00,9.364302791,246145,5826273391,5826290019,15,True,15,1.19359,1.78335,1.910917482009337,1.8336355941620381,1.193588468263334,1.7833485403703708,0.235954326180722,2.69343,ok,5826277888,1,4.58564,ok,5826281886,1,3.48767,ok,5826285886,1,4.87946,ok,5826289886,1
2026-09-06T08:09:48.389993+00:00,9.386290007,246146,5826295644,5826312019,15,True,15,1.20079,1.77732,1.9162765911727209,1.8275511470051948,1.2007859649533337,1.7773176259481487,0.22792797932048306,2.72318,ok,5826299888,1,4.57431,ok,5826303886,1,3.49089,ok,5826307886,1,4.91381,ok,5826311886,1
2026-09-06T08:09:48.411987+00:00,9.408283943,246147,5826317897,5826334020,15,True,15,1.18872,1.80047,1.9076923777050456,1.8500760029861114,1.18871958439,1.8004676373222233,0.2493229149889185,2.74923,ok,5826321888,1,4.61439,ok,5826325886,1,3.49651,ok,5826329886,1,4.9087,ok,5826333886,1
2026-09-06T08:09:48.435024+00:00,9.431320371,246148,5826340156,5826357019,15,True,15,1.19096,1.79054,1.9090474914878668,1.8405398050314283,1.1909628657100009,1.7905391530666668,0.2419025409878173,2.72698,ok,5826344888,1,4.60277,ok,5826348886,1,3.49718,ok,5826352886,1,4.89931,ok,5826356886,1
2026-09-06T08:09:48.456868+00:00,9.453165183,246149,5826362416,5826379020,15,True,15,1.19056,1.75801,1.9063949119913108,1.8091834548283918,1.1905600597500001,1.7580152596444452,0.22449764663371777,2.70004,ok,5826366888,1,4.56783,ok,5826370886,1,3.49264,ok,5826374886,1,4.93275,ok,5826378886,1
2026-09-06T08:09:48.479031+00:00,9.47532738,246150,5826384673,5826401019,15,True,15,1.2111,1.76949,1.9243468565290518,1.8197756197150303,1.211100115470001,1.7694902305222224,0.21674452198043503,2.73211,ok,5826388888,1,4.5586,ok,5826392886,1,3.4952,ok,5826396886,1,4.92449,ok,5826400886,1
2026-09-06T08:09:48.500992+00:00,9.497288995,246151,5826406927,5826423019,15,True,15,1.19097,1.77543,1.9079557384939378,1.8259592322803673,1.1909705910133332,1.775431215348149,0.2333328323129039,2.72229,ok,5826410888,1,4.58953,ok,5826414886,1,3.49923,ok,5826418886,1,4.92033,ok,5826422886,1
2026-09-06T08:09:48.541989+00:00,9.538286355,246152,5826447676,5826464019,15,True,15,1.17214,1.79586,1.8932192925462434,1.8458680114944146,1.1721433769266667,1.7958633634296304,0.2573613103461982,2.7374,ok,5826451888,1,4.61385,ok,5826455886,1,3.47797,ok,5826459886,1,4.93391,ok,5826463886,1
2026-09-06T08:09:48.570023+00:00,9.56632055,246153,5826475693,5826492019,15,True,15,1.23614,1.78751,1.9469033967361289,1.8367625573522384,1.2361391876066676,1.7875145805962964,0.21225253179472683,2.7421,ok,5826479888,1,4.55573,ok,5826483886,1,3.50406,ok,5826487886,1,4.87064,ok,5826491886,1
2026-09-06T08:09:48.591970+00:00,9.588267765,246154,5826497955,5826514019,15,True,15,1.22002,1.79025,1.933452730098531,1.8396783488992723,1.2200170284233345,1.7902485622481479,0.22361624006498526,2.74744,ok,5826501887,1,4.57647,ok,5826505886,1,3.50457,ok,5826509886,1,4.88776,ok,5826513886,1
2026-09-06T08:09:48.613942+00:00,9.610239269,246155,5826520207,5826536019,15,True,15,1.19114,1.78239,1.9087079572509351,1.8327158244937019,1.1911427118100006,1.7823857485111116,0.23704203807535887,2.72913,ok,5826523888,1,4.60427,ok,5826527886,1,3.50988,ok,5826531886,1,4.90741,ok,5826535886,1
2026-09-06T08:09:48.637393+00:00,9.633688668,246156,5826542458,5826559019,15,True,15,1.21163,1.80302,1.9272591110003032,1.8521351667363206,1.2116319400166666,1.8030178622407418,0.23688628617915494,2.72863,ok,5826546887,1,4.58082,ok,5826550886,1,3.48182,ok,5826554886,1,4.86797,ok,5826558886,1
2026-09-06T08:09:48.658936+00:00,9.655233088,246157,5826564711,5826581020,15,True,15,1.20837,1.78527,1.9229639587345522,1.834953761660767,1.2083697234266673,1.7852763362518524,0.2278414082963282,2.72898,ok,5826568888,1,4.55718,ok,5826572886,1,3.46902,ok,5826576886,1,4.91344,ok,5826580886,1
2026-09-06T08:09:48.690971+00:00,9.687268383,246158,5826586969,5826613019,15,True,15,1.21832,1.773,1.9307134824573267,1.823039176907988,1.2183178319999999,1.7730000984555565,0.21408503170793378,2.73505,ok,5826590888,1,4.55585,ok,5826594886,1,3.49742,ok,5826598886,1,4.91242,ok,5826612886,2
2026-09-06T08:09:48.708016+00:00,9.704313578,246159,5826613810,5826630019,15,True,15,1.19962,1.76329,1.9145292345481497,1.814156144075517,1.1996128234399996,1.7632865302222227,0.22087974221614143,2.70341,ok,5826617892,1,4.56995,ok,5826621886,1,3.50157,ok,5826625886,1,4.91127,ok,5826629886,1
2026-09-06T08:09:48.730020+00:00,9.726315994,246160,5826636066,5826652020,15,True,15,1.21413,1.75101,1.9261828846329854,1.8021797301278204,1.2141365213200004,1.7510129682222229,0.20436226104953129,2.66868,ok,5826639888,1,4.54188,ok,5826643886,1,3.50156,ok,5826647886,1,4.8809,ok,5826651886,1
2026-09-06T08:09:48.753012+00:00,9.749309445,246161,5826658321,5826675019,15,True,15,1.20564,1.73472,1.9178650210590589,1.7866269736560714,1.2056361326833336,1.734714826537038,0.20248398081342323,2.66353,ok,5826662888,1,4.53958,ok,5826666886,1,3.50738,ok,5826670886,1,4.90977,ok,5826674886,1
2026-09-06T08:09:48.774970+00:00,9.771267092,246162,5826680576,5826697020,15,True,15,1.22179,1.74744,1.9321306578061113,1.7984663413278608,1.2217935732966674,1.7474366953851856,0.19737528526221393,2.70656,ok,5826684888,1,4.53768,ok,5826688886,1,3.51163,ok,5826692886,1,4.91402,ok,5826696886,1
2026-09-06T08:09:48.796949+00:00,9.79324602,246163,5826702834,5826719019,15,True,15,1.22557,1.79549,1.9382982152279393,1.8445307719383424,1.2255626612,1.7954885772444453,0.22379411613725556,2.72471,ok,5826706888,1,4.54721,ok,5826710886,1,3.46747,ok,5826714886,1,4.87343,ok,5826718886,1
2026-09-06T08:09:48.818992+00:00,9.815288886,246164,5826725093,5826741019,15,True,15,1.17659,1.76498,1.8950776987565932,1.816146451507603,1.1765861967899998,1.7649775815777784,0.2377615607707383,2.69478,ok,5826728888,1,4.58352,ok,5826732886,1,3.48421,ok,5826736886,1,4.93442,ok,5826740886,1
2026-09-06T08:09:48.841995+00:00,9.838292705,246165,5826747349,5826764019,15,True,15,1.19792,1.78625,1.9143081278764402,1.8361226817215412,1.1979261351566672,1.7862446773740737,0.2350360093224162,2.7481,ok,5826751888,1,4.58637,ok,5826755886,1,3.49111,ok,5826759886,1,4.92794,ok,5826763886,1
2026-09-06T08:09:48.864254+00:00,9.860547128,246166,5826769603,5826786019,15,True,15,1.21542,1.81558,1.930894685429446,1.8639665791760545,1.2154188956600005,1.8155824926999997,0.24322459451777165,2.75316,ok,5826773888,1,4.57149,ok,5826777886,1,3.45868,ok,5826781886,1,4.88494,ok,5826785886,1
2026-09-06T08:09:48.886317+00:00,9.882613482,246167,5826791856,5826808020,15,True,15,1.21525,1.78702,1.9289320007778736,1.836523157194619,1.215256367873333,1.7870198826481483,0.22459385368168533,2.73987,ok,5826795888,1,4.5589,ok,5826799886,1,3.47893,ok,5826803886,1,4.90835,ok,5826807886,1
2026-09-06T08:09:48.913956+00:00,9.910253427,246168,5826819578,5826836019,15,True,15,1.24455,1.78243,1.9535260202923228,1.831646071657062,1.2445527342933338,1.7824270859592597,0.20401391664852236,2.74406,ok,5826823888,1,4.53726,ok,5826827886,1,3.49863,ok,5826831886,1,4.87751,ok,5826835886,1
2026-09-06T08:09:48.936074+00:00,9.932367974,246169,5826841841,5826858019,15,True,15,1.25173,1.78979,1.96019195642858,1.838653152993677,1.2517290604600009,1.7897884769000005,0.20499012447109433,2.74667,ok,5826845887,1,4.54034,ok,5826849886,1,3.50341,ok,5826853886,1,4.85603,ok,5826857886,1
2026-09-06T08:09:48.957953+00:00,9.954250419,246170,5826864095,5826880019,15,True,15,1.2314,1.77381,1.9417204146989513,1.8235432218600158,1.231393600883334,1.773815614814815,0.20637706257964977,2.74598,ok,5826867888,1,4.54287,ok,5826871886,1,3.49818,ok,5826875886,1,4.90927,ok,5826879886,1
2026-09-06T08:09:48.981050+00:00,9.977347585,246171,5826886350,5826903019,15,True,15,1.2329,1.78418,1.9438547245144993,1.8335703496038482,1.2328955511899995,1.7841785562666674,0.21199597596223627,2.7278,ok,5826890887,1,4.54433,ok,5826894886,1,3.48888,ok,5826898886,1,4.87497,ok,5826902886,1
2026-09-06T08:09:49.002882+00:00,9.999177997,246172,5826908611,5826925019,15,True,15,1.23293,1.81082,1.9457069511660645,1.8592250765036147,1.232935464923334,1.810820255637038,0.23009152959098475,2.75016,ok,5826912888,1,4.56918,ok,5826916886,1,3.48703,ok,5826920886,1,4.85214,ok,5826924886,1
2026-09-06T08:09:49.042942+00:00,10.03923962,246173,5826948239,5826965019,15,True,15,1.24687,1.78794,1.95605808971008,1.8370042554522326,1.24687599704,1.7879397857777781,0.20637531723106528,2.70727,ok,5826952888,1,4.52671,ok,5826956886,1,3.48115,ok,5826960886,1,4.83617,ok,5826964886,1
2026-09-06T08:09:49.065019+00:00,10.061315894,246174,5826970503,5826987019,15,True,15,1.24955,1.79858,1.9590328278743578,1.8472029061877457,1.2495433578133333,1.7985830550037045,0.21238929354422664,2.73137,ok,5826974888,1,4.54255,ok,5826978886,1,3.49184,ok,5826982886,1,4.833,ok,5826986886,1
2026-09-06T08:09:49.086962+00:00,10.083258917,246175,5826992757,5827009020,15,True,15,1.22394,1.79024,1.9367013430373028,1.8395774588738176,1.223942352533333,1.7902507189814825,0.22128136751021685,2.7202,ok,5826996888,1,4.55184,ok,5827000886,1,3.47799,ok,5827004886,1,4.87223,ok,5827008886,1
2026-09-06T08:09:49.108970+00:00,10.105266869,246176,5827015010,5827031019,15,True,15,1.21818,1.75816,1.9300230312777953,1.8089568676280559,1.2181822120900008,1.758158713433334,0.2054811529799878,2.65622,ok,5827018888,1,4.52929,ok,5827022886,1,3.48179,ok,5827026886,1,4.8641,ok,5827030886,1
2026-09-06T08:09:49.132036+00:00,10.128333475,246177,5827037268,5827054019,15,True,15,1.22802,1.77152,1.9392636408840294,1.8216496622425908,1.2280249750199999,1.7715173705888896,0.20684795568962944,2.67077,ok,5827041888,1,4.53374,ok,5827045886,1,3.48445,ok,5827049886,1,4.84325,ok,5827053886,1
2026-09-06T08:09:49.154010+00:00,10.150307506,246178,5827059528,5827076019,15,True,15,1.25007,1.7888,1.9588191322722213,1.8377788334360432,1.25006891466,1.788801649622223,0.2051891330900631,2.72912,ok,5827063888,1,4.53701,ok,5827067886,1,3.49799,ok,5827071886,1,4.84367,ok,5827075886,1
2026-09-06T08:09:49.175876+00:00,10.172173599,246179,5827081785,5827098019,15,True,15,1.19885,1.77799,1.9151672859670745,1.8284619618803812,1.1988476968666666,1.7779897197185188,0.2293631008281202,2.66174,ok,5827085888,1,4.56952,ok,5827089886,1,3.48096,ok,5827093886,1,4.8539,ok,5827097886,1
2026-09-06T08:09:49.198014+00:00,10.194311091,246180,5827104038,5827120019,15,True,15,1.20981,1.7776,1.9243308846257718,1.8278519023810234,1.2098075441733331,1.7775954350925935,0.22205053665003144,2.65671,ok,5827107888,1,4.55045,ok,5827111886,1,3.47222,ok,5827115886,1,4.84408,ok,5827119886,1
2026-09-06T08:09:49.220939+00:00,10.217236316,246181,5827126292,5827143019,15,True,15,1.21865,1.76773,1.931188151089774,1.8182211269018702,1.218647094916667,1.7677291959518522,0.21053808034725535,2.67022,ok,5827130888,1,4.54835,ok,5827134886,1,3.49491,ok,5827138886,1,4.85182,ok,5827142886,1
2026-09-06T08:09:49.249035+00:00,10.245332465,246182,5827154583,5827171019,15,True,15,1.23025,1.77562,1.9416503144755155,1.8256642327102888,1.2302514499400001,1.7756168281111118,0.20790790722406538,2.6623,ok,5827158888,1,4.54181,ok,5827162886,1,3.49285,ok,5827166886,1,4.81789,ok,5827170886,1
2026-09-06T08:09:49.271047+00:00,10.267342401,246183,5827176844,5827193019,15,True,15,1.22318,1.76204,1.9345790280323618,1.812639088779271,1.2231761262933332,1.7620406379259268,0.20432524660345003,2.6644,ok,5827180887,1,4.53472,ok,5827184886,1,3.491,ok,5827188886,1,4.85412,ok,5827192886,1
2026-09-06T08:09:49.293019+00:00,10.289316561,246184,5827199101,5827215019,15,True,15,1.23693,1.78019,1.9472337205422934,1.8297666160495785,1.2369338002766668,1.7801862178629635,0.20691121243938862,2.7121,ok,5827202888,1,4.54336,ok,5827206886,1,3.49854,ok,5827210886,1,4.85371,ok,5827214886,1
2026-09-06T08:09:49.316036+00:00,10.312331453,246185,5827221354,5827238019,15,True,15,1.2374,1.7806,1.9479041993582997,1.8302706885772162,1.2373970819933338,1.78059470625926,0.20681512615250486,2.66457,ok,5827225887,1,4.5301,ok,5827229886,1,3.48144,ok,5827233886,1,4.81194,ok,5827237886,1
2026-09-06T08:09:49.337987+00:00,10.334283948,246186,5827243613,5827260019,15,True,15,1.21188,1.79053,1.9270048058394424,1.8402845295498262,1.2118827491900002,1.790526139411112,0.22860132049585136,2.66563,ok,5827247888,1,4.56128,ok,5827251886,1,3.47266,ok,5827255886,1,4.82737,ok,5827259886,1
2026-09-06T08:09:49.360020+00:00,10.356317117,246187,5827265870,5827282019,15,True,15,1.23298,1.76856,1.9431746574557411,1.818673457989996,1.2329831636366666,1.7685569623518524,0.20196041484444938,2.70258,ok,5827269888,1,4.54133,ok,5827273886,1,3.50521,ok,5827277886,1,4.8639,ok,5827281886,1
2026-09-06T08:09:49.381914+00:00,10.378209515,246188,5827288130,5827304019,15,True,15,1.25124,1.77139,1.9590417743371347,1.8211895428329439,1.2512366649833333,1.7713874500148152,0.19257347655931653,2.67517,ok,5827291888,1,4.52182,ok,5827295886,1,3.50239,ok,5827299886,1,4.81134,ok,5827303886,1
2026-09-06T08:09:49.404973+00:00,10.40126924,246189,5827310387,5827327020,15,True,15,1.21341,1.76225,1.926352267863497,1.8130201305602962,1.213409314243333,1.7622481701037045,0.21089081385328015,2.65892,ok,5827314888,1,4.54281,ok,5827318886,1,3.48726,ok,5827322886,1,4.86047,ok,5827326886,1
2026-09-06T08:09:49.426961+00:00,10.423258376,246190,5827332642,5827349019,15,True,15,1.24241,1.77416,1.9514302110487631,1.823860193773448,1.2424047525566668,1.7741623452407418,0.1997431895272635,2.68498,ok,5827336888,1,4.51779,ok,5827340886,1,3.48095,ok,5827344886,1,4.84172,ok,5827348886,1
2026-09-06T08:09:49.448988+00:00,10.445285689,246191,5827354895,5827371019,15,True,15,1.25073,1.79693,1.9597070381714046,1.845486125970702,1.25073496277,1.796930755977779,0.21062268109313126,2.73401,ok,5827358888,1,4.52881,ok,5827362886,1,3.4778,ok,5827366886,1,4.84793,ok,5827370886,1
2026-09-06T08:09:49.472186+00:00,10.468483465,246192,5827377153,5827394019,15,True,15,1.23558,1.78342,1.9465104317267752,1.832991680315093,1.23558621216,1.783414087955556,0.2097515445685014,2.67736,ok,5827381888,1,4.5374,ok,5827385886,1,3.4847,ok,5827389886,1,4.82038,ok,5827393886,1
2026-09-06T08:09:49.493958+00:00,10.490255828,246193,5827399414,5827416019,15,True,15,1.20997,1.77002,1.9239994180037832,1.8205668769586292,1.209978773540001,1.7700131777111119,0.21752066596299552,2.67616,ok,5827403888,1,4.56089,ok,5827407886,1,3.49591,ok,5827411886,1,4.86233,ok,5827415886,1
2026-09-06T08:09:49.516026+00:00,10.51232311,246194,5827421669,5827438020,15,True,15,1.20205,1.788,1.9184112945701874,1.837975680330585,1.2020505874933332,1.7880006736037044,0.23323593078037977,2.67646,ok,5827425888,1,4.57022,ok,5827429886,1,3.47353,ok,5827433886,1,4.85355,ok,5827437886,1
2026-09-06T08:09:49.556970+00:00,10.5532669,246195,5827462943,5827479019,15,True,15,1.19532,1.78512,1.9127865312444676,1.8354444978838222,1.19531980191,1.7851188920888892,0.23572782065492745,2.6611,ok,5827466888,1,4.58279,ok,5827470886,1,3.48412,ok,5827474886,1,4.84133,ok,5827478886,1
2026-09-06T08:09:49.584982+00:00,10.581279111,246196,5827490699,5827507019,15,True,15,1.21844,1.77468,1.931529700373329,1.8249350204555255,1.2184437236233339,1.7746781578037039,0.2147533376183254,2.66346,ok,5827494888,1,4.54996,ok,5827498886,1,3.48776,ok,5827502886,1,4.83683,ok,5827506886,1
2026-09-06T08:09:49.606994+00:00,10.603290199,246197,5827512960,5827529019,15,True,15,1.21208,1.7902,1.927352491786389,1.840062413482355,1.2120825149666672,1.7902002128851857,0.22819769529487602,2.69789,ok,5827516887,1,4.59192,ok,5827520886,1,3.51351,ok,5827524886,1,4.83405,ok,5827528886,1
2026-09-06T08:09:49.628957+00:00,10.625254695,246198,5827535213,5827551019,15,True,15,1.23005,1.78231,1.9417163134895217,1.8320050316645016,1.2300562264399997,1.782308891877778,0.212352493125143,2.68801,ok,5827538888,1,4.54637,ok,5827542886,1,3.48988,ok,5827546886,1,4.83626,ok,5827550886,1
2026-09-06T08:09:49.652037+00:00,10.648334356,246199,5827557464,5827574019,15,True,15,1.23019,1.78051,1.941908692080881,1.8303679548715261,1.2301916986166663,1.780512717540742,0.21104870843821957,2.67446,ok,5827561887,1,4.54959,ok,5827565886,1,3.49658,ok,5827569886,1,4.81957,ok,5827573886,1
2026-09-06T08:09:49.674002+00:00,10.670299396,246200,5827579717,5827596019,15,True,15,1.24527,1.7795,1.9543782675423564,1.8290259512526204,1.245272035753334,1.7795010408037044,0.20149935102019811,2.6939,ok,5827583888,1,4.53209,ok,5827587886,1,3.49672,ok,5827591886,1,4.82736,ok,5827595886,1
2026-09-06T08:09:49.696011+00:00,10.69230738,246201,5827601973,5827618019,15,True,15,1.22697,1.79873,1.9402290340876953,1.847868175920286,1.2269685771900005,1.7987235730888893,0.2249690350183971,2.68916,ok,5827605888,1,4.5575,ok,5827609886,1,3.47879,ok,5827613886,1,4.81814,ok,5827617886,1
2026-09-06T08:09:49.718965+00:00,10.715262174,246202,5827624233,5827641019,15,True,15,1.20397,1.7728,1.919208096567889,1.8234021518591303,1.2039745515266673,1.772800124774074,0.22301132580161162,2.65556,ok,5827628888,1,4.56201,ok,5827632886,1,3.48518,ok,5827636886,1,4.84844,ok,5827640886,1
2026-09-06T08:09:49.741011+00:00,10.737307696,246203,5827646490,5827663019,15,True,15,1.21006,1.79504,1.9256806990604516,1.844620011674747,1.2100607139366661,1.795039861296297,0.23259531574186038,2.68038,ok,5827650888,1,4.56822,ok,5827654886,1,3.47331,ok,5827658886,1,4.8367,ok,5827662886,1
2026-09-06T08:09:49.763031+00:00,10.759328353,246204,5827668744,5827685019,15,True,15,1.2321,1.78401,1.9436455884027573,1.8336504462671048,1.232095894096667,1.7840115466296298,0.2121981937530468,2.68294,ok,5827672888,1,4.54734,ok,5827676886,1,3.49187,ok,5827680886,1,4.8239,ok,5827684886,1
2026-09-06T08:09:49.784985+00:00,10.781282224,246205,5827690998,5827707019,15,True,15,1.19211,1.75849,1.9081828094428233,1.809828835607396,1.1921064349299995,1.7584935138777786,0.22341221393933888,2.6527,ok,5827694888,1,4.56566,ok,5827698886,1,3.4914,ok,5827702886,1,4.87953,ok,5827706886,1
2026-09-06T08:09:49.808036+00:00,10.804333084,246206,5827713255,5827730019,15,True,15,1.21775,1.78765,1.9317880784168102,1.8374133424266912,1.2177527346233337,1.787644338148149,0.22318147885742692,2.68019,ok,5827717888,1,4.5635,ok,5827721886,1,3.48773,ok,5827725886,1,4.83192,ok,5827729886,1
2026-09-06T08:09:49.830027+00:00,10.826324141,246207,5827735516,5827752019,15,True,15,1.20408,1.79053,1.920083604277109,1.8402666112545911,1.2040873223500006,1.7905265240000006,0.2335743312491514,2.70812,ok,5827739888,1,4.57447,ok,5827743886,1,3.47878,ok,5827747886,1,4.87807,ok,5827751886,1
2026-09-06T08:09:49.852006+00:00,10.848303004,246208,5827757773,5827774020,15,True,15,1.17401,1.78242,1.8942414443197297,1.8330668456435106,1.1740043043766666,1.782424173474075,0.24849722605550298,2.64294,ok,5827761888,1,4.5728,ok,5827765886,1,3.44365,ok,5827769886,1,4.87728,ok,5827773886,1
2026-09-06T08:09:49.873984+00:00,10.870281068,246209,5827780028,5827796020,15,True,15,1.16617,1.7624,1.886801133715831,1.8141822368209082,1.16616479855,1.762396040344445,0.24350493205977128,2.63551,ok,5827783888,1,4.60135,ok,5827787886,1,3.49607,ok,5827791886,1,4.87694,ok,5827795886,1
2026-09-06T08:09:49.896978+00:00,10.893274807,246210,5827802282,5827819020,15,True,15,1.20181,1.7794,1.9178261806245498,1.8298031730071889,1.2018079852033332,1.7794078720037048,0.22822097782927817,2.68381,ok,5827806888,1,4.58351,ok,5827810886,1,3.50171,ok,5827814886,1,4.8576,ok,5827818886,1
2026-09-06T08:09:49.924984+00:00,10.921281577,246211,5827830596,5827847019,15,True,15,1.20934,1.79007,1.9249347377684056,1.8399355764842016,1.2093442072499998,1.7900639620222227,0.22983892059640135,2.66117,ok,5827834888,1,4.56761,ok,5827838886,1,3.47792,ok,5827842886,1,4.82215,ok,5827846886,1
2026-09-06T08:09:49.947024+00:00,10.943321755,246212,5827852856,5827869019,15,True,15,1.22352,1.79155,1.9370595742100492,1.8411386274035246,1.2235175517833337,1.7915547801481482,0.22216307317442155,2.68993,ok,5827856887,1,4.57278,ok,5827860886,1,3.50307,ok,5827864886,1,4.81838,ok,5827868886,1
2026-09-06T08:09:49.979035+00:00,10.975332633,246213,5827875110,5827901019,15,True,15,1.22002,1.76541,1.93211606209811,1.8159257094017083,1.220014142753333,1.7654048039481487,0.20833419384192672,2.68653,ok,5827888888,2,4.55134,ok,5827892886,1,3.50374,ok,5827896886,1,4.86634,ok,5827900886,1
2026-09-06T08:09:49.996022+00:00,10.99231965,246214,5827901688,5827918019,15,True,15,1.21179,1.76211,1.92523851814663,1.8130467106626496,1.2117941245599995,1.7621176624000008,0.21177292820535187,2.66299,ok,5827905891,1,4.56257,ok,5827909886,1,3.51083,ok,5827913886,1,4.84985,ok,5827917886,1
2026-09-06T08:09:50.018015+00:00,11.014312658,246215,5827923942,5827940019,15,True,15,1.21324,1.77357,1.9269661011849624,1.8239263727627792,1.2132359161700004,1.7735767930444453,0.21747379828264918,2.65925,ok,5827927888,1,4.54729,ok,5827931886,1,3.47822,ok,5827935886,1,4.84649,ok,5827939886,1
2026-09-06T08:09:50.058002+00:00,11.054298279,246216,5827963524,5827980019,15,True,15,1.18407,1.78411,1.9034034054091578,1.8347680331339706,1.1840676350200003,1.784111108033334,0.24242820214046246,2.64698,ok,5827967888,1,4.59775,ok,5827971886,1,3.48898,ok,5827975886,1,4.83584,ok,5827979886,1
2026-09-06T08:09:50.079988+00:00,11.076285463,246217,5827985786,5828002019,15,True,15,1.22035,1.78573,1.9338504631110638,1.8355252305477225,1.2203492042800004,1.785732653255556,0.22038778370760814,2.67531,ok,5827989888,1,4.55697,ok,5827993886,1,3.48538,ok,5827997886,1,4.82908,ok,5828001886,1
2026-09-06T08:09:50.102038+00:00,11.098334793,246218,5828008040,5828024019,15,True,15,1.23129,1.78585,1.942983360801068,1.835388595861542,1.231290803833334,1.7858545154592596,0.21391472115114124,2.70498,ok,5828011888,1,4.55553,ok,5828015886,1,3.49901,ok,5828019886,1,4.84071,ok,5828023886,1
2026-09-06T08:09:50.124992+00:00,11.121288915,246219,5828030292,5828047019,15,True,15,1.21778,1.77303,1.9309236155404048,1.8233982851339703,1.2177765069366668,1.7730355233851864,0.21416900866395294,2.65852,ok,5828034888,1,4.5513,ok,5828038886,1,3.49067,ok,5828042886,1,4.83304,ok,5828046886,1
2026-09-06T08:09:50.146991+00:00,11.143288643,246220,5828052550,5828069019,15,True,15,1.2252,1.7826,1.9378337647264248,1.8324687754691775,1.2252037927033335,1.782602607770371,0.21540958811158684,2.67373,ok,5828056888,1,4.55523,ok,5828060886,1,3.4941,ok,5828064886,1,4.82183,ok,5828068886,1
2026-09-06T08:09:50.169018+00:00,11.165315476,246221,5828074812,5828091019,15,True,15,1.16692,1.78438,1.8887563073990488,1.8352472170388776,1.166923128473333,1.7843764832814821,0.2541667212873914,2.66808,ok,5828078888,1,4.61753,ok,5828082886,1,3.49019,ok,5828086886,1,4.87523,ok,5828090886,1
2026-09-06T08:09:50.191025+00:00,11.187322373,246222,5828097068,5828113019,15,True,15,1.18258,1.76189,1.9003352403448786,1.8132561893826404,1.1825794538000007,1.7618891600555564,0.23179718087978785,2.64743,ok,5828100888,1,4.57247,ok,5828104886,1,3.48228,ok,5828108886,1,4.88382,ok,5828112886,1
2026-09-06T08:09:50.214044+00:00,11.210341841,246223,5828119322,5828136019,15,True,15,1.17861,1.75797,1.8968566808087728,1.8096225848980882,1.1786062933433337,1.7579697303814825,0.2326077304473485,2.66298,ok,5828123888,1,4.59281,ok,5828127886,1,3.50831,ok,5828131886,1,4.89338,ok,5828135886,1
2026-09-06T08:09:50.236072+00:00,11.232367298,246224,5828141574,5828158019,15,True,15,1.17552,1.76209,1.8942608306226716,1.813517477492978,1.1755225551100001,1.7620903785777786,0.23694037060959944,2.67222,ok,5828145888,1,4.58695,ok,5828149886,1,3.49092,ok,5828153886,1,4.91143,ok,5828157886,1
2026-09-06T08:09:50.264000+00:00,11.260297906,246225,5828169585,5828186019,15,True,15,1.22088,1.77223,1.933403720146421,1.8225261128144685,1.2208843796300002,1.7722327264666673,0.21174533689784772,2.67216,ok,5828173888,1,4.5501,ok,5828177886,1,3.49459,ok,5828181886,1,4.84352,ok,5828185886,1
2026-09-06T08:09:50.285823+00:00,11.282120222,246226,5828191846,5828208019,15,True,15,1.20374,1.79273,1.919961675886516,1.8424097763671439,1.20373733428,1.792734165566667,0.23513818730046365,2.70151,ok,5828195887,1,4.57327,ok,5828199886,1,3.47384,ok,5828203886,1,4.87054,ok,5828207886,1
2026-09-06T08:09:50.308033+00:00,11.304330644,246227,5828214101,5828230019,15,True,15,1.19038,1.75958,1.9067905914502372,1.810906658166115,1.1903769725133335,1.7595830563925938,0.22517158020801373,2.66501,ok,5828217888,1,4.57482,ok,5828221886,1,3.4995,ok,5828225886,1,4.8869,ok,5828229886,1
2026-09-06T08:09:50.330829+00:00,11.327125145,246228,5828236354,5828253019,15,True,15,1.19939,1.78971,1.9164995206038367,1.839771848570934,1.1993926601066671,1.789709214507408,0.23585898317950904,2.67322,ok,5828240887,1,4.58496,ok,5828244886,1,3.48689,ok,5828248886,1,4.83995,ok,5828252886,1
2026-09-06T08:09:50.353010+00:00,11.349307311,246229,5828258613,5828275019,15,True,15,1.21322,1.79421,1.9280460158659627,1.8436415636555679,1.2132230294300008,1.7942058129222225,0.23023391221218314,2.72071,ok,5828262888,1,4.57328,ok,5828266886,1,3.48558,ok,5828270886,1,4.87107,ok,5828274886,1
2026-09-06T08:09:50.375059+00:00,11.371356448,246230,5828280871,5828297019,15,True,15,1.19492,1.78301,1.9120353183500312,1.83329713481404,1.1949124409599998,1.7830108822222233,0.23488601375341342,2.67441,ok,5828284888,1,4.57427,ok,5828288886,1,3.47505,ok,5828292886,1,4.86679,ok,5828296886,1
2026-09-06T08:09:50.397037+00:00,11.393334288,246231,5828303132,5828319020,15,True,15,1.18435,1.78579,1.903609743238147,1.8363064040900634,1.184352154666667,1.785787007240741,0.24325505087318472,2.66759,ok,5828306888,1,4.60119,ok,5828310886,1,3.49176,ok,5828314886,1,4.85304,ok,5828318886,1
2026-09-06T08:09:50.420046+00:00,11.41634326,246232,5828325388,5828342019,15,True,15,1.20639,1.78355,1.9216987543868151,1.833575107414187,1.2063915591799994,1.78354975698889,0.2278390284657759,2.71021,ok,5828329888,1,4.57894,ok,5828333886,1,3.49695,ok,5828337886,1,4.87791,ok,5828341886,1
2026-09-06T08:09:50.441906+00:00,11.438203496,246233,5828347642,5828364019,15,True,15,1.20895,1.76515,1.9228946498722836,1.8159462278686822,1.2089560494133327,1.7651508666703715,0.21541953233871414,2.66314,ok,5828351888,1,4.55778,ok,5828355886,1,3.49665,ok,5828359886,1,4.85755,ok,5828363886,1
2026-09-06T08:09:50.474025+00:00,11.470322089,246234,5828369895,5828396019,15,True,15,1.21951,1.7804,1.9327065791338456,1.8303702404763482,1.2195147234633334,1.7804007424592596,0.21760613380300645,2.67791,ok,5828373888,1,4.55258,ok,5828377886,1,3.48533,ok,5828391886,2,4.84278,ok,5828395886,1
2026-09-06T08:09:50.490988+00:00,11.487284882,246235,5828397040,5828413019,15,True,15,1.22447,1.79954,1.9380076569754794,1.8486219845278666,1.2244723752200004,1.7995424669111115,0.22701331679925654,2.71669,ok,5828400892,1,4.5667,ok,5828404886,1,3.4862,ok,5828408886,1,4.84466,ok,5828412886,1
2026-09-06T08:09:50.513818+00:00,11.510114809,246236,5828419302,5828436020,15,True,15,1.19601,1.76197,1.9117595240772072,1.8131212652283892,1.1960106738733334,1.7619653502037038,0.2224655895036147,2.66999,ok,5828423888,1,4.5755,ok,5828427886,1,3.50537,ok,5828431886,1,4.87797,ok,5828435886,1
2026-09-06T08:09:50.535993+00:00,11.532289806,246237,5828441556,5828458019,15,True,15,1.19276,1.80074,1.9113721890295758,1.8503768378427472,1.1927668887400003,1.8007366980666664,0.24685251006497652,2.72075,ok,5828445888,1,4.60774,ok,5828449886,1,3.49318,ok,5828453886,1,4.8746,ok,5828457886,1
2026-09-06T08:09:50.577090+00:00,11.573387168,246238,5828482676,5828499019,15,True,15,1.19474,1.77559,1.9113764693927737,1.8261476733935078,1.194744470646667,1.7755885046407414,0.23079321507558687,2.71424,ok,5828486888,1,4.59407,ok,5828490886,1,3.51036,ok,5828494886,1,4.89934,ok,5828498886,1
2026-09-06T08:09:50.604984+00:00,11.601281136,246239,5828510697,5828527019,15,True,15,1.22516,1.80422,1.93895025317449,1.8531327177838253,1.2251585921800001,1.8042179438888895,0.22976284291256568,2.71107,ok,5828514888,1,4.56726,ok,5828518886,1,3.48188,ok,5828522886,1,4.83206,ok,5828526886,1
2026-09-06T08:09:50.627037+00:00,11.623334593,246240,5828532957,5828549019,15,True,15,1.25427,1.80085,1.96320614244961,1.8493083675248572,1.2542668239433339,1.8008439741037041,0.2115230616893598,2.75545,ok,5828536887,1,4.55466,ok,5828540886,1,3.51141,ok,5828544886,1,4.83706,ok,5828548886,1
2026-09-06T08:09:50.649064+00:00,11.64536117,246241,5828555210,5828571019,15,True,15,1.23395,1.77909,1.944768172257466,1.8288202700059777,1.23395292718,1.7790846327444456,0.2079417143193957,2.72702,ok,5828558888,1,4.56275,ok,5828562886,1,3.52086,ok,5828566886,1,4.8594,ok,5828570886,1
2026-09-06T08:09:50.672047+00:00,11.668344637,246242,5828577462,5828594019,15,True,15,1.2225,1.80291,1.9366919053826637,1.851963269655792,1.2224957075799998,1.8029140886333341,0.23037955201343008,2.72303,ok,5828581887,1,4.5815,ok,5828585886,1,3.49841,ok,5828589886,1,4.83875,ok,5828593886,1
2026-09-06T08:09:50.693815+00:00,11.690112327,246243,5828599715,5828616020,15,True,15,1.25438,1.76385,1.9607819467893919,1.813684980524261,1.254377382926667,1.763849493351852,0.1859273495032712,2.72568,ok,5828603888,1,4.52105,ok,5828607886,1,3.51554,ok,5828611886,1,4.86894,ok,5828615886,1
2026-09-06T08:09:50.716071+00:00,11.712368415,246244,5828621972,5828638020,15,True,15,1.23482,1.78015,1.945392174515768,1.8297435059295317,1.2348168104000004,1.780147347555556,0.20816950006988477,2.72669,ok,5828625888,1,4.55131,ok,5828629886,1,3.50589,ok,5828633886,1,4.86699,ok,5828637886,1
2026-09-06T08:09:50.739032+00:00,11.735329705,246245,5828644232,5828661019,15,True,15,1.24242,1.79652,1.9528848779168833,1.8453430607179468,1.2424155646133335,1.7965105974814815,0.21479963787550166,2.73053,ok,5828648888,1,4.54979,ok,5828652886,1,3.49373,ok,5828656886,1,4.84191,ok,5828660886,1
2026-09-06T08:09:50.760832+00:00,11.757129044,246246,5828666490,5828683019,15,True,15,1.23023,1.79894,1.9428480532282542,1.8479429663312132,1.2302326429599997,1.7989378147444453,0.22329024917994456,2.7342,ok,5828670888,1,4.5716,ok,5828674886,1,3.50163,ok,5828678886,1,4.84841,ok,5828682886,1
2026-09-06T08:09:50.783000+00:00,11.779297193,246247,5828688744,5828705019,15,True,15,1.21315,1.77655,1.9269215253862675,1.8267054923662407,1.2131459709566672,1.7765453360074084,0.21935608123041148,2.69779,ok,5828692888,1,4.56099,ok,5828696886,1,3.49216,ok,5828700886,1,4.87357,ok,5828704886,1
2026-09-06T08:09:50.805056+00:00,11.801353211,246248,5828710998,5828727019,15,True,15,1.24129,1.79895,1.9523949540530838,1.8478495314301058,1.2412958997866665,1.7989499426629634,0.21704518854689905,2.72507,ok,5828714888,1,4.56625,ok,5828718886,1,3.51042,ok,5828722886,1,4.82026,ok,5828726886,1
2026-09-06T08:09:50.828023+00:00,11.824319589,246249,5828733256,5828750019,15,True,15,1.22581,1.78529,1.937987128383819,1.8347903226924513,1.22581557346,1.7852942104666678,0.2169515087207985,2.71385,ok,5828737888,1,4.5464,ok,5828741886,1,3.47998,ok,5828745886,1,4.87096,ok,5828749886,1
2026-09-06T08:09:50.850055+00:00,11.846351927,246250,5828755515,5828772019,15,True,15,1.18167,1.78815,1.9010572674900188,1.838418962567752,1.1816672651166675,1.7881497241296305,0.2465682945339508,2.68,ok,5828759888,1,4.58562,ok,5828763886,1,3.46428,ok,5828767886,1,4.88469,ok,5828771886,1
2026-09-06T08:09:50.871842+00:00,11.868138529,246251,5828777772,5828794019,15,True,15,1.20383,1.79807,1.9206672873088007,1.8476656141711243,1.2038342671366673,1.7980659991740753,0.23829671790173812,2.70015,ok,5828781888,1,4.59024,ok,5828785886,1,3.48942,ok,5828789886,1,4.84789,ok,5828793886,1
2026-09-06T08:09:50.894051+00:00,11.890348055,246252,5828800026,5828816019,15,True,15,1.21086,1.77271,1.92471724673239,1.8230509914670967,1.2108607507499995,1.7727134738888901,0.21859088427343204,2.7088,ok,5828803888,1,4.5676,ok,5828807886,1,3.50245,ok,5828811886,1,4.8878,ok,5828815886,1
2026-09-06T08:09:50.917068+00:00,11.913365379,246253,5828822279,5828839019,15,True,15,1.20394,1.76145,1.918227263557522,1.812390951165397,1.2039361194299998,1.7614503840888893,0.21687147561497236,2.693,ok,5828826888,1,4.56865,ok,5828830886,1,3.5084,ok,5828834886,1,4.89389,ok,5828838886,1
2026-09-06T08:09:50.945081+00:00,11.941378677,246254,5828850591,5828867019,15,True,15,1.20905,1.7888,1.9242014129690792,1.8385364961938593,1.2090532547433337,1.7888032514925936,0.22939701847860916,2.70942,ok,5828854888,1,4.57157,ok,5828858886,1,3.48433,ok,5828862886,1,4.87364,ok,5828866886,1
2026-09-06T08:09:50.967074+00:00,11.963371333,246255,5828872850,5828889019,15,True,15,1.21867,1.77948,1.9318368837855981,1.8294487819411924,1.2186677746233336,1.77947269025926,0.21760172277433018,2.70007,ok,5828876887,1,4.56069,ok,5828880886,1,3.4959,ok,5828884886,1,4.86233,ok,5828888886,1
2026-09-06T08:09:50.989077+00:00,11.985374134,246256,5828895106,5828911020,15,True,15,1.23258,1.79798,1.9445425461413541,1.8468631194218408,1.232584227626667,1.7979719010407411,0.22136208235880772,2.7436,ok,5828898888,1,4.56066,ok,5828902886,1,3.49195,ok,5828906886,1,4.86535,ok,5828910886,1
2026-09-06T08:09:51.012046+00:00,12.008343552,246257,5828917360,5828934019,15,True,15,1.21496,1.76983,1.9280376820003244,1.8202266783880618,1.214956663263334,1.769829322903704,0.21423191588457807,2.69553,ok,5828921887,1,4.55752,ok,5828925886,1,3.49887,ok,5828929886,1,4.8768,ok,5828933886,1
2026-09-06T08:09:51.034039+00:00,12.030336657,246258,5828939619,5828956019,15,True,15,1.21174,1.79537,1.9270504379943958,1.8448768641935445,1.21173993195,1.7953733409111112,0.23181229498047495,2.71888,ok,5828943888,1,4.58496,ok,5828947886,1,3.49727,ok,5828951886,1,4.86,ok,5828955886,1
2026-09-06T08:09:51.056070+00:00,12.052366978,246259,5828961877,5828978020,15,True,15,1.21747,1.79643,1.931702142777474,1.845661733555997,1.2174668242500004,1.7964227972222226,0.22913319612404776,2.72965,ok,5828965888,1,4.57015,ok,5828969886,1,3.4847,ok,5828973886,1,4.87325,ok,5828977886,1
2026-09-06T08:09:51.095069+00:00,12.09136566,246260,5829000915,5829017019,15,True,15,1.18997,1.7785,1.9076635956122685,1.8290908518581912,1.1899669862366669,1.778493766485186,0.2355305637764395,2.69058,ok,5829004888,1,4.59399,ok,5829008886,1,3.49971,ok,5829012886,1,4.88036,ok,5829016886,1
2026-09-06T08:09:51.117072+00:00,12.113369613,246261,5829023169,5829039019,15,True,15,1.23082,1.7773,1.9417588875347893,1.827044040707277,1.2308204885333334,1.7773000828481484,0.20879984993396558,2.74728,ok,5829026888,1,4.56298,ok,5829030886,1,3.51899,ok,5829034886,1,4.89001,ok,5829038886,1
2026-09-06T08:09:51.140079+00:00,12.136376664,246262,5829045423,5829062019,15,True,15,1.23154,1.77798,1.9426655921123959,1.8277964858261495,1.2315466969533333,1.777973377592593,0.20868931206496918,2.69719,ok,5829049888,1,4.54748,ok,5829053886,1,3.49904,ok,5829057886,1,4.84638,ok,5829061886,1
2026-09-06T08:09:51.162069+00:00,12.1583666,246263,5829067688,5829084020,15,True,15,1.23141,1.77486,1.9419727900372021,1.824632598689193,1.2314063386233336,1.7748633852592597,0.2069556558612481,2.72621,ok,5829071888,1,4.5417,ok,5829075886,1,3.49533,ok,5829079886,1,4.88728,ok,5829083886,1
2026-09-06T08:09:51.184047+00:00,12.1803446,246264,5829089943,5829106019,15,True,15,1.1981,1.78078,1.9142746763034215,1.8309490591575093,1.198101956406667,1.7807814939629636,0.23165709108249738,2.73237,ok,5829093888,1,4.5859,ok,5829097886,1,3.49778,ok,5829101886,1,4.9155,ok,5829105886,1
2026-09-06T08:09:51.206047+00:00,12.202344104,246265,5829112199,5829128019,15,True,15,1.16881,1.78372,1.889983173899508,1.83442773993695,1.1688137918766668,1.7837212519074082,0.25269479136964546,2.69078,ok,5829115888,1,4.609,ok,5829119886,1,3.48246,ok,5829123886,1,4.90489,ok,5829127886,1
2026-09-06T08:09:51.229054+00:00,12.225351508,246266,5829134452,5829151019,15,True,15,1.20648,1.76801,1.9205979856740185,1.8185549484310146,1.2064785778933331,1.7680097136037038,0.21884815784561937,2.72236,ok,5829138888,1,4.57258,ok,5829142886,1,3.50873,ok,5829146886,1,4.91145,ok,5829150886,1
2026-09-06T08:09:51.251080+00:00,12.247377413,246267,5829156706,5829173019,15,True,15,1.19906,1.79186,1.9157681109643148,1.8415657177222333,1.1990608875766673,1.7918601373074077,0.23761361976966658,2.72249,ok,5829160888,1,4.57935,ok,5829164886,1,3.47625,ok,5829168886,1,4.89852,ok,5829172886,1
2026-09-06T08:09:51.279117+00:00,12.2754134,246268,5829184576,5829201019,15,True,15,1.20264,1.77749,1.9181578958082388,1.8278304406729653,1.2026368248500001,1.777491851600001,0.22667939465821588,2.71077,ok,5829188888,1,4.5834,ok,5829192886,1,3.50521,ok,5829196886,1,4.88762,ok,5829200886,1
2026-09-06T08:09:51.301165+00:00,12.297459498,246269,5829206839,5829223019,15,True,15,1.22094,1.79906,1.9347060774747002,1.848087405314271,1.2209402286466666,1.7990612543740745,0.22884400406953603,2.74032,ok,5829210887,1,4.56727,ok,5829214886,1,3.4825,ok,5829218886,1,4.87836,ok,5829222886,1
2026-09-06T08:09:51.323059+00:00,12.319355671,246270,5829229094,5829245019,15,True,15,1.19919,1.78916,1.9159530582642232,1.8390892792885878,1.1991867500800006,1.7891614954666673,0.23580020507230082,2.70427,ok,5829232888,1,4.58305,ok,5829236886,1,3.48479,ok,5829240886,1,4.87705,ok,5829244886,1
2026-09-06T08:09:51.346075+00:00,12.342372099,246271,5829251348,5829268019,15,True,15,1.2102,1.77488,1.9241441786076596,1.8250702645730714,1.210204397410001,1.774879996233334,0.2203486672367882,2.71288,ok,5829255887,1,4.56163,ok,5829259886,1,3.49093,ok,5829263886,1,4.89724,ok,5829267886,1
2026-09-06T08:09:51.368084+00:00,12.364381076,246272,5829273601,5829290019,15,True,15,1.2031,1.79092,1.9192033426295199,1.8406196811970013,1.2031019782599994,1.790911156022223,0.23445720325201244,2.73992,ok,5829277888,1,4.59015,ok,5829281886,1,3.49747,ok,5829285886,1,4.90047,ok,5829289886,1
2026-09-06T08:09:51.390144+00:00,12.38643815,246273,5829295860,5829312019,15,True,15,1.20361,1.77619,1.9189249454220176,1.826570350308103,1.2036104997566668,1.7761850003407413,0.22527658974758039,2.69339,ok,5829299888,1,4.57356,ok,5829303886,1,3.49541,ok,5829307886,1,4.87682,ok,5829311886,1
2026-09-06T08:09:51.412054+00:00,12.40835138,246274,5829318120,5829334019,15,True,15,1.21988,1.78585,1.9333256971893489,1.8355827091596146,1.2198782705900004,1.7858499201555555,0.22080039979730293,2.70898,ok,5829321888,1,4.56926,ok,5829325886,1,3.50061,ok,5829329886,1,4.8558,ok,5829333886,1
2026-09-06T08:09:51.435053+00:00,12.431349535,246275,5829340377,5829357020,15,True,15,1.21284,1.78279,1.9268272904879802,1.832600958644973,1.2128414285466669,1.7827913219962968,0.22341080034067,2.72529,ok,5829344888,1,4.56447,ok,5829348886,1,3.48822,ok,5829352886,1,4.89572,ok,5829356886,1
2026-09-06T08:09:51.457093+00:00,12.453389808,246276,5829362638,5829379020,15,True,15,1.19178,1.78286,1.9095515786200754,1.8332869704743637,1.1917810566399998,1.7828568480777778,0.23676682220217268,2.68368,ok,5829366888,1,4.59332,ok,5829370886,1,3.49581,ok,5829374886,1,4.86563,ok,5829378886,1
2026-09-06T08:09:51.479038+00:00,12.475335679,246277,5829384891,5829401019,15,True,15,1.19523,1.80623,1.913856236650393,1.8556381218729392,1.1952265437833334,1.8062310673148156,0.24874761350014143,2.71556,ok,5829388888,1,4.60624,ok,5829392886,1,3.48764,ok,5829396886,1,4.86009,ok,5829400886,1
2026-09-06T08:09:51.502090+00:00,12.498386924,246278,5829407149,5829424019,15,True,15,1.17358,1.80009,1.8951789722496009,1.850129301440947,1.1735872991733336,1.80009350685926,0.25864881995189226,2.71104,ok,5829411888,1,4.62542,ok,5829415886,1,3.48992,ok,5829419886,1,4.88696,ok,5829423886,1
2026-09-06T08:09:51.524069+00:00,12.520366556,246279,5829429409,5829446019,15,True,15,1.1737,1.78652,1.8943491248704338,1.8370543417633007,1.1736981276500005,1.7865163859222224,0.2508890814795828,2.70812,ok,5829433888,1,4.61803,ok,5829437886,1,3.49779,ok,5829441886,1,4.90296,ok,5829445886,1
2026-09-06T08:09:51.546092+00:00,12.542389613,246280,5829451665,5829468019,15,True,15,1.18922,1.7952,1.9076720006021621,1.8449605265685005,1.1892172589233339,1.795205008525927,0.2458769503027376,2.74176,ok,5829455888,1,4.6023,ok,5829459886,1,3.48805,ok,5829463886,1,4.9155,ok,5829467886,1
2026-09-06T08:09:51.568074+00:00,12.564371133,246281,5829473919,5829490020,15,True,15,1.17595,1.78737,1.8961904288250075,1.8377804184679916,1.1759487695533335,1.7873708496703713,0.24991360573399954,2.70541,ok,5829477888,1,4.60734,ok,5829481886,1,3.48579,ok,5829485886,1,4.90465,ok,5829489886,1
2026-09-06T08:09:51.607077+00:00,12.603373975,246282,5829512800,5829529019,15,True,15,1.18175,1.8046,1.902211181554007,1.854239789197617,1.1817556055433338,1.80460190865926,0.25617209932576984,2.72107,ok,5829516888,1,4.61403,ok,5829520886,1,3.48072,ok,5829524886,1,4.88801,ok,5829528886,1
2026-09-06T08:09:51.635071+00:00,12.631368713,246283,5829540690,5829557019,15,True,15,1.20507,1.79776,1.921398448327643,1.847210460607558,1.2050745668100002,1.79776226458889,0.2374569884482622,2.69804,ok,5829544888,1,4.56976,ok,5829548886,1,3.46462,ok,5829552886,1,4.86259,ok,5829556886,1
2026-09-06T08:09:51.657062+00:00,12.653358937,246284,5829562951,5829579019,15,True,15,1.19583,1.77703,1.9123961920964163,1.8275115270747289,1.195833171706667,1.7770242300740746,0.2308739119124798,2.68011,ok,5829566887,1,4.57355,ok,5829570886,1,3.48317,ok,5829574886,1,4.87737,ok,5829578886,1
2026-09-06T08:09:51.679088+00:00,12.675385706,246285,5829585204,5829601019,15,True,15,1.20021,1.77397,1.9159324735021017,1.8245148569559788,1.2002128561599996,1.7739725465666676,0.22623891721386818,2.72278,ok,5829588888,1,4.59536,ok,5829592886,1,3.52189,ok,5829596886,1,4.89793,ok,5829600886,1
2026-09-06T08:09:51.702082+00:00,12.698379061,246286,5829607455,5829624020,15,True,15,1.18746,1.76878,1.9048330241940927,1.8197596922907018,1.1874514328500003,1.7687774928666675,0.23199047505942363,2.67933,ok,5829611887,1,4.58343,ok,5829615886,1,3.49476,ok,5829619886,1,4.89201,ok,5829623886,1
2026-09-06T08:09:51.724062+00:00,12.720358917,246287,5829629708,5829646019,15,True,15,1.20382,1.78673,1.919657624920777,1.8366388226045198,1.2038201904766674,1.7867251412407412,0.23141358105038015,2.71864,ok,5829633888,1,4.58292,ok,5829637886,1,3.4944,ok,5829641886,1,4.88589,ok,5829645886,1
2026-09-06T08:09:51.746238+00:00,12.742535258,246288,5829651967,5829668019,15,True,15,1.2251,1.79177,1.9378678125460571,1.8410619838595002,1.225099972400001,1.7917723611555563,0.2215517210591682,2.73786,ok,5829655888,1,4.56692,ok,5829659886,1,3.4974,ok,5829663886,1,4.87412,ok,5829667886,1
2026-09-06T08:09:51.769094+00:00,12.765390754,246289,5829674226,5829691019,15,True,15,1.20701,1.76142,1.9208312235329563,1.8123011035368473,1.2070158968200007,1.7614125128666667,0.21475953279988327,2.69409,ok,5829678888,1,4.56624,ok,5829682886,1,3.5097,ok,5829686886,1,4.89108,ok,5829690886,1
2026-09-06T08:09:51.791155+00:00,12.787452628,246290,5829696483,5829713019,15,True,15,1.20963,1.80019,1.9252203048535357,1.8493773955605728,1.209625146316667,1.8001905012407413,0.23630710962525955,2.7402,ok,5829700888,1,4.57964,ok,5829704886,1,3.48104,ok,5829708886,1,4.88877,ok,5829712886,1
2026-09-06T08:09:51.813104+00:00,12.809401315,246291,5829718737,5829735019,15,True,15,1.18705,1.799,1.90620817742375,1.848709895277293,1.1870482519899999,1.7990040581333344,0.24948439392149332,2.73808,ok,5829722888,1,4.61057,ok,5829726886,1,3.49096,ok,5829730886,1,4.90457,ok,5829734886,1
2026-09-06T08:09:51.835103+00:00,12.831395443,246292,5829740989,5829757019,15,True,15,1.2095,1.77585,1.9235715188697662,1.8260000523059647,1.2094938684166667,1.775851248418519,0.2213920834281592,2.71039,ok,5829744888,1,4.559,ok,5829748886,1,3.48522,ok,5829752886,1,4.89749,ok,5829756886,1
2026-09-06T08:09:51.858085+00:00,12.854382782,246293,5829763247,5829780019,15,True,15,1.20922,1.78264,1.9238501273934956,1.832565548843609,1.2092212927533341,1.7826416881259264,0.22557044766792758,2.75211,ok,5829767888,1,4.58984,ok,5829771886,1,3.5164,ok,5829775886,1,4.90952,ok,5829779886,1
2026-09-06T08:09:51.880065+00:00,12.876362318,246294,5829785508,5829802019,15,True,15,1.18336,1.76355,1.9006456696433225,1.8146231060485036,1.1833629750333337,1.7635522021259262,0.23233261309375483,2.70883,ok,5829789888,1,4.58032,ok,5829793886,1,3.49156,ok,5829797886,1,4.94034,ok,5829801886,1
2026-09-06T08:09:51.902094+00:00,12.898390975,246295,5829807763,5829824019,15,True,15,1.15827,1.76835,1.8800020426572996,1.8198004016705231,1.1582790570833335,1.7683498376481486,0.25227622637764774,2.69133,ok,5829811888,1,4.61213,ok,5829815886,1,3.49133,ok,5829819886,1,4.93802,ok,5829823886,1
2026-09-06T08:09:51.924079+00:00,12.920376079,246296,5829830017,5829846019,15,True,15,1.16281,1.76398,1.8835396458773153,1.8155103277116615,1.1628127872233338,1.7639769337481486,0.24695936252951872,2.70165,ok,5829833888,1,4.61182,ok,5829837886,1,3.50303,ok,5829841886,1,4.94438,ok,5829845886,1
2026-09-06T08:09:51.947079+00:00,12.943376282,246297,5829852270,5829869019,15,True,15,1.15726,1.75287,1.878299760477951,1.8050175389745078,1.1572622098566658,1.752874751340741,0.24585844802433665,2.6666,ok,5829856888,1,4.60498,ok,5829860886,1,3.50037,ok,5829864886,1,4.93402,ok,5829868886,1
2026-09-06T08:09:51.975104+00:00,12.971400941,246298,5829880595,5829897019,15,True,15,1.19787,1.75989,1.9127226787974638,1.810866671062786,1.1978729678333335,1.759889579814815,0.22034821126526669,2.70428,ok,5829884888,1,4.56457,ok,5829888886,1,3.49643,ok,5829892886,1,4.92387,ok,5829896886,1
2026-09-06T08:09:51.997099+00:00,12.993396413,246299,5829902858,5829919019,15,True,15,1.17615,1.76213,1.8948735862906212,1.813583308173452,1.1761434200999998,1.7621282197222228,0.23647159987966224,2.67956,ok,5829906887,1,4.59571,ok,5829910886,1,3.50326,ok,5829914886,1,4.90994,ok,5829918886,1
2026-09-06T08:09:52.019086+00:00,13.015383533,246300,5829925114,5829941019,15,True,15,1.20629,1.76976,1.9207338505539127,1.8203229588232923,1.2062845617966669,1.76975307292963,0.2198671465254155,2.69754,ok,5829928888,1,4.5697,ok,5829932886,1,3.50246,ok,5829936886,1,4.88547,ok,5829940886,1
2026-09-06T08:09:52.042082+00:00,13.038379737,246301,5829947368,5829964020,15,True,15,1.19781,1.76764,1.9132462930803285,1.8183488127065301,1.1978174838966666,1.767637830907408,0.2244599449504336,2.70707,ok,5829951887,1,4.57211,ok,5829955886,1,3.49623,ok,5829959886,1,4.91296,ok,5829963886,1
2026-09-06T08:09:52.064069+00:00,13.060366409,246302,5829969627,5829986019,15,True,15,1.21286,1.76467,1.9258518276577095,1.8152686522904087,1.2128598892799998,1.7646721232888896,0.2127022114971487,2.69261,ok,5829973888,1,4.55207,ok,5829977886,1,3.49541,ok,5829981886,1,4.88771,ok,5829985886,1
2026-09-06T08:09:52.086111+00:00,13.08240873,246303,5829991884,5830008019,15,True,15,1.21591,1.77165,1.928896742142132,1.8219269094396835,1.2159091097000003,1.7716470581666677,0.21470330066284224,2.7096,ok,5829995888,1,4.56141,ok,5829999886,1,3.50296,ok,5830003886,1,4.88512,ok,5830007886,1
2026-09-06T08:09:52.126959+00:00,13.123256614,246304,5830032821,5830049019,15,True,15,1.22129,1.77409,1.93324193032141,1.8240074223813605,1.2212892750833335,1.774088938614816,0.2128643467335036,2.72994,ok,5830036888,1,4.54664,ok,5830040886,1,3.48827,ok,5830044886,1,4.90822,ok,5830048886,1
2026-09-06T08:09:52.149073+00:00,13.145370874,246305,5830055075,5830071019,15,True,15,1.19025,1.76356,1.9066155316400242,1.8145816400919337,1.1902424021333335,1.7635606343148156,0.22746885739701975,2.69262,ok,5830058888,1,4.57282,ok,5830062886,1,3.49157,ok,5830066886,1,4.91557,ok,5830070886,1
2026-09-06T08:09:52.172089+00:00,13.168386214,246306,5830077327,5830094019,15,True,15,1.21518,1.76756,1.9282231163177816,1.8181049026424392,1.21518239498,1.767556443577778,0.21270807278476192,2.68636,ok,5830081888,1,4.55993,ok,5830085886,1,3.50525,ok,5830089886,1,4.86605,ok,5830093886,1
2026-09-06T08:09:52.194051+00:00,13.190347925,246307,5830099592,5830116019,15,True,15,1.1849,1.77495,1.9028656762202845,1.8256349976604196,1.1849044463400003,1.7749474403777785,0.23712614297044896,2.70938,ok,5830103888,1,4.59225,ok,5830107886,1,3.49475,ok,5830111886,1,4.91631,ok,5830115886,1
2026-09-06T08:09:52.216077+00:00,13.21237415,246308,5830121846,5830138020,15,True,15,1.18208,1.76199,1.8997653256726872,1.8132864747109163,1.1820761061100007,1.7619856258000004,0.23228111343215674,2.6685,ok,5830125888,1,4.5762,ok,5830129886,1,3.48633,ok,5830133886,1,4.90416,ok,5830137886,1
2026-09-06T08:09:52.238106+00:00,13.234402839,246309,5830144103,5830160019,15,True,15,1.18687,1.7923,1.9056571834352771,1.8422863772818157,1.1868618126166672,1.7922985002851861,0.24559955673875075,2.71333,ok,5830147888,1,4.5971,ok,5830151886,1,3.48156,ok,5830155886,1,4.89623,ok,5830159886,1
2026-09-06T08:09:52.261085+00:00,13.257381954,246310,5830166357,5830183019,15,True,15,1.17922,1.75883,1.8971649014182894,1.8103136654243532,1.1792196318633332,1.7588311527370373,0.23273810741120218,2.69844,ok,5830170888,1,4.59712,ok,5830174886,1,3.51372,ok,5830178886,1,4.92603,ok,5830182886,1
2026-09-06T08:09:52.283082+00:00,13.279379442,246311,5830188618,5830205019,15,True,15,1.16,1.77736,1.8821319843673148,1.828478855210183,1.1599956088333339,1.7773622974037042,0.25545074352523756,2.68447,ok,5830192888,1,4.61398,ok,5830196886,1,3.48461,ok,5830200886,1,4.91709,ok,5830204886,1
2026-09-06T08:09:52.311061+00:00,13.307357796,246312,5830216586,5830233019,15,True,15,1.21549,1.77596,1.9287562589245144,1.8260519209297186,1.2154847916733338,1.7759603063037046,0.21755621720208085,2.72453,ok,5830220888,1,4.568,ok,5830224886,1,3.5054,ok,5830228886,1,4.89246,ok,5830232886,1
2026-09-06T08:09:52.333154+00:00,13.329448919,246313,5830238849,5830255019,15,True,15,1.21181,1.764,1.9250985093946882,1.8147248744131816,1.2118071279300004,1.763998080722223,0.21293964729354953,2.69482,ok,5830242887,1,4.56521,ok,5830246886,1,3.51187,ok,5830250886,1,4.88066,ok,5830254886,1
2026-09-06T08:09:52.355082+00:00,13.351378501,246314,5830261103,5830277019,15,True,15,1.20376,1.77326,1.918788274104114,1.8237244534606272,1.2037600169266673,1.7732638046407412,0.2235400939581174,2.70242,ok,5830264888,1,4.57365,ok,5830268886,1,3.4995,ok,5830272886,1,4.8891,ok,5830276886,1
2026-09-06T08:09:52.378106+00:00,13.374403281,246315,5830283356,5830300019,15,True,15,1.19386,1.75912,1.9095374125338618,1.8103257109542064,1.1938534319166667,1.7591230969740745,0.22260174395249668,2.6696,ok,5830287887,1,4.564,ok,5830291886,1,3.49092,ok,5830295886,1,4.89533,ok,5830299886,1
2026-09-06T08:09:52.400087+00:00,13.396384577,246316,5830305848,5830322019,15,True,15,1.19451,1.75837,1.910139893592243,1.8096380237769218,1.1945143702199998,1.7583745035000005,0.22171079154113232,2.66982,ok,5830309900,1,4.56883,ok,5830313886,1,3.49914,ok,5830317886,1,4.8904,ok,5830321886,1
2026-09-06T08:09:52.423084+00:00,13.41938094,246317,5830328112,5830345020,15,True,15,1.19727,1.7387,1.9110403323065266,1.790598626746298,1.1972705285366676,1.7386966239740744,0.21037732505934512,2.65435,ok,5830332888,1,4.54323,ok,5830336886,1,3.49505,ok,5830340886,1,4.90984,ok,5830344886,1
2026-09-06T08:09:52.445116+00:00,13.441412926,246318,5830350368,5830367019,15,True,15,1.19983,1.75143,1.9141669554775465,1.802860557015759,1.1998345762933336,1.751433160770371,0.21450402331018795,2.64573,ok,5830354888,1,4.54643,ok,5830358886,1,3.48647,ok,5830362886,1,4.88059,ok,5830366886,1
2026-09-06T08:09:52.467088+00:00,13.463384717,246319,5830372630,5830389020,15,True,15,1.20868,1.74752,1.9213227104702066,1.798908988652297,1.208681333013333,1.7475206929925935,0.2063767806353947,2.68064,ok,5830376888,1,4.55252,ok,5830380886,1,3.51206,ok,5830384886,1,4.89846,ok,5830388886,1
2026-09-06T08:09:52.489087+00:00,13.485384158,246320,5830394884,5830411020,15,True,15,1.18669,1.74417,1.9025481533089714,1.7960976743685626,1.1866851958566667,1.7441707856074078,0.22049232372503502,2.65594,ok,5830398888,1,4.5626,ok,5830402886,1,3.49809,ok,5830406886,1,4.91014,ok,5830410886,1
2026-09-06T08:09:52.511097+00:00,13.50739339,246321,5830417139,5830433019,15,True,15,1.19542,1.74449,1.9098467932491572,1.7962011949164918,1.19541765474,1.744491516644445,0.2143779270415506,2.65444,ok,5830420888,1,4.54635,ok,5830424886,1,3.48899,ok,5830428886,1,4.90551,ok,5830432886,1
2026-09-06T08:09:52.534109+00:00,13.530405946,246322,5830439402,5830456019,15,True,15,1.20388,1.74503,1.9172697085998471,1.7966756558766503,1.2038836066199998,1.7450276983000008,0.20844414657511545,2.6659,ok,5830443888,1,4.55827,ok,5830447886,1,3.51588,ok,5830451886,1,4.8891,ok,5830455886,1
2026-09-06T08:09:52.556099+00:00,13.552396906,246323,5830461657,5830478019,15,True,15,1.19633,1.72671,1.9094135026072052,1.7790676128352636,1.19632434405,1.7267091388888895,0.2059754231782897,2.66411,ok,5830465888,1,4.54424,ok,5830469886,1,3.51041,ok,5830473886,1,4.93234,ok,5830477886,1
2026-09-06T08:09:52.578104+00:00,13.574400795,246324,5830483914,5830500020,15,True,15,1.20769,1.7702,1.9215545663274225,1.820536557848304,1.20769383266,1.7701983141555557,0.21937271529748714,2.7163,ok,5830487888,1,4.55537,ok,5830491886,1,3.48519,ok,5830495886,1,4.91625,ok,5830499886,1
2026-09-06T08:09:52.600082+00:00,13.596378763,246325,5830506168,5830522020,15,True,15,1.18025,1.758,1.8980126936157717,1.8095043523718346,1.1802554685100006,1.7579955107000007,0.23158260533969255,2.67619,ok,5830509888,1,4.58441,ok,5830513886,1,3.49963,ok,5830517886,1,4.91224,ok,5830521886,1
2026-09-06T08:09:52.641041+00:00,13.637338202,246326,5830546948,5830563019,15,True,15,1.19962,1.77734,1.9150891421572278,1.827502791184289,1.1996214226166668,1.7773467833185184,0.22880315032457568,2.74206,ok,5830550888,1,4.57449,ok,5830554886,1,3.48942,ok,5830558886,1,4.93693,ok,5830562886,1
2026-09-06T08:09:52.668976+00:00,13.665273482,246327,5830574696,5830591019,15,True,15,1.22924,1.78403,1.9407887926565044,1.8335098599025674,1.22924185113,1.7840320916555559,0.2140776996424651,2.72776,ok,5830578888,1,4.55006,ok,5830582886,1,3.4913,ok,5830586886,1,4.87721,ok,5830590886,1
2026-09-06T08:09:52.691121+00:00,13.687416606,246328,5830596957,5830613019,15,True,15,1.21826,1.77416,1.9309931302710281,1.8242787101349731,1.2182578304433338,1.7741626181259265,0.21470801293668057,2.7062,ok,5830600887,1,4.55434,ok,5830604886,1,3.49387,ok,5830608886,1,4.88082,ok,5830612886,1
2026-09-06T08:09:52.713205+00:00,13.709494033,246329,5830619210,5830635019,15,True,15,1.22147,1.79279,1.9347294474243228,1.8420411863275858,1.2214696702400003,1.792790505411112,0.22442435376671466,2.74808,ok,5830622888,1,4.56892,ok,5830626886,1,3.49351,ok,5830630886,1,4.89023,ok,5830634886,1
2026-09-06T08:09:52.736087+00:00,13.732384089,246330,5830641461,5830658019,15,True,15,1.23871,1.76031,1.947166310890423,1.810496906223809,1.23871340874,1.7603146646111119,0.19347068325365704,2.7244,ok,5830645887,1,4.52721,ok,5830649886,1,3.5057,ok,5830653886,1,4.89714,ok,5830657886,1
2026-09-06T08:09:52.758136+00:00,13.754431115,246331,5830663715,5830680019,15,True,15,1.1873,1.77356,1.904702278583451,1.8242122748786225,1.1872936179699998,1.7735576139333338,0.23480295097769172,2.70025,ok,5830667888,1,4.57849,ok,5830671886,1,3.48188,ok,5830675886,1,4.91551,ok,5830679886,1
2026-09-06T08:09:52.779970+00:00,13.776267255,246332,5830685973,5830702019,15,True,15,1.22014,1.79893,1.9340185585204868,1.847975067067101,1.2201396032800007,1.7989306817222226,0.22922877926260446,2.74498,ok,5830689888,1,4.57074,ok,5830693886,1,3.48607,ok,5830697886,1,4.88211,ok,5830701886,1
2026-09-06T08:09:52.803086+00:00,13.799383845,246333,5830708233,5830725019,15,True,15,1.19615,1.75318,1.9110009003050172,1.8045288454261394,1.1961480412733343,1.7531805743148146,0.21805529352616432,2.69472,ok,5830712888,1,4.56955,ok,5830716886,1,3.50908,ok,5830720886,1,4.9184,ok,5830724886,1
2026-09-06T08:09:52.825113+00:00,13.821410006,246334,5830730489,5830747019,15,True,15,1.24789,1.7668,1.9552489780784312,1.816522435209779,1.2478928238866662,1.7668005207629631,0.19182339071269544,2.74582,ok,5830734888,1,4.52599,ok,5830738886,1,3.50889,ok,5830742886,1,4.89749,ok,5830746886,1
2026-09-06T08:09:52.847091+00:00,13.84338775,246335,5830752743,5830769020,15,True,15,1.23132,1.75658,1.9407634564891567,1.8070839186433656,1.2313160137466663,1.756581880162964,0.19601496957328887,2.70268,ok,5830756888,1,4.52678,ok,5830760886,1,3.49938,ok,5830764886,1,4.892,ok,5830768886,1
2026-09-06T08:09:52.869083+00:00,13.86537999,246336,5830774995,5830791020,15,True,15,1.21893,1.78597,1.9324560824047645,1.8356818640472796,1.2189294037866674,1.7859726898962969,0.22148798785597826,2.72055,ok,5830778888,1,4.57261,ok,5830782886,1,3.50347,ok,5830786886,1,4.86741,ok,5830790886,1
2026-09-06T08:09:52.892111+00:00,13.888408002,246337,5830797253,5830814019,15,True,15,1.22939,1.76673,1.9396515903273357,1.8168020850213507,1.22939245531,1.7667257806444452,0.2032718739946285,2.70514,ok,5830801888,1,4.52384,ok,5830805886,1,3.47973,ok,5830809886,1,4.89204,ok,5830813886,1
2026-09-06T08:09:52.914132+00:00,13.910426835,246338,5830819513,5830836019,15,True,15,1.18356,1.75383,1.900616457654771,1.8054803666354469,1.1835586359000003,1.7538307899000005,0.22718153208875333,2.66428,ok,5830823888,1,4.57799,ok,5830827886,1,3.5013,ok,5830831886,1,4.90236,ok,5830835886,1
2026-09-06T08:09:52.936088+00:00,13.932385443,246339,5830841770,5830858019,15,True,15,1.20002,1.7653,1.914808637899253,1.8159947353567347,1.2000164236833333,1.7653013643037045,0.22178048020387933,2.70678,ok,5830845888,1,4.56038,ok,5830849886,1,3.48705,ok,5830853886,1,4.9212,ok,5830857886,1
2026-09-06T08:09:52.958092+00:00,13.954389267,246340,5830864024,5830880019,15,True,15,1.1806,1.72867,1.8963310924827663,1.7812638396453224,1.1806051969066669,1.728663583540741,0.21854521490673812,2.64588,ok,5830867888,1,4.55532,ok,5830871886,1,3.49986,ok,5830875886,1,4.93258,ok,5830879886,1
2026-09-06T08:09:52.981112+00:00,13.977409375,246341,5830886277,5830903019,15,True,15,1.18637,1.75069,1.9027954364256687,1.8024094342297843,1.1863696187666672,1.7506851916962967,0.2236730162793708,2.67029,ok,5830890888,1,4.57826,ok,5830894886,1,3.5097,ok,5830898886,1,4.9058,ok,5830902886,1
2026-09-06T08:09:53.009137+00:00,14.005433426,246342,5830914588,5830931019,15,True,15,1.18005,1.75228,1.8977269373643415,1.8041336693887713,1.1800525818666665,1.7522787822518529,0.22886261925272242,2.64527,ok,5830918888,1,4.58079,ok,5830922886,1,3.50195,ok,5830926886,1,4.88771,ok,5830930886,1
2026-09-06T08:09:53.031108+00:00,14.027404961,246343,5830936849,5830953019,15,True,15,1.21494,1.76102,1.9276453748011986,1.8118551709167825,1.2149422425833336,1.7610270958814818,0.20915260079888365,2.67419,ok,5830940887,1,4.5545,ok,5830944886,1,3.50623,ok,5830948886,1,4.86426,ok,5830952886,1
2026-09-06T08:09:53.053153+00:00,14.049449811,246344,5830959105,5830975019,15,True,15,1.19737,1.74459,1.9115091603200784,1.7962643537197922,1.1973701535766663,1.7445907118518524,0.21301732275926383,2.6645,ok,5830962888,1,4.55053,ok,5830966886,1,3.4971,ok,5830970886,1,4.90847,ok,5830974886,1
2026-09-06T08:09:53.076095+00:00,14.072392061,246345,5830981360,5830998019,15,True,15,1.21833,1.768,1.9308761497669746,1.8184600165509064,1.2183341351099999,1.7680040695111112,0.21093026311143578,2.68062,ok,5830985887,1,4.55091,ok,5830989886,1,3.49744,ok,5830993886,1,4.86127,ok,5830997886,1
2026-09-06T08:09:53.098129+00:00,14.094426382,246346,5831003619,5831020019,15,True,15,1.2269,1.77387,1.938552852850863,1.8239679965824256,1.22690245038,1.7738657605000008,0.2089569870082587,2.68351,ok,5831007888,1,4.54816,ok,5831011886,1,3.49857,ok,5831015886,1,4.84395,ok,5831019886,1
2026-09-06T08:09:53.120163+00:00,14.116459072,246347,5831025878,5831042019,15,True,15,1.17457,1.76464,1.8938379478974368,1.8160872354920194,1.1745708685900005,1.7646391206555563,0.2387452331439291,2.66343,ok,5831029888,1,4.59636,ok,5831033886,1,3.49864,ok,5831037886,1,4.89265,ok,5831041886,1
2026-09-06T08:09:53.161113+00:00,14.157410766,246348,5831067092,5831083019,15,True,15,1.21096,1.78456,1.925548146433018,1.8344286966960035,1.2109571510866675,1.784559472151852,0.22559395937135,2.70268,ok,5831070888,1,4.56539,ok,5831074886,1,3.48444,ok,5831078886,1,4.87196,ok,5831082886,1
2026-09-06T08:09:53.184173+00:00,14.180469595,246349,5831089345,5831106019,15,True,15,1.20573,1.75688,1.9194456399767421,1.8079701261124643,1.2057278084900003,1.7568851622666672,0.21322556812020238,2.67927,ok,5831093888,1,4.55766,ok,5831097886,1,3.50251,ok,5831101886,1,4.8896,ok,5831105886,1
2026-09-06T08:09:53.206120+00:00,14.202417354,246350,5831111599,5831128019,15,True,15,1.21845,1.78204,1.9314222638631922,1.8317309026284558,1.2184561021333344,1.7820409194370372,0.21947474845804238,2.73735,ok,5831115888,1,4.55945,ok,5831119886,1,3.49067,ok,5831123886,1,4.90307,ok,5831127886,1
2026-09-06T08:09:53.228149+00:00,14.224445179,246351,5831133865,5831150019,15,True,15,1.2214,1.77697,1.9339194876294357,1.8269656494551736,1.2213946032799996,1.77696995208889,0.21438290151418055,2.72352,ok,5831137888,1,4.56758,ok,5831141886,1,3.51198,ok,5831145886,1,4.8787,ok,5831149886,1
2026-09-06T08:09:53.250091+00:00,14.24638849,246352,5831156121,5831172019,15,True,15,1.21739,1.78053,1.930304188620183,1.8302399660721318,1.2173893272100003,1.780528591122223,0.21925966244982992,2.72982,ok,5831159888,1,4.54857,ok,5831163886,1,3.47687,ok,5831167886,1,4.90834,ok,5831171886,1
2026-09-06T08:09:53.273106+00:00,14.269403734,246353,5831178376,5831195019,15,True,15,1.21602,1.78587,1.929467754744022,1.8353865184245797,1.21601675473,1.7858675773444452,0.2234179309613212,2.75006,ok,5831182888,1,4.56203,ok,5831186886,1,3.48561,ok,5831190886,1,4.91634,ok,5831194886,1
2026-09-06T08:09:53.295179+00:00,14.291475817,246354,5831200636,5831217019,15,True,15,1.2106,1.7784,1.9244921583764887,1.8283470222945382,1.2105973546833337,1.7784004899148156,0.2222603983226195,2.73825,ok,5831204888,1,4.56435,ok,5831208886,1,3.49051,ok,5831212886,1,4.91886,ok,5831216886,1
2026-09-06T08:09:53.317120+00:00,14.313417847,246355,5831222889,5831239019,15,True,15,1.21624,1.77241,1.9288576196533955,1.8224763266090391,1.2162399616500006,1.7724061369444446,0.21509618868723665,2.73248,ok,5831226888,1,4.55268,ok,5831230886,1,3.49108,ok,5831234886,1,4.91727,ok,5831238886,1
2026-09-06T08:09:53.345068+00:00,14.341365544,246356,5831250599,5831267019,15,True,15,1.24929,1.76547,1.9565859018851515,1.8153254827985983,1.24929465219,1.765463797933334,0.1900323863726184,2.73584,ok,5831254888,1,4.53266,ok,5831258886,1,3.52119,ok,5831262886,1,4.87848,ok,5831266886,1
2026-09-06T08:09:53.367103+00:00,14.363399417,246357,5831272861,5831289020,15,True,15,1.23755,1.78212,1.9477721429541144,1.8315682695742064,1.2375474826666666,1.7821239070518526,0.20785019524066883,2.73253,ok,5831276887,1,4.54897,ok,5831280886,1,3.50421,ok,5831284886,1,4.86829,ok,5831288886,1
2026-09-06T08:09:53.389137+00:00,14.385433547,246358,5831295117,5831311019,15,True,15,1.23421,1.74061,1.942234488812724,1.7917071914965907,1.234206665383333,1.7406095634037044,0.18523807094788297,2.70302,ok,5831298888,1,4.52417,ok,5831302886,1,3.52061,ok,5831306886,1,4.90356,ok,5831310886,1
2026-09-06T08:09:53.412282+00:00,14.408578298,246359,5831317370,5831334019,15,True,15,1.2536,1.79373,1.961976577855958,1.842386687632667,1.2535994992500004,1.7937324843333338,0.20678354126424325,2.75245,ok,5831321887,1,4.53959,ok,5831325886,1,3.50004,ok,5831329886,1,4.85577,ok,5831333886,1
2026-09-06T08:09:53.434104+00:00,14.430401062,246360,5831339629,5831356020,15,True,15,1.21155,1.78509,1.926085501902665,1.834931101370936,1.21154970219,1.785092102111112,0.2255473539160068,2.7164,ok,5831343888,1,4.57314,ok,5831347886,1,3.49475,ok,5831351886,1,4.87824,ok,5831355886,1
2026-09-06T08:09:53.456103+00:00,14.452400342,246361,5831361887,5831378019,15,True,15,1.23425,1.78003,1.94461871801577,1.829509547769988,1.2342441901533339,1.7800323899481487,0.20853973728228525,2.7501,ok,5831365888,1,4.54893,ok,5831369886,1,3.50213,ok,5831373886,1,4.89675,ok,5831377886,1
2026-09-06T08:09:53.478113+00:00,14.474410151,246362,5831384146,5831400019,15,True,15,1.23279,1.77978,1.9434975706512083,1.8293512886125824,1.2327919008233335,1.7797802862481484,0.20920986882873516,2.74006,ok,5831387888,1,4.55177,ok,5831391886,1,3.50407,ok,5831395886,1,4.88604,ok,5831399886,1
2026-09-06T08:09:53.501109+00:00,14.49740597,246363,5831406402,5831423019,15,True,15,1.22969,1.77559,1.9407121397986917,1.8254364699876677,1.2296815551033335,1.7755936483925931,0.208419365717198,2.71815,ok,5831410888,1,4.54793,ok,5831414886,1,3.50002,ok,5831418886,1,4.87535,ok,5831422886,1
2026-09-06T08:09:53.523144+00:00,14.519440675,246364,5831428657,5831445019,15,True,15,1.21008,1.79626,1.9256172287543758,1.8457178584338043,1.2100760191733344,1.796258755614815,0.23341830280909334,2.73993,ok,5831432888,1,4.59437,ok,5831436886,1,3.50609,ok,5831440886,1,4.87733,ok,5831444886,1
2026-09-06T08:09:53.545140+00:00,14.541437364,246365,5831450910,5831467019,15,True,15,1.21968,1.79454,1.9335411379095764,1.8438556691093884,1.2196827282233333,1.7945419183814824,0.22655695934116776,2.7226,ok,5831454888,1,4.56849,ok,5831458886,1,3.48813,ok,5831462886,1,4.8641,ok,5831466886,1
2026-09-06T08:09:53.568127+00:00,14.564424191,246366,5831473168,5831490019,15,True,15,1.21001,1.79959,1.9255602279342274,1.84882066772944,1.2100149104966667,1.7995944132074084,0.23567107690520112,2.74276,ok,5831477888,1,4.58358,ok,5831481886,1,3.48755,ok,5831485886,1,4.8877,ok,5831489886,1
2026-09-06T08:09:53.590158+00:00,14.586454448,246367,5831495428,5831512019,15,True,15,1.20566,1.79328,1.9214531495283598,1.8428242396343835,1.205652467303333,1.7932810902481493,0.2343496827743203,2.7495,ok,5831499888,1,4.59016,ok,5831503886,1,3.49808,ok,5831507886,1,4.90381,ok,5831511886,1
2026-09-06T08:09:53.612108+00:00,14.608405087,246368,5831517684,5831534019,15,True,15,1.21713,1.81179,1.9324256954470962,1.8604546060612697,1.2171230928033334,1.8117952963925936,0.23956946029087114,2.74698,ok,5831521888,1,4.58534,ok,5831525886,1,3.48431,ok,5831529886,1,4.86496,ok,5831533886,1
2026-09-06T08:09:53.634109+00:00,14.630406736,246369,5831539939,5831556019,15,True,15,1.19753,1.81562,1.9164583033527174,1.8646503508775163,1.197527970716667,1.8156247292407413,0.2534018006139801,2.7254,ok,5831543888,1,4.61457,ok,5831547886,1,3.48983,ok,5831551886,1,4.84976,ok,5831555886,1
2026-09-06T08:09:53.674994+00:00,14.671291709,246370,5831580677,5831597019,15,True,15,1.18413,1.79797,1.9037072943319762,1.8477922024146858,1.184124678346667,1.797977025818519,0.2507173615374169,2.72387,ok,5831584888,1,4.60717,ok,5831588886,1,3.4836,ok,5831592886,1,4.89884,ok,5831596886,1
2026-09-06T08:09:53.703133+00:00,14.69942997,246371,5831608686,5831625019,15,True,15,1.24579,1.79102,1.9554432220504394,1.840036291752283,1.2457886199400003,1.7910220306888895,0.20908644425210637,2.7162,ok,5831612888,1,4.54023,ok,5831616886,1,3.49319,ok,5831620886,1,4.83289,ok,5831624886,1
2026-09-06T08:09:53.735114+00:00,14.731411376,246372,5831630947,5831657019,15,True,15,1.22974,1.78352,1.9412521817652892,1.8330446087840984,1.2297359312433336,1.7835183245814825,0.21342109948986826,2.71935,ok,5831634887,1,4.54917,ok,5831648886,2,3.49151,ok,5831652886,1,4.8681,ok,5831656886,1
2026-09-06T08:09:53.752122+00:00,14.748419386,246373,5831657684,5831674019,15,True,15,1.22961,1.79365,1.9419896463415498,1.84287178354129,1.2296117621966665,1.793646611151852,0.22007790135318062,2.73028,ok,5831661892,1,4.5693,ok,5831665886,1,3.50454,ok,5831669886,1,4.85235,ok,5831673886,1
2026-09-06T08:09:53.774121+00:00,14.770418506,246374,5831679937,5831696019,15,True,15,1.22442,1.7797,1.9367394738526509,1.8295700135393058,1.2244233697133344,1.7796941637148154,0.214149428729358,2.67899,ok,5831683887,1,4.54362,ok,5831687886,1,3.48159,ok,5831691886,1,4.84291,ok,5831695886,1
2026-09-06T08:09:53.796114+00:00,14.792411546,246375,5831702191,5831718019,15,True,15,1.23059,1.79566,1.9431139345587907,1.844871661634058,1.2305889734099997,1.7956623795555564,0.22081254726752847,2.71445,ok,5831705888,1,4.56938,ok,5831709886,1,3.50345,ok,5831713886,1,4.83058,ok,5831717886,1
2026-09-06T08:09:53.819131+00:00,14.815427238,246376,5831724450,5831741019,15,True,15,1.2199,1.76635,1.9321354804874782,1.8168597654860852,1.2198917574633337,1.7663435630925932,0.20893013648065611,2.67484,ok,5831728888,1,4.54854,ok,5831732886,1,3.49872,ok,5831736886,1,4.85545,ok,5831740886,1
2026-09-06T08:09:53.841111+00:00,14.837408118,246377,5831746711,5831763019,15,True,15,1.21791,1.77989,1.9313987390187273,1.829945560864033,1.21790411491,1.779886251400001,0.21826138276772453,2.67878,ok,5831750888,1,4.55992,ok,5831754886,1,3.49327,ok,5831758886,1,4.84064,ok,5831762886,1
2026-09-06T08:09:53.863158+00:00,14.859455496,246378,5831768966,5831785019,15,True,15,1.23981,1.78681,1.950368527742736,1.8362141632530424,1.2398011302333327,1.7868071572925934,0.20952282177743609,2.69032,ok,5831772888,1,4.54593,ok,5831776886,1,3.49746,ok,5831780886,1,4.81486,ok,5831784886,1
2026-09-06T08:09:53.886117+00:00,14.88241477,246379,5831791220,5831808020,15,True,15,1.22642,1.81169,1.9408155845937547,1.8604416975585099,1.2264174065800002,1.8116877778111116,0.23412645305026916,2.69194,ok,5831795888,1,4.57537,ok,5831799886,1,3.48468,ok,5831803886,1,4.79328,ok,5831807886,1
2026-09-06T08:09:53.908163+00:00,14.9044593,246380,5831813472,5831830019,15,True,15,1.23378,1.7944,1.9455103855315492,1.8434996653008937,1.233779537673333,1.7944022918592597,0.21819575899349142,2.71101,ok,5831817888,1,4.5505,ok,5831821886,1,3.485,ok,5831825886,1,4.8391,ok,5831829886,1
2026-09-06T08:09:53.930148+00:00,14.926444788,246381,5831835730,5831852019,15,True,15,1.20251,1.79776,1.9197293600814238,1.8474888816999344,1.20251202552,1.7977592072777782,0.23884014803080328,2.68242,ok,5831839888,1,4.59312,ok,5831843886,1,3.49171,ok,5831847886,1,4.82845,ok,5831851886,1
2026-09-06T08:09:53.952123+00:00,14.948419907,246382,5831857989,5831874019,15,True,15,1.20993,1.80885,1.9264906631226242,1.8579096757281686,1.2099247463400002,1.8088465138888894,0.24163434351056398,2.70205,ok,5831861888,1,4.58596,ok,5831865886,1,3.4786,ok,5831869886,1,4.83146,ok,5831873886,1
2026-09-06T08:09:53.975138+00:00,14.971434415,246383,5831880246,5831897020,15,True,15,1.16621,1.78555,1.8881991056771923,1.8363730400925984,1.166212689023333,1.7855505511814818,0.25529615864185334,2.6586,ok,5831884888,1,4.6111,ok,5831888886,1,3.47914,ok,5831892886,1,4.87133,ok,5831896886,1
2026-09-06T08:09:53.997123+00:00,14.993420671,246384,5831902499,5831919019,15,True,15,1.19425,1.79124,1.9119367718328046,1.841186611899148,1.1942541732800005,1.7912426512,0.24018250785777304,2.69147,ok,5831906888,1,4.58223,ok,5831910886,1,3.47393,ok,5831914886,1,4.87185,ok,5831918886,1
2026-09-06T08:09:54.019128+00:00,15.015425296,246385,5831924752,5831941019,15,True,15,1.16776,1.77953,1.8891887200334312,1.8305901706167562,1.1677658130133333,1.7795309871703708,0.25100312676975833,2.64639,ok,5831928888,1,4.60513,ok,5831932886,1,3.48125,ok,5831936886,1,4.86605,ok,5831940886,1
2026-09-06T08:09:54.047115+00:00,15.043412289,246386,5831952584,5831969019,15,True,15,1.21451,1.78155,1.928571118777485,1.8315702365446858,1.214515643703333,1.7815484632259264,0.22143355730097644,2.6874,ok,5831956888,1,4.56463,ok,5831960886,1,3.49243,ok,5831964886,1,4.8512,ok,5831968886,1
2026-09-06T08:09:54.069163+00:00,15.065457811,246387,5831974844,5831991019,15,True,15,1.18264,1.78701,1.9022326678484023,1.837509678734202,1.1826377056866668,1.7870103923962963,0.24508339380357846,2.67525,ok,5831978887,1,4.60726,ok,5831982886,1,3.49573,ok,5831986886,1,4.85811,ok,5831990886,1
2026-09-06T08:09:54.091117+00:00,15.087414594,246388,5831997100,5832013019,15,True,15,1.2261,1.79444,1.9389186643224707,1.8436237493224306,1.2260950042099996,1.794437319000001,0.22270676085928745,2.70293,ok,5832000888,1,4.54785,ok,5832004886,1,3.47044,ok,5832008886,1,4.84839,ok,5832012886,1
2026-09-06T08:09:54.114138+00:00,15.110435502,246389,5832019355,5832036019,15,True,15,1.20976,1.79833,1.925680978474689,1.8478118126428669,1.2097578207266675,1.798333242818519,0.2348649511900833,2.6739,ok,5832023887,1,4.56805,ok,5832027886,1,3.46838,ok,5832031886,1,4.82724,ok,5832035886,1
2026-09-06T08:09:54.136128+00:00,15.132425247,246390,5832041615,5832058019,15,True,15,1.21632,1.79503,1.9309031775060832,1.8444673050940041,1.2163235759900002,1.7950321602888897,0.22882590188294918,2.6946,ok,5832045888,1,4.56574,ok,5832049886,1,3.47907,ok,5832053886,1,4.8419,ok,5832057886,1
2026-09-06T08:09:54.178127+00:00,15.174424778,246391,5832083124,5832100019,15,True,15,1.21601,1.81589,1.9319922995926944,1.8645310085217148,1.21601196049,1.8158966483222232,0.2429364659618766,2.70534,ok,5832087888,1,4.57704,ok,5832091886,1,3.46646,ok,5832095886,1,4.82443,ok,5832099886,1
2026-09-06T08:09:54.200169+00:00,15.196466363,246392,5832105387,5832122019,15,True,15,1.20361,1.78577,1.9197880717576796,1.8359008581360072,1.2036151183433335,1.7857735078481487,0.23081849597359447,2.64714,ok,5832109888,1,4.56296,ok,5832113886,1,3.46912,ok,5832117886,1,4.82699,ok,5832121886,1
2026-09-06T08:09:54.222129+00:00,15.218426795,246393,5832127642,5832144019,15,True,15,1.21505,1.80269,1.9301298866119205,1.8517661233703346,1.215049597936666,1.8026960274962969,0.23465305089086394,2.72204,ok,5832131888,1,4.57341,ok,5832135886,1,3.4774,ok,5832139886,1,4.86083,ok,5832143886,1
2026-09-06T08:09:54.244131+00:00,15.240428091,246394,5832149895,5832166019,15,True,15,1.18022,1.76247,1.89858909007043,1.813957422497503,1.18021421163,1.7624684053111122,0.2336294662114358,2.65366,ok,5832153888,1,4.59162,ok,5832157886,1,3.50327,ok,5832161886,1,4.87692,ok,5832165886,1
2026-09-06T08:09:54.266927+00:00,15.263223809,246395,5832172154,5832189019,15,True,15,1.21424,1.80618,1.9301899330426517,1.855371407034385,1.2142406854866667,1.8061757234296298,0.23726438398152394,2.69889,ok,5832176888,1,4.59244,ok,5832180886,1,3.49676,ok,5832184886,1,4.8153,ok,5832188886,1
2026-09-06T08:09:54.289129+00:00,15.285426423,246396,5832194414,5832211019,15,True,15,1.17294,1.77574,1.8930063898790872,1.8267085105922822,1.1729373825533334,1.775741125148149,0.2456213946476893,2.65536,ok,5832198888,1,4.58563,ok,5832202886,1,3.46781,ok,5832206886,1,4.88707,ok,5832210886,1
2026-09-06T08:09:54.311150+00:00,15.307446376,246397,5832216671,5832233019,15,True,15,1.17613,1.77895,1.8958933233356106,1.8297256036823955,1.1761245424900009,1.7789459618777779,0.2451431384390588,2.66294,ok,5832220888,1,4.58651,ok,5832224886,1,3.46941,ok,5832228886,1,4.88502,ok,5832232886,1
2026-09-06T08:09:54.333149+00:00,15.329446168,246398,5832238925,5832255019,15,True,15,1.15478,1.78502,1.878821000184483,1.836211603836044,1.1547828360666668,1.7850137278962972,0.26267591274441454,2.64418,ok,5832242888,1,4.6335,ok,5832246886,1,3.49314,ok,5832250886,1,4.85832,ok,5832254886,1
2026-09-06T08:09:54.355148+00:00,15.351445833,246399,5832261179,5832277019,15,True,15,1.183,1.78742,1.902600419962557,1.837910297381037,1.1830054589133334,1.7874189433259269,0.24505971643086819,2.66531,ok,5832264888,1,4.60302,ok,5832268886,1,3.49014,ok,5832272886,1,4.85006,ok,5832276886,1
2026-09-06T08:09:54.383161+00:00,15.379456795,246400,5832288563,5832305019,15,True,15,1.18252,1.77967,1.9017891264600826,1.8305231527658121,1.1825178090466673,1.7796750527740746,0.24099907144472313,2.64114,ok,5832292888,1,4.59403,ok,5832296886,1,3.48758,ok,5832300886,1,4.84032,ok,5832304886,1
2026-09-06T08:09:54.405142+00:00,15.401438347,246401,5832310824,5832327019,15,True,15,1.21591,1.79528,1.9306881082295937,1.8447723759076422,1.215906555223334,1.7952819837037042,0.22919470919223894,2.68333,ok,5832314887,1,4.5669,ok,5832318886,1,3.47967,ok,5832322886,1,4.8289,ok,5832326886,1
2026-09-06T08:09:54.427125+00:00,15.423422363,246402,5832333080,5832349019,15,True,15,1.20865,1.78455,1.923847101524689,1.834574561697646,1.2086500474600008,1.7845451207333338,0.22693629237247706,2.67322,ok,5832336888,1,4.56553,ok,5832340886,1,3.48133,ok,5832344886,1,4.84399,ok,5832348886,1
2026-09-06T08:09:54.450134+00:00,15.446430759,246403,5832355333,5832372020,15,True,15,1.20951,1.78961,1.9249208308490653,1.8394384723753907,1.2095164010033332,1.7896143181259263,0.2295032866016544,2.67558,ok,5832359887,1,4.5679,ok,5832363886,1,3.47913,ok,5832367886,1,4.83786,ok,5832371886,1
2026-09-06T08:09:54.472139+00:00,15.468436375,246404,5832377586,5832394019,15,True,15,1.20253,1.79321,1.919603473659192,1.843189018777625,1.2025324286233339,1.7932121070037041,0.23593565232625965,2.66258,ok,5832381888,1,4.58963,ok,5832385886,1,3.49301,ok,5832389886,1,4.81398,ok,5832393886,1
2026-09-06T08:09:54.494160+00:00,15.490457448,246405,5832399844,5832416019,15,True,15,1.19394,1.80768,1.9131474730376146,1.8571856778708897,1.1939405280333337,1.8076766710259264,0.25034292627423677,2.69558,ok,5832403888,1,4.61315,ok,5832407886,1,3.49306,ok,5832411886,1,4.83252,ok,5832415886,1
2026-09-06T08:09:54.516134+00:00,15.51243116,246406,5832422106,5832438019,15,True,15,1.21634,1.76751,1.9293121825917277,1.8180940580286307,1.216341472603333,1.7675113240814824,0.2118738858997235,2.67852,ok,5832425888,1,4.56086,ok,5832429886,1,3.50817,ok,5832433886,1,4.85418,ok,5832437886,1
2026-09-06T08:09:54.539139+00:00,15.535435971,246407,5832444361,5832461019,15,True,15,1.21882,1.80867,1.9340486387092883,1.857608296175992,1.2188188628333336,1.8086727711481487,0.236358909201589,2.70671,ok,5832448888,1,4.58244,ok,5832452886,1,3.48696,ok,5832456886,1,4.82176,ok,5832460886,1
2026-09-06T08:09:54.561161+00:00,15.557458709,246408,5832466620,5832483019,15,True,15,1.19222,1.77467,1.9093418409644685,1.8253913650685656,1.1922152116033333,1.7746747301703711,0.2318965706141604,2.67042,ok,5832470888,1,4.58054,ok,5832474886,1,3.49019,ok,5832478886,1,4.86976,ok,5832482886,1
2026-09-06T08:09:54.583139+00:00,15.579436676,246409,5832488873,5832505019,15,True,15,1.19538,1.82436,1.9151677704125247,1.8730711848299062,1.1953765078833336,1.8243631026259262,0.2604664871229146,2.72327,ok,5832492888,1,4.61518,ok,5832496886,1,3.47626,ok,5832500886,1,4.84311,ok,5832504886,1
2026-09-06T08:09:54.605910+00:00,15.60220689,246410,5832511132,5832528019,15,True,15,1.1787,1.79932,1.8999195056548457,1.8495117329173485,1.1787032426833333,1.7993160036037041,0.2546857316913154,2.65131,ok,5832515888,1,4.61305,ok,5832519886,1,3.48187,ok,5832523886,1,4.82294,ok,5832527886,1
2026-09-06T08:09:54.628140+00:00,15.624436992,246411,5832533395,5832550019,15,True,15,1.19377,1.8334,1.9142776602424798,1.8817333369270486,1.19376606597,1.8334001277444454,0.2675344462262373,2.71638,ok,5832537888,1,4.60794,ok,5832541886,1,3.45256,ok,5832545886,1,4.83719,ok,5832549886,1
2026-09-06T08:09:54.650171+00:00,15.646467538,246412,5832555652,5832572019,15,True,15,1.17379,1.78229,1.894499019281902,1.8331519120918105,1.1737924939233333,1.7822891434703714,0.2483468172518338,2.64909,ok,5832559888,1,4.60324,ok,5832563886,1,3.48384,ok,5832567886,1,4.85583,ok,5832571886,1
2026-09-06T08:09:54.689173+00:00,15.685470316,246413,5832594798,5832611019,15,True,15,1.17799,1.81072,1.8997165254430384,1.8603218449931298,1.177991199993333,1.8107151324370376,0.26215218570745535,2.6826,ok,5832598888,1,4.61411,ok,5832602886,1,3.46749,ok,5832606886,1,4.84731,ok,5832610886,1
2026-09-06T08:09:54.717168+00:00,15.713464766,246414,5832622697,5832639020,15,True,15,1.17444,1.79571,1.8958485155344078,1.8460084206040992,1.17444166618,1.7957086212666675,0.2554478315266359,2.68406,ok,5832626888,1,4.62161,ok,5832630886,1,3.49175,ok,5832634886,1,4.86301,ok,5832638886,1
2026-09-06T08:09:54.739156+00:00,15.735451246,246415,5832644956,5832661019,15,True,15,1.2008,1.76599,1.9163828586481162,1.8170576096942155,1.2008024289066668,1.7659951362851858,0.2211960672034923,2.65744,ok,5832648887,1,4.5828,ok,5832652886,1,3.51655,ok,5832656886,1,4.84375,ok,5832660886,1
2026-09-06T08:09:54.762147+00:00,15.758444281,246416,5832667211,5832684019,15,True,15,1.2008,1.81489,1.9191256285707692,1.8638589356026447,1.2007994494933327,1.8148869247370378,0.25100230877876833,2.72235,ok,5832671888,1,4.60621,ok,5832675886,1,3.48442,ok,5832679886,1,4.84822,ok,5832683886,1
2026-09-06T08:09:54.784160+00:00,15.78045665,246417,5832689462,5832706019,15,True,15,1.19801,1.78195,1.9148385848966423,1.8323414496222052,1.1980118165633333,1.7819499316481493,0.23214098865561347,2.66463,ok,5832693887,1,4.58024,ok,5832697886,1,3.48872,ok,5832701886,1,4.84501,ok,5832705886,1
2026-09-06T08:09:54.806158+00:00,15.802455226,246418,5832711715,5832728019,15,True,15,1.18573,1.80293,1.9059722407337245,1.852800997370168,1.185730028303333,1.8029275083814826,0.2524408858974533,2.6876,ok,5832715888,1,4.62032,ok,5832719886,1,3.4969,ok,5832723886,1,4.83819,ok,5832727886,1
2026-09-06T08:09:54.828174+00:00,15.824471019,246419,5832733972,5832750019,15,True,15,1.1837,1.7986,1.904315692632317,1.8488313729514891,1.1837053769266674,1.7985952337962972,0.25096353220199336,2.67626,ok,5832737888,1,4.63485,ok,5832741886,1,3.51874,ok,5832745886,1,4.8199,ok,5832749886,1
2026-09-06T08:09:54.851158+00:00,15.847455158,246420,5832756233,5832773019,15,True,15,1.16841,1.80426,1.8914959895550363,1.8544270847501958,1.1684096885200002,1.8042591956000011,0.2642511117425738,2.6836,ok,5832760888,1,4.64086,ok,5832764886,1,3.49762,ok,5832768886,1,4.84864,ok,5832772886,1
2026-09-06T08:09:54.873140+00:00,15.86943719,246421,5832778489,5832795019,15,True,15,1.16603,1.79579,1.8890165042224485,1.8463618719245407,1.166025842746667,1.7957836479407412,0.2609035032444032,2.64789,ok,5832782888,1,4.62597,ok,5832786886,1,3.48537,ok,5832790886,1,4.83637,ok,5832794886,1
2026-09-06T08:09:54.895148+00:00,15.891444919,246422,5832800742,5832817019,15,True,15,1.19247,1.80711,1.9118940970085383,1.8566810146257786,1.1924743210133333,1.8071134295814826,0.2508742585631267,2.69181,ok,5832804888,1,4.61369,ok,5832808886,1,3.4924,ok,5832812886,1,4.83136,ok,5832816886,1
2026-09-06T08:09:54.917163+00:00,15.91346004,246423,5832822995,5832839019,15,True,15,1.16675,1.8052,1.8903772012988644,1.8554677504383137,1.1667515683266672,1.8052016285518524,0.26577846640605857,2.6507,ok,5832826888,1,4.63701,ok,5832830886,1,3.48892,ok,5832834886,1,4.81858,ok,5832838886,1
2026-09-06T08:09:54.940166+00:00,15.936463059,246424,5832845253,5832862019,15,True,15,1.18538,1.80417,1.9056006488354864,1.8539248209873578,1.185376811966666,1.8041655306407416,0.2534816838854003,2.71006,ok,5832849888,1,4.62495,ok,5832853886,1,3.50092,ok,5832857886,1,4.85836,ok,5832861886,1
2026-09-06T08:09:54.962157+00:00,15.958453955,246425,5832867512,5832884019,15,True,15,1.16317,1.79926,1.8870132127303145,1.8498418125906502,1.1631644057966672,1.7992565731518524,0.2646693732001231,2.66784,ok,5832871888,1,4.6524,ok,5832875886,1,3.51186,ok,5832879886,1,4.83563,ok,5832883886,1
2026-09-06T08:09:54.994159+00:00,15.990455841,246426,5832889768,5832916020,15,True,15,1.16877,1.79714,1.891343179608888,1.8475794232989504,1.1687653576033332,1.797138850937038,0.2598988176216185,2.69767,ok,5832903888,2,4.64757,ok,5832907886,1,3.51615,ok,5832911886,1,4.86368,ok,5832915886,1
2026-09-06T08:09:55.011174+00:00,16.007466091,246427,5832916698,5832933019,15,True,15,1.16029,1.79171,1.8838279429493585,1.842510742388338,1.1602844639666667,1.7917062797407417,0.26251982496585224,2.65195,ok,5832920892,1,4.62912,ok,5832924886,1,3.48658,ok,5832928886,1,4.85344,ok,5832932886,1
2026-09-06T08:09:55.033139+00:00,16.029436507,246428,5832938951,5832955019,15,True,15,1.14642,1.80735,1.8732619269842588,1.857870313283757,1.1464197785700005,1.8073575833555562,0.28038052828653887,2.65387,ok,5832942888,1,4.65619,ok,5832946886,1,3.48254,ok,5832950886,1,4.84369,ok,5832954886,1
2026-09-06T08:09:55.061174+00:00,16.05747163,246429,5832966589,5832983019,15,True,15,1.18667,1.80212,1.9065943072662739,1.8519418061927653,1.1866743322366669,1.802112076707408,0.2513993493308373,2.68416,ok,5832970888,1,4.60981,ok,5832974886,1,3.48541,ok,5832978886,1,4.8432,ok,5832982886,1
2026-09-06T08:09:55.083154+00:00,16.079451262,246430,5832988849,5833005019,15,True,15,1.17048,1.7952,1.8927719285310682,1.8457315879453877,1.17047817256,1.7951958034666677,0.25761574373134455,2.66833,ok,5832992887,1,4.63475,ok,5832996886,1,3.50413,ok,5833000886,1,4.84177,ok,5833004886,1
2026-09-06T08:09:55.105146+00:00,16.101443438,246431,5833011105,5833027019,15,True,15,1.21237,1.80836,1.928659461218331,1.85746957489662,1.2123644341100006,1.808366079011112,0.2398462413054376,2.70487,ok,5833014888,1,4.59322,ok,5833018886,1,3.49228,ok,5833022886,1,4.82311,ok,5833026886,1
2026-09-06T08:09:55.128170+00:00,16.124464602,246432,5833033357,5833050019,15,True,15,1.16828,1.79242,1.8906334131367082,1.843053880107625,1.1682821565500001,1.7924201676666676,0.25755310865076003,2.65902,ok,5833037887,1,4.62498,ok,5833041886,1,3.49163,ok,5833045886,1,4.84798,ok,5833049886,1
2026-09-06T08:09:55.150174+00:00,16.146470379,246433,5833055617,5833072019,15,True,15,1.20614,1.79244,1.922385074731599,1.8422804676348807,1.2061345736533338,1.792438927570371,0.23330176456368096,2.69918,ok,5833059888,1,4.5943,ok,5833063886,1,3.50528,ok,5833067886,1,4.84344,ok,5833071886,1
2026-09-06T08:09:55.192222+00:00,16.188515383,246434,5833097411,5833114019,15,True,15,1.18446,1.82113,1.9060271698397517,1.8702969763776653,1.184454699283333,1.8211262340925929,0.26468649654950904,2.69373,ok,5833101888,1,4.62642,ok,5833105886,1,3.47968,ok,5833109886,1,4.82487,ok,5833113886,1
2026-09-06T08:09:55.214149+00:00,16.210446693,246435,5833119675,5833136020,15,True,15,1.17443,1.78637,1.8954439430828027,1.837134987646242,1.174426578256667,1.786373000118519,0.250086912144063,2.6614,ok,5833123888,1,4.61917,ok,5833127886,1,3.50052,ok,5833131886,1,4.84907,ok,5833135886,1
2026-09-06T08:09:55.236164+00:00,16.232461398,246436,5833141930,5833158020,15,True,15,1.20133,1.78946,1.918113728067137,1.8394960864191776,1.2013236549099997,1.7894590830000006,0.23448644323715576,2.67014,ok,5833145888,1,4.58098,ok,5833149886,1,3.48475,ok,5833153886,1,4.83656,ok,5833157886,1
2026-09-06T08:09:55.258157+00:00,16.254454695,246437,5833164183,5833180019,15,True,15,1.17726,1.79041,1.8981579474641825,1.8409919452293175,1.1772621701033334,1.7904102898148155,0.2504431663069985,2.66011,ok,5833167888,1,4.61967,ok,5833171886,1,3.50004,ok,5833175886,1,4.83757,ok,5833179886,1
2026-09-06T08:09:55.281168+00:00,16.277464946,246438,5833186441,5833203020,15,True,15,1.17472,1.76152,1.8940986237763253,1.8132481413846462,1.1747195281633336,1.7615224704037042,0.23692280681435535,2.63861,ok,5833190888,1,4.60137,ok,5833194886,1,3.50943,ok,5833198886,1,4.86352,ok,5833202886,1
2026-09-06T08:09:55.303202+00:00,16.299496004,246439,5833208701,5833225019,15,True,15,1.15943,1.80598,1.883940911517149,1.8562049114886658,1.1594261362000005,1.8059777520555567,0.2711245447743747,2.67579,ok,5833212888,1,4.64169,ok,5833216886,1,3.48364,ok,5833220886,1,4.85614,ok,5833224886,1
2026-09-06T08:09:55.325171+00:00,16.321467955,246440,5833230958,5833247019,15,True,15,1.17003,1.79619,1.8925954811729655,1.8467559638555715,1.1700310034666663,1.7961853235296303,0.2584107109520301,2.64376,ok,5833234888,1,4.6295,ok,5833238886,1,3.49527,ok,5833242886,1,4.81979,ok,5833246886,1
2026-09-06T08:09:55.348236+00:00,16.344531296,246441,5833253211,5833270019,15,True,15,1.15948,1.78414,1.8823993311369782,1.835122990400341,1.1594878579199999,1.7841372185000008,0.2591547411550062,2.67449,ok,5833257888,1,4.62553,ok,5833261886,1,3.49044,ok,5833265886,1,4.89012,ok,5833269886,1
2026-09-06T08:09:55.370205+00:00,16.3664988,246442,5833275464,5833292019,15,True,15,1.17229,1.78833,1.8935676812174114,1.8389593977159568,1.1722909357100002,1.7883286655111121,0.2526929876045717,2.65936,ok,5833279888,1,4.60885,ok,5833283886,1,3.4813,ok,5833287886,1,4.85923,ok,5833291886,1
2026-09-06T08:09:55.398159+00:00,16.394456353,246443,5833303572,5833320019,15,True,15,1.16068,1.77267,1.8829054176132498,1.8241945249913118,1.1606816710166667,1.7726731800629634,0.25234941468410915,2.65141,ok,5833307888,1,4.62277,ok,5833311886,1,3.50325,ok,5833315886,1,4.87568,ok,5833319886,1
2026-09-06T08:09:55.420181+00:00,16.416478354,246444,5833325833,5833342019,15,True,15,1.19606,1.79283,1.913627533568623,1.8427122502945505,1.1960583869000003,1.7928322012222229,0.23996358746902338,2.69165,ok,5833329887,1,4.58456,ok,5833333886,1,3.47754,ok,5833337886,1,4.86468,ok,5833341886,1
2026-09-06T08:09:55.442165+00:00,16.438462018,246445,5833348088,5833364019,15,True,15,1.16849,1.80023,1.8912570258790722,1.850529911782748,1.1684915997766672,1.8002300558851858,0.26187634596324955,2.66825,ok,5833351888,1,4.62824,ok,5833355886,1,3.48618,ok,5833359886,1,4.84733,ok,5833363886,1
2026-09-06T08:09:55.475182+00:00,16.471479323,246446,5833370341,5833397019,15,True,15,1.17147,1.77582,1.8919662482691946,1.8269020116113728,1.1714740490466666,1.7758207786185185,0.24657162821388462,2.68381,ok,5833374887,1,4.61514,ok,5833378886,1,3.50455,ok,5833392886,2,4.89329,ok,5833396886,1
2026-09-06T08:09:55.492196+00:00,16.488493317,246447,5833398027,5833414019,15,True,15,1.17027,1.7936,1.8923558213465275,1.8441390427294762,1.1702697490733334,1.7936027517814817,0.2569140842845221,2.6823,ok,5833401892,1,4.63457,ok,5833405886,1,3.50564,ok,5833409886,1,4.85926,ok,5833413886,1
2026-09-06T08:09:55.515177+00:00,16.51147448,246448,5833420288,5833437019,15,True,15,1.16517,1.7723,1.8864725528226876,1.8236594886845792,1.1651730753999994,1.7723011550222232,0.24912139700079639,2.64942,ok,5833424888,1,4.60464,ok,5833428886,1,3.48622,ok,5833432886,1,4.8818,ok,5833436886,1
2026-09-06T08:09:55.537168+00:00,16.533465696,246449,5833442543,5833459019,15,True,15,1.17234,1.79403,1.8939625300540486,1.8444281973798928,1.1723451044700002,1.7940283846444445,0.2558658275667362,2.69736,ok,5833446888,1,4.63086,ok,5833450886,1,3.50315,ok,5833454886,1,4.87478,ok,5833458886,1
2026-09-06T08:09:55.559163+00:00,16.555459985,246450,5833464797,5833481019,15,True,15,1.18097,1.78838,1.9007149309839888,1.8387640974012884,1.1809752691666675,1.788383765740741,0.2470523749653945,2.67465,ok,5833468888,1,4.5969,ok,5833472886,1,3.4779,ok,5833476886,1,4.8694,ok,5833480886,1
2026-09-06T08:09:55.581182+00:00,16.577479394,246451,5833487052,5833503019,15,True,15,1.16958,1.81713,1.8932948052167364,1.8667661747113187,1.1695840418100005,1.817130001833334,0.2712462675706717,2.66976,ok,5833490888,1,4.6328,ok,5833494886,1,3.47196,ok,5833498886,1,4.82665,ok,5833502886,1
2026-09-06T08:09:55.604161+00:00,16.600458701,246452,5833509312,5833526019,15,True,15,1.18326,1.80251,1.9034096354885213,1.852231996762976,1.1832678265299998,1.8025140707222231,0.2539287790650918,2.70906,ok,5833513888,1,4.60824,ok,5833517886,1,3.47792,ok,5833521886,1,4.87895,ok,5833525886,1
2026-09-06T08:09:55.626157+00:00,16.622454141,246453,5833531573,5833548019,15,True,15,1.15534,1.79775,1.880262074732704,1.8485108884623536,1.1553475316966662,1.7977498129407412,0.2690463098163615,2.6411,ok,5833535888,1,4.64214,ok,5833539886,1,3.48901,ok,5833543886,1,4.8337,ok,5833547886,1
2026-09-06T08:09:55.648184+00:00,16.64448091,246454,5833553830,5833570019,15,True,15,1.1547,1.79254,1.879114435675038,1.843393833699968,1.1547015245200007,1.7925453319666664,0.26677755927332125,2.65457,ok,5833557888,1,4.63369,ok,5833561886,1,3.48356,ok,5833565886,1,4.86266,ok,5833569886,1
2026-09-06T08:09:55.670168+00:00,16.66646531,246455,5833576085,5833592019,15,True,15,1.15852,1.79201,1.8825527193456677,1.8429280935813077,1.1585258220133337,1.7920134068592601,0.26378009388298546,2.661,ok,5833579888,1,4.64754,ok,5833583886,1,3.5081,ok,5833587886,1,4.84908,ok,5833591886,1
2026-09-06T08:09:55.709201+00:00,16.705496921,246456,5833615071,5833631019,15,True,15,1.15421,1.76284,1.8767022788328602,1.8148083556149832,1.154210348436667,1.7628366707629632,0.25232758588531423,2.64873,ok,5833618888,1,4.62011,ok,5833622886,1,3.50314,ok,5833626886,1,4.89759,ok,5833630886,1
2026-09-06T08:09:55.737173+00:00,16.733470923,246457,5833642698,5833659019,15,True,15,1.1701,1.7932,1.8924307393708073,1.8438672562686376,1.1701076660733338,1.7931996610592602,0.2566828596197595,2.67132,ok,5833646888,1,4.64243,ok,5833650886,1,3.51631,ok,5833654886,1,4.84033,ok,5833658886,1
2026-09-06T08:09:55.759160+00:00,16.755456283,246458,5833664956,5833681019,15,True,15,1.18741,1.7679,1.9048382341856225,1.8189664195418993,1.187407438116667,1.7679026488851854,0.23150927687631337,2.67572,ok,5833668887,1,4.58712,ok,5833672886,1,3.50066,ok,5833676886,1,4.88549,ok,5833680886,1
2026-09-06T08:09:55.781709+00:00,16.778002298,246459,5833687209,5833703019,15,True,15,1.15481,1.77946,1.8779781365140986,1.8306318143367757,1.1548044415199998,1.7794570049777785,0.26008309073529373,2.66361,ok,5833690888,1,4.61361,ok,5833694886,1,3.47395,ok,5833698886,1,4.90337,ok,5833702886,1
2026-09-06T08:09:55.804161+00:00,16.800457719,246460,5833709460,5833726019,15,True,15,1.18476,1.78,1.9033620738040924,1.8306317261059084,1.1847646789033335,1.7800009663370375,0.2398408480729553,2.70568,ok,5833713887,1,4.60849,ok,5833717886,1,3.50939,ok,5833721886,1,4.89264,ok,5833725886,1
2026-09-06T08:09:55.826155+00:00,16.822451335,246461,5833731713,5833748019,15,True,15,1.14697,1.78536,1.871902085723925,1.836522673975099,1.1469647056033332,1.785356250670371,0.26845120167339404,2.66067,ok,5833735888,1,4.63136,ok,5833739886,1,3.47864,ok,5833743886,1,4.89401,ok,5833747886,1
2026-09-06T08:09:55.848199+00:00,16.844496025,246462,5833753971,5833770019,15,True,15,1.15746,1.78926,1.8809413229196292,1.8400545868730156,1.1574526870933335,1.7892638466037045,0.26329261524335695,2.67693,ok,5833757888,1,4.62601,ok,5833761886,1,3.48154,ok,5833765886,1,4.89178,ok,5833769886,1
2026-09-06T08:09:55.871162+00:00,16.867458019,246463,5833776230,5833793019,15,True,15,1.1635,1.776,1.8852923193097033,1.8272375890229273,1.1634997693666667,1.7759946401296305,0.2521589620752847,2.67973,ok,5833780888,1,4.62438,ok,5833784886,1,3.50513,ok,5833788886,1,4.89623,ok,5833792886,1
2026-09-06T08:09:55.893174+00:00,16.889471668,246464,5833798488,5833815019,15,True,15,1.16011,1.77624,1.8820958905755885,1.8273687190625911,1.1601094290566671,1.7762389740629643,0.25483653206262746,2.65891,ok,5833802888,1,4.59523,ok,5833806886,1,3.46137,ok,5833810886,1,4.90766,ok,5833814886,1
2026-09-06T08:09:55.915225+00:00,16.911519942,246465,5833820742,5833837020,15,True,15,1.14143,1.79125,1.867119815269832,1.8420556898834057,1.14143263279,1.7912497487888897,0.27556781990816764,2.70705,ok,5833824888,1,4.63626,ok,5833828886,1,3.46958,ok,5833832886,1,4.94585,ok,5833836886,1
2026-09-06T08:09:55.937167+00:00,16.933464117,246466,5833842995,5833859019,15,True,15,1.13183,1.75014,1.85654655747523,1.802804535754449,1.1318298947200007,1.7501396497000006,0.26378298623780083,2.65159,ok,5833846888,1,4.61749,ok,5833850886,1,3.484,ok,5833854886,1,4.96012,ok,5833858886,1
2026-09-06T08:09:55.960174+00:00,16.956471488,246467,5833865252,5833882019,15,True,15,1.0959,1.73126,1.824444969907038,1.7850612890486226,1.0959026309866668,1.7312678648407414,0.285582472263674,2.67195,ok,5833869888,1,4.63201,ok,5833873886,1,3.47608,ok,5833877886,1,5.05704,ok,5833881886,1
2026-09-06T08:09:55.982188+00:00,16.978485041,246468,5833887513,5833904019,15,True,15,1.09375,1.73037,1.8226410586639312,1.7842760591629245,1.0937434971400004,1.7303719433222227,0.28697438914804424,2.66246,ok,5833891888,1,4.63329,ok,5833895886,1,3.47584,ok,5833899886,1,5.05092,ok,5833903886,1
2026-09-06T08:09:56.004174+00:00,17.000471105,246469,5833909768,5833926019,15,True,15,1.07637,1.73467,1.8084366761824366,1.788808624520217,1.0763702606733336,1.7346645129259264,0.3018562937710187,2.64343,ok,5833913888,1,4.6533,ok,5833917886,1,3.47202,ok,5833921886,1,5.0431,ok,5833925886,1
2026-09-06T08:09:56.026193+00:00,17.022490418,246470,5833932021,5833948020,15,True,15,1.07816,1.7196,1.8087007182240638,1.774156419246867,1.078163220026667,1.7195918591407415,0.29663903521460105,2.67727,ok,5833935888,1,4.65129,ok,5833939886,1,3.49139,ok,5833943886,1,5.09033,ok,5833947886,1
2026-09-06T08:09:56.049196+00:00,17.045493182,246471,5833954276,5833971019,15,True,15,1.05131,1.70359,1.784789186747823,1.7591677253308102,1.0513050935800003,1.7035868359333337,0.3153112260293151,2.64115,ok,5833958888,1,4.6447,ok,5833962886,1,3.46468,ok,5833966886,1,5.1254,ok,5833970886,1
2026-09-06T08:09:56.077172+00:00,17.073469455,246472,5833982590,5833999019,15,True,15,1.05131,1.66955,1.7821219582132604,1.7262301771573227,1.0513144816200004,1.6695566948666667,0.31132959688156014,2.66494,ok,5833986888,1,4.62301,ok,5833990886,1,3.47985,ok,5833994886,1,5.19897,ok,5833998886,1
2026-09-06T08:09:56.099244+00:00,17.095537729,246473,5834004850,5834021019,15,True,15,1.06929,1.68221,1.7980825241025549,1.7380542402874255,1.0692862737933335,1.6822147389259268,0.2976341841080851,2.69427,ok,5834008887,1,4.6211,ok,5834012886,1,3.48676,ok,5834016886,1,5.18536,ok,5834020886,1
2026-09-06T08:09:56.121177+00:00,17.117473936,246474,5834027104,5834043019,15,True,15,1.08279,1.65655,1.807935771870139,1.7131930065573104,1.08278499505,1.6565519407666676,0.2840105710617262,2.65822,ok,5834030888,1,4.5868,ok,5834034886,1,3.49394,ok,5834038886,1,5.17483,ok,5834042886,1
2026-09-06T08:09:56.144210+00:00,17.140506716,246475,5834049359,5834066019,15,True,15,0.99751,1.57933,1.7297507882385388,1.639955708991934,0.9975009879766664,1.5793256881962967,0.3624679845408318,2.69213,ok,5834053887,1,4.61322,ok,5834057886,1,3.50612,ok,5834061886,1,5.41289,ok,5834065886,1
2026-09-06T08:09:56.166157+00:00,17.162454668,246476,5834071619,5834088019,15,True,15,1.00858,1.59195,1.7401379601264486,1.6519917274270368,1.008576952163334,1.591949192181482,0.3509813531756406,2.65781,ok,5834075888,1,4.59687,ok,5834079886,1,3.48417,ok,5834083886,1,5.36168,ok,5834087886,1
2026-09-06T08:09:56.188169+00:00,17.184466716,246477,5834093877,5834110019,15,True,15,1.05244,1.68685,1.7843451464802742,1.7429132080570668,1.0524360749099992,1.68685538828889,0.3120624316193744,2.68898,ok,5834097888,1,4.64864,ok,5834101886,1,3.49321,ok,5834105886,1,5.18372,ok,5834109886,1
2026-09-06T08:09:56.229194+00:00,17.225490445,246478,5834135090,5834151019,15,True,15,0.90199,1.50256,1.6428329058588325,1.567285548313951,0.9019961349999998,1.5025605510666675,0.4611539414355496,2.67326,ok,5834138888,1,4.6123,ok,5834142886,1,3.46702,ok,5834146886,1,5.63084,ok,5834150886,1
2026-09-06T08:09:56.252178+00:00,17.248475384,246479,5834157345,5834174019,15,True,15,0.79837,1.34563,1.5434916049371743,1.4175212856504127,0.79837164265,1.345630660866667,0.6062726295659054,2.65947,ok,5834161888,1,4.58343,ok,5834165886,1,3.48294,ok,5834169886,1,5.94219,ok,5834173886,1
2026-09-06T08:09:56.274189+00:00,17.270485929,246480,5834179598,5834196019,15,True,15,0.77963,1.35418,1.5283093735234006,1.4261237457128846,0.7796279312833337,1.3541782700037037,0.6164004480551021,2.68789,ok,5834183888,1,4.62774,ok,5834187886,1,3.50352,ok,5834191886,1,5.95847,ok,5834195886,1
2026-09-06T08:09:56.296269+00:00,17.292563227,246481,5834201863,5834218019,15,True,15,1.22041,1.84343,1.9386880526432624,1.8914906588060638,1.2204138046466668,1.843435120185186,0.260045388682651,2.64909,ok,5834205888,1,4.61696,ok,5834209886,1,3.48992,ok,5834213886,1,4.6872,ok,5834217886,1
2026-09-06T08:09:56.318190+00:00,17.31448753,246482,5834224117,5834240019,15,True,15,1.2307,1.8396,1.946344657700759,1.8872431852648293,1.2306929029566671,1.8395936990074073,0.2521638261325847,2.70281,ok,5834227888,1,4.58984,ok,5834231886,1,3.47379,ok,5834235886,1,4.75642,ok,5834239886,1
2026-09-06T08:09:56.341195+00:00,17.337492693,246483,5834246373,5834263019,15,True,15,1.2233,1.84324,1.940871073912579,1.8911358530826814,1.2232960166033338,1.8432380917259266,0.2584913635944905,2.64648,ok,5834250888,1,4.59806,ok,5834254886,1,3.46929,ok,5834258886,1,4.69686,ok,5834262886,1
2026-09-06T08:09:56.363188+00:00,17.35948551,246484,5834268635,5834285020,15,True,15,1.21996,1.86473,1.9388338367642848,1.911576703226918,1.2199539241766668,1.8647374071407412,0.2765483292027904,2.7118,ok,5834272888,1,4.60809,ok,5834276886,1,3.44984,ok,5834280886,1,4.74779,ok,5834284886,1
2026-09-06T08:09:56.385252+00:00,17.381547096,246485,5834290888,5834307020,15,True,15,1.21264,1.84952,1.9323153918838558,1.8973924336851045,1.212633047736667,1.8495236876518522,0.26855894299068594,2.65888,ok,5834294888,1,4.62066,ok,5834298886,1,3.47579,ok,5834302886,1,4.70536,ok,5834306886,1
2026-09-06T08:09:56.413184+00:00,17.40948116,246486,5834318582,5834335019,15,True,15,1.22058,1.81068,1.936399616465511,1.8598559382225144,1.2205773456966669,1.8106813170851865,0.23651899783282312,2.65625,ok,5834322888,1,4.59558,ok,5834326886,1,3.50414,ok,5834330886,1,4.74703,ok,5834334886,1
2026-09-06T08:09:56.435238+00:00,17.431531354,246487,5834340845,5834357019,15,True,15,1.06533,1.65491,1.7925861462866248,1.7116906615963923,1.065332506076667,1.6549073948851856,0.299097473097079,2.6997,ok,5834344887,1,4.59946,ok,5834348886,1,3.48772,ok,5834352886,1,5.24127,ok,5834356886,1
2026-09-06T08:09:56.457192+00:00,17.453489321,246488,5834363100,5834379019,15,True,15,0.73677,1.26415,1.4850470933714466,1.3397656856474014,0.7367724904766666,1.2641457489740744,0.6940658527123474,2.671,ok,5834366888,1,4.57089,ok,5834370886,1,3.48331,ok,5834374886,1,6.12476,ok,5834378886,1
2026-09-06T08:09:56.480188+00:00,17.476484981,246489,5834385355,5834402019,15,True,15,0.79178,1.32844,1.5364866280670033,1.400963046349012,0.7917784188999998,1.3284410247333336,0.6198698850657768,2.7005,ok,5834389887,1,4.59145,ok,5834393886,1,3.50617,ok,5834397886,1,5.99687,ok,5834401886,1
2026-09-06T08:09:56.502749+00:00,17.499038196,246490,5834407613,5834424019,15,True,15,0.77433,1.29209,1.5193221665418484,1.3662974435396908,0.7743316546599995,1.2920880108333337,0.6512161573012628,2.65936,ok,5834411888,1,4.57397,ok,5834415886,1,3.5051,ok,5834419886,1,6.02974,ok,5834423886,1
2026-09-06T08:09:56.524217+00:00,17.520514358,246491,5834429871,5834446019,15,True,15,0.73916,1.2836,1.4882871466043217,1.358407100628945,0.7391655415466669,1.2836026557629634,0.682261204281359,2.70598,ok,5834433888,1,4.59058,ok,5834437886,1,3.4875,ok,5834441886,1,6.12254,ok,5834445886,1
2026-09-06T08:09:56.546182+00:00,17.542478918,246492,5834452132,5834468020,15,True,15,0.74456,1.30552,1.4949418727137995,1.3797032959155908,0.7445560946866671,1.3055210008518523,0.6665375348270486,2.65886,ok,5834455888,1,4.60283,ok,5834459886,1,3.48309,ok,5834463886,1,6.04667,ok,5834467886,1
2026-09-06T08:09:56.569189+00:00,17.565486642,246493,5834474387,5834491020,15,True,15,0.75681,1.3271,1.506314118715101,1.4000522763287522,0.7568062560999999,1.3271034474888896,0.6473483884277788,2.70716,ok,5834478888,1,4.60017,ok,5834482886,1,3.46925,ok,5834486886,1,6.05523,ok,5834490886,1
2026-09-06T08:09:56.591187+00:00,17.587484002,246494,5834496643,5834513019,15,True,15,0.84729,1.37608,1.5872334983143077,1.4461177944084913,0.8472889734400001,1.3760775204999998,0.5545043203705611,2.66519,ok,5834500888,1,4.56745,ok,5834504886,1,3.49282,ok,5834508886,1,5.85358,ok,5834512886,1
2026-09-06T08:09:56.613204+00:00,17.609501075,246495,5834518896,5834535019,15,True,15,0.98483,1.54652,1.7162517484694364,1.608326132357496,0.9848281707900004,1.5465149093222221,0.38055866673219846,2.68639,ok,5834522888,1,4.57633,ok,5834526886,1,3.48173,ok,5834530886,1,5.48866,ok,5834534886,1
2026-09-06T08:09:56.636190+00:00,17.632487038,246496,5834541155,5834558019,15,True,15,1.20321,1.7667,1.9181885068098106,1.8175589871264337,1.2032154359833331,1.766699324603704,0.22009467083846632,2.67474,ok,5834545888,1,4.5737,ok,5834549886,1,3.50722,ok,5834553886,1,4.86571,ok,5834557886,1
2026-09-06T08:09:56.658193+00:00,17.654489839,246497,5834563416,5834580019,15,True,15,1.20107,1.84275,1.9219739730945016,1.8910320652072696,1.2010705069800003,1.8427568096222229,0.269754107036932,2.67406,ok,5834567888,1,4.63223,ok,5834571886,1,3.48331,ok,5834575886,1,4.74209,ok,5834579886,1
2026-09-06T08:09:56.680188+00:00,17.676485023,246498,5834585672,5834602019,15,True,15,1.15937,1.78139,1.8818583699639955,1.8323590204972604,1.1593699362766665,1.78138970802963,0.2579461363946542,2.69215,ok,5834589888,1,4.61964,ok,5834593886,1,3.48601,ok,5834597886,1,4.91776,ok,5834601886,1
2026-09-06T08:09:56.702212+00:00,17.698508816,246499,5834607926,5834624019,15,True,15,1.21997,1.8179,1.9362271064116103,1.8667429723752014,1.2199740513733333,1.8178983091703704,0.24190709070647642,2.64418,ok,5834611888,1,4.58302,ok,5834615886,1,3.47746,ok,5834619886,1,4.74012,ok,5834623886,1
2026-09-06T08:09:56.741185+00:00,17.737482474,246500,5834647073,5834663019,15,True,15,1.17446,1.79651,1.8961266569135231,1.8468785110400416,1.174457006613334,1.7965088059259262,0.2558032654335516,2.65749,ok,5834650888,1,4.61911,ok,5834654886,1,3.48743,ok,5834658886,1,4.83535,ok,5834662886,1
2026-09-06T08:09:56.769199+00:00,17.76549622,246501,5834674698,5834691019,15,True,15,1.18635,1.80577,1.90644841489059,1.855420542220389,1.1863489849466669,1.8057781342074084,0.2538967330019673,2.69944,ok,5834678888,1,4.6134,ok,5834682886,1,3.48496,ok,5834686886,1,4.85402,ok,5834690886,1
2026-09-06T08:09:56.791224+00:00,17.787519085,246502,5834696959,5834713019,15,True,15,1.17235,1.80543,1.8949386311487881,1.8555013739831936,1.1723479377800001,1.8054311229555566,0.26239220622590387,2.66236,ok,5834700887,1,4.62703,ok,5834704886,1,3.48339,ok,5834708886,1,4.82919,ok,5834712886,1
2026-09-06T08:09:56.813194+00:00,17.809491421,246503,5834719212,5834735020,15,True,15,1.23111,1.80814,1.9446266263105125,1.8569773088007604,1.2311109009133332,1.8081346839370374,0.22902922435406153,2.68031,ok,5834722888,1,4.56728,ok,5834726886,1,3.48539,ok,5834730886,1,4.78149,ok,5834734886,1
2026-09-06T08:09:56.836186+00:00,17.832483144,246504,5834741463,5834758019,15,True,15,1.18709,1.78361,1.905761873565263,1.8341543187173337,1.1870905179266669,1.7836097691962969,0.2402233152951382,2.65483,ok,5834745887,1,4.58918,ok,5834749886,1,3.48267,ok,5834753886,1,4.84679,ok,5834757886,1
2026-09-06T08:09:56.858200+00:00,17.854496793,246505,5834763716,5834780019,15,True,15,0.92583,1.47976,1.6611077751652872,1.5447535170075906,0.9258305689333342,1.4797590770370372,0.44971118696946577,2.69741,ok,5834767888,1,4.57291,ok,5834771886,1,3.47879,ok,5834775886,1,5.66181,ok,5834779886,1
2026-09-06T08:09:56.880235+00:00,17.876530506,246506,5834785975,5834802019,15,True,15,0.90629,1.48302,1.6452594244631458,1.5484581714941474,0.9062863415300005,1.483023067611111,0.4637859766913132,2.66368,ok,5834789888,1,4.60196,ok,5834793886,1,3.48478,ok,5834797886,1,5.63821,ok,5834801886,1
2026-09-06T08:09:56.903215+00:00,17.899511701,246507,5834808234,5834825019,15,True,15,0.73315,1.30233,1.4844810989965849,1.3765530958752386,0.7331450823066663,1.302332521107408,0.6772984298632957,2.69549,ok,5834812888,1,4.59895,ok,5834816886,1,3.46566,ok,5834820886,1,6.10304,ok,5834824886,1
2026-09-06T08:09:56.925219+00:00,17.921515782,246508,5834830491,5834847020,15,True,15,0.70053,1.26849,1.4549812598539096,1.3447156759752037,0.700534341686667,1.2684821873962968,0.7180977498039471,2.6558,ok,5834834888,1,4.61789,ok,5834838886,1,3.48768,ok,5834842886,1,6.13226,ok,5834846886,1
2026-09-06T08:09:56.947181+00:00,17.943478389,246509,5834852745,5834869019,15,True,15,0.76556,1.29375,1.5116833778951293,1.3678878059585868,0.7655670835199997,1.293746237433334,0.6571637064477408,2.68827,ok,5834856888,1,4.58011,ok,5834860886,1,3.49848,ok,5834864886,1,6.06392,ok,5834868886,1
2026-09-06T08:09:56.969264+00:00,17.965558696,246510,5834874998,5834891019,15,True,15,0.74834,1.30432,1.4978537836756989,1.3783850392512207,0.7483410168033338,1.3043233971592598,0.6645364745856118,2.66595,ok,5834878888,1,4.59017,ok,5834882886,1,3.47335,ok,5834886886,1,6.05716,ok,5834890886,1
2026-09-06T08:09:56.992205+00:00,17.988502194,246511,5834897258,5834914020,15,True,15,0.6976,1.22414,1.4488876820326555,1.3017891396353778,0.697599277146667,1.2241394809629624,0.744357749437197,2.66952,ok,5834901888,1,4.57494,ok,5834905886,1,3.48408,ok,5834909886,1,6.21316,ok,5834913886,1
2026-09-06T08:09:57.014216+00:00,18.010513027,246512,5834919519,5834936019,15,True,15,0.71449,1.29591,1.4684697685764336,1.3708003033171277,0.7144847126633339,1.2959145364814824,0.6941932591160851,2.68907,ok,5834923888,1,4.62381,ok,5834927886,1,3.48012,ok,5834931886,1,6.11389,ok,5834935886,1
2026-09-06T08:09:57.036230+00:00,18.032527028,246513,5834941775,5834958019,15,True,15,1.06442,1.66727,1.793333430827964,1.723932018102433,1.0644175303166663,1.6672692093407409,0.2999017763849671,2.65927,ok,5834945888,1,4.62255,ok,5834949886,1,3.50096,ok,5834953886,1,5.17027,ok,5834957886,1
2026-09-06T08:09:57.058227+00:00,18.054523812,246514,5834964029,5834980019,15,True,15,0.82389,1.37054,1.567199113104762,1.441259756181514,0.8238939196000002,1.3705409051888888,0.5747326955698253,2.67524,ok,5834967888,1,4.60254,ok,5834971886,1,3.51247,ok,5834975886,1,5.87943,ok,5834979886,1
2026-09-06T08:09:57.081211+00:00,18.077508815,246515,5834986282,5835003020,15,True,15,1.22398,1.84746,1.9419112282328799,1.8952642074580133,1.2239856624433338,1.847454538892593,0.2612833009130525,2.64873,ok,5834990888,1,4.61055,ok,5834994886,1,3.48137,ok,5834998886,1,4.68162,ok,5835002886,1
2026-09-06T08:09:57.109207+00:00,18.105504385,246516,5835014614,5835031019,15,True,15,0.67636,1.23784,1.432110637306719,1.3154751257001034,0.6763628262866661,1.2378408888185188,0.7521281789218688,2.6736,ok,5835018888,1,4.61957,ok,5835022886,1,3.49478,ok,5835026886,1,6.2079,ok,5835030886,1
2026-09-06T08:09:57.131906+00:00,18.128169731,246517,5835036877,5835053019,15,True,15,0.81783,1.37964,1.562355492431007,1.4499729258659526,0.8178297367233329,1.3796435831148148,0.5756050566164229,2.67663,ok,5835040887,1,4.59327,ok,5835044886,1,3.47989,ok,5835048886,1,5.89128,ok,5835052886,1
2026-09-06T08:09:57.153203+00:00,18.14950077,246518,5835059132,5835075019,15,True,15,0.74809,1.28114,1.495929351635734,1.3560064236350036,0.7480863524833335,1.2811422293370376,0.6766770077176555,2.66501,ok,5835062888,1,4.57236,ok,5835066886,1,3.47952,ok,5835070886,1,6.08737,ok,5835074886,1
2026-09-06T08:09:57.176204+00:00,18.172501293,246519,5835081385,5835098019,15,True,15,0.73188,1.26667,1.4812818886152543,1.3423808559205044,0.7318734711800002,1.2666705523777777,0.696077887579244,2.66615,ok,5835085887,1,4.5865,ok,5835089886,1,3.49352,ok,5835093886,1,6.115,ok,5835097886,1
2026-09-06T08:09:57.198209+00:00,18.19450675,246520,5835103639,5835120019,15,True,15,0.73246,1.2902,1.48364777636641,1.3651589039430405,0.7324570366499998,1.2902039861333336,0.6832188045361065,2.65319,ok,5835107888,1,4.60436,ok,5835111886,1,3.48753,ok,5835115886,1,6.07188,ok,5835119886,1
2026-09-06T08:09:57.220224+00:00,18.216520623,246521,5835125899,5835142020,15,True,15,0.72048,1.30612,1.4742378308988757,1.3805236668676355,0.72048531077,1.3061232924111115,0.6847255822608999,2.70748,ok,5835129888,1,4.63259,ok,5835133886,1,3.48721,ok,5835137886,1,6.10616,ok,5835141886,1
2026-09-06T08:09:57.261251+00:00,18.257548064,246522,5835166809,5835183019,15,True,15,0.70681,1.27611,1.4607794262284137,1.3519319019842126,0.7068077960366664,1.276104280574074,0.7096106026498902,2.66456,ok,5835170888,1,4.61817,ok,5835174886,1,3.48721,ok,5835178886,1,6.12382,ok,5835182886,1
2026-09-06T08:09:57.283209+00:00,18.279505871,246523,5835189063,5835205019,15,True,15,0.70781,1.28124,1.461895344049538,1.3568186823855792,0.7078098137666664,1.281237571240741,0.7063721560775462,2.68585,ok,5835192888,1,4.62678,ok,5835196886,1,3.49343,ok,5835200886,1,6.13051,ok,5835204886,1
2026-09-06T08:09:57.306199+00:00,18.302495994,246524,5835211315,5835228019,15,True,15,0.73679,1.30428,1.4883234318851832,1.3786695372355762,0.73678898054,1.3042883484666674,0.6729151063902826,2.66315,ok,5835215888,1,4.61472,ok,5835219886,1,3.48926,ok,5835223886,1,6.05514,ok,5835227886,1
2026-09-06T08:09:57.328217+00:00,18.324513995,246525,5835233581,5835250020,15,True,15,0.73015,1.2867,1.4812718554013853,1.3617407972207471,0.7301482045633332,1.2867029437037043,0.6869052876344434,2.67374,ok,5835237888,1,4.60609,ok,5835241886,1,3.49102,ok,5835245886,1,6.09495,ok,5835249886,1
2026-09-06T08:09:57.350200+00:00,18.346496699,246526,5835255835,5835272019,15,True,15,1.01135,1.56948,1.7408217910456654,1.630249013535119,1.011344648493333,1.5694819916592602,0.35270466719733895,2.65774,ok,5835259888,1,4.57702,ok,5835263886,1,3.49102,ok,5835267886,1,5.3922,ok,5835271886,1
2026-09-06T08:09:57.372210+00:00,18.368507052,246527,5835278090,5835294019,15,True,15,0.71733,1.32387,1.4730088791511493,1.3977779733404176,0.7173305098366676,1.3238710688962971,0.6784742556192997,2.70637,ok,5835281888,1,4.65609,ok,5835285886,1,3.49108,ok,5835289886,1,6.07933,ok,5835293886,1
2026-09-06T08:09:57.395211+00:00,18.39150844,246528,5835300343,5835317019,15,True,15,0.99966,1.61556,1.7345623088466937,1.6750520067692378,0.9996565860533334,1.6155569256148146,0.3554721296099101,2.65182,ok,5835304888,1,4.63376,ok,5835308886,1,3.48974,ok,5835312886,1,5.32066,ok,5835316886,1
2026-09-06T08:09:57.417230+00:00,18.413526953,246529,5835322837,5835339019,15,True,15,1.1878,1.84578,1.9111793600486646,1.894287265217682,1.1878000431499998,1.8457850766111108,0.279098286105591,2.65805,ok,5835326900,1,4.65082,ok,5835330886,1,3.48512,ok,5835334886,1,4.73099,ok,5835338886,1
2026-09-06T08:09:57.445240+00:00,18.441537531,246530,5835350577,5835367019,15,True,15,1.02534,1.62355,1.7562525869363215,1.6820187516691192,1.0253481310633332,1.6235487538037048,0.33375351846085327,2.69526,ok,5835354888,1,4.60156,ok,5835358886,1,3.4736,ok,5835362886,1,5.33719,ok,5835366886,1
2026-09-06T08:09:57.467217+00:00,18.463514379,246531,5835372840,5835389020,15,True,15,0.94227,1.56171,1.68182326993741,1.6239549182780062,0.9422754687266666,1.5617086163518523,0.41200642488899764,2.65127,ok,5835376887,1,4.6368,ok,5835380886,1,3.48099,ok,5835384886,1,5.46879,ok,5835388886,1
2026-09-06T08:09:57.489240+00:00,18.485535932,246532,5835395095,5835411019,15,True,15,1.00176,1.60342,1.7350091382522146,1.6630871616891052,1.0017665081,1.6034213946888898,0.35539352276619457,2.68374,ok,5835398888,1,4.61461,ok,5835402886,1,3.48303,ok,5835406886,1,5.37533,ok,5835410886,1
2026-09-06T08:09:57.512198+00:00,18.508495814,246533,5835417349,5835434019,15,True,15,0.97689,1.5836,1.7126728732109588,1.644469961709745,0.9768880407233331,1.5836052860814822,0.37899623247702613,2.65986,ok,5835421887,1,4.62094,ok,5835425886,1,3.48131,ok,5835429886,1,5.40892,ok,5835433886,1
2026-09-06T08:09:57.534231+00:00,18.530527768,246534,5835439602,5835456019,15,True,15,1.23222,1.81648,1.946189507399105,1.8650214046231808,1.2322150575733333,1.8164789303592601,0.23433817006805968,2.69382,ok,5835443888,1,4.58124,ok,5835447886,1,3.49451,ok,5835451886,1,4.77315,ok,5835455886,1
2026-09-06T08:09:57.556245+00:00,18.552542313,246535,5835461861,5835478019,15,True,15,1.00737,1.59014,1.738982386759613,1.6502624080376718,1.0073754980366665,1.590139246262964,0.35227501924021765,2.6611,ok,5835465888,1,4.59827,ok,5835469886,1,3.48663,ok,5835473886,1,5.3675,ok,5835477886,1
2026-09-06T08:09:57.578223+00:00,18.574520088,246536,5835484122,5835500019,15,True,15,0.84972,1.46045,1.595376542724547,1.52747444583558,0.8497239617266662,1.4604463588074077,0.5176064230284292,2.69178,ok,5835487888,1,4.63579,ok,5835491886,1,3.47761,ok,5835495886,1,5.75433,ok,5835499886,1
2026-09-06T08:09:57.601235+00:00,18.597531844,246537,5835506377,5835523019,15,True,15,0.7927,1.38508,1.5418039400311196,1.4558039046105795,0.7927016916700003,1.3850768907444446,0.5922692034482852,2.65591,ok,5835510888,1,4.62869,ok,5835514886,1,3.48369,ok,5835518886,1,5.8833,ok,5835522886,1
2026-09-06T08:09:57.623234+00:00,18.619531381,246538,5835528640,5835545019,15,True,15,0.75494,1.33362,1.5052868849487169,1.406409293858696,0.7549408051266672,1.333618670085185,0.6455550335950238,2.71171,ok,5835532888,1,4.61382,ok,5835536886,1,3.47623,ok,5835540886,1,6.04715,ok,5835544886,1
2026-09-06T08:09:57.645214+00:00,18.641511333,246539,5835550893,5835567019,15,True,15,0.91816,1.48443,1.6553897493468739,1.5495995653843704,0.9181539643499995,1.4844266339888896,0.45375141137049707,2.66251,ok,5835554888,1,4.58968,ok,5835558886,1,3.4838,ok,5835562886,1,5.62493,ok,5835566886,1
2026-09-06T08:09:57.668223+00:00,18.664520048,246540,5835573153,5835590019,15,True,15,0.75211,1.31102,1.5015020367546157,1.3847627356772003,0.7521117305333341,1.311014007914815,0.6584032920549351,2.69586,ok,5835577888,1,4.60678,ok,5835581886,1,3.49205,ok,5835585886,1,6.05983,ok,5835589886,1
2026-09-06T08:09:57.690230+00:00,18.686527649,246541,5835595412,5835612020,15,True,15,0.72307,1.28942,1.4757643203137527,1.3646176066614955,0.7230760299433331,1.2894190626037032,0.6904719575967941,2.65276,ok,5835599888,1,4.61948,ok,5835603886,1,3.49508,ok,5835607886,1,6.07605,ok,5835611886,1
2026-09-06T08:09:57.712226+00:00,18.708522641,246542,5835617669,5835634019,15,True,15,0.70647,1.31554,1.4630643326565558,1.389854363302218,0.7064675749000003,1.315536885488889,0.6908203974131994,2.71183,ok,5835621888,1,4.65552,ok,5835625886,1,3.4855,ok,5835629886,1,6.1086,ok,5835633886,1
2026-09-06T08:09:57.734224+00:00,18.730521474,246543,5835639922,5835656019,15,True,15,0.69708,1.29255,1.453570973199331,1.3678877550371098,0.6970859008433334,1.292549183881482,0.7088412795613851,2.66568,ok,5835643888,1,4.62913,ok,5835647886,1,3.46652,ok,5835651886,1,6.12031,ok,5835655886,1
2026-09-06T08:09:57.775225+00:00,18.771522482,246544,5835680695,5835697020,15,True,15,0.69744,1.2713,1.4528985391282219,1.3476475258226697,0.6974350474500002,1.2712996588444452,0.7185794587495155,2.64177,ok,5835684888,1,4.63476,ok,5835688886,1,3.50195,ok,5835692886,1,6.11036,ok,5835696886,1
2026-09-06T08:09:57.803252+00:00,18.799548261,246545,5835708708,5835725019,15,True,15,0.71128,1.26545,1.4636840025067785,1.3415163264962218,0.7112763215700002,1.265442349744445,0.7119290174901857,2.69182,ok,5835712888,1,4.61619,ok,5835716886,1,3.50471,ok,5835720886,1,6.14964,ok,5835724886,1
2026-09-06T08:09:57.825218+00:00,18.821515444,246546,5835730970,5835747020,15,True,15,0.89832,1.48819,1.639270088655143,1.5537594231355147,0.8983243605699999,1.4881896154444456,0.46807492586980187,2.65521,ok,5835734887,1,4.63067,ok,5835738886,1,3.50466,ok,5835742886,1,5.61667,ok,5835746886,1
2026-09-06T08:09:57.848276+00:00,18.844570881,246547,5835753223,5835770019,15,True,15,0.96668,1.55656,1.7016912275319547,1.6183708323827255,0.9666741769766667,1.5565608045851858,0.39316899302569397,2.69302,ok,5835757888,1,4.60938,ok,5835761886,1,3.48627,ok,5835765886,1,5.49234,ok,5835769886,1
2026-09-06T08:09:57.870221+00:00,18.866518801,246548,5835775474,5835792019,15,True,15,0.90154,1.52588,1.6445868114286246,1.5900112366628394,0.9015438662033335,1.5258836187148155,0.45441268256978806,2.65097,ok,5835779887,1,4.64217,ok,5835783886,1,3.47595,ok,5835787886,1,5.56702,ok,5835791886,1
2026-09-06T08:09:57.892218+00:00,18.888515777,246549,5835797727,5835814019,15,True,15,1.18754,1.78734,1.9061871393733976,1.8376411110421844,1.1875374139800001,1.7873408461888898,0.24215261225588516,2.68117,ok,5835801888,1,4.5932,ok,5835805886,1,3.48379,ok,5835809886,1,4.86755,ok,5835813886,1
2026-09-06T08:09:57.914226+00:00,18.91052341,246550,5835819987,5835836019,15,True,15,1.16835,1.77527,1.8893814225741843,1.826473026639903,1.168345556996667,1.7752694894296304,0.24839919714325104,2.66219,ok,5835823888,1,4.61143,ok,5835827886,1,3.4959,ok,5835831886,1,4.88005,ok,5835835886,1
2026-09-06T08:09:57.937210+00:00,18.933507453,246551,5835842245,5835859019,15,True,15,1.20157,1.7869,1.917982161425499,1.8369516127593213,1.2015654503166673,1.7869006761740742,0.23286035629878046,2.70502,ok,5835846888,1,4.5904,ok,5835850886,1,3.50076,ok,5835854886,1,4.86817,ok,5835858886,1
2026-09-06T08:09:57.959223+00:00,18.955520205,246552,5835864502,5835881019,15,True,15,1.16448,1.77175,1.886109054263669,1.8232608747990189,1.1644860405799997,1.7717490151444453,0.2491890768100312,2.65588,ok,5835868888,1,4.62403,ok,5835872886,1,3.51152,ok,5835876886,1,4.8724,ok,5835880886,1
2026-09-06T08:09:57.981221+00:00,18.977518654,246553,5835886755,5835903019,15,True,15,1.18605,1.81269,1.906693631929052,1.8620973034838573,1.1860520551699998,1.8126941881555563,0.25838082845182975,2.71397,ok,5835890888,1,4.62659,ok,5835894886,1,3.49308,ok,5835898886,1,4.85187,ok,5835902886,1
2026-09-06T08:09:58.003223+00:00,18.999520238,246554,5835909008,5835925019,15,True,15,1.16309,1.76308,1.8841191739114618,1.8148390917354065,1.1630910960433334,1.7630856449370378,0.24610667445424605,2.65109,ok,5835912888,1,4.60597,ok,5835916886,1,3.49687,ok,5835920886,1,4.8951,ok,5835924886,1
2026-09-06T08:09:58.026237+00:00,19.022534298,246555,5835931268,5835948020,15,True,15,0.96873,1.58406,1.7056349064540908,1.6449697486044006,0.9687289906000005,1.5840579225444453,0.3859580853530527,2.68631,ok,5835935888,1,4.63463,ok,5835939886,1,3.4872,ok,5835943886,1,5.43798,ok,5835947886,1
2026-09-06T08:09:58.048203+00:00,19.044499882,246556,5835953528,5835970019,15,True,15,1.14851,1.74993,1.8706956169912075,1.8023317125151628,1.1485159086666674,1.7499285945185186,0.2511164277656075,2.64787,ok,5835957888,1,4.60143,ok,5835961886,1,3.48697,ok,5835965886,1,4.93757,ok,5835969886,1
2026-09-06T08:09:58.070222+00:00,19.066519483,246557,5835975784,5835992019,15,True,15,1.11737,1.76543,1.8452779248664724,1.8177465851441739,1.1173663527666668,1.7654308701851857,0.2808255967260482,2.684,ok,5835979888,1,4.65243,ok,5835983886,1,3.48997,ok,5835987886,1,4.97759,ok,5835991886,1
2026-09-06T08:09:58.092238+00:00,19.088535596,246558,5835998040,5836014019,15,True,15,1.06727,1.69898,1.7982586290359173,1.7545895668235376,1.0672692444899994,1.6989859505333336,0.3011256067008009,2.64201,ok,5836001888,1,4.6439,ok,5836005886,1,3.49251,ok,5836009886,1,5.09984,ok,5836013886,1
2026-09-06T08:09:58.115235+00:00,19.111532279,246559,5836020295,5836037019,15,True,15,1.08768,1.74888,1.818657261992036,1.8021529128943976,1.0876795829533334,1.7488835951148154,0.29757052205862866,2.67246,ok,5836024888,1,4.64591,ok,5836028886,1,3.45996,ok,5836032886,1,5.0454,ok,5836036886,1
2026-09-06T08:09:58.143238+00:00,19.139534505,246560,5836048591,5836065019,15,True,15,1.09499,1.67622,1.81935982386322,1.7318045065047891,1.0949994140800006,1.6762249290666675,0.27555364601752586,2.6964,ok,5836052888,1,4.59012,ok,5836056886,1,3.49044,ok,5836060886,1,5.17068,ok,5836064886,1
2026-09-06T08:09:58.165242+00:00,19.161538586,246561,5836070853,5836087020,15,True,15,0.87854,1.47869,1.6214616096988332,1.5447555733799108,0.8785415490300004,1.478688811355556,0.48766717966027306,2.67044,ok,5836074887,1,4.62988,ok,5836078886,1,3.48755,ok,5836082886,1,5.6743,ok,5836086886,1
2026-09-06T08:09:58.187221+00:00,19.183516682,246562,5836093108,5836109019,15,True,15,0.95823,1.58319,1.6967467578892672,1.644342116762955,0.95823159565,1.5831899184111113,0.3948665560256392,2.68112,ok,5836096888,1,4.64474,ok,5836100886,1,3.48672,ok,5836104886,1,5.44425,ok,5836108886,1
2026-09-06T08:09:58.210218+00:00,19.206514741,246563,5836115361,5836132019,15,True,15,0.74696,1.28782,1.4956249138516868,1.3625475892973076,0.7469619614399997,1.2878204342222228,0.6738380933835408,2.66249,ok,5836119887,1,4.58635,ok,5836123886,1,3.48767,ok,5836127886,1,6.07153,ok,5836131886,1
2026-09-06T08:09:58.232246+00:00,19.228542695,246564,5836137620,5836154020,15,True,15,0.75426,1.29382,1.5020640128814196,1.3681286568719748,0.7542610376000002,1.2938202432777777,0.6655317119518632,2.68576,ok,5836141888,1,4.58644,ok,5836145886,1,3.49051,ok,5836149886,1,6.07549,ok,5836153886,1
2026-09-06T08:09:58.254251+00:00,19.250548087,246565,5836159879,5836176019,15,True,15,0.95457,1.50126,1.68745452286657,1.5652256648791438,0.9545629630566667,1.5012588309518522,0.4185881139772309,2.66551,ok,5836163888,1,4.56891,ok,5836167886,1,3.48701,ok,5836171886,1,5.56618,ok,5836175886,1
2026-09-06T08:09:58.293253+00:00,19.289550354,246566,5836198935,5836215019,15,True,15,0.7832,1.30863,1.5278234534683452,1.382015489382672,0.7831941529066666,1.3086331770962962,0.63626821234296,2.68433,ok,5836202888,1,4.57917,ok,5836206886,1,3.50329,ok,5836210886,1,6.02087,ok,5836214886,1
2026-09-06T08:09:58.315248+00:00,19.31154477,246567,5836221189,5836237020,15,True,15,0.7764,1.29988,1.5212776166904645,1.3736146042543695,0.776395417116667,1.2998827103407409,0.6460008978348905,2.67287,ok,5836224888,1,4.5637,ok,5836228886,1,3.48459,ok,5836232886,1,6.04022,ok,5836236886,1
2026-09-06T08:09:58.338229+00:00,19.334526157,246568,5836243443,5836260019,15,True,15,0.78867,1.31693,1.532813846361782,1.3898104202023964,0.7886670725533333,1.3169285432370377,0.6282248021443132,2.69979,ok,5836247888,1,4.57394,ok,5836251886,1,3.4936,ok,5836255886,1,6.02338,ok,5836259886,1
2026-09-06T08:09:58.360286+00:00,19.356580351,246569,5836265708,5836282020,15,True,15,0.8142,1.34576,1.5565352485172272,1.4171943706232395,0.8142032641866667,1.3457551971740749,0.5946860011020031,2.6801,ok,5836269888,1,4.55804,ok,5836273886,1,3.47217,ok,5836277886,1,5.95351,ok,5836281886,1
2026-09-06T08:09:58.382235+00:00,19.378531982,246570,5836287964,5836304019,15,True,15,1.12914,1.73162,1.8522559666200369,1.7846557505228904,1.1291427967733338,1.7316149310814823,0.2597596033360123,2.70121,ok,5836291888,1,4.59617,ok,5836295886,1,3.47587,ok,5836299886,1,5.05479,ok,5836303886,1
2026-09-06T08:09:58.405214+00:00,19.401510969,246571,5836310220,5836327019,15,True,15,1.14926,1.77468,1.8729122294384888,1.8261020740106768,1.1492637278166666,1.7746782051740753,0.26167330042934944,2.65361,ok,5836314888,1,4.60822,ok,5836318886,1,3.465,ok,5836322886,1,4.91327,ok,5836326886,1
2026-09-06T08:09:58.427236+00:00,19.423532522,246572,5836332474,5836349019,15,True,15,1.1676,1.79963,1.889865323652936,1.8496893895334965,1.1676018880033334,1.7996356143703707,0.26238974369588985,2.68998,ok,5836336888,1,4.60583,ok,5836340886,1,3.45586,ok,5836344886,1,4.89485,ok,5836348886,1
2026-09-06T08:09:58.449235+00:00,19.445532603,246573,5836354727,5836371019,15,True,15,1.17151,1.78849,1.8927922000377848,1.8390640767307316,1.1715134428099998,1.7884864911777787,0.25336198782006963,2.65661,ok,5836358888,1,4.60043,ok,5836362886,1,3.46882,ok,5836366886,1,4.86565,ok,5836370886,1
2026-09-06T08:09:58.477341+00:00,19.473634416,246574,5836382592,5836399019,15,True,15,1.1458,1.77625,1.8703460746678258,1.8277961023680795,1.1457949399833343,1.7762456513592595,0.2647480590845345,2.65638,ok,5836386888,1,4.6295,ok,5836390886,1,3.48626,ok,5836394886,1,4.90187,ok,5836398886,1
2026-09-06T08:09:58.499276+00:00,19.495570974,246575,5836404854,5836421019,15,True,15,1.17766,1.77992,1.8976094872530023,1.8308050055712042,1.1776561233800003,1.7799204738,0.2444509339323202,2.66494,ok,5836408887,1,4.60773,ok,5836412886,1,3.49835,ok,5836416886,1,4.86315,ok,5836420886,1
2026-09-06T08:09:58.521249+00:00,19.517545742,246576,5836427109,5836443019,15,True,15,1.18882,1.78583,1.9071592434455666,1.8361532177488142,1.1888252068099994,1.7858260260111116,0.240446604614634,2.68304,ok,5836430888,1,4.59152,ok,5836434886,1,3.48538,ok,5836438886,1,4.86995,ok,5836442886,1
2026-09-06T08:09:58.544250+00:00,19.540546586,246577,5836449362,5836466019,15,True,15,1.17785,1.78801,1.8980232322534871,1.8384515659637273,1.1778431743066664,1.7880104239518528,0.2489216304597813,2.66491,ok,5836453887,1,4.59323,ok,5836457886,1,3.46902,ok,5836461886,1,4.86896,ok,5836465886,1
2026-09-06T08:09:58.566229+00:00,19.56252641,246578,5836471621,5836488019,15,True,15,1.17974,1.77657,1.8986213105813339,1.8272971121408392,1.179743421086667,1.7765743711629634,0.24149998345473483,2.70064,ok,5836475888,1,4.59361,ok,5836479886,1,3.48705,ok,5836483886,1,4.91443,ok,5836487886,1
2026-09-06T08:09:58.588272+00:00,19.584568731,246579,5836493878,5836510019,15,True,15,1.14635,1.78565,1.871218790059258,1.836739485351006,1.14634516986,1.78565864638889,0.2691328372592857,2.68256,ok,5836497888,1,4.63405,ok,5836501886,1,3.48094,ok,5836505886,1,4.9163,ok,5836509886,1
2026-09-06T08:09:58.610219+00:00,19.606516714,246580,5836516139,5836532019,15,True,15,1.161,1.78426,1.883310063526857,1.8350379403026489,1.1609997426266672,1.7842618444740745,0.2583747138799763,2.70068,ok,5836519888,1,4.61688,ok,5836523886,1,3.48098,ok,5836527886,1,4.92376,ok,5836531886,1
2026-09-06T08:09:58.633259+00:00,19.629556215,246581,5836538395,5836555019,15,True,15,1.13939,1.75711,1.863650279387336,1.8094905096611025,1.1393925601200001,1.7571067530777782,0.2607719082142919,2.65977,ok,5836542888,1,4.63131,ok,5836546886,1,3.50414,ok,5836550886,1,4.93436,ok,5836554886,1
2026-09-06T08:09:58.655245+00:00,19.651541575,246582,5836560649,5836577019,15,True,15,1.18125,1.76659,1.899061883131778,1.817580646427227,1.1812519844700002,1.7665875867555558,0.23534187630873604,2.70158,ok,5836564888,1,4.57915,ok,5836568886,1,3.48308,ok,5836572886,1,4.93499,ok,5836576886,1
2026-09-06T08:09:58.677249+00:00,19.673545784,246583,5836582901,5836599019,15,True,15,1.15363,1.77726,1.8768512482699604,1.8285469502524903,1.1536270113100004,1.7772612038000009,0.2598049014037068,2.66588,ok,5836586888,1,4.6163,ok,5836590886,1,3.47867,ok,5836594886,1,4.90772,ok,5836598886,1
2026-09-06T08:09:58.710254+00:00,19.706551281,246584,5836605159,5836632019,15,True,15,1.1639,1.76867,1.8846964864587576,1.8199732532485315,1.1638967307500008,1.7686707716444454,0.24847946453853403,2.67788,ok,5836609888,1,4.59403,ok,5836613886,1,3.47506,ok,5836617886,1,4.92859,ok,5836631886,2
2026-09-06T08:09:58.727250+00:00,19.72354729,246585,5836632819,5836649019,15,True,15,1.15418,1.7797,1.8772081777839735,1.8307505586695076,1.1541810609933336,1.7796964340259274,0.26077977402625696,2.68865,ok,5836636892,1,4.61342,ok,5836640886,1,3.47249,ok,5836644886,1,4.93185,ok,5836648886,1
2026-09-06T08:09:58.759257+00:00,19.755554488,246586,5836655076,5836681019,15,True,15,1.16017,1.76041,1.8812761246726613,1.8122256470815512,1.1601659250699998,1.760410007911112,0.24708152071289619,2.66172,ok,5836658888,1,4.60279,ok,5836672886,2,3.49194,ok,5836676886,1,4.91801,ok,5836680886,1
2026-09-06T08:09:58.798248+00:00,19.794545331,246587,5836703805,5836720019,15,True,15,1.17994,1.78786,1.899706738011379,1.8382273304018644,1.1799415102200008,1.7878556157888894,0.2474821481326899,2.68633,ok,5836707888,1,4.59868,ok,5836711886,1,3.47945,ok,5836715886,1,4.88317,ok,5836719886,1
2026-09-06T08:09:58.826252+00:00,19.822549573,246588,5836731692,5836748019,15,True,15,1.20155,1.77696,1.9176240752061173,1.8275384912219461,1.2015514782000005,1.776961961022223,0.2268943935856383,2.66414,ok,5836735888,1,4.58216,ok,5836739886,1,3.50272,ok,5836743886,1,4.83998,ok,5836747886,1
2026-09-06T08:09:58.848254+00:00,19.844551605,246589,5836753955,5836770019,15,True,15,1.22907,1.8021,1.9421641429584535,1.851044472461709,1.2290689568599997,1.8020955580111124,0.22607886276012817,2.71891,ok,5836757887,1,4.57012,ok,5836761886,1,3.49397,ok,5836765886,1,4.83205,ok,5836769886,1
2026-09-06T08:09:58.871268+00:00,19.867565313,246590,5836776209,5836793019,15,True,15,1.20175,1.79073,1.9185453867534767,1.8407006373056292,1.2017573885666668,1.7907286159074078,0.23499229611617103,2.65741,ok,5836780888,1,4.57236,ok,5836784886,1,3.47239,ok,5836788886,1,4.82861,ok,5836792886,1
2026-09-06T08:09:58.893252+00:00,19.889548913,246591,5836798459,5836815019,15,True,15,1.21665,1.80608,1.9322224046592076,1.855230456019786,1.2166571142000004,1.8060757133777787,0.23579542469781936,2.70586,ok,5836802887,1,4.59378,ok,5836806886,1,3.5021,ok,5836810886,1,4.81692,ok,5836814886,1
2026-09-06T08:09:58.915250+00:00,19.911547298,246592,5836820713,5836837020,15,True,15,1.18906,1.78089,1.9073430917419911,1.8315463075022145,1.1890575035500006,1.780886520066667,0.23733906010585443,2.6674,ok,5836824888,1,4.5995,ok,5836828886,1,3.50257,ok,5836832886,1,4.84928,ok,5836836886,1
2026-09-06T08:09:58.937243+00:00,19.93354021,246593,5836842972,5836859019,15,True,15,1.20851,1.77887,1.9232872213000802,1.8290826872289503,1.2085159220300001,1.778868705811111,0.2236488278825834,2.69899,ok,5836846888,1,4.57483,ok,5836850886,1,3.50063,ok,5836854886,1,4.86928,ok,5836858886,1
2026-09-06T08:09:58.960265+00:00,19.956562206,246594,5836865231,5836882019,15,True,15,1.18434,1.79183,1.903992730317661,1.8421106525241169,1.1843445834933333,1.791825458725927,0.24673582641455485,2.66663,ok,5836869888,1,4.60185,ok,5836873886,1,3.48483,ok,5836877886,1,4.84577,ok,5836881886,1
2026-09-06T08:09:58.982247+00:00,19.978544366,246595,5836887488,5836904019,15,True,15,1.20658,1.8121,1.9238166486958657,1.8610744749650092,1.20657463147,1.8121026695000009,0.24577402575237087,2.70041,ok,5836891888,1,4.58602,ok,5836895886,1,3.46964,ok,5836899886,1,4.83347,ok,5836903886,1
2026-09-06T08:09:59.004259+00:00,20.000556383,246596,5836909742,5836926019,15,True,15,1.16448,1.79329,1.8873776066067418,1.843913768187004,1.1644756880799998,1.7932906995000004,0.2606214835842876,2.66002,ok,5836913888,1,4.62406,ok,5836917886,1,3.48383,ok,5836921886,1,4.85699,ok,5836925886,1
2026-09-06T08:09:59.026262+00:00,20.022559216,246597,5836931994,5836948020,15,True,15,1.19506,1.7826,1.9118113869906355,1.8327406919369504,1.1950592100066666,1.7825930136851853,0.2346932056527829,2.71757,ok,5836935888,1,4.58016,ok,5836939886,1,3.48355,ok,5836943886,1,4.90897,ok,5836947886,1
2026-09-06T08:09:59.049258+00:00,20.045555259,246598,5836954253,5836971019,15,True,15,1.17079,1.78334,1.8918270538250728,1.834119478905962,1.1707927562966671,1.7833407923629634,0.2510484622018144,2.66476,ok,5836958888,1,4.60342,ok,5836962886,1,3.47841,ok,5836966886,1,4.87796,ok,5836970886,1
2026-09-06T08:09:59.071228+00:00,20.067524523,246599,5836976513,5836993019,15,True,15,1.13328,1.73912,1.856379906845305,1.7918643896215802,1.1332777647299996,1.7391199474777783,0.25902121455783694,2.71062,ok,5836980888,1,4.60755,ok,5836984886,1,3.48715,ok,5836988886,1,5.03962,ok,5836992886,1
2026-09-06T08:09:59.093235+00:00,20.089532123,246600,5836998769,5837015019,15,True,15,1.07182,1.70183,1.801975070970243,1.757088331099368,1.071823458826667,1.701826077218519,0.29816265784682416,2.6615,ok,5837002888,1,4.63214,ok,5837006886,1,3.47973,ok,5837010886,1,5.11933,ok,5837014886,1
2026-09-06T08:09:59.115261+00:00,20.111558573,246601,5837021024,5837037019,15,True,15,1.07957,1.71617,1.8093414527099299,1.7706896386185889,1.0795692703800002,1.7161725908111118,0.2949471659801849,2.69625,ok,5837024888,1,4.64076,ok,5837028886,1,3.48379,ok,5837032886,1,5.12015,ok,5837036886,1
2026-09-06T08:09:59.138252+00:00,20.134548856,246602,5837043277,5837060019,15,True,15,1.13471,1.79655,1.8624890228321616,1.847603451161582,1.1347130525200002,1.7965479335555565,0.2825812477379514,2.64672,ok,5837047888,1,4.65138,ok,5837051886,1,3.47326,ok,5837055886,1,4.8746,ok,5837059886,1
2026-09-06T08:09:59.166262+00:00,20.162559178,246603,5837071582,5837088019,15,True,15,1.17929,1.79299,1.8998224139695523,1.8433392649892781,1.1792889482566669,1.7929962498407412,0.2506934975534984,2.66013,ok,5837075888,1,4.60524,ok,5837079886,1,3.48054,ok,5837083886,1,4.84475,ok,5837087886,1
2026-09-06T08:09:59.188273+00:00,20.184570683,246604,5837093845,5837110019,15,True,15,1.16216,1.80073,1.8860676556983937,1.8511884992066658,1.1621595375966667,1.8007333669296304,0.26625909057341024,2.67036,ok,5837097887,1,4.64385,ok,5837101886,1,3.49719,ok,5837105886,1,4.84732,ok,5837109886,1
2026-09-06T08:09:59.210259+00:00,20.206556779,246605,5837116100,5837132020,15,True,15,1.18592,1.77341,1.9037539424126624,1.824203951723048,1.1859166259266671,1.7734124662629631,0.2355469669925066,2.68475,ok,5837119888,1,4.5843,ok,5837123886,1,3.48773,ok,5837127886,1,4.89601,ok,5837131886,1
2026-09-06T08:09:59.233292+00:00,20.229589752,246606,5837138354,5837155019,15,True,15,1.17484,1.79167,1.8956682639138849,1.841994998236413,1.174845934850001,1.7916696228111115,0.25299644879693256,2.69482,ok,5837142887,1,4.61107,ok,5837146886,1,3.48359,ok,5837150886,1,4.88776,ok,5837154886,1
2026-09-06T08:09:59.255275+00:00,20.251571816,246607,5837160613,5837177020,15,True,15,1.1584,1.7652,1.8797515090612515,1.8167015905097073,1.1583985445466674,1.765201363274075,0.2507822816506474,2.68546,ok,5837164888,1,4.59908,ok,5837168886,1,3.47832,ok,5837172886,1,4.94642,ok,5837176886,1
2026-09-06T08:09:59.277282+00:00,20.273579,246608,5837182871,5837199019,15,True,15,1.16307,1.78095,1.8848713202638743,1.8318317252376612,1.1630692449100002,1.7809520661666671,0.2552070689438885,2.68885,ok,5837186888,1,4.60867,ok,5837190886,1,3.47735,ok,5837194886,1,4.91732,ok,5837198886,1
2026-09-06T08:09:59.316277+00:00,20.312574579,246609,5837221915,5837238019,15,True,15,1.1691,1.76666,1.8893236027062772,1.8181178043105248,1.1691015922599999,1.7666608627000004,0.24361351419481736,2.64684,ok,5837225888,1,4.59159,ok,5837229886,1,3.48192,ok,5837233886,1,4.88844,ok,5837237886,1
2026-09-06T08:09:59.338237+00:00,20.334534338,246610,5837244169,5837260019,15,True,15,1.17849,1.77511,1.8973138437986328,1.8258381984719023,1.1784902800500001,1.7751091082666672,0.24165416388961233,2.70045,ok,5837247888,1,4.5853,ok,5837251886,1,3.47619,ok,5837255886,1,4.92586,ok,5837259886,1
2026-09-06T08:09:59.361306+00:00,20.357600815,246611,5837266422,5837283019,15,True,15,1.17897,1.74928,1.8963708372580286,1.8011577356907225,1.1789739163099997,1.749286643900001,0.22841070373749953,2.66667,ok,5837270888,1,4.57863,ok,5837274886,1,3.50143,ok,5837278886,1,4.91786,ok,5837282886,1
2026-09-06T08:09:59.383272+00:00,20.379569631,246612,5837288688,5837305019,15,True,15,1.19857,1.78247,1.9149841544877544,1.8326620502690871,1.1985675132533335,1.7824701784481485,0.2322417873095354,2.70062,ok,5837292888,1,4.57936,ok,5837296886,1,3.48769,ok,5837300886,1,4.88391,ok,5837304886,1
2026-09-06T08:09:59.405259+00:00,20.401556303,246613,5837310942,5837327019,15,True,15,1.19652,1.76874,1.9129038480007505,1.8197556115543536,1.1965154846066661,1.768738422185186,0.2255984885008599,2.65856,ok,5837314888,1,4.58655,ok,5837318886,1,3.51183,ok,5837322886,1,4.84773,ok,5837326886,1
2026-09-06T08:09:59.427273+00:00,20.423570592,246614,5837333199,5837349019,15,True,15,1.17707,1.78668,1.8972992322836888,1.83719811008152,1.1770657379733331,1.7866826785592602,0.24868621130182786,2.68807,ok,5837336888,1,4.60837,ok,5837340886,1,3.48964,ok,5837344886,1,4.88292,ok,5837348886,1
2026-09-06T08:09:59.450279+00:00,20.446576684,246615,5837355454,5837372019,15,True,15,1.17627,1.79239,1.8971637652121365,1.84276945196967,1.1762764398700005,1.792383390933334,0.2523483860492607,2.66428,ok,5837359888,1,4.60631,ok,5837363886,1,3.47842,ok,5837367886,1,4.85507,ok,5837371886,1
2026-09-06T08:09:59.472305+00:00,20.468599485,246616,5837377707,5837394019,15,True,15,1.18669,1.79235,1.905772763861523,1.842454597700458,1.1866878790433337,1.7923421769481493,0.24562404371160373,2.68748,ok,5837381888,1,4.59765,ok,5837385886,1,3.48198,ok,5837389886,1,4.86743,ok,5837393886,1
2026-09-06T08:09:59.500314+00:00,20.496610063,246617,5837405586,5837422019,15,True,15,1.2057,1.7679,1.9202232735189175,1.818601533626447,1.2056965841933338,1.7678989693814817,0.21916779411728213,2.67036,ok,5837409888,1,4.56035,ok,5837413886,1,3.4918,ok,5837417886,1,4.86722,ok,5837421886,1
2026-09-06T08:09:59.522244+00:00,20.518541566,246618,5837427849,5837444019,15,True,15,1.17739,1.80406,1.898743725377628,1.8539180175460515,1.1773916710700005,1.8040598083000003,0.25850810317972006,2.68673,ok,5837431887,1,4.61361,ok,5837435886,1,3.47459,ok,5837439886,1,4.85976,ok,5837443886,1
2026-09-06T08:09:59.544266+00:00,20.540563887,246619,5837450104,5837466019,15,True,15,1.18295,1.77423,1.9013904619598303,1.825090571959931,1.182947992013334,1.7742340023814822,0.23795972749897434,2.67395,ok,5837453888,1,4.58683,ok,5837457886,1,3.48574,ok,5837461886,1,4.88712,ok,5837465886,1
2026-09-06T08:09:59.567264+00:00,20.563561531,246620,5837472357,5837489019,15,True,15,1.17109,1.77603,1.891647483555785,1.8270978019126987,1.1710955940866667,1.7760233324851862,0.24694429353054517,2.67313,ok,5837476887,1,4.60866,ok,5837480886,1,3.49521,ok,5837484886,1,4.88829,ok,5837488886,1
2026-09-06T08:09:59.589272+00:00,20.585568939,246621,5837494616,5837511019,15,True,15,1.21281,1.78451,1.9271965643416034,1.8343847393170927,1.2128113074100004,1.784506447622222,0.22436489564141787,2.69033,ok,5837498888,1,4.56123,ok,5837502886,1,3.48172,ok,5837506886,1,4.85841,ok,5837510886,1
2026-09-06T08:09:59.611247+00:00,20.607543739,246622,5837516874,5837533019,15,True,15,1.18022,1.77744,1.899666933621213,1.8284016786574981,1.1802185435733343,1.777442371248148,0.24134981745490303,2.66724,ok,5837520888,1,4.60896,ok,5837524886,1,3.50681,ok,5837528886,1,4.86153,ok,5837532886,1
2026-09-06T08:09:59.633251+00:00,20.629548236,246623,5837539134,5837555020,15,True,15,1.19108,1.77824,1.9084044281264696,1.828736059170031,1.1910781145533336,1.778234861503705,0.2347325435927142,2.69357,ok,5837542888,1,4.58364,ok,5837546886,1,3.48804,ok,5837550886,1,4.89134,ok,5837554886,1
2026-09-06T08:09:59.656283+00:00,20.652580536,246624,5837561391,5837578019,15,True,15,1.18705,1.7871,1.9058401513155325,1.8374566740564675,1.1870558065333339,1.7871028176037043,0.2422962114281001,2.68756,ok,5837565888,1,4.6019,ok,5837569886,1,3.49487,ok,5837573886,1,4.86759,ok,5837577886,1
2026-09-06T08:09:59.678254+00:00,20.674551208,246625,5837583646,5837600019,15,True,15,1.21456,1.79013,1.9289921603050333,1.8397443855318154,1.2145572026033338,1.7901361884481488,0.2268078330926367,2.70669,ok,5837587888,1,4.5676,ok,5837591886,1,3.4853,ok,5837595886,1,4.86179,ok,5837599886,1
2026-09-06T08:09:59.700270+00:00,20.696567481,246626,5837605899,5837622019,15,True,15,1.16369,1.75125,1.8835678307311674,1.8033095076162955,1.1636885438700009,1.7512460754111117,0.24045680522207963,2.65601,ok,5837609888,1,4.58829,ok,5837613886,1,3.48971,ok,5837617886,1,4.9266,ok,5837621886,1
2026-09-06T08:09:59.723266+00:00,20.719562788,246627,5837628158,5837645019,15,True,15,1.20464,1.79029,1.9207129129802856,1.8401125943556382,1.2046417362333337,1.7902898161703709,0.23301107420659967,2.70114,ok,5837632888,1,4.58029,ok,5837636886,1,3.48753,ok,5837640886,1,4.86393,ok,5837644886,1
2026-09-06T08:09:59.745404+00:00,20.741699768,246628,5837650419,5837667019,15,True,15,1.16308,1.79296,1.8858191889764981,1.843449296477805,1.1630813885766669,1.7929583467185193,0.26154440561653075,2.6584,ok,5837654888,1,4.60314,ok,5837658886,1,3.45443,ok,5837662886,1,4.87822,ok,5837666886,1
2026-09-06T08:09:59.767295+00:00,20.763591238,246629,5837672674,5837689019,15,True,15,1.15563,1.80388,1.8800911670228018,1.8540129457446597,1.1556373348866666,1.80387938432963,0.2726577038130101,2.70564,ok,5837676888,1,4.63215,ok,5837680886,1,3.46818,ok,5837684886,1,4.9078,ok,5837688886,1
2026-09-06T08:09:59.789295+00:00,20.785592567,246630,5837694929,5837711019,15,True,15,1.16845,1.7494,1.8876179713185608,1.80152014190802,1.1684441956433336,1.749399040092593,0.23606276797191073,2.65341,ok,5837698888,1,4.5904,ok,5837702886,1,3.50166,ok,5837706886,1,4.91385,ok,5837710886,1
2026-09-06T08:09:59.830278+00:00,20.826575398,246631,5837735945,5837752019,15,True,15,1.17453,1.7775,1.894182814738997,1.8282311511931102,1.1745321322133335,1.7774952252148146,0.245594878260066,2.69529,ok,5837739888,1,4.59053,ok,5837743886,1,3.47431,ok,5837747886,1,4.92119,ok,5837751886,1
2026-09-06T08:09:59.858288+00:00,20.854584665,246632,5837763698,5837780019,15,True,15,1.16171,1.78202,1.8841527267770126,1.8330595075892342,1.1617130626733336,1.7820275126481495,0.2565157163933587,2.67361,ok,5837767888,1,4.6228,ok,5837771886,1,3.49273,ok,5837775886,1,4.88913,ok,5837779886,1
2026-09-06T08:09:59.880267+00:00,20.876564329,246633,5837785960,5837802019,15,True,15,1.18419,1.78423,1.902726150261259,1.834511163046525,1.1841858498199997,1.7842331922111119,0.24278631407465776,2.7014,ok,5837789887,1,4.58231,ok,5837793886,1,3.46862,ok,5837797886,1,4.90976,ok,5837801886,1
2026-09-06T08:09:59.902324+00:00,20.898618331,246634,5837808214,5837824019,15,True,15,1.16541,1.78438,1.8871562180213994,1.8351205801675867,1.1654152059366667,1.784377278607408,0.25535856022250497,2.66908,ok,5837811888,1,4.60025,ok,5837815886,1,3.46512,ok,5837819886,1,4.89571,ok,5837823886,1
2026-09-06T08:09:59.925248+00:00,20.921544324,246635,5837830465,5837847020,15,True,15,1.18552,1.76343,1.90249702816837,1.8144811647490053,1.1855263445166668,1.7634295759518528,0.2307434682021186,2.7044,ok,5837834887,1,4.57725,ok,5837838886,1,3.49079,ok,5837842886,1,4.93406,ok,5837846886,1
2026-09-06T08:09:59.947294+00:00,20.943590102,246636,5837852718,5837869019,15,True,15,1.15148,1.77349,1.87478419540762,1.8249555305935492,1.151482764043333,1.7734906264370374,0.2594801502928553,2.66814,ok,5837856888,1,4.6184,ok,5837860886,1,3.48325,ok,5837864886,1,4.91602,ok,5837868886,1
2026-09-06T08:09:59.969287+00:00,20.965583942,246637,5837874977,5837891019,15,True,15,1.17136,1.77687,1.8916386195184238,1.827769570152772,1.1713614995800006,1.776869265944445,0.24735214397633917,2.69398,ok,5837878888,1,4.60349,ok,5837882886,1,3.48768,ok,5837886886,1,4.91466,ok,5837890886,1
2026-09-06T08:10:00.001287+00:00,20.997583396,246638,5837897238,5837923019,15,True,15,1.16436,1.78272,1.8859912967659056,1.8334660458987255,1.1643612274500001,1.7827187715555566,0.255286854810518,2.70583,ok,5837910888,2,4.61248,ok,5837914886,1,3.48197,ok,5837918886,1,4.92812,ok,5837922886,1
2026-09-06T08:10:00.018276+00:00,21.014573006,246639,5837923697,5837940019,15,True,15,1.15466,1.75665,1.8762975855886528,1.8086698748780865,1.1546565733866665,1.7566473842185195,0.2494487094101342,2.65693,ok,5837927892,1,4.60029,ok,5837931886,1,3.4856,ok,5837935886,1,4.9298,ok,5837939886,1
2026-09-06T08:10:00.040300+00:00,21.036596351,246640,5837945952,5837962019,15,True,15,1.16633,1.78726,1.8880540372286527,1.837846254314279,1.1663348471133337,1.7872624046592593,0.2563154538468065,2.71179,ok,5837949888,1,4.62088,ok,5837953886,1,3.49006,ok,5837957886,1,4.91864,ok,5837961886,1
2026-09-06T08:10:00.062302+00:00,21.058599024,246641,5837968204,5837984019,15,True,15,1.17569,1.76298,1.8944766321421498,1.8143781724484014,1.1756909622599998,1.7629810506888899,0.2372485629230417,2.66902,ok,5837971888,1,4.58605,ok,5837975886,1,3.48883,ok,5837979886,1,4.90763,ok,5837983886,1
2026-09-06T08:10:00.085301+00:00,21.081598395,246642,5837990463,5838007019,15,True,15,1.16855,1.80027,1.890844445840418,1.8503502314912237,1.1685442590300006,1.8002707988666673,0.2620727687527333,2.71316,ok,5837994888,1,4.62698,ok,5837998886,1,3.48453,ok,5838002886,1,4.89798,ok,5838006886,1
2026-09-06T08:10:00.107288+00:00,21.103585355,246643,5838012721,5838029019,15,True,15,1.15493,1.76743,1.877150084211267,1.8189994175308122,1.1549276646366666,1.7674346408962966,0.25421629516058913,2.66565,ok,5838016888,1,4.60289,ok,5838020886,1,3.47548,ok,5838024886,1,4.92639,ok,5838028886,1
2026-09-06T08:10:00.129281+00:00,21.125578524,246644,5838034977,5838051020,15,True,15,1.15603,1.80002,1.8801018294047045,1.8502647837494746,1.156023449896667,1.8000200191629634,0.2702727115424476,2.68766,ok,5838038888,1,4.61652,ok,5838042886,1,3.45287,ok,5838046886,1,4.90552,ok,5838050886,1
2026-09-06T08:10:00.151292+00:00,21.147589516,246645,5838057232,5838073019,15,True,15,1.16537,1.79501,1.8880406629211828,1.8454540056126145,1.1653731562899994,1.7950116211666676,0.2610796847833518,2.66856,ok,5838060888,1,4.6161,ok,5838064886,1,3.47232,ok,5838068886,1,4.87047,ok,5838072886,1
2026-09-06T08:10:00.174285+00:00,21.170581816,246646,5838079484,5838096019,15,True,15,1.15387,1.80122,1.8785759920239522,1.8515617810123333,1.153871931823334,1.8012233373703708,0.27227478005276157,2.69475,ok,5838083888,1,4.63591,ok,5838087886,1,3.4741,ok,5838091886,1,4.89829,ok,5838095886,1
2026-09-06T08:10:00.202288+00:00,21.198584202,246647,5838107573,5838124019,15,True,15,1.20558,1.80447,1.9224808162630718,1.8537589417929983,1.2055815610833334,1.804475608314815,0.2413604084619291,2.72151,ok,5838111888,1,4.59771,ok,5838115886,1,3.49349,ok,5838119886,1,4.85514,ok,5838123886,1
2026-09-06T08:10:00.224287+00:00,21.220584091,246648,5838129834,5838146019,15,True,15,1.18457,1.78504,1.9036941448585722,1.835567547810752,1.18456487869,1.7850457449333346,0.24271615848935407,2.67487,ok,5838133887,1,4.6022,ok,5838137886,1,3.49435,ok,5838141886,1,4.86034,ok,5838145886,1
2026-09-06T08:10:00.246310+00:00,21.242604972,246649,5838152089,5838168019,15,True,15,1.20281,1.77882,1.9183465920926372,1.8290854877647844,1.2028112077666666,1.778822765062964,0.22735737311174914,2.69687,ok,5838155888,1,4.5726,ok,5838159886,1,3.48961,ok,5838163886,1,4.88077,ok,5838167886,1
2026-09-06T08:10:00.269293+00:00,21.265589527,246650,5838174342,5838191019,15,True,15,1.19473,1.78888,1.9123591515535898,1.8389911217606267,1.1947261412200012,1.7888806095333336,0.2383997647554688,2.66047,ok,5838178887,1,4.5737,ok,5838182886,1,3.46642,ok,5838186886,1,4.84696,ok,5838190886,1
2026-09-06T08:10:00.291267+00:00,21.287563879,246651,5838196596,5838213019,15,True,15,1.18362,1.79026,1.9027649498669417,1.8403796834824677,1.1836189271633337,1.790264477014816,0.24653317600733854,2.69532,ok,5838200888,1,4.58828,ok,5838204886,1,3.46787,ok,5838208886,1,4.8931,ok,5838212886,1
2026-09-06T08:10:00.333290+00:00,21.329587154,246652,5838238414,5838255019,15,True,15,1.18533,1.79715,1.9049446789370856,1.8471038648063929,1.1853312606,1.7971497302333341,0.2493374690794216,2.69775,ok,5838242888,1,4.60655,ok,5838246886,1,3.48558,ok,5838250886,1,4.86872,ok,5838254886,1
2026-09-06T08:10:00.355257+00:00,21.351554274,246653,5838260677,5838277019,15,True,15,1.1929,1.7706,1.9093887654788857,1.8213390883689524,1.1929023078033334,1.7706054584037048,0.22934069838606375,2.67543,ok,5838264888,1,4.5656,ok,5838268886,1,3.47682,ok,5838272886,1,4.89159,ok,5838276886,1
2026-09-06T08:10:00.377288+00:00,21.373585203,246654,5838282932,5838299019,15,True,15,1.17571,1.77553,1.8953345688199166,1.8264460536372957,1.175718215233333,1.775523808203704,0.24360023957801327,2.67757,ok,5838286888,1,4.59508,ok,5838290886,1,3.48457,ok,5838294886,1,4.89693,ok,5838298886,1
2026-09-06T08:10:00.399272+00:00,21.395569412,246655,5838305184,5838321019,15,True,15,1.16095,1.80239,1.884923766662007,1.8526976029876583,1.1609456141866663,1.8023916911407416,0.26810580664689415,2.67922,ok,5838308888,1,4.63722,ok,5838312886,1,3.4845,ok,5838316886,1,4.86438,ok,5838320886,1
2026-09-06T08:10:00.422293+00:00,21.4185908,246656,5838327443,5838344020,15,True,15,1.15912,1.78907,1.8822196498827222,1.8397799424218968,1.1591153792000004,1.789065336177778,0.2621112433590043,2.69371,ok,5838331888,1,4.62719,ok,5838335886,1,3.48575,ok,5838339886,1,4.90585,ok,5838343886,1
2026-09-06T08:10:00.444297+00:00,21.4405944,246657,5838349704,5838366019,15,True,15,1.14221,1.78143,1.867590962472444,1.832812535341185,1.1422046450200003,1.7814247683666669,0.2698470880542065,2.65721,ok,5838353888,1,4.6315,ok,5838357886,1,3.47707,ok,5838361886,1,4.90345,ok,5838365886,1
2026-09-06T08:10:00.476288+00:00,21.472585694,246658,5838371961,5838398019,15,True,15,1.16485,1.77283,1.8863781771569719,1.8242315388313044,1.1648550188833333,1.7728208901814817,0.24952872285883956,2.64993,ok,5838375888,1,4.61378,ok,5838379886,1,3.49716,ok,5838393886,2,4.87389,ok,5838397886,1
2026-09-06T08:10:00.493264+00:00,21.489561607,246659,5838398696,5838415019,15,True,15,1.16836,1.79153,1.8905059320757223,1.8421335508061667,1.1683615142933335,1.7915318486259266,0.25707036280752427,2.67204,ok,5838402892,1,4.62406,ok,5838406886,1,3.49167,ok,5838410886,1,4.86381,ok,5838414886,1
2026-09-06T08:10:00.515307+00:00,21.511602681,246660,5838420949,5838437019,15,True,15,1.13167,1.78647,1.8591600761667981,1.8379206683355749,1.1316719228066667,1.786471315340741,0.279689127287553,2.63491,ok,5838424888,1,4.63938,ok,5838428886,1,3.46588,ok,5838432886,1,4.88876,ok,5838436886,1
2026-09-06T08:10:00.543317+00:00,21.539613803,246661,5838448571,5838465019,15,True,15,1.19059,1.77551,1.9080522986981872,1.826236291037764,1.1905925368833334,1.77550974075926,0.23343097229265725,2.68919,ok,5838452888,1,4.59506,ok,5838456886,1,3.50584,ok,5838460886,1,4.87929,ok,5838464886,1
2026-09-06T08:10:00.565300+00:00,21.561596795,246662,5838470831,5838487020,15,True,15,1.16409,1.78455,1.8866299789845193,1.83559375434415,1.164090191966667,1.7845579104074076,0.2560640190240416,2.64889,ok,5838474887,1,4.62474,ok,5838478886,1,3.49544,ok,5838482886,1,4.85306,ok,5838486886,1
2026-09-06T08:10:00.587307+00:00,21.58360334,246663,5838493088,5838509019,15,True,15,1.20277,1.78933,1.918957558873626,1.8391739525913686,1.202767409466667,1.7893323894518525,0.23364901850859193,2.71223,ok,5838496888,1,4.58205,ok,5838500886,1,3.48839,ok,5838504886,1,4.87933,ok,5838508886,1
2026-09-06T08:10:00.610261+00:00,21.606558102,246664,5838515341,5838532019,15,True,15,1.17322,1.77728,1.8937453470213987,1.8283814567512673,1.1732154942300004,1.7772874735888902,0.24603443970993039,2.64157,ok,5838519887,1,4.6019,ok,5838523886,1,3.4877,ok,5838527886,1,4.85473,ok,5838531886,1
2026-09-06T08:10:00.632280+00:00,21.628577127,246665,5838537595,5838554019,15,True,15,1.195,1.78012,1.911807208221224,1.8304681627729285,1.1949961390566675,1.7801248470518523,0.23322379606329766,2.69066,ok,5838541888,1,4.57635,ok,5838545886,1,3.48164,ok,5838549886,1,4.88521,ok,5838553886,1
2026-09-06T08:10:00.654302+00:00,21.650598745,246666,5838559853,5838576019,15,True,15,1.17961,1.78477,1.8998457022596413,1.8355641742471682,1.179609037066667,1.7847736503407412,0.24568042099103513,2.66001,ok,5838563888,1,4.62007,ok,5838567886,1,3.51115,ok,5838571886,1,4.83747,ok,5838575886,1
2026-09-06T08:10:00.676295+00:00,21.672591657,246667,5838582114,5838598019,15,True,15,1.17548,1.80471,1.896958259747819,1.854476692677612,1.175475347166667,1.8047077656074078,0.2602061293807437,2.70343,ok,5838585888,1,4.61312,ok,5838589886,1,3.47034,ok,5838593886,1,4.88204,ok,5838597886,1
2026-09-06T08:10:00.699272+00:00,21.695569748,246668,5838604370,5838621019,15,True,15,1.17138,1.79057,1.8932010179802803,1.8412562492539613,1.17138350269,1.7905754238000011,0.2544276267378478,2.65025,ok,5838608888,1,4.62023,ok,5838612886,1,3.49216,ok,5838616886,1,4.83821,ok,5838620886,1
2026-09-06T08:10:00.721268+00:00,21.717564932,246669,5838626630,5838643020,15,True,15,1.21502,1.78904,1.9296046207170159,1.8388238567898842,1.21501616721,1.7890414888111124,0.2257248218095342,2.68814,ok,5838630888,1,4.57371,ok,5838634886,1,3.49537,ok,5838638886,1,4.83546,ok,5838642886,1
2026-09-06T08:10:00.743338+00:00,21.739631831,246670,5838648883,5838665019,15,True,15,1.15184,1.77666,1.8753639772309563,1.8280358335210047,1.1518413107300003,1.7766664842777788,0.26073593974819054,2.65072,ok,5838652888,1,4.61291,ok,5838656886,1,3.47237,ok,5838660886,1,4.89866,ok,5838664886,1
2026-09-06T08:10:00.766282+00:00,21.762579969,246671,5838671142,5838688019,15,True,15,1.20583,1.7933,1.9218808806369287,1.8429663558737308,1.2058297561133335,1.7932956708259262,0.23414113573265602,2.70855,ok,5838675888,1,4.58222,ok,5838679886,1,3.48789,ok,5838683886,1,4.86513,ok,5838687886,1
2026-09-06T08:10:00.788305+00:00,21.784602226,246672,5838693404,5838710019,15,True,15,1.14867,1.8142,1.8751195890881798,1.8641742978688445,1.1486697049933339,1.8141971017703715,0.28300841505000257,2.65581,ok,5838697888,1,4.62758,ok,5838701886,1,3.43852,ok,5838705886,1,4.8622,ok,5838709886,1
2026-09-06T08:10:00.810270+00:00,21.806567457,246673,5838715661,5838732019,15,True,15,1.18077,1.77511,1.8993839505390533,1.8258646463491486,1.1807752296166674,1.7751106827740746,0.2400228600918259,2.68923,ok,5838719888,1,4.58463,ok,5838723886,1,3.47859,ok,5838727886,1,4.90954,ok,5838731886,1
2026-09-06T08:10:00.849312+00:00,21.845608285,246674,5838754801,5838771019,15,True,15,1.19574,1.7533,1.9108460657986486,1.8047401719231442,1.1957405789133333,1.7533032845592604,0.2183030980797975,2.66393,ok,5838758888,1,4.56288,ok,5838762886,1,3.49965,ok,5838766886,1,4.89169,ok,5838770886,1
2026-09-06T08:10:00.877311+00:00,21.873607663,246675,5838782699,5838799019,15,True,15,1.16889,1.76451,1.8890766335938898,1.8160834834648398,1.1688869361166676,1.7645041546740747,0.24267038063984925,2.65545,ok,5838786888,1,4.60075,ok,5838790886,1,3.49646,ok,5838794886,1,4.89159,ok,5838798886,1
2026-09-06T08:10:00.899292+00:00,21.895588447,246676,5838804959,5838821019,15,True,15,1.17479,1.78573,1.8952413951755938,1.8362892300460283,1.1747877583166673,1.78572977682963,0.2497143119277098,2.68783,ok,5838808887,1,4.60618,ok,5838812886,1,3.48471,ok,5838816886,1,4.89026,ok,5838820886,1
2026-09-06T08:10:00.921275+00:00,21.917572111,246677,5838827212,5838843019,15,True,15,1.19836,1.77957,1.9147544829929297,1.8299391394646563,1.1983595087399996,1.77956773118889,0.2306355063178195,2.66828,ok,5838830888,1,4.56803,ok,5838834886,1,3.47626,ok,5838838886,1,4.86202,ok,5838842886,1
2026-09-06T08:10:00.944285+00:00,21.940582427,246678,5838849463,5838866019,15,True,15,1.18113,1.77319,1.899498585430959,1.8239819041307586,1.181125503433333,1.7731867203481484,0.23879191290729374,2.69406,ok,5838853887,1,4.58327,ok,5838857886,1,3.47979,ok,5838861886,1,4.91715,ok,5838865886,1
2026-09-06T08:10:00.966306+00:00,21.9626027,246679,5838871716,5838888019,15,True,15,1.19106,1.7713,1.9081004767901548,1.8221481440668417,1.1910568634166667,1.7713011097518527,0.2308539178909826,2.66795,ok,5838875888,1,4.57695,ok,5838879886,1,3.48817,ok,5838883886,1,4.87592,ok,5838887886,1
2026-09-06T08:10:00.988306+00:00,21.984603005,246680,5838893973,5838910020,15,True,15,1.14074,1.74143,1.8631975478950231,1.7941304911183862,1.1407407595666672,1.7414385905407415,0.2538998252928787,2.68566,ok,5838897888,1,4.60711,ok,5838901886,1,3.49427,ok,5838905886,1,4.99623,ok,5838909886,1
2026-09-06T08:10:01.011283+00:00,22.007579975,246681,5838916232,5838933019,15,True,15,1.14829,1.7328,1.8688293369290807,1.7856001745894514,1.1482957918299999,1.7328013780333336,0.24508745189534423,2.67931,ok,5838920888,1,4.58197,ok,5838924886,1,3.48313,ok,5838928886,1,5.00518,ok,5838932886,1
2026-09-06T08:10:01.033313+00:00,22.029609785,246682,5838938489,5838955019,15,True,15,1.13928,1.72277,1.8607068922809893,1.7761862497310434,1.1392759584333343,1.722766562525926,0.248650606041418,2.66293,ok,5838942888,1,4.58878,ok,5838946886,1,3.4921,ok,5838950886,1,5.0085,ok,5838954886,1
2026-09-06T08:10:01.055309+00:00,22.051605961,246683,5838960743,5838977019,15,True,15,1.16505,1.74869,1.884126710775091,1.8006208483467159,1.1650528197066667,1.748685837840742,0.23860679007975533,2.69362,ok,5838964888,1,4.58254,ok,5838968886,1,3.48741,ok,5838972886,1,4.97215,ok,5838976886,1
2026-09-06T08:10:01.077312+00:00,22.073609306,246684,5838982997,5838999019,15,True,15,1.1633,1.76901,1.8845328517322883,1.820461692543191,1.163301066703333,1.7690111021703714,0.24889000801431072,2.64931,ok,5838986888,1,4.59719,ok,5838990886,1,3.47794,ok,5838994886,1,4.89555,ok,5838998886,1
2026-09-06T08:10:01.100319+00:00,22.09661591,246685,5839005255,5839022019,15,True,15,1.22841,1.80612,1.942075779570244,1.855024050251651,1.2284137773066668,1.8061221699296302,0.22916150016144407,2.6953,ok,5839009888,1,4.57002,ok,5839013886,1,3.48771,ok,5839017886,1,4.80321,ok,5839021886,1
2026-09-06T08:10:01.122314+00:00,22.118611126,246686,5839027516,5839044019,15,True,15,1.1592,1.79027,1.8828581761254735,1.8411618782244916,1.1592040751200003,1.7902649553333345,0.26245168353605813,2.64164,ok,5839031888,1,4.62622,ok,5839035886,1,3.48304,ok,5839039886,1,4.84852,ok,5839043886,1
2026-09-06T08:10:01.144289+00:00,22.140586534,246687,5839049772,5839066019,15,True,15,1.20085,1.82434,1.9199583280852448,1.8730286037884931,1.200844468483334,1.8243362676148154,0.2572434879022213,2.70366,ok,5839053888,1,4.60811,ok,5839057886,1,3.47478,ok,5839061886,1,4.81653,ok,5839065886,1
2026-09-06T08:10:01.166289+00:00,22.162585975,246688,5839072025,5839088019,15,True,15,1.16329,1.78972,1.886075626162858,1.8404784587634138,1.1632874510200004,1.789728104333334,0.2594966010797658,2.65069,ok,5839075888,1,4.61518,ok,5839079886,1,3.47494,ok,5839083886,1,4.86098,ok,5839087886,1
2026-09-06T08:10:01.189288+00:00,22.185585186,246689,5839094278,5839111020,15,True,15,1.20078,1.79208,1.9176462957896458,1.8419405337162502,1.2007845705233335,1.7920814051148153,0.2364963759031715,2.70257,ok,5839098888,1,4.59022,ok,5839102886,1,3.49274,ok,5839106886,1,4.86243,ok,5839110886,1
2026-09-06T08:10:01.217341+00:00,22.213638422,246690,5839122581,5839139019,15,True,15,1.17378,1.78551,1.8945779941649101,1.8361862517661929,1.1737781544966663,1.7855030031629633,0.2501677549273336,2.68266,ok,5839126888,1,4.61638,ok,5839130886,1,3.49703,ok,5839134886,1,4.87722,ok,5839138886,1
2026-09-06T08:10:01.239319+00:00,22.235616326,246691,5839144841,5839161019,15,True,15,1.20879,1.79204,1.924639743963062,1.8418672170072525,1.2087898698833337,1.7920405644037039,0.23139794773998026,2.67183,ok,5839148887,1,4.57758,ok,5839152886,1,3.48766,ok,5839156886,1,4.82379,ok,5839160886,1
2026-09-06T08:10:01.261343+00:00,22.257639863,246692,5839167096,5839183019,15,True,15,1.18498,1.78679,1.9042289625445141,1.8372696211751856,1.1849839392233332,1.7867907479481484,0.24340216125144387,2.68665,ok,5839170888,1,4.61303,ok,5839174886,1,3.50696,ok,5839178886,1,4.86059,ok,5839182886,1
2026-09-06T08:10:01.284277+00:00,22.280574017,246693,5839189350,5839206019,15,True,15,1.16805,1.77758,1.889307239694654,1.828713527067401,1.1680481612500007,1.7775810541888895,0.2497865031818286,2.66744,ok,5839193887,1,4.61691,ok,5839197886,1,3.49973,ok,5839201886,1,4.87908,ok,5839205886,1
2026-09-06T08:10:01.306485+00:00,22.302781783,246694,5839211610,5839228019,15,True,15,1.16535,1.79824,1.8885019349607246,1.8486831029609792,1.165345206923333,1.7982339229703708,0.2627840547657264,2.66826,ok,5839215888,1,4.63308,ok,5839219886,1,3.49067,ok,5839223886,1,4.85106,ok,5839227886,1
2026-09-06T08:10:01.328320+00:00,22.324616963,246695,5839233868,5839250019,15,True,15,1.18581,1.79612,1.9055523457282424,1.846237393952749,1.1858067892500006,1.7961230083222226,0.24830587652038213,2.67476,ok,5839237888,1,4.60868,ok,5839241886,1,3.4904,ok,5839245886,1,4.84123,ok,5839249886,1
2026-09-06T08:10:01.367371+00:00,22.363665791,246696,5839272934,5839289019,15,True,15,1.15685,1.80182,1.881718946099424,1.852357400454212,1.1568500281000005,1.8018166919000003,0.2703480551164891,2.67412,ok,5839276888,1,4.65581,ok,5839280886,1,3.5041,ok,5839284886,1,4.84994,ok,5839288886,1
2026-09-06T08:10:01.389323+00:00,22.385620046,246697,5839295188,5839311019,15,True,15,1.17777,1.76721,1.8967262829617142,1.8185066493365685,1.1777729243199995,1.767207709244445,0.2377789343239608,2.65921,ok,5839298888,1,4.59205,ok,5839302886,1,3.49425,ok,5839306886,1,4.88319,ok,5839310886,1
2026-09-06T08:10:01.412294+00:00,22.408590745,246698,5839317440,5839334019,15,True,15,1.16534,1.77707,1.8867547725964056,1.8281644766793959,1.1653324487833339,1.7770698899037036,0.25151806021043105,2.68477,ok,5839321888,1,4.61633,ok,5839325886,1,3.49574,ok,5839329886,1,4.90461,ok,5839333886,1
2026-09-06T08:10:01.434328+00:00,22.430625098,246699,5839339705,5839356019,15,True,15,1.1657,1.75767,1.8858143149739681,1.8095137491405004,1.1656990794133335,1.7576727278703712,0.24179661946763925,2.64738,ok,5839343888,1,4.59044,ok,5839347886,1,3.48713,ok,5839351886,1,4.90531,ok,5839355886,1
2026-09-06T08:10:01.456288+00:00,22.45258553,246700,5839361958,5839378019,15,True,15,1.15686,1.79851,1.8811446162480705,1.8490106284886392,1.1568566777500005,1.798515948466667,0.26867296824260256,2.68162,ok,5839365888,1,4.63774,ok,5839369886,1,3.48433,ok,5839373886,1,4.8785,ok,5839377886,1
2026-09-06T08:10:01.478288+00:00,22.474585066,246701,5839384215,5839400019,15,True,15,1.16754,1.8032,1.89050991001597,1.8533312307632834,1.1675420410766666,1.8031937172518522,0.26427260841742756,2.66953,ok,5839387888,1,4.62249,ok,5839391886,1,3.47334,ok,5839395886,1,4.85343,ok,5839399886,1
2026-09-06T08:10:01.501761+00:00,22.498054754,246702,5839406469,5839423019,15,True,15,1.16079,1.8253,1.8862733809792105,1.8747253297256066,1.1607865227300005,1.8253025217555565,0.2818199590774012,2.71603,ok,5839410888,1,4.66367,ok,5839414886,1,3.48998,ok,5839418886,1,4.85905,ok,5839422886,1
2026-09-06T08:10:01.523292+00:00,22.51958887,246703,5839428722,5839445019,15,True,15,1.18184,1.82947,1.904280511304467,1.8783278153762826,1.181841903243334,1.8294704012925933,0.2717087610535572,2.72521,ok,5839432888,1,4.64466,ok,5839436886,1,3.48942,ok,5839440886,1,4.84031,ok,5839444886,1
2026-09-06T08:10:01.551384+00:00,22.547679131,246704,5839456573,5839473019,15,True,15,1.17344,1.81795,1.8961069370197619,1.8672427287822881,1.1734462127466676,1.817946559196296,0.2695447260728655,2.74219,ok,5839460888,1,4.64127,ok,5839464886,1,3.48774,ok,5839468886,1,4.89054,ok,5839472886,1
2026-09-06T08:10:01.573303+00:00,22.569599977,246705,5839478833,5839495019,15,True,15,1.18116,1.8066,1.9021324114508376,1.8563081965103307,1.1811623369833333,1.806597838070371,0.2576408565891729,2.72472,ok,5839482887,1,4.63468,ok,5839486886,1,3.50464,ok,5839490886,1,4.87189,ok,5839494886,1
2026-09-06T08:10:01.595310+00:00,22.591607226,246706,5839501089,5839517019,15,True,15,1.20049,1.79617,1.9174384566981209,1.8457685663950036,1.20049337706,1.7961697067888898,0.23928373081214907,2.73716,ok,5839504888,1,4.59833,ok,5839508886,1,3.49772,ok,5839512886,1,4.8902,ok,5839516886,1
2026-09-06T08:10:01.618283+00:00,22.614580933,246707,5839523342,5839540019,15,True,15,1.18245,1.78399,1.9014999537103752,1.8344350548343367,1.1824480066766667,1.7839944576962976,0.2436851526311672,2.70311,ok,5839527887,1,4.60055,ok,5839531886,1,3.4905,ok,5839535886,1,4.89833,ok,5839539886,1
2026-09-06T08:10:01.640296+00:00,22.636593622,246708,5839545595,5839562019,15,True,15,1.17916,1.78893,1.8993413615921397,1.8393857122538253,1.1791574208200002,1.7889338487777782,0.24850457072295146,2.70049,ok,5839549888,1,4.62158,ok,5839553886,1,3.50716,ok,5839557886,1,4.87778,ok,5839561886,1
2026-09-06T08:10:01.662327+00:00,22.658623751,246709,5839567854,5839584020,15,True,15,1.16078,1.76745,1.8823922899068013,1.819054766213827,1.160781235296666,1.7674564039407414,0.24987434701650282,2.68648,ok,5839571888,1,4.62635,ok,5839575886,1,3.5148,ok,5839579886,1,4.91513,ok,5839583886,1
2026-09-06T08:10:01.684292+00:00,22.680589047,246710,5839590114,5839606019,15,True,15,1.1818,1.73945,1.8980460923188005,1.7916137192994341,1.1817983852900005,1.739448054933334,0.22204487161367922,2.67979,ok,5839593888,1,4.57668,ok,5839597886,1,3.51553,ok,5839601886,1,4.93716,ok,5839605886,1
2026-09-06T08:10:01.707331+00:00,22.703628291,246711,5839612369,5839629019,15,True,15,1.20937,1.7752,1.9237483180103196,1.825530679330405,1.209371866116667,1.7752019754629629,0.22094976893123677,2.7009,ok,5839616888,1,4.57276,ok,5839620886,1,3.50386,ok,5839624886,1,4.87497,ok,5839628886,1
2026-09-06T08:10:01.729307+00:00,22.725603987,246712,5839634629,5839651019,15,True,15,1.18,1.7352,1.896278084099978,1.787569618621037,1.1799969855700003,1.7351929150333336,0.221583852187497,2.66212,ok,5839638888,1,4.56914,ok,5839642886,1,3.5086,ok,5839646886,1,4.93255,ok,5839650886,1
2026-09-06T08:10:01.751319+00:00,22.747616132,246713,5839656881,5839673019,15,True,15,1.17224,1.79133,1.8933857109694718,1.8416869210340931,1.1722400223633338,1.7913292964925924,0.254558125159,2.71889,ok,5839660888,1,4.62437,ok,5839664886,1,3.49789,ok,5839668886,1,4.90746,ok,5839672886,1
2026-09-06T08:10:01.774350+00:00,22.770647665,246714,5839679139,5839696019,15,True,15,1.1714,1.78176,1.8920708218762294,1.8325131516286535,1.1713992648533336,1.7817633046481482,0.24987240938618233,2.71147,ok,5839683888,1,4.61973,ok,5839687886,1,3.50286,ok,5839691886,1,4.9141,ok,5839695886,1
2026-09-06T08:10:01.796306+00:00,22.792603072,246715,5839701399,5839718019,15,True,15,1.1675,1.80329,1.8901998052500641,1.8532927323692787,1.167498229763333,1.8032905916814823,0.2644815473981554,2.7311,ok,5839705888,1,4.64186,ok,5839709886,1,3.49889,ok,5839713886,1,4.9032,ok,5839717886,1
2026-09-06T08:10:01.818291+00:00,22.814588528,246716,5839723655,5839740019,15,True,15,1.14279,1.78908,1.8684885212988678,1.8401178181099278,1.1427917244799997,1.7890814698666677,0.273322247306446,2.68419,ok,5839727888,1,4.64247,ok,5839731886,1,3.48263,ok,5839735886,1,4.91423,ok,5839739886,1
2026-09-06T08:10:01.840314+00:00,22.836611201,246717,5839745909,5839762019,15,True,15,1.15841,1.79928,1.8819799439457077,1.8494664663958318,1.1584120947733327,1.7992797638370375,0.26831180919504916,2.7291,ok,5839749888,1,4.63262,ok,5839753886,1,3.47876,ok,5839757886,1,4.93184,ok,5839761886,1
2026-09-06T08:10:01.881365+00:00,22.877661939,246718,5839786675,5839803019,15,True,15,1.16935,1.78412,1.8904316196885336,1.8347876172753628,1.169346973006667,1.7841193159629636,0.2525603786858229,2.67421,ok,5839790888,1,4.5972,ok,5839794886,1,3.46708,ok,5839798886,1,4.89638,ok,5839802886,1
2026-09-06T08:10:01.909310+00:00,22.905607108,246719,5839814696,5839831019,15,True,15,1.19627,1.77808,1.9129768853051876,1.8285933664743943,1.196274110080001,1.778089236977778,0.23112155177837984,2.71434,ok,5839818888,1,4.60178,ok,5839822886,1,3.51942,ok,5839826886,1,4.88678,ok,5839830886,1
2026-09-06T08:10:01.931319+00:00,22.9276165,246720,5839836955,5839853019,15,True,15,1.19286,1.78806,1.9107087322506184,1.8382223357394687,1.1928627382000003,1.7880571666777783,0.23912270117668366,2.68515,ok,5839840887,1,4.58855,ok,5839844886,1,3.48438,ok,5839848886,1,4.86472,ok,5839852886,1
2026-09-06T08:10:01.958303+00:00,22.954600747,246721,5839859207,5839880019,15,True,15,1.21066,1.81196,1.9272292036508667,1.8608578268852445,1.21065134169,1.8119650157111118,0.24331848612422374,2.72971,ok,5839867887,2,4.59759,ok,5839871886,1,3.49094,ok,5839875886,1,4.84707,ok,5839879886,1
2026-09-06T08:10:01.976327+00:00,22.972623857,246722,5839881458,5839898020,15,True,15,1.20014,1.77506,1.9159727605569559,1.82557373597045,1.2001424322766667,1.7750581708851856,0.22688585824718313,2.689,ok,5839885887,1,4.57751,ok,5839889886,1,3.49707,ok,5839893886,1,4.87642,ok,5839897886,1
2026-09-06T08:10:01.998320+00:00,22.994616801,246723,5839903712,5839920019,15,True,15,1.21917,1.79147,1.9331018347313997,1.8410099029786364,1.2191685554666667,1.7914765484407416,0.22481375207456258,2.71673,ok,5839907888,1,4.57653,ok,5839911886,1,3.50186,ok,5839915886,1,4.85386,ok,5839919886,1
2026-09-06T08:10:02.020340+00:00,23.01663717,246724,5839925970,5839942019,15,True,15,1.17614,1.79035,1.8970649584913302,1.8408851903037111,1.1761342977499996,1.7903450739444455,0.2512130066318491,2.69887,ok,5839929888,1,4.63522,ok,5839933886,1,3.51902,ok,5839937886,1,4.86793,ok,5839941886,1
2026-09-06T08:10:02.043335+00:00,23.039632062,246725,5839948229,5839965019,15,True,15,1.17464,1.79403,1.8956983406110077,1.8442887105928247,1.1746414970066672,1.7940270660962967,0.2544482565661806,2.7289,ok,5839952888,1,4.63477,ok,5839956886,1,3.51159,ok,5839960886,1,4.90139,ok,5839964886,1
2026-09-06T08:10:02.065343+00:00,23.061640078,246726,5839970487,5839987020,15,True,15,1.18814,1.76434,1.9052148316442918,1.815520807338367,1.1881376144466662,1.764336726862964,0.22915376424115355,2.68884,ok,5839974888,1,4.59267,ok,5839978886,1,3.51354,ok,5839982886,1,4.89646,ok,5839986886,1
2026-09-06T08:10:02.087340+00:00,23.083636511,246727,5839992742,5840009019,15,True,15,1.20891,1.78998,1.9245524758939607,1.8398555306021154,1.2089042020999996,1.7899747801111117,0.23005797942454043,2.67572,ok,5839996888,1,4.57627,ok,5840000886,1,3.48877,ok,5840004886,1,4.83103,ok,5840008886,1
2026-09-06T08:10:02.109304+00:00,23.105601134,246728,5840014995,5840031019,15,True,15,1.20109,1.78944,1.917854723476836,1.839451162105694,1.2010942907100004,1.7894395852333342,0.23464583807537023,2.72091,ok,5840018888,1,4.60718,ok,5840022886,1,3.51882,ok,5840026886,1,4.86865,ok,5840030886,1
2026-09-06T08:10:02.132320+00:00,23.128617562,246729,5840037253,5840054019,15,True,15,1.22461,1.80115,1.9382998346872706,1.8501965706773986,1.2246183336300003,1.8011512514111114,0.22799081741652696,2.71267,ok,5840041888,1,4.5684,ok,5840045886,1,3.48656,ok,5840049886,1,4.83675,ok,5840053886,1
2026-09-06T08:10:02.154395+00:00,23.150689517,246730,5840059513,5840076019,15,True,15,1.21042,1.79354,1.9262041846452578,1.8433249375995846,1.2104239292,1.7935449560444452,0.23130954232290762,2.69036,ok,5840063888,1,4.59218,ok,5840067886,1,3.5072,ok,5840071886,1,4.82572,ok,5840075886,1
2026-09-06T08:10:02.176350+00:00,23.172646588,246731,5840081770,5840098019,15,True,15,1.20928,1.79886,1.9255779874220478,1.848450583637597,1.2092781524433327,1.7988563858259268,0.23539370711221516,2.67143,ok,5840085888,1,4.58337,ok,5840089886,1,3.48717,ok,5840093886,1,4.81046,ok,5840097886,1
2026-09-06T08:10:02.198319+00:00,23.1946163,246732,5840104024,5840120019,15,True,15,1.21816,1.82054,1.9342415704462346,1.8690147842429632,1.2181581918866669,1.820534185740741,0.24492300226697616,2.71714,ok,5840107888,1,4.59087,ok,5840111886,1,3.48179,ok,5840115886,1,4.81577,ok,5840119886,1
2026-09-06T08:10:02.221346+00:00,23.217642776,246733,5840126276,5840143019,15,True,15,1.21159,1.78974,1.9271478345407551,1.8397477617366778,1.21158971319,1.7897447362555563,0.22812315790958973,2.67731,ok,5840130888,1,4.59475,ok,5840134886,1,3.51709,ok,5840138886,1,4.80986,ok,5840142886,1
2026-09-06T08:10:02.249358+00:00,23.245654987,246734,5840154577,5840171019,15,True,15,1.22127,1.78694,1.934806940672831,1.8367105537810255,1.2212700335566662,1.7869332624407417,0.22055177018034083,2.6832,ok,5840158888,1,4.56695,ok,5840162886,1,3.49819,ok,5840166886,1,4.82538,ok,5840170886,1
2026-09-06T08:10:02.271313+00:00,23.267609626,246735,5840176836,5840193019,15,True,15,1.22096,1.8208,1.9366153514431892,1.8692172055769627,1.2209592253033335,1.820802258770371,0.24357750573328996,2.71895,ok,5840180887,1,4.5884,ok,5840184886,1,3.48221,ok,5840188886,1,4.8141,ok,5840192886,1
2026-09-06T08:10:02.293336+00:00,23.289632683,246736,5840199091,5840215020,15,True,15,1.18595,1.81205,1.9067945783030287,1.8615848179426502,1.185954375416667,1.8120481600629637,0.25794819760260096,2.69639,ok,5840202888,1,4.62967,ok,5840206886,1,3.49785,ok,5840210886,1,4.83008,ok,5840214886,1
2026-09-06T08:10:02.316311+00:00,23.312608566,246737,5840221344,5840238019,15,True,15,1.2186,1.80333,1.933512707271693,1.8524715144610875,1.2186022008500002,1.803328605744445,0.23288343883998255,2.71636,ok,5840225887,1,4.58681,ok,5840229886,1,3.49927,ok,5840233886,1,4.83388,ok,5840237886,1
2026-09-06T08:10:02.338338+00:00,23.334634856,246738,5840243597,5840260019,15,True,15,1.21361,1.80069,1.929165012855467,1.8500432666646702,1.2136135314400014,1.8006903959111111,0.23405684272794555,2.70465,ok,5840247888,1,4.58693,ok,5840251886,1,3.49569,ok,5840255886,1,4.83341,ok,5840259886,1
2026-09-06T08:10:02.360369+00:00,23.356666297,246739,5840265853,5840282019,15,True,15,1.21572,1.80286,1.9311657284895012,1.8521295485807256,1.2157145533100004,1.8028579856888898,0.2342155146459671,2.70768,ok,5840269888,1,4.59205,ok,5840273886,1,3.50262,ok,5840277886,1,4.82557,ok,5840281886,1
2026-09-06T08:10:02.401765+00:00,23.398060596,246740,5840306786,5840323019,15,True,15,1.15735,1.8057,1.8819454381648126,1.8558654747237042,1.1573478750400001,1.8056947895999997,0.27242497297462587,2.70701,ok,5840310888,1,4.64881,ok,5840314886,1,3.49051,ok,5840318886,1,4.88837,ok,5840322886,1
2026-09-06T08:10:02.424345+00:00,23.420642516,246741,5840329269,5840346019,15,True,15,1.19657,1.79933,1.9149355379179167,1.8491702086806516,1.1965657587300005,1.799333521788889,0.24344635012491844,2.71436,ok,5840333888,1,4.62613,ok,5840337886,1,3.52459,ok,5840341886,1,4.84346,ok,5840345886,1
2026-09-06T08:10:02.446319+00:00,23.442616516,246742,5840351526,5840368019,15,True,15,1.21068,1.79803,1.9265803071418819,1.8475722700465902,1.2106843245466672,1.7980344299407407,0.23406508005768178,2.68554,ok,5840355888,1,4.58198,ok,5840359886,1,3.48842,ok,5840363886,1,4.82532,ok,5840367886,1
2026-09-06T08:10:02.468362+00:00,23.464659158,246743,5840373789,5840390019,15,True,15,1.22022,1.80508,1.9347810045990936,1.8540244947280666,1.220224319513334,1.8050808216814822,0.23318975384571566,2.7225,ok,5840377888,1,4.57615,ok,5840381886,1,3.48535,ok,5840385886,1,4.84589,ok,5840389886,1
2026-09-06T08:10:02.490324+00:00,23.486621381,246744,5840396045,5840412019,15,True,15,1.19754,1.80344,1.9160481279239356,1.8531121236861323,1.1975401578300002,1.803440788122223,0.24541202327084588,2.70499,ok,5840399888,1,4.62188,ok,5840403886,1,3.51514,ok,5840407886,1,4.83119,ok,5840411886,1
2026-09-06T08:10:02.513323+00:00,23.509619857,246745,5840418298,5840435019,15,True,15,1.20596,1.80821,1.9231378735117786,1.8573821485866386,1.20596350327,1.808206002666668,0.24353109841123685,2.70424,ok,5840422888,1,4.59347,ok,5840426886,1,3.48364,ok,5840430886,1,4.83557,ok,5840434886,1
2026-09-06T08:10:02.535357+00:00,23.531653826,246746,5840440552,5840457019,15,True,15,1.18586,1.80372,1.9059117928302856,1.8534575434182723,1.1858593820866665,1.8037219523629644,0.25293474926878173,2.68985,ok,5840444888,1,4.60848,ok,5840448886,1,3.4804,ok,5840452886,1,4.85096,ok,5840456886,1
2026-09-06T08:10:02.557327+00:00,23.553623794,246747,5840462804,5840479019,15,True,15,1.20473,1.80496,1.922140539672392,1.8544085805720396,1.2047208579500002,1.8049599382888895,0.24206435383721697,2.6887,ok,5840466888,1,4.6007,ok,5840470886,1,3.49557,ok,5840474886,1,4.81692,ok,5840478886,1
2026-09-06T08:10:02.585362+00:00,23.581659525,246748,5840490584,5840507019,15,True,15,1.19548,1.815,1.9151079213938957,1.864288634069152,1.1954774476600003,1.8150017383666672,0.2540660146620117,2.68715,ok,5840494888,1,4.61936,ok,5840498886,1,3.49403,ok,5840502886,1,4.80713,ok,5840506886,1
2026-09-06T08:10:02.607329+00:00,23.603626069,246749,5840512845,5840529019,15,True,15,1.20973,1.82125,1.927346203917746,1.8699336714694603,1.2097294293333332,1.82124324805926,0.2500621061613221,2.70837,ok,5840516887,1,4.60561,ok,5840520886,1,3.48823,ok,5840524886,1,4.80865,ok,5840528886,1
2026-09-06T08:10:02.629361+00:00,23.625657222,246750,5840535099,5840551019,15,True,15,1.22428,1.80917,1.9387104386927112,1.8579943577643463,1.2242786335733336,1.8091684281481486,0.23360334491717788,2.70559,ok,5840538888,1,4.57705,ok,5840542886,1,3.48707,ok,5840546886,1,4.81383,ok,5840550886,1
2026-09-06T08:10:02.652353+00:00,23.648650386,246751,5840557351,5840574019,15,True,15,1.21518,1.8247,1.931971771684949,1.8730647437523695,1.2151832474566666,1.8247043172629631,0.2494933189978481,2.72087,ok,5840561887,1,4.59558,ok,5840565886,1,3.47834,ok,5840569886,1,4.81777,ok,5840573886,1
2026-09-06T08:10:02.674321+00:00,23.670618337,246752,5840579611,5840596019,15,True,15,1.19497,1.81374,1.9145164470944327,1.8630489461284083,1.1949680594666667,1.813741826340741,0.2535771953845257,2.68979,ok,5840583888,1,4.61643,ok,5840587886,1,3.49105,ok,5840591886,1,4.81513,ok,5840595886,1
2026-09-06T08:10:02.696335+00:00,23.69263221,246753,5840601869,5840618019,15,True,15,1.21112,1.79192,1.92676003257257,1.8417793466382453,1.2111215155500001,1.7919147386666678,0.2298256816902887,2.691,ok,5840605888,1,4.59577,ok,5840609886,1,3.51498,ok,5840613886,1,4.82309,ok,5840617886,1
2026-09-06T08:10:02.718373+00:00,23.714668452,246754,5840624130,5840640019,15,True,15,1.19622,1.81786,1.9159845180680428,1.8670570507611077,1.1962190555200007,1.8178635431000008,0.2554833227266604,2.70178,ok,5840627888,1,4.63156,ok,5840631886,1,3.50753,ok,5840635886,1,4.80757,ok,5840639886,1
2026-09-06T08:10:02.741333+00:00,23.737630062,246755,5840646385,5840663019,15,True,15,1.19257,1.82328,1.9130429322230564,1.8722276785693532,1.1925740420266664,1.823278718696297,0.2612762603919008,2.69882,ok,5840650888,1,4.62222,ok,5840654886,1,3.48298,ok,5840658886,1,4.81574,ok,5840662886,1
2026-09-06T08:10:02.763359+00:00,23.759656128,246756,5840668639,5840685019,15,True,15,1.21104,1.80669,1.9275677290154491,1.8559371867795031,1.2110491547000006,1.8066840428222228,0.23945382926377332,2.68467,ok,5840672888,1,4.5901,ok,5840676886,1,3.48846,ok,5840680886,1,4.80778,ok,5840684886,1
2026-09-06T08:10:02.785358+00:00,23.781655696,246757,5840690892,5840707019,15,True,15,1.22608,1.80165,1.9399927650243691,1.8508563782197196,1.22607931465,1.8016549763111114,0.22736330513826103,2.71107,ok,5840694888,1,4.59158,ok,5840698886,1,3.51831,ok,5840702886,1,4.80944,ok,5840706886,1
2026-09-06T08:10:02.808356+00:00,23.80465334,246758,5840713151,5840730019,15,True,15,1.22299,1.80563,1.9373963613550245,1.8546256277134137,1.2229855740200002,1.805636399411112,0.23190942279689714,2.69528,ok,5840717888,1,4.57201,ok,5840721886,1,3.48316,ok,5840725886,1,4.81304,ok,5840729886,1
2026-09-06T08:10:02.830316+00:00,23.826613707,246759,5840735411,5840752019,15,True,15,1.20708,1.81526,1.9247833283751226,1.864261637529332,1.2070832290466673,1.815263771996297,0.24748515035814467,2.71633,ok,5840739888,1,4.6154,ok,5840743886,1,3.50505,ok,5840747886,1,4.81933,ok,5840751886,1
2026-09-06T08:10:02.852338+00:00,23.848634972,246760,5840757668,5840774019,15,True,15,1.1815,1.80421,1.9027045601899288,1.854213405895718,1.1814966339399995,1.804205812600001,0.2557926749682918,2.66995,ok,5840761888,1,4.62832,ok,5840765886,1,3.49978,ok,5840769886,1,4.81852,ok,5840773886,1
2026-09-06T08:10:02.874359+00:00,23.87065627,246761,5840779922,5840796019,15,True,15,1.20331,1.81845,1.9217720572237533,1.8673807001451772,1.2033101363566674,1.8184523472407408,0.251817726774,2.7102,ok,5840783888,1,4.61471,ok,5840787886,1,3.49465,ok,5840791886,1,4.81794,ok,5840795886,1
2026-09-06T08:10:02.915380+00:00,23.911677279,246762,5840820674,5840837019,15,True,15,1.17154,1.81953,1.8950096271480412,1.868992252026253,1.1715438132299998,1.819529902200001,0.2715498422590236,2.67998,ok,5840824888,1,4.63142,ok,5840828886,1,3.46983,ok,5840832886,1,4.833,ok,5840836886,1
2026-09-06T08:10:02.943362+00:00,23.939659504,246763,5840848697,5840865019,15,True,15,1.21228,1.81905,1.9292814679203236,1.8677422530555687,1.212279665776667,1.8190496021629634,0.24713882765811435,2.70466,ok,5840852888,1,4.59561,ok,5840856886,1,3.48152,ok,5840860886,1,4.81079,ok,5840864886,1
2026-09-06T08:10:02.965340+00:00,23.961637856,246764,5840870959,5840887019,15,True,15,1.18415,1.80553,1.9047928875224,1.8553270817552983,1.1841506333433336,1.8055323381592594,0.25503188057401643,2.66652,ok,5840874887,1,4.60952,ok,5840878886,1,3.47698,ok,5840882886,1,4.82599,ok,5840886886,1
2026-09-06T08:10:02.987337+00:00,23.983634321,246765,5840893212,5840909019,15,True,15,1.22511,1.81772,1.9401347913447695,1.8662800801875299,1.2251136571800008,1.8177218433888898,0.23908126032783983,2.73503,ok,5840896888,1,4.60534,ok,5840900886,1,3.51437,ok,5840904886,1,4.81039,ok,5840908886,1
2026-09-06T08:10:03.010344+00:00,24.006641052,246766,5840915463,5840932019,15,True,15,1.18424,1.80157,1.9047426311872728,1.851573981451287,1.1842452901700007,1.8015676290777776,0.25250331445440743,2.67764,ok,5840919887,1,4.62254,ok,5840923886,1,3.49946,ok,5840927886,1,4.82935,ok,5840931886,1
2026-09-06T08:10:03.032324+00:00,24.028621228,246767,5840937717,5840954019,15,True,15,1.22401,1.8027,1.9378856596998009,1.8517002591094136,1.2240098933799999,1.8027043729666672,0.2293899551052847,2.71772,ok,5840941888,1,4.57235,ok,5840945886,1,3.48886,ok,5840949886,1,4.8385,ok,5840953886,1
2026-09-06T08:10:03.054419+00:00,24.050713824,246768,5840959976,5840976019,15,True,15,1.19979,1.79906,1.9175858019671268,1.8488204557480852,1.19978433527,1.7990552031888893,0.24130271851413107,2.67601,ok,5840963888,1,4.59719,ok,5840967886,1,3.49149,ok,5840971886,1,4.8219,ok,5840975886,1
2026-09-06T08:10:03.077338+00:00,24.073635625,246769,5840982236,5840999019,15,True,15,1.22118,1.81403,1.9362720788082708,1.8626533562963803,1.2211811666066672,1.814023754540741,0.2387352557128145,2.73197,ok,5840986888,1,4.58892,ok,5840990886,1,3.49196,ok,5840994886,1,4.83418,ok,5840998886,1
2026-09-06T08:10:03.099342+00:00,24.095639258,246770,5841004492,5841021019,15,True,15,1.18992,1.78925,1.908593541704104,1.83956112574936,1.1899218492599999,1.789250595522223,0.2415948177462913,2.66963,ok,5841008888,1,4.6004,ok,5841012886,1,3.49423,ok,5841016886,1,4.84133,ok,5841020886,1
2026-09-06T08:10:03.121328+00:00,24.11762545,246771,5841026746,5841043019,15,True,15,1.22046,1.82776,1.936762851603775,1.8759608280738034,1.2204645791466673,1.8277510172407416,0.2487614716711119,2.73239,ok,5841030888,1,4.60531,ok,5841034886,1,3.49482,ok,5841038886,1,4.8077,ok,5841042886,1
2026-09-06T08:10:03.143348+00:00,24.139644955,246772,5841048999,5841065020,15,True,15,1.22938,1.79667,1.9424838581307102,1.8460144565542405,1.2293843274600005,1.7966695632333338,0.2220851456018619,2.67628,ok,5841052888,1,4.56779,ok,5841056886,1,3.49836,ok,5841060886,1,4.79088,ok,5841064886,1
2026-09-06T08:10:03.166376+00:00,24.162673223,246773,5841071257,5841088019,15,True,15,1.23595,1.81117,1.948535317428012,1.8596352891257681,1.2359452625500007,1.811173956566667,0.22865059263971224,2.72447,ok,5841075888,1,4.56644,ok,5841079886,1,3.4873,ok,5841083886,1,4.81909,ok,5841087886,1
2026-09-06T08:10:03.188342+00:00,24.184639703,246774,5841093516,5841110020,15,True,15,1.19444,1.80654,1.913796868134485,1.8562292030006387,1.1944346591333337,1.8065403478481488,0.24920729457513144,2.65901,ok,5841097888,1,4.60937,ok,5841101886,1,3.49024,ok,5841105886,1,4.7955,ok,5841109886,1
2026-09-06T08:10:03.210343+00:00,24.206640392,246775,5841115773,5841132019,15,True,15,1.20845,1.84647,1.9279281934843022,1.8942147147158337,1.2084544960800003,1.846464557588889,0.26861722667775384,2.73662,ok,5841119888,1,4.6306,ok,5841123886,1,3.48695,ok,5841127886,1,4.79567,ok,5841131886,1
2026-09-06T08:10:03.232332+00:00,24.228629112,246776,5841138027,5841154020,15,True,15,1.20423,1.80785,1.922049610271276,1.8572538300545136,1.2042295607133333,1.8078426670592602,0.24418487602434474,2.66811,ok,5841141888,1,4.59808,ok,5841145886,1,3.4877,ok,5841149886,1,4.7948,ok,5841153886,1
2026-09-06T08:10:03.255349+00:00,24.251646116,246777,5841160281,5841177020,15,True,15,1.23478,1.83889,1.9499928886738849,1.8866045292385447,1.2347819056333331,1.8388880712037048,0.2495744833186355,2.7351,ok,5841164888,1,4.61869,ok,5841168886,1,3.51854,ok,5841172886,1,4.75748,ok,5841176886,1
2026-09-06T08:10:03.283346+00:00,24.279643094,246778,5841188597,5841205019,15,True,15,1.27432,1.86456,1.9852414626298547,1.910654661978365,1.2743271765400006,1.8645610153222225,0.25332967501713255,2.72416,ok,5841192888,1,4.58607,ok,5841196886,1,3.49918,ok,5841200886,1,4.66824,ok,5841204886,1
2026-09-06T08:10:03.305808+00:00,24.302100147,246779,5841210859,5841227020,15,True,15,1.25925,1.86077,1.9725552497983474,1.9074252567368724,1.2592445548900004,1.8607698230777785,0.25595999052930296,2.68588,ok,5841214887,1,4.59692,ok,5841218886,1,3.49674,ok,5841222886,1,4.64913,ok,5841226886,1
2026-09-06T08:10:03.327846+00:00,24.324137925,246780,5841233114,5841249019,15,True,15,1.23466,1.85865,1.951325020700878,1.90567828716141,1.2346601017600003,1.8586504039444447,0.26488004677536525,2.6954,ok,5841236888,1,4.60898,ok,5841240886,1,3.48015,ok,5841244886,1,4.70283,ok,5841248886,1
2026-09-06T08:10:03.350372+00:00,24.346669091,246781,5841255369,5841272019,15,True,15,1.07789,1.68593,1.8055452437658288,1.7414457963678946,1.0778932996166668,1.6859286337074084,0.29101562541473003,2.70259,ok,5841259887,1,4.61466,ok,5841263886,1,3.48578,ok,5841267886,1,5.17993,ok,5841271886,1
2026-09-06T08:10:03.372370+00:00,24.368666772,246782,5841277628,5841294019,15,True,15,1.22956,1.7962,1.9421745016122038,1.845363990965488,1.2295601677833334,1.7962072452592603,0.22180538199429314,2.70905,ok,5841281888,1,4.56104,ok,5841285886,1,3.49039,ok,5841289886,1,4.83402,ok,5841293886,1
2026-09-06T08:10:03.394372+00:00,24.390669349,246783,5841299886,5841316020,15,True,15,1.18822,1.77678,1.9061131136911997,1.8274872587337574,1.1882222620899998,1.7767757543222225,0.23572627864780774,2.68164,ok,5841303888,1,4.59234,ok,5841307886,1,3.49726,ok,5841311886,1,4.87723,ok,5841315886,1
2026-09-06T08:10:03.435385+00:00,24.431682805,246784,5841340819,5841357019,15,True,15,1.22488,1.78957,1.9379250996821034,1.8391349027896993,1.224876654593333,1.7895720267370379,0.2201151802865609,2.73189,ok,5841344888,1,4.58646,ok,5841348886,1,3.52537,ok,5841352886,1,4.85151,ok,5841356886,1
2026-09-06T08:10:03.457351+00:00,24.453648101,246785,5841363073,5841379019,15,True,15,1.1917,1.78871,1.9102833942029456,1.8391180103765727,1.1917006855100003,1.7887136840222224,0.2400345800617339,2.6874,ok,5841366888,1,4.62194,ok,5841370886,1,3.52575,ok,5841374886,1,4.8373,ok,5841378886,1
2026-09-06T08:10:03.480402+00:00,24.47669877,246786,5841385327,5841402019,15,True,15,1.20699,1.80156,1.923495354381274,1.8509341716193355,1.2069907116799998,1.801557215244445,0.2386258327168413,2.72848,ok,5841389888,1,4.60048,ok,5841393886,1,3.5029,ok,5841397886,1,4.86014,ok,5841401886,1
2026-09-06T08:10:03.502381+00:00,24.498678562,246787,5841407592,5841424019,15,True,15,1.19912,1.78058,1.916032898712733,1.8311616432875724,1.1991292180366668,1.7805763648407416,0.2304656042269506,2.6783,ok,5841411888,1,4.60701,ok,5841415886,1,3.52713,ok,5841419886,1,4.83366,ok,5841423886,1
2026-09-06T08:10:03.524347+00:00,24.520644306,246788,5841429847,5841446019,15,True,15,1.21743,1.80781,1.932812720695493,1.8568010544803049,1.2174282882166672,1.8078095149074083,0.23657230108468064,2.71905,ok,5841433888,1,4.59073,ok,5841437886,1,3.49697,ok,5841441886,1,4.83144,ok,5841445886,1
2026-09-06T08:10:03.546356+00:00,24.542653411,246789,5841452102,5841468019,15,True,15,1.19698,1.76554,1.9127544221855373,1.816513794323856,1.1969814304333337,1.7655405825370374,0.2237230674192512,2.6952,ok,5841455888,1,4.58659,ok,5841459886,1,3.51664,ok,5841463886,1,4.88998,ok,5841467886,1
2026-09-06T08:10:03.569355+00:00,24.565652558,246790,5841474357,5841491020,15,True,15,1.20285,1.81895,1.9213260787347677,1.8678239641871222,1.2028474222600005,1.8189477254555562,0.2524455054817873,2.72378,ok,5841478888,1,4.61811,ok,5841482886,1,3.49784,ok,5841486886,1,4.83048,ok,5841490886,1
2026-09-06T08:10:03.591341+00:00,24.587638718,246791,5841496618,5841513019,15,True,15,1.18806,1.79552,1.9073537581824829,1.8455896949776216,1.1880556811833334,1.795520820303704,0.24653518355976023,2.67207,ok,5841500888,1,4.60103,ok,5841504886,1,3.4843,ok,5841508886,1,4.84145,ok,5841512886,1
2026-09-06T08:10:03.619363+00:00,24.615660209,246792,5841524590,5841541019,15,True,15,1.21854,1.82267,1.9347066398717636,1.871064629635762,1.21854172558,1.8226724337000009,0.24621478509173453,2.73875,ok,5841528888,1,4.6039,ok,5841532886,1,3.49675,ok,5841536886,1,4.82501,ok,5841540886,1
2026-09-06T08:10:03.641355+00:00,24.637652161,246793,5841546853,5841563019,15,True,15,1.21774,1.7875,1.9319399409395288,1.8373543904601488,1.2177372600033334,1.7874966855925933,0.2230322543205009,2.67522,ok,5841550887,1,4.57108,ok,5841554886,1,3.49781,ok,5841558886,1,4.8194,ok,5841562886,1
2026-09-06T08:10:03.663373+00:00,24.659670483,246794,5841569109,5841585019,15,True,15,1.206,1.81773,1.9239592401943904,1.86661808060752,1.2060011726900006,1.817729016044445,0.24979159698928824,2.71759,ok,5841572888,1,4.61368,ok,5841576886,1,3.49807,ok,5841580886,1,4.82234,ok,5841584886,1
2026-09-06T08:10:03.686359+00:00,24.68265683,246795,5841591363,5841608019,15,True,15,1.20672,1.79328,1.9229754874068334,1.843096995952751,1.2067194178633334,1.7932786082037044,0.23344767699807276,2.68472,ok,5841595887,1,4.58789,ok,5841599886,1,3.49663,ok,5841603886,1,4.83144,ok,5841607886,1
2026-09-06T08:10:03.718338+00:00,24.714635131,246796,5841613623,5841640019,15,True,15,1.2131,1.81499,1.9296291573561188,1.863779891037976,1.2131012236266665,1.814984226307408,0.2439136230722646,2.74273,ok,5841617888,1,4.61141,ok,5841621886,1,3.50874,ok,5841625886,1,4.84078,ok,5841639886,2
2026-09-06T08:10:03.735372+00:00,24.731668614,246797,5841641036,5841657019,15,True,15,1.17378,1.79069,1.89509025122048,1.8412529749778301,1.1737796094933333,1.7906871698259268,0.25296705735825825,2.67062,ok,5841644892,1,4.62096,ok,5841648886,1,3.49641,ok,5841652886,1,4.85483,ok,5841656886,1
2026-09-06T08:10:03.768363+00:00,24.764659967,246798,5841663295,5841690019,15,True,15,1.21492,1.79579,1.9297228438286627,1.8452033852770489,1.2149221430766672,1.7957940781629635,0.23017585732949553,2.73435,ok,5841667888,1,4.58824,ok,5841681886,2,3.50557,ok,5841685886,1,4.86732,ok,5841689886,1
2026-09-06T08:10:03.785375+00:00,24.781671881,246799,5841690695,5841707019,15,True,15,1.2049,1.7733,1.920317390632285,1.8240131008367526,1.204895215316667,1.7733056358518524,0.22255777033043175,2.66247,ok,5841694892,1,4.58312,ok,5841698886,1,3.51343,ok,5841702886,1,4.83372,ok,5841706886,1
2026-09-06T08:10:03.807378+00:00,24.803675289,246800,5841712949,5841729019,15,True,15,1.19125,1.80137,1.9102582559582737,1.8510737013287202,1.1912451863100006,1.8013685727888893,0.24813969016960907,2.70319,ok,5841716888,1,4.60697,ok,5841720886,1,3.48917,ok,5841724886,1,4.8583,ok,5841728886,1
2026-09-06T08:10:03.829343+00:00,24.825640649,246801,5841735204,5841751019,15,True,15,1.20053,1.79684,1.9180996541029527,1.8466942953880827,1.200525478166667,1.7968421146851858,0.23945086559554105,2.6726,ok,5841738888,1,4.59579,ok,5841742886,1,3.49356,ok,5841746886,1,4.81998,ok,5841750886,1
2026-09-06T08:10:03.852385+00:00,24.84868223,246802,5841757463,5841774019,15,True,15,1.19209,1.807,1.9113070265608507,1.8564596034011434,1.1920936975700003,1.8070033616111116,0.25113576087250755,2.70916,ok,5841761888,1,4.60882,ok,5841765886,1,3.48556,ok,5841769886,1,4.85623,ok,5841773886,1
2026-09-06T08:10:03.874345+00:00,24.870642213,246803,5841779723,5841796019,15,True,15,1.18847,1.7981,1.9077925399270226,1.8480275096300127,1.1884660805700007,1.7981014284555563,0.24785641508484232,2.6803,ok,5841783888,1,4.60145,ok,5841787886,1,3.48211,ok,5841791886,1,4.8469,ok,5841795886,1
2026-09-06T08:10:03.896345+00:00,24.892641974,246804,5841801980,5841818019,15,True,15,1.19288,1.78873,1.9108972294569535,1.8389315246583866,1.1928778419800001,1.788730007133334,0.2394515231658268,2.68413,ok,5841805888,1,4.596,ok,5841809886,1,3.49334,ok,5841813886,1,4.8559,ok,5841817886,1
2026-09-06T08:10:03.933419+00:00,24.929714172,246805,5841838929,5841855019,15,True,15,1.18821,1.79651,1.907760740467354,1.8466425702203941,1.1882051117033334,1.7965120919814823,0.24694309855646113,2.67374,ok,5841842888,1,4.61498,ok,5841846886,1,3.50164,ok,5841850886,1,4.82877,ok,5841854886,1
2026-09-06T08:10:03.961406+00:00,24.957702478,246806,5841866695,5841883019,15,True,15,1.20784,1.82768,1.9262110075097993,1.8761711294045085,1.2078447652866664,1.8276763467740749,0.2555581070379012,2.73658,ok,5841870888,1,4.62805,ok,5841874886,1,3.50688,ok,5841878886,1,4.81694,ok,5841882886,1
2026-09-06T08:10:03.983344+00:00,24.979641213,246807,5841888958,5841905020,15,True,15,1.21951,1.80227,1.9345841614703403,1.8516179697575703,1.2195126479966665,1.8022751322629642,0.23153144583314716,2.67206,ok,5841892887,1,4.5818,ok,5841896886,1,3.49536,ok,5841900886,1,4.78813,ok,5841904886,1
2026-09-06T08:10:04.007319+00:00,25.003615363,246808,5841911213,5841928020,15,True,15,1.23208,1.82395,1.9462994352062184,1.872081779492206,1.2320773427300005,1.8239476970444448,0.23988593609243594,2.72701,ok,5841915888,1,4.58719,ok,5841919886,1,3.4925,ok,5841923886,1,4.79831,ok,5841927886,1
2026-09-06T08:10:04.028341+00:00,25.024637785,246809,5841933463,5841950019,15,True,15,1.20609,1.79176,1.9225993661184504,1.8417753342796437,1.2060840872533334,1.7917642925370383,0.23279654422958054,2.65908,ok,5841937887,1,4.58882,ok,5841941886,1,3.49889,ok,5841945886,1,4.80485,ok,5841949886,1
2026-09-06T08:10:04.050356+00:00,25.046653034,246810,5841955716,5841972019,15,True,15,1.20358,1.8162,1.9216795094987096,1.8651269201190677,1.203582734343334,1.8162002817592595,0.2502074420862949,2.72514,ok,5841959888,1,4.61218,ok,5841963886,1,3.4946,ok,5841967886,1,4.83871,ok,5841971886,1
2026-09-06T08:10:04.072381+00:00,25.068678652,246811,5841977974,5841994019,15,True,15,1.19612,1.80367,1.9150336183918781,1.8534303715789027,1.196125871556667,1.803663488451852,0.24635610095760802,2.67269,ok,5841981888,1,4.61451,ok,5841985886,1,3.50314,ok,5841989886,1,4.80493,ok,5841993886,1
2026-09-06T08:10:04.095391+00:00,25.09168836,246812,5842000234,5842017020,15,True,15,1.2095,1.8398,1.9285197170395947,1.8878501794805347,1.209504568780001,1.8397965100333336,0.2632063428093309,2.7284,ok,5842004888,1,4.63129,ok,5842008886,1,3.49796,ok,5842012886,1,4.7897,ok,5842016886,1
2026-09-06T08:10:04.117357+00:00,25.113654007,246813,5842022490,5842039020,15,True,15,1.20654,1.80653,1.9239851544298152,1.8559857012891912,1.2065431522500005,1.8065345778333342,0.24193366034502248,2.67154,ok,5842026888,1,4.60124,ok,5842030886,1,3.49686,ok,5842034886,1,4.79199,ok,5842038886,1
2026-09-06T08:10:04.139379+00:00,25.135676648,246814,5842044745,5842061019,15,True,15,1.21815,1.83033,1.9349942321647478,1.8784913656026927,1.2181560653333339,1.8303328848592597,0.251844416815259,2.73408,ok,5842048888,1,4.6102,ok,5842052886,1,3.49464,ok,5842056886,1,4.80732,ok,5842060886,1
2026-09-06T08:10:04.161363+00:00,25.157659865,246815,5842066998,5842083020,15,True,15,1.2135,1.80469,1.9295668471265544,1.854008403760049,1.213494974806667,1.8046931331185185,0.2366806310622705,2.68199,ok,5842070888,1,4.58918,ok,5842074886,1,3.49332,ok,5842078886,1,4.80244,ok,5842082886,1
2026-09-06T08:10:04.184363+00:00,25.180660516,246816,5842089257,5842106020,15,True,15,1.20412,1.81967,1.9227888309171524,1.8686535027937423,1.2041189227200007,1.819665862388889,0.25209069634241005,2.70206,ok,5842093888,1,4.62452,ok,5842097886,1,3.50719,ok,5842101886,1,4.79653,ok,5842105886,1
2026-09-06T08:10:04.206363+00:00,25.202660181,246817,5842111517,5842128020,15,True,15,1.20225,1.82605,1.9216542176076035,1.8748395624197103,1.2022536314399999,1.8260521460444454,0.25749321842179124,2.68731,ok,5842115888,1,4.62093,ok,5842119886,1,3.49157,ok,5842123886,1,4.78129,ok,5842127886,1
2026-09-06T08:10:04.228379+00:00,25.224676198,246818,5842133772,5842150020,15,True,15,1.21096,1.82922,1.9289938418420138,1.8776209379735234,1.2109586522666662,1.8292171375407418,0.25490590046197364,2.71849,ok,5842137888,1,4.61751,ok,5842141886,1,3.49543,ok,5842145886,1,4.79863,ok,5842149886,1
2026-09-06T08:10:04.250394+00:00,25.246691511,246819,5842156025,5842172019,15,True,15,1.17163,1.81657,1.8953305092861223,1.8663525064110502,1.1716339785333332,1.81657049205926,0.26948741577387425,2.67089,ok,5842159888,1,4.65131,ok,5842163886,1,3.50027,ok,5842167886,1,4.80633,ok,5842171886,1
2026-09-06T08:10:04.273349+00:00,25.269645953,246820,5842178278,5842195020,15,True,15,1.19294,1.82174,1.9134606614725842,1.8708459778848228,1.1929333806433342,1.8217428503703708,0.2599775477277062,2.69096,ok,5842182888,1,4.62963,ok,5842186886,1,3.4953,ok,5842190886,1,4.80049,ok,5842194886,1
2026-09-06T08:10:04.301855+00:00,25.298152673,246821,5842206575,5842223020,15,True,15,1.21127,1.83588,1.929664861046381,1.884002907831492,1.2112715982366664,1.8358738066185192,0.25946973462618045,2.7224,ok,5842210888,1,4.61946,ok,5842214886,1,3.48988,ok,5842218886,1,4.79429,ok,5842222886,1
2026-09-06T08:10:04.323415+00:00,25.31970999,246822,5842228838,5842245019,15,True,15,1.19948,1.80634,1.9181303715092275,1.8559824791249526,1.1994824943466669,1.8063380165740743,0.2459857763296905,2.67039,ok,5842232887,1,4.61541,ok,5842236886,1,3.50568,ok,5842240886,1,4.792,ok,5842244886,1
2026-09-06T08:10:04.345354+00:00,25.341651157,246823,5842251092,5842267020,15,True,15,1.23811,1.81572,1.9510528428408236,1.8641450894121596,1.238113794356667,1.8157128580518522,0.2306853407506188,2.70831,ok,5842254888,1,4.57905,ok,5842258886,1,3.50106,ok,5842262886,1,4.78001,ok,5842266886,1
2026-09-06T08:10:04.368443+00:00,25.364740483,246824,5842273346,5842290020,15,True,15,1.21035,1.81361,1.9275537198431827,1.8626679945597422,1.2103519931200004,1.8136102235000002,0.2444512020286772,2.68786,ok,5842277887,1,4.60178,ok,5842281886,1,3.49391,ok,5842285886,1,4.79513,ok,5842289886,1
2026-09-06T08:10:04.390373+00:00,25.386670705,246825,5842295598,5842312020,15,True,15,1.23058,1.82753,1.945469489617932,1.8756443407914352,1.2305821373233337,1.827526163970371,0.24324016221630884,2.70976,ok,5842299888,1,4.59143,ok,5842303886,1,3.49132,ok,5842307886,1,4.77441,ok,5842311886,1
2026-09-06T08:10:04.412392+00:00,25.408689123,246826,5842317856,5842334020,15,True,15,1.21035,1.8324,1.928863489814043,1.8807705824077081,1.2103505355133337,1.8323944988370375,0.2574369858338916,2.71029,ok,5842321888,1,4.6246,ok,5842325886,1,3.49984,ok,5842329886,1,4.78078,ok,5842333886,1
2026-09-06T08:10:04.453378+00:00,25.449675699,246827,5842358819,5842375019,15,True,15,1.20675,1.83598,1.9261649656025992,1.8843404250910447,1.2067480536833337,1.835984888848149,0.2619101521941949,2.71593,ok,5842362888,1,4.63918,ok,5842366886,1,3.50936,ok,5842370886,1,4.77721,ok,5842374886,1
2026-09-06T08:10:04.475378+00:00,25.471675363,246828,5842381073,5842397019,15,True,15,1.22803,1.81042,1.942476201899303,1.8593755129713623,1.2280266202199999,1.8104199641222232,0.23224738030771105,2.6752,ok,5842384888,1,4.58657,ok,5842388886,1,3.5033,ok,5842392886,1,4.76156,ok,5842396886,1
2026-09-06T08:10:04.498431+00:00,25.494725008,246829,5842403325,5842420020,15,True,15,1.20047,1.82348,1.9200291900523876,1.872422491453211,1.200461325423333,1.8234765870592606,0.2567420718372983,2.69697,ok,5842407888,1,4.63123,ok,5842411886,1,3.50594,ok,5842415886,1,4.78837,ok,5842419886,1
2026-09-06T08:10:04.520376+00:00,25.516673535,246830,5842425590,5842442019,15,True,15,1.21065,1.81622,1.9280454790732928,1.8652024197526949,1.2106512016899997,1.816217660155556,0.24602683416825205,2.68161,ok,5842429888,1,4.60257,ok,5842433886,1,3.49202,ok,5842437886,1,4.78429,ok,5842441886,1
2026-09-06T08:10:04.542375+00:00,25.538672432,246831,5842447843,5842464019,15,True,15,1.23529,1.82706,1.949392208920207,1.875101889935884,1.2352888559266668,1.8270618878629636,0.24048970532829989,2.70697,ok,5842451888,1,4.58322,ok,5842455886,1,3.48787,ok,5842459886,1,4.76971,ok,5842463886,1
2026-09-06T08:10:04.564362+00:00,25.56065904,246832,5842470099,5842486020,15,True,15,1.17217,1.82701,1.8963959097866046,1.8763474666534419,1.1721669133933337,1.8270075366037042,0.27574421373544905,2.67303,ok,5842473888,1,4.65062,ok,5842477886,1,3.48667,ok,5842481886,1,4.79849,ok,5842485886,1
2026-09-06T08:10:04.587396+00:00,25.583693613,246833,5842492352,5842509020,15,True,15,1.19113,1.82872,1.9123391407005386,1.8775592086287727,1.1911304422366666,1.8287169735518531,0.26569347346340655,2.70028,ok,5842496888,1,4.6355,ok,5842500886,1,3.49152,ok,5842504886,1,4.80251,ok,5842508886,1
2026-09-06T08:10:04.609405+00:00,25.605701917,246834,5842514611,5842531020,15,True,15,1.21828,1.8215,1.9348499904831518,1.8701537424453987,1.2182766000633332,1.8215014097925935,0.2454179521124506,2.69259,ok,5842518888,1,4.60318,ok,5842522886,1,3.49693,ok,5842526886,1,4.77512,ok,5842530886,1
2026-09-06T08:10:04.637384+00:00,25.633681903,246835,5842542592,5842559019,15,True,15,1.21921,1.80417,1.9347067584733044,1.8535655757261997,1.2192066164200002,1.8041678607333331,0.2328969728035033,2.67317,ok,5842546888,1,4.59868,ok,5842550886,1,3.5146,ok,5842554886,1,4.77202,ok,5842558886,1
2026-09-06T08:10:04.659383+00:00,25.655679776,246836,5842564855,5842581020,15,True,15,1.23903,1.82511,1.952537977712291,1.8732072163477083,1.2390306925400003,1.8251064142111117,0.23711776825083503,2.72974,ok,5842568887,1,4.59893,ok,5842572886,1,3.51632,ok,5842576886,1,4.77454,ok,5842580886,1
2026-09-06T08:10:04.681378+00:00,25.677675216,246837,5842587109,5842603020,15,True,15,1.24172,1.82243,1.954595275362016,1.8705644778089796,1.2417202917000003,1.8224283197555557,0.23377181108272518,2.69864,ok,5842590888,1,4.57457,ok,5842594886,1,3.49171,ok,5842598886,1,4.75945,ok,5842602886,1
2026-09-06T08:10:04.704403+00:00,25.7006999,246838,5842609363,5842626020,15,True,15,1.22888,1.82457,1.9441110010352807,1.8729620525913333,1.2288848880700003,1.8245726082555562,0.24190484443100418,2.69937,ok,5842613887,1,4.60245,ok,5842617886,1,3.50717,ok,5842621886,1,4.75834,ok,5842625886,1
2026-09-06T08:10:04.726376+00:00,25.722672684,246839,5842631620,5842648020,15,True,15,1.23768,1.81685,1.9508279013351357,1.8652732494120103,1.2376825048900002,1.8168457388222228,0.23172192385371673,2.68959,ok,5842635888,1,4.57269,ok,5842639886,1,3.49066,ok,5842643886,1,4.76477,ok,5842647886,1
2026-09-06T08:10:04.748409+00:00,25.74470611,246840,5842653879,5842670020,15,True,15,1.21851,1.83178,1.9356627492271625,1.880009700218254,1.2185081550466663,1.831782240196297,0.2526338598792996,2.7091,ok,5842657888,1,4.61193,ok,5842661886,1,3.49556,ok,5842665886,1,4.77518,ok,5842669886,1
2026-09-06T08:10:04.770387+00:00,25.766684142,246841,5842676140,5842692020,15,True,15,1.21036,1.82046,1.928079841468377,1.8692849969404017,1.2103606460066665,1.82045640872963,0.2490922475823641,2.6794,ok,5842679888,1,4.60283,ok,5842683886,1,3.48648,ok,5842687886,1,4.77818,ok,5842691886,1
2026-09-06T08:10:04.793410+00:00,25.789707034,246842,5842698397,5842715019,15,True,15,1.20672,1.84571,1.9268118264987304,1.8937107590542972,1.2067165386233332,1.8457100918037046,0.26889155528994274,2.70492,ok,5842702888,1,4.63746,ok,5842706886,1,3.49454,ok,5842710886,1,4.75725,ok,5842714886,1
2026-09-06T08:10:04.815418+00:00,25.811715563,246843,5842720652,5842737020,15,True,15,1.22618,1.80671,1.9405261170284744,1.8557636539901639,1.2261832425300006,1.806703146188889,0.23072776979496712,2.67988,ok,5842724888,1,4.58135,ok,5842728886,1,3.49861,ok,5842732886,1,4.7792,ok,5842736886,1
2026-09-06T08:10:04.837435+00:00,25.83373174,246844,5842742906,5842759020,15,True,15,1.22084,1.84032,1.9380964375593766,1.888139199687276,1.2208378320633329,1.8403258332592607,0.257675413512062,2.72337,ok,5842746888,1,4.61446,ok,5842750886,1,3.49123,ok,5842754886,1,4.77604,ok,5842758886,1
2026-09-06T08:10:04.860377+00:00,25.856674022,246845,5842765164,5842782020,15,True,15,1.22347,1.81978,1.9392727591755885,1.8684804423479642,1.22346991165,1.8197861132222233,0.24133706361482143,2.67889,ok,5842769888,1,4.59801,ok,5842773886,1,3.49976,ok,5842777886,1,4.75539,ok,5842781886,1
2026-09-06T08:10:04.882394+00:00,25.878690935,246846,5842787425,5842804020,15,True,15,1.2054,1.85689,1.9262545680394103,1.9044046268304846,1.205401307786667,1.8568935079407416,0.2777948938171635,2.73059,ok,5842791888,1,4.64619,ok,5842795886,1,3.48985,ok,5842799886,1,4.77023,ok,5842803886,1
2026-09-06T08:10:04.904395+00:00,25.900691912,246847,5842809680,5842826020,15,True,15,1.20466,1.82346,1.923575696410488,1.8723336304776868,1.2046680481599996,1.823466486300001,0.2543408623048632,2.67538,ok,5842813888,1,4.6138,ok,5842817886,1,3.48893,ok,5842821886,1,4.77217,ok,5842825886,1
2026-09-06T08:10:04.926397+00:00,25.92269436,246848,5842831934,5842848020,15,True,15,1.22823,1.84632,1.9448386339627028,1.8938250459600752,1.2282271243800011,1.8463244256777784,0.25844336414317626,2.72146,ok,5842835888,1,4.61337,ok,5842839886,1,3.49264,ok,5842843886,1,4.75374,ok,5842847886,1
2026-09-06T08:10:04.967939+00:00,25.964221431,246849,5842872943,5842889020,15,True,15,1.19731,1.84702,1.918760509005869,1.8950529184719005,1.1973038409,1.8470202705111114,0.27490129322942614,2.66511,ok,5842876888,1,4.6137,ok,5842880886,1,3.44762,ok,5842884886,1,4.75396,ok,5842888886,1
2026-09-06T08:10:04.995414+00:00,25.991711483,246850,5842900693,5842917020,15,True,15,1.23166,1.86499,1.9489514024746755,1.91171485173955,1.2316555941800003,1.8649948138888892,0.2712682793482175,2.73722,ok,5842904888,1,4.62349,ok,5842908886,1,3.48687,ok,5842912886,1,4.73709,ok,5842916886,1
2026-09-06T08:10:05.027415+00:00,26.023712121,246851,5842922955,5842949020,15,True,15,1.2144,1.85003,1.933947593033079,1.8978962240444233,1.21440691366,1.850031396288889,0.2680132798444641,2.67957,ok,5842936887,2,4.6368,ok,5842940886,1,3.4991,ok,5842944886,1,4.7087,ok,5842948886,1
2026-09-06T08:10:05.044398+00:00,26.040694947,246852,5842949685,5842966019,15,True,15,1.27285,1.86542,1.983711907113557,1.9113498586097162,1.2728521704999998,1.865423784466667,0.25459755648507865,2.73623,ok,5842953892,1,4.57466,ok,5842957886,1,3.48098,ok,5842961886,1,4.6958,ok,5842965886,1
2026-09-06T08:10:05.066604+00:00,26.062899737,246853,5842971937,5842988020,15,True,15,1.2364,1.86027,1.953218497082946,1.907353738892254,1.2363997585566666,1.8602686570740745,0.26532791434098146,2.67643,ok,5842975887,1,4.61545,ok,5842979886,1,3.48912,ok,5842983886,1,4.66945,ok,5842987886,1
2026-09-06T08:10:05.088379+00:00,26.08467626,246854,5842994190,5843010019,15,True,15,1.25011,1.88127,1.9659819617308862,1.9272087786965348,1.2501160977933334,1.8812710814925935,0.2765730537864304,2.72887,ok,5842997888,1,4.62506,ok,5843001886,1,3.49441,ok,5843005886,1,4.67103,ok,5843009886,1
2026-09-06T08:10:05.111414+00:00,26.107711856,246855,5843016448,5843033019,15,True,15,1.244,1.8809,1.96101730388928,1.9270719394941291,1.243998887210001,1.8809018359222227,0.27871325619959475,2.69726,ok,5843020888,1,4.62646,ok,5843024886,1,3.48798,ok,5843028886,1,4.64631,ok,5843032886,1
2026-09-06T08:10:05.133413+00:00,26.129710689,246856,5843038709,5843055019,15,True,15,1.26278,1.85883,1.9753678691253127,1.9054686735302138,1.2627868846733334,1.8588277904814818,0.25293605550088255,2.70301,ok,5843042888,1,4.5995,ok,5843046886,1,3.50768,ok,5843050886,1,4.66068,ok,5843054886,1
2026-09-06T08:10:05.155774+00:00,26.152071259,246857,5843060965,5843077020,15,True,15,1.25978,1.85021,1.9722394808557948,1.89722566880853,1.259779253226666,1.8502111917185193,0.24709215094459375,2.6828,ok,5843064888,1,4.58724,ok,5843068886,1,3.49838,ok,5843072886,1,4.66418,ok,5843076886,1
2026-09-06T08:10:05.178445+00:00,26.17474115,246858,5843083220,5843100020,15,True,15,1.25357,1.84559,1.9663344800780158,1.892724965074406,1.2535729315800004,1.845591649077778,0.24605908148955186,2.69501,ok,5843087888,1,4.5783,ok,5843091886,1,3.48371,ok,5843095886,1,4.70463,ok,5843099886,1
2026-09-06T08:10:05.200385+00:00,26.196682893,246859,5843105475,5843122019,15,True,15,1.23366,1.84594,1.949790649986408,1.8935389661894317,1.233664214166667,1.8459398236185196,0.25545557718023154,2.69354,ok,5843109888,1,4.61397,ok,5843113886,1,3.5017,ok,5843117886,1,4.71008,ok,5843121886,1
2026-09-06T08:10:05.222417+00:00,26.218712798,246860,5843127734,5843144020,15,True,15,1.23613,1.83327,1.9509016118620082,1.8812493963522852,1.2361218866066668,1.8332734812962967,0.24464194471665437,2.68586,ok,5843131888,1,4.59545,ok,5843135886,1,3.49713,ok,5843139886,1,4.72627,ok,5843143886,1
2026-09-06T08:10:05.244431+00:00,26.240727375,246861,5843149994,5843166020,15,True,15,1.24259,1.83985,1.9568138248231532,1.8874655742223736,1.242596276266667,1.8398532498518523,0.24653705957858935,2.70856,ok,5843153888,1,4.60424,ok,5843157886,1,3.50946,ok,5843161886,1,4.72366,ok,5843165886,1
2026-09-06T08:10:05.267396+00:00,26.263693722,246862,5843172251,5843189020,15,True,15,1.22654,1.81295,1.9416472962697093,1.8619625505717,1.2265376755733337,1.8129524735148155,0.2347741351057348,2.66956,ok,5843176888,1,4.6013,ok,5843180886,1,3.51721,ok,5843184886,1,4.74171,ok,5843188886,1
2026-09-06T08:10:05.289380+00:00,26.285677034,246863,5843194506,5843211020,15,True,15,1.24591,1.86223,1.9609503481782835,1.9088571097735025,1.2459135390599998,1.8622242938888893,0.26273444640775073,2.72782,ok,5843198888,1,4.61005,ok,5843202886,1,3.49309,ok,5843206886,1,4.71181,ok,5843210886,1
2026-09-06T08:10:05.311383+00:00,26.307680059,246864,5843216758,5843233020,15,True,15,1.20853,1.86016,1.9294049249351015,1.9076299387074085,1.2085308275733333,1.86016199685926,0.27857883467887307,2.65681,ok,5843220888,1,4.61817,ok,5843224886,1,3.45273,ok,5843228886,1,4.70401,ok,5843232886,1
2026-09-06T08:10:05.339378+00:00,26.335675597,246865,5843244584,5843261020,15,True,15,1.23158,1.82665,1.946316765125312,1.8748152791329773,1.2315787210100002,1.8266519128111116,0.2420699588294975,2.7085,ok,5843248888,1,4.59314,ok,5843252886,1,3.49612,ok,5843256886,1,4.77007,ok,5843260886,1
2026-09-06T08:10:05.361414+00:00,26.357711423,246866,5843266846,5843283020,15,True,15,1.22008,1.82158,1.9363720084026776,1.8701876640015689,1.2200794392533345,1.821573371614815,0.24448498387549406,2.69842,ok,5843270887,1,4.60434,ok,5843274886,1,3.50094,ok,5843278886,1,4.77674,ok,5843282886,1
2026-09-06T08:10:05.383389+00:00,26.379686446,246867,5843289100,5843305020,15,True,15,1.23337,1.82367,1.947560810469361,1.8718784127351789,1.2333644997666673,1.8236655384074083,0.2389691360571841,2.71045,ok,5843292888,1,4.58746,ok,5843296886,1,3.49506,ok,5843300886,1,4.77682,ok,5843304886,1
2026-09-06T08:10:05.406398+00:00,26.402695034,246868,5843311354,5843328020,15,True,15,1.214,1.85276,1.933357169257214,1.9003264053497535,1.214001450176667,1.8527611191296298,0.2703344249581562,2.71093,ok,5843315887,1,4.63085,ok,5843319886,1,3.48711,ok,5843323886,1,4.74854,ok,5843327886,1
2026-09-06T08:10:05.428402+00:00,26.424698955,246869,5843333613,5843350019,15,True,15,1.24163,1.8247,1.9549465657498495,1.8728784677926218,1.2416253349299997,1.8246931823666677,0.23546025872913068,2.69246,ok,5843337888,1,4.58863,ok,5843341886,1,3.50707,ok,5843345886,1,4.73692,ok,5843349886,1
2026-09-06T08:10:05.470409+00:00,26.466706359,246870,5843375412,5843392019,15,True,15,1.21802,1.84044,1.936162339353233,1.8885060278248276,1.2180197195400002,1.8404378223333338,0.2591153979842912,2.67848,ok,5843379888,1,4.61741,ok,5843383886,1,3.49095,ok,5843387886,1,4.72797,ok,5843391886,1
2026-09-06T08:10:05.502386+00:00,26.49868338,246871,5843397676,5843424020,15,True,15,1.22821,1.83073,1.9437613494428003,1.8788096930321871,1.228209530966667,1.830730542840741,0.24680161458212388,2.71441,ok,5843401888,1,4.60272,ok,5843405886,1,3.49865,ok,5843419886,2,4.77077,ok,5843423886,1
2026-09-06T08:10:05.519408+00:00,26.51570483,246872,5843424696,5843441020,15,True,15,1.23922,1.82564,1.952635697060385,1.8736678002859146,1.239216151359999,1.8256349594666674,0.23743666226948018,2.71555,ok,5843428892,1,4.58485,ok,5843432886,1,3.49747,ok,5843436886,1,4.77101,ok,5843440886,1
2026-09-06T08:10:05.541414+00:00,26.537710863,246873,5843446950,5843463020,15,True,15,1.24894,1.81692,1.9603212154306673,1.8651331411404373,1.248930729,1.8169181845333335,0.22603288945616842,2.71654,ok,5843450888,1,4.57568,ok,5843454886,1,3.51054,ok,5843458886,1,4.7688,ok,5843462886,1
2026-09-06T08:10:05.564418+00:00,26.560715131,246874,5843469209,5843486020,15,True,15,1.23625,1.81761,1.9498291512766868,1.866110451225149,1.2362539389733336,1.817611629970371,0.23299134509041855,2.6798,ok,5843473888,1,4.57818,ok,5843477886,1,3.49482,ok,5843481886,1,4.75072,ok,5843485886,1
2026-09-06T08:10:05.586432+00:00,26.58272894,246875,5843491470,5843508020,15,True,15,1.22279,1.83351,1.9391539455382962,1.8814774985945244,1.2227895963666668,1.8335066092962964,0.25168971887339747,2.72151,ok,5843495888,1,4.60086,ok,5843499886,1,3.48486,ok,5843503886,1,4.78936,ok,5843507886,1
2026-09-06T08:10:05.608432+00:00,26.604729501,246876,5843513725,5843530020,15,True,15,1.20178,1.82633,1.92107667937547,1.8750287702885713,1.2017781857266676,1.8263358110851857,0.25801416529153975,2.70434,ok,5843517888,1,4.61987,ok,5843521886,1,3.48912,ok,5843525886,1,4.8022,ok,5843529886,1
2026-09-06T08:10:05.630412+00:00,26.626709549,246877,5843535979,5843552020,15,True,15,1.23333,1.83286,1.9479379755762594,1.8806311779054607,1.2333302045833334,1.8328632490037047,0.24583427005017855,2.72636,ok,5843539888,1,4.58756,ok,5843543886,1,3.48328,ok,5843547886,1,4.78623,ok,5843551886,1
2026-09-06T08:10:05.653439+00:00,26.649735673,246878,5843558233,5843575020,15,True,15,1.19994,1.83292,1.9201463496129445,1.8814855490480165,1.19993769238,1.832920099033334,0.2635273971050993,2.69747,ok,5843562888,1,4.63102,ok,5843566886,1,3.49277,ok,5843570886,1,4.78135,ok,5843574886,1
2026-09-06T08:10:05.681397+00:00,26.677693482,246879,5843586578,5843603019,15,True,15,1.20829,1.81422,1.9261262817676137,1.8634225177812898,1.2082908303700002,1.8142211438222229,0.2459642566645306,2.67247,ok,5843590888,1,4.61154,ok,5843594886,1,3.50303,ok,5843598886,1,4.77222,ok,5843602886,1
2026-09-06T08:10:05.703426+00:00,26.699723003,246880,5843608839,5843625020,15,True,15,1.2283,1.83911,1.9444122414840408,1.8868808409999438,1.2283021845566664,1.8391134969851863,0.2529732748780892,2.73195,ok,5843612887,1,4.61657,ok,5843616886,1,3.50624,ok,5843620886,1,4.76931,ok,5843624886,1
2026-09-06T08:10:05.725422+00:00,26.72171918,246881,5843631093,5843647020,15,True,15,1.22081,1.82001,1.936834337999776,1.8686405073291874,1.2208104526299999,1.8200041347000007,0.24299168920228545,2.68631,ok,5843634888,1,4.59292,ok,5843638886,1,3.48898,ok,5843642886,1,4.77403,ok,5843646886,1
2026-09-06T08:10:05.748414+00:00,26.744711223,246882,5843653346,5843670020,15,True,15,1.26497,1.83292,1.974850678468987,1.8802011820333486,1.26497554643,1.832924386744445,0.2309542801867993,2.72753,ok,5843657887,1,4.5647,ok,5843661886,1,3.49856,ok,5843665886,1,4.74305,ok,5843669886,1
2026-09-06T08:10:05.770416+00:00,26.766712872,246883,5843675599,5843692020,15,True,15,1.23579,1.81968,1.9496670635745466,1.8681483202668092,1.2357945989000008,1.8196774062444447,0.23471924391709376,2.70428,ok,5843679888,1,4.59901,ok,5843683886,1,3.51877,ok,5843687886,1,4.75735,ok,5843691886,1
2026-09-06T08:10:05.792391+00:00,26.7886886,246884,5843697857,5843714020,15,True,15,1.24106,1.83307,1.9548967223075702,1.880883255743363,1.2410554176066673,1.8330637822629634,0.24208878140320997,2.73033,ok,5843701888,1,4.60678,ok,5843705886,1,3.51929,ok,5843709886,1,4.75587,ok,5843713886,1
2026-09-06T08:10:05.814413+00:00,26.810710505,246885,5843720119,5843736020,15,True,15,1.23587,1.81616,1.949432516518251,1.8647345521824563,1.23586720355,1.8161612718444458,0.23213373770834017,2.70338,ok,5843723888,1,4.59356,ok,5843727886,1,3.51625,ok,5843731886,1,4.76476,ok,5843735886,1
2026-09-06T08:10:05.837427+00:00,26.833724117,246886,5843742374,5843759019,15,True,15,1.23716,1.81976,1.9507048834137304,1.868152683223551,1.23715216548,1.8197639868888897,0.23410374133918577,2.70148,ok,5843746888,1,4.58906,ok,5843750886,1,3.50758,ok,5843754886,1,4.76084,ok,5843758886,1
2026-09-06T08:10:05.859406+00:00,26.855703589,246887,5843764634,5843781020,15,True,15,1.23537,1.80186,1.9479177589489594,1.8509144129272599,1.2353682246333337,1.8018580419481487,0.22225908253287627,2.70174,ok,5843768888,1,4.58001,ok,5843772886,1,3.51617,ok,5843776886,1,4.79043,ok,5843780886,1
2026-09-06T08:10:05.881423+00:00,26.877720374,246888,5843786887,5843803020,15,True,15,1.21219,1.82576,1.929858775062445,1.8742988014663966,1.2121916066600005,1.8257612667777774,0.25178807790635915,2.70887,ok,5843790888,1,4.6126,ok,5843794886,1,3.49516,ok,5843798886,1,4.79314,ok,5843802886,1
2026-09-06T08:10:05.904440+00:00,26.900736962,246889,5843809146,5843826020,15,True,15,1.22166,1.83743,1.938557108642943,1.8853152902824446,1.2216598683866675,1.8374264457629634,0.25512608209736193,2.73478,ok,5843813888,1,4.61696,ok,5843817886,1,3.49944,ok,5843821886,1,4.78766,ok,5843825886,1
2026-09-06T08:10:05.926412+00:00,26.92270885,246890,5843831405,5843848020,15,True,15,1.21585,1.82721,1.933359059699103,1.8757751677416556,1.2158504318166667,1.827210231296297,0.2507275423295625,2.70372,ok,5843835888,1,4.62478,ok,5843839886,1,3.51457,ok,5843843886,1,4.76652,ok,5843847886,1
2026-09-06T08:10:05.948413+00:00,26.944710339,246891,5843853662,5843870019,15,True,15,1.24023,1.84478,1.9547379304611652,1.8920570397812064,1.2402275800333333,1.8447791150037054,0.25152338972090993,2.74709,ok,5843857888,1,4.60714,ok,5843861886,1,3.50357,ok,5843865886,1,4.76547,ok,5843869886,1
2026-09-06T08:10:05.989409+00:00,26.985706195,246892,5843894679,5843911019,15,True,15,1.20631,1.84487,1.9261664747092857,1.892792916848396,1.2063106026033337,1.8448699794259265,0.2685558591243755,2.71039,ok,5843898888,1,4.62618,ok,5843902886,1,3.48006,ok,5843906886,1,4.77607,ok,5843910886,1
2026-09-06T08:10:06.017427+00:00,27.013724134,246893,5843922689,5843939020,15,True,15,1.21543,1.8241,1.9325734803859154,1.8726814098081517,1.215428766386666,1.8240963495407414,0.24881566422446286,2.70158,ok,5843926888,1,4.60974,ok,5843930886,1,3.49816,ok,5843934886,1,4.78246,ok,5843938886,1
2026-09-06T08:10:06.039418+00:00,27.035715158,246894,5843944950,5843961020,15,True,15,1.23324,1.84124,1.9486296634413998,1.8887910849686966,1.2332394223033332,1.8412383117037048,0.25214933912484755,2.72149,ok,5843948887,1,4.60012,ok,5843952886,1,3.48889,ok,5843956886,1,4.76088,ok,5843960886,1
2026-09-06T08:10:06.061418+00:00,27.057715591,246895,5843967204,5843983019,15,True,15,1.23029,1.8084,1.9441412996234089,1.8573297550371888,1.2302903969933339,1.8083916220703706,0.22960967422366493,2.68905,ok,5843970888,1,4.58484,ok,5843974886,1,3.50687,ok,5843978886,1,4.77597,ok,5843982886,1
2026-09-06T08:10:06.084413+00:00,27.080710354,246896,5843989457,5844006020,15,True,15,1.23729,1.81788,1.9504686160737814,1.8662273942436267,1.237290074356667,1.8178775315629632,0.2327007723819089,2.71165,ok,5843993887,1,4.58067,ok,5843997886,1,3.49922,ok,5844001886,1,4.78193,ok,5844005886,1
2026-09-06T08:10:06.106437+00:00,27.10273466,246897,5844011711,5844028019,15,True,15,1.22406,1.81924,1.939449375975382,1.8678069210574242,1.2240599026833332,1.8192377407592597,0.24070091398096405,2.70779,ok,5844015888,1,4.59706,ok,5844019886,1,3.50006,ok,5844023886,1,4.78821,ok,5844027886,1
2026-09-06T08:10:06.128414+00:00,27.12471154,246898,5844033968,5844050019,15,True,15,1.20891,1.83138,1.9276580829530872,1.879860050728548,1.2089110488700003,1.8313827177777788,0.25748580137103566,2.69064,ok,5844037888,1,4.61897,ok,5844041886,1,3.49164,ok,5844045886,1,4.76797,ok,5844049886,1
2026-09-06T08:10:06.151429+00:00,27.147725152,246899,5844056228,5844073020,15,True,15,1.24112,1.82301,1.9540020254281782,1.8710763097046028,1.24112266828,1.8230117192000013,0.2345327380515717,2.7274,ok,5844060888,1,4.5848,ok,5844064886,1,3.5035,ok,5844068886,1,4.78304,ok,5844072886,1
2026-09-06T08:10:06.173417+00:00,27.169714288,246900,5844078486,5844095019,15,True,15,1.20484,1.83188,1.9242996662522733,1.8804289250831852,1.2048403418633333,1.8318739798481483,0.2600545223873429,2.68382,ok,5844082888,1,4.62235,ok,5844086886,1,3.48965,ok,5844090886,1,4.76508,ok,5844094886,1
2026-09-06T08:10:06.195432+00:00,27.191729057,246901,5844100741,5844117020,15,True,15,1.23584,1.82791,1.9499447064279534,1.8759235804543937,1.23584244995,1.827912373844445,0.2408350776685602,2.72162,ok,5844104888,1,4.59326,ok,5844108886,1,3.50075,ok,5844112886,1,4.77476,ok,5844116886,1
2026-09-06T08:10:06.217428+00:00,27.21372501,246902,5844122994,5844139020,15,True,15,1.2107,1.81043,1.9279379145663829,1.8597431386657404,1.2106952888999998,1.8104260325555563,0.24201594045125327,2.66954,ok,5844126888,1,4.60801,ok,5844130886,1,3.50669,ok,5844134886,1,4.77089,ok,5844138886,1
2026-09-06T08:10:06.240419+00:00,27.236716765,246903,5844145250,5844162020,15,True,15,1.25496,1.81336,1.9650293603084097,1.8615269293388748,1.2549593959499996,1.813356188211112,0.22038531452918114,2.71657,ok,5844149888,1,4.55913,ok,5844153886,1,3.50215,ok,5844157886,1,4.7754,ok,5844161886,1
2026-09-06T08:10:06.262416+00:00,27.258713454,246904,5844167511,5844184020,15,True,15,1.20297,1.83424,1.9226846498014598,1.8826485692282513,1.2029722162700005,1.834241581777778,0.26279434739415053,2.70286,ok,5844171888,1,4.62463,ok,5844175886,1,3.48694,ok,5844179886,1,4.78603,ok,5844183886,1
2026-09-06T08:10:06.284405+00:00,27.280703006,246905,5844189768,5844206020,15,True,15,1.23224,1.83209,1.9470696668158527,1.8799527592987462,1.2322437585033335,1.8320879489592599,0.24578483699226375,2.73304,ok,5844193888,1,4.5985,ok,5844197886,1,3.49712,ok,5844201886,1,4.78635,ok,5844205886,1
2026-09-06T08:10:06.306409+00:00,27.302706543,246906,5844212022,5844228019,15,True,15,1.22404,1.82219,1.9396847473941987,1.8706750214093308,1.2240391135500002,1.8221904120000003,0.2427995859868682,2.69778,ok,5844215888,1,4.59553,ok,5844219886,1,3.49422,ok,5844223886,1,4.77563,ok,5844227886,1
2026-09-06T08:10:06.329417+00:00,27.325714138,246907,5844234275,5844251020,15,True,15,1.21613,1.82092,1.9330571954032971,1.8696630084802066,1.2161283760666672,1.8209211814074082,0.24617697028853402,2.7017,ok,5844238888,1,4.61424,ok,5844242886,1,3.50916,ok,5844246886,1,4.77978,ok,5844250886,1
2026-09-06T08:10:06.357407+00:00,27.353704012,246908,5844262574,5844279019,15,True,15,1.2203,1.8359,1.9372684113238643,1.8838539902025313,1.220296360933334,1.8358994284925934,0.2547221770891377,2.72094,ok,5844266888,1,4.60764,ok,5844270886,1,3.48715,ok,5844274886,1,4.78515,ok,5844278886,1
2026-09-06T08:10:06.379449+00:00,27.375746078,246909,5844284834,5844301020,15,True,15,1.2297,1.83681,1.9452419918601,1.884539252546709,1.2296973624933336,1.8368021376259265,0.25058169676374564,2.74191,ok,5844288887,1,4.60861,ok,5844292886,1,3.50072,ok,5844296886,1,4.78766,ok,5844300886,1
2026-09-06T08:10:06.401426+00:00,27.397723438,246910,5844307089,5844323020,15,True,15,1.24298,1.82786,1.9559651829611797,1.8757370562970768,1.2429806771733336,1.8278555343592595,0.23723053637016256,2.71344,ok,5844310888,1,4.58036,ok,5844314886,1,3.49411,ok,5844318886,1,4.76293,ok,5844322886,1
2026-09-06T08:10:06.424434+00:00,27.420731194,246911,5844329342,5844346019,15,True,15,1.24611,1.82574,1.9584121807264558,1.8736214710564218,1.2461076754766673,1.8257420980851862,0.23410388342618266,2.72388,ok,5844333887,1,4.57926,ok,5844337886,1,3.49986,ok,5844341886,1,4.77133,ok,5844345886,1
2026-09-06T08:10:06.446422+00:00,27.44271921,246912,5844351595,5844368019,15,True,15,1.23683,1.81586,1.9501497666636889,1.8643896795756754,1.2368379560933342,1.815861912381482,0.2314252399766302,2.70453,ok,5844355888,1,4.58813,ok,5844359886,1,3.51092,ok,5844363886,1,4.76954,ok,5844367886,1
2026-09-06T08:10:06.468436+00:00,27.464733339,246913,5844373853,5844390020,15,True,15,1.21713,1.84822,1.9354328547121076,1.895773253508233,1.2171322395366666,1.848219233362964,0.2654224921365494,2.73368,ok,5844377888,1,4.62357,ok,5844381886,1,3.4878,ok,5844385886,1,4.77933,ok,5844389886,1
2026-09-06T08:10:06.509452+00:00,27.50574894,246914,5844415091,5844431019,15,True,15,1.22112,1.83789,1.938523074473198,1.8859549206020527,1.2211180377800002,1.8378874371333338,0.2556612764719173,2.69193,ok,5844418888,1,4.61592,ok,5844422886,1,3.4967,ok,5844426886,1,4.74056,ok,5844430886,1
2026-09-06T08:10:06.532443+00:00,27.528739896,246915,5844437345,5844454020,15,True,15,1.24343,1.8194,1.955837702720232,1.8676196456274998,1.24343213462,1.8194009618777784,0.2306526683929181,2.71105,ok,5844441888,1,4.57894,ok,5844445886,1,3.50377,ok,5844449886,1,4.76861,ok,5844453886,1
2026-09-06T08:10:06.554448+00:00,27.550745288,246916,5844459600,5844476019,15,True,15,1.21683,1.83982,1.9348463267310507,1.8878031407731461,1.216826740983333,1.8398163502592604,0.25933531892904954,2.72211,ok,5844463888,1,4.62809,ok,5844467886,1,3.50416,ok,5844471886,1,4.77029,ok,5844475886,1
2026-09-06T08:10:06.576434+00:00,27.572730489,246917,5844481866,5844498019,15,True,15,1.24283,1.81969,1.9554959759583117,1.867981933402071,1.2428263855233337,1.8196919085925936,0.23114614374673817,2.70662,ok,5844485888,1,4.58611,ok,5844489886,1,3.5119,ok,5844493886,1,4.75767,ok,5844497886,1
2026-09-06T08:10:06.598490+00:00,27.594784715,246918,5844504120,5844520020,15,True,15,1.24461,1.83865,1.9581032709825514,1.8861195872784504,1.2446038721000003,1.8386529700333338,0.2447080533724646,2.71116,ok,5844507888,1,4.58367,ok,5844511886,1,3.48686,ok,5844515886,1,4.7435,ok,5844519886,1
2026-09-06T08:10:06.621442+00:00,27.617738805,246919,5844526376,5844543020,15,True,15,1.2265,1.80576,1.9408874094118622,1.8549258944579803,1.2264975382066667,1.8057602560962964,0.22985567912024718,2.67725,ok,5844530888,1,4.58868,ok,5844534886,1,3.50986,ok,5844538886,1,4.76944,ok,5844542886,1
2026-09-06T08:10:06.643470+00:00,27.639765766,246920,5844548637,5844565020,15,True,15,1.22752,1.84637,1.9440393550372785,1.8937874250397202,1.2275208661533334,1.8463734978592596,0.2588620732804394,2.7293,ok,5844552888,1,4.60649,ok,5844556886,1,3.48247,ok,5844560886,1,4.77081,ok,5844564886,1
2026-09-06T08:10:06.665431+00:00,27.66172847,246921,5844570889,5844587020,15,True,15,1.2087,1.81102,1.926109117973254,1.8602728459161324,1.2086956221599996,1.8110274539555569,0.24363604040906262,2.67388,ok,5844574888,1,4.60214,ok,5844578886,1,3.49534,ok,5844582886,1,4.78502,ok,5844586886,1
2026-09-06T08:10:06.693444+00:00,27.689740905,246922,5844598590,5844615019,15,True,15,1.24358,1.81783,1.9560014466936442,1.8661683592778964,1.2435815917833342,1.8178253007481489,0.229378007412263,2.70939,ok,5844602888,1,4.58583,ok,5844606886,1,3.515,ok,5844610886,1,4.76127,ok,5844614886,1
2026-09-06T08:10:06.715427+00:00,27.711723641,246923,5844620851,5844637019,15,True,15,1.21243,1.84418,1.9315055755250143,1.8921164758006377,1.2124358067933334,1.8441782010592607,0.2647902601980281,2.69378,ok,5844624887,1,4.62225,ok,5844628886,1,3.48453,ok,5844632886,1,4.74883,ok,5844636886,1
2026-09-06T08:10:06.737436+00:00,27.73373345,246924,5844643107,5844659019,15,True,15,1.23267,1.84362,1.9483469690451833,1.8911124158590833,1.2326665088699995,1.8436190357666673,0.25423224285787344,2.72787,ok,5844646888,1,4.60784,ok,5844650886,1,3.49518,ok,5844654886,1,4.75967,ok,5844658886,1
2026-09-06T08:10:06.760473+00:00,27.75677007,246925,5844665360,5844682020,15,True,15,1.2044,1.81864,1.9232540580971795,1.8678052657408024,1.2043966546666665,1.818642334951853,0.25114742081302005,2.68286,ok,5844669887,1,4.63048,ok,5844673886,1,3.51675,ok,5844677886,1,4.76953,ok,5844681886,1
2026-09-06T08:10:06.782443+00:00,27.778740038,246926,5844687620,5844704020,15,True,15,1.23528,1.83694,1.950211527034182,1.8846758977726057,1.2352885743433333,1.8369321559370377,0.2478568948065342,2.70598,ok,5844691888,1,4.59559,ok,5844695886,1,3.49141,ok,5844699886,1,4.74732,ok,5844703886,1
2026-09-06T08:10:06.804427+00:00,27.800723798,246927,5844709878,5844726019,15,True,15,1.23006,1.83758,1.9458553285637992,1.8854033055040291,1.2300583679500006,1.837580552477778,0.2509346612475682,2.70287,ok,5844713888,1,4.60072,ok,5844717886,1,3.48984,ok,5844721886,1,4.74921,ok,5844725886,1
2026-09-06T08:10:06.826472+00:00,27.822769384,246928,5844732138,5844748019,15,True,15,1.21417,1.84372,1.9328506620083743,1.891599291905188,1.2141730484999993,1.843718593000001,0.2635719536786552,2.70476,ok,5844735888,1,4.62119,ok,5844739886,1,3.48621,ok,5844743886,1,4.75911,ok,5844747886,1
2026-09-06T08:10:06.849469+00:00,27.845765844,246929,5844754395,5844771019,15,True,15,1.22094,1.84302,1.938588252948399,1.8908336135215764,1.2209452289599998,1.843018900988889,0.2595695084862307,2.70455,ok,5844758888,1,4.61737,ok,5844762886,1,3.49176,ok,5844766886,1,4.749,ok,5844770886,1
2026-09-06T08:10:06.871429+00:00,27.867725603,246930,5844776649,5844793020,15,True,15,1.20551,1.85232,1.9264414614776417,1.9001888331265404,1.2055108654466669,1.8523175288629636,0.27428911345001866,2.6986,ok,5844780888,1,4.64953,ok,5844784886,1,3.50034,ok,5844788886,1,4.73452,ok,5844792886,1
2026-09-06T08:10:06.893449+00:00,27.889746517,246931,5844798903,5844815020,15,True,15,1.24201,1.8285,1.9554399218408092,1.8764920361366493,1.242011003376667,1.8284982724740741,0.2381502359842077,2.70938,ok,5844802888,1,4.59427,ok,5844806886,1,3.51012,ok,5844810886,1,4.74631,ok,5844814886,1
2026-09-06T08:10:06.916423+00:00,27.912720447,246932,5844821162,5844838020,15,True,15,1.21099,1.83097,1.9295844418968024,1.8795245472490665,1.2109877396566666,1.8309749226740748,0.25601405476361117,2.68008,ok,5844825888,1,4.62234,ok,5844829886,1,3.49959,ok,5844833886,1,4.7488,ok,5844837886,1
2026-09-06T08:10:06.938470+00:00,27.934767377,246933,5844843422,5844860019,15,True,15,1.2368,1.85188,1.9523427014619168,1.8989607418014005,1.2367996779266663,1.8518759143518522,0.25863746497950085,2.73483,ok,5844847888,1,4.6075,ok,5844851886,1,3.49001,ok,5844855886,1,4.75149,ok,5844859886,1
2026-09-06T08:10:06.960527+00:00,27.956820035,246934,5844865679,5844882019,15,True,15,1.20002,1.83025,1.9201948315886748,1.8789889363637045,1.2000160879700006,1.8302479389888888,0.2615920335452839,2.67282,ok,5844869888,1,4.62529,ok,5844873886,1,3.48873,ok,5844877886,1,4.76152,ok,5844881886,1
2026-09-06T08:10:06.982449+00:00,27.978745874,246935,5844887932,5844904019,15,True,15,1.23206,1.8262,1.9464912724289811,1.874276919654287,1.2320565021666667,1.826199392796297,0.2415331786720226,2.72365,ok,5844891888,1,4.58952,ok,5844895886,1,3.49263,ok,5844899886,1,4.79019,ok,5844903886,1
2026-09-06T08:10:07.021454+00:00,28.017751373,246936,5844927072,5844943020,15,True,15,1.22032,1.8392,1.9374224494849406,1.8869886163066685,1.2203184042833337,1.8391991796481482,0.2571462544967838,2.72673,ok,5844930888,1,4.60708,ok,5844934886,1,3.48218,ok,5844938886,1,4.78913,ok,5844942886,1
2026-09-06T08:10:07.049433+00:00,28.045730366,246937,5844954693,5844971020,15,True,15,1.19401,1.80847,1.9137601709514058,1.8581927724324774,1.19400652307,1.8084764534555564,0.2506255004788027,2.67225,ok,5844958888,1,4.62977,ok,5844962886,1,3.51405,ok,5844966886,1,4.78964,ok,5844970886,1
2026-09-06T08:10:07.071444+00:00,28.067741423,246938,5844976952,5844993019,15,True,15,1.22832,1.8287,1.9434894928861515,1.8767478596381233,1.2283230619733336,1.8287045285814825,0.2453060312486012,2.72616,ok,5844980887,1,4.59496,ok,5844984886,1,3.49121,ok,5844988886,1,4.79327,ok,5844992886,1
2026-09-06T08:10:07.093428+00:00,28.089725696,246939,5844999204,5845015020,15,True,15,1.21133,1.83354,1.9295927093431025,1.8817707590702704,1.2113277916,1.8335372823888896,0.25776333740793994,2.72046,ok,5845002888,1,4.61964,ok,5845006886,1,3.49321,ok,5845010886,1,4.79399,ok,5845014886,1
2026-09-06T08:10:07.116429+00:00,28.112725739,246940,5845021455,5845038019,15,True,15,1.2396,1.81046,1.951792161123404,1.8589828633297723,1.2395998239266668,1.8104575132407414,0.22613330602249432,2.72693,ok,5845025887,1,4.5768,ok,5845029886,1,3.50699,ok,5845033886,1,4.80511,ok,5845037886,1
2026-09-06T08:10:07.138454+00:00,28.134751421,246941,5845043709,5845060020,15,True,15,1.20339,1.82539,1.9226578302410218,1.874225636899352,1.2033838794066665,1.8253895488518523,0.2563727750924453,2.69912,ok,5845047888,1,4.63191,ok,5845051886,1,3.50855,ok,5845055886,1,4.78223,ok,5845059886,1
2026-09-06T08:10:07.160460+00:00,28.156756845,246942,5845065966,5845082020,15,True,15,1.22304,1.81856,1.9385686256330752,1.8671830493219106,1.223041877013334,1.8185581582925932,0.24076742947521895,2.72429,ok,5845069888,1,4.60913,ok,5845073886,1,3.51532,ok,5845077886,1,4.79808,ok,5845081886,1
2026-09-06T08:10:07.183449+00:00,28.179746457,246943,5845088226,5845105019,15,True,15,1.21709,1.81266,1.9331236201966786,1.8616011169967628,1.2170884092333332,1.8126562058925935,0.23997742442710698,2.68621,ok,5845092888,1,4.58984,ok,5845096886,1,3.48907,ok,5845100886,1,4.79157,ok,5845104886,1
2026-09-06T08:10:07.205485+00:00,28.201782474,246944,5845110483,5845127019,15,True,15,1.23,1.82256,1.9444317226086143,1.8707788354478863,1.229996539233333,1.8225631885592601,0.23997226389219872,2.72877,ok,5845114888,1,4.58896,ok,5845118886,1,3.49363,ok,5845122886,1,4.80425,ok,5845126886,1
2026-09-06T08:10:07.227478+00:00,28.223774555,246945,5845132736,5845149020,15,True,15,1.21922,1.80489,1.9345703609930514,1.854171219864955,1.2192165686466663,1.8048925980629642,0.23343947076507182,2.68254,ok,5845136888,1,4.59281,ok,5845140886,1,3.506,ok,5845144886,1,4.78746,ok,5845148886,1
2026-09-06T08:10:07.249482+00:00,28.245779564,246946,5845154991,5845171020,15,True,15,1.21029,1.81957,1.9278503193772045,1.8683792409602653,1.2102879728800005,1.819567355111112,0.24855433480597405,2.70949,ok,5845158888,1,4.61371,ok,5845162886,1,3.50187,ok,5845166886,1,4.80255,ok,5845170886,1
2026-09-06T08:10:07.272449+00:00,28.268746806,246947,5845177249,5845194020,15,True,15,1.22129,1.8146,1.9368365712443962,1.863408284281564,1.22129267272,1.814597590833334,0.2389511135175559,2.69816,ok,5845181888,1,4.59488,ok,5845185886,1,3.49921,ok,5845189886,1,4.78957,ok,5845193886,1
2026-09-06T08:10:07.294472+00:00,28.290768936,246948,5845199510,5845216019,15,True,15,1.19008,1.81573,1.9104366030022892,1.865002478948541,1.1900840514766668,1.8157226750962971,0.2578156914512048,2.71157,ok,5845203888,1,4.6299,ok,5845207886,1,3.49933,ok,5845211886,1,4.83488,ok,5845215886,1
2026-09-06T08:10:07.316465+00:00,28.312761464,246949,5845221766,5845238019,15,True,15,1.20451,1.80648,1.921992430847827,1.855841939326789,1.2045070404000007,1.8064794300444451,0.24320142047000542,2.68701,ok,5845225888,1,4.59633,ok,5845229886,1,3.48755,ok,5845233886,1,4.81823,ok,5845237886,1
2026-09-06T08:10:07.338464+00:00,28.334761353,246950,5845244020,5845260020,15,True,15,1.20901,1.8386,1.92790805498122,1.886649224550845,1.209013290456667,1.8385966442296304,0.26263606120911265,2.71406,ok,5845247888,1,4.61604,ok,5845251886,1,3.47859,ok,5845255886,1,4.79028,ok,5845259886,1
2026-09-06T08:10:07.361453+00:00,28.357749876,246951,5845266275,5845283020,15,True,15,1.2214,1.83156,1.938037324342397,1.8797187505205122,1.221402683886667,1.8315618034851857,0.2509586302610301,2.71588,ok,5845270888,1,4.60941,ok,5845274886,1,3.49666,ok,5845278886,1,4.77946,ok,5845282886,1
2026-09-06T08:10:07.389433+00:00,28.385730406,246952,5845294589,5845311019,15,True,15,1.20589,1.83983,1.9254300155089341,1.8879343376477056,1.2058859633133332,1.8398333639925937,0.26517912543859795,2.72129,ok,5845298888,1,4.62888,ok,5845302886,1,3.48954,ok,5845306886,1,4.79146,ok,5845310886,1
2026-09-06T08:10:07.411432+00:00,28.407729846,246953,5845316848,5845333020,15,True,15,1.22599,1.81487,1.9407001603155094,1.8635330478973144,1.225986779696667,1.8148747113074084,0.23658998668644557,2.71489,ok,5845320887,1,4.59258,ok,5845324886,1,3.50254,ok,5845328886,1,4.80061,ok,5845332886,1
2026-09-06T08:10:07.434462+00:00,28.430759395,246954,5845339334,5845356020,15,True,15,1.20701,1.84758,1.9268275449102918,1.8953351426975868,1.207011981103334,1.8475804144703705,0.27017489480074364,2.7353,ok,5845343888,1,4.63431,ok,5845347886,1,3.48837,ok,5845351886,1,4.79254,ok,5845355886,1
2026-09-06T08:10:07.456460+00:00,28.452757683,246955,5845361593,5845378020,15,True,15,1.21819,1.82634,1.934930796347904,1.8747283739321157,1.21819710283,1.8263401478000005,0.2489289005630745,2.69784,ok,5845365886,1,4.5975,ok,5845369886,1,3.48309,ok,5845373886,1,4.78212,ok,5845377886,1
2026-09-06T08:10:07.478454+00:00,28.474751588,246956,5845383846,5845400019,15,True,15,1.21005,1.82648,1.928126524699819,1.875045279740466,1.2100519362333328,1.8264834870148154,0.25346732167045705,2.71038,ok,5845387888,1,4.61763,ok,5845391886,1,3.49781,ok,5845395886,1,4.79379,ok,5845399886,1
2026-09-06T08:10:07.501459+00:00,28.497756656,246957,5845406104,5845423019,15,True,15,1.21682,1.80414,1.9324186346037542,1.853455858394233,1.2168211215966669,1.8041426371629634,0.23434765100471,2.68027,ok,5845410888,1,4.58913,ok,5845414886,1,3.49872,ok,5845418886,1,4.79415,ok,5845422886,1
2026-09-06T08:10:07.542477+00:00,28.538774497,246958,5845448061,5845464020,15,True,15,1.21204,1.81884,1.9294268873843952,1.8677222253642851,1.2120346578933334,1.8188438389925936,0.24702906385845197,2.68773,ok,5845451888,1,4.60777,ok,5845455886,1,3.49747,ok,5845459886,1,4.78079,ok,5845463886,1
2026-09-06T08:10:07.565446+00:00,28.561742795,246959,5845470314,5845487019,15,True,15,1.23064,1.8284,1.9453812083875603,1.8763969104930962,1.2306371000433332,1.828404513125927,0.24389821921997598,2.71844,ok,5845474888,1,4.58521,ok,5845478886,1,3.48208,ok,5845482886,1,4.78929,ok,5845486886,1
2026-09-06T08:10:07.587486+00:00,28.583783293,246960,5845492566,5845509019,15,True,15,1.21184,1.81478,1.9287881606571702,1.8637222470884702,1.2118405428266668,1.8147837142518526,0.24442406023044305,2.69194,ok,5845496888,1,4.5969,ok,5845500886,1,3.4881,ok,5845504886,1,4.80018,ok,5845508886,1
2026-09-06T08:10:07.610088+00:00,28.606352285,246961,5845514832,5845531019,15,True,15,1.21343,1.81712,1.9302100378802975,1.865909807015278,1.213430248116667,1.8171250161185193,0.2451434036205621,2.71699,ok,5845518888,1,4.60608,ok,5845522886,1,3.49945,ok,5845526886,1,4.81408,ok,5845530886,1
2026-09-06T08:10:07.631457+00:00,28.62775427,246962,5845537085,5845553019,15,True,15,1.19807,1.82075,1.9178016005796428,1.869831019131973,1.198065846713334,1.8207492870148159,0.25629690709724984,2.69834,ok,5845540888,1,4.63237,ok,5845544886,1,3.50753,ok,5845548886,1,4.79637,ok,5845552886,1
2026-09-06T08:10:07.654463+00:00,28.650760617,246963,5845559342,5845576019,15,True,15,1.20837,1.82657,1.9266142568030413,1.875115000485648,1.208368603863334,1.8265716681259265,0.2544892227473237,2.70237,ok,5845563888,1,4.60903,ok,5845567886,1,3.48392,ok,5845571886,1,4.79645,ok,5845575886,1
2026-09-06T08:10:07.676464+00:00,28.67276137,246964,5845581596,5845598019,15,True,15,1.17756,1.80551,1.8994149657418207,1.855516407627526,1.1775606457500005,1.8055114553111118,0.25909200031969953,2.66874,ok,5845585888,1,4.62918,ok,5845589886,1,3.49361,ok,5845593886,1,4.8233,ok,5845597886,1
2026-09-06T08:10:07.698473+00:00,28.694770379,246965,5845603849,5845620019,15,True,15,1.20508,1.83983,1.924412687929634,1.8877854912460403,1.2050819063699996,1.8398299982666677,0.2656952545512379,2.71115,ok,5845607888,1,4.60364,ok,5845611886,1,3.45483,ok,5845615886,1,4.80594,ok,5845619886,1
2026-09-06T08:10:07.726463+00:00,28.722759997,246966,5845631590,5845648019,15,True,15,1.20574,1.78686,1.921924082814362,1.8370377547554473,1.2057398307433327,1.786862685270371,0.23002254314833018,2.67612,ok,5845635888,1,4.59401,ok,5845639886,1,3.51149,ok,5845643886,1,4.82408,ok,5845647886,1
2026-09-06T08:10:07.748469+00:00,28.744765646,246967,5845653853,5845670019,15,True,15,1.21139,1.81584,1.928334642507286,1.8646855708201733,1.2113881329866676,1.8158463933629632,0.24544744423688794,2.71985,ok,5845657887,1,4.60565,ok,5845661886,1,3.49761,ok,5845665886,1,4.82315,ok,5845669886,1
2026-09-06T08:10:07.770453+00:00,28.766750878,246968,5845676107,5845692020,15,True,15,1.1898,1.81277,1.9102053213461605,1.8622614698417457,1.1898023021099997,1.8127684384222231,0.2560182998559106,2.67706,ok,5845679888,1,4.62124,ok,5845683886,1,3.49127,ok,5845687886,1,4.80796,ok,5845691886,1
2026-09-06T08:10:07.793467+00:00,28.789763818,246969,5845698362,5845715019,15,True,15,1.21072,1.82479,1.9282474385395867,1.8732403583973243,1.210722338036667,1.8247839058518527,0.25200342706505224,2.73321,ok,5845702887,1,4.61002,ok,5845706886,1,3.49091,ok,5845710886,1,4.82712,ok,5845714886,1
2026-09-06T08:10:07.815549+00:00,28.811842589,246970,5845720621,5845737019,15,True,15,1.21373,1.79282,1.9288915490166714,1.842541155861051,1.2137264259733331,1.7928190960592596,0.22885707401540822,2.67873,ok,5845724888,1,4.57833,ok,5845728886,1,3.49471,ok,5845732886,1,4.81977,ok,5845736886,1
2026-09-06T08:10:07.837492+00:00,28.833789644,246971,5845742879,5845759020,15,True,15,1.22514,1.83302,1.9410554540502012,1.8809452780886973,1.2251359755266666,1.8330213653074081,0.25012693288475674,2.72984,ok,5845746888,1,4.60023,ok,5845750886,1,3.48802,ok,5845754886,1,4.795,ok,5845758886,1
2026-09-06T08:10:07.859481+00:00,28.85577846,246972,5845765140,5845781019,15,True,15,1.18127,1.81625,1.9033699092411371,1.865837850747723,1.1812662323,1.8162543039777783,0.2633752029846286,2.67503,ok,5845768888,1,4.63882,ok,5845772886,1,3.49786,ok,5845776886,1,4.80326,ok,5845780886,1
2026-09-06T08:10:07.882467+00:00,28.878764328,246973,5845787394,5845804020,15,True,15,1.22236,1.8112,1.9374984474041346,1.8601077035542561,1.2223661232933332,1.8111965779259267,0.2359989585225691,2.71126,ok,5845791888,1,4.59922,ok,5845795886,1,3.5108,ok,5845799886,1,4.80114,ok,5845803886,1
2026-09-06T08:10:07.904472+00:00,28.900769368,246974,5845809649,5845826019,15,True,15,1.18322,1.81536,1.9049116249125788,1.8649165729020107,1.1832245535700003,1.8153597476000014,0.26163303599952076,2.67077,ok,5845813888,1,4.63084,ok,5845817886,1,3.49123,ok,5845821886,1,4.80298,ok,5845825886,1
2026-09-06T08:10:07.926462+00:00,28.922759561,246975,5845831902,5845848020,15,True,15,1.22744,1.83744,1.943345748100834,1.8851792639343121,1.2274440527499997,1.8374423782888896,0.25220229964996377,2.73346,ok,5845835888,1,4.6041,ok,5845839886,1,3.49073,ok,5845843886,1,4.78644,ok,5845847886,1
2026-09-06T08:10:07.949504+00:00,28.945799189,246976,5845854161,5845871019,15,True,15,1.19919,1.80034,1.9172262226258234,1.8500931315390545,1.1991897235700002,1.8003385030777777,0.2424509260549516,2.6705,ok,5845858888,1,4.59847,ok,5845862886,1,3.49067,ok,5845866886,1,4.8146,ok,5845870886,1
2026-09-06T08:10:07.971500+00:00,28.967797062,246977,5845876422,5845893020,15,True,15,1.21191,1.82861,1.9296746560784983,1.8769792783535706,1.2119102071266672,1.8286087921074077,0.25397844791289126,2.71804,ok,5845880888,1,4.61111,ok,5845884886,1,3.48912,ok,5845888886,1,4.80286,ok,5845892886,1
2026-09-06T08:10:07.993467+00:00,28.98976447,246978,5845898677,5845915019,15,True,15,1.18859,1.80352,1.908688996247347,1.853437915612909,1.1885887041999996,1.803513703166667,0.25090713551819344,2.65903,ok,5845902888,1,4.61657,ok,5845906886,1,3.49528,ok,5845910886,1,4.80362,ok,5845914886,1
2026-09-06T08:10:08.015486+00:00,29.011783463,246979,5845920931,5845937019,15,True,15,1.20728,1.84432,1.9266275483782838,1.8920928263787704,1.2072829911533334,1.8443201354037042,0.2677198628234843,2.74419,ok,5845924888,1,4.62564,ok,5845928886,1,3.48145,ok,5845932886,1,4.81353,ok,5845936886,1
2026-09-06T08:10:08.056495+00:00,29.052792408,246980,5845961677,5845978020,15,True,15,1.19335,1.81462,1.9134238411931455,1.864028533577475,1.1933452678233338,1.8146211794925933,0.2550404693958576,2.6679,ok,5845965888,1,4.61884,ok,5845969886,1,3.49078,ok,5845973886,1,4.79095,ok,5845977886,1
2026-09-06T08:10:08.084476+00:00,29.08077345,246981,5845989696,5846006019,15,True,15,1.20167,1.80961,1.920023397744814,1.8590115134517726,1.2016692762133339,1.809612049403704,0.2468545467730174,2.68845,ok,5845993888,1,4.61435,ok,5845997886,1,3.5032,ok,5846001886,1,4.80556,ok,5846005886,1
2026-09-06T08:10:08.106500+00:00,29.102797947,246982,5846011957,5846028019,15,True,15,1.20898,1.8099,1.9258883785135075,1.8589959647788024,1.2089793923700003,1.8098954246333336,0.24284188212501573,2.68392,ok,5846015887,1,4.58426,ok,5846019886,1,3.47364,ok,5846023886,1,4.81381,ok,5846027886,1
2026-09-06T08:10:08.128500+00:00,29.124797804,246983,5846034211,5846050019,15,True,15,1.20378,1.83167,1.9230071425090975,1.8800704493320435,1.2037842202633333,1.831672172203704,0.2606046798292437,2.72072,ok,5846037888,1,4.62196,ok,5846041886,1,3.48788,ok,5846045886,1,4.80951,ok,5846049886,1
2026-09-06T08:10:08.151505+00:00,29.147801879,246984,5846056462,5846073019,15,True,15,1.21041,1.79955,1.9265246567139882,1.8490710956998286,1.2104070592100005,1.799548645788889,0.2351791301617131,2.69208,ok,5846060887,1,4.59127,ok,5846064886,1,3.49827,ok,5846068886,1,4.82294,ok,5846072886,1
2026-09-06T08:10:08.173484+00:00,29.169781831,246985,5846078715,5846095019,15,True,15,1.2042,1.80145,1.9214601078063636,1.8510365625911704,1.2041982119800005,1.801448090033334,0.24012330374964844,2.70604,ok,5846082888,1,4.60997,ok,5846086886,1,3.51152,ok,5846090886,1,4.83182,ok,5846094886,1
2026-09-06T08:10:08.195473+00:00,29.191770392,246986,5846100974,5846117019,15,True,15,1.19059,1.82704,1.911707994509876,1.8759249896814585,1.190588169366667,1.8270385386296304,0.26490496560723426,2.70255,ok,5846104888,1,4.63322,ok,5846108886,1,3.48988,ok,5846112886,1,4.80996,ok,5846116886,1
2026-09-06T08:10:08.218476+00:00,29.214773252,246987,5846123234,5846140019,15,True,15,1.19732,1.81622,1.91676976112406,1.8654438947184746,1.197315691396667,1.8162233347518528,0.25376791315958747,2.70164,ok,5846127888,1,4.62788,ok,5846131886,1,3.50634,ok,5846135886,1,4.81021,ok,5846139886,1
2026-09-06T08:10:08.240474+00:00,29.236771092,246988,5846145491,5846162019,15,True,15,1.20379,1.81459,1.9220845299343214,1.863732552083392,1.203785203763334,1.814586732714815,0.24890410961342954,2.70729,ok,5846149888,1,4.62128,ok,5846153886,1,3.50896,ok,5846157886,1,4.81099,ok,5846161886,1
2026-09-06T08:10:08.262478+00:00,29.258775173,246989,5846167746,5846184019,15,True,15,1.22774,1.80984,1.942064832579199,1.858760340914882,1.2277358005066663,1.8098376773962968,0.232034638025932,2.70784,ok,5846171888,1,4.59822,ok,5846175886,1,3.51887,ok,5846179886,1,4.78831,ok,5846183886,1
2026-09-06T08:10:08.284472+00:00,29.280769621,246990,5846189999,5846206020,15,True,15,1.21236,1.82518,1.9300583881219149,1.8737738286017478,1.2123620602833336,1.8251721431592607,0.2512560762671015,2.69557,ok,5846193888,1,4.61009,ok,5846197886,1,3.49285,ok,5846201886,1,4.78074,ok,5846205886,1
2026-09-06T08:10:08.307513+00:00,29.303809314,246991,5846212257,5846229019,15,True,15,1.23035,1.8048,1.9437606363897715,1.853787751904423,1.2303501311500002,1.804806326344445,0.22713021415284645,2.69399,ok,5846216888,1,4.57495,ok,5846220886,1,3.49863,ok,5846224886,1,4.79424,ok,5846228886,1
2026-09-06T08:10:08.329492+00:00,29.325789266,246992,5846234517,5846251020,15,True,15,1.20104,1.81888,1.92011260924086,1.8679406093535769,1.20103320233,1.8188752851111119,0.25334442599580215,2.69861,ok,5846238888,1,4.62454,ok,5846242886,1,3.50383,ok,5846246886,1,4.7998,ok,5846250886,1
2026-09-06T08:10:08.352076+00:00,29.348345938,246993,5846256774,5846273019,15,True,15,1.1962,1.82299,1.916221387317089,1.8719447228926487,1.196200922233334,1.8229867647037037,0.25892428019081726,2.70602,ok,5846260888,1,4.63043,ok,5846264886,1,3.49943,ok,5846268886,1,4.80867,ok,5846272886,1
2026-09-06T08:10:08.373492+00:00,29.3697893,246994,5846279029,5846295019,15,True,15,1.18154,1.80571,1.902611791132302,1.855551032225369,1.1815382447666671,1.8057091124962965,0.256773257443287,2.67682,ok,5846282888,1,4.61917,ok,5846286886,1,3.48579,ok,5846290886,1,4.83341,ok,5846294886,1
2026-09-06T08:10:08.396493+00:00,29.392790655,246995,5846301281,5846318019,15,True,15,1.20135,1.82,1.9203275867901124,1.8689522778757275,1.2013461087199997,1.8199935840444452,0.2539521433634553,2.7103,ok,5846305888,1,4.62404,ok,5846309886,1,3.50218,ok,5846313886,1,4.81174,ok,5846317886,1
2026-09-06T08:10:08.424475+00:00,29.420772369,246996,5846329576,5846346019,15,True,15,1.21272,1.82682,1.9302774776591447,1.8752586155706823,1.212719168806667,1.826816611507408,0.2522641692700422,2.72151,ok,5846333888,1,4.61402,ok,5846337886,1,3.49643,ok,5846341886,1,4.80399,ok,5846345886,1
2026-09-06T08:10:08.446475+00:00,29.44277213,246997,5846351837,5846368020,15,True,15,1.19273,1.80744,1.9124490837021484,1.857143168306319,1.1927316237933339,1.807443071314815,0.2508067581940478,2.66871,ok,5846355887,1,4.61892,ok,5846359886,1,3.49925,ok,5846363886,1,4.79979,ok,5846367886,1
2026-09-06T08:10:08.468511+00:00,29.464808563,246998,5846374093,5846390019,15,True,15,1.22218,1.81368,1.9373209467018155,1.8624171920718122,1.2221752337066667,1.8136827901629642,0.23788006490539357,2.71765,ok,5846377888,1,4.59313,ok,5846381886,1,3.49935,ok,5846385886,1,4.81225,ok,5846389886,1
2026-09-06T08:10:08.491473+00:00,29.487770398,246999,5846396346,5846413019,15,True,15,1.18418,1.80392,1.9048989969637777,1.8538633021564692,1.184182976966667,1.8039199427629633,0.25395044627203794,2.66843,ok,5846400887,1,4.62116,ok,5846404886,1,3.49452,ok,5846408886,1,4.8184,ok,5846412886,1
2026-09-06T08:10:08.513493+00:00,29.509791023,247000,5846418601,5846435020,15,True,15,1.24115,1.81605,1.9533742312139608,1.864289096328772,1.2411540736866666,1.8160524327962972,0.22941026943459092,2.72221,ok,5846422888,1,4.56792,ok,5846426886,1,3.49041,ok,5846430886,1,4.79973,ok,5846434886,1
2026-09-06T08:10:08.535492+00:00,29.531789376,247001,5846440859,5846457019,15,True,15,1.21502,1.79781,1.9305971865825409,1.8474583440349979,1.2150203655800005,1.7978159757888896,0.23119592105473005,2.68039,ok,5846444888,1,4.59632,ok,5846448886,1,3.51369,ok,5846452886,1,4.79709,ok,5846456886,1
2026-09-06T08:10:08.576507+00:00,29.572804657,247002,5846482093,5846498019,15,True,15,1.23294,1.7978,1.9455089431675445,1.847009775088613,1.2329356116633337,1.7977952918925932,0.22083915069504534,2.70276,ok,5846485888,1,4.5769,ok,5846489886,1,3.51386,ok,5846493886,1,4.80343,ok,5846497886,1
2026-09-06T08:10:08.599504+00:00,29.595800764,247003,5846504347,5846521019,15,True,15,1.21489,1.81168,1.9309924631415172,1.8606000856732405,1.2148905427200003,1.8116776530222236,0.240623747213328,2.70494,ok,5846508888,1,4.59034,ok,5846512886,1,3.48784,ok,5846516886,1,4.8176,ok,5846520886,1
2026-09-06T08:10:08.621504+00:00,29.617801773,247004,5846526601,5846543019,15,True,15,1.22169,1.79983,1.9360785698777143,1.849137760119664,1.2216899913566661,1.7998280210185196,0.22869059567281427,2.6919,ok,5846530888,1,4.57934,ok,5846534886,1,3.4984,ok,5846538886,1,4.81041,ok,5846542886,1
2026-09-06T08:10:08.643506+00:00,29.639803486,247005,5846548866,5846565019,15,True,15,1.20624,1.82839,1.9250021090100997,1.8769292014868957,1.2062377450566664,1.8283839947851852,0.25691518917608075,2.70254,ok,5846552888,1,4.61601,ok,5846556886,1,3.48776,ok,5846560886,1,4.79267,ok,5846564886,1
2026-09-06T08:10:08.665506+00:00,29.661802798,247006,5846571120,5846587019,15,True,15,1.19006,1.80528,1.909759443891826,1.8549729270889959,1.1900598153599997,1.8052794745000014,0.2512014794547892,2.68933,ok,5846574888,1,4.61585,ok,5846578886,1,3.49416,ok,5846582886,1,4.83324,ok,5846586886,1
2026-09-06T08:10:08.688507+00:00,29.684804602,247007,5846593377,5846610019,15,True,15,1.20851,1.81884,1.9262792257554824,1.867702702130335,1.2085154392133333,1.818843496148149,0.24907186976102605,2.71172,ok,5846597888,1,4.61516,ok,5846601886,1,3.50218,ok,5846605886,1,4.80804,ok,5846609886,1
2026-09-06T08:10:08.720514+00:00,29.716811448,247008,5846615636,5846642019,15,True,15,1.19521,1.81409,1.9150153042706621,1.8635105613956977,1.195214841216667,1.8140947465074084,0.25356610554893383,2.68147,ok,5846619888,1,4.62733,ok,5846623886,1,3.50535,ok,5846627886,1,4.7945,ok,5846641886,2
2026-09-06T08:10:08.737569+00:00,29.733863492,247009,5846642693,5846659019,15,True,15,1.19904,1.80042,1.9174066314863718,1.8503168498522866,1.1990365062500001,1.8004181117777784,0.24247948407749342,2.66915,ok,5846646892,1,4.61606,ok,5846650886,1,3.51349,ok,5846654886,1,4.79648,ok,5846658886,1
2026-09-06T08:10:08.765486+00:00,29.761783828,247010,5846670582,5846687020,15,True,15,1.19457,1.81712,1.9146159592486052,1.8664125042171216,1.1945659587933342,1.8171246144925932,0.2559476186230012,2.6817,ok,5846674888,1,4.62599,ok,5846678886,1,3.49876,ok,5846682886,1,4.79456,ok,5846686886,1
2026-09-06T08:10:08.787506+00:00,29.783803397,247011,5846692847,5846709019,15,True,15,1.21309,1.81441,1.929700773231925,1.8632813027505428,1.2130937831933335,1.8144086496037044,0.24349102250468882,2.71284,ok,5846696887,1,4.60047,ok,5846700886,1,3.49508,ok,5846704886,1,4.818,ok,5846708886,1
2026-09-06T08:10:08.809476+00:00,29.805772885,247012,5846715101,5846731019,15,True,15,1.20958,1.78291,1.9247280089519159,1.8330824109423238,1.209582651573334,1.7829124507592593,0.22527551035323942,2.67214,ok,5846718888,1,4.5755,ok,5846722886,1,3.49783,ok,5846726886,1,4.83297,ok,5846730886,1
2026-09-06T08:10:08.832474+00:00,29.828771457,247013,5846737357,5846754019,15,True,15,1.24214,1.79931,1.9532400630524014,1.8482301050713443,1.2421329989333338,1.7993048833481486,0.21680555483249658,2.71177,ok,5846741887,1,4.56443,ok,5846745886,1,3.50879,ok,5846749886,1,4.80489,ok,5846753886,1
2026-09-06T08:10:08.854520+00:00,29.850817138,247014,5846759617,5846776019,15,True,15,1.21337,1.80908,1.9299252644336224,1.8583252928461642,1.2133647376466672,1.8090907041074082,0.23963270026295638,2.68124,ok,5846763888,1,4.60083,ok,5846767886,1,3.50278,ok,5846771886,1,4.78658,ok,5846775886,1
2026-09-06T08:10:08.876517+00:00,29.872814531,247015,5846781875,5846798019,15,True,15,1.20699,1.81894,1.9249793065712628,1.8678172969395166,1.2069856061066668,1.818940768562964,0.2500143321679135,2.70758,ok,5846785888,1,4.61356,ok,5846789886,1,3.49776,ok,5846793886,1,4.808,ok,5846797886,1
2026-09-06T08:10:08.898521+00:00,29.894817876,247016,5846804136,5846820020,15,True,15,1.2203,1.7967,1.9348091058400816,1.8462002992978785,1.2203023124899999,1.7966941383777792,0.22739118962013322,2.67881,ok,5846807888,1,4.57883,ok,5846811886,1,3.49978,ok,5846815886,1,4.80209,ok,5846819886,1
2026-09-06T08:10:08.921500+00:00,29.917797055,247017,5846826393,5846843019,15,True,15,1.22678,1.81839,1.9413887302027064,1.8668032396519882,1.2267795286400003,1.8183944596333335,0.23870643027627497,2.72252,ok,5846830888,1,4.58448,ok,5846834886,1,3.48851,ok,5846838886,1,4.81203,ok,5846842886,1
2026-09-06T08:10:08.943529+00:00,29.939826,247018,5846848647,5846865020,15,True,15,1.22207,1.7985,1.9364821930205842,1.8479372893312231,1.2220685834133334,1.7985027348148153,0.2275316466069898,2.66868,ok,5846852888,1,4.57524,ok,5846856886,1,3.49528,ok,5846860886,1,4.78884,ok,5846864886,1
2026-09-06T08:10:08.965490+00:00,29.961787328,247019,5846870899,5846887020,15,True,15,1.20689,1.84452,1.9265190907908083,1.8923934814791057,1.2068820814733334,1.844518158914816,0.2680242501168116,2.72209,ok,5846874888,1,4.62598,ok,5846878886,1,3.48107,ok,5846882886,1,4.78869,ok,5846886886,1
2026-09-06T08:10:08.988526+00:00,29.984823373,247020,5846893157,5846910020,15,True,15,1.21971,1.79855,1.9344517967638806,1.8480058540174735,1.2197099959333342,1.7985499159703708,0.22895678743842848,2.67702,ok,5846897888,1,4.5802,ok,5846901886,1,3.49834,ok,5846905886,1,4.79828,ok,5846909886,1
2026-09-06T08:10:09.010704+00:00,30.006997826,247021,5846915416,5846932019,15,True,15,1.19725,1.83599,1.9177853238648213,1.8843598118348817,1.1972435580700003,1.835999633333334,0.2672467537118697,2.70994,ok,5846919888,1,4.62493,ok,5846923886,1,3.47684,ok,5846927886,1,4.80403,ok,5846931886,1
2026-09-06T08:10:09.032900+00:00,30.029190392,247022,5846937674,5846954020,15,True,15,1.19353,1.81328,1.9135636987685094,1.862765434280079,1.1935322405033337,1.8132767698148151,0.2540334079601247,2.66879,ok,5846941888,1,4.62297,ok,5846945886,1,3.49824,ok,5846949886,1,4.78883,ok,5846953886,1
2026-09-06T08:10:09.054489+00:00,30.05078643,247023,5846959929,5846976020,15,True,15,1.22291,1.82953,1.9390599776835922,1.8776784131327444,1.2229156299400004,1.8295288602000006,0.24871599336503805,2.73834,ok,5846963888,1,4.61325,ok,5846967886,1,3.50649,ok,5846971886,1,4.80009,ok,5846975886,1
2026-09-06T08:10:09.095526+00:00,30.091823407,247024,5847000676,5847017019,15,True,15,1.18847,1.81551,1.9088207792776484,1.864709293474601,1.18847171882,1.8155055686444452,0.2587342905713212,2.67314,ok,5847004888,1,4.59485,ok,5847008886,1,3.45077,ok,5847012886,1,4.82905,ok,5847016886,1
2026-09-06T08:10:09.123485+00:00,30.119782112,247025,5847028700,5847045020,15,True,15,1.22173,1.81898,1.9373936219726071,1.8675753597712108,1.2217212211666661,1.8189842900962974,0.24181236984062393,2.69488,ok,5847032888,1,4.58811,ok,5847036886,1,3.48527,ok,5847040886,1,4.78735,ok,5847044886,1
2026-09-06T08:10:09.145495+00:00,30.141791953,247026,5847050959,5847067019,15,True,15,1.23524,1.79208,1.94716391640886,1.8415124907652993,1.2352408236799999,1.7920819220444448,0.21561176092427328,2.69845,ok,5847054887,1,4.57529,ok,5847058886,1,3.52235,ok,5847062886,1,4.80067,ok,5847066886,1
2026-09-06T08:10:09.167496+00:00,30.163793602,247027,5847073212,5847089020,15,True,15,1.23655,1.80502,1.9489286255416096,1.8538437528696343,1.2365494515866668,1.8050220697185186,0.2238811807709122,2.70464,ok,5847076888,1,4.5696,ok,5847080886,1,3.50022,ok,5847084886,1,4.7982,ok,5847088886,1
2026-09-06T08:10:09.190508+00:00,30.186805774,247028,5847095463,5847112020,15,True,15,1.23411,1.81084,1.947292953155335,1.8595009637358622,1.2341157936500002,1.8108396968555565,0.22931615120010349,2.70498,ok,5847099887,1,4.57631,ok,5847103886,1,3.49803,ok,5847107886,1,4.7918,ok,5847111886,1
2026-09-06T08:10:09.212492+00:00,30.208789278,247029,5847117718,5847134020,15,True,15,1.20875,1.82589,1.926920953575555,1.8744633138694933,1.2087549714166665,1.825888938251853,0.25379274186589995,2.7053,ok,5847121888,1,4.61165,ok,5847125886,1,3.48882,ok,5847129886,1,4.79707,ok,5847133886,1
2026-09-06T08:10:09.234502+00:00,30.230799759,247030,5847139976,5847156020,15,True,15,1.23577,1.81693,1.9491441755229686,1.8653593535622484,1.23576634162,1.8169341514000013,0.2328056125657602,2.7164,ok,5847143888,1,4.58635,ok,5847147886,1,3.50569,ok,5847151886,1,4.78595,ok,5847155886,1
2026-09-06T08:10:09.257514+00:00,30.253811803,247031,5847162236,5847179020,15,True,15,1.21387,1.82013,1.931086835129728,1.8689364345247335,1.2138772485766671,1.8201316965518521,0.24688128778829138,2.69975,ok,5847166888,1,4.61429,ok,5847170886,1,3.50703,ok,5847174886,1,4.78298,ok,5847178886,1
2026-09-06T08:10:09.279505+00:00,30.275801932,247032,5847184493,5847201020,15,True,15,1.22952,1.81706,1.9438544873915151,1.8655874708076519,1.2295183535699994,1.81706380468889,0.2362228189154846,2.70809,ok,5847188888,1,4.58699,ok,5847192886,1,3.49744,ok,5847196886,1,4.78885,ok,5847200886,1
2026-09-06T08:10:09.301510+00:00,30.297807644,247033,5847206746,5847223020,15,True,15,1.24392,1.82079,1.9561465188703238,1.8688523168697022,1.243916990193333,1.8207862669370383,0.23147775702556603,2.71056,ok,5847210888,1,4.56697,ok,5847214886,1,3.48702,ok,5847218886,1,4.7772,ok,5847222886,1
2026-09-06T08:10:09.323510+00:00,30.319807533,247034,5847228999,5847245020,15,True,15,1.21335,1.82826,1.931047486183289,1.876702029574548,1.2133486950100003,1.8282585287555564,0.2528983789734487,2.70189,ok,5847232888,1,4.61076,ok,5847236886,1,3.49117,ok,5847240886,1,4.78226,ok,5847244886,1
2026-09-06T08:10:09.346524+00:00,30.342821817,247035,5847251256,5847268020,15,True,15,1.21825,1.80719,1.9338564470094934,1.8563730850883957,1.2182512696166667,1.8071881311740747,0.23555949202716833,2.68999,ok,5847255888,1,4.59588,ok,5847259886,1,3.5057,ok,5847263886,1,4.79273,ok,5847267886,1
2026-09-06T08:10:09.368554+00:00,30.364849579,247036,5847273516,5847290020,15,True,15,1.19837,1.82941,1.918438076559432,1.8780617488989872,1.1983752785800001,1.8294085436222225,0.26203425339362174,2.69939,ok,5847277888,1,4.62348,ok,5847281886,1,3.48506,ok,5847285886,1,4.79736,ok,5847289886,1
2026-09-06T08:10:09.390501+00:00,30.386798106,247037,5847295773,5847312020,15,True,15,1.20189,1.81592,1.920492964953366,1.8650156113486265,1.2018859459866669,1.8159219887407407,0.2509251110849745,2.69116,ok,5847299888,1,4.60978,ok,5847303886,1,3.48936,ok,5847307886,1,4.80662,ok,5847311886,1
2026-09-06T08:10:09.412561+00:00,30.40885566,247038,5847318027,5847334019,15,True,15,1.21681,1.81423,1.932823886615469,1.863041486737317,1.216802613606667,1.814228089907408,0.24126441197506596,2.70563,ok,5847321888,1,4.5923,ok,5847325886,1,3.48987,ok,5847329886,1,4.81015,ok,5847333886,1
2026-09-06T08:10:09.435520+00:00,30.431817655,247039,5847340279,5847357020,15,True,15,1.22757,1.80255,1.9414244193200139,1.851746268353231,1.227572611573334,1.8025535414814817,0.22709355752124524,2.70441,ok,5847344888,1,4.59295,ok,5847348886,1,3.52107,ok,5847352886,1,4.79667,ok,5847356886,1
2026-09-06T08:10:09.463493+00:00,30.459790536,247040,5847368595,5847385019,15,True,15,1.20731,1.83084,1.9259533303888068,1.8792167170989889,1.207307636773334,1.8308386668037042,0.2580670652799821,2.72244,ok,5847372888,1,4.62044,ok,5847376886,1,3.49199,ok,5847380886,1,4.80637,ok,5847384886,1
2026-09-06T08:10:09.485522+00:00,30.481818554,247041,5847390855,5847407019,15,True,15,1.21923,1.80183,1.9342646555647094,1.8511743455328582,1.2192318904800001,1.8018349177777782,0.23141770475696302,2.68162,ok,5847394887,1,4.58436,ok,5847398886,1,3.49888,ok,5847402886,1,4.79736,ok,5847406886,1
2026-09-06T08:10:09.507548+00:00,30.503845067,247042,5847413109,5847429020,15,True,15,1.23374,1.83076,1.94816866676784,1.878605708305492,1.2337469463766673,1.830756699140741,0.24404990157330148,2.73304,ok,5847416888,1,4.59153,ok,5847420886,1,3.49182,ok,5847424886,1,4.79115,ok,5847428886,1
2026-09-06T08:10:09.530499+00:00,30.526796341,247043,5847435362,5847452019,15,True,15,1.22467,1.80774,1.9390398808899239,1.8566502472053086,1.2246683838700003,1.807731594577778,0.23236666585253787,2.71106,ok,5847439887,1,4.58515,ok,5847443886,1,3.5001,ok,5847447886,1,4.81281,ok,5847451886,1
2026-09-06T08:10:09.552503+00:00,30.548799942,247044,5847457623,5847474019,15,True,15,1.21352,1.81949,1.9305961976896557,1.8682483694969485,1.2135268218766666,1.8194846518518526,0.24667188897248699,2.71777,ok,5847461888,1,4.616,ok,5847465886,1,3.50961,ok,5847469886,1,4.80304,ok,5847473886,1
2026-09-06T08:10:09.574495+00:00,30.570792439,247045,5847479881,5847496020,15,True,15,1.20587,1.81755,1.9241295399326563,1.866585212734033,1.2058648039200002,1.8175456369666676,0.24965386264577716,2.6964,ok,5847483888,1,4.61908,ok,5847487886,1,3.50523,ok,5847491886,1,4.79375,ok,5847495886,1
2026-09-06T08:10:09.615542+00:00,30.611839753,247046,5847521057,5847537020,15,True,15,1.22365,1.81447,1.938631877243282,1.863159923224053,1.2236449685799997,1.814474118566667,0.23761284911034128,2.70364,ok,5847524888,1,4.58453,ok,5847528886,1,3.48914,ok,5847532886,1,4.80086,ok,5847536886,1
2026-09-06T08:10:09.638489+00:00,30.634786323,247047,5847543311,5847560019,15,True,15,1.22251,1.82697,1.938344055009211,1.8751314725780956,1.2225057005766666,1.8269723575407413,0.24713522056061796,2.73262,ok,5847547888,1,4.59755,ok,5847551886,1,3.48852,ok,5847555886,1,4.81187,ok,5847559886,1
2026-09-06T08:10:09.660530+00:00,30.656827909,247048,5847565564,5847582019,15,True,15,1.20282,1.82858,1.9221120221820607,1.8771735322411447,1.202813372906667,1.8285786367074075,0.2589667447998808,2.71535,ok,5847569888,1,4.62663,ok,5847573886,1,3.49666,ok,5847577886,1,4.80386,ok,5847581886,1
2026-09-06T08:10:09.682519+00:00,30.678816149,247049,5847587830,5847604020,15,True,15,1.22779,1.81735,1.9423749199286264,1.8658806257823712,1.2277822755933339,1.8173517015925928,0.2373705358870923,2.71152,ok,5847591888,1,4.58905,ok,5847595886,1,3.49729,ok,5847599886,1,4.79411,ok,5847603886,1
2026-09-06T08:10:09.704630+00:00,30.700927721,247050,5847610084,5847626019,15,True,15,1.24993,1.82022,1.9610568505055754,1.8681351002673319,1.2499302395200003,1.820218711555556,0.22808145859350454,2.73501,ok,5847613888,1,4.56693,ok,5847617886,1,3.49631,ok,5847621886,1,4.79303,ok,5847625886,1
2026-09-06T08:10:09.727551+00:00,30.723847538,247051,5847632340,5847649019,15,True,15,1.2318,1.81706,1.945608332779814,1.8654591178911968,1.2318027080533334,1.8170598510370375,0.23504050283218372,2.72276,ok,5847636888,1,4.58268,ok,5847640886,1,3.49506,ok,5847644886,1,4.80482,ok,5847648886,1
2026-09-06T08:10:09.749501+00:00,30.745798178,247052,5847654594,5847671019,15,True,15,1.22077,1.83946,1.9376775000110045,1.8871636205896316,1.2207710039800002,1.8394608540333333,0.2571359751157009,2.7556,ok,5847658888,1,4.61521,ok,5847662886,1,3.49324,ok,5847666886,1,4.8131,ok,5847670886,1
2026-09-06T08:10:09.771508+00:00,30.767804818,247053,5847676849,5847693020,15,True,15,1.20919,1.81981,1.9268457829408958,1.868590426098857,1.2091847802500004,1.8198098269444452,0.2493705021856389,2.6989,ok,5847680888,1,4.60346,ok,5847684886,1,3.48646,ok,5847688886,1,4.80253,ok,5847692886,1
2026-09-06T08:10:09.799592+00:00,30.795884903,247054,5847704593,5847721020,15,True,15,1.22909,1.80344,1.942627597692641,1.8525112683521212,1.2290887477066679,1.8034445456185193,0.22688931810532556,2.70346,ok,5847708888,1,4.58284,ok,5847712886,1,3.50889,ok,5847716886,1,4.80127,ok,5847720886,1
2026-09-06T08:10:09.821520+00:00,30.817817014,247055,5847726855,5847743019,15,True,15,1.21545,1.81113,1.9316577375145918,1.8601770782083191,1.2154477017100005,1.8111348192000005,0.23986673717021423,2.70514,ok,5847730887,1,4.60349,ok,5847734886,1,3.50662,ok,5847738886,1,4.80461,ok,5847742886,1
2026-09-06T08:10:09.843535+00:00,30.839832327,247056,5847749110,5847765019,15,True,15,1.23526,1.82214,1.9489684745374338,1.870331310726153,1.2352658584900005,1.822141166855556,0.2368879461201727,2.72652,ok,5847752888,1,4.58862,ok,5847756886,1,3.50126,ok,5847760886,1,4.79143,ok,5847764886,1
2026-09-06T08:10:09.865592+00:00,30.861888857,247057,5847771363,5847788020,15,True,15,1.20462,1.83004,1.9236966209496917,1.8785270868219208,1.2046195645600004,1.830038236,0.25897841239290387,2.70355,ok,5847775887,1,4.61597,ok,5847779886,1,3.48325,ok,5847783886,1,4.79567,ok,5847787886,1
2026-09-06T08:10:09.887610+00:00,30.883906986,247058,5847793623,5847810019,15,True,15,1.22351,1.82459,1.9391394659491767,1.8728714507952209,1.2235055617166666,1.8245883663518525,0.24486383413226398,2.7275,ok,5847797888,1,4.59921,ok,5847801886,1,3.49521,ok,5847805886,1,4.80462,ok,5847809886,1
2026-09-06T08:10:09.910515+00:00,30.906811987,247059,5847815882,5847832020,15,True,15,1.23114,1.78412,1.943300230867208,1.8339836052757394,1.2311392812466677,1.7841152636518522,0.21267762683773103,2.67919,ok,5847819888,1,4.5737,ok,5847823886,1,3.52464,ok,5847827886,1,4.79662,ok,5847831886,1
2026-09-06T08:10:09.931611+00:00,30.927907852,247060,5847838141,5847854020,15,True,15,1.23431,1.82304,1.948245861922077,1.8712246852011967,1.2343120157799998,1.8230402511333337,0.23803595504148442,2.72486,ok,5847841888,1,4.59035,ok,5847845886,1,3.50101,ok,5847849886,1,4.78903,ok,5847853886,1
2026-09-06T08:10:09.955513+00:00,30.95181016,247061,5847860397,5847877019,15,True,15,1.22412,1.82528,1.9396737565122395,1.8735144021628365,1.2241210217766672,1.825283882818519,0.24504245208857475,2.72503,ok,5847864888,1,4.5954,ok,5847868886,1,3.49018,ok,5847872886,1,4.80353,ok,5847876886,1
2026-09-06T08:10:09.977526+00:00,30.973823105,247062,5847882651,5847899020,15,True,15,1.22908,1.83948,1.9448914995449573,1.8871316071737987,1.2290749469366666,1.8394863593518522,0.2529031031733536,2.74449,ok,5847886888,1,4.61148,ok,5847890886,1,3.50016,ok,5847894886,1,4.78663,ok,5847898886,1
2026-09-06T08:10:09.999524+00:00,30.995821841,247063,5847904904,5847921019,15,True,15,1.21285,1.82204,1.930276585641246,1.8707573219276585,1.2128486298900005,1.8220384442333333,0.2487969552937305,2.7032,ok,5847908888,1,4.61396,ok,5847912886,1,3.50268,ok,5847916886,1,4.78755,ok,5847920886,1
2026-09-06T08:10:10.031526+00:00,31.027823311,247064,5847927162,5847953019,15,True,15,1.21674,1.80574,1.9322704844523557,1.854904377082305,1.2167417129200007,1.8057388818777784,0.23552099948294142,2.71293,ok,5847940888,2,4.59769,ok,5847944886,1,3.50778,ok,5847948886,1,4.82128,ok,5847952886,1
2026-09-06T08:10:10.048521+00:00,31.044818393,247065,5847953814,5847970020,15,True,15,1.21177,1.81193,1.9285991588832978,1.861002981580415,1.2117762202133333,1.8119290817814822,0.24251249628458113,2.69424,ok,5847957892,1,4.6007,ok,5847961886,1,3.49669,ok,5847965886,1,4.80193,ok,5847969886,1
2026-09-06T08:10:10.070509+00:00,31.066806858,247066,5847976070,5847992019,15,True,15,1.20964,1.86286,1.9296133031387654,1.9097754524018378,1.2096427192,1.8628613167444448,0.28021536548970105,2.75834,ok,5847979888,1,4.62314,ok,5847983886,1,3.45747,ok,5847987886,1,4.80987,ok,5847991886,1
2026-09-06T08:10:10.092623+00:00,31.088920157,247067,5847998324,5848015020,15,True,15,1.22492,1.81697,1.9398556460037633,1.8655282551862566,1.2249207434166671,1.8169693991185194,0.2386714488777491,2.71132,ok,5848002888,1,4.5873,ok,5848006886,1,3.49139,ok,5848010886,1,4.80188,ok,5848014886,1
2026-09-06T08:10:10.134530+00:00,31.13082711,247068,5848039945,5848056019,15,True,15,1.21689,1.81931,1.9333057495135437,1.8679579442763885,1.2168936256066671,1.8193065425740735,0.24470651187109477,2.71205,ok,5848043888,1,4.60164,ok,5848047886,1,3.49575,ok,5848051886,1,4.80351,ok,5848055886,1
2026-09-06T08:10:10.162527+00:00,31.158823833,247069,5848067696,5848084019,15,True,15,1.23322,1.81691,1.946849826670207,1.865318404638575,1.2332187356900006,1.816913093833333,0.23416849323112693,2.7376,ok,5848071888,1,4.59324,ok,5848075886,1,3.5111,ok,5848079886,1,4.80879,ok,5848083886,1
2026-09-06T08:10:10.184531+00:00,31.180828202,247070,5848089957,5848106020,15,True,15,1.22786,1.80837,1.9420127299306715,1.857314341048938,1.2278595158833332,1.8083660571037043,0.2309558564838558,2.69108,ok,5848093887,1,4.58424,ok,5848097886,1,3.50265,ok,5848101886,1,4.78394,ok,5848105886,1
2026-09-06T08:10:10.206534+00:00,31.202830906,247071,5848112210,5848128019,15,True,15,1.21685,1.80588,1.9323433728776958,1.8550235473460401,1.2168534520900003,1.805880059333334,0.2355607229594374,2.72601,ok,5848115888,1,4.6035,ok,5848119886,1,3.51537,ok,5848123886,1,4.83012,ok,5848127886,1
2026-09-06T08:10:10.229514+00:00,31.225811205,247072,5848134460,5848151020,15,True,15,1.21792,1.8106,1.9336452396490003,1.859589966664479,1.2179162486933333,1.8106017309481497,0.238116289260032,2.69282,ok,5848138887,1,4.5897,ok,5848142886,1,3.49272,ok,5848146886,1,4.79932,ok,5848150886,1
2026-09-06T08:10:10.251521+00:00,31.247817782,247073,5848156714,5848173020,15,True,15,1.22532,1.84227,1.941909076078823,1.889886279574559,1.2253142753600006,1.8422742740111115,0.2568718982323247,2.75023,ok,5848160888,1,4.62035,ok,5848164886,1,3.5029,ok,5848168886,1,4.7899,ok,5848172886,1
2026-09-06T08:10:10.273527+00:00,31.269823975,247074,5848178973,5848195020,15,True,15,1.20168,1.83704,1.9217431655574726,1.8853438084594747,1.201682765133334,1.83703740725926,0.26547399497740165,2.7,ok,5848182888,1,4.62296,ok,5848186886,1,3.47926,ok,5848190886,1,4.78448,ok,5848194886,1
2026-09-06T08:10:10.296550+00:00,31.292847507,247075,5848201234,5848218020,15,True,15,1.21294,1.84386,1.9315887316006137,1.8916504708366726,1.2129423212266672,1.8438628775740746,0.26436726681131983,2.7429,ok,5848205888,1,4.63122,ok,5848209886,1,3.49755,ok,5848213886,1,4.79533,ok,5848217886,1
2026-09-06T08:10:10.318523+00:00,31.314819843,247076,5848223490,5848240020,15,True,15,1.2207,1.81916,1.9365428980861836,1.8677640138521736,1.2206959939633337,1.8191592708037048,0.2424962000231481,2.70639,ok,5848227888,1,4.59626,ok,5848231886,1,3.4943,ok,5848235886,1,4.79449,ok,5848239886,1
2026-09-06T08:10:10.340531+00:00,31.336827924,247077,5848245745,5848262019,15,True,15,1.2279,1.82883,1.943059164670534,1.876842517703461,1.2279008545333336,1.8288355585370375,0.24563913748252464,2.7388,ok,5848249888,1,4.59804,ok,5848253886,1,3.49449,ok,5848257886,1,4.80547,ok,5848261886,1
2026-09-06T08:10:10.362526+00:00,31.358823109,247078,5848267999,5848284020,15,True,15,1.20419,1.81679,1.9227269388628296,1.8659173847882973,1.2041969962466672,1.8167924147074082,0.25009108530437324,2.70449,ok,5848271888,1,4.6287,ok,5848275886,1,3.51649,ok,5848279886,1,4.79777,ok,5848283886,1
2026-09-06T08:10:10.385530+00:00,31.381827313,247079,5848290258,5848307020,15,True,15,1.23872,1.82229,1.951818797274782,1.87038278471301,1.2387185168633341,1.8222973529481492,0.23524380863620628,2.73131,ok,5848294888,1,4.5832,ok,5848298886,1,3.49889,ok,5848302886,1,4.79472,ok,5848306886,1
2026-09-06T08:10:10.407541+00:00,31.403838306,247080,5848312519,5848329019,15,True,15,1.20619,1.82214,1.9246391357362167,1.870967499626183,1.2061954014933334,1.8221437131259264,0.2526119580375037,2.70189,ok,5848316888,1,4.61891,ok,5848320886,1,3.49957,ok,5848324886,1,4.79509,ok,5848328886,1
2026-09-06T08:10:10.429516+00:00,31.425813522,247081,5848334775,5848351020,15,True,15,1.21067,1.83259,1.929038071693569,1.8808954858515647,1.2106753304299993,1.832585850211112,0.25742520972053395,2.71901,ok,5848338888,1,4.62274,ok,5848342886,1,3.4976,ok,5848346886,1,4.79161,ok,5848350886,1
2026-09-06T08:10:10.450663+00:00,31.446959947,247082,5848357031,5848373019,15,True,15,1.20034,1.81378,1.918894927829543,1.8629125933741972,1.2003360820933338,1.8137791696703707,0.2504674879846318,2.70105,ok,5848360888,1,4.60781,ok,5848364886,1,3.4873,ok,5848368886,1,4.8248,ok,5848372886,1
2026-09-06T08:10:10.474803+00:00,31.471100118,247083,5848379286,5848396020,15,True,15,1.22225,1.83706,1.9388457147523368,1.8848612516015923,1.2222546238333336,1.8370590206148154,0.25458937596942816,2.72607,ok,5848383888,1,4.59974,ok,5848387886,1,3.47802,ok,5848391886,1,4.7934,ok,5848395886,1
2026-09-06T08:10:10.502579+00:00,31.498875618,247084,5848407598,5848424020,15,True,15,1.20377,1.84642,1.924050684386346,1.8942988704757011,1.20376554054,1.846421336544445,0.27104092170703936,2.72601,ok,5848411888,1,4.63446,ok,5848415886,1,3.48541,ok,5848419886,1,4.78967,ok,5848423886,1
2026-09-06T08:10:10.524529+00:00,31.520826738,247085,5848429860,5848446020,15,True,15,1.21831,1.82173,1.9346377443244842,1.8702507704119904,1.2183163943500004,1.8217316678000004,0.24562733180763943,2.70124,ok,5848433887,1,4.59266,ok,5848437886,1,3.48283,ok,5848441886,1,4.79468,ok,5848445886,1
2026-09-06T08:10:10.546523+00:00,31.542820258,247086,5848452114,5848468020,15,True,15,1.24917,1.81086,1.9600234314830873,1.8592567595382012,1.2491683892666665,1.8108622947407413,0.22142017569220782,2.7302,ok,5848455888,1,4.57584,ok,5848459886,1,3.51884,ok,5848463886,1,4.78942,ok,5848467886,1
2026-09-06T08:10:10.569541+00:00,31.565837902,247087,5848474367,5848491019,15,True,15,1.21423,1.81699,1.930732554189948,1.8656957797274114,1.214223094306667,1.8169854363407418,0.24464063829100247,2.70174,ok,5848478887,1,4.58794,ok,5848482886,1,3.47686,ok,5848486886,1,4.81272,ok,5848490886,1
2026-09-06T08:10:10.591528+00:00,31.587825183,247088,5848496627,5848513019,15,True,15,1.21639,1.83576,1.933936880656884,1.883772190346122,1.2163892989300007,1.8357514077000003,0.25666866341172195,2.71798,ok,5848500888,1,4.60877,ok,5848504886,1,3.48323,ok,5848508886,1,4.789,ok,5848512886,1
2026-09-06T08:10:10.613540+00:00,31.60983752,247089,5848518885,5848535019,15,True,15,1.20722,1.82628,1.9255867008240595,1.8748386949553946,1.207222994873333,1.826282960081482,0.25493891424778325,2.70078,ok,5848522888,1,4.60681,ok,5848526886,1,3.47971,ok,5848530886,1,4.79945,ok,5848534886,1
2026-09-06T08:10:10.652539+00:00,31.64883665,247090,5848557946,5848574020,15,True,15,1.20658,1.83059,1.9255012397770412,1.879076927150271,1.2065817827500003,1.8305923103,0.2582469071227858,2.69371,ok,5848561888,1,4.61486,ok,5848565886,1,3.48388,ok,5848569886,1,4.78103,ok,5848573886,1
2026-09-06T08:10:10.673608+00:00,31.669905282,247091,5848580199,5848596019,15,True,15,1.20809,1.84177,1.9272272000684645,1.8896737787718987,1.2080859880266661,1.8417764417185198,0.26543940533017846,2.73179,ok,5848583888,1,4.62201,ok,5848587886,1,3.48107,ok,5848591886,1,4.80361,ok,5848595886,1
2026-09-06T08:10:10.697548+00:00,31.693845767,247092,5848602452,5848619020,15,True,15,1.22165,1.80641,1.9365111823157293,1.8554852028073108,1.2216510078966671,1.8064107575740744,0.23313917208062285,2.68643,ok,5848606888,1,4.57996,ok,5848610886,1,3.49068,ok,5848614886,1,4.79761,ok,5848618886,1
2026-09-06T08:10:10.719569+00:00,31.715866584,247093,5848624717,5848641019,15,True,15,1.21417,1.8368,1.9321711577995062,1.8848389483859755,1.2141687972733342,1.8367984823037045,0.2585902902396389,2.71809,ok,5848628888,1,4.61396,ok,5848632886,1,3.48556,ok,5848636886,1,4.78778,ok,5848640886,1
2026-09-06T08:10:10.741578+00:00,31.737874953,247094,5848646973,5848663020,15,True,15,1.19385,1.81955,1.9139950715008833,1.8686777270256265,1.1938474121733331,1.8195518088592602,0.25802523041659314,2.67836,ok,5848650888,1,4.61516,ok,5848654886,1,3.48026,ok,5848658886,1,4.80048,ok,5848662886,1
2026-09-06T08:10:10.763567+00:00,31.759863769,247095,5848669227,5848685019,15,True,15,1.21465,1.84466,1.9328887229977614,1.8923014463027177,1.2146464332599998,1.8446665783333336,0.26411334207779025,2.74459,ok,5848672888,1,4.61918,ok,5848676886,1,3.483,ok,5848680886,1,4.80456,ok,5848684886,1
2026-09-06T08:10:10.786530+00:00,31.782827332,247096,5848691482,5848708019,15,True,15,1.18736,1.82447,1.909093751926115,1.8736440281991806,1.1873630114833338,1.8244687324037037,0.2650001514138719,2.68241,ok,5848695888,1,4.64082,ok,5848699886,1,3.49866,ok,5848703886,1,4.78915,ok,5848707886,1
2026-09-06T08:10:10.808552+00:00,31.804849173,247097,5848713735,5848730019,15,True,15,1.2201,1.83479,1.9368641050019966,1.8827059736895226,1.2201013977966668,1.8347840849740753,0.2540478579052714,2.74264,ok,5848717888,1,4.61048,ok,5848721886,1,3.49206,ok,5848725886,1,4.80859,ok,5848729886,1
2026-09-06T08:10:10.836534+00:00,31.832832199,247098,5848741581,5848758019,15,True,15,1.20325,1.83502,1.9228024530137167,1.8833094592183517,1.2032518157666663,1.8350174693296302,0.2632294738928166,2.70563,ok,5848745888,1,4.61608,ok,5848749886,1,3.47499,ok,5848753886,1,4.79609,ok,5848757886,1
2026-09-06T08:10:10.857647+00:00,31.853944128,247099,5848763842,5848780020,15,True,15,1.23306,1.84088,1.9482706282808404,1.8883687086943424,1.2330606444500007,1.8408869212111119,0.2520014554935257,2.72812,ok,5848767887,1,4.59308,ok,5848771886,1,3.4798,ok,5848775886,1,4.77595,ok,5848779886,1
2026-09-06T08:10:10.879628+00:00,31.875925072,247100,5848786096,5848802020,15,True,15,1.22057,1.82899,1.9370960723618413,1.8772285131441597,1.2205686995899998,1.8289903047777785,0.24955700247484786,2.69794,ok,5848789888,1,4.595,ok,5848793886,1,3.47977,ok,5848797886,1,4.77718,ok,5848801886,1
2026-09-06T08:10:10.903579+00:00,31.899875958,247101,5848808351,5848825020,15,True,15,1.22267,1.81037,1.937684379708264,1.8592936337024715,1.222671474426667,1.8103644364185194,0.23525784847926395,2.69902,ok,5848812887,1,4.59042,ok,5848816886,1,3.50077,ok,5848820886,1,4.79591,ok,5848824886,1
2026-09-06T08:10:10.924613+00:00,31.920910124,247102,5848830611,5848847020,15,True,15,1.19774,1.82976,1.9179620311995709,1.8784286306461901,1.197742384976667,1.829760632018519,0.26262327423345316,2.69457,ok,5848834888,1,4.62355,ok,5848838886,1,3.48379,ok,5848842886,1,4.79286,ok,5848846886,1
2026-09-06T08:10:10.947546+00:00,31.943843446,247103,5848852868,5848869020,15,True,15,1.19695,1.83991,1.9178993333453571,1.8881705758344436,1.1969529041333333,1.839905696237037,0.27009929305019725,2.71287,ok,5848856888,1,4.63413,ok,5848860886,1,3.48361,ok,5848864886,1,4.79541,ok,5848868886,1
2026-09-06T08:10:10.968638+00:00,31.964935598,247104,5848875128,5848891020,15,True,15,1.22055,1.82338,1.93672358191625,1.8718427368170487,1.2205498881966668,1.8233843099407414,0.2455550773452667,2.69731,ok,5848878888,1,4.59382,ok,5848882886,1,3.48543,ok,5848886886,1,4.78292,ok,5848890886,1
2026-09-06T08:10:10.991633+00:00,31.987930074,247105,5848897384,5848914019,15,True,15,1.20523,1.83706,1.924633328497886,1.8852494166558451,1.20522594218,1.837057267577778,0.26357818400097677,2.71682,ok,5848901888,1,4.62283,ok,5848905886,1,3.48415,ok,5848909886,1,4.79621,ok,5848913886,1
2026-09-06T08:10:11.013632+00:00,32.009929291,247106,5848919639,5848936020,15,True,15,1.212,1.83144,1.9300098154039889,1.8797389177762371,1.2119922005766672,1.831440312818519,0.2559150140993844,2.70323,ok,5848923888,1,4.60785,ok,5848927886,1,3.48127,ok,5848931886,1,4.78642,ok,5848935886,1
2026-09-06T08:10:11.035639+00:00,32.031936347,247107,5848941892,5848958020,15,True,15,1.22003,1.81312,1.9355954753855604,1.861975334514453,1.2200287122133335,1.8131215575703703,0.23865410030640183,2.70365,ok,5848945888,1,4.59449,ok,5848949886,1,3.49879,ok,5848953886,1,4.80015,ok,5848957886,1
2026-09-06T08:10:11.059555+00:00,32.055852864,247108,5848964150,5848981020,15,True,15,1.24845,1.81883,1.9596754992659435,1.8668071528318768,1.2484498935500006,1.8188296377777784,0.22777486217915544,2.73368,ok,5848968888,1,4.56497,ok,5848972886,1,3.49342,ok,5848976886,1,4.79777,ok,5848980886,1
2026-09-06T08:10:11.081563+00:00,32.077860177,247109,5848986411,5849003019,15,True,15,1.21046,1.82,1.9279784618709999,1.8687636210089755,1.210460738453333,1.8199928126814824,0.24876230308088718,2.70131,ok,5848990888,1,4.60611,ok,5848994886,1,3.49155,ok,5848998886,1,4.79987,ok,5849002886,1
2026-09-06T08:10:11.103583+00:00,32.099880674,247110,5849008668,5849025020,15,True,15,1.1862,1.84861,1.9094090822444898,1.8967445035716766,1.1861996340800003,1.8486074510222228,0.2821192290580526,2.71339,ok,5849012888,1,4.64953,ok,5849016886,1,3.47745,ok,5849020886,1,4.79535,ok,5849024886,1
2026-09-06T08:10:11.125548+00:00,32.121845554,247111,5849030924,5849047019,15,True,15,1.22129,1.83889,1.9382192259737359,1.8866713412010876,1.2212880016433332,1.8388884507148153,0.2564184990164871,2.73619,ok,5849034888,1,4.61145,ok,5849038886,1,3.48975,ok,5849042886,1,4.79398,ok,5849046886,1
2026-09-06T08:10:11.164582+00:00,32.160878893,247112,5849070073,5849086019,15,True,15,1.19934,1.84914,1.9203310102509052,1.8969209857059361,1.1993352000733337,1.849141171414816,0.2753947714138984,2.74095,ok,5849073888,1,4.63948,ok,5849077886,1,3.48222,ok,5849081886,1,4.80852,ok,5849085886,1
2026-09-06T08:10:11.192544+00:00,32.188841759,247113,5849097692,5849114020,15,True,15,1.21872,1.809,1.9341927556448315,1.858027553222436,1.2187190474566665,1.8090049933629633,0.23657917723231356,2.6878,ok,5849101888,1,4.58391,ok,5849105886,1,3.48832,ok,5849109886,1,4.79905,ok,5849113886,1
2026-09-06T08:10:11.213650+00:00,32.209947191,247114,5849119953,5849136020,15,True,15,1.22472,1.82926,1.9405856881004342,1.8773950955130148,1.224719917840001,1.829258705322222,0.24756708249081286,2.71836,ok,5849123887,1,4.60056,ok,5849127886,1,3.49271,ok,5849131886,1,4.78603,ok,5849135886,1
2026-09-06T08:10:11.235634+00:00,32.231931528,247115,5849142205,5849158019,15,True,15,1.19636,1.82202,1.9164920485274166,1.8711057616683646,1.19636528552,1.822021321422223,0.25812094329414287,2.66799,ok,5849145888,1,4.61951,ok,5849149886,1,3.48645,ok,5849153886,1,4.77713,ok,5849157886,1
2026-09-06T08:10:11.259567+00:00,32.255862284,247116,5849164456,5849181020,15,True,15,1.22462,1.8453,1.9414367698861645,1.8927656701178937,1.2246166460633339,1.845295148681482,0.2595000264404086,2.73633,ok,5849168887,1,4.6088,ok,5849172886,1,3.48275,ok,5849176886,1,4.78372,ok,5849180886,1
2026-09-06T08:10:11.280628+00:00,32.276925572,247117,5849186710,5849203020,15,True,15,1.18959,1.81862,1.9105322117740848,1.8679553924475478,1.1895894987566664,1.8186246211518518,0.25987673339645784,2.6712,ok,5849190888,1,4.62692,ok,5849194886,1,3.49094,ok,5849198886,1,4.79091,ok,5849202886,1
2026-09-06T08:10:11.303561+00:00,32.299858094,247118,5849208968,5849225019,15,True,15,1.21511,1.83624,1.93295336435758,1.8843025042023847,1.2151093942166666,1.8362466262518526,0.2576881040909114,2.7261,ok,5849212888,1,4.61895,ok,5849216886,1,3.49422,ok,5849220886,1,4.79063,ok,5849224886,1
2026-09-06T08:10:11.326612+00:00,32.322908475,247119,5849231229,5849248020,15,True,15,1.1783,1.82684,1.9015319876939936,1.876061175628133,1.1783015555000003,1.8268426403333338,0.27195620281814226,2.67105,ok,5849235888,1,4.64082,ok,5849239886,1,3.48262,ok,5849243886,1,4.79314,ok,5849247886,1
2026-09-06T08:10:11.348557+00:00,32.344854538,247120,5849253484,5849270019,15,True,15,1.22516,1.83092,1.9410082316910773,1.8789644609319467,1.2251610813600005,1.830928231188889,0.2485666987706918,2.72518,ok,5849257888,1,4.601,ok,5849261886,1,3.49177,ok,5849265886,1,4.79087,ok,5849269886,1
2026-09-06T08:10:11.369648+00:00,32.365945314,247121,5849275739,5849292020,15,True,15,1.22021,1.80033,1.934951522695622,1.8496825475855199,1.2202136883,1.8003235781888902,0.22985255549921219,2.67161,ok,5849279888,1,4.57444,ok,5849283886,1,3.48923,ok,5849287886,1,4.79503,ok,5849291886,1
2026-09-06T08:10:11.392560+00:00,32.388857548,247122,5849297992,5849314020,15,True,15,1.21594,1.82889,1.933079861326,1.8771733733337992,1.2159389878166669,1.8288946899629634,0.2519945814363815,2.71804,ok,5849301888,1,4.60586,ok,5849305886,1,3.48759,ok,5849309886,1,4.79924,ok,5849313886,1
2026-09-06T08:10:11.415571+00:00,32.411867704,247123,5849320251,5849337020,15,True,15,1.22043,1.79819,1.9349559011300272,1.8476076218139512,1.220433146986667,1.7981904365629635,0.22832211343742062,2.66447,ok,5849324888,1,4.56699,ok,5849328886,1,3.48253,ok,5849332886,1,4.79573,ok,5849336886,1
2026-09-06T08:10:11.436627+00:00,32.432924143,247124,5849342511,5849359019,15,True,15,1.20063,1.84347,1.921229660775472,1.8915303236656995,1.2006249171500003,1.8434709311111117,0.27060765922655966,2.7115,ok,5849346888,1,4.63003,ok,5849350886,1,3.47882,ok,5849354886,1,4.78681,ok,5849358886,1
2026-09-06T08:10:11.458648+00:00,32.4549448,247125,5849364768,5849381020,15,True,15,1.18381,1.81877,1.9057071091946702,1.8682205919230659,1.1838062711366664,1.818766492651852,0.26342145095882846,2.65878,ok,5849368888,1,4.62901,ok,5849372886,1,3.48524,ok,5849376886,1,4.78701,ok,5849380886,1
2026-09-06T08:10:11.481548+00:00,32.477845673,247126,5849387022,5849403019,15,True,15,1.18808,1.84403,1.91063846760342,1.8922809545625179,1.1880867144999996,1.8440336095333347,0.2779096309479453,2.72174,ok,5849390888,1,4.64737,ok,5849394886,1,3.48319,ok,5849398886,1,4.80725,ok,5849402886,1
2026-09-06T08:10:11.504577+00:00,32.500873333,247127,5849409274,5849426020,15,True,15,1.17646,1.8162,1.8992281853398647,1.8658342869931774,1.1764615062100003,1.8161993350888892,0.2663236142195874,2.65481,ok,5849413888,1,4.62759,ok,5849417886,1,3.47612,ok,5849421886,1,4.80171,ok,5849425886,1
2026-09-06T08:10:11.532580+00:00,32.528876136,247128,5849437596,5849454019,15,True,15,1.18954,1.81041,1.9096095468029475,1.8598910724404312,1.1895477922433342,1.8104103348481484,0.25475775463841416,2.67505,ok,5849441888,1,4.60624,ok,5849445886,1,3.47408,ok,5849449886,1,4.82283,ok,5849453886,1
2026-09-06T08:10:11.553641+00:00,32.549937343,247129,5849459858,5849476020,15,True,15,1.20914,1.81207,1.926430961196903,1.861214952469179,1.2091395547766666,1.812075496918519,0.24411818746946287,2.6887,ok,5849463887,1,4.60329,ok,5849467886,1,3.49614,ok,5849471886,1,4.79859,ok,5849475886,1
2026-09-06T08:10:11.575642+00:00,32.57193976,247130,5849482112,5849498020,15,True,15,1.21348,1.82425,1.9307909504934937,1.8727966924917228,1.2134750107799999,1.8242495343222225,0.2500361695445542,2.69249,ok,5849485888,1,4.59806,ok,5849489886,1,3.47975,ok,5849493886,1,4.78739,ok,5849497886,1
2026-09-06T08:10:11.598648+00:00,32.594945852,247131,5849504365,5849521019,15,True,15,1.17953,1.82217,1.9021045667550223,1.871467159409564,1.1795324393433335,1.8221680508259268,0.2682617508454853,2.6819,ok,5849508887,1,4.63501,ok,5849512886,1,3.48269,ok,5849516886,1,4.81266,ok,5849520886,1
2026-09-06T08:10:11.621617+00:00,32.617914183,247132,5849526626,5849543020,15,True,15,1.20469,1.82106,1.9232221967588208,1.8699240495858391,1.2046884327100005,1.8210664981333338,0.25275676106691536,2.6945,ok,5849530888,1,4.61155,ok,5849534886,1,3.48908,ok,5849538886,1,4.79801,ok,5849542886,1
2026-09-06T08:10:11.643586+00:00,32.639883319,247133,5849548884,5849565019,15,True,15,1.21466,1.80431,1.9303037984003855,1.8535090971310921,1.214659790826667,1.804305060996297,0.23581408692567854,2.69514,ok,5849552888,1,4.58224,ok,5849556886,1,3.48637,ok,5849560886,1,4.82169,ok,5849564886,1
2026-09-06T08:10:11.684570+00:00,32.680867783,247134,5849590092,5849606019,15,True,15,1.20064,1.81213,1.9191471559997815,1.8613747866650063,1.2006320530566674,1.8121313567296304,0.24917364937075417,2.68233,ok,5849593888,1,4.6027,ok,5849597886,1,3.4831,ok,5849601886,1,4.80969,ok,5849605886,1
2026-09-06T08:10:11.706645+00:00,32.702941946,247135,5849612347,5849629020,15,True,15,1.20401,1.82358,1.9227717333464056,1.8723339835601245,1.2040060629233331,1.8235786579481483,0.254867915595651,2.69988,ok,5849616888,1,4.61378,ok,5849620886,1,3.48781,ok,5849624886,1,4.80098,ok,5849628886,1
2026-09-06T08:10:11.729557+00:00,32.725854499,247136,5849634600,5849651020,15,True,15,1.20453,1.80888,1.9223578181848955,1.8582388135822645,1.204525527366667,1.808877189685185,0.24468954981964752,2.67221,ok,5849638888,1,4.59984,ok,5849642886,1,3.48911,ok,5849646886,1,4.79609,ok,5849650886,1
2026-09-06T08:10:11.751582+00:00,32.747879252,247137,5849656865,5849673020,15,True,15,1.21829,1.81709,1.9343921815110374,1.8658289870787916,1.218289136263333,1.8170930802037046,0.24237616552298125,2.69982,ok,5849660888,1,4.59551,ok,5849664886,1,3.49253,ok,5849668886,1,4.79476,ok,5849672886,1
2026-09-06T08:10:11.772652+00:00,32.768949612,247138,5849679119,5849695020,15,True,15,1.21398,1.81772,1.9307598847639214,1.8664950460268854,1.2139815330666668,1.817721736196297,0.24523012965981503,2.6868,ok,5849682888,1,4.5906,ok,5849686886,1,3.47907,ok,5849690886,1,4.79323,ok,5849694886,1
2026-09-06T08:10:11.796590+00:00,32.792887217,247139,5849701376,5849718020,15,True,15,1.20834,1.8219,1.9262140480885053,1.8705939318297042,1.2083407144266665,1.8219048751407412,0.2513003877710108,2.69269,ok,5849705888,1,4.59793,ok,5849709886,1,3.47523,ok,5849713886,1,4.80065,ok,5849717886,1
2026-09-06T08:10:11.817646+00:00,32.813942984,247140,5849723636,5849740019,15,True,15,1.18146,1.80787,1.902669709897053,1.8576217544934845,1.1814615039466665,1.8078701861074078,0.2581513611418656,2.674,ok,5849727888,1,4.61706,ok,5849731886,1,3.48009,ok,5849735886,1,4.83045,ok,5849739886,1
2026-09-06T08:10:11.840546+00:00,32.836843633,247141,5849745889,5849762019,15,True,15,1.20169,1.81205,1.92026568691288,1.8613914749674823,1.2016892762599998,1.8120550129111117,0.248420217031616,2.6873,ok,5849749888,1,4.61819,ok,5849753886,1,3.50515,ok,5849757886,1,4.79825,ok,5849761886,1
2026-09-06T08:10:11.868581+00:00,32.864878052,247142,5849773582,5849790020,15,True,15,1.20656,1.80377,1.9236756864882616,1.8532524712241798,1.2065628902600016,1.803764097177778,0.2401670169911686,2.66912,ok,5849777888,1,4.59043,ok,5849781886,1,3.48623,ok,5849785886,1,4.80221,ok,5849789886,1
2026-09-06T08:10:11.889868+00:00,32.886165282,247143,5849795844,5849812019,15,True,15,1.20085,1.8042,1.918813316373759,1.8537403096458622,1.2008505596033339,1.8041960667481485,0.24390689995732134,2.6787,ok,5849799887,1,4.59836,ok,5849803886,1,3.48793,ok,5849807886,1,4.81676,ok,5849811886,1
2026-09-06T08:10:11.912599+00:00,32.908894534,247144,5849818099,5849834019,15,True,15,1.20904,1.81296,1.9265080941221402,1.8621127245403986,1.2090404662466672,1.8129563480962962,0.24473383036903995,2.70071,ok,5849821888,1,4.6168,ok,5849825886,1,3.51264,ok,5849829886,1,4.79848,ok,5849833886,1
2026-09-06T08:10:11.934618+00:00,32.930914616,247145,5849840353,5849857020,15,True,15,1.20467,1.81485,1.922964751633916,1.8640263118648088,1.2046628841233338,1.8148487531481488,0.24852858518746543,2.68242,ok,5849844887,1,4.61314,ok,5849848886,1,3.49915,ok,5849852886,1,4.78882,ok,5849856886,1
2026-09-06T08:10:11.957550+00:00,32.953847009,247146,5849862613,5849879019,15,True,15,1.1989,1.82271,1.9184306315667385,1.8716101752040968,1.1988973701100007,1.8227146127333334,0.2571974094471654,2.6916,ok,5849866888,1,4.61604,ok,5849870886,1,3.48459,ok,5849874886,1,4.80096,ok,5849878886,1
2026-09-06T08:10:11.979564+00:00,32.975860627,247147,5849884870,5849901019,15,True,15,1.17666,1.80347,1.8984579110685111,1.8535456261726684,1.176650865076667,1.8034720989740736,0.2584694492505873,2.66982,ok,5849888888,1,4.62698,ok,5849892886,1,3.49202,ok,5849896886,1,4.83039,ok,5849900886,1
2026-09-06T08:10:12.001592+00:00,32.997888644,247148,5849907130,5849923019,15,True,15,1.22585,1.80536,1.9398345906256935,1.8543307304047902,1.2258433157599997,1.805362757511112,0.23008879532915263,2.70397,ok,5849910888,1,4.57651,ok,5849914886,1,3.49351,ok,5849918886,1,4.81283,ok,5849922886,1
2026-09-06T08:10:12.023708+00:00,33.020002328,247149,5849929387,5849946019,15,True,15,1.20475,1.81218,1.9229024607220329,1.861481009819055,1.2047514599699998,1.812185271533334,0.2466920034328144,2.66893,ok,5849933888,1,4.60675,ok,5849937886,1,3.49428,ok,5849941886,1,4.78221,ok,5849945886,1
2026-09-06T08:10:12.046587+00:00,33.042883552,247150,5849951642,5849968019,15,True,15,1.21244,1.83227,1.9301047869816836,1.8803652640412942,1.2124404013933336,1.832266528114815,0.2563449203329574,2.71953,ok,5849955888,1,4.597,ok,5849959886,1,3.46647,ok,5849963886,1,4.81353,ok,5849967886,1
2026-09-06T08:10:12.067612+00:00,33.063909335,247151,5849973895,5849990019,15,True,15,1.20243,1.79562,1.9196819302530737,1.8455120521562673,1.2024335028733333,1.7956238633370374,0.2374920720598854,2.66768,ok,5849977888,1,4.59357,ok,5849981886,1,3.49494,ok,5849985886,1,4.81382,ok,5849989886,1
2026-09-06T08:10:12.091607+00:00,33.087903773,247152,5849996153,5850013019,15,True,15,1.22507,1.81014,1.9395948235565117,1.8589897560295419,1.22507073561,1.8101437862333338,0.2337927498116906,2.68956,ok,5850000888,1,4.5761,ok,5850004886,1,3.4857,ok,5850008886,1,4.79417,ok,5850012886,1
2026-09-06T08:10:12.112607+00:00,33.108904371,247153,5850018413,5850035020,15,True,15,1.19069,1.81194,1.9108961582311086,1.8614559920966829,1.190683789503334,1.811947449992593,0.2549597285929045,2.66667,ok,5850022888,1,4.61407,ok,5850026886,1,3.4841,ok,5850030886,1,4.80223,ok,5850034886,1
2026-09-06T08:10:12.134686+00:00,33.130980422,247154,5850040668,5850057020,15,True,15,1.21353,1.82424,1.9309249089906428,1.8728352991034691,1.2135339550900002,1.8242492969333337,0.24998067357289772,2.71977,ok,5850044888,1,4.61904,ok,5850048886,1,3.50751,ok,5850052886,1,4.7979,ok,5850056886,1
2026-09-06T08:10:12.156661+00:00,33.152957398,247155,5850062922,5850079020,15,True,15,1.19607,1.80825,1.9153439063227562,1.8578667404030278,1.1960732707666666,1.808248871218519,0.2492816246741669,2.65664,ok,5850066888,1,4.60973,ok,5850070886,1,3.49086,ok,5850074886,1,4.7875,ok,5850078886,1
2026-09-06T08:10:12.196608+00:00,33.192904586,247156,5850101800,5850118020,15,True,15,1.21837,1.83176,1.9354139565992847,1.879935668228606,1.21836445408,1.8317647853666672,0.25272735555199993,2.71582,ok,5850105888,1,4.6085,ok,5850109886,1,3.49085,ok,5850113886,1,4.78643,ok,5850117886,1
2026-09-06T08:10:12.224588+00:00,33.220885116,247157,5850129698,5850146020,15,True,15,1.22457,1.79332,1.9383477704774412,1.842954161616527,1.224568448180001,1.7933221157555561,0.2226038128768419,2.6911,ok,5850133888,1,4.58989,ok,5850137886,1,3.52461,ok,5850141886,1,4.79955,ok,5850145886,1
2026-09-06T08:10:12.245596+00:00,33.24189269,247158,5850151960,5850168020,15,True,15,1.22232,1.80107,1.9367864604966856,1.8503738372570953,1.2223165991599998,1.8010774714777786,0.22913234845573605,2.68459,ok,5850155887,1,4.58051,ok,5850159886,1,3.49922,ok,5850163886,1,4.79864,ok,5850167886,1
2026-09-06T08:10:12.267606+00:00,33.263903363,247159,5850174212,5850190020,15,True,15,1.19125,1.82074,1.9119502109143591,1.8698989197033127,1.1912532545133336,1.8207389738703712,0.26031390108468344,2.67036,ok,5850177888,1,4.61771,ok,5850181886,1,3.47838,ok,5850185886,1,4.7934,ok,5850189886,1
2026-09-06T08:10:12.290648+00:00,33.286945072,247160,5850196463,5850213020,15,True,15,1.20982,1.81772,1.9272345728912577,1.8665590119645294,1.2098182261266663,1.8177138147740746,0.24758200501464708,2.69176,ok,5850200887,1,4.59751,ok,5850204886,1,3.48222,ok,5850208886,1,4.80086,ok,5850212886,1
2026-09-06T08:10:12.312697+00:00,33.308993122,247161,5850218716,5850235019,15,True,15,1.19339,1.80745,1.9128461954555762,1.8570622628728795,1.19339344725,1.807451489288889,0.2504685916402065,2.67719,ok,5850222888,1,4.61344,ok,5850226886,1,3.49295,ok,5850230886,1,4.8131,ok,5850234886,1
2026-09-06T08:10:12.335601+00:00,33.331897867,247162,5850240974,5850257019,15,True,15,1.2027,1.82443,1.9216370388491533,1.873136678242626,1.2026989391600007,1.8244313204555562,0.25621838960167775,2.69851,ok,5850244888,1,4.60945,ok,5850248886,1,3.4791,ok,5850252886,1,4.80552,ok,5850256886,1
2026-09-06T08:10:12.357616+00:00,33.35391302,247163,5850263234,5850280019,15,True,15,1.2013,1.80593,1.9194397891207866,1.855458403983545,1.2013016573100004,1.8059260095111114,0.24469662250144475,2.67634,ok,5850267888,1,4.60485,ok,5850271886,1,3.4949,ok,5850275886,1,4.80537,ok,5850279886,1
2026-09-06T08:10:12.379614+00:00,33.375911213,247164,5850285490,5850302020,15,True,15,1.21408,1.83122,1.931697260378026,1.8794639573660457,1.2140839965899994,1.8312260513222232,0.2546480466446702,2.72023,ok,5850289888,1,4.61164,ok,5850293886,1,3.48956,ok,5850297886,1,4.79785,ok,5850301886,1
2026-09-06T08:10:12.401608+00:00,33.397905822,247165,5850307744,5850324019,15,True,15,1.18154,1.82906,1.9041279489661895,1.878005025766028,1.1815402194466667,1.8290655901740747,0.27157763086108694,2.67651,ok,5850311888,1,4.62414,ok,5850315886,1,3.46215,ok,5850319886,1,4.80649,ok,5850323886,1
2026-09-06T08:10:12.423608+00:00,33.41990539,247166,5850329997,5850346019,15,True,15,1.22417,1.82336,1.9395269743575474,1.8716280365757978,1.2241698830900003,1.823353631866667,0.24364612832526086,2.72511,ok,5850333888,1,4.5912,ok,5850337886,1,3.48721,ok,5850341886,1,4.80934,ok,5850345886,1
2026-09-06T08:10:12.447588+00:00,33.443885556,247167,5850352551,5850369019,15,True,15,1.2028,1.8128,1.921043036076349,1.86198789818888,1.2028000487666672,1.8127994725407413,0.24832650028843883,2.68589,ok,5850356888,1,4.60386,ok,5850360886,1,3.48688,ok,5850364886,1,4.80742,ok,5850368886,1
2026-09-06T08:10:12.468593+00:00,33.464890026,247168,5850374812,5850391020,15,True,15,1.21711,1.83851,1.9345672030738243,1.886340236195107,1.21711126976,1.8385145081777783,0.2583324358909393,2.72063,ok,5850378887,1,4.60069,ok,5850382886,1,3.46999,ok,5850386886,1,4.79567,ok,5850390886,1
2026-09-06T08:10:12.490635+00:00,33.486932028,247169,5850397065,5850413019,15,True,15,1.20115,1.82603,1.9204588076772435,1.874716557856401,1.2011458423699999,1.826030665933334,0.25818356608751647,2.69757,ok,5850400888,1,4.61271,ok,5850404886,1,3.47912,ok,5850408886,1,4.80307,ok,5850412886,1
2026-09-06T08:10:12.513670+00:00,33.509967209,247170,5850419319,5850436020,15,True,15,1.23242,1.83236,1.9471038929162823,1.8801444547214061,1.2324187859633335,1.8323552094814821,0.2459209226060489,2.73888,ok,5850423887,1,4.59401,ok,5850427886,1,3.49112,ok,5850431886,1,4.79671,ok,5850435886,1
2026-09-06T08:10:12.535623+00:00,33.5319206,247171,5850441569,5850458020,15,True,15,1.21024,1.82254,1.9279819153332094,1.8712223681685827,1.2102476705833334,1.822537272203704,0.25063091159531037,2.70376,ok,5850445888,1,4.60944,ok,5850449886,1,3.49236,ok,5850453886,1,4.79749,ok,5850457886,1
2026-09-06T08:10:12.564594+00:00,33.560891365,247172,5850469567,5850486020,15,True,15,1.25292,1.82017,1.9635729441368128,1.8680294390186136,1.2529180016833328,1.8201672223703715,0.22658082529615778,2.7462,ok,5850473888,1,4.57013,ok,5850477886,1,3.50482,ok,5850481886,1,4.79659,ok,5850485886,1
2026-09-06T08:10:12.585654+00:00,33.581951228,247173,5850491831,5850508020,15,True,15,1.2269,1.81228,1.9412757727655787,1.861003429293795,1.2269031954733332,1.8122754509703711,0.23426723454761994,2.71073,ok,5850495887,1,4.58676,ok,5850499886,1,3.49956,ok,5850503886,1,4.802,ok,5850507886,1
2026-09-06T08:10:12.607694+00:00,33.60399051,247174,5850514086,5850530020,15,True,15,1.23102,1.82771,1.945687503275219,1.8757308050390513,1.2310241862333333,1.8277068174259261,0.24318027212784968,2.73104,ok,5850517888,1,4.59359,ok,5850521886,1,3.49456,ok,5850525886,1,4.79544,ok,5850529886,1
2026-09-06T08:10:12.630647+00:00,33.626944088,247175,5850536341,5850553020,15,True,15,1.21727,1.79977,1.9325396891082334,1.8492597301758698,1.2172661347200004,1.7997721728,0.23117656837434888,2.67019,ok,5850540887,1,4.58351,ok,5850544886,1,3.49761,ok,5850548886,1,4.79145,ok,5850552886,1
2026-09-06T08:10:12.652603+00:00,33.648900136,247176,5850558594,5850575020,15,True,15,1.21137,1.83616,1.9298740620300845,1.8843213423097538,1.211370661343333,1.8361539746481486,0.2595910763759124,2.72066,ok,5850562888,1,4.62478,ok,5850566886,1,3.4967,ok,5850570886,1,4.78671,ok,5850574886,1
2026-09-06T08:10:12.675592+00:00,33.671889139,247177,5850580853,5850597020,15,True,15,1.21273,1.79797,1.9286472015118277,1.847636566121183,1.212726485573334,1.7979691313481487,0.2326730407263947,2.68155,ok,5850584888,1,4.59817,ok,5850588886,1,3.51265,ok,5850592886,1,4.80125,ok,5850596886,1
2026-09-06T08:10:12.716617+00:00,33.712914309,247178,5850621821,5850638020,15,True,15,1.21645,1.82538,1.9333710510103588,1.8738298884197337,1.2164470261300002,1.8253821159777786,0.24920403950659797,2.71195,ok,5850625888,1,4.60631,ok,5850629886,1,3.49344,ok,5850633886,1,4.79415,ok,5850637886,1
2026-09-06T08:10:12.737640+00:00,33.733936891,247179,5850644076,5850660020,15,True,15,1.22383,1.82149,1.939176862391906,1.8698736388765804,1.2238272434700013,1.8214926943333332,0.24248632451786667,2.70444,ok,5850647888,1,4.58252,ok,5850651886,1,3.47769,ok,5850655886,1,4.79672,ok,5850659886,1
2026-09-06T08:10:12.760659+00:00,33.756956903,247180,5850666328,5850683020,15,True,15,1.216,1.83834,1.9337524285760483,1.8862581572311814,1.2159919208,1.8383379390666672,0.2587580549476394,2.71166,ok,5850670888,1,4.60506,ok,5850674886,1,3.4744,ok,5850678886,1,4.7838,ok,5850682886,1
2026-09-06T08:10:12.783600+00:00,33.779896977,247181,5850688593,5850705020,15,True,15,1.18916,1.82785,1.910815005476579,1.8768615139245437,1.18915464616,1.8278550601777788,0.26619864373625524,2.69121,ok,5850692888,1,4.64405,ok,5850696886,1,3.50115,ok,5850700886,1,4.78897,ok,5850704886,1
2026-09-06T08:10:12.804605+00:00,33.800902471,247182,5850710847,5850727019,15,True,15,1.21453,1.79357,1.929735013464987,1.8433042736833705,1.214530752233334,1.7935711974148154,0.22880811111567045,2.67116,ok,5850714888,1,4.58013,ok,5850718886,1,3.49725,ok,5850722886,1,4.80727,ok,5850726886,1
2026-09-06T08:10:12.826687+00:00,33.82298009,247183,5850733104,5850749019,15,True,15,1.21178,1.81611,1.9287870161240388,1.8649767310142495,1.211778079360001,1.8161042065000002,0.24536914473280647,2.72229,ok,5850736888,1,4.61307,ok,5850740886,1,3.5076,ok,5850744886,1,4.81776,ok,5850748886,1
2026-09-06T08:10:12.849679+00:00,33.84597591,247184,5850755358,5850772019,15,True,15,1.20557,1.80239,1.9227090015925894,1.851925492097659,1.2055725376000006,1.8023852075888893,0.23988466599841365,2.66848,ok,5850759888,1,4.58838,ok,5850763886,1,3.48389,ok,5850767886,1,4.80681,ok,5850771886,1
2026-09-06T08:10:12.871633+00:00,33.867929973,247185,5850777619,5850794019,15,True,15,1.22256,1.83188,1.9388494264641543,1.8799112622191103,1.222564232896667,1.8318773753518525,0.2506212453928297,2.72659,ok,5850781888,1,4.60324,ok,5850785886,1,3.48978,ok,5850789886,1,4.79485,ok,5850793886,1
2026-09-06T08:10:12.900583+00:00,33.896879905,247186,5850805580,5850822020,15,True,15,1.21196,1.82303,1.9295545084078007,1.8717082305347017,1.2119630266666666,1.8230297651851863,0.2499896026378073,2.69545,ok,5850809888,1,4.60831,ok,5850813886,1,3.49269,ok,5850817886,1,4.78517,ok,5850821886,1
2026-09-06T08:10:12.921692+00:00,33.917988922,247187,5850827843,5850844019,15,True,15,1.24297,1.8146,1.9550140386144301,1.8629569617043227,1.2429743193600002,1.814604341377779,0.227364156381923,2.7063,ok,5850831887,1,4.56798,ok,5850835886,1,3.49496,ok,5850839886,1,4.7792,ok,5850843886,1
2026-09-06T08:10:12.943674+00:00,33.939971498,247188,5850850098,5850866020,15,True,15,1.20824,1.81292,1.9256810008671421,1.862021129310873,1.208243113606667,1.8129206250740748,0.24521913667499462,2.67567,ok,5850853888,1,4.594,ok,5850857886,1,3.48152,ok,5850861886,1,4.794,ok,5850865886,1
2026-09-06T08:10:12.966648+00:00,33.962944597,247189,5850872351,5850889019,15,True,15,1.23138,1.81574,1.9451697036424405,1.8641992700248522,1.231383466793334,1.8157409663481485,0.23431855628760373,2.72619,ok,5850876887,1,4.58494,ok,5850880886,1,3.49912,ok,5850884886,1,4.80866,ok,5850888886,1
2026-09-06T08:10:12.988600+00:00,33.984897765,247190,5850894611,5850911020,15,True,15,1.21505,1.79654,1.93034193427541,1.8461335753596633,1.2150486502400004,1.7965351789666675,0.23041497957533574,2.66278,ok,5850898888,1,4.57398,ok,5850902886,1,3.48611,ok,5850906886,1,4.79997,ok,5850910886,1
2026-09-06T08:10:13.011604+00:00,34.007901168,247191,5850916870,5850933020,15,True,15,1.2121,1.84324,1.930861016422802,1.8910802614163915,1.2120985075233337,1.8432413538592605,0.2643484307757394,2.72826,ok,5850920888,1,4.62484,ok,5850924886,1,3.48869,ok,5850928886,1,4.78712,ok,5850932886,1
2026-09-06T08:10:13.032696+00:00,34.028992777,247192,5850939131,5850955020,15,True,15,1.21076,1.81908,1.9281269574757303,1.8678549417182408,1.210757203963334,1.8190740808481485,0.24797653321237412,2.69451,ok,5850942888,1,4.59907,ok,5850946886,1,3.48387,ok,5850950886,1,4.79922,ok,5850954886,1
2026-09-06T08:10:13.055696+00:00,34.051993012,247193,5850961386,5850978020,15,True,15,1.21026,1.81642,1.92766672239974,1.8653720557937825,1.2102607178466673,1.8164172562740744,0.24640392059716967,2.70119,ok,5850965888,1,4.61078,ok,5850969886,1,3.50202,ok,5850973886,1,4.79902,ok,5850977886,1
2026-09-06T08:10:13.077675+00:00,34.073972165,247194,5850983639,5851000020,15,True,15,1.21535,1.81578,1.9319841303682275,1.8646976174958552,1.2153471146900003,1.8157808654333338,0.24306835450985909,2.6922,ok,5850987888,1,4.60362,ok,5850991886,1,3.50068,ok,5850995886,1,4.78577,ok,5850999886,1
2026-09-06T08:10:13.099609+00:00,34.095906676,247195,5851005893,5851022020,15,True,15,1.2086,1.80717,1.92563298731634,1.8565008605492124,1.2086004694933339,1.8071740055370373,0.24118264579600857,2.66685,ok,5851009888,1,4.58857,ok,5851013886,1,3.4823,ok,5851017886,1,4.79402,ok,5851021886,1
2026-09-06T08:10:13.123630+00:00,34.119927547,247196,5851028151,5851045019,15,True,15,1.21226,1.80899,1.928685128021754,1.8581001405782658,1.2122650022733328,1.8089858637259268,0.24029595917400667,2.69663,ok,5851032888,1,4.59278,ok,5851036886,1,3.49076,ok,5851040886,1,4.81392,ok,5851044886,1
2026-09-06T08:10:13.144630+00:00,34.140927601,247197,5851050411,5851067020,15,True,15,1.18768,1.81499,1.9086323585656015,1.8644671949709493,1.18767970788,1.8149852336,0.25869357815749255,2.6647,ok,5851054888,1,4.6214,ok,5851058886,1,3.48558,ok,5851062886,1,4.7964,ok,5851066886,1
2026-09-06T08:10:13.166696+00:00,34.162992835,247198,5851072668,5851089020,15,True,15,1.20771,1.85217,1.9276587565723775,1.8997147634245273,1.2077097751699999,1.8521769422222234,0.27318355840775366,2.73663,ok,5851076888,1,4.63202,ok,5851080886,1,3.48039,ok,5851084886,1,4.7905,ok,5851088886,1
2026-09-06T08:10:13.188614+00:00,34.184911506,247199,5851094921,5851111020,15,True,15,1.19408,1.80724,1.9134400271588123,1.8568591894259316,1.1940752454866674,1.8072374204074078,0.249905175804901,2.65762,ok,5851098888,1,4.60323,ok,5851102886,1,3.48071,ok,5851106886,1,4.79995,ok,5851110886,1
2026-09-06T08:10:13.230696+00:00,34.226991967,247200,5851135676,5851152020,15,True,15,1.21483,1.82671,1.9319656403622119,1.875078330564185,1.2148304532433334,1.826712481037038,0.25105858655269125,2.70812,ok,5851139888,1,4.59855,ok,5851143886,1,3.47916,ok,5851147886,1,4.79939,ok,5851151886,1
2026-09-06T08:10:13.258638+00:00,34.254935344,247201,5851163697,5851180020,15,True,15,1.21698,1.79191,1.9318010043041955,1.8417143506996339,1.2169807358600007,1.791912220111112,0.22622655339584985,2.67214,ok,5851167888,1,4.58393,ok,5851171886,1,3.50785,ok,5851175886,1,4.80119,ok,5851179886,1
2026-09-06T08:10:13.279630+00:00,34.275926982,247202,5851185958,5851202020,15,True,15,1.22842,1.82337,1.943112523024518,1.8715664327143369,1.2284135018800006,1.8233695265333334,0.24139931448767468,2.7175,ok,5851189887,1,4.5821,ok,5851193886,1,3.4813,ok,5851197886,1,4.80056,ok,5851201886,1
2026-09-06T08:10:13.301639+00:00,34.297936215,247203,5851208211,5851224020,15,True,15,1.20963,1.80892,1.9266587252038685,1.8581883210304189,1.2096336446200007,1.8089294277888892,0.24172598082056662,2.66755,ok,5851211888,1,4.5906,ok,5851215886,1,3.48419,ok,5851219886,1,4.78905,ok,5851223886,1
2026-09-06T08:10:13.324692+00:00,34.320989252,247204,5851230463,5851247019,15,True,15,1.22602,1.81331,1.9404741520270499,1.8619537659352978,1.2260209008900005,1.813308158644445,0.23551040773194487,2.70059,ok,5851234887,1,4.57455,ok,5851238886,1,3.48094,ok,5851242886,1,4.80309,ok,5851246886,1
2026-09-06T08:10:13.346630+00:00,34.342927795,247205,5851252716,5851269019,15,True,15,1.18401,1.81864,1.905736721147948,1.8680323865148916,1.184011276833334,1.8186413638925931,0.2632662802407377,2.68261,ok,5851256888,1,4.63446,ok,5851260886,1,3.49293,ok,5851264886,1,4.80797,ok,5851268886,1
2026-09-06T08:10:13.369951+00:00,34.366248295,247206,5851274973,5851291020,15,True,15,1.20229,1.82193,1.9213166906230326,1.8708259558635412,1.2022937008099996,1.8219292782888898,0.2546931571393308,2.69107,ok,5851278888,1,4.61597,ok,5851282886,1,3.49038,ok,5851286886,1,4.79409,ok,5851290886,1
2026-09-06T08:10:13.391678+00:00,34.387975601,247207,5851297234,5851314019,15,True,15,1.19634,1.83393,1.9169225670251258,1.88239749935163,1.1963382664966673,1.833923367751853,0.2663091165337099,2.71295,ok,5851301888,1,4.62938,ok,5851305886,1,3.48414,ok,5851309886,1,4.80697,ok,5851313886,1
2026-09-06T08:10:13.413612+00:00,34.409909376,247208,5851319490,5851336019,15,True,15,1.20152,1.80338,1.9194124834474406,1.8529867912789242,1.201525190293333,1.8033845799370378,0.24294964655365886,2.66927,ok,5851323888,1,4.59687,ok,5851327886,1,3.48798,ok,5851331886,1,4.80706,ok,5851335886,1
2026-09-06T08:10:13.435871+00:00,34.432163607,247209,5851341744,5851358019,15,True,15,1.22652,1.81232,1.9408603762294865,1.8610116440265723,1.2265187167433336,1.8123229547814825,0.23453750798457124,2.70428,ok,5851345888,1,4.57775,ok,5851349886,1,3.48713,ok,5851353886,1,4.80408,ok,5851357886,1
2026-09-06T08:10:13.457687+00:00,34.453984355,247210,5851363996,5851380020,15,True,15,1.21921,1.79605,1.9340490133403048,1.8456976020958982,1.2192094428233338,1.7960496529148153,0.22754429366710785,2.6718,ok,5851367888,1,4.58807,ok,5851371886,1,3.51113,ok,5851375886,1,4.78832,ok,5851379886,1
2026-09-06T08:10:13.481607+00:00,34.477904296,247211,5851386254,5851403019,15,True,15,1.22977,1.82164,1.9441229769996329,1.8698676982463025,1.2297682933966667,1.8216387440851853,0.23943652327245024,2.72816,ok,5851390888,1,4.58528,ok,5851394886,1,3.48966,ok,5851398886,1,4.80841,ok,5851402886,1
2026-09-06T08:10:13.502612+00:00,34.498908958,247212,5851408514,5851425020,15,True,15,1.1871,1.8078,1.9075040299481194,1.8574912126616108,1.1871066621433335,1.807806227503705,0.25457397678723176,2.66725,ok,5851412888,1,4.61125,ok,5851416886,1,3.48058,ok,5851420886,1,4.81689,ok,5851424886,1
2026-09-06T08:10:13.524682+00:00,34.520979344,247213,5851430769,5851447020,15,True,15,1.20911,1.82664,1.9273285245757672,1.8752144071122168,1.2091120918166667,1.826649027407408,0.25410760252473963,2.7145,ok,5851434888,1,4.62021,ok,5851438886,1,3.49966,ok,5851442886,1,4.79777,ok,5851446886,1
2026-09-06T08:10:13.546633+00:00,34.542930272,247214,5851453024,5851469019,15,True,15,1.19767,1.81512,1.9171296108485163,1.8644355762569054,1.1976649364833343,1.8151136226370375,0.2527857852700625,2.66348,ok,5851456888,1,4.61325,ok,5851460886,1,3.48894,ok,5851464886,1,4.78193,ok,5851468886,1
2026-09-06T08:10:13.569606+00:00,34.565902891,247215,5851475279,5851492020,15,True,15,1.21098,1.83235,1.9292136230916128,1.8806232479138356,1.210983200816667,1.8323423511185193,0.25710298831951034,2.71278,ok,5851479888,1,4.6146,ok,5851483886,1,3.48759,ok,5851487886,1,4.79198,ok,5851491886,1
2026-09-06T08:10:13.598624+00:00,34.594921145,247216,5851503592,5851520020,15,True,15,1.21515,1.81777,1.93195249487162,1.8666150402952102,1.21515448483,1.8177707104333336,0.2445489463107298,2.67755,ok,5851507888,1,4.59584,ok,5851511886,1,3.4876,ok,5851515886,1,4.77533,ok,5851519886,1
2026-09-06T08:10:13.619679+00:00,34.615976144,247217,5851525854,5851542019,15,True,15,1.2298,1.83607,1.945241860199287,1.8838087733550801,1.229802930453334,1.8360647450925929,0.24998586987080929,2.73127,ok,5851529887,1,4.59953,ok,5851533886,1,3.48986,ok,5851537886,1,4.7847,ok,5851541886,1
2026-09-06T08:10:13.641624+00:00,34.637921183,247218,5851548110,5851564020,15,True,15,1.21033,1.80435,1.9270055814827685,1.853799439554727,1.2103297068699999,1.8043497286000014,0.23827174750126717,2.66042,ok,5851551888,1,4.58804,ok,5851555886,1,3.48773,ok,5851559886,1,4.78642,ok,5851563886,1
2026-09-06T08:10:13.664696+00:00,34.660992973,247219,5851570364,5851587020,15,True,15,1.22162,1.8351,1.9381732212317608,1.882982793418093,1.2216177227999996,1.835096646044445,0.253482514534932,2.73297,ok,5851574887,1,4.60365,ok,5851578886,1,3.48481,ok,5851582886,1,4.80067,ok,5851586886,1
2026-09-06T08:10:13.686645+00:00,34.682941884,247220,5851592625,5851609020,15,True,15,1.23436,1.7953,1.9465057279909201,1.844564566582843,1.2343618909166665,1.7953014992962968,0.21833942079710372,2.67757,ok,5851596888,1,4.55717,ok,5851600886,1,3.49338,ok,5851604886,1,4.79333,ok,5851608886,1
2026-09-06T08:10:13.708717+00:00,34.705013967,247221,5851614883,5851631019,15,True,15,1.23547,1.81756,1.9488367226210515,1.8659187175321268,1.2354629166766666,1.8175553598296303,0.2334370159361122,2.71549,ok,5851618888,1,4.58079,ok,5851622886,1,3.49718,ok,5851626886,1,4.79029,ok,5851630886,1
2026-09-06T08:10:13.750633+00:00,34.74692956,247222,5851655789,5851672020,15,True,15,1.19657,1.83196,1.9171127998073707,1.8805635482589345,1.1965682982366668,1.8319592583962976,0.26479373270653556,2.68202,ok,5851659888,1,4.61799,ok,5851663886,1,3.47187,ok,5851667886,1,4.78452,ok,5851671886,1
2026-09-06T08:10:13.781625+00:00,34.777922779,247223,5851678043,5851704020,15,True,15,1.2126,1.82229,1.9298413231680924,1.8708904829393398,1.212601834936667,1.8222922411185192,0.2491786071101646,2.6998,ok,5851681888,1,4.59776,ok,5851695886,2,3.48063,ok,5851699886,1,4.79956,ok,5851703886,1
2026-09-06T08:10:13.798723+00:00,34.795020744,247224,5851704698,5851721020,15,True,15,1.225,1.83182,1.9408523507596898,1.8797882903817673,1.224999626506667,1.8318202621629633,0.24931983925788975,2.72215,ok,5851708892,1,4.59495,ok,5851712886,1,3.48241,ok,5851716886,1,4.79273,ok,5851720886,1
2026-09-06T08:10:13.821647+00:00,34.817944242,247225,5851726962,5851743019,15,True,15,1.19519,1.81404,1.9147572979905112,1.8633522010896324,1.1951913434199999,1.8140454237000008,0.25362971878705276,2.67707,ok,5851730888,1,4.6108,ok,5851734886,1,3.48353,ok,5851738886,1,4.80559,ok,5851742886,1
2026-09-06T08:10:13.843651+00:00,34.83994797,247226,5851749217,5851766019,15,True,15,1.21531,1.83937,1.9330757226999646,1.8871814862793583,1.2153140352400005,1.8393699237000007,0.25990266844159626,2.73491,ok,5851753888,1,4.60955,ok,5851757886,1,3.47804,ok,5851761886,1,4.80634,ok,5851765886,1
2026-09-06T08:10:13.865655+00:00,34.861952275,247227,5851771472,5851788020,15,True,15,1.19572,1.82927,1.9163278189157802,1.878046551050986,1.1957102555033337,1.829268593581482,0.2634093067181584,2.70462,ok,5851775888,1,4.63826,ok,5851779886,1,3.50102,ok,5851783886,1,4.79467,ok,5851787886,1
2026-09-06T08:10:13.887630+00:00,34.883927427,247228,5851793726,5851810019,15,True,15,1.21842,1.8201,1.9345466903256772,1.868648194381511,1.2184166583699998,1.8201010926333345,0.24444605280532808,2.6936,ok,5851797888,1,4.5835,ok,5851801886,1,3.473,ok,5851805886,1,4.79617,ok,5851809886,1
2026-09-06T08:10:13.909693+00:00,34.905990262,247229,5851815979,5851832020,15,True,15,1.19543,1.84022,1.9166849599262399,1.8885302112030227,1.195423927233334,1.8402230899925929,0.2711511609787911,2.71169,ok,5851819888,1,4.6385,ok,5851823886,1,3.48682,ok,5851827886,1,4.79274,ok,5851831886,1
2026-09-06T08:10:13.938644+00:00,34.93494173,247230,5851843597,5851860019,15,True,15,1.22173,1.8049,1.9364125409521535,1.853998189245028,1.2217347837300003,1.8049008092888894,0.23208721946139654,2.69569,ok,5851847888,1,4.58068,ok,5851851886,1,3.49369,ok,5851855886,1,4.80854,ok,5851859886,1
2026-09-06T08:10:13.959707+00:00,34.956003769,247231,5851865860,5851882020,15,True,15,1.21421,1.83544,1.9319469893698344,1.8834535243510637,1.2142041413933329,1.835439851381483,0.2576316959151728,2.72312,ok,5851869887,1,4.60669,ok,5851873886,1,3.47774,ok,5851877886,1,4.80168,ok,5851881886,1
2026-09-06T08:10:13.981712+00:00,34.978008938,247232,5851888117,5851904019,15,True,15,1.17957,1.82311,1.902118558651848,1.8723358598394573,1.1795651989899998,1.8231091129111112,0.26887268173476153,2.67418,ok,5851891888,1,4.62628,ok,5851895886,1,3.46989,ok,5851899886,1,4.81152,ok,5851903886,1
2026-09-06T08:10:14.004631+00:00,35.000928052,247233,5851910370,5851927019,15,True,15,1.2097,1.84594,1.928776470641097,1.8936109747268715,1.20970092433,1.8459442661333347,0.2676241299709448,2.73137,ok,5851914887,1,4.61588,ok,5851918886,1,3.46985,ok,5851922886,1,4.80176,ok,5851926886,1
2026-09-06T08:10:14.026685+00:00,35.022979686,247234,5851932629,5851949020,15,True,15,1.20906,1.80493,1.9259043677863201,1.854343717367696,1.2090638836400005,1.8049262304888891,0.2394224473544499,2.67072,ok,5851936888,1,4.59136,ok,5851940886,1,3.48954,ok,5851944886,1,4.7968,ok,5851948886,1
2026-09-06T08:10:14.049627+00:00,35.04592488,247235,5851954887,5851971019,15,True,15,1.22296,1.81924,1.9381289942042454,1.8676434816646086,1.2229616379500001,1.8192407458555566,0.2414019026698638,2.72091,ok,5851958888,1,4.58246,ok,5851962886,1,3.47928,ok,5851966886,1,4.81927,ok,5851970886,1
2026-09-06T08:10:14.070660+00:00,35.066957415,247236,5851977146,5851993019,15,True,15,1.20189,1.81181,1.9203240685298515,1.8611011762318883,1.2018941868333333,1.8118054844925933,0.24816840603275023,2.68618,ok,5851980888,1,4.61139,ok,5851984886,1,3.4968,ok,5851988886,1,4.80334,ok,5851992886,1
2026-09-06T08:10:14.093711+00:00,35.090008084,247237,5851999402,5852016019,15,True,15,1.21848,1.8335,1.9354191714302333,1.881504080748087,1.2184779550000002,1.8334984976111122,0.2539667834962815,2.73363,ok,5852003888,1,4.60717,ok,5852007886,1,3.48702,ok,5852011886,1,4.80608,ok,5852015886,1
2026-09-06T08:10:14.115662+00:00,35.111959267,247238,5852021656,5852038020,15,True,15,1.20759,1.82537,1.926092391666389,1.874072030673165,1.2075853665799998,1.8253645384222235,0.25402688274914986,2.69102,ok,5852025888,1,4.61597,ok,5852029886,1,3.49353,ok,5852033886,1,4.77975,ok,5852037886,1
2026-09-06T08:10:14.137663+00:00,35.1339605,247239,5852043909,5852060020,15,True,15,1.22895,1.83016,1.9441342148716452,1.8781426698931585,1.2289503697866675,1.8301570329074082,0.24604338012533591,2.72528,ok,5852047888,1,4.59532,ok,5852051886,1,3.49071,ok,5852055886,1,4.78925,ok,5852059886,1
2026-09-06T08:10:14.161634+00:00,35.15793097,247240,5852066167,5852083019,15,True,15,1.19173,1.81251,1.9117869646671182,1.8619561691378677,1.1917350398033335,1.8125039359148156,0.25469184017138685,2.67717,ok,5852070888,1,4.61716,ok,5852074886,1,3.48898,ok,5852078886,1,4.80823,ok,5852082886,1
2026-09-06T08:10:14.182667+00:00,35.178963697,247241,5852088427,5852105019,15,True,15,1.21516,1.82669,1.9322222430823461,1.8750441548023629,1.2151606539233333,1.8266935504481487,0.2508705700167605,2.72075,ok,5852092888,1,4.60438,ok,5852096886,1,3.48736,ok,5852100886,1,4.80741,ok,5852104886,1
2026-09-06T08:10:14.204682+00:00,35.200979874,247242,5852110683,5852127019,15,True,15,1.21172,1.81505,1.9285565558281603,1.8639040642360318,1.2117241422866665,1.8150447030740746,0.24471348656867364,2.72224,ok,5852114888,1,4.60593,ok,5852118886,1,3.49949,ok,5852122886,1,4.82563,ok,5852126886,1
2026-09-06T08:10:14.226719+00:00,35.223015572,247243,5852132938,5852149019,15,True,15,1.21561,1.82631,1.9325928043683183,1.8746658471524171,1.2156141601266675,1.8263022419185193,0.2503433987230315,2.7028,ok,5852136888,1,4.59399,ok,5852140886,1,3.47479,ok,5852144886,1,4.79651,ok,5852148886,1
2026-09-06T08:10:14.265731+00:00,35.262027983,247244,5852172071,5852188020,15,True,15,1.19315,1.80652,1.9128213686262223,1.856283688894932,1.1931461594800004,1.8065163200888894,0.24993640468305153,2.6678,ok,5852175888,1,4.62264,ok,5852179886,1,3.50594,ok,5852183886,1,4.7952,ok,5852187886,1
2026-09-06T08:10:14.294657+00:00,35.290954138,247245,5852199697,5852216020,15,True,15,1.23782,1.82846,1.9513553523890452,1.8762721298836045,1.2378184272866668,1.8284569996185194,0.240302075064308,2.73738,ok,5852203888,1,4.58301,ok,5852207886,1,3.48942,ok,5852211886,1,4.79792,ok,5852215886,1
2026-09-06T08:10:14.315748+00:00,35.312044787,247246,5852221957,5852238019,15,True,15,1.20626,1.82366,1.9245921890882118,1.8723275076378654,1.2062560430633336,1.8236562825148155,0.2536722572628371,2.69966,ok,5852225887,1,4.60617,ok,5852229886,1,3.48087,ok,5852233886,1,4.80328,ok,5852237886,1
2026-09-06T08:10:14.337668+00:00,35.333965121,247247,5852244210,5852260019,15,True,15,1.21528,1.83816,1.932942865742465,1.886001206372297,1.21528797348,1.838157608588889,0.2590433177058059,2.72959,ok,5852247888,1,4.60423,ok,5852251886,1,3.47252,ok,5852255886,1,4.80658,ok,5852259886,1
2026-09-06T08:10:14.360647+00:00,35.356943788,247248,5852266461,5852283019,15,True,15,1.20196,1.82655,1.9212586991598348,1.8752397623008352,1.2019655446133335,1.8265540769481494,0.25805462869810675,2.69858,ok,5852270887,1,4.61692,ok,5852274886,1,3.4852,ok,5852278886,1,4.79796,ok,5852282886,1
2026-09-06T08:10:14.382672+00:00,35.378969182,247249,5852288714,5852305019,15,True,15,1.18725,1.82109,1.908554426356143,1.8702982884396062,1.1872485156466663,1.8210967920518528,0.26293713084688497,2.69468,ok,5852292888,1,4.63403,ok,5852296886,1,3.49383,ok,5852300886,1,4.81285,ok,5852304886,1
2026-09-06T08:10:14.404734+00:00,35.40103112,247250,5852310972,5852327019,15,True,15,1.21551,1.82376,1.9322368761285282,1.8721751246411484,1.2155073214599998,1.823759089844445,0.24863724939060572,2.71845,ok,5852314888,1,4.59674,ok,5852318886,1,3.48156,ok,5852322886,1,4.81414,ok,5852326886,1
2026-09-06T08:10:14.427698+00:00,35.423995131,247251,5852333231,5852350020,15,True,15,1.19631,1.81434,1.9158172126195212,1.8636642623385147,1.1963087684400004,1.8143433978222225,0.25312487961475416,2.67898,ok,5852337888,1,4.61654,ok,5852341886,1,3.49234,ok,5852345886,1,4.7996,ok,5852349886,1
2026-09-06T08:10:14.449707+00:00,35.44600382,247252,5852355487,5852372020,15,True,15,1.22882,1.8417,1.944622000649906,1.8891699468379324,1.2288214554066674,1.8416999158740746,0.2547289330940233,2.73638,ok,5852359888,1,4.59553,ok,5852363886,1,3.47589,ok,5852367886,1,4.79113,ok,5852371886,1
2026-09-06T08:10:14.471679+00:00,35.467975772,247253,5852377741,5852394020,15,True,15,1.21608,1.81168,1.9321070704427132,1.8606409226899148,1.2160730794700005,1.8116856083000006,0.2399194034555064,2.68251,ok,5852381888,1,4.5828,ok,5852385886,1,3.4796,ok,5852389886,1,4.79719,ok,5852393886,1
2026-09-06T08:10:14.493655+00:00,35.489952428,247254,5852399996,5852416020,15,True,15,1.19701,1.83592,1.917724022048592,1.8843560834878788,1.1970128282599997,1.835923093444445,0.2672834103299695,2.71231,ok,5852403888,1,4.63478,ok,5852407886,1,3.4897,ok,5852411886,1,4.79776,ok,5852415886,1
2026-09-06T08:10:14.517668+00:00,35.513965075,247255,5852422254,5852439019,15,True,15,1.19709,1.7976,1.9153636344001643,1.8475373375255522,1.1970839078333337,1.7975938944037044,0.2420054124499496,2.67948,ok,5852426888,1,4.61097,ok,5852430886,1,3.50764,ok,5852434886,1,4.81956,ok,5852438886,1
2026-09-06T08:10:14.538652+00:00,35.534949928,247256,5852444515,5852461019,15,True,15,1.20002,1.82947,1.9195864471268453,1.8779808606079418,1.2000136188266666,1.8294734720296304,0.2612225108406868,2.71187,ok,5852448888,1,4.61477,ok,5852452886,1,3.47577,ok,5852456886,1,4.81631,ok,5852460886,1
2026-09-06T08:10:14.560714+00:00,35.557011611,247257,5852466771,5852483020,15,True,15,1.21892,1.86176,1.9378027905011777,1.9087487370638452,1.2189190884066667,1.861758418151853,0.2747543908430447,2.74628,ok,5852470888,1,4.63107,ok,5852474886,1,3.48284,ok,5852478886,1,4.77002,ok,5852482886,1
2026-09-06T08:10:14.582733+00:00,35.579030668,247258,5852489025,5852505020,15,True,15,1.20046,1.82009,1.9195673611700996,1.869052980650123,1.2004597761399998,1.8200904232666675,0.25453548646744534,2.68715,ok,5852492888,1,4.61042,ok,5852496886,1,3.48278,ok,5852500886,1,4.80058,ok,5852504886,1
2026-09-06T08:10:14.605632+00:00,35.601929397,247259,5852511278,5852528019,15,True,15,1.2245,1.83888,1.9407523697321636,1.8865213256695585,1.2244939124600007,1.8388787154111113,0.2548056378828315,2.7415,ok,5852515888,1,4.60075,ok,5852519886,1,3.48022,ok,5852523886,1,4.80364,ok,5852527886,1
2026-09-06T08:10:14.634660+00:00,35.630957507,247260,5852539586,5852556020,15,True,15,1.20902,1.82223,1.9269638232599964,1.8709678494013045,1.2090169297133335,1.8222288721148159,0.2510966236948577,2.71349,ok,5852543888,1,4.61888,ok,5852547886,1,3.50345,ok,5852551886,1,4.80225,ok,5852555886,1
2026-09-06T08:10:14.655720+00:00,35.652016795,247261,5852561848,5852578020,15,True,15,1.22241,1.8211,1.937995833555551,1.8695367315714475,1.222408381613334,1.8210941563259269,0.24295974817088262,2.70684,ok,5852565887,1,4.58798,ok,5852569886,1,3.48336,ok,5852573886,1,4.79754,ok,5852577886,1
2026-09-06T08:10:14.677656+00:00,35.673953482,247262,5852584102,5852600020,15,True,15,1.20321,1.81701,1.921693824176051,1.86604699310654,1.2032058176833333,1.8170121555037044,0.25087935838658976,2.69004,ok,5852587888,1,4.60886,ok,5852591886,1,3.48863,ok,5852595886,1,4.80248,ok,5852599886,1
2026-09-06T08:10:14.700674+00:00,35.696971222,247263,5852606355,5852623020,15,True,15,1.22746,1.81975,1.942317857653655,1.8682211117318464,1.2274628024499998,1.8197520573444457,0.23924297705382755,2.72226,ok,5852610887,1,4.5997,ok,5852614886,1,3.50772,ok,5852618886,1,4.79449,ok,5852622886,1
2026-09-06T08:10:14.722852+00:00,35.71914942,247264,5852628616,5852645019,15,True,15,1.19267,1.81395,1.912511385140098,1.8632521571012273,1.1926671989533333,1.8139467465370374,0.25511480060384467,2.68334,ok,5852632888,1,4.61073,ok,5852636886,1,3.47994,ok,5852640886,1,4.81798,ok,5852644886,1
2026-09-06T08:10:14.744725+00:00,35.741022681,247265,5852650874,5852667020,15,True,15,1.19534,1.83554,1.9160468141984364,1.8839046348563622,1.195340164906667,1.8355400607851862,0.26802389999106363,2.73238,ok,5852654888,1,4.63406,ok,5852658886,1,3.48684,ok,5852662886,1,4.825,ok,5852666886,1
2026-09-06T08:10:14.784652+00:00,35.780949613,247266,5852689949,5852706019,15,True,15,1.19539,1.83329,1.9159766135347143,1.881760375924805,1.1953907876099998,1.8332944792888892,0.26644209188895956,2.70677,ok,5852693888,1,4.6204,ok,5852697886,1,3.47165,ok,5852701886,1,4.8112,ok,5852705886,1
2026-09-06T08:10:14.805670+00:00,35.801967331,247267,5852712204,5852728019,15,True,15,1.21391,1.83194,1.9316075540611393,1.880161498223814,1.213911075563333,1.8319435190814828,0.2552504501498416,2.7384,ok,5852715888,1,4.62331,ok,5852719886,1,3.5038,ok,5852723886,1,4.80697,ok,5852727886,1
2026-09-06T08:10:14.828657+00:00,35.824953838,247268,5852734458,5852751020,15,True,15,1.19393,1.81797,1.9141325175416082,1.867235562711061,1.193930315816667,1.8179694157074087,0.25687842908656305,2.67481,ok,5852738888,1,4.62279,ok,5852742886,1,3.49253,ok,5852746886,1,4.79048,ok,5852750886,1
2026-09-06T08:10:14.850727+00:00,35.847024385,247269,5852756722,5852773020,15,True,15,1.21799,1.83824,1.9353780180799733,1.8860970956415908,1.2179901239166673,1.8382354839074082,0.25765086866683773,2.7362,ok,5852760888,1,4.61407,ok,5852764886,1,3.48933,ok,5852768886,1,4.79896,ok,5852772886,1
2026-09-06T08:10:14.872702+00:00,35.868999057,247270,5852778978,5852795019,15,True,15,1.21504,1.79689,1.9300932285898997,1.846347659984622,1.2150404549133331,1.7968882089592597,0.2307416727103309,2.68541,ok,5852782888,1,4.57138,ok,5852786886,1,3.48223,ok,5852790886,1,4.82727,ok,5852794886,1
2026-09-06T08:10:14.895709+00:00,35.892006429,247271,5852801234,5852818020,15,True,15,1.20514,1.83752,1.9246456071506997,1.885722665745309,1.2051424350500002,1.8375219887222225,0.2639391794257095,2.7195,ok,5852805888,1,4.62773,ok,5852809886,1,3.48993,ok,5852813886,1,4.79426,ok,5852817886,1
2026-09-06T08:10:14.917721+00:00,35.914017838,247272,5852823490,5852840019,15,True,15,1.22082,1.83985,1.9378466849829064,1.8875868273248315,1.2208166500566668,1.8398499646851856,0.2573770039251377,2.73311,ok,5852827888,1,4.60815,ok,5852831886,1,3.48347,ok,5852835886,1,4.79372,ok,5852839886,1
2026-09-06T08:10:14.939682+00:00,35.935978974,247273,5852845742,5852862019,15,True,15,1.20747,1.82342,1.9255584048140943,1.8720580264031539,1.2074647262733336,1.82341812435926,0.25283853292795344,2.69714,ok,5852849888,1,4.60099,ok,5852853886,1,3.47606,ok,5852857886,1,4.80312,ok,5852861886,1
2026-09-06T08:10:14.967724+00:00,35.964021617,247274,5852873584,5852890019,15,True,15,1.22717,1.80844,1.9411778181085195,1.8572769157005111,1.2271658896533333,1.8084391685925931,0.23146305680005827,2.71153,ok,5852877888,1,4.58183,ok,5852881886,1,3.49841,ok,5852885886,1,4.81065,ok,5852889886,1
2026-09-06T08:10:14.989733+00:00,35.986030594,247275,5852895846,5852912019,15,True,15,1.19995,1.81052,1.9186091598384916,1.8599044173221408,1.1999557943433334,1.8105212901592596,0.2484761949629918,2.6846,ok,5852899887,1,4.61261,ok,5852903886,1,3.49729,ok,5852907886,1,4.80564,ok,5852911886,1
2026-09-06T08:10:15.011732+00:00,36.008029363,247276,5852918101,5852934020,15,True,15,1.21709,1.83265,1.9342963637369055,1.8807619685122972,1.2170890106633332,1.8326483490814824,0.2540649333270584,2.73361,ok,5852921888,1,4.61476,ok,5852925886,1,3.49615,ok,5852929886,1,4.80246,ok,5852933886,1
2026-09-06T08:10:15.043656+00:00,36.039953679,247277,5852940355,5852966020,15,True,15,1.21482,1.83569,1.9326003239874983,1.8837345741005072,1.2148227962666667,1.8356872931851855,0.2574537525318975,2.71611,ok,5852953887,2,4.60879,ok,5852957886,1,3.48109,ok,5852961886,1,4.79019,ok,5852965886,1
2026-09-06T08:10:15.060743+00:00,36.05704006,247278,5852967029,5852983020,15,True,15,1.21316,1.81862,1.930097108639474,1.8673676419826557,1.2131526696066666,1.8186242183518526,0.2463241115433014,2.69723,ok,5852970892,1,4.59654,ok,5852974886,1,3.48455,ok,5852978886,1,4.80013,ok,5852982886,1
2026-09-06T08:10:15.083741+00:00,36.080038087,247279,5852989289,5853006019,15,True,15,1.20013,1.82657,1.9197204632320597,1.8752935804619806,1.2001293150166665,1.8265696403296303,0.2591036534122288,2.71357,ok,5852993888,1,4.62837,ok,5852997886,1,3.49771,ok,5853001886,1,4.80764,ok,5853005886,1
2026-09-06T08:10:15.105668+00:00,36.101964822,247280,5853011546,5853028019,15,True,15,1.21837,1.8076,1.9337257325022876,1.8566431247237736,1.2183711127766665,1.807598768685186,0.23584834151234807,2.70157,ok,5853015888,1,4.58715,ok,5853019886,1,3.49389,ok,5853023886,1,4.81344,ok,5853027886,1
2026-09-06T08:10:15.127689+00:00,36.1239858,247281,5853033800,5853050019,15,True,15,1.21471,1.82748,1.9318911793832785,1.8758056429262364,1.2147140866666672,1.8274796065518526,0.251670914009878,2.72216,ok,5853037888,1,4.60558,ok,5853041886,1,3.48729,ok,5853045886,1,4.80805,ok,5853049886,1
2026-09-06T08:10:15.149674+00:00,36.145971512,247282,5853056053,5853072019,15,True,15,1.18389,1.81573,1.905361033008955,1.8651937595417518,1.1838835061433335,1.8157250244814824,0.26151152308211656,2.68269,ok,5853059888,1,4.62933,ok,5853063886,1,3.4897,ok,5853067886,1,4.81599,ok,5853071886,1
2026-09-06T08:10:15.173647+00:00,36.16994419,247283,5853078310,5853095019,15,True,15,1.21529,1.83617,1.9330561584065098,1.8842030469921272,1.2152889675133334,1.8361681512814823,0.25754660513194777,2.71854,ok,5853082888,1,4.61167,ok,5853086886,1,3.48495,ok,5853090886,1,4.78875,ok,5853094886,1
2026-09-06T08:10:15.194735+00:00,36.19103215,247284,5853100569,5853117020,15,True,15,1.21546,1.8062,1.9313187482183063,1.8554143308094333,1.2154575544466668,1.8061941233407415,0.236537369395042,2.6818,ok,5853104888,1,4.58709,ok,5853108886,1,3.49145,ok,5853112886,1,4.79873,ok,5853116886,1
2026-09-06T08:10:15.216732+00:00,36.213029127,247285,5853122826,5853139019,15,True,15,1.224,1.8299,1.9399118336731924,1.8779772267121402,1.2240049518900002,1.829905930944445,0.2484380002495061,2.73368,ok,5853126888,1,4.60386,ok,5853130886,1,3.4952,ok,5853134886,1,4.80117,ok,5853138886,1
2026-09-06T08:10:15.238688+00:00,36.234985014,247286,5853145079,5853161019,15,True,15,1.2019,1.80674,1.9197227531694705,1.8561007282318616,1.20189881991,1.8067406307888894,0.24496082803578412,2.69363,ok,5853148888,1,4.59808,ok,5853152886,1,3.48578,ok,5853156886,1,4.82911,ok,5853160886,1
2026-09-06T08:10:15.261667+00:00,36.257964546,247287,5853167333,5853184020,15,True,15,1.20724,1.83519,1.926307980540161,1.8834609842095242,1.207236745733334,1.8351868081481486,0.26113492552768297,2.72079,ok,5853171888,1,4.62839,ok,5853175886,1,3.49681,ok,5853179886,1,4.79291,ok,5853183886,1
2026-09-06T08:10:15.312750+00:00,36.309046626,247288,5853218081,5853235020,15,True,15,1.2024,1.808,1.9206338721398022,1.8574902675446934,1.2024050829800002,1.8079973564666674,0.2453317760491773,2.69646,ok,5853222888,1,4.62345,ok,5853226886,1,3.51829,ok,5853230886,1,4.80577,ok,5853234886,1
2026-09-06T08:10:15.334702+00:00,36.330998289,247289,5853240347,5853257019,15,True,15,1.20701,1.80275,1.9240746719281745,1.852315263307004,1.2070120750500004,1.802755805255556,0.2392148918113272,2.68582,ok,5853244888,1,4.60453,ok,5853248886,1,3.50671,ok,5853252886,1,4.80734,ok,5853256886,1
2026-09-06T08:10:15.356742+00:00,36.353039235,247290,5853262602,5853279020,15,True,15,1.22881,1.8228,1.9434529967401946,1.8710344648061028,1.2288064543300001,1.8228011974000005,0.2407699958636531,2.72299,ok,5853266888,1,4.58753,ok,5853270886,1,3.48974,ok,5853274886,1,4.80131,ok,5853278886,1
2026-09-06T08:10:15.378674+00:00,36.374970418,247291,5853284856,5853301020,15,True,15,1.20303,1.81911,1.921669159170466,1.8680607540089562,1.20303376019,1.8191112209222227,0.25239278748172467,2.68809,ok,5853288888,1,4.60745,ok,5853292886,1,3.48381,ok,5853296886,1,4.80004,ok,5853300886,1
2026-09-06T08:10:15.401732+00:00,36.398030112,247292,5853307113,5853324020,15,True,15,1.22684,1.8237,1.9418805022406764,1.8719486296306114,1.2268416761299998,1.8237008833444455,0.2424534224001465,2.71994,ok,5853311888,1,4.58977,ok,5853315886,1,3.48871,ok,5853319886,1,4.79896,ok,5853323886,1
2026-09-06T08:10:15.423733+00:00,36.4200308,247293,5853329376,5853346020,15,True,15,1.20314,1.81437,1.921596806462944,1.8635707674720177,1.20313415634,1.8143685302111119,0.2491141550850627,2.69246,ok,5853333888,1,4.61781,ok,5853337886,1,3.50374,ok,5853341886,1,4.79922,ok,5853345886,1
2026-09-06T08:10:15.445745+00:00,36.442042593,247294,5853351639,5853368020,15,True,15,1.23017,1.83514,1.9454237150740012,1.8828822080586578,1.2301697281,1.8351414306888894,0.2491254553628755,2.73032,ok,5853355888,1,4.59429,ok,5853359886,1,3.48467,ok,5853363886,1,4.78875,ok,5853367886,1
2026-09-06T08:10:15.467747+00:00,36.46404453,247295,5853373893,5853390019,15,True,15,1.22707,1.81085,1.9414356440191245,1.8596926448342064,1.2270668408966665,1.8108591180629634,0.2331540573859364,2.68735,ok,5853377888,1,4.57931,ok,5853381886,1,3.49185,ok,5853385886,1,4.78378,ok,5853389886,1
2026-09-06T08:10:15.489731+00:00,36.486028419,247296,5853396146,5853412019,15,True,15,1.20335,1.82852,1.9225149299625055,1.8770860615768978,1.2033515222500002,1.8285214333777782,0.2586390619248322,2.71077,ok,5853399888,1,4.6205,ok,5853403886,1,3.48939,ok,5853407886,1,4.80352,ok,5853411886,1
2026-09-06T08:10:15.522744+00:00,36.519041404,247297,5853418402,5853445019,15,True,15,1.20974,1.80883,1.9266359573617593,1.8580404014530638,1.2097405593000004,1.8088301560222226,0.24163235498723473,2.68961,ok,5853422888,1,4.59694,ok,5853426886,1,3.49282,ok,5853440886,2,4.80748,ok,5853444886,1
2026-09-06T08:10:15.539716+00:00,36.536013029,247298,5853445822,5853462019,15,True,15,1.21573,1.821,1.9323348152791149,1.869554664926833,1.2157305751399998,1.8209938017111118,0.24655482446830113,2.71691,ok,5853449892,1,4.60028,ok,5853453886,1,3.49012,ok,5853457886,1,4.81114,ok,5853461886,1
2026-09-06T08:10:15.561723+00:00,36.558020214,247299,5853468079,5853484020,15,True,15,1.20129,1.84003,1.9214751008858555,1.8881607396747164,1.2012875228066673,1.8400231207962965,0.2678274354194462,2.71973,ok,5853471888,1,4.628,ok,5853475886,1,3.48153,ok,5853479886,1,4.79995,ok,5853483886,1
2026-09-06T08:10:15.584723+00:00,36.581020418,247300,5853490333,5853507019,15,True,15,1.21349,1.83017,1.9311565672925248,1.878475982581961,1.2134853922700004,1.8301706327444447,0.2542124146775076,2.71709,ok,5853494888,1,4.61219,ok,5853498886,1,3.49079,ok,5853502886,1,4.796,ok,5853506886,1
2026-09-06T08:10:15.606683+00:00,36.602980018,247301,5853512586,5853529019,15,True,15,1.20301,1.82103,1.9217987078407615,1.8699119736514604,1.203013325383333,1.8210252664703717,0.25368924380081725,2.71436,ok,5853516888,1,4.62462,ok,5853520886,1,3.504,ok,5853524886,1,4.81133,ok,5853528886,1
2026-09-06T08:10:15.634699+00:00,36.630996581,247302,5853540584,5853557019,15,True,15,1.21983,1.83506,1.9366207716083919,1.8829613791964022,1.2198271382933332,1.835059134292593,0.25439832772113663,2.73075,ok,5853544888,1,4.60201,ok,5853548886,1,3.48012,ok,5853552886,1,4.80348,ok,5853556886,1
2026-09-06T08:10:15.656753+00:00,36.653050039,247303,5853562848,5853579019,15,True,15,1.21154,1.8167,1.9289067882043618,1.8656825163568995,1.2115418382566667,1.8166953665962966,0.24582314733821262,2.69225,ok,5853566887,1,4.61258,ok,5853570886,1,3.50586,ok,5853574886,1,4.78429,ok,5853578886,1
2026-09-06T08:10:15.678763+00:00,36.675059944,247304,5853585103,5853601019,15,True,15,1.20694,1.8157,1.9249053957348365,1.8647902660880178,1.2069404700100002,1.8157054379222228,0.24779764082482975,2.7055,ok,5853588888,1,4.62204,ok,5853592886,1,3.51302,ok,5853596886,1,4.80063,ok,5853600886,1
2026-09-06T08:10:15.701667+00:00,36.697964209,247305,5853607355,5853624019,15,True,15,1.19993,1.81899,1.919072186363883,1.8680141771849088,1.1999350844999996,1.8189904410000004,0.2540977140726405,2.69722,ok,5853611887,1,4.61777,ok,5853615886,1,3.49317,ok,5853619886,1,4.80693,ok,5853623886,1
2026-09-06T08:10:15.723704+00:00,36.719999971,247306,5853629613,5853646019,15,True,15,1.2183,1.80901,1.9336119748174925,1.8579332436808833,1.2183016985633337,1.8090117833481492,0.2368912274173216,2.71382,ok,5853633888,1,4.58597,ok,5853637886,1,3.49042,ok,5853641886,1,4.82715,ok,5853645886,1
2026-09-06T08:10:15.745741+00:00,36.742037589,247307,5853651869,5853668019,15,True,15,1.20624,1.8229,1.9245246878125744,1.8715960074192137,1.2062438353000002,1.8228991436666673,0.25316221875017086,2.70518,ok,5853655888,1,4.60877,ok,5853659886,1,3.48527,ok,5853663886,1,4.80773,ok,5853667886,1
2026-09-06T08:10:15.767737+00:00,36.764034181,247308,5853674133,5853690020,15,True,15,1.19965,1.81692,1.9187733614744305,1.8660652041356176,1.1996536303233332,1.8169218161814822,0.2528612701280983,2.69205,ok,5853677888,1,4.61895,ok,5853681886,1,3.49699,ok,5853685886,1,4.80252,ok,5853689886,1
2026-09-06T08:10:15.790833+00:00,36.787129396,247309,5853696389,5853713020,15,True,15,1.21434,1.82549,1.9316443289077705,1.8739914879571453,1.2143404446499995,1.8254879222000007,0.25041808234809565,2.70837,ok,5853700888,1,4.60923,ok,5853704886,1,3.49414,ok,5853708886,1,4.79159,ok,5853712886,1
2026-09-06T08:10:15.830684+00:00,36.82698119,247310,5853735795,5853752020,15,True,15,1.25545,1.8063,1.965069759667549,1.8547738405463217,1.2554492454233335,1.8062993989148155,0.21483356415801283,2.71726,ok,5853739888,1,4.56251,ok,5853743886,1,3.51629,ok,5853747886,1,4.77858,ok,5853751886,1
2026-09-06T08:10:15.852696+00:00,36.848993239,247311,5853758061,5853775020,15,True,15,1.21449,1.80738,1.9305320411517302,1.856555058190881,1.2144894413300003,1.8073852269000004,0.23791115667832566,2.68496,ok,5853762888,1,4.58748,ok,5853766886,1,3.48904,ok,5853770886,1,4.80279,ok,5853774886,1
2026-09-06T08:10:15.874842+00:00,36.871137163,247312,5853780318,5853797020,15,True,15,1.22444,1.84509,1.9410082838057379,1.8924480452902455,1.224438392763334,1.8450919271925927,0.25948545901872366,2.7215,ok,5853784888,1,4.5843,ok,5853788886,1,3.45027,ok,5853792886,1,4.7909,ok,5853796886,1
2026-09-06T08:10:15.896699+00:00,36.892995832,247313,5853802572,5853819020,15,True,15,1.19472,1.79459,1.9134875179494963,1.844846428288361,1.1947144973066677,1.79459245362963,0.24151811782775032,2.66191,ok,5853806888,1,4.62175,ok,5853810886,1,3.52227,ok,5853814886,1,4.79743,ok,5853818886,1
2026-09-06T08:10:15.918751+00:00,36.91504817,247314,5853824825,5853841020,15,True,15,1.22045,1.83083,1.9371239703304475,1.8790049310047192,1.220450951393334,1.8308319851814823,0.25094629507470106,2.74609,ok,5853828888,1,4.62444,ok,5853832886,1,3.51603,ok,5853836886,1,4.80209,ok,5853840886,1
2026-09-06T08:10:15.940759+00:00,36.937056635,247315,5853847078,5853863020,15,True,15,1.20551,1.80981,1.9231699090678394,1.859080780566603,1.2055098881300008,1.809810956411111,0.2447492700883432,2.67028,ok,5853850888,1,4.59308,ok,5853854886,1,3.4804,ok,5853858886,1,4.79749,ok,5853862886,1
2026-09-06T08:10:15.968750+00:00,36.965046862,247316,5853874570,5853891020,15,True,15,1.215,1.84043,1.932987619665025,1.8882587595768279,1.2150025830333333,1.8404323184814824,0.26081525745042944,2.73954,ok,5853878888,1,4.61919,ok,5853882886,1,3.48899,ok,5853886886,1,4.80201,ok,5853890886,1
2026-09-06T08:10:15.990710+00:00,36.987007325,247317,5853896833,5853913020,15,True,15,1.20097,1.7953,1.9186475001974048,1.8453369888565294,1.2009628837833337,1.7953012929259267,0.23811341640643116,2.66995,ok,5853900887,1,4.61007,ok,5853904886,1,3.51492,ok,5853908886,1,4.80391,ok,5853912886,1
2026-09-06T08:10:16.012750+00:00,37.009047311,247318,5853919086,5853935020,15,True,15,1.21791,1.83605,1.935130049965888,1.8839842996598979,1.21791017585,1.8360555361444457,0.2561138339319204,2.71582,ok,5853922888,1,4.59928,ok,5853926886,1,3.47246,ok,5853930886,1,4.79221,ok,5853934886,1
2026-09-06T08:10:16.035730+00:00,37.03202745,247319,5853941338,5853958020,15,True,15,1.2124,1.80074,1.9283511711166463,1.850214897312385,1.2123953531699998,1.8007415316555562,0.2347412514800616,2.66932,ok,5853945887,1,4.58026,ok,5853949886,1,3.48512,ok,5853953886,1,4.80283,ok,5853957886,1
2026-09-06T08:10:16.057740+00:00,37.054037772,247320,5853963590,5853980019,15,True,15,1.21569,1.8147,1.931919677709014,1.863517557751307,1.21569068513,1.814700165611112,0.2422149506092188,2.70872,ok,5853967888,1,4.59569,ok,5853971886,1,3.49213,ok,5853975886,1,4.81226,ok,5853979886,1
2026-09-06T08:10:16.079770+00:00,37.076067453,247321,5853985849,5854002020,15,True,15,1.2042,1.80775,1.9221292411765183,1.8572216996955297,1.2042015325000002,1.8077549796666672,0.24410678505716318,2.67832,ok,5853989888,1,4.61053,ok,5853993886,1,3.50417,ok,5853997886,1,4.79437,ok,5854001886,1
2026-09-06T08:10:16.101705+00:00,37.098001324,247322,5854008108,5854024019,15,True,15,1.21319,1.81407,1.9298700076222117,1.863010858519201,1.2131912723333336,1.8140756896703707,0.2431760448622468,2.69691,ok,5854011888,1,4.59741,ok,5854015886,1,3.49162,ok,5854019886,1,4.80312,ok,5854023886,1
2026-09-06T08:10:16.124762+00:00,37.121059513,247323,5854030364,5854047019,15,True,15,1.19998,1.83316,1.9200803169535685,1.8816539168164856,1.1999816871700006,1.8331544335666672,0.2636986933111915,2.6996,ok,5854034888,1,4.62523,ok,5854038886,1,3.48485,ok,5854042886,1,4.78904,ok,5854046886,1
2026-09-06T08:10:16.146764+00:00,37.143060906,247324,5854052625,5854069020,15,True,15,1.2069,1.79546,1.923627365492516,1.8453619964680321,1.2068989286400003,1.7954611571555559,0.23457289568246006,2.66324,ok,5854056888,1,4.59716,ok,5854060886,1,3.50624,ok,5854064886,1,4.79632,ok,5854068886,1
2026-09-06T08:10:16.168735+00:00,37.16503225,247325,5854074878,5854091019,15,True,15,1.21916,1.81593,1.935078411457025,1.8647061041295685,1.2191596434366667,1.8159284346518525,0.24107476744653686,2.70449,ok,5854078888,1,4.59864,ok,5854082886,1,3.49939,ok,5854086886,1,4.7963,ok,5854090886,1
2026-09-06T08:10:16.191777+00:00,37.188074759,247326,5854097137,5854114020,15,True,15,1.22174,1.81117,1.9367878595400645,1.8600102539402361,1.22173349832,1.8111693008888896,0.23638454160106004,2.69171,ok,5854101888,1,4.57793,ok,5854105886,1,3.48199,ok,5854109886,1,4.80083,ok,5854113886,1
2026-09-06T08:10:16.213759+00:00,37.210056088,247327,5854119398,5854136020,15,True,15,1.21833,1.8399,1.935955980781564,1.8877770126012194,1.218326267446667,1.8398974173851856,0.25865198012475593,2.71079,ok,5854123888,1,4.61018,ok,5854127886,1,3.48252,ok,5854131886,1,4.77152,ok,5854135886,1
2026-09-06T08:10:16.235693+00:00,37.231990151,247328,5854141654,5854158019,15,True,15,1.18657,1.81815,1.9079788151225607,1.8675644902826312,1.186571504086667,1.8181479352407417,0.26136593075450776,2.65929,ok,5854145888,1,4.62478,ok,5854149886,1,3.48439,ok,5854153886,1,4.78647,ok,5854157886,1
2026-09-06T08:10:16.257756+00:00,37.254053785,247329,5854163908,5854180019,15,True,15,1.22141,1.81208,1.9367464143627686,1.8609712430981744,1.2214123253866667,1.8120786079518527,0.23714394856113602,2.71577,ok,5854167888,1,4.60289,ok,5854171886,1,3.51312,ok,5854175886,1,4.80388,ok,5854179886,1
2026-09-06T08:10:16.279925+00:00,37.276222158,247330,5854186161,5854202020,15,True,15,1.20272,1.81929,1.9216704824101172,1.868364834637427,1.2027217956533338,1.819297008681482,0.25261856111542536,2.66449,ok,5854189888,1,4.60921,ok,5854193886,1,3.48545,ok,5854197886,1,4.77243,ok,5854201886,1
2026-09-06T08:10:16.329773+00:00,37.326070222,247331,5854235813,5854252019,15,True,15,1.22446,1.78693,1.9376929627775434,1.836737385203289,1.2244626736700004,1.7869278596666667,0.21854986046174218,2.67652,ok,5854239888,1,4.57098,ok,5854243886,1,3.50801,ok,5854247886,1,4.8075,ok,5854251886,1
2026-09-06T08:10:16.351721+00:00,37.348018557,247332,5854258078,5854274020,15,True,15,1.21629,1.8126,1.9324993518412725,1.8615877721340293,1.2162902666366666,1.8126009073740754,0.24037589970506482,2.70286,ok,5854261888,1,4.60365,ok,5854265886,1,3.50615,ok,5854269886,1,4.79876,ok,5854273886,1
2026-09-06T08:10:16.374700+00:00,37.370997512,247333,5854280334,5854297019,15,True,15,1.21397,1.80999,1.9302486440616613,1.8590634495831455,1.2139665003933338,1.8099897855925926,0.23996711170648666,2.69496,ok,5854284888,1,4.59385,ok,5854288886,1,3.49331,ok,5854292886,1,4.80655,ok,5854296886,1
2026-09-06T08:10:16.396744+00:00,37.393041146,247334,5854302587,5854319020,15,True,15,1.21097,1.81993,1.9285963329272195,1.868787021354074,1.2109654992000003,1.8199302446222225,0.2483781052675226,2.68657,ok,5854306888,1,4.60861,ok,5854310886,1,3.49565,ok,5854314886,1,4.77989,ok,5854318886,1
2026-09-06T08:10:16.418801+00:00,37.415097996,247335,5854324844,5854341019,15,True,15,1.20068,1.80572,1.9187424700911795,1.8552008946804688,1.2006773013833336,1.805723701614815,0.2449989694821332,2.69679,ok,5854328888,1,4.60804,ok,5854332886,1,3.49847,ok,5854336886,1,4.82662,ok,5854340886,1
2026-09-06T08:10:16.440808+00:00,37.437103773,247336,5854347107,5854363019,15,True,15,1.2114,1.81732,1.9286740957455464,1.8662087631877695,1.2114050796266667,1.8173178594962967,0.24637319430375526,2.67949,ok,5854350888,1,4.59601,ok,5854354886,1,3.48303,ok,5854358886,1,4.78561,ok,5854362886,1
2026-09-06T08:10:16.463731+00:00,37.460028295,247337,5854369364,5854386020,15,True,15,1.2141,1.83327,1.9319326312793348,1.8814683058032438,1.2140994046999998,1.8332668607222222,0.2560757139939359,2.71027,ok,5854373888,1,4.61158,ok,5854377886,1,3.48687,ok,5854381886,1,4.78467,ok,5854385886,1
2026-09-06T08:10:16.485741+00:00,37.482038872,247338,5854391625,5854408020,15,True,15,1.22871,1.79393,1.9418823720682463,1.8434694027888923,1.2287061034600002,1.7939361540666672,0.22059255960318902,2.66798,ok,5854395888,1,4.57201,ok,5854399886,1,3.50641,ok,5854403886,1,4.78157,ok,5854407886,1
2026-09-06T08:10:16.508115+00:00,37.504412243,247339,5854413878,5854430020,15,True,15,1.23084,1.83287,1.945981592012618,1.8807461892973794,1.2308409382700005,1.8328638781555557,0.24706342172939982,2.73168,ok,5854417888,1,4.60216,ok,5854421886,1,3.49893,ok,5854425886,1,4.78348,ok,5854429886,1
2026-09-06T08:10:16.530737+00:00,37.527033685,247340,5854436135,5854453019,15,True,15,1.22024,1.7991,1.9348313144663347,1.8484811666712728,1.2202400262933335,1.7991057102814825,0.22904851995408898,2.69673,ok,5854440888,1,4.58505,ok,5854444886,1,3.50473,ok,5854448886,1,4.81407,ok,5854452886,1
2026-09-06T08:10:16.552723+00:00,37.549020133,247341,5854458398,5854475019,15,True,15,1.20869,1.82552,1.926839308939156,1.8741059761412588,1.20868526838,1.825515202200001,0.2535715699387514,2.70351,ok,5854462888,1,4.61068,ok,5854466886,1,3.48792,ok,5854470886,1,4.79648,ok,5854474886,1
2026-09-06T08:10:16.574785+00:00,37.571082808,247342,5854480655,5854497020,15,True,15,1.18785,1.80335,1.9081398467334596,1.853340983850279,1.187850053176667,1.8033570795296305,0.251237361927545,2.64275,ok,5854484888,1,4.61304,ok,5854488886,1,3.48976,ok,5854492886,1,4.79071,ok,5854496886,1
2026-09-06T08:10:16.596688+00:00,37.592985638,247343,5854502909,5854519020,15,True,15,1.21901,1.81133,1.934672971842531,1.86029422363683,1.21901380338,1.811328592555556,0.2379758238835164,2.69522,ok,5854506888,1,4.59329,ok,5854510886,1,3.49807,ok,5854514886,1,4.79561,ok,5854518886,1
2026-09-06T08:10:16.618773+00:00,37.615070233,247344,5854525161,5854541019,15,True,15,1.18379,1.80207,1.9045244370206076,1.8521264656638974,1.183786048336667,1.8020659144296303,0.2530389389885821,2.64586,ok,5854528888,1,4.61301,ok,5854532886,1,3.48556,ok,5854536886,1,4.80385,ok,5854540886,1
2026-09-06T08:10:16.646734+00:00,37.643030858,247345,5854552576,5854569019,15,True,15,1.2155,1.81596,1.9318473520873642,1.8647387665761568,1.2155037077333337,1.8159651643148154,0.24318855219326804,2.70426,ok,5854556888,1,4.59376,ok,5854560886,1,3.48769,ok,5854564886,1,4.80829,ok,5854568886,1
2026-09-06T08:10:16.668712+00:00,37.665008922,247346,5854574841,5854591019,15,True,15,1.20371,1.8022,1.9211380099940931,1.8517907693531996,1.2037091634333335,1.8022026521703713,0.24088677859882474,2.66946,ok,5854578887,1,4.59181,ok,5854582886,1,3.48597,ok,5854586886,1,4.80867,ok,5854590886,1
2026-09-06T08:10:16.690693+00:00,37.686989771,247347,5854597095,5854613019,15,True,15,1.20156,1.80873,1.9199368579311378,1.8581935528902769,1.2015622388600002,1.8087290582888895,0.24632177041827605,2.68107,ok,5854600888,1,4.61362,ok,5854604886,1,3.50322,ok,5854608886,1,4.79906,ok,5854612886,1
2026-09-06T08:10:16.713709+00:00,37.710006327,247348,5854619347,5854636019,15,True,15,1.20404,1.82743,1.923343049261935,1.8761726424839504,1.2040438748000002,1.8274294844444454,0.2574067693135626,2.68793,ok,5854623887,1,4.62487,ok,5854627886,1,3.49757,ok,5854631886,1,4.77313,ok,5854635886,1
2026-09-06T08:10:16.735730+00:00,37.732027176,247349,5854641600,5854658020,15,True,15,1.19941,1.80929,1.9181517893958233,1.8587720775671728,1.1994081512266672,1.8092912233518526,0.24797431964931504,2.68286,ok,5854645888,1,4.61698,ok,5854649886,1,3.50385,ok,5854653886,1,4.80179,ok,5854657886,1
2026-09-06T08:10:16.757743+00:00,37.754039865,247350,5854663857,5854680020,15,True,15,1.22539,1.80186,1.939389700628421,1.8510538046117542,1.2253922778466677,1.8018653239074074,0.22790977677351354,2.69487,ok,5854667888,1,4.58064,ok,5854671886,1,3.50277,ok,5854675886,1,4.80289,ok,5854679886,1
2026-09-06T08:10:16.779783+00:00,37.776080555,247351,5854686120,5854702019,15,True,15,1.2067,1.79725,1.9233314125878647,1.8469724405621266,1.2067022282666662,1.7972539329296304,0.23591993119961163,2.66851,ok,5854689888,1,4.58609,ok,5854693886,1,3.48912,ok,5854697886,1,4.81148,ok,5854701886,1
2026-09-06T08:10:16.802720+00:00,37.799017013,247352,5854708376,5854725020,15,True,15,1.23383,1.81146,1.9471272964142765,1.860120001360848,1.2338334405333338,1.8114622826925926,0.22990394585592894,2.71111,ok,5854712888,1,4.58233,ok,5854716886,1,3.5047,ok,5854720886,1,4.79298,ok,5854724886,1
2026-09-06T08:10:16.843792+00:00,37.840089704,247353,5854749677,5854766020,15,True,15,1.21045,1.82737,1.928501026339469,1.8758795776574182,1.2104562067166675,1.8273710290740743,0.253871478186608,2.70305,ok,5854753888,1,4.61163,ok,5854757886,1,3.48932,ok,5854761886,1,4.78961,ok,5854765886,1
2026-09-06T08:10:16.865704+00:00,37.86200095,247354,5854771942,5854788020,15,True,15,1.21977,1.81213,1.935285871258576,1.8610159773283124,1.2197761040500004,1.8121347804444452,0.23812443318639515,2.69373,ok,5854775888,1,4.58678,ok,5854779886,1,3.48957,ok,5854783886,1,4.79782,ok,5854787886,1
2026-09-06T08:10:16.888713+00:00,37.885010306,247355,5854794200,5854811019,15,True,15,1.19284,1.80018,1.9118713231799238,1.8500732792965455,1.192837292960001,1.8001879495111113,0.24628184227902775,2.66284,ok,5854798888,1,4.60208,ok,5854802886,1,3.48652,ok,5854806886,1,4.816,ok,5854810886,1
2026-09-06T08:10:16.910747+00:00,37.907043124,247356,5854816454,5854833019,15,True,15,1.22633,1.82568,1.9414504542841333,1.8737955623268339,1.2263366071500004,1.8256774051888898,0.24417962140597257,2.72369,ok,5854820888,1,4.58509,ok,5854824886,1,3.47927,ok,5854828886,1,4.80688,ok,5854832886,1
2026-09-06T08:10:16.932773+00:00,37.929070566,247357,5854838707,5854855020,15,True,15,1.18774,1.82939,1.9096753388525967,1.878339134561839,1.18774264457,1.8293883306444454,0.2680585676986749,2.66369,ok,5854842888,1,4.62725,ok,5854846886,1,3.47482,ok,5854850886,1,4.77595,ok,5854854886,1
2026-09-06T08:10:16.954780+00:00,37.951077047,247358,5854860960,5854877020,15,True,15,1.22736,1.83189,1.9428947788494044,1.8798333090805857,1.2273558291200002,1.8318879308111122,0.24813967338549975,2.72783,ok,5854864888,1,4.59865,ok,5854868886,1,3.49058,ok,5854872886,1,4.79066,ok,5854876886,1
2026-09-06T08:10:16.982719+00:00,37.979015975,247359,5854888575,5854905019,15,True,15,1.20988,1.80202,1.9263403163252486,1.8514989603490648,1.2098846181266674,1.8020164476962972,0.23705776819444194,2.67547,ok,5854892888,1,4.58848,ok,5854896886,1,3.49068,ok,5854900886,1,4.80586,ok,5854904886,1
2026-09-06T08:10:17.004776+00:00,38.00107289,247360,5854910837,5854927019,15,True,15,1.20277,1.83152,1.9220944052322593,1.8799179982370362,1.2027702867466672,1.83151728392963,0.2610737343614105,2.72842,ok,5854914887,1,4.6248,ok,5854918886,1,3.49039,ok,5854922886,1,4.81775,ok,5854926886,1
2026-09-06T08:10:17.026793+00:00,38.023090603,247361,5854933091,5854949019,15,True,15,1.18732,1.80815,1.9080046238758597,1.8579569825540534,1.1873198096633335,1.8081476025592595,0.2545407719213386,2.66766,ok,5854936888,1,4.6291,ok,5854940886,1,3.50406,ok,5854944886,1,4.79943,ok,5854948886,1
2026-09-06T08:10:17.049773+00:00,38.04607023,247362,5854955345,5854972020,15,True,15,1.20782,1.83961,1.9270156492859127,1.8876593138727287,1.2078286944766665,1.8396038568740747,0.26398160772255524,2.72343,ok,5854959887,1,4.6256,ok,5854963886,1,3.48827,ok,5854967886,1,4.79322,ok,5854971886,1
2026-09-06T08:10:17.071781+00:00,38.068078087,247363,5854977597,5854994019,15,True,15,1.19369,1.80513,1.9129383223524261,1.8548189059433728,1.19369285693,1.8051286214000009,0.2488222007108915,2.66869,ok,5854981888,1,4.60707,ok,5854985886,1,3.48796,ok,5854989886,1,4.81131,ok,5854993886,1
2026-09-06T08:10:17.093795+00:00,38.090092313,247364,5854999855,5855016020,15,True,15,1.22893,1.80781,1.9427379245538183,1.8566970762731483,1.2289268097533332,1.8078133672814825,0.23001733766869764,2.70997,ok,5855003888,1,4.58566,ok,5855007886,1,3.50674,ok,5855011886,1,4.80216,ok,5855015886,1
2026-09-06T08:10:17.115761+00:00,38.112058472,247365,5855022114,5855038020,15,True,15,1.18871,1.83275,1.9106397250780702,1.881521715976947,1.1887078750300009,1.8327510203777782,0.2697797439215249,2.6922,ok,5855025888,1,4.63934,ok,5855029886,1,3.48795,ok,5855033886,1,4.79098,ok,5855037886,1
2026-09-06T08:10:17.138761+00:00,38.135058484,247366,5855044371,5855061020,15,True,15,1.22573,1.82642,1.9410589709447332,1.8745472895973048,1.2257332888366668,1.8264132571629634,0.2450144445246022,2.71259,ok,5855048888,1,4.58355,ok,5855052886,1,3.47542,ok,5855056886,1,4.79635,ok,5855060886,1
2026-09-06T08:10:17.160717+00:00,38.157014148,247367,5855066631,5855083020,15,True,15,1.20662,1.82429,1.9251985314684055,1.8730459807410136,1.2066242291133333,1.8242850567925928,0.25382331396156244,2.70438,ok,5855070888,1,4.62385,ok,5855074886,1,3.50395,ok,5855078886,1,4.79023,ok,5855082886,1
2026-09-06T08:10:17.182787+00:00,38.17908383,247368,5855088883,5855105020,15,True,15,1.2068,1.8147,1.9246001046880261,1.8637725068434499,1.2068018842100001,1.8147049828000006,0.24724372517970547,2.68803,ok,5855092888,1,4.6044,ok,5855096886,1,3.49087,ok,5855100886,1,4.79918,ok,5855104886,1
2026-09-06T08:10:17.205749+00:00,38.202046401,247369,5855111142,5855128020,15,True,15,1.20451,1.83569,1.9240725047459235,1.884011788442048,1.2045083080733336,1.8356903123037045,0.26296909229910365,2.70999,ok,5855115888,1,4.62726,ok,5855119886,1,3.49076,ok,5855123886,1,4.78698,ok,5855127886,1
2026-09-06T08:10:17.227763+00:00,38.224060786,247370,5855133401,5855150019,15,True,15,1.21607,1.80852,1.9321237855584839,1.8577107418060568,1.2160695744766667,1.8085269101407415,0.237709921626428,2.66667,ok,5855137888,1,4.58633,ok,5855141886,1,3.48832,ok,5855145886,1,4.77909,ok,5855149886,1
2026-09-06T08:10:17.249784+00:00,38.246081252,247371,5855155658,5855172019,15,True,15,1.22288,1.83704,1.9393011726692158,1.884796322340387,1.22288257373,1.8370396560555562,0.254266927072754,2.74014,ok,5855159888,1,4.60301,ok,5855163886,1,3.48327,ok,5855167886,1,4.805,ok,5855171886,1
2026-09-06T08:10:17.271788+00:00,38.268085589,247372,5855177912,5855194020,15,True,15,1.20317,1.83175,1.922821752232719,1.8803145652637856,1.2031694876700003,1.8317524722666674,0.26091088820391883,2.67342,ok,5855181888,1,4.61459,ok,5855185886,1,3.47712,ok,5855189886,1,4.76453,ok,5855193886,1
2026-09-06T08:10:17.293793+00:00,38.29009063,247373,5855200165,5855216020,15,True,15,1.20731,1.82606,1.925678570862401,1.8746375776657274,1.2073062008799997,1.826057475644445,0.2547259678819673,2.70487,ok,5855203888,1,4.61123,ok,5855207886,1,3.48597,ok,5855211886,1,4.79985,ok,5855215886,1
2026-09-06T08:10:17.345753+00:00,38.342049854,247374,5855251685,5855268020,15,True,15,1.18759,1.80514,1.9078637615227887,1.8549783466136174,1.1875809226666671,1.8051360906185185,0.25256886417423424,2.66693,ok,5855255888,1,4.61785,ok,5855259886,1,3.49344,ok,5855263886,1,4.81172,ok,5855267886,1
2026-09-06T08:10:17.367723+00:00,38.364020494,247375,5855273951,5855290020,15,True,15,1.22063,1.82168,1.936614824155719,1.870175750630695,1.2206300807666668,1.8216845143185192,0.2443232045810002,2.71611,ok,5855277888,1,4.60046,ok,5855281886,1,3.49648,ok,5855285886,1,4.79922,ok,5855289886,1
2026-09-06T08:10:17.389708+00:00,38.386005278,247376,5855296207,5855312020,15,True,15,1.22282,1.80739,1.9375891443846394,1.8564131885074873,1.2228203585033335,1.8073847279259263,0.23313232720664143,2.68299,ok,5855299888,1,4.57852,ok,5855303886,1,3.48921,ok,5855307886,1,4.79178,ok,5855311886,1
2026-09-06T08:10:17.412711+00:00,38.40900833,247377,5855318461,5855335019,15,True,15,1.22685,1.80891,1.9408478192047633,1.8576937249834837,1.226847703273333,1.8089120409370383,0.23199446746524127,2.7055,ok,5855322888,1,4.57319,ok,5855326886,1,3.48602,ok,5855330886,1,4.8123,ok,5855334886,1
2026-09-06T08:10:17.434810+00:00,38.431106782,247378,5855340717,5855357019,15,True,15,1.20359,1.7964,1.9208323144486084,1.8462969400315719,1.2035922123999998,1.7964023972333345,0.2372179969957564,2.66564,ok,5855344888,1,4.59856,ok,5855348886,1,3.50215,ok,5855352886,1,4.80365,ok,5855356886,1
2026-09-06T08:10:17.457769+00:00,38.454066472,247379,5855363214,5855380019,15,True,15,1.22659,1.81187,1.940922254925958,1.8605877390218286,1.2265844645600001,1.8118654997333343,0.23417110317325052,2.70555,ok,5855367888,1,4.58049,ok,5855371886,1,3.49141,ok,5855375886,1,4.80319,ok,5855379886,1
2026-09-06T08:10:17.479725+00:00,38.47602268,247380,5855385476,5855402019,15,True,15,1.18489,1.81365,1.906125936778186,1.8632018200402607,1.1848911591066675,1.8136481414629635,0.2595622815275049,2.67135,ok,5855389887,1,4.62411,ok,5855393886,1,3.4869,ok,5855397886,1,4.80824,ok,5855401886,1
2026-09-06T08:10:17.501799+00:00,38.498096267,247381,5855407731,5855424020,15,True,15,1.191,1.8284,1.9122473276775753,1.8772713135540642,1.1909975684799998,1.828394628666668,0.2655409265426126,2.68658,ok,5855411888,1,4.63006,ok,5855415886,1,3.48452,ok,5855419886,1,4.79296,ok,5855423886,1
2026-09-06T08:10:17.523805+00:00,38.520102748,247382,5855429986,5855446020,15,True,15,1.21861,1.81584,1.9346118626088726,1.8646345755222145,1.2186106624266666,1.815842329362964,0.24132011876375364,2.69709,ok,5855433888,1,4.59503,ok,5855437886,1,3.49397,ok,5855441886,1,4.79265,ok,5855445886,1
2026-09-06T08:10:17.546791+00:00,38.543088423,247383,5855452242,5855469019,15,True,15,1.20743,1.81462,1.9250537634384222,1.863648158000599,1.2074293586999996,1.8146224718555557,0.2468479428572192,2.69666,ok,5855456888,1,4.60451,ok,5855460886,1,3.49202,ok,5855464886,1,4.80752,ok,5855468886,1
2026-09-06T08:10:17.568726+00:00,38.565022742,247384,5855474504,5855491019,15,True,15,1.22609,1.83757,1.942138497067532,1.885294686292112,1.2260901928299992,1.8375724745777788,0.2529998661446779,2.74014,ok,5855478888,1,4.60525,ok,5855482886,1,3.49014,ok,5855486886,1,4.79567,ok,5855490886,1
2026-09-06T08:10:17.591016+00:00,38.587313071,247385,5855496761,5855513020,15,True,15,1.19397,1.80768,1.9134529485390965,1.8573216807344726,1.19396889916,1.8076799840000006,0.2502235797003094,2.65768,ok,5855500888,1,4.6079,ok,5855504886,1,3.48616,ok,5855508886,1,4.79534,ok,5855512886,1
2026-09-06T08:10:17.612777+00:00,38.609074361,247386,5855519015,5855535019,15,True,15,1.19554,1.83175,1.9162308432863864,1.880384110572699,1.1955395862866671,1.831753048774075,0.26523482349603356,2.70284,ok,5855522888,1,4.63119,ok,5855526886,1,3.4882,ok,5855530886,1,4.79752,ok,5855534886,1
2026-09-06T08:10:17.635781+00:00,38.632078725,247387,5855541268,5855558019,15,True,15,1.19243,1.80582,1.9119154340337456,1.8555062107051146,1.1924275897433334,1.805819169048149,0.2500330830739349,2.66304,ok,5855545888,1,4.60538,ok,5855549886,1,3.48302,ok,5855553886,1,4.80865,ok,5855557886,1
2026-09-06T08:10:17.663753+00:00,38.660050423,247388,5855569584,5855586020,15,True,15,1.21904,1.81163,1.9346787887679762,1.8605655919512247,1.2190487300866673,1.811632933151852,0.23817768924750096,2.67959,ok,5855573888,1,4.58156,ok,5855577886,1,3.48231,ok,5855581886,1,4.78895,ok,5855585886,1
2026-09-06T08:10:17.685713+00:00,38.68201063,247389,5855591850,5855608020,15,True,15,1.20834,1.8002,1.9248815571238627,1.8497667847417978,1.2083380763433336,1.800202671325927,0.23682242583718313,2.67593,ok,5855595887,1,4.58793,ok,5855599886,1,3.49008,ok,5855603886,1,4.81181,ok,5855607886,1
2026-09-06T08:10:17.707802+00:00,38.704099258,247390,5855614104,5855630019,15,True,15,1.22276,1.82048,1.9384406050385594,1.8690253922988163,1.2227557289366673,1.8204743641185195,0.2422825811625741,2.70832,ok,5855617888,1,4.59981,ok,5855621886,1,3.50022,ok,5855625886,1,4.78773,ok,5855629886,1
2026-09-06T08:10:17.730799+00:00,38.727096293,247391,5855636357,5855653020,15,True,15,1.21449,1.8082,1.930669588354958,1.8573783549836944,1.2144938105566667,1.8082018042074084,0.23843083041356042,2.68755,ok,5855640887,1,4.59402,ok,5855644886,1,3.49659,ok,5855648886,1,4.79866,ok,5855652886,1
2026-09-06T08:10:17.752752+00:00,38.749049077,247392,5855658618,5855675020,15,True,15,1.21136,1.82007,1.928771205881904,1.8688374380147945,1.2113577192699994,1.8200717286111119,0.24830284341659628,2.70211,ok,5855662888,1,4.60742,ok,5855666886,1,3.49446,ok,5855670886,1,4.79757,ok,5855674886,1
2026-09-06T08:10:17.774737+00:00,38.771034437,247393,5855680875,5855697020,15,True,15,1.21653,1.80675,1.932302526554149,1.8559491178707042,1.2165293277733331,1.806749675303705,0.23627650160497093,2.67824,ok,5855684888,1,4.58652,ok,5855688886,1,3.49152,ok,5855692886,1,4.79254,ok,5855696886,1
2026-09-06T08:10:17.796741+00:00,38.79303871,247394,5855703137,5855719020,15,True,15,1.21989,1.82196,1.9359810496043932,1.8704441756750547,1.2198840342766661,1.8219602586629637,0.24493023727076954,2.71394,ok,5855706888,1,4.59876,ok,5855710886,1,3.49282,ok,5855714886,1,4.79969,ok,5855718886,1
2026-09-06T08:10:17.819738+00:00,38.816035874,247395,5855725394,5855742019,15,True,15,1.22056,1.787,1.9343904492982316,1.8368727383210208,1.2205647298833346,1.787002500492592,0.22096015092758625,2.67183,ok,5855729888,1,4.57159,ok,5855733886,1,3.50315,ok,5855737886,1,4.80974,ok,5855741886,1
2026-09-06T08:10:17.860760+00:00,38.857057587,247396,5855766675,5855783019,15,True,15,1.21995,1.80758,1.9351937431306756,1.8566594867378392,1.219947670536667,1.807577613485186,0.23489050943017686,2.70595,ok,5855770888,1,4.59627,ok,5855774886,1,3.50813,ok,5855778886,1,4.8064,ok,5855782886,1
2026-09-06T08:10:17.883433+00:00,38.87973023,247397,5855788941,5855805020,15,True,15,1.21009,1.78852,1.925862704184971,1.8386254303448046,1.2100903608799998,1.7885190514111122,0.22826098884729468,2.65658,ok,5855792888,1,4.5877,ok,5855796886,1,3.50731,ok,5855800886,1,4.79785,ok,5855804886,1
2026-09-06T08:10:17.904807+00:00,38.901104598,247398,5855811200,5855827020,15,True,15,1.22211,1.83312,1.9384804712366184,1.8810899975618043,1.2221096693900004,1.8331274852777784,0.2517843416816933,2.73187,ok,5855814888,1,4.60319,ok,5855818886,1,3.48745,ok,5855822886,1,4.80068,ok,5855826886,1
2026-09-06T08:10:17.927760+00:00,38.924057089,247399,5855833453,5855850019,15,True,15,1.19954,1.80599,1.9179640779845053,1.8555596909398475,1.1995390057500002,1.8059938218555567,0.24579984448045553,2.65399,ok,5855837888,1,4.59434,ok,5855841886,1,3.47842,ok,5855845886,1,4.79423,ok,5855849886,1
2026-09-06T08:10:17.949745+00:00,38.946042705,247400,5855855706,5855872020,15,True,15,1.22236,1.85211,1.9400700717870771,1.8994038376145854,1.2223591195200005,1.8521090656888892,0.2657386447883325,2.74003,ok,5855859888,1,4.62079,ok,5855863886,1,3.48659,ok,5855867886,1,4.77469,ok,5855871886,1
2026-09-06T08:10:17.971721+00:00,38.968017921,247401,5855877959,5855894020,15,True,15,1.18694,1.82719,1.9087637363693133,1.8762013465288478,1.1869407847133335,1.8271948990148155,0.26709839317102746,2.67464,ok,5855881888,1,4.62847,ok,5855885886,1,3.47813,ok,5855889886,1,4.79073,ok,5855893886,1
2026-09-06T08:10:17.999772+00:00,38.996068949,247402,5855905571,5855922019,15,True,15,1.2193,1.82783,1.93572512415215,1.8760286759489437,1.2192965193733334,1.8278272019703714,0.24945536496969853,2.7193,ok,5855909888,1,4.59548,ok,5855913886,1,3.48008,ok,5855917886,1,4.80462,ok,5855921886,1
2026-09-06T08:10:18.021736+00:00,39.018033253,247403,5855927834,5855944019,15,True,15,1.20374,1.81015,1.9217103483407527,1.8594441006557496,1.2037383563900004,1.810148115811112,0.24601136582634056,2.68469,ok,5855931887,1,4.60435,ok,5855935886,1,3.49229,ok,5855939886,1,4.80614,ok,5855943886,1
2026-09-06T08:10:18.043783+00:00,39.040080343,247404,5855950088,5855966020,15,True,15,1.20556,1.81618,1.9236417950555196,1.86520631380932,1.2055668367200003,1.8161783778666671,0.24895065982476536,2.69099,ok,5855953888,1,4.60715,ok,5855957886,1,3.49083,ok,5855961886,1,4.80105,ok,5855965886,1
2026-09-06T08:10:18.066792+00:00,39.063089091,247405,5855972341,5855989019,15,True,15,1.19424,1.81433,1.9140149597771805,1.8636634109678,1.1942450859400005,1.814332404155556,0.2543678102876903,2.66881,ok,5855976887,1,4.60938,ok,5855980886,1,3.47992,ok,5855984886,1,4.79946,ok,5855988886,1
2026-09-06T08:10:18.088748+00:00,39.085045235,247406,5855994594,5856011020,15,True,15,1.21474,1.81086,1.9309652242336974,1.8598887768982788,1.2147380565100003,1.810858622788889,0.2401083754411679,2.67959,ok,5855998888,1,4.58472,ok,5856002886,1,3.48128,ok,5856006886,1,4.79565,ok,5856010886,1
2026-09-06T08:10:18.110823+00:00,39.107120197,247407,5856016853,5856033020,15,True,15,1.21738,1.81433,1.9333437002689318,1.863145397468076,1.2173746957800002,1.8143322504222228,0.24100504737280884,2.68858,ok,5856020888,1,4.58347,ok,5856024886,1,3.47893,ok,5856028886,1,4.79815,ok,5856032886,1
2026-09-06T08:10:18.132804+00:00,39.129101206,247408,5856039113,5856055019,15,True,15,1.20596,1.80458,1.9230831092557017,1.8539793659143464,1.2059627389633332,1.8045771117037046,0.24110177971077285,2.67212,ok,5856042888,1,4.58471,ok,5856046886,1,3.47678,ok,5856050886,1,4.81149,ok,5856054886,1
2026-09-06T08:10:18.155726+00:00,39.152023808,247409,5856061369,5856078019,15,True,15,1.22024,1.82843,1.936611907308544,1.876616322751273,1.220237717686667,1.8284302382407414,0.24937097936960406,2.70816,ok,5856065888,1,4.59117,ok,5856069886,1,3.47496,ok,5856073886,1,4.79362,ok,5856077886,1
2026-09-06T08:10:18.177829+00:00,39.174126515,247410,5856083629,5856100020,15,True,15,1.17798,1.82912,1.9013600929267946,1.8782385079520785,1.17797788961,1.8291242819222229,0.27364853475882855,2.66,ok,5856087888,1,4.63256,ok,5856091886,1,3.46818,ok,5856095886,1,4.78737,ok,5856099886,1
2026-09-06T08:10:18.199809+00:00,39.196106627,247411,5856105882,5856122020,15,True,15,1.22436,1.8364,1.9406129018546878,1.8841961354463157,1.2243628892499998,1.8363923110000007,0.2530070489600778,2.72023,ok,5856109888,1,4.59563,ok,5856113886,1,3.47648,ok,5856117886,1,4.78693,ok,5856121886,1
2026-09-06T08:10:18.222767+00:00,39.219063918,247412,5856128139,5856145020,15,True,15,1.20074,1.81211,1.919340073322635,1.8614012717036093,1.20073804777,1.8121092229333333,0.2490606993269116,2.67235,ok,5856132888,1,4.60304,ok,5856136886,1,3.48373,ok,5856140886,1,4.79804,ok,5856144886,1
2026-09-06T08:10:18.244799+00:00,39.241096096,247413,5856150398,5856167019,15,True,15,1.22395,1.83095,1.9398834594530054,1.8789619934724318,1.2239514601166666,1.8309545034074082,0.24924054764889564,2.71213,ok,5856154888,1,4.58832,ok,5856158886,1,3.47327,ok,5856162886,1,4.79072,ok,5856166886,1
2026-09-06T08:10:18.266801+00:00,39.263098161,247414,5856172655,5856189020,15,True,15,1.20121,1.79625,1.9187625295338642,1.8461674182236,1.2012141127500005,1.7962480129666674,0.238608218992426,2.65047,ok,5856176888,1,4.58926,ok,5856180886,1,3.48672,ok,5856184886,1,4.80085,ok,5856188886,1
2026-09-06T08:10:18.288794+00:00,39.285091873,247415,5856194909,5856211020,15,True,15,1.22193,1.83069,1.938450683009092,1.87887576615465,1.22193017057,1.8306826496111115,0.2500375288711872,2.72614,ok,5856198888,1,4.61618,ok,5856202886,1,3.50746,ok,5856206886,1,4.78433,ok,5856210886,1
2026-09-06T08:10:18.310751+00:00,39.307048433,247416,5856217161,5856233020,15,True,15,1.1877,1.81607,1.908786382370589,1.865544201349175,1.1876976599966673,1.816072149151853,0.25935501897715707,2.66406,ok,5856220888,1,4.62532,ok,5856224886,1,3.4894,ok,5856228886,1,4.79085,ok,5856232886,1
2026-09-06T08:10:18.362798+00:00,39.359095659,247417,5856268701,5856285020,15,True,15,1.22449,1.82846,1.9402623371615322,1.8765974026516783,1.224492276056666,1.8284638722851863,0.24712730808575722,2.71719,ok,5856272888,1,4.59518,ok,5856276886,1,3.48632,ok,5856280886,1,4.79109,ok,5856284886,1
2026-09-06T08:10:18.384747+00:00,39.381044251,247418,5856290967,5856307019,15,True,15,1.21226,1.81409,1.9292622202720107,1.8631311209582204,1.2122630487433335,1.814097068203704,0.24366707060105178,2.68144,ok,5856294888,1,4.59983,ok,5856298886,1,3.49345,ok,5856302886,1,4.78536,ok,5856306886,1
2026-09-06T08:10:18.407773+00:00,39.404070535,247419,5856313222,5856330020,15,True,15,1.20286,1.82023,1.9218491297817935,1.869255585174276,1.2028662550333329,1.8202281313703714,0.2531647520386631,2.68279,ok,5856317888,1,4.61964,ok,5856321886,1,3.49824,ok,5856325886,1,4.78166,ok,5856329886,1
2026-09-06T08:10:18.429821+00:00,39.426118201,247420,5856335476,5856352019,15,True,15,1.2362,1.81061,1.9490612741068074,1.859261855159065,1.2361984970099997,1.810618678755556,0.22803187753352827,2.68621,ok,5856339888,1,4.56434,ok,5856343886,1,3.48563,ok,5856347886,1,4.77794,ok,5856351886,1
2026-09-06T08:10:18.451742+00:00,39.448039688,247421,5856357731,5856374020,15,True,15,1.23324,1.80949,1.9464789059466476,1.8582287892646292,1.2332433634000002,1.8094949832888896,0.22883139155501983,2.69922,ok,5856361888,1,4.57416,ok,5856365886,1,3.4957,ok,5856369886,1,4.79044,ok,5856373886,1
2026-09-06T08:10:18.473761+00:00,39.47005881,247422,5856379994,5856396020,15,True,15,1.2296,1.81779,1.9438074446105833,1.8662056841019414,1.22960399555,1.8177905742555565,0.2367378720085987,2.70609,ok,5856383888,1,4.57588,ok,5856387886,1,3.48204,ok,5856391886,1,4.79635,ok,5856395886,1
2026-09-06T08:10:18.496807+00:00,39.493103751,247423,5856402251,5856419020,15,True,15,1.23486,1.81228,1.947959315950369,1.8608463343730217,1.2348599878600004,1.8122806162000002,0.22995858884035156,2.6828,ok,5856406888,1,4.55939,ok,5856410886,1,3.47507,ok,5856414886,1,4.78007,ok,5856418886,1
2026-09-06T08:10:18.518787+00:00,39.515084055,247424,5856424504,5856441020,15,True,15,1.22331,1.83455,1.9396554023124557,1.882463648651945,1.2233076589233343,1.8345438325814816,0.252180544608992,2.71185,ok,5856428888,1,4.59462,ok,5856432886,1,3.47602,ok,5856436886,1,4.78233,ok,5856440886,1
2026-09-06T08:10:18.540754+00:00,39.537051431,247425,5856446757,5856463019,15,True,15,1.19835,1.81661,1.9176900174849172,1.8658073668161552,1.1983544872800005,1.816612325022223,0.253406999977312,2.66278,ok,5856450888,1,4.60532,ok,5856454886,1,3.4775,ok,5856458886,1,4.78594,ok,5856462886,1
2026-09-06T08:10:18.562774+00:00,39.559070744,247426,5856469012,5856485020,15,True,15,1.23064,1.83902,1.9461199323991958,1.8866230903736019,1.230640636873334,1.839018334481482,0.25178279394817593,2.71884,ok,5856472888,1,4.59065,ok,5856476886,1,3.47553,ok,5856480886,1,4.77453,ok,5856484886,1
2026-09-06T08:10:18.585814+00:00,39.582110757,247427,5856491275,5856508020,15,True,15,1.2058,1.81321,1.9237437329537108,1.8623952847861018,1.2057975826499994,1.8132096471111117,0.2467978651535912,2.67391,ok,5856495888,1,4.60224,ok,5856499886,1,3.48851,ok,5856503886,1,4.78896,ok,5856507886,1
2026-09-06T08:10:18.607735+00:00,39.60403218,247428,5856513531,5856530020,15,True,15,1.22789,1.83682,1.9436706496649312,1.8845678232912724,1.2278861798866674,1.836818696685185,0.251515949982526,2.74612,ok,5856517888,1,4.61053,ok,5856521886,1,3.50064,ok,5856525886,1,4.7944,ok,5856529886,1
2026-09-06T08:10:18.629767+00:00,39.626063845,247429,5856535785,5856552019,15,True,15,1.19889,1.8156,1.9181372634483536,1.864852043458442,1.1988821746666671,1.8155952885629636,0.2524026112895473,2.66675,ok,5856539888,1,4.61085,ok,5856543886,1,3.48689,ok,5856547886,1,4.78489,ok,5856551886,1
2026-09-06T08:10:18.651713+00:00,39.648011253,247430,5856558039,5856574019,15,True,15,1.21548,1.84631,1.933835805572524,1.8939272791857906,1.2154797907533332,1.84630598475926,0.2648624858318326,2.72404,ok,5856561888,1,4.61463,ok,5856565886,1,3.47604,ok,5856569886,1,4.78222,ok,5856573886,1
2026-09-06T08:10:18.679786+00:00,39.676082985,247431,5856585583,5856602020,15,True,15,1.21726,1.80699,1.9328685717895937,1.8561362782008015,1.2172593376299998,1.8069907622888897,0.23603871341344027,2.6607,ok,5856589888,1,4.57158,ok,5856593886,1,3.47261,ok,5856597886,1,4.78552,ok,5856601886,1
2026-09-06T08:10:18.701811+00:00,39.698108763,247432,5856607848,5856624019,15,True,15,1.22729,1.81243,1.9415702418040877,1.8611282000598237,1.2272905381433334,1.8124337251814826,0.23417689462243815,2.68876,ok,5856611887,1,4.57084,ok,5856615886,1,3.47902,ok,5856619886,1,4.79151,ok,5856623886,1
2026-09-06T08:10:18.723680+00:00,39.719976616,247433,5856630102,5856646020,15,True,15,1.22301,1.8125,1.9381137862647038,1.8613509977223412,1.2230038144066668,1.8125059063185187,0.2365536013205732,2.69765,ok,5856633888,1,4.59032,ok,5856637886,1,3.49836,ok,5856641886,1,4.79176,ok,5856645886,1
2026-09-06T08:10:18.756846+00:00,39.753142566,247434,5856652355,5856679020,15,True,15,1.22182,1.80506,1.9365541976623488,1.854174372434436,1.2218190367200006,1.8050558640888892,0.23212566912768415,2.68102,ok,5856656887,1,4.57564,ok,5856660886,1,3.487,ok,5856664886,1,4.7966,ok,5856678886,2
2026-09-06T08:10:18.773767+00:00,39.770064206,247435,5856680027,5856696020,15,True,15,1.21103,1.8163,1.9283159645167078,1.8652508310272817,1.2110295274333338,1.816302043370371,0.24588533450871147,2.67246,ok,5856683892,1,4.59359,ok,5856687886,1,3.48061,ok,5856691886,1,4.78181,ok,5856695886,1
2026-09-06T08:10:18.806829+00:00,39.803126665,247436,5856702290,5856729020,15,True,15,1.22719,1.82224,1.942131671095347,1.870566032998067,1.227188547360001,1.8222432791888894,0.24120625121599765,2.71178,ok,5856706888,1,4.5874,ok,5856720886,2,3.48797,ok,5856724886,1,4.79263,ok,5856728886,1
2026-09-06T08:10:18.823767+00:00,39.820064913,247437,5856729700,5856746020,15,True,15,1.20172,1.81085,1.9201997529691597,1.8602209612642495,1.20172308542,1.8108460296333344,0.2476120327664722,2.67426,ok,5856733892,1,4.60935,ok,5856737886,1,3.4951,ok,5856741886,1,4.79324,ok,5856745886,1
2026-09-06T08:10:18.862794+00:00,39.859091021,247438,5856768800,5856785020,15,True,15,1.21939,1.81745,1.9353775294525428,1.8661740122294856,1.2193842882233337,1.817454438248149,0.24201006431101973,2.69782,ok,5856772888,1,4.59544,ok,5856776886,1,3.49354,ok,5856780886,1,4.78995,ok,5856784886,1
2026-09-06T08:10:18.885831+00:00,39.882127705,247439,5856791066,5856808020,15,True,15,1.2528,1.82735,1.9639777100276101,1.874952925495312,1.2527919065233337,1.827343953337038,0.23213845163838268,2.73033,ok,5856795888,1,4.56512,ok,5856799886,1,3.48886,ok,5856803886,1,4.77673,ok,5856807886,1
2026-09-06T08:10:18.907827+00:00,39.904124138,247440,5856813325,5856830020,15,True,15,1.22061,1.8049,1.9356067924080629,1.8540884882793178,1.2206101669433338,1.8049025019259262,0.23268877132750765,2.68365,ok,5856817888,1,4.58348,ok,5856821886,1,3.49575,ok,5856825886,1,4.79472,ok,5856829886,1
2026-09-06T08:10:18.929838+00:00,39.926135707,247441,5856835577,5856852019,15,True,15,1.20965,1.82493,1.9277274784491747,1.8735763583995093,1.20964666889,1.8249260670000005,0.2525948886689482,2.70245,ok,5856839888,1,4.61571,ok,5856843886,1,3.4967,ok,5856847886,1,4.78899,ok,5856851886,1
2026-09-06T08:10:18.951759+00:00,39.948056202,247442,5856857831,5856874020,15,True,15,1.21033,1.82696,1.928400586754662,1.875502010616993,1.2103333786800006,1.8269612388555554,0.25364425188938217,2.70359,ok,5856861888,1,4.61377,ok,5856865886,1,3.4925,ok,5856869886,1,4.7888,ok,5856873886,1
2026-09-06T08:10:18.973836+00:00,39.970133469,247443,5856880086,5856896019,15,True,15,1.20178,1.83446,1.9213261550690486,1.8827061644090672,1.201777945246667,1.834458337385186,0.2637056219598407,2.70278,ok,5856883888,1,4.60423,ok,5856887886,1,3.45783,ok,5856891886,1,4.80785,ok,5856895886,1
2026-09-06T08:10:19.001829+00:00,39.998126479,247444,5856907584,5856924019,15,True,15,1.22578,1.80611,1.9400361121057446,1.8551556597805368,1.225777546606667,1.8061169651185192,0.23058333162983818,2.67058,ok,5856911888,1,4.56965,ok,5856915886,1,3.48345,ok,5856919886,1,4.78139,ok,5856923886,1
2026-09-06T08:10:19.023705+00:00,40.020002141,247445,5856929846,5856946019,15,True,15,1.23094,1.80614,1.9444843229694257,1.855123356311197,1.2309478704633339,1.806141696192593,0.22769058431864253,2.68745,ok,5856933887,1,4.5787,ok,5856937886,1,3.50267,ok,5856941886,1,4.7808,ok,5856945886,1
2026-09-06T08:10:19.045820+00:00,40.042117681,247446,5856952100,5856968019,15,True,15,1.20096,1.82372,1.9204361418489417,1.8726363899329415,1.2009568175433332,1.8237219760592605,0.2566333585437958,2.68387,ok,5856955888,1,4.6215,ok,5856959886,1,3.49347,ok,5856963886,1,4.78178,ok,5856967886,1
2026-09-06T08:10:19.068842+00:00,40.065138717,247447,5856974354,5856991019,15,True,15,1.21478,1.8046,1.9307253204683807,1.8539328206201195,1.2147799154500005,1.8045996974222223,0.2358411533824635,2.68467,ok,5856978887,1,4.59408,ok,5856982886,1,3.50171,ok,5856986886,1,4.79816,ok,5856990886,1
2026-09-06T08:10:19.090823+00:00,40.087119917,247448,5856996616,5857013020,15,True,15,1.19535,1.82324,1.9156021762517799,1.8722373085697626,1.195352610496666,1.8232350658407408,0.2595568988377333,2.68545,ok,5857000888,1,4.62424,ok,5857004886,1,3.4897,ok,5857008886,1,4.79307,ok,5857012886,1
2026-09-06T08:10:19.112838+00:00,40.109134847,247449,5857018875,5857035019,15,True,15,1.2404,1.81532,1.952817220269164,1.8636568435267287,1.2404007545699998,1.8153179910666681,0.2292355801983635,2.71105,ok,5857022888,1,4.56958,ok,5857026886,1,3.49245,ok,5857030886,1,4.78776,ok,5857034886,1
2026-09-06T08:10:19.134821+00:00,40.131117967,247450,5857041136,5857057020,15,True,15,1.21689,1.80141,1.932217516442519,1.8507911305733842,1.2168847332333337,1.8014103093592595,0.23251864957482762,2.68233,ok,5857044888,1,4.585,ok,5857048886,1,3.49691,ok,5857052886,1,4.80283,ok,5857056886,1
2026-09-06T08:10:19.157772+00:00,40.154069242,247451,5857063393,5857080020,15,True,15,1.23778,1.81461,1.9506316937467236,1.8630532468554806,1.2377836022300004,1.8146056436777773,0.23006958941207445,2.70485,ok,5857067888,1,4.57288,ok,5857071886,1,3.49394,ok,5857075886,1,4.78373,ok,5857079886,1
2026-09-06T08:10:19.179845+00:00,40.176142444,247452,5857085647,5857102020,15,True,15,1.21734,1.81779,1.9338868430624916,1.8666305945799044,1.2173372805000007,1.817783787222223,0.24331522065469674,2.6785,ok,5857089888,1,4.59941,ok,5857093886,1,3.49541,ok,5857097886,1,4.76837,ok,5857101886,1
2026-09-06T08:10:19.201770+00:00,40.198066875,247453,5857107901,5857124020,15,True,15,1.19622,1.82917,1.9167994906866803,1.8779624493940652,1.196219521913333,1.8291669989259265,0.2630352596069416,2.69193,ok,5857111888,1,4.63316,ok,5857115886,1,3.49512,ok,5857119886,1,4.78434,ok,5857123886,1
2026-09-06T08:10:19.224839+00:00,40.221136553,247454,5857130158,5857147019,15,True,15,1.19968,1.81406,1.9187467140988654,1.863374501620271,1.1996812884333334,1.8140565473148162,0.25090614933958566,2.67219,ok,5857134888,1,4.61484,ok,5857138886,1,3.49529,ok,5857142886,1,4.78689,ok,5857146886,1
2026-09-06T08:10:19.246755+00:00,40.243051895,247455,5857152418,5857169020,15,True,15,1.21667,1.8298,1.9339136270004607,1.878104749727195,1.21667096965,1.8298000000666672,0.25220715235818725,2.70897,ok,5857156888,1,4.60929,ok,5857160886,1,3.492,ok,5857164886,1,4.78329,ok,5857168886,1
2026-09-06T08:10:19.268685+00:00,40.26498231,247456,5857174674,5857191019,15,True,15,1.21004,1.8168,1.9275169986188663,1.8657536786878093,1.2100390939,1.8168039235666675,0.24678969768585432,2.68109,ok,5857178888,1,4.6001,ok,5857182886,1,3.48713,ok,5857186886,1,4.78681,ok,5857190886,1
2026-09-06T08:10:19.290783+00:00,40.287079802,247457,5857196927,5857213019,15,True,15,1.19653,1.83955,1.9174160165050038,1.8877795945891502,1.1965369871800005,1.8395447025000011,0.2701066294755327,2.72087,ok,5857200888,1,4.63274,ok,5857204886,1,3.48163,ok,5857208886,1,4.80701,ok,5857212886,1
2026-09-06T08:10:19.312728+00:00,40.309022985,247458,5857219179,5857235019,15,True,15,1.20224,1.81911,1.9210836629164896,1.8681107145070033,1.2022453228800003,1.8191085635555555,0.25282082557820545,2.67809,ok,5857222888,1,4.60729,ok,5857226886,1,3.48247,ok,5857230886,1,4.79065,ok,5857234886,1
2026-09-06T08:10:19.362862+00:00,40.359159568,247459,5857268811,5857285020,15,True,15,1.21796,1.81138,1.9339528906961745,1.8604445695263343,1.2179606321799998,1.8113833038000002,0.23856014544266219,2.67919,ok,5857272888,1,4.595,ok,5857276886,1,3.49874,ok,5857280886,1,4.77812,ok,5857284886,1
2026-09-06T08:10:19.384774+00:00,40.381071519,247460,5857291077,5857307019,15,True,15,1.23828,1.81786,1.9512875835118018,1.866184328294939,1.2382740482000008,1.8178566149777782,0.23217609392578084,2.70088,ok,5857294888,1,4.57258,ok,5857298886,1,3.49006,ok,5857302886,1,4.77544,ok,5857306886,1
2026-09-06T08:10:19.407821+00:00,40.404118188,247461,5857313331,5857330019,15,True,15,1.21225,1.80838,1.9289345740192723,1.8576559978461225,1.212253262763333,1.80837628465926,0.23979934323732982,2.67296,ok,5857317888,1,4.59672,ok,5857321886,1,3.49671,ok,5857325886,1,4.78426,ok,5857329886,1
2026-09-06T08:10:19.429778+00:00,40.426074651,247462,5857335584,5857352020,15,True,15,1.23149,1.79678,1.9443100621263176,1.8461053603348307,1.2314869034399998,1.7967826131555564,0.22094467345831484,2.67781,ok,5857339888,1,4.56901,ok,5857343886,1,3.50281,ok,5857347886,1,4.78693,ok,5857351886,1
2026-09-06T08:10:19.451831+00:00,40.448128366,247463,5857357841,5857374019,15,True,15,1.22676,1.81689,1.9415647759666363,1.865495386030136,1.226758927343334,1.8168901846481484,0.2375743125262157,2.7024,ok,5857361888,1,4.58972,ok,5857365886,1,3.4973,ok,5857369886,1,4.78573,ok,5857373886,1
2026-09-06T08:10:19.473854+00:00,40.470151295,247464,5857380105,5857396020,15,True,15,1.2059,1.82526,1.9245389724899487,1.8739508594273266,1.2058944891466663,1.8252651641185187,0.2549397722939294,2.68571,ok,5857383888,1,4.60759,ok,5857387886,1,3.48015,ok,5857391886,1,4.78549,ok,5857395886,1
2026-09-06T08:10:19.496785+00:00,40.493082761,247465,5857402361,5857419020,15,True,15,1.21551,1.82873,1.932859939113018,1.8770973438520673,1.2155088789500001,1.8287315904777781,0.2520721358839657,2.70443,ok,5857406888,1,4.60747,ok,5857410886,1,3.48931,ok,5857414886,1,4.78334,ok,5857418886,1
2026-09-06T08:10:19.518873+00:00,40.5151695,247466,5857424620,5857441019,15,True,15,1.18665,1.81148,1.9076233344271412,1.8611635884555182,1.1866461563366666,1.8114845091629634,0.25706320998453813,2.65714,ok,5857428888,1,4.6228,ok,5857432886,1,3.49047,ok,5857436886,1,4.7921,ok,5857440886,1
2026-09-06T08:10:19.540788+00:00,40.537085451,247467,5857446874,5857463020,15,True,15,1.23076,1.80899,1.9444750147454861,1.8578553532652782,1.2307584617666663,1.8089969137296305,0.22980436901513285,2.69893,ok,5857450888,1,4.58422,ok,5857454886,1,3.50595,ok,5857458886,1,4.78615,ok,5857462886,1
2026-09-06T08:10:19.563844+00:00,40.560141272,247468,5857469131,5857486019,15,True,15,1.20755,1.82439,1.9258770646342231,1.873075508780536,1.2075496335766671,1.8243873344185197,0.2534057813151503,2.69275,ok,5857473888,1,4.60954,ok,5857477886,1,3.48624,ok,5857481886,1,4.78889,ok,5857485886,1
2026-09-06T08:10:19.585849+00:00,40.582146057,247469,5857491394,5857508020,15,True,15,1.22445,1.80429,1.9388871938387389,1.8534639566529951,1.2244553047366669,1.8042897332740748,0.23005395985212476,2.68678,ok,5857495888,1,4.58535,ok,5857499886,1,3.50448,ok,5857503886,1,4.78899,ok,5857507886,1
2026-09-06T08:10:19.607710+00:00,40.60400703,247470,5857513651,5857530020,15,True,15,1.19866,1.83099,1.9189250627216607,1.8796505236548169,1.1986621298733338,1.8309967113148156,0.26292007485247354,2.68773,ok,5857517888,1,4.62516,ok,5857521886,1,3.48565,ok,5857525886,1,4.78053,ok,5857529886,1
2026-09-06T08:10:19.629694+00:00,40.625990983,247471,5857535904,5857552019,15,True,15,1.19462,1.83417,1.9155753820595727,1.882709552169575,1.1946217112200004,1.8341729246444445,0.2674230915318526,2.69108,ok,5857539888,1,4.62365,ok,5857543886,1,3.47373,ok,5857547886,1,4.79121,ok,5857551886,1
2026-09-06T08:10:19.651692+00:00,40.647988919,247472,5857558156,5857574019,15,True,15,1.19732,1.83291,1.9178086759702933,1.8814699258271081,1.1973207400166674,1.8329171372629636,0.26502826846184524,2.69449,ok,5857561888,1,4.62454,ok,5857565886,1,3.48042,ok,5857569886,1,4.78973,ok,5857573886,1
2026-09-06T08:10:19.679799+00:00,40.676096141,247473,5857585576,5857602020,15,True,15,1.20492,1.82722,1.9238811895246533,1.8758618239422078,1.2049217150699998,1.8272161612444449,0.2568215592034916,2.68638,ok,5857589888,1,4.61169,ok,5857593886,1,3.48166,ok,5857597886,1,4.78249,ok,5857601886,1
2026-09-06T08:10:19.701826+00:00,40.698123678,247474,5857607841,5857624020,15,True,15,1.20228,1.81805,1.9210844002963356,1.8671148561140831,1.2022842406666667,1.8180555950407413,0.2520802435770058,2.67738,ok,5857611887,1,4.60876,ok,5857615886,1,3.48583,ok,5857619886,1,4.78935,ok,5857623886,1
2026-09-06T08:10:19.723930+00:00,40.720227282,247475,5857630096,5857646019,15,True,15,1.23065,1.81637,1.944658615025231,1.8648491571889907,1.230654478446667,1.8163717924074088,0.23514533612186356,2.69984,ok,5857633888,1,4.57409,ok,5857637886,1,3.48303,ok,5857641886,1,4.79015,ok,5857645886,1
2026-09-06T08:10:19.746780+00:00,40.74307737,247476,5857652350,5857669020,15,True,15,1.22005,1.81838,1.9361163601401914,1.8671067570918065,1.2200492199133333,1.818379420003704,0.2422583603633021,2.69958,ok,5857656887,1,4.60297,ok,5857660886,1,3.5032,ok,5857664886,1,4.78244,ok,5857668886,1
2026-09-06T08:10:19.768844+00:00,40.765141484,247477,5857674603,5857691020,15,True,15,1.23508,1.83046,1.949230167956451,1.8782771281113877,1.2350801328500003,1.8304624927777788,0.24316653788230944,2.71763,ok,5857678888,1,4.57813,ok,5857682886,1,3.47648,ok,5857686886,1,4.78393,ok,5857690886,1
2026-09-06T08:10:19.790862+00:00,40.78715875,247478,5857696859,5857713019,15,True,15,1.21004,1.80941,1.9271359212215786,1.858696627009614,1.2100319429600002,1.8094116867555563,0.24177922297202648,2.69105,ok,5857700888,1,4.61051,ok,5857704886,1,3.51033,ok,5857708886,1,4.79493,ok,5857712886,1
2026-09-06T08:10:19.812695+00:00,40.808992042,247479,5857719123,5857735020,15,True,15,1.20414,1.83663,1.923839741177153,1.8849346740084685,1.2041366255500006,1.8366334050666675,0.26383224257666593,2.70136,ok,5857722888,1,4.62401,ok,5857726886,1,3.4847,ok,5857730886,1,4.78025,ok,5857734886,1
2026-09-06T08:10:19.835838+00:00,40.832135898,247480,5857741379,5857758019,15,True,15,1.19966,1.8144,1.9187622589706421,1.8637158750840355,1.1996530653333337,1.8144027592148155,0.25114515068129495,2.67078,ok,5857745888,1,4.61514,ok,5857749886,1,3.4952,ok,5857753886,1,4.78476,ok,5857757886,1
2026-09-06T08:10:19.874843+00:00,40.871139797,247481,5857780798,5857797020,15,True,15,1.21886,1.80511,1.9342395618018047,1.8543649447106827,1.2188600982800009,1.805108948144445,0.2338042943396319,2.68433,ok,5857784888,1,4.59167,ok,5857788886,1,3.50372,ok,5857792886,1,4.7911,ok,5857796886,1
2026-09-06T08:10:19.897847+00:00,40.894144161,247482,5857803063,5857820019,15,True,15,1.23025,1.82394,1.9449236457031478,1.8721838734898422,1.23025415029,1.8239382596000002,0.24079408174958417,2.70559,ok,5857807888,1,4.58636,ok,5857811886,1,3.48881,ok,5857815886,1,4.77862,ok,5857819886,1
2026-09-06T08:10:19.919853+00:00,40.91615061,247483,5857825320,5857842020,15,True,15,1.22244,1.79688,1.936627679129635,1.8463418039587929,1.2224419372133337,1.7968821080148152,0.22625796019903396,2.673,ok,5857829888,1,4.5731,ok,5857833886,1,3.4951,ok,5857837886,1,4.79644,ok,5857841886,1
2026-09-06T08:10:19.941770+00:00,40.938067136,247484,5857847574,5857864019,15,True,15,1.2274,1.83337,1.9430590171959488,1.881271559087844,1.22740204355,1.833370525244445,0.2492025138819268,2.73242,ok,5857851888,1,4.60339,ok,5857855886,1,3.49498,ok,5857859886,1,4.78985,ok,5857863886,1
2026-09-06T08:10:19.963847+00:00,40.960144019,247485,5857869826,5857886019,15,True,15,1.20441,1.81948,1.922962537062077,1.8684355147640894,1.2044107623766673,1.8194743882407407,0.2518123453072651,2.68305,ok,5857873888,1,4.60948,ok,5857877886,1,3.488,ok,5857881886,1,4.78923,ok,5857885886,1
2026-09-06T08:10:19.985709+00:00,40.982005312,247486,5857892081,5857908020,15,True,15,1.23523,1.83163,1.9495289432896568,1.8794453073232806,1.2352275233566672,1.8316318587629636,0.243947839479259,2.72755,ok,5857895888,1,4.59003,ok,5857899886,1,3.49084,ok,5857903886,1,4.78241,ok,5857907886,1
2026-09-06T08:10:20.013817+00:00,41.010113622,247487,5857919583,5857936020,15,True,15,1.20098,1.81087,1.9196819571515789,1.8603128544172685,1.2009750673866675,1.8108721252629634,0.24803419358592405,2.65956,ok,5857923888,1,4.60836,ok,5857927886,1,3.49269,ok,5857931886,1,4.77935,ok,5857935886,1
2026-09-06T08:10:20.045804+00:00,41.042100788,247488,5857941846,5857968020,15,True,15,1.23121,1.81893,1.9455424949292168,1.8674229670412916,1.2312105991866666,1.8189373628740748,0.23663334368984523,2.70922,ok,5857955887,2,4.59446,ok,5857959886,1,3.50724,ok,5857963886,1,4.77766,ok,5857967886,1
2026-09-06T08:10:20.062782+00:00,41.059079133,247489,5857968689,5857985019,15,True,15,1.2198,1.78606,1.9338418047223682,1.8360553144227407,1.21980721355,1.786062935622222,0.22076830187313448,2.65622,ok,5857972892,1,4.57226,ok,5857976886,1,3.50415,ok,5857980886,1,4.79424,ok,5857984886,1
2026-09-06T08:10:20.084817+00:00,41.081113903,247490,5857990943,5858007020,15,True,15,1.23722,1.82806,1.9510439817744114,1.8760046191911388,1.2372183830533332,1.8280583043703713,0.24026357556935973,2.71074,ok,5857994887,1,4.58102,ok,5857998886,1,3.48646,ok,5858002886,1,4.77112,ok,5858006886,1
2026-09-06T08:10:20.107082+00:00,41.103379111,247491,5858013196,5858029020,15,True,15,1.20549,1.81693,1.923738209664155,1.865985341963485,1.2054942135466673,1.8169337139518524,0.24946649143914082,2.67571,ok,5858016888,1,4.60499,ok,5858020886,1,3.4869,ok,5858024886,1,4.78546,ok,5858028886,1
2026-09-06T08:10:20.129812+00:00,41.126108588,247492,5858035454,5858052019,15,True,15,1.23083,1.82112,1.9451581063553733,1.869430034047001,1.2308328137066664,1.8211199383518522,0.23845945557601456,2.70159,ok,5858039888,1,4.57845,ok,5858043886,1,3.48288,ok,5858047886,1,4.78312,ok,5858051886,1
2026-09-06T08:10:20.151832+00:00,41.148129501,247493,5858057714,5858074020,15,True,15,1.21318,1.82329,1.9305491106260746,1.8719126535089345,1.2131787123033337,1.82328952895926,0.24950962446161498,2.68814,ok,5858061888,1,4.59985,ok,5858065886,1,3.48293,ok,5858069886,1,4.7823,ok,5858073886,1
2026-09-06T08:10:20.173894+00:00,41.17019128,247494,5858079971,5858096020,15,True,15,1.22911,1.81457,1.94337335086473,1.8632120897468152,1.2291112304233334,1.8145733298037046,0.2346615521682933,2.6991,ok,5858083888,1,4.58303,ok,5858087886,1,3.49487,ok,5858091886,1,4.78568,ok,5858095886,1
2026-09-06T08:10:20.196849+00:00,41.193146842,247495,5858102224,5858119020,15,True,15,1.21348,1.83075,1.9312282785527235,1.879052679131339,1.2134764222733334,1.8307497606148153,0.25461820162882187,2.71125,ok,5858106888,1,4.61138,ok,5858110886,1,3.48896,ok,5858114886,1,4.78964,ok,5858118886,1
2026-09-06T08:10:20.218849+00:00,41.215146219,247496,5858124477,5858141020,15,True,15,1.21706,1.80706,1.932637398116524,1.8561677516766346,1.2170564213333332,1.807051075614816,0.23621614085903986,2.67121,ok,5858128888,1,4.57411,ok,5858132886,1,3.47557,ok,5858136886,1,4.79517,ok,5858140886,1
2026-09-06T08:10:20.240810+00:00,41.237107643,247497,5858146735,5858163020,15,True,15,1.24032,1.83174,1.953744161076771,1.8794034504041768,1.2403220176866674,1.83173089382963,0.24151064091208055,2.73323,ok,5858150888,1,4.58226,ok,5858154886,1,3.4878,ok,5858158886,1,4.7856,ok,5858162886,1
2026-09-06T08:10:20.262851+00:00,41.259148013,247498,5858168996,5858185020,15,True,15,1.2037,1.80202,1.9211859281449617,1.8516483375445827,1.203694808616667,1.8020187418407414,0.24075162021904858,2.66525,ok,5858172888,1,4.59365,ok,5858176886,1,3.48861,ok,5858180886,1,4.80244,ok,5858184886,1
2026-09-06T08:10:20.285888+00:00,41.28218233,247499,5858191253,5858208020,15,True,15,1.22405,1.84453,1.9408545844663958,1.8920113648697763,1.2240479974900005,1.8445254221000016,0.25921646129950326,2.73286,ok,5858195888,1,4.60408,ok,5858199886,1,3.47668,ok,5858203886,1,4.78621,ok,5858207886,1
2026-09-06T08:10:20.308124+00:00,41.304421265,247500,5858213508,5858230019,15,True,15,1.19401,1.82023,1.9143787042590006,1.8694310025144512,1.1940023046399997,1.8202354960444453,0.2583155903761474,2.66574,ok,5858217888,1,4.62026,ok,5858221886,1,3.48636,ok,5858225886,1,4.78052,ok,5858229886,1
2026-09-06T08:10:20.329709+00:00,41.326006071,247501,5858235761,5858252020,15,True,15,1.20448,1.84875,1.9248631252274755,1.8965509991368044,1.2044829041100003,1.848750140833333,0.2723316409027505,2.71779,ok,5858239888,1,4.63267,ok,5858243886,1,3.48105,ok,5858247886,1,4.77836,ok,5858251886,1
2026-09-06T08:10:20.381828+00:00,41.378125267,247502,5858287685,5858304020,15,True,15,1.21895,1.84885,1.9369546845626304,1.896319960411603,1.2189511497899996,1.8488495283888897,0.2649852710053927,2.72809,ok,5858291888,1,4.61515,ok,5858295886,1,3.47843,ok,5858299886,1,4.77668,ok,5858303886,1
2026-09-06T08:10:20.403792+00:00,41.400089859,247503,5858309950,5858326019,15,True,15,1.22657,1.80872,1.9409164548975097,1.857658676417336,1.22657052193,1.8087147770666674,0.23192349757341515,2.67335,ok,5858313888,1,4.57352,ok,5858317886,1,3.48631,ok,5858321886,1,4.77668,ok,5858325886,1
2026-09-06T08:10:20.425986+00:00,41.422279417,247504,5858332205,5858348019,15,True,15,1.22794,1.8326,1.9433487501393925,1.8804649695233517,1.227933670993334,1.8325953068703709,0.2483803395836246,2.72231,ok,5858335888,1,4.59012,ok,5858339886,1,3.47925,ok,5858343886,1,4.79069,ok,5858347886,1
2026-09-06T08:10:20.448882+00:00,41.44517805,247505,5858354459,5858371019,15,True,15,1.22222,1.81038,1.9372238753165507,1.8592762616994758,1.222222342046667,1.810378346807408,0.23554303700647097,2.6701,ok,5858358888,1,4.56903,ok,5858362886,1,3.47201,ok,5858366886,1,4.78487,ok,5858370886,1
2026-09-06T08:10:20.470882+00:00,41.467179059,247506,5858376716,5858393020,15,True,15,1.22736,1.83136,1.9429068048088844,1.8793422620864977,1.2273661305033339,1.831358786437037,0.24773725098437163,2.70747,ok,5858380888,1,4.58873,ok,5858384886,1,3.4782,ok,5858388886,1,4.77753,ok,5858392886,1
2026-09-06T08:10:20.492800+00:00,41.489097762,247507,5858398979,5858415019,15,True,15,1.18945,1.82151,1.9107483476550309,1.8708000409279923,1.1894432837500002,1.8215054871,0.26179345004511706,2.65705,ok,5858402888,1,4.62865,ok,5858406886,1,3.48931,ok,5858410886,1,4.77106,ok,5858414886,1
2026-09-06T08:10:20.525845+00:00,41.522142364,247508,5858421234,5858448020,15,True,15,1.21523,1.82457,1.9324215314581765,1.8731308905427642,1.215230876083333,1.824567739103704,0.2492599338638835,2.7085,ok,5858425888,1,4.6132,ok,5858429886,1,3.50183,ok,5858443886,2,4.78692,ok,5858447886,1
2026-09-06T08:10:20.542881+00:00,41.539177703,247509,5858448694,5858465019,15,True,15,1.20717,1.81529,1.925169646737921,1.8644376967897935,1.2071665675566672,1.8152936701740752,0.24735866541042298,2.68454,ok,5858452892,1,4.61543,ok,5858456886,1,3.50517,ok,5858460886,1,4.78334,ok,5858464886,1
2026-09-06T08:10:20.564866+00:00,41.561163384,247510,5858470948,5858487020,15,True,15,1.19732,1.82943,1.9175707317151296,1.878116040156803,1.1973157480100003,1.8294321852444446,0.262643899469734,2.69635,ok,5858474888,1,4.6244,ok,5858478886,1,3.48473,ok,5858482886,1,4.79524,ok,5858486886,1
2026-09-06T08:10:20.587881+00:00,41.58417802,247511,5858493204,5858510020,15,True,15,1.2063,1.82532,1.9249636760929996,1.8740284431636762,1.2063002103466671,1.8253146666851852,0.2547234283792056,2.69342,ok,5858497888,1,4.61636,ok,5858501886,1,3.49227,ok,5858505886,1,4.78481,ok,5858509886,1
2026-09-06T08:10:20.609856+00:00,41.606153076,247512,5858515468,5858532019,15,True,15,1.21109,1.83859,1.929796445070602,1.8866659621008475,1.2110936664000005,1.8385883432888892,0.26148804734267594,2.70812,ok,5858519888,1,4.61816,ok,5858523886,1,3.4844,ok,5858527886,1,4.77716,ok,5858531886,1
2026-09-06T08:10:20.631865+00:00,41.628161605,247513,5858537724,5858554020,15,True,15,1.23203,1.81956,1.9461616015473895,1.867959365919562,1.2320284117033338,1.8195661803037042,0.23668165984354533,2.70365,ok,5858541888,1,4.58369,ok,5858545886,1,3.49348,ok,5858549886,1,4.77939,ok,5858553886,1
2026-09-06T08:10:20.653730+00:00,41.650027314,247514,5858559979,5858576020,15,True,15,1.20633,1.83559,1.925496775817626,1.8838282466005833,1.2063267768100006,1.8355854134,0.26192988542483003,2.69833,ok,5858563888,1,4.61221,ok,5858567886,1,3.47354,ok,5858571886,1,4.78463,ok,5858575886,1
2026-09-06T08:10:20.676882+00:00,41.673178466,247515,5858582232,5858599020,15,True,15,1.20823,1.85468,1.9279743894969994,1.9019785944544438,1.2082287305966664,1.8546821362518529,0.27482138718600574,2.72949,ok,5858586888,1,4.61082,ok,5858590886,1,3.44961,ok,5858594886,1,4.79936,ok,5858598886,1
2026-09-06T08:10:20.704879+00:00,41.701176405,247516,5858610583,5858627020,15,True,15,1.22739,1.82247,1.9425414191111006,1.8708870809211033,1.227398272696667,1.8224738752629637,0.24120926752583105,2.70761,ok,5858614888,1,4.5978,ok,5858618886,1,3.50164,ok,5858622886,1,4.77727,ok,5858626886,1
2026-09-06T08:10:20.726817+00:00,41.723113476,247517,5858632849,5858649020,15,True,15,1.22828,1.80146,1.9419278347908422,1.8506770309067089,1.228280954936667,1.8014667293962976,0.22595578104765934,2.67653,ok,5858636887,1,4.57411,ok,5858640886,1,3.49887,ok,5858644886,1,4.78292,ok,5858648886,1
2026-09-06T08:10:20.748849+00:00,41.745145878,247518,5858655104,5858671020,15,True,15,1.21384,1.81965,1.9309582902069216,1.8684445198477697,1.2138434122066664,1.8196533678740745,0.24658792045548833,2.67957,ok,5858658888,1,4.59832,ok,5858662886,1,3.48656,ok,5858666886,1,4.77618,ok,5858670886,1
2026-09-06T08:10:20.772042+00:00,41.768338535,247519,5858677358,5858694019,15,True,15,1.22865,1.78921,1.941477535116083,1.8389091167771012,1.228644642983334,1.7892144811259256,0.21751098815938646,2.66793,ok,5858681887,1,4.56818,ok,5858685886,1,3.50739,ok,5858689886,1,4.78974,ok,5858693886,1
2026-09-06T08:10:20.793847+00:00,41.790143986,247520,5858699618,5858716020,15,True,15,1.21154,1.81823,1.928862004154919,1.8670914974589106,1.2115433432433333,1.8182328653259265,0.2469183713829064,2.69362,ok,5858703888,1,4.60502,ok,5858707886,1,3.49393,ok,5858711886,1,4.79166,ok,5858715886,1
2026-09-06T08:10:20.815891+00:00,41.812188804,247521,5858721875,5858738019,15,True,15,1.20441,1.80459,1.9221313313367419,1.8541914244861835,1.20440696199,1.8045901296666675,0.24191432839602633,2.66282,ok,5858725888,1,4.60264,ok,5858729886,1,3.49815,ok,5858733886,1,4.78722,ok,5858737886,1
2026-09-06T08:10:20.837858+00:00,41.834154996,247522,5858744137,5858760019,15,True,15,1.22745,1.82857,1.9427492185970596,1.8766381142265989,1.2274439099633339,1.8285682992481491,0.2456610278216092,2.72345,ok,5858747888,1,4.59494,ok,5858751886,1,3.4901,ok,5858755886,1,4.79217,ok,5858759886,1
2026-09-06T08:10:20.860810+00:00,41.857107391,247523,5858766392,5858783020,15,True,15,1.21609,1.80715,1.9319842991624816,1.8563516224741796,1.2160893377433335,1.807146407625927,0.23678863245613727,2.66854,ok,5858770888,1,4.58309,ok,5858774886,1,3.48587,ok,5858778886,1,4.78554,ok,5858782886,1
2026-09-06T08:10:20.901799+00:00,41.898095951,247524,5858807678,5858824020,15,True,15,1.21877,1.83367,1.9360881937237355,1.8818632703380271,1.21876902915,1.8336746052777781,0.253845669694769,2.71113,ok,5858811888,1,4.61817,ok,5858815886,1,3.50173,ok,5858819886,1,4.76912,ok,5858823886,1
2026-09-06T08:10:20.923885+00:00,41.920182338,247525,5858829944,5858846020,15,True,15,1.21836,1.82869,1.9353033549288767,1.8770234346745018,1.218359562423333,1.828689594425927,0.2504980754560776,2.69972,ok,5858833888,1,4.60391,ok,5858837886,1,3.48875,ok,5858841886,1,4.77552,ok,5858845886,1
2026-09-06T08:10:20.945848+00:00,41.942145202,247526,5858852202,5858868019,15,True,15,1.22871,1.81801,1.943172298293256,1.8664821325226304,1.2287106420800007,1.818009396744445,0.23734776118318973,2.68844,ok,5858855888,1,4.57282,ok,5858859886,1,3.47645,ok,5858863886,1,4.78105,ok,5858867886,1
2026-09-06T08:10:20.968865+00:00,41.965162303,247527,5858874456,5858891020,15,True,15,1.21985,1.85338,1.9378129981900458,1.9005742762001039,1.2198498765333337,1.8533879635259267,0.2679811464284432,2.74427,ok,5858878888,1,4.61315,ok,5858882886,1,3.47119,ok,5858886886,1,4.79097,ok,5858890886,1
2026-09-06T08:10:20.990847+00:00,41.987144431,247528,5858896709,5858913020,15,True,15,1.21492,1.82934,1.9321641807347167,1.8775735325639953,1.214923690630001,1.8293344917333338,0.25287832373091856,2.70694,ok,5858900888,1,4.59533,ok,5858904886,1,3.47164,ok,5858908886,1,4.79849,ok,5858912886,1
2026-09-06T08:10:21.012870+00:00,42.009167392,247529,5858918962,5858935020,15,True,15,1.22101,1.83947,1.9381550923845041,1.8872972272561788,1.221009312036667,1.8394683346740743,0.2569611184534701,2.74423,ok,5858922888,1,4.62461,ok,5858926886,1,3.50598,ok,5858930886,1,4.79053,ok,5858934886,1
2026-09-06T08:10:21.040893+00:00,42.037190324,247530,5858946589,5858963020,15,True,15,1.23544,1.81903,1.9488911924982768,1.8673292511662716,1.2354392823100004,1.8190326695111116,0.23452919625725582,2.69308,ok,5858950888,1,4.56661,ok,5858954886,1,3.47664,ok,5858958886,1,4.77717,ok,5858962886,1
2026-09-06T08:10:21.062742+00:00,42.059038944,247531,5858968851,5858985020,15,True,15,1.23468,1.81233,1.9477843715182048,1.8608835881141763,1.234678677003333,1.812328217414815,0.23009597439662208,2.70828,ok,5858972887,1,4.57314,ok,5858976886,1,3.49277,ok,5858980886,1,4.79598,ok,5858984886,1
2026-09-06T08:10:21.084849+00:00,42.08114642,247532,5858991105,5859007020,15,True,15,1.20031,1.82389,1.9199402902675968,1.872826498486616,1.2003134754866667,1.8238895031296303,0.2571037988690135,2.67286,ok,5858994888,1,4.61803,ok,5858998886,1,3.48774,ok,5859002886,1,4.77398,ok,5859006886,1
2026-09-06T08:10:21.107883+00:00,42.104180289,247533,5859013358,5859030020,15,True,15,1.21935,1.80774,1.934839517669887,1.8568911499511156,1.2193470854300004,1.8077368864222225,0.23529822397957315,2.68666,ok,5859017887,1,4.59418,ok,5859021886,1,3.50433,ok,5859025886,1,4.78782,ok,5859029886,1
2026-09-06T08:10:21.129867+00:00,42.126163665,247534,5859035619,5859052019,15,True,15,1.19253,1.82528,1.9134564269381598,1.8743103542717618,1.19252567475,1.8252842923888892,0.2625340872470828,2.68165,ok,5859039888,1,4.63201,ok,5859043886,1,3.49331,ok,5859047886,1,4.78528,ok,5859051886,1
2026-09-06T08:10:21.151877+00:00,42.148173539,247535,5859057877,5859074020,15,True,15,1.2056,1.82175,1.924034027374616,1.8705604475001034,1.2056019260666666,1.8217476362518525,0.2527013815176509,2.67996,ok,5859061888,1,4.602,ok,5859065886,1,3.47688,ok,5859069886,1,4.78834,ok,5859073886,1
2026-09-06T08:10:21.173863+00:00,42.170159891,247536,5859080136,5859096019,15,True,15,1.23016,1.82596,1.944865470933324,1.8740733136404784,1.2301576642166667,1.8259547877074085,0.24233960178807198,2.71679,ok,5859083888,1,4.58709,ok,5859087886,1,3.48703,ok,5859091886,1,4.78892,ok,5859095886,1
2026-09-06T08:10:21.196857+00:00,42.193154015,247537,5859102392,5859119020,15,True,15,1.22821,1.81695,1.9428417954950348,1.865547958415618,1.22821347438,1.816950348966667,0.23681972473873258,2.68248,ok,5859106888,1,4.57913,ok,5859110886,1,3.4854,ok,5859114886,1,4.77034,ok,5859118886,1
2026-09-06T08:10:21.218853+00:00,42.215149871,247538,5859124647,5859141020,15,True,15,1.22813,1.81726,1.9426042674199187,1.8657498446952354,1.2281355132766667,1.817253205518519,0.2371255085121019,2.71973,ok,5859128888,1,4.58975,ok,5859132886,1,3.49884,ok,5859136886,1,4.80209,ok,5859140886,1
2026-09-06T08:10:21.240898+00:00,42.237195074,247539,5859146901,5859163019,15,True,15,1.20291,1.81537,1.9215911791720308,1.864586861964539,1.202911814683333,1.815363250570371,0.24986764605002937,2.66306,ok,5859150888,1,4.60822,ok,5859154886,1,3.48949,ok,5859158886,1,4.7751,ok,5859162886,1
2026-09-06T08:10:21.263898+00:00,42.260195437,247540,5859169158,5859186020,15,True,15,1.22155,1.83031,1.9379543127654795,1.878442244954974,1.2215578564500005,1.830302200855556,0.24999443111675015,2.70712,ok,5859173888,1,4.59589,ok,5859177886,1,3.48067,ok,5859181886,1,4.7834,ok,5859185886,1
2026-09-06T08:10:21.285906+00:00,42.282202622,247541,5859191418,5859208020,15,True,15,1.18323,1.83123,1.905811497517975,1.8801117625671715,1.1832305071699998,1.8312319989444457,0.27197448770851823,2.67886,ok,5859195888,1,4.63102,ok,5859199886,1,3.47096,ok,5859203886,1,4.79693,ok,5859207886,1
2026-09-06T08:10:21.307668+00:00,42.303965673,247542,5859213675,5859230020,15,True,15,1.21327,1.83921,1.931440246662313,1.8871118351669587,1.21326658768,1.8392073587666669,0.2608380870285886,2.71715,ok,5859217888,1,4.60745,ok,5859221886,1,3.47252,ok,5859225886,1,4.7926,ok,5859229886,1
2026-09-06T08:10:21.329870+00:00,42.326167583,247543,5859235930,5859252020,15,True,15,1.22128,1.82756,1.9375703868512626,1.875820116965213,1.2212855404733334,1.8275576947481493,0.2481537933881797,2.70864,ok,5859239888,1,4.59791,ok,5859243886,1,3.48649,ok,5859247886,1,4.78633,ok,5859251886,1
2026-09-06T08:10:21.351870+00:00,42.348167312,247544,5859258184,5859274019,15,True,15,1.19505,1.84011,1.9164030247662294,1.8884464437971074,1.1950516757399998,1.8401092781888893,0.2712670819358202,2.70875,ok,5859261888,1,4.63952,ok,5859265886,1,3.48779,ok,5859269886,1,4.78931,ok,5859273886,1
2026-09-06T08:10:21.403863+00:00,42.400159817,247545,5859309701,5859326019,15,True,15,1.22699,1.83061,1.9426792615589508,1.8786977923547126,1.2269890103933334,1.8306125827592599,0.24735442721215342,2.70888,ok,5859313888,1,4.59815,ok,5859317886,1,3.49104,ok,5859321886,1,4.77156,ok,5859325886,1
2026-09-06T08:10:21.425880+00:00,42.422177563,247546,5859331967,5859348020,15,True,15,1.20428,1.82188,1.923148469218194,1.8708179475463664,1.2042742063999996,1.8218783100777787,0.2534776566682748,2.67394,ok,5859335888,1,4.61354,ok,5859339886,1,3.49007,ok,5859343886,1,4.77313,ok,5859347886,1
2026-09-06T08:10:21.448900+00:00,42.445197671,247547,5859354222,5859371020,15,True,15,1.22826,1.83488,1.9439070215241108,1.8827175841760708,1.2282631506766664,1.8348796619074077,0.24987512339994747,2.72296,ok,5859358888,1,4.59855,ok,5859362886,1,3.48789,ok,5859366886,1,4.7805,ok,5859370886,1
2026-09-06T08:10:21.470868+00:00,42.467164535,247548,5859376477,5859393020,15,True,15,1.19049,1.82848,1.9118651285273571,1.877383875181336,1.1904825037733326,1.828478626781482,0.2658804743041058,2.67747,ok,5859380888,1,4.62817,ok,5859384886,1,3.48116,ok,5859388886,1,4.78558,ok,5859392886,1
2026-09-06T08:10:21.492816+00:00,42.489113062,247549,5859398733,5859415019,15,True,15,1.22484,1.80964,1.9396600002382696,1.858654456114656,1.2248397831699995,1.8096464393333342,0.23349417598300104,2.68459,ok,5859402888,1,4.59088,ok,5859406886,1,3.50539,ok,5859410886,1,4.77538,ok,5859414886,1
2026-09-06T08:10:21.514929+00:00,42.511222426,247550,5859420996,5859437019,15,True,15,1.22465,1.81533,1.9397677872633379,1.8640816042017025,1.224643898410001,1.8153351639222228,0.23760419766752008,2.68226,ok,5859424888,1,4.58526,ok,5859428886,1,3.49042,ok,5859432886,1,4.77321,ok,5859436886,1
2026-09-06T08:10:21.537663+00:00,42.533960447,247551,5859443253,5859460020,15,True,15,1.22426,1.81937,1.9395228301583611,1.8678821936579562,1.2242596998200004,1.8193710585888898,0.24071372486269899,2.70041,ok,5859447888,1,4.5863,ok,5859451886,1,3.48603,ok,5859455886,1,4.78965,ok,5859459886,1
2026-09-06T08:10:21.559878+00:00,42.55617567,247552,5859465507,5859482020,15,True,15,1.2282,1.81689,1.9428563295884114,1.8655030530021914,1.2282003203799994,1.8168887783666672,0.236775510590365,2.70049,ok,5859469888,1,4.59148,ok,5859473886,1,3.50167,ok,5859477886,1,4.77887,ok,5859481886,1
2026-09-06T08:10:21.581862+00:00,42.578159046,247553,5859487761,5859504019,15,True,15,1.20087,1.79921,1.9189293577367892,1.849151335476181,1.2008685284033336,1.7992139892148151,0.24057709562159688,2.66338,ok,5859491888,1,4.61367,ok,5859495886,1,3.5145,ok,5859499886,1,4.78967,ok,5859503886,1
2026-09-06T08:10:21.603889+00:00,42.600186616,247554,5859510017,5859526020,15,True,15,1.22217,1.82216,1.9381338875399035,1.8706952979756106,1.2221665211800004,1.8221600112777778,0.24377861428712239,2.71578,ok,5859513888,1,4.61009,ok,5859517886,1,3.51072,ok,5859521886,1,4.78594,ok,5859525886,1
2026-09-06T08:10:21.626744+00:00,42.62304144,247555,5859532280,5859549020,15,True,15,1.18743,1.82779,1.9092650539175606,1.8767940177715488,1.1874273159133335,1.8277952036370375,0.26719469711446536,2.68186,ok,5859536888,1,4.63531,ok,5859540886,1,3.48715,ok,5859544886,1,4.79061,ok,5859548886,1
2026-09-06T08:10:21.648875+00:00,42.645172052,247556,5859554537,5859571020,15,True,15,1.20929,1.83493,1.9278743731819536,1.8831043488232244,1.2092855833299996,1.8349271204000008,0.2598770774463389,2.72275,ok,5859558888,1,4.61852,ok,5859562886,1,3.48701,ok,5859566886,1,4.80062,ok,5859570886,1
2026-09-06T08:10:21.670697+00:00,42.66699344,247557,5859576791,5859593019,15,True,15,1.2027,1.79781,1.920299967416317,1.8477302284743142,1.2026996938899994,1.7978123126000014,0.2386032912659603,2.65321,ok,5859580888,1,4.60043,ok,5859584886,1,3.50152,ok,5859588886,1,4.78861,ok,5859592886,1
2026-09-06T08:10:21.692757+00:00,42.689053907,247558,5859599044,5859615020,15,True,15,1.22967,1.83356,1.9449419823112397,1.881394801625138,1.2296703040433332,1.8335639208814822,0.2481968868004218,2.72864,ok,5859602888,1,4.59602,ok,5859606886,1,3.48827,ok,5859610886,1,4.7877,ok,5859614886,1
2026-09-06T08:10:21.720913+00:00,42.717210377,247559,5859626586,5859643020,15,True,15,1.20833,1.80466,1.9255071453724089,1.8542169223042464,1.20833616118,1.8046650516222233,0.23960266117198623,2.65865,ok,5859630888,1,4.59912,ok,5859634886,1,3.49904,ok,5859638886,1,4.77768,ok,5859642886,1
2026-09-06T08:10:21.742891+00:00,42.73918857,247560,5859648850,5859665020,15,True,15,1.23621,1.82071,1.9496028269873513,1.8689018642337827,1.2362069701100005,1.8207052776333335,0.235362020090205,2.70987,ok,5859652887,1,4.57335,ok,5859656886,1,3.48443,ok,5859660886,1,4.78652,ok,5859664886,1
2026-09-06T08:10:21.764879+00:00,42.76117585,247561,5859671106,5859687020,15,True,15,1.21198,1.8035,1.928509184060799,1.8530288655388674,1.2119805162300004,1.8034982380333342,0.23668179469992257,2.66583,ok,5859674888,1,4.59905,ok,5859678886,1,3.50565,ok,5859682886,1,4.77922,ok,5859686886,1
2026-09-06T08:10:21.787895+00:00,42.784192023,247562,5859693359,5859710019,15,True,15,1.23411,1.81798,1.947881446822068,1.8664312298497174,1.2341118703900003,1.8179850748333342,0.23442330647925527,2.68813,ok,5859697887,1,4.5757,ok,5859701886,1,3.48802,ok,5859705886,1,4.76665,ok,5859709886,1
2026-09-06T08:10:21.809673+00:00,42.805969825,247563,5859715619,5859732020,15,True,15,1.21454,1.82738,1.9319732092296162,1.875819456277543,1.2145386274333336,1.827373768081482,0.25163013742002205,2.70114,ok,5859719888,1,4.60753,ok,5859723886,1,3.48975,ok,5859727886,1,4.78287,ok,5859731886,1
2026-09-06T08:10:21.831885+00:00,42.828182456,247564,5859737876,5859754019,15,True,15,1.19559,1.82709,1.916026189436068,1.8759218167276155,1.1955919745666665,1.8270859108185191,0.26201573432140335,2.67548,ok,5859741888,1,4.61739,ok,5859745886,1,3.47598,ok,5859749886,1,4.7844,ok,5859753886,1
2026-09-06T08:10:21.853762+00:00,42.850058406,247565,5859760139,5859776020,15,True,15,1.226,1.83073,1.9416297081283298,1.8787155927866852,1.2260040270600006,1.830723339622223,0.2479952223867393,2.72153,ok,5859763888,1,4.59326,ok,5859767886,1,3.48304,ok,5859771886,1,4.79258,ok,5859775886,1
2026-09-06T08:10:21.876876+00:00,42.87317378,247566,5859782396,5859799019,15,True,15,1.19279,1.81439,1.9130619769478476,1.8638747792370705,1.1927857979533332,1.8143886838703704,0.2551803253408957,2.66036,ok,5859786888,1,4.62253,ok,5859790886,1,3.49516,ok,5859794886,1,4.78038,ok,5859798886,1
2026-09-06T08:10:21.917863+00:00,42.914160485,247567,5859823676,5859840019,15,True,15,1.23594,1.835,1.9503237504100372,1.8826647466772026,1.2359395336833336,1.8350066550592594,0.2461350325436269,2.72596,ok,5859827888,1,4.58754,ok,5859831886,1,3.48423,ok,5859835886,1,4.77832,ok,5859839886,1
2026-09-06T08:10:21.940181+00:00,42.936461182,247568,5859845941,5859862020,15,True,15,1.21849,1.82241,1.9350265908639326,1.8709901088089838,1.2184932852266661,1.822407615851852,0.24595523820834225,2.69481,ok,5859849888,1,4.60055,ok,5859853886,1,3.49261,ok,5859857886,1,4.77885,ok,5859861886,1
2026-09-06T08:10:21.961837+00:00,42.958134406,247569,5859868198,5859884019,15,True,15,1.23389,1.82814,1.9481996828926516,1.8761223257323232,1.2338932110633334,1.8281381710592595,0.24201507511392764,2.70729,ok,5859871888,1,4.58015,ok,5859875886,1,3.48044,ok,5859879886,1,4.77493,ok,5859883886,1
2026-09-06T08:10:21.984879+00:00,42.981176531,247570,5859890452,5859907019,15,True,15,1.20958,1.82291,1.92775691830137,1.8717461474382915,1.2095771692033341,1.8229131770703704,0.2511760390970749,2.70073,ok,5859894888,1,4.62735,ok,5859898886,1,3.51453,ok,5859902886,1,4.77784,ok,5859906886,1
2026-09-06T08:10:22.006890+00:00,43.00318778,247571,5859912704,5859929020,15,True,15,1.21762,1.80244,1.9330580288482286,1.8518439357657244,1.21761856357,1.802443495033334,0.23272541882754838,2.67584,ok,5859916888,1,4.58986,ok,5859920886,1,3.503,ok,5859924886,1,4.78843,ok,5859928886,1
2026-09-06T08:10:22.028809+00:00,43.025104147,247572,5859934957,5859951020,15,True,15,1.2241,1.83887,1.940631572791555,1.8866133346762644,1.2241040785866668,1.8388638048740742,0.2549509700173163,2.72732,ok,5859938888,1,4.60526,ok,5859942886,1,3.48564,ok,5859946886,1,4.78396,ok,5859950886,1
2026-09-06T08:10:22.056823+00:00,43.053120966,247573,5859962573,5859979019,15,True,15,1.22754,1.80934,1.941903739365896,1.858302389525498,1.2275435845500007,1.8093412002111118,0.23178491004443505,2.67797,ok,5859966888,1,4.5828,ok,5859970886,1,3.49906,ok,5859974886,1,4.77033,ok,5859978886,1
2026-09-06T08:10:22.078872+00:00,43.075168984,247574,5859984836,5860001020,15,True,15,1.25135,1.83209,1.9632679370363206,1.879633585287349,1.2513507318233337,1.8320869564259268,0.23646264854668103,2.72082,ok,5859988887,1,4.57411,ok,5859992886,1,3.49245,ok,5859996886,1,4.75578,ok,5860000886,1
2026-09-06T08:10:22.100868+00:00,43.097165449,247575,5860007089,5860023019,15,True,15,1.21659,1.81584,1.9330045211080353,1.8647129756695477,1.2165905635966672,1.8158368207851856,0.24241795266278493,2.68069,ok,5860010888,1,4.59356,ok,5860014886,1,3.48915,ok,5860018886,1,4.77986,ok,5860022886,1
2026-09-06T08:10:22.123928+00:00,43.120223414,247576,5860029341,5860046019,15,True,15,1.23491,1.81691,1.9483241903434794,1.8653036113320323,1.234913067893333,1.8169081867148156,0.23325836193912433,2.71172,ok,5860033887,1,4.57864,ok,5860037886,1,3.49441,ok,5860041886,1,4.78983,ok,5860045886,1
2026-09-06T08:10:22.145912+00:00,43.142209543,247577,5860051594,5860068020,15,True,15,1.21394,1.83005,1.9316291861534642,1.8783933460299804,1.2139376427166673,1.8300444907074076,0.25385278101172265,2.70036,ok,5860055888,1,4.60774,ok,5860059886,1,3.48572,ok,5860063886,1,4.78053,ok,5860067886,1
2026-09-06T08:10:22.168174+00:00,43.164471263,247578,5860073852,5860090020,15,True,15,1.20282,1.84041,1.9228963077242527,1.8885559449698448,1.2028192222166667,1.8404127155296301,0.26724375793356253,2.69365,ok,5860077888,1,4.61725,ok,5860081886,1,3.46893,ok,5860085886,1,4.77728,ok,5860089886,1
2026-09-06T08:10:22.189874+00:00,43.186171336,247579,5860096112,5860112019,15,True,15,1.19863,1.82496,1.918440885158619,1.8738167448778125,1.1986327471800002,1.8249614493222228,0.25883867655392845,2.68136,ok,5860099888,1,4.61611,ok,5860103886,1,3.4814,ok,5860107886,1,4.78786,ok,5860111886,1
2026-09-06T08:10:22.212885+00:00,43.209182452,247580,5860118369,5860135019,15,True,15,1.20055,1.81951,1.9197988438127809,1.868584539509069,1.2005514414066671,1.8195103834296305,0.2540326004852797,2.68432,ok,5860122888,1,4.61997,ok,5860126886,1,3.49629,ok,5860130886,1,4.78857,ok,5860134886,1
2026-09-06T08:10:22.234657+00:00,43.23095411,247581,5860140629,5860157020,15,True,15,1.21076,1.83626,1.9292871020771687,1.8844028735202847,1.2107583904333337,1.8362652066037046,0.2600176345213991,2.71107,ok,5860144888,1,4.61524,ok,5860148886,1,3.48305,ok,5860152886,1,4.78621,ok,5860156886,1
2026-09-06T08:10:22.256673+00:00,43.252969648,247582,5860162882,5860179020,15,True,15,1.22178,1.79328,1.935922529788239,1.8429356762196636,1.2217848581166673,1.7932857437407412,0.22424964082917753,2.66773,ok,5860166888,1,4.57493,ok,5860170886,1,3.50118,ok,5860174886,1,4.79357,ok,5860178886,1
2026-09-06T08:10:22.279902+00:00,43.276199106,247583,5860185140,5860202020,15,True,15,1.22196,1.8254,1.9382317373457312,1.8738446392126544,1.2219576858299999,1.8254003695111118,0.246189662050581,2.70764,ok,5860189888,1,4.61007,ok,5860193886,1,3.50624,ok,5860197886,1,4.77411,ok,5860201886,1
2026-09-06T08:10:22.301891+00:00,43.298188114,247584,5860207400,5860224019,15,True,15,1.20428,1.81726,1.9227531407102902,1.8663304129962321,1.2042777102566664,1.8172591825074083,0.2503807795131615,2.66167,ok,5860211888,1,4.59951,ok,5860215886,1,3.47749,ok,5860219886,1,4.7773,ok,5860223886,1
2026-09-06T08:10:22.323893+00:00,43.320189859,247585,5860229656,5860246019,15,True,15,1.2245,1.83944,1.9410644770688774,1.8871884015506848,1.22449818759,1.8394384763555565,0.25516430731568773,2.73502,ok,5860233888,1,4.61327,ok,5860237886,1,3.49604,ok,5860241886,1,4.78367,ok,5860245886,1
2026-09-06T08:10:22.345880+00:00,43.34217698,247586,5860251910,5860268020,15,True,15,1.20258,1.83201,1.9221583154141553,1.8804869847755894,1.2025834359700003,1.8320121097000008,0.26146866379935774,2.69348,ok,5860255888,1,4.6159,ok,5860259886,1,3.47768,ok,5860263886,1,4.78679,ok,5860267886,1
2026-09-06T08:10:22.367884+00:00,43.364181189,247587,5860274163,5860290020,15,True,15,1.20812,1.84636,1.927733957131132,1.8941598348230932,1.2081226676766663,1.8463552972518524,0.26869072094096563,2.71135,ok,5860277888,1,4.62159,ok,5860281886,1,3.47464,ok,5860285886,1,4.77641,ok,5860289886,1
2026-09-06T08:10:22.419886+00:00,43.41618259,247588,5860325676,5860342020,15,True,15,1.22709,1.84375,1.9433721417993584,1.8912094243281006,1.2270931706100001,1.8437508215555565,0.25711699618172873,2.72969,ok,5860329888,1,4.59848,ok,5860333886,1,3.47465,ok,5860337886,1,4.78234,ok,5860341886,1
2026-09-06T08:10:22.441894+00:00,43.438191567,247589,5860347942,5860364020,15,True,15,1.2038,1.82352,1.9227475381486048,1.8723556783829032,1.2037964158466672,1.8235200176851858,0.2549001628118336,2.67693,ok,5860351888,1,4.60996,ok,5860355886,1,3.48253,ok,5860359886,1,4.77939,ok,5860363886,1
2026-09-06T08:10:22.464905+00:00,43.461202204,247590,5860370429,5860387019,15,True,15,1.2133,1.84771,1.9321930208998006,1.8953660868631874,1.2132989390000004,1.847708057688889,0.26699362169065527,2.72204,ok,5860374888,1,4.62256,ok,5860378886,1,3.48162,ok,5860382886,1,4.77552,ok,5860386886,1
2026-09-06T08:10:22.486889+00:00,43.483186348,247591,5860392688,5860409020,15,True,15,1.2087,1.80841,1.925855112463022,1.857720367386005,1.2086962041333338,1.8084143361925935,0.24192575945596137,2.65808,ok,5860396887,1,4.5873,ok,5860400886,1,3.47916,ok,5860404886,1,4.78412,ok,5860408886,1
2026-09-06T08:10:22.508928+00:00,43.50522531,247592,5860414943,5860431020,15,True,15,1.23618,1.81442,1.9491992832476712,1.8628720485975478,1.2361837086933338,1.8144210492481487,0.23079650776437974,2.6991,ok,5860418888,1,4.56702,ok,5860422886,1,3.48421,ok,5860426886,1,4.78635,ok,5860430886,1
2026-09-06T08:10:22.530921+00:00,43.527217839,247593,5860437207,5860453020,15,True,15,1.22339,1.81036,1.9383024637389443,1.859284388141021,1.2233928073133333,1.8103640700481487,0.23485108971170343,2.6842,ok,5860440888,1,4.58147,ok,5860444886,1,3.49006,ok,5860448886,1,4.78632,ok,5860452886,1
2026-09-06T08:10:22.553910+00:00,43.550207194,247594,5860459462,5860476020,15,True,15,1.23331,1.8332,1.9479005523956272,1.8809380911670415,1.2333084790400002,1.8332023317000008,0.2461064190372168,2.70791,ok,5860463888,1,4.57425,ok,5860467886,1,3.46526,ok,5860471886,1,4.77774,ok,5860475886,1
2026-09-06T08:10:22.575893+00:00,43.572189803,247595,5860481717,5860498020,15,True,15,1.22669,1.82278,1.9417124819100455,1.8710724970466932,1.22668833215,1.8227760603888896,0.24186336462750438,2.71241,ok,5860485888,1,4.58656,ok,5860489886,1,3.48546,ok,5860493886,1,4.79469,ok,5860497886,1
2026-09-06T08:10:22.597909+00:00,43.594206428,247596,5860503970,5860520019,15,True,15,1.21408,1.82982,1.9318146616393004,1.8782128345539832,1.2140787162133329,1.8298194948037043,0.2535959957377359,2.6868,ok,5860507888,1,4.60444,ok,5860511886,1,3.48185,ok,5860515886,1,4.76833,ok,5860519886,1
2026-09-06T08:10:22.620777+00:00,43.617073764,247597,5860526226,5860543019,15,True,15,1.23222,1.82129,1.9463722444959015,1.8695806044222905,1.2322190964233337,1.8212867353148148,0.2378439356474452,2.7107,ok,5860530888,1,4.58431,ok,5860534886,1,3.49235,ok,5860538886,1,4.78476,ok,5860542886,1
2026-09-06T08:10:22.642877+00:00,43.639174456,247598,5860548488,5860565020,15,True,15,1.19297,1.83278,1.9142078723307958,1.8814556772350697,1.1929699300200007,1.8327793030555555,0.26737101944808145,2.69056,ok,5860552888,1,4.63183,ok,5860556886,1,3.48404,ok,5860560886,1,4.78748,ok,5860564886,1
2026-09-06T08:10:22.664906+00:00,43.661202985,247599,5860570745,5860587020,15,True,15,1.22133,1.84061,1.9384522366181856,1.8883724575907466,1.221330458796667,1.8406167896407415,0.25765443071765304,2.72626,ok,5860574888,1,4.61098,ok,5860578886,1,3.48696,ok,5860582886,1,4.78139,ok,5860586886,1
2026-09-06T08:10:22.686929+00:00,43.683224795,247600,5860592999,5860609020,15,True,15,1.20669,1.81711,1.9246845395574157,1.8660943018510292,1.2066935972800004,1.817108153966667,0.24891824087994355,2.67413,ok,5860596888,1,4.59815,ok,5860600886,1,3.47936,ok,5860604886,1,4.7876,ok,5860608886,1
2026-09-06T08:10:22.709890+00:00,43.706187526,247601,5860615251,5860632020,15,True,15,1.23358,1.84537,1.9488368818450585,1.8925908592670875,1.2335758263333338,1.8453670717592594,0.25518992803624624,2.74855,ok,5860619888,1,4.59615,ok,5860623886,1,3.4788,ok,5860627886,1,4.7911,ok,5860631886,1
2026-09-06T08:10:22.737866+00:00,43.734163448,247602,5860643573,5860660019,15,True,15,1.2342,1.83693,1.9489508447224149,1.884530092995836,1.2342061145866676,1.8369308110851854,0.2484500415484079,2.72048,ok,5860647888,1,4.58458,ok,5860651886,1,3.47535,ok,5860655886,1,4.77673,ok,5860659886,1
2026-09-06T08:10:22.759874+00:00,43.756171657,247603,5860665838,5860682020,15,True,15,1.20887,1.81667,1.926594577673413,1.8656869132076817,1.2088605078600005,1.816671998333334,0.24734785582722832,2.6787,ok,5860669887,1,4.60483,ok,5860673886,1,3.49185,ok,5860677886,1,4.78217,ok,5860681886,1
2026-09-06T08:10:22.781902+00:00,43.778199386,247604,5860688093,5860704019,15,True,15,1.22686,1.83723,1.9429023661638438,1.885013567924771,1.2268587203299999,1.8372269397444447,0.2523257357334772,2.72302,ok,5860691888,1,4.60238,ok,5860695886,1,3.4879,ok,5860699886,1,4.77761,ok,5860703886,1
2026-09-06T08:10:22.804886+00:00,43.801183686,247605,5860710348,5860727020,15,True,15,1.21035,1.82121,1.9281233104174014,1.8700108356962062,1.2103494618100001,1.821209185288889,0.2496160658134641,2.67807,ok,5860714887,1,4.60248,ok,5860718886,1,3.48503,ok,5860722886,1,4.77634,ok,5860726886,1
2026-09-06T08:10:22.826893+00:00,43.823190295,247606,5860732601,5860749019,15,True,15,1.20791,1.83078,1.9265653907336193,1.8792077882438765,1.2079050651266667,1.83078599052963,0.25767152423787854,2.70377,ok,5860736888,1,4.61542,ok,5860740886,1,3.48627,ok,5860744886,1,4.78889,ok,5860748886,1
2026-09-06T08:10:22.848913+00:00,43.845210728,247607,5860754857,5860771020,15,True,15,1.24491,1.82134,1.9569599663207449,1.8693344323189998,1.2449153689533339,1.8213389700925933,0.2314026314088395,2.71396,ok,5860758888,1,4.56407,ok,5860762886,1,3.48394,ok,5860766886,1,4.78122,ok,5860770886,1
2026-09-06T08:10:22.870980+00:00,43.867276923,247608,5860777120,5860793020,15,True,15,1.23232,1.83006,1.9470678246186588,1.8780329397651168,1.2323205362733343,1.8300604824259257,0.24422664062558128,2.70635,ok,5860780888,1,4.58604,ok,5860784886,1,3.48345,ok,5860788886,1,4.76969,ok,5860792886,1
2026-09-06T08:10:22.893904+00:00,43.890201445,247609,5860799376,5860816020,15,True,15,1.22781,1.82036,1.9426366977603278,1.8687951709253794,1.2278153636299998,1.8203650582222235,0.2394985582664835,2.70288,ok,5860803888,1,4.58689,ok,5860807886,1,3.49062,ok,5860811886,1,4.78351,ok,5860815886,1
2026-09-06T08:10:22.932782+00:00,43.929079421,247610,5860839071,5860855020,15,True,15,1.2223,1.84312,1.9394123532543452,1.8907500316450918,1.2223011008200002,1.8431190715777785,0.25902165004261957,2.73338,ok,5860842888,1,4.61339,ok,5860846886,1,3.48831,ok,5860850886,1,4.78281,ok,5860854886,1
2026-09-06T08:10:22.955778+00:00,43.95207492,247611,5860861337,5860878020,15,True,15,1.22162,1.81343,1.9370328326900577,1.8622757996610064,1.2216140339166668,1.8134252372407407,0.23795676375528227,2.66998,ok,5860865888,1,4.57783,ok,5860869886,1,3.47877,ok,5860873886,1,4.77472,ok,5860877886,1
2026-09-06T08:10:22.977898+00:00,43.974195772,247612,5860883595,5860900020,15,True,15,1.22352,1.84701,1.940485479174179,1.8943688213770942,1.223521004646667,1.8470096258185196,0.26135910834784265,2.72441,ok,5860887888,1,4.5951,ok,5860891886,1,3.46079,ok,5860895886,1,4.78397,ok,5860899886,1
2026-09-06T08:10:22.999905+00:00,43.996202734,247613,5860905850,5860922019,15,True,15,1.21137,1.8291,1.9294113095569212,1.877538591335093,1.2113663140733335,1.8290993459481488,0.2545785194490609,2.7038,ok,5860909888,1,4.61323,ok,5860913886,1,3.49051,ok,5860917886,1,4.78539,ok,5860921886,1
2026-09-06T08:10:23.021921+00:00,44.018218047,247614,5860928103,5860944020,15,True,15,1.20373,1.82255,1.922591720682196,1.8714077440275938,1.203733191840001,1.8225523511000012,0.25428813668333156,2.69286,ok,5860931888,1,4.61672,ok,5860935886,1,3.49263,ok,5860939886,1,4.79179,ok,5860943886,1
2026-09-06T08:10:23.044922+00:00,44.041219627,247615,5860950356,5860967020,15,True,15,1.21057,1.84413,1.9297339580248194,1.8920109685971833,1.2105743272333336,1.844130074737038,0.2657703049926876,2.72317,ok,5860954888,1,4.62978,ok,5860958886,1,3.49191,ok,5860962886,1,4.77889,ok,5860966886,1
2026-09-06T08:10:23.072914+00:00,44.069210877,247616,5860978581,5860995020,15,True,15,1.22065,1.81359,1.9363005126211088,1.8624749984431177,1.2206519158400002,1.813579622044445,0.23858050523324348,2.68615,ok,5860982888,1,4.59257,ok,5860986886,1,3.49657,ok,5860990886,1,4.78057,ok,5860994886,1
2026-09-06T08:10:23.094907+00:00,44.091204174,247617,5861000843,5861017019,15,True,15,1.21554,1.83414,1.9331259240672667,1.882243869211535,1.2155395222099998,1.834140066111112,0.2559532346609463,2.70889,ok,5861004887,1,4.60465,ok,5861008886,1,3.47864,ok,5861012886,1,4.78595,ok,5861016886,1
2026-09-06T08:10:23.116907+00:00,44.113203743,247618,5861023096,5861039019,15,True,15,1.18983,1.82443,1.9111775572072527,1.873556300483738,1.1898397283066673,1.8244268783962967,0.2635175658344551,2.67811,ok,5861026888,1,4.63535,ok,5861030886,1,3.495,ok,5861034886,1,4.7845,ok,5861038886,1
2026-09-06T08:10:23.139932+00:00,44.136229899,247619,5861045351,5861062020,15,True,15,1.22903,1.82307,1.943871329125159,1.8713950685167378,1.2290272603433345,1.8230749085148148,0.24080211939302842,2.69126,ok,5861049887,1,4.58146,ok,5861053886,1,3.48172,ok,5861057886,1,4.77051,ok,5861061886,1
2026-09-06T08:10:23.161905+00:00,44.158201819,247620,5861067611,5861084020,15,True,15,1.20326,1.84006,1.9234464747833884,1.8883057138582364,1.203253966346667,1.8400591161740747,0.2667046066120155,2.69821,ok,5861071888,1,4.63161,ok,5861075886,1,3.4891,ok,5861079886,1,4.76794,ok,5861083886,1
2026-09-06T08:10:23.183935+00:00,44.180232365,247621,5861089869,5861106019,15,True,15,1.21841,1.83292,1.935597559017827,1.881079324904359,1.2184115669000002,1.8329213676666671,0.2535212193983891,2.70708,ok,5861093888,1,4.60767,ok,5861097886,1,3.48833,ok,5861101886,1,4.77613,ok,5861105886,1
2026-09-06T08:10:23.205947+00:00,44.202242718,247622,5861112129,5861128020,15,True,15,1.22811,1.83379,1.943662682502083,1.8816470873133235,1.2281120887000003,1.8337858831444456,0.24915087460097998,2.70832,ok,5861115888,1,4.58707,ok,5861119886,1,3.47394,ok,5861123886,1,4.77624,ok,5861127886,1
2026-09-06T08:10:23.228927+00:00,44.225223882,247623,5861134386,5861151019,15,True,15,1.21303,1.82358,1.9305058758073228,1.8722295406052938,1.21303175408,1.8235859735111113,0.24978104798665454,2.69671,ok,5861138888,1,4.60877,ok,5861142886,1,3.49411,ok,5861146886,1,4.78339,ok,5861150886,1
2026-09-06T08:10:23.251608+00:00,44.247882124,247624,5861156640,5861173020,15,True,15,1.24411,1.83654,1.9572145148322861,1.8839446649758176,1.2441019665499997,1.8365428852777792,0.24336271580364077,2.73617,ok,5861160888,1,4.57892,ok,5861164886,1,3.48262,ok,5861168886,1,4.77973,ok,5861172886,1
2026-09-06T08:10:23.272977+00:00,44.269271949,247625,5861178892,5861195019,15,True,15,1.21704,1.81567,1.9333030625482226,1.8645050700678878,1.2170453536,1.8156658755666668,0.24206621219724656,2.68193,ok,5861182888,1,4.58929,ok,5861186886,1,3.4844,ok,5861190886,1,4.78456,ok,5861194886,1
2026-09-06T08:10:23.295956+00:00,44.292253816,247626,5861201150,5861218020,15,True,15,1.2341,1.82386,1.94803234246412,1.871973249034517,1.2341005083066667,1.823858254607409,0.23876462076927046,2.71814,ok,5861205888,1,4.5815,ok,5861209886,1,3.48804,ok,5861213886,1,4.78954,ok,5861217886,1
2026-09-06T08:10:23.317911+00:00,44.314208744,247627,5861223414,5861240020,15,True,15,1.19503,1.82034,1.915093573450287,1.8694389886112999,1.1950301508833336,1.8203421857814823,0.2578359719947206,2.66251,ok,5861227888,1,4.60776,ok,5861231886,1,3.47112,ok,5861235886,1,4.78673,ok,5861239886,1
2026-09-06T08:10:23.339923+00:00,44.336220185,247628,5861245668,5861262020,15,True,15,1.20337,1.85876,1.9244333615907985,1.906129968986063,1.203371693973334,1.858762359125926,0.28026251020741433,2.74304,ok,5861249888,1,4.6426,ok,5861253886,1,3.47974,ok,5861257886,1,4.79046,ok,5861261886,1
2026-09-06T08:10:23.361930+00:00,44.358226666,247629,5861267922,5861284019,15,True,15,1.19927,1.83604,1.9196011492827734,1.8844051417725125,1.1992712785999997,1.8360353367111122,0.26611506967624476,2.70674,ok,5861271888,1,4.62688,ok,5861275886,1,3.4823,ok,5861279886,1,4.79428,ok,5861283886,1
2026-09-06T08:10:23.383936+00:00,44.380232923,247630,5861290175,5861306020,15,True,15,1.23365,1.8655,1.9500396270439138,1.9118675494147168,1.2336506280200001,1.8655017749555558,0.2708347586067802,2.76318,ok,5861293888,1,4.59937,ok,5861297886,1,3.45705,ok,5861301886,1,4.78577,ok,5861305886,1
2026-09-06T08:10:23.434937+00:00,44.431234618,247631,5861340079,5861357019,15,True,15,1.2176,1.81042,1.9335635963400672,1.8595093274780548,1.2176015045233344,1.8104151272481481,0.23810910743118774,2.66229,ok,5861344888,1,4.58395,ok,5861348886,1,3.48495,ok,5861352886,1,4.7715,ok,5861356886,1
2026-09-06T08:10:23.456928+00:00,44.453225418,247632,5861362345,5861379019,15,True,15,1.21439,1.8149,1.9311034159332203,1.8638652224894565,1.214383299696667,1.814901575051852,0.24301140810502808,2.6708,ok,5861366888,1,4.59141,ok,5861370886,1,3.48436,ok,5861374886,1,4.77635,ok,5861378886,1
2026-09-06T08:10:23.479469+00:00,44.47576593,247633,5861384601,5861401020,15,True,15,1.21205,1.82825,1.9299541853463673,1.876722411133682,1.2120498229833334,1.8282531891925935,0.25360277961882505,2.70043,ok,5861388888,1,4.61155,ok,5861392886,1,3.49036,ok,5861396886,1,4.78257,ok,5861400886,1
2026-09-06T08:10:23.500916+00:00,44.497213708,247634,5861406855,5861423019,15,True,15,1.21968,1.82791,1.9365138189274866,1.876319049141223,1.2196774728466673,1.8279088287740746,0.24919706426027224,2.69388,ok,5861410888,1,4.60773,ok,5861414886,1,3.49668,ok,5861418886,1,4.7632,ok,5861422886,1
2026-09-06T08:10:23.523879+00:00,44.520176183,247635,5861429111,5861446020,15,True,15,1.19216,1.81706,1.91252508312059,1.8663704304231397,1.1921609221599998,1.817062826044445,0.25735439273006355,2.66235,ok,5861433888,1,4.61407,ok,5861437886,1,3.47961,ok,5861441886,1,4.78955,ok,5861445886,1
2026-09-06T08:10:23.545930+00:00,44.542227529,247636,5861451373,5861468019,15,True,15,1.21033,1.84829,1.9296181987619774,1.8959308867171059,1.2103331996366673,1.8482927267962965,0.2689767090414859,2.72944,ok,5861455888,1,4.62383,ok,5861459886,1,3.47829,ok,5861463886,1,4.78838,ok,5861467886,1
2026-09-06T08:10:23.567933+00:00,44.56423001,247637,5861473636,5861490020,15,True,15,1.23518,1.80909,1.9481818393056478,1.8578535671657386,1.2351699114500003,1.8090907877444453,0.22747369530630782,2.68394,ok,5861477888,1,4.56911,ok,5861481886,1,3.49237,ok,5861485886,1,4.77442,ok,5861489886,1
2026-09-06T08:10:23.589930+00:00,44.586227339,247638,5861495889,5861512020,15,True,15,1.22425,1.83112,1.9403206163425368,1.8791987262126226,1.2242541917599994,1.8311223627888893,0.24916671209615746,2.70632,ok,5861499888,1,4.59482,ok,5861503886,1,3.48207,ok,5861507886,1,4.77711,ok,5861511886,1
2026-09-06T08:10:23.611943+00:00,44.608240572,247639,5861518142,5861534020,15,True,15,1.20935,1.80991,1.9266454171996008,1.8592124999017894,1.2093497937333335,1.8099090872592591,0.2424909067221724,2.66823,ok,5861521888,1,4.60127,ok,5861525886,1,3.49657,ok,5861529886,1,4.77923,ok,5861533886,1
2026-09-06T08:10:23.634884+00:00,44.631181798,247640,5861540397,5861557020,15,True,15,1.23451,1.81388,1.9478789717003162,1.8624441687298718,1.2345166101033338,1.8138840685592597,0.23126664564630467,2.6972,ok,5861544888,1,4.57497,ok,5861548886,1,3.49293,ok,5861552886,1,4.7806,ok,5861556886,1
2026-09-06T08:10:23.656918+00:00,44.653214968,247641,5861562661,5861579019,15,True,15,1.19047,1.83578,1.912158530873584,1.8843235420783593,1.190466120436667,1.8357788004851856,0.2708794897892585,2.67356,ok,5861566888,1,4.61765,ok,5861570886,1,3.45765,ok,5861574886,1,4.78454,ok,5861578886,1
2026-09-06T08:10:23.678939+00:00,44.67523617,247642,5861584917,5861601020,15,True,15,1.20448,1.85108,1.924874872712626,1.8987284747295972,1.204475309263334,1.8510805358037046,0.2740592149868482,2.7325,ok,5861588888,1,4.63395,ok,5861592886,1,3.47973,ok,5861596886,1,4.7917,ok,5861600886,1
2026-09-06T08:10:23.700919+00:00,44.697216314,247643,5861607172,5861623019,15,True,15,1.20118,1.82963,1.920927719133684,1.8782739522534153,1.2011779119666672,1.8296288361851858,0.26057243963920673,2.67755,ok,5861610888,1,4.61424,ok,5861614886,1,3.47654,ok,5861618886,1,4.77568,ok,5861622886,1
2026-09-06T08:10:23.723926+00:00,44.720223622,247644,5861629425,5861646019,15,True,15,1.21031,1.85234,1.9299275940388765,1.8998522262467727,1.210311157383333,1.852338884292593,0.27195252625383876,2.73168,ok,5861633888,1,4.62997,ok,5861637886,1,3.48119,ok,5861641886,1,4.78124,ok,5861645886,1
2026-09-06T08:10:23.751970+00:00,44.748263898,247645,5861657592,5861674020,15,True,15,1.23837,1.82439,1.9515742365219857,1.872358065102801,1.2383639188233337,1.8243849816259265,0.23698801067683684,2.71254,ok,5861661888,1,4.56805,ok,5861665886,1,3.47581,ok,5861669886,1,4.78664,ok,5861673886,1
2026-09-06T08:10:23.773925+00:00,44.77022209,247646,5861679859,5861696020,15,True,15,1.2187,1.8065,1.9341967142592473,1.8556992226008173,1.2187030212800003,1.8064938764444447,0.23482947146843847,2.66437,ok,5861683887,1,4.58051,ok,5861687886,1,3.48707,ok,5861691886,1,4.77851,ok,5861695886,1
2026-09-06T08:10:23.805937+00:00,44.80223444,247647,5861702117,5861728019,15,True,15,1.24083,1.82558,1.9537685015564146,1.8734801337059577,1.2408233872066665,1.8255790908407412,0.23662963319723898,2.71635,ok,5861705888,1,4.57028,ok,5861719886,2,3.48073,ok,5861723886,1,4.78257,ok,5861727886,1
2026-09-06T08:10:23.822925+00:00,44.819222514,247648,5861728691,5861745020,15,True,15,1.2265,1.81423,1.9411819601731872,1.8629534024999614,1.2264960066633335,1.8142354568259265,0.23583629166056633,2.68944,ok,5861732891,1,4.58248,ok,5861736886,1,3.49084,ok,5861740886,1,4.78111,ok,5861744886,1
2026-09-06T08:10:23.844959+00:00,44.841256516,247649,5861750945,5861767020,15,True,15,1.23423,1.81689,1.9477583270829366,1.8653089719469442,1.2342280668899996,1.8168941191777779,0.23360673919704925,2.70105,ok,5861754888,1,4.57389,ok,5861758886,1,3.48722,ok,5861762886,1,4.78375,ok,5861766886,1
2026-09-06T08:10:23.867933+00:00,44.864230159,247650,5861773199,5861790019,15,True,15,1.2306,1.82147,1.9451597192517833,1.8698541183857629,1.2306057352300006,1.8214727000000006,0.23879550497288987,2.68948,ok,5861777888,1,4.58189,ok,5861781886,1,3.48662,ok,5861785886,1,4.76629,ok,5861789886,1
2026-09-06T08:10:23.889953+00:00,44.886250049,247651,5861795462,5861812020,15,True,15,1.24266,1.82485,1.9553966850097177,1.8728066311329394,1.2426605283966672,1.824852246662964,0.2351434656017609,2.71056,ok,5861799888,1,4.57212,ok,5861803886,1,3.48672,ok,5861807886,1,4.77107,ok,5861811886,1
2026-09-06T08:10:23.911943+00:00,44.908240593,247652,5861817719,5861834019,15,True,15,1.22515,1.80986,1.9399070836703645,1.8588418904711572,1.2251444462666667,1.8098590030851858,0.2334787042101107,2.66846,ok,5861821888,1,4.57974,ok,5861825886,1,3.49095,ok,5861829886,1,4.76715,ok,5861833886,1
2026-09-06T08:10:23.952815+00:00,44.949112063,247653,5861858668,5861875019,15,True,15,1.2285,1.82378,1.9434682485546928,1.8720795024648953,1.228497654640001,1.8237775051888896,0.24159074785428142,2.69682,ok,5861862888,1,4.58538,ok,5861866886,1,3.48521,ok,5861870886,1,4.77347,ok,5861874886,1
2026-09-06T08:10:23.974893+00:00,44.97119029,247654,5861880934,5861897020,15,True,15,1.21905,1.82197,1.9354719528108153,1.8705651489626407,1.2190501170299997,1.8219745438111115,0.24534464201864348,2.68365,ok,5861884888,1,4.59351,ok,5861888886,1,3.48469,ok,5861892886,1,4.7723,ok,5861896886,1
2026-09-06T08:10:23.996938+00:00,44.993235524,247655,5861903191,5861919019,15,True,15,1.19529,1.84193,1.9167186936548013,1.890188268949318,1.1952932945299997,1.8419288209444453,0.2724069006699525,2.69516,ok,5861906888,1,4.63136,ok,5861910886,1,3.47492,ok,5861914886,1,4.77965,ok,5861918886,1
2026-09-06T08:10:24.020012+00:00,45.016306674,247656,5861925445,5861942020,15,True,15,1.21192,1.83191,1.9300214878322008,1.8802178114412693,1.2119125849466668,1.8319131580296302,0.25628167389369516,2.7034,ok,5861929888,1,4.61102,ok,5861933886,1,3.48474,ok,5861937886,1,4.78328,ok,5861941886,1
2026-09-06T08:10:24.041948+00:00,45.038244961,247657,5861947697,5861964020,15,True,15,1.18747,1.83044,1.909445357220813,1.8793268336647906,1.187470457386667,1.8304443932407413,0.26894454009693314,2.68269,ok,5861951888,1,4.63467,ok,5861955886,1,3.48294,ok,5861959886,1,4.78958,ok,5861963886,1
2026-09-06T08:10:24.063962+00:00,45.060258578,247658,5861969949,5861986020,15,True,15,1.22009,1.83167,1.9367948337096315,1.8797836298262987,1.2200922574633335,1.8316750689037042,0.2517644171137593,2.71583,ok,5861973888,1,4.60228,ok,5861977886,1,3.48523,ok,5861981886,1,4.7889,ok,5861985886,1
2026-09-06T08:10:24.091808+00:00,45.088105185,247659,5861997575,5862014020,15,True,15,1.18692,1.82009,1.9084566221174075,1.8694526182498443,1.1869208842833328,1.8200905647592605,0.2623933928564951,2.65395,ok,5862001888,1,4.62514,ok,5862005886,1,3.48286,ok,5862009886,1,4.77763,ok,5862013886,1
2026-09-06T08:10:24.113937+00:00,45.110234165,247660,5862019836,5862036020,15,True,15,1.21575,1.84627,1.9342656561447171,1.8939829179417194,1.2157511797900005,1.8462688776000011,0.26465425563721445,2.71546,ok,5862023887,1,4.62137,ok,5862027886,1,3.48542,ok,5862031886,1,4.76539,ok,5862035886,1
2026-09-06T08:10:24.135951+00:00,45.132248166,247661,5862042090,5862058019,15,True,15,1.2356,1.81732,1.9490529205509934,1.8657429956079472,1.2356020575699997,1.8173189937444458,0.23316633466823303,2.6854,ok,5862045888,1,4.56968,ok,5862049886,1,3.48312,ok,5862053886,1,4.76685,ok,5862057886,1
2026-09-06T08:10:24.158938+00:00,45.155234962,247662,5862064343,5862081020,15,True,15,1.22232,1.83072,1.9386601944475514,1.8788506892284191,1.2223250349133334,1.8307265592703703,0.24989064278453935,2.70951,ok,5862068887,1,4.59838,ok,5862072886,1,3.48451,ok,5862076886,1,4.78171,ok,5862080886,1
2026-09-06T08:10:24.180926+00:00,45.177223298,247663,5862086595,5862103020,15,True,15,1.22566,1.80663,1.9400088140186802,1.8556668043387905,1.2256636069666673,1.8066288789296305,0.2309895712336073,2.67503,ok,5862090888,1,4.57464,ok,5862094886,1,3.48917,ok,5862098886,1,4.78135,ok,5862102886,1
2026-09-06T08:10:24.203068+00:00,45.199362807,247664,5862108852,5862125019,15,True,15,1.21804,1.82074,1.9344849332216765,1.8693688625625335,1.2180425094933334,1.8207386869925932,0.24504183745494182,2.68985,ok,5862112888,1,4.59461,ok,5862116886,1,3.48629,ok,5862120886,1,4.78149,ok,5862124886,1
2026-09-06T08:10:24.224969+00:00,45.221266117,247665,5862131112,5862147020,15,True,15,1.23153,1.81396,1.9454507067139348,1.862614205857753,1.2315307215899998,1.813960841722223,0.23290007808190763,2.70779,ok,5862134888,1,4.5898,ok,5862138886,1,3.50798,ok,5862142886,1,4.78453,ok,5862146886,1
2026-09-06T08:10:24.247958+00:00,45.244254961,247666,5862153369,5862170020,15,True,15,1.20336,1.81703,1.9220891231098787,1.8661823348368283,1.2033572992233335,1.817024369892593,0.2507148268118627,2.66588,ok,5862157888,1,4.61057,ok,5862161886,1,3.49109,ok,5862165886,1,4.77348,ok,5862169886,1
2026-09-06T08:10:24.269923+00:00,45.266221057,247667,5862175629,5862192020,15,True,15,1.21804,1.83369,1.9352962074853697,1.8818107608630297,1.2180417584266674,1.8336945156629636,0.25428497127932026,2.72246,ok,5862179888,1,4.61496,ok,5862183886,1,3.49643,ok,5862187886,1,4.78661,ok,5862191886,1
2026-09-06T08:10:24.291930+00:00,45.288226482,247668,5862197882,5862214019,15,True,15,1.22644,1.81856,1.9414346807099967,1.8671287530465195,1.226429890916667,1.818563606940741,0.23893267736432763,2.68183,ok,5862201888,1,4.58073,ok,5862205886,1,3.48286,ok,5862209886,1,4.77029,ok,5862213886,1
2026-09-06T08:10:24.314973+00:00,45.311269983,247669,5862220138,5862237019,15,True,15,1.20937,1.82996,1.9278748262371308,1.8784434020761858,1.2093720839900008,1.829957395011111,0.2562505722827,2.70965,ok,5862224888,1,4.62449,ok,5862228886,1,3.50143,ok,5862232886,1,4.7845,ok,5862236886,1
2026-09-06T08:10:24.336960+00:00,45.333257424,247670,5862242399,5862259020,15,True,15,1.19911,1.81164,1.9181049162056332,1.8610615854814734,1.1991049600000012,1.811638933166667,0.2496622069311598,2.66555,ok,5862246888,1,4.61119,ok,5862250886,1,3.49276,ok,5862254886,1,4.78648,ok,5862258886,1
2026-09-06T08:10:24.358950+00:00,45.355246816,247671,5862264654,5862281020,15,True,15,1.22305,1.86876,1.941290588087079,1.9151926063853868,1.2230430962633332,1.868760730248149,0.27826255818891316,2.74796,ok,5862268888,1,4.60239,ok,5862272886,1,3.44145,ok,5862276886,1,4.78444,ok,5862280886,1
2026-09-06T08:10:24.380959+00:00,45.37725621,247672,5862286908,5862303019,15,True,15,1.20649,1.84337,1.9260626502461198,1.891273482930834,1.2064861841533332,1.843369117737038,0.2674171633124012,2.71176,ok,5862290888,1,4.61725,ok,5862294886,1,3.47038,ok,5862298886,1,4.7873,ok,5862302886,1
2026-09-06T08:10:24.402936+00:00,45.399233218,247673,5862309162,5862325020,15,True,15,1.20628,1.81078,1.9239115575083854,1.8600097360124748,1.206282983143333,1.8107790707370377,0.24492626602422862,2.68356,ok,5862312888,1,4.60174,ok,5862316886,1,3.49168,ok,5862320886,1,4.80149,ok,5862324886,1
2026-09-06T08:10:24.452969+00:00,45.449266662,247674,5862358825,5862375020,15,True,15,1.22688,1.81366,1.9414426636150899,1.8623834532807353,1.2268766227733334,1.8136613965814818,0.23522968822915502,2.69236,ok,5862362888,1,4.58224,ok,5862366886,1,3.49181,ok,5862370886,1,4.78437,ok,5862374886,1
2026-09-06T08:10:24.474960+00:00,45.471256407,247675,5862381091,5862397020,15,True,15,1.2061,1.82479,1.9249225403285357,1.8736055203425452,1.2061027173500003,1.8247923589333337,0.25442811401001186,2.68726,ok,5862384888,1,4.62237,ok,5862388886,1,3.5006,ok,5862392886,1,4.77297,ok,5862396886,1
2026-09-06T08:10:24.497937+00:00,45.494234402,247676,5862403346,5862420020,15,True,15,1.23207,1.81371,1.945886604468368,1.8623625394251269,1.232065599536666,1.8137089290851864,0.23243228381022618,2.69077,ok,5862407888,1,4.57917,ok,5862411886,1,3.49515,ok,5862415886,1,4.77462,ok,5862419886,1
2026-09-06T08:10:24.519980+00:00,45.516277108,247677,5862425599,5862442020,15,True,15,1.20287,1.83122,1.922503728183638,1.8797903397319216,1.2028732737033332,1.8312179428148152,0.2607128322936508,2.69271,ok,5862429888,1,4.62402,ok,5862433886,1,3.48989,ok,5862437886,1,4.77822,ok,5862441886,1
2026-09-06T08:10:24.541902+00:00,45.538199523,247678,5862447855,5862464020,15,True,15,1.22431,1.81427,1.9393867864204792,1.8630536091904155,1.2243136905533345,1.8142761009814818,0.2370505514492377,2.67044,ok,5862451888,1,4.57647,ok,5862455886,1,3.47976,ok,5862459886,1,4.77008,ok,5862463886,1
2026-09-06T08:10:24.564819+00:00,45.561115757,247679,5862470120,5862486020,15,True,15,1.24377,1.8172,1.9559880414534754,1.865502108574736,1.24377118485,1.8172014701000003,0.22884544417389782,2.69386,ok,5862473888,1,4.56832,ok,5862477886,1,3.4932,ok,5862481886,1,4.76067,ok,5862485886,1
2026-09-06T08:10:24.586972+00:00,45.583269026,247680,5862492377,5862509020,15,True,15,1.22318,1.81327,1.938359825044949,1.862109029982852,1.2231790293233331,1.8132739236148154,0.23697772355580968,2.688,ok,5862496888,1,4.58753,ok,5862500886,1,3.49396,ok,5862504886,1,4.78249,ok,5862508886,1
2026-09-06T08:10:24.608936+00:00,45.605233746,247681,5862514638,5862531020,15,True,15,1.24502,1.81873,1.9568507797921644,1.8668052540973081,1.2450162177766666,1.81872221832963,0.22940121577776032,2.72605,ok,5862518888,1,4.56909,ok,5862522886,1,3.49403,ok,5862526886,1,4.79242,ok,5862530886,1
2026-09-06T08:10:24.630946+00:00,45.627243363,247682,5862536890,5862553020,15,True,15,1.20962,1.80545,1.9264372378851982,1.8548425298696563,1.2096248331200004,1.8054430741777778,0.2394215683722853,2.6647,ok,5862540888,1,4.5889,ok,5862544886,1,3.48644,ok,5862548886,1,4.7908,ok,5862552886,1
2026-09-06T08:10:24.653958+00:00,45.650255087,247683,5862559146,5862576020,15,True,15,1.23545,1.82347,1.9493653648469547,1.8716798457487345,1.2354497162600007,1.8234707595777777,0.23773780488363394,2.69882,ok,5862563888,1,4.58165,ok,5862567886,1,3.49067,ok,5862571886,1,4.76503,ok,5862575886,1
2026-09-06T08:10:24.675960+00:00,45.672256832,247684,5862581410,5862598020,15,True,15,1.18562,1.81775,1.9071359540564825,1.8671957011788696,1.1856157467366673,1.817751153607408,0.2616896823313473,2.66462,ok,5862585888,1,4.6282,ok,5862589886,1,3.48807,ok,5862593886,1,4.79146,ok,5862597886,1
2026-09-06T08:10:24.697956+00:00,45.694253425,247685,5862603667,5862620019,15,True,15,1.19789,1.8734,1.920540866291508,1.9201984236158016,1.1978956683733335,1.873399581803704,0.2939586377447491,2.73229,ok,5862607888,1,4.63251,ok,5862611886,1,3.43926,ok,5862615886,1,4.78562,ok,5862619886,1
2026-09-06T08:10:24.719941+00:00,45.716238049,247686,5862625921,5862642019,15,True,15,1.19699,1.82669,1.91723927808064,1.875539962517488,1.1969845996100004,1.8266839806777788,0.260925552561337,2.66852,ok,5862629888,1,4.61552,ok,5862633886,1,3.47602,ok,5862637886,1,4.77589,ok,5862641886,1
2026-09-06T08:10:24.742077+00:00,45.738372982,247687,5862648174,5862664019,15,True,15,1.22342,1.83973,1.9401272076573417,1.887470668987981,1.2234154756033333,1.839732278370371,0.2559412674324052,2.73708,ok,5862651888,1,4.61323,ok,5862655886,1,3.49406,ok,5862659886,1,4.78805,ok,5862663886,1
2026-09-06T08:10:24.769950+00:00,45.766247461,247688,5862675593,5862692019,15,True,15,1.2267,1.81906,1.9416589402142497,1.8675812205388096,1.2266978237433332,1.81905606815926,0.2391480384974735,2.697,ok,5862679888,1,4.58741,ok,5862683886,1,3.49139,ok,5862687886,1,4.77994,ok,5862691886,1
2026-09-06T08:10:24.792001+00:00,45.788296791,247689,5862697858,5862714020,15,True,15,1.23678,1.827,1.950467940755754,1.8749289022774298,1.2367829178099998,1.8269999680666675,0.23972165630168576,2.70899,ok,5862701887,1,4.57183,ok,5862705886,1,3.47512,ok,5862709886,1,4.77985,ok,5862713886,1
2026-09-06T08:10:24.813981+00:00,45.810278856,247690,5862720112,5862736019,15,True,15,1.23928,1.80435,1.9512975861483215,1.8532044874810765,1.2392782314133337,1.8043556769037032,0.2218967194256478,2.69658,ok,5862723888,1,4.56818,ok,5862727886,1,3.50312,ok,5862731886,1,4.7854,ok,5862735886,1
2026-09-06T08:10:24.836950+00:00,45.833247731,247691,5862742365,5862759019,15,True,15,1.22422,1.81825,1.939552858936682,1.8668642440088277,1.2242258324000006,1.8182467026666667,0.23990120454703137,2.68121,ok,5862746887,1,4.58271,ok,5862750886,1,3.48271,ok,5862754886,1,4.77261,ok,5862758886,1
2026-09-06T08:10:24.858933+00:00,45.855230211,247692,5862764625,5862781020,15,True,15,1.24246,1.82338,1.9551477224402085,1.871403832148081,1.2424592866666664,1.8233811843296301,0.23413791603248246,2.70452,ok,5862768888,1,4.56942,ok,5862772886,1,3.48479,ok,5862776886,1,4.76861,ok,5862780886,1
2026-09-06T08:10:24.880963+00:00,45.877259893,247693,5862786881,5862803019,15,True,15,1.21917,1.81741,1.9356260842280772,1.8663371440150103,1.2191636143500002,1.8174039013333334,0.24197693507941487,2.67426,ok,5862790888,1,4.60811,ok,5862794886,1,3.50994,ok,5862798886,1,4.75171,ok,5862802886,1
2026-09-06T08:10:24.902970+00:00,45.899267014,247694,5862809144,5862825020,15,True,15,1.21829,1.83993,1.93596472764151,1.8878250347630177,1.2182845330933338,1.8399257969370375,0.2586853498070652,2.69752,ok,5862812888,1,4.60496,ok,5862816886,1,3.47551,ok,5862820886,1,4.76157,ok,5862824886,1
2026-09-06T08:10:24.925948+00:00,45.922244881,247695,5862831401,5862848020,15,True,15,1.20808,1.81453,1.9258332223565293,1.863655953440037,1.208087252063334,1.8145296966592592,0.2463335951830561,2.67069,ok,5862835888,1,4.60237,ok,5862839886,1,3.49026,ok,5862843886,1,4.77921,ok,5862847886,1
2026-09-06T08:10:24.964756+00:00,45.961052903,247696,5862870800,5862887020,15,True,15,1.22459,1.81118,1.939431067233062,1.860077646225679,1.224588711516667,1.8111794175074074,0.23473168125490748,2.68358,ok,5862874888,1,4.58393,ok,5862878886,1,3.49395,ok,5862882886,1,4.78,ok,5862886886,1
2026-09-06T08:10:24.987966+00:00,45.984263897,247697,5862893066,5862910019,15,True,15,1.23003,1.83406,1.9454475793801045,1.881948294537754,1.230033423816667,1.834064450507408,0.24835159748585994,2.71493,ok,5862897888,1,4.59758,ok,5862901886,1,3.4902,ok,5862905886,1,4.76935,ok,5862909886,1
2026-09-06T08:10:25.010645+00:00,46.006912123,247698,5862915323,5862932019,15,True,15,1.21288,1.8099,1.929392288685595,1.8590322828746735,1.2128806688466671,1.8099041744518523,0.24051485452039825,2.67226,ok,5862919888,1,4.58571,ok,5862923886,1,3.48115,ok,5862927886,1,4.79129,ok,5862931886,1
2026-09-06T08:10:25.031965+00:00,46.028262555,247699,5862937577,5862954020,15,True,15,1.2109,1.84507,1.9300046205802426,1.8928779914894955,1.2108947981866667,1.8450679854962966,0.2662997572215826,2.71292,ok,5862941888,1,4.62,ok,5862945886,1,3.47818,ok,5862949886,1,4.77514,ok,5862953886,1
2026-09-06T08:10:25.063985+00:00,46.06028265,247700,5862959829,5862986020,15,True,15,1.21858,1.81967,1.934911840008566,1.868347047704212,1.2185769360666665,1.819663592251853,0.24398144959898335,2.68838,ok,5862973888,2,4.59564,ok,5862977886,1,3.4898,ok,5862981886,1,4.77874,ok,5862985886,1
2026-09-06T08:10:25.080959+00:00,46.077256323,247701,5862986694,5863003020,15,True,15,1.22395,1.8761,1.9426662819203213,1.9222947607105962,1.2239541773266673,1.8761013345407407,0.2835735804883581,2.76,ok,5862990892,1,4.61799,ok,5862994886,1,3.45405,ok,5862998886,1,4.77445,ok,5863002886,1
2026-09-06T08:10:25.108962+00:00,46.105259222,247702,5863014580,5863031019,15,True,15,1.24171,1.8335,1.9551047054913568,1.8811155983284262,1.2417118684466666,1.8335027109074082,0.2421656961082111,2.73014,ok,5863018888,1,4.58361,ok,5863022886,1,3.48928,ok,5863026886,1,4.7762,ok,5863030886,1
2026-09-06T08:10:25.130983+00:00,46.127279335,247703,5863036843,5863053020,15,True,15,1.19623,1.82508,1.9165524252043094,1.8740385427341184,1.1962296418666667,1.8250809755296304,0.26025951907449413,2.67554,ok,5863040887,1,4.6233,ok,5863044886,1,3.48733,ok,5863048886,1,4.77931,ok,5863052886,1
2026-09-06T08:10:25.152955+00:00,46.149252696,247704,5863059098,5863075020,15,True,15,1.21386,1.84825,1.9326663128573902,1.895865034861795,1.21385925368,1.8482551061333339,0.2671172072064481,2.72469,ok,5863062888,1,4.62153,ok,5863066886,1,3.48035,ok,5863070886,1,4.77785,ok,5863074886,1
2026-09-06T08:10:25.175968+00:00,46.17226522,247705,5863081352,5863098019,15,True,15,1.20305,1.82122,1.9222956495892456,1.87031352388047,1.2030562824366673,1.8212229624074083,0.2536611647818706,2.66341,ok,5863085887,1,4.62163,ok,5863089886,1,3.49986,ok,5863093886,1,4.75667,ok,5863097886,1
2026-09-06T08:10:25.197964+00:00,46.194261461,247706,5863103611,5863120019,15,True,15,1.21095,1.84197,1.9301082994848298,1.8900248137747946,1.2109487317033343,1.8419735671703705,0.2639616985374394,2.69631,ok,5863107888,1,4.62494,ok,5863111886,1,3.48881,ok,5863115886,1,4.7543,ok,5863119886,1
2026-09-06T08:10:25.219759+00:00,46.216056576,247707,5863125869,5863142019,15,True,15,1.21794,1.82243,1.934726110087698,1.8710947849387252,1.2179423853266673,1.8224254048518527,0.24622590789613363,2.67611,ok,5863129888,1,4.60002,ok,5863133886,1,3.4911,ok,5863137886,1,4.75944,ok,5863141886,1
2026-09-06T08:10:25.241965+00:00,46.238262679,247708,5863148130,5863164020,15,True,15,1.24121,1.82593,1.9543863784308897,1.8739406256527231,1.2412068111300003,1.8259316304555566,0.23665168631061884,2.70256,ok,5863151888,1,4.57808,ok,5863155886,1,3.49106,ok,5863159886,1,4.75829,ok,5863163886,1
2026-09-06T08:10:25.264971+00:00,46.261268611,247709,5863170385,5863187019,15,True,15,1.24392,1.8224,1.9562680375734642,1.8704083038159955,1.243926773200001,1.8224007503444448,0.23267909217748126,2.71774,ok,5863174888,1,4.5721,ok,5863178886,1,3.49167,ok,5863182886,1,4.77891,ok,5863186886,1
2026-09-06T08:10:25.286996+00:00,46.283293556,247710,5863192641,5863209019,15,True,15,1.2224,1.81007,1.9374794251820127,1.8590342366192976,1.2224045630999996,1.810070064722223,0.23519307733150627,2.67931,ok,5863196888,1,4.58146,ok,5863200886,1,3.48901,ok,5863204886,1,4.78319,ok,5863208886,1
2026-09-06T08:10:25.309031+00:00,46.305325862,247711,5863214894,5863231020,15,True,15,1.22233,1.82554,1.9383306457578333,1.8738657301632557,1.2223213870500007,1.8255362078000001,0.24614531144827462,2.71401,ok,5863218888,1,4.60049,ok,5863222886,1,3.49398,ok,5863226886,1,4.78967,ok,5863230886,1
2026-09-06T08:10:25.331847+00:00,46.328143789,247712,5863237152,5863254019,15,True,15,1.24167,1.83399,1.9552958394923776,1.881682221941126,1.2416659965200003,1.8339935957000006,0.2425302651323601,2.71167,ok,5863241888,1,4.58469,ok,5863245886,1,3.49,ok,5863249886,1,4.7537,ok,5863253886,1
2026-09-06T08:10:25.353960+00:00,46.350256961,247713,5863259411,5863276020,15,True,15,1.21153,1.82947,1.9298469632320432,1.8780217165759272,1.2115334044333335,1.8294717344703715,0.25467939732470574,2.69913,ok,5863263888,1,4.6265,ok,5863267886,1,3.50779,ok,5863271886,1,4.76657,ok,5863275886,1
2026-09-06T08:10:25.375976+00:00,46.372272786,247714,5863281668,5863298020,15,True,15,1.23254,1.84275,1.9481381641816804,1.8902609257221994,1.2325382466033337,1.8427527436925932,0.25364234139295455,2.73077,ok,5863285888,1,4.60686,ok,5863289886,1,3.49482,ok,5863293886,1,4.76503,ok,5863297886,1
2026-09-06T08:10:25.398034+00:00,46.394328581,247715,5863303922,5863320019,15,True,15,1.22211,1.80483,1.937135751806605,1.8541217402229018,1.2221082979500002,1.804833185511111,0.23170209061202604,2.67704,ok,5863307888,1,4.59405,ok,5863311886,1,3.51182,ok,5863315886,1,4.77411,ok,5863319886,1
2026-09-06T08:10:25.419963+00:00,46.416260756,247716,5863326175,5863342019,15,True,15,1.23983,1.85355,1.9547055083342697,1.9003704043023342,1.2398292166833336,1.8535495664814818,0.2585879242491083,2.75586,ok,5863329888,1,4.59894,ok,5863333886,1,3.48089,ok,5863337886,1,4.77606,ok,5863341886,1
2026-09-06T08:10:25.471847+00:00,46.468144234,247717,5863377679,5863394020,15,True,15,1.23923,1.8255,1.952466043243607,1.8734566111729611,1.2392256711166671,1.8254987172407415,0.23736269645332994,2.71968,ok,5863381888,1,4.57712,ok,5863385886,1,3.48752,ok,5863389886,1,4.78323,ok,5863393886,1
2026-09-06T08:10:25.493966+00:00,46.490263806,247718,5863399945,5863416020,15,True,15,1.22586,1.80636,1.9401814876958843,1.8554180405268872,1.2258682650933326,1.8063656563259267,0.2306882649189401,2.67398,ok,5863403888,1,4.57476,ok,5863407886,1,3.48996,ok,5863411886,1,4.77988,ok,5863415886,1
2026-09-06T08:10:25.525969+00:00,46.522265437,247719,5863422200,5863448020,15,True,15,1.22282,1.82628,1.9389203047840888,1.8746306018561043,1.2228182006933332,1.826281178781482,0.24638617145733238,2.71825,ok,5863425888,1,4.60989,ok,5863429886,1,3.5061,ok,5863443886,2,4.7837,ok,5863447886,1
2026-09-06T08:10:25.543852+00:00,46.540149631,247720,5863449038,5863466019,15,True,15,1.22998,1.79825,1.9431923816463523,1.847573497195058,1.2299802470299999,1.7982519297777784,0.2227854433504405,2.65696,ok,5863453888,1,4.56239,ok,5863457886,1,3.49012,ok,5863461886,1,4.77175,ok,5863465886,1
2026-09-06T08:10:25.566040+00:00,46.562335445,247721,5863471300,5863488019,15,True,15,1.23584,1.84381,1.950797035264741,1.8911242567638733,1.23584019776,1.8438110460111121,0.25288518577643815,2.73055,ok,5863475888,1,4.59151,ok,5863479886,1,3.47794,ok,5863483886,1,4.77166,ok,5863487886,1
2026-09-06T08:10:25.587986+00:00,46.584283684,247722,5863493556,5863510020,15,True,15,1.19166,1.81879,1.9126050836228878,1.8682251435520876,1.19165784281,1.8187888227333335,0.2586458215816497,2.65707,ok,5863497888,1,4.63533,ok,5863501886,1,3.50482,ok,5863505886,1,4.76251,ok,5863509886,1
2026-09-06T08:10:25.609987+00:00,46.606284277,247723,5863515811,5863532020,15,True,15,1.2192,1.82857,1.9360456764888585,1.8769134332727502,1.2191978715633336,1.828570286892593,0.2499536635679402,2.68893,ok,5863519888,1,4.59917,ok,5863523886,1,3.48385,ok,5863527886,1,4.76626,ok,5863531886,1
2026-09-06T08:10:25.631993+00:00,46.628289735,247724,5863538064,5863554020,15,True,15,1.23719,1.83967,1.9518102980687535,1.887180001187723,1.2371972111766667,1.8396669206518523,0.24903804249951791,2.72212,ok,5863541888,1,4.59225,ok,5863545886,1,3.48622,ok,5863549886,1,4.76237,ok,5863553886,1
2026-09-06T08:10:25.654753+00:00,46.651050476,247725,5863560320,5863577020,15,True,15,1.21284,1.81887,1.9300158097279967,1.8676865292275175,1.21283726915,1.8188664528888896,0.2466194931274905,2.6814,ok,5863564888,1,4.59781,ok,5863568886,1,3.48546,ok,5863572886,1,4.78157,ok,5863576886,1
2026-09-06T08:10:25.676969+00:00,46.673266211,247726,5863582583,5863599020,15,True,15,1.23676,1.83341,1.9507923537971243,1.8810545908319987,1.2367593423566663,1.8334064574296305,0.24454389637847718,2.72687,ok,5863586888,1,4.57963,ok,5863590886,1,3.47706,ok,5863594886,1,4.78673,ok,5863598886,1
2026-09-06T08:10:25.698955+00:00,46.695252627,247727,5863604838,5863621019,15,True,15,1.2032,1.82587,1.9223368990745069,1.8746033995177345,1.2032015885966667,1.8258769558518524,0.25686844593256497,2.69253,ok,5863608888,1,4.61656,ok,5863612886,1,3.48737,ok,5863616886,1,4.78956,ok,5863620886,1
2026-09-06T08:10:25.720983+00:00,46.717280677,247728,5863627093,5863643020,15,True,15,1.24532,1.85031,1.9591692155017866,1.8971736850048515,1.2453142529400005,1.8503076225444453,0.25353718392181535,2.76175,ok,5863630888,1,4.59828,ok,5863634886,1,3.49207,ok,5863638886,1,4.77507,ok,5863642886,1
2026-09-06T08:10:25.743974+00:00,46.740271697,247729,5863649346,5863666020,15,True,15,1.21758,1.84558,1.9356672969796616,1.8932418688320638,1.2175734448833333,1.8455781458592597,0.26323122505613783,2.71578,ok,5863653888,1,4.61392,ok,5863657886,1,3.47905,ok,5863661886,1,4.7698,ok,5863665886,1
2026-09-06T08:10:25.771997+00:00,46.768294084,247730,5863677575,5863694019,15,True,15,1.19932,1.80779,1.9180647521204872,1.8573643867879763,1.1993185573866676,1.807782638596297,0.24702197303896742,2.66052,ok,5863681888,1,4.60896,ok,5863685886,1,3.49509,ok,5863689886,1,4.78621,ok,5863693886,1
2026-09-06T08:10:25.793976+00:00,46.790272724,247731,5863699841,5863716020,15,True,15,1.2368,1.82235,1.9501765896262389,1.8704545358165687,1.2368017651200005,1.8223489316888895,0.23627000719865793,2.70428,ok,5863703887,1,4.56764,ok,5863707886,1,3.47566,ok,5863711886,1,4.78286,ok,5863715886,1
2026-09-06T08:10:25.815977+00:00,46.812274629,247732,5863722097,5863738020,15,True,15,1.20858,1.82278,1.9266005805641317,1.8714925838913876,1.2085797455633336,1.822781135014815,0.25173156329189017,2.68014,ok,5863725888,1,4.59818,ok,5863729886,1,3.47477,ok,5863733886,1,4.78502,ok,5863737886,1
2026-09-06T08:10:25.839005+00:00,46.835301682,247733,5863744350,5863761020,15,True,15,1.23496,1.81592,1.948528396795434,1.8644612863580863,1.2349567767600003,1.81591871928889,0.23246543974997666,2.69428,ok,5863748887,1,4.58198,ok,5863752886,1,3.50012,ok,5863756886,1,4.76774,ok,5863760886,1
2026-09-06T08:10:25.860997+00:00,46.857294083,247734,5863766602,5863783020,15,True,15,1.23305,1.83559,1.948006140414918,1.8833200788174218,1.2330499307199998,1.8355918381333338,0.24799457778385112,2.71193,ok,5863770888,1,4.58759,ok,5863774886,1,3.47939,ok,5863778886,1,4.76779,ok,5863782886,1
2026-09-06T08:10:25.883010+00:00,46.879306964,247735,5863788858,5863805019,15,True,15,1.21349,1.83125,1.9315545853389355,1.879667182994222,1.213494102456667,1.8312518265518527,0.25489592658958826,2.68865,ok,5863792888,1,4.61487,ok,5863796886,1,3.49295,ok,5863800886,1,4.7602,ok,5863804886,1
2026-09-06T08:10:25.904975+00:00,46.90127226,247736,5863811121,5863827020,15,True,15,1.23463,1.83412,1.9492893100189599,1.8819040907343305,1.23462700176,1.834125934500001,0.24609908600032862,2.71769,ok,5863814888,1,4.59173,ok,5863818886,1,3.489,ok,5863822886,1,4.76844,ok,5863826886,1
2026-09-06T08:10:25.927991+00:00,46.92428872,247737,5863833378,5863850020,15,True,15,1.20119,1.83363,1.9212139981938618,1.882126804935123,1.2011914234900003,1.8336291632666668,0.2633324128909749,2.69657,ok,5863837888,1,4.62709,ok,5863841886,1,3.48844,ok,5863845886,1,4.78085,ok,5863849886,1
2026-09-06T08:10:25.949998+00:00,46.946295713,247738,5863855639,5863872020,15,True,15,1.22028,1.81459,1.9360738446813544,1.8634642823489491,1.2202728925266666,1.8145876570407418,0.23948361987617175,2.6866,ok,5863859888,1,4.59515,ok,5863863886,1,3.49812,ok,5863867886,1,4.77844,ok,5863871886,1
2026-09-06T08:10:25.990997+00:00,46.987294418,247739,5863896672,5863913020,15,True,15,1.22092,1.82811,1.93735974603425,1.8763788905382754,1.2209206402099995,1.8281013153444452,0.2487241761063299,2.71234,ok,5863900888,1,4.60433,ok,5863904886,1,3.49373,ok,5863908886,1,4.7846,ok,5863912886,1
2026-09-06T08:10:26.013009+00:00,47.00930666,247740,5863918936,5863935020,15,True,15,1.21647,1.84746,1.934770795688625,1.8950224255718557,1.216473717446667,1.8474535099740748,0.26519945205438644,2.7299,ok,5863922888,1,4.61853,ok,5863926886,1,3.48116,ok,5863930886,1,4.78198,ok,5863934886,1
2026-09-06T08:10:26.035061+00:00,47.031356278,247741,5863941190,5863957020,15,True,15,1.20638,1.8576,1.9267293996957415,1.904873021957479,1.2063824083966663,1.8575961636407414,0.2778941613780357,2.72364,ok,5863944888,1,4.61748,ok,5863948886,1,3.45204,ok,5863952886,1,4.78741,ok,5863956886,1
2026-09-06T08:10:26.057978+00:00,47.054275808,247742,5863963446,5863980020,15,True,15,1.20314,1.85035,1.9237343583573216,1.8980655759660792,1.20313738099,1.850347465333334,0.2742204569543807,2.72908,ok,5863967888,1,4.63541,ok,5863971886,1,3.4807,ok,5863975886,1,4.78987,ok,5863979886,1
2026-09-06T08:10:26.080000+00:00,47.076297745,247743,5863985699,5864002019,15,True,15,1.21351,1.82364,1.931003495216229,1.8723088686041693,1.2135119351433337,1.8236336961592603,0.2495247271860474,2.67546,ok,5863989888,1,4.60118,ok,5863993886,1,3.48472,ok,5863997886,1,4.76575,ok,5864001886,1
2026-09-06T08:10:26.101980+00:00,47.098277538,247744,5864007952,5864024020,15,True,15,1.23983,1.85129,1.9545211565693146,1.8981800742724753,1.2398286466233335,1.8512895988259264,0.25682106967080987,2.7612,ok,5864011888,1,4.59941,ok,5864015886,1,3.48443,ok,5864019886,1,4.7839,ok,5864023886,1
2026-09-06T08:10:26.130009+00:00,47.126306261,247745,5864035582,5864052020,15,True,15,1.19692,1.82707,1.9172277424670872,1.8759220438293391,1.196917729063333,1.827070348470371,0.26121963982687946,2.69134,ok,5864039888,1,4.63009,ok,5864043886,1,3.49475,ok,5864047886,1,4.78716,ok,5864051886,1
2026-09-06T08:10:26.151975+00:00,47.148272037,247746,5864057843,5864074020,15,True,15,1.21972,1.82878,1.9364479073531404,1.8770829522832397,1.2197178829766668,1.8287814186851854,0.24983981915801068,2.70399,ok,5864061887,1,4.60445,ok,5864065886,1,3.49129,ok,5864069886,1,4.7769,ok,5864073886,1
2026-09-06T08:10:26.173990+00:00,47.170286838,247747,5864080098,5864096019,15,True,15,1.23912,1.82002,1.9521482153952783,1.8682579014287,1.2391200104733335,1.8200268377259268,0.23333270659949215,2.70503,ok,5864083888,1,4.57492,ok,5864087886,1,3.49154,ok,5864091886,1,4.77408,ok,5864095886,1
2026-09-06T08:10:26.196971+00:00,47.19326781,247748,5864102352,5864119019,15,True,15,1.21745,1.83339,1.9348704108736838,1.8815765218227185,1.2174434536733343,1.8333906344814814,0.25435857283104213,2.68974,ok,5864106887,1,4.60225,ok,5864110886,1,3.47917,ok,5864114886,1,4.76333,ok,5864118886,1
2026-09-06T08:10:26.218996+00:00,47.215292339,247749,5864124611,5864141020,15,True,15,1.25452,1.82984,1.9657924416506936,1.8774091344818393,1.2545216197633333,1.829836799737038,0.23323353945769737,2.72403,ok,5864128888,1,4.5716,ok,5864132886,1,3.4966,ok,5864136886,1,4.75733,ok,5864140886,1
2026-09-06T08:10:26.240993+00:00,47.237289828,247750,5864146870,5864163019,15,True,15,1.21706,1.82813,1.934325275796849,1.8765787701793692,1.2170623438133341,1.8281266006259262,0.2507545266609566,2.67558,ok,5864150888,1,4.6003,ok,5864154886,1,3.48285,ok,5864158886,1,4.75503,ok,5864162886,1
2026-09-06T08:10:26.263008+00:00,47.259304918,247751,5864169130,5864185020,15,True,15,1.2213,1.83006,1.9379762766951298,1.8783275048687675,1.2213042963800005,1.8300536981888886,0.249889999069484,2.70797,ok,5864172888,1,4.61168,ok,5864176886,1,3.50145,ok,5864180886,1,4.76991,ok,5864184886,1
2026-09-06T08:10:26.285973+00:00,47.282270337,247752,5864191387,5864208020,15,True,15,1.21348,1.8207,1.9306418571139412,1.869421574924402,1.2134767767133339,1.8206995527037046,0.24753898834513804,2.68698,ok,5864195888,1,4.59881,ok,5864199886,1,3.48533,ok,5864203886,1,4.78381,ok,5864207886,1
2026-09-06T08:10:26.308062+00:00,47.304357332,247753,5864213642,5864230019,15,True,15,1.19673,1.8396,1.917749596333259,1.887907109538723,1.1967363612566666,1.8396014783740742,0.26999179202357576,2.69333,ok,5864217888,1,4.62603,ok,5864221886,1,3.47291,ok,5864225886,1,4.78192,ok,5864229886,1
2026-09-06T08:10:26.330002+00:00,47.326299523,247754,5864235895,5864252020,15,True,15,1.21314,1.84658,1.9320003101869154,1.8942967664760646,1.213139009226667,1.846585259796297,0.26624613819382975,2.73024,ok,5864239888,1,4.62822,ok,5864243886,1,3.49035,ok,5864247886,1,4.78079,ok,5864251886,1
2026-09-06T08:10:26.352993+00:00,47.349290543,247755,5864258153,5864275019,15,True,15,1.19927,1.83632,1.9199430804862345,1.884830927863964,1.1992703566333336,1.8363182940370377,0.2662237120996619,2.6814,ok,5864262888,1,4.63147,ok,5864266886,1,3.48803,ok,5864270886,1,4.76099,ok,5864274886,1
2026-09-06T08:10:26.374998+00:00,47.371294848,247756,5864280414,5864297020,15,True,15,1.22149,1.83806,1.9385159820461608,1.8859560620964915,1.221494218026667,1.8380614393518524,0.25566639828051885,2.70458,ok,5864284888,1,4.6029,ok,5864288886,1,3.47981,ok,5864292886,1,4.76659,ok,5864296886,1
2026-09-06T08:10:26.396989+00:00,47.393286161,247757,5864302669,5864319019,15,True,15,1.23596,1.84734,1.95112561366289,1.894509879455652,1.235963251526667,1.847337029462963,0.2555397886134119,2.72917,ok,5864306888,1,4.5911,ok,5864310886,1,3.47301,ok,5864314886,1,4.76689,ok,5864318886,1
2026-09-06T08:10:26.419001+00:00,47.415298562,247758,5864324924,5864341019,15,True,15,1.20958,1.83165,1.9279853879261708,1.8799802029662271,1.2095795390466664,1.8316457333407414,0.25737291252936223,2.66701,ok,5864328888,1,4.58936,ok,5864332886,1,3.453,ok,5864336886,1,4.76836,ok,5864340886,1
2026-09-06T08:10:26.440986+00:00,47.437283731,247759,5864347178,5864363020,15,True,15,1.22558,1.8579,1.9431471590403167,1.9049076245429077,1.225578606366667,1.857903651574075,0.2686060246447641,2.74558,ok,5864350888,1,4.62083,ok,5864354886,1,3.48378,ok,5864358886,1,4.76882,ok,5864362886,1
2026-09-06T08:10:26.493020+00:00,47.489316333,247760,5864398679,5864415020,15,True,15,1.22768,1.84206,1.9436912695891393,1.8895483252816387,1.2276785886500006,1.842066612455556,0.25557140924363464,2.73318,ok,5864402888,1,4.59559,ok,5864406886,1,3.47385,ok,5864410886,1,4.78946,ok,5864414886,1
2026-09-06T08:10:26.515007+00:00,47.51130435,247761,5864420944,5864437020,15,True,15,1.20994,1.82504,1.9279840835009066,1.8736738530752484,1.2099459651600004,1.8250347236111113,0.25250488819833583,2.68491,ok,5864424888,1,4.60497,ok,5864428886,1,3.4828,ok,5864432886,1,4.77886,ok,5864436886,1
2026-09-06T08:10:26.537020+00:00,47.533317423,247762,5864443199,5864459020,15,True,15,1.22863,1.84567,1.9448633690432118,1.8930590368665743,1.228630331723333,1.8456700339481489,0.2577960333984974,2.73852,ok,5864446888,1,4.60658,ok,5864450886,1,3.48509,ok,5864454886,1,4.77962,ok,5864458886,1
2026-09-06T08:10:26.560020+00:00,47.556317179,247763,5864465454,5864482020,15,True,15,1.20258,1.83483,1.922489797364413,1.8832710639216201,1.202583013063333,1.8348347034037045,0.2633985448229408,2.68018,ok,5864469888,1,4.61765,ok,5864473886,1,3.47635,ok,5864477886,1,4.76748,ok,5864481886,1
2026-09-06T08:10:26.581988+00:00,47.578285803,247764,5864487710,5864504020,15,True,15,1.2225,1.83273,1.939188019365761,1.8808936446251232,1.22249810626,1.8327307985666672,0.2512021296756605,2.6971,ok,5864491888,1,4.60639,ok,5864495886,1,3.49274,ok,5864499886,1,4.75766,ok,5864503886,1
2026-09-06T08:10:26.603992+00:00,47.600289532,247765,5864509973,5864526019,15,True,15,1.23062,1.83911,1.94622219431741,1.886768234545459,1.2306169314200002,1.8391115537444445,0.25184352329163945,2.71123,ok,5864513888,1,4.59316,ok,5864517886,1,3.47869,ok,5864521886,1,4.76341,ok,5864525886,1
2026-09-06T08:10:26.627005+00:00,47.62330196,247766,5864532229,5864549020,15,True,15,1.19896,1.8218,1.9186230115520784,1.8708281279287235,1.1989552966633334,1.821802333370371,0.2564867376264518,2.67809,ok,5864536888,1,4.61999,ok,5864540886,1,3.49108,ok,5864544886,1,4.78275,ok,5864548886,1
2026-09-06T08:10:26.649006+00:00,47.645303833,247767,5864554483,5864571019,15,True,15,1.23251,1.8256,1.94683308211793,1.8736996801806802,1.2325068726166668,1.8256075570407415,0.2408657976507855,2.71539,ok,5864558888,1,4.58399,ok,5864562886,1,3.48677,ok,5864566886,1,4.78572,ok,5864570886,1
2026-09-06T08:10:26.671021+00:00,47.667318315,247768,5864576735,5864593019,15,True,15,1.2104,1.81736,1.927837797183767,1.8662722014427886,1.2103992368,1.8173596600000002,0.24696945773223836,2.68263,ok,5864580888,1,4.59957,ok,5864584886,1,3.48623,ok,5864588886,1,4.78777,ok,5864592886,1
2026-09-06T08:10:26.693008+00:00,47.689305435,247769,5864598991,5864615020,15,True,15,1.21521,1.83627,1.9330028041220693,1.8843097435466964,1.2152140873900004,1.8362763034888898,0.257663716540863,2.71082,ok,5864602888,1,4.6074,ok,5864606886,1,3.47905,ok,5864610886,1,4.78416,ok,5864614886,1
2026-09-06T08:10:26.716006+00:00,47.712303559,247770,5864621254,5864638020,15,True,15,1.21239,1.83455,1.930630343049698,1.8827598795044227,1.2123938779366665,1.8345510483629637,0.2578958244972278,2.7013,ok,5864625888,1,4.61172,ok,5864629886,1,3.48295,ok,5864633886,1,4.77674,ok,5864637886,1
2026-09-06T08:10:26.738022+00:00,47.734319256,247771,5864643510,5864660020,15,True,15,1.20915,1.84497,1.9285908366724631,1.8928462170458356,1.2091548263700003,1.8449714752111113,0.2671262437815094,2.70458,ok,5864647888,1,4.62066,ok,5864651886,1,3.47668,ok,5864655886,1,4.76877,ok,5864659886,1
2026-09-06T08:10:26.760005+00:00,47.756302121,247772,5864665765,5864682019,15,True,15,1.23543,1.85614,1.9512375592070714,1.902980334221981,1.2354234849800008,1.8561391641666676,0.2626313850714674,2.76194,ok,5864669888,1,4.61301,ok,5864673886,1,3.48982,ok,5864677886,1,4.7763,ok,5864681886,1
2026-09-06T08:10:26.782025+00:00,47.77832217,247773,5864688018,5864704019,15,True,15,1.20321,1.82446,1.9224077959321688,1.8733146080684868,1.203210890566666,1.8244601660518527,0.2558469944263294,2.68741,ok,5864691888,1,4.62248,ok,5864695886,1,3.49704,ok,5864699886,1,4.7794,ok,5864703886,1
2026-09-06T08:10:26.810015+00:00,47.806312461,247774,5864715581,5864732020,15,True,15,1.20902,1.81955,1.9268114944145112,1.8684038671890295,1.2090253636866672,1.819555137640741,0.24925189172202197,2.67805,ok,5864719888,1,4.59838,ok,5864723886,1,3.47985,ok,5864727886,1,4.78459,ok,5864731886,1
2026-09-06T08:10:26.832041+00:00,47.828337758,247775,5864737846,5864754019,15,True,15,1.23058,1.84579,1.9466969375092151,1.8932276289167476,1.230578670136667,1.8457934538407408,0.2569081342672824,2.73675,ok,5864741887,1,4.61419,ok,5864745886,1,3.49777,ok,5864749886,1,4.76604,ok,5864753886,1
2026-09-06T08:10:26.854040+00:00,47.850336943,247776,5864760101,5864776019,15,True,15,1.20351,1.82751,1.92279458352713,1.8762081475257688,1.2035111804166665,1.8275074377074083,0.25778923261719006,2.69719,ok,5864763888,1,4.62469,ok,5864767886,1,3.49647,ok,5864771886,1,4.78478,ok,5864775886,1
2026-09-06T08:10:26.877007+00:00,47.873304282,247777,5864782355,5864799020,15,True,15,1.22444,1.83888,1.9409917768580696,1.8866532372015732,1.2244440851833334,1.838876117537038,0.2547724690970455,2.71668,ok,5864786887,1,4.60292,ok,5864790886,1,3.48302,ok,5864794886,1,4.77337,ok,5864798886,1
2026-09-06T08:10:26.899008+00:00,47.895305323,247778,5864804613,5864821020,15,True,15,1.20882,1.82245,1.9270626377843363,1.871303180528884,1.2088244845799994,1.8224523314888899,0.2512876656070989,2.66675,ok,5864808888,1,4.6066,ok,5864812886,1,3.48668,ok,5864816886,1,4.7617,ok,5864820886,1
2026-09-06T08:10:26.921001+00:00,47.917298204,247779,5864826868,5864843020,15,True,15,1.23543,1.82009,1.9490279620862272,1.8683873055506117,1.2354311537600002,1.8200962801777782,0.23529320509989599,2.68805,ok,5864830888,1,4.56839,ok,5864834886,1,3.47759,ok,5864838886,1,4.76881,ok,5864842886,1
2026-09-06T08:10:26.943003+00:00,47.939300749,247780,5864849130,5864865020,15,True,15,1.24,1.83296,1.9539079085615085,1.8807638132926618,1.2399990520299997,1.8329640297222236,0.24254312210391268,2.71441,ok,5864852888,1,4.59309,ok,5864856886,1,3.49997,ok,5864860886,1,4.7532,ok,5864864886,1
2026-09-06T08:10:26.966003+00:00,47.962300249,247781,5864871387,5864888020,15,True,15,1.23068,1.81449,1.9446452018958924,1.8630791982688137,1.2306776711000003,1.8144871545555554,0.23376486085517104,2.68297,ok,5864875888,1,4.56908,ok,5864879886,1,3.47892,ok,5864883886,1,4.77768,ok,5864887886,1
2026-09-06T08:10:27.007028+00:00,48.003324587,247782,5864912677,5864929019,15,True,15,1.23939,1.81567,1.9522203165263048,1.864129145046969,1.23938912931,1.8156746032000004,0.22997126610478838,2.68806,ok,5864916888,1,4.57129,ok,5864920886,1,3.49278,ok,5864924886,1,4.76191,ok,5864928886,1
2026-09-06T08:10:27.029020+00:00,48.025317563,247783,5864934943,5864951019,15,True,15,1.22982,1.8459,1.9458762847600435,1.89325113936321,1.2298182669066666,1.8458947522962967,0.2573862733990982,2.73543,ok,5864938888,1,4.60321,ok,5864942886,1,3.48205,ok,5864946886,1,4.77663,ok,5864950886,1
2026-09-06T08:10:27.051000+00:00,48.047297484,247784,5864957202,5864973020,15,True,15,1.21826,1.81176,1.9341977056086148,1.8607866850618109,1.2182603209033342,1.811760997803704,0.23865913021139212,2.67618,ok,5864960888,1,4.59104,ok,5864964886,1,3.49348,ok,5864968886,1,4.77757,ok,5864972886,1
2026-09-06T08:10:27.074073+00:00,48.07036809,247785,5864979455,5864996020,15,True,15,1.22345,1.85067,1.9409246978911854,1.8980123536293092,1.2234557314600003,1.850671704477779,0.26410761449421577,2.75604,ok,5864983888,1,4.63009,ok,5864987886,1,3.50232,ok,5864991886,1,4.78316,ok,5864995886,1
2026-09-06T08:10:27.096009+00:00,48.092306697,247786,5865001709,5865018020,15,True,15,1.18977,1.8339,1.911648727620012,1.8826292807219904,1.18976874531,1.8339042969555566,0.26994036705441415,2.68568,ok,5865005888,1,4.63694,ok,5865009886,1,3.48479,ok,5865013886,1,4.78268,ok,5865017886,1
2026-09-06T08:10:27.118018+00:00,48.11431513,247787,5865023961,5865040020,15,True,15,1.23956,1.8396,1.953615495104845,1.8869918134418318,1.2395575872500009,1.8396067030777785,0.24788373082442225,2.74156,ok,5865027888,1,4.59019,ok,5865031886,1,3.48697,ok,5865035886,1,4.78172,ok,5865039886,1
2026-09-06T08:10:27.146050+00:00,48.142346094,247788,5865051589,5865068020,15,True,15,1.23075,1.83685,1.9464025009177395,1.8847028482069113,1.230743962,1.8368574944000007,0.2500469911970579,2.74021,ok,5865055888,1,4.62275,ok,5865059886,1,3.52073,ok,5865063886,1,4.76981,ok,5865067886,1
2026-09-06T08:10:27.168002+00:00,48.164298877,247789,5865073851,5865090020,15,True,15,1.2109,1.82818,1.9291519113649842,1.8767571015814821,1.2108974974700002,1.8281808980222227,0.2541367046301725,2.68784,ok,5865077887,1,4.6159,ok,5865081886,1,3.49455,ok,5865085886,1,4.76664,ok,5865089886,1
2026-09-06T08:10:27.190025+00:00,48.186321903,247790,5865096107,5865112019,15,True,15,1.24511,1.84457,1.9588038799049634,1.8917510739518215,1.2451056010166661,1.8445730342518531,0.24910025942929293,2.73318,ok,5865099888,1,4.59109,ok,5865103886,1,3.4897,ok,5865107886,1,4.75491,ok,5865111886,1
2026-09-06T08:10:27.213024+00:00,48.209321179,247791,5865118359,5865135019,15,True,15,1.18477,1.83249,1.907373161842186,1.8813797689072778,1.184763872803333,1.8324886677037047,0.2718572664849496,2.66348,ok,5865122887,1,4.63177,ok,5865126886,1,3.47254,ok,5865130886,1,4.77465,ok,5865134886,1
2026-09-06T08:10:27.235011+00:00,48.23130862,247792,5865140618,5865157019,15,True,15,1.22016,1.83734,1.9373516209203792,1.8852850980921667,1.2201654876699997,1.8373359843555566,0.2558192704515165,2.7141,ok,5865144888,1,4.61007,ok,5865148886,1,3.48832,ok,5865152886,1,4.77395,ok,5865156886,1
2026-09-06T08:10:27.257039+00:00,48.253336093,247793,5865162875,5865179020,15,True,15,1.24195,1.82091,1.954620092395346,1.869066428613703,1.2419520304099998,1.8209101697333345,0.23253781157434397,2.70987,ok,5865166888,1,4.57626,ok,5865170886,1,3.49621,ok,5865174886,1,4.77152,ok,5865178886,1
2026-09-06T08:10:27.279001+00:00,48.275298061,247794,5865185135,5865201019,15,True,15,1.23059,1.81121,1.9443334788607434,1.8599144542434767,1.2305898628599998,1.8112057795666674,0.23149070440633582,2.68547,ok,5865188888,1,4.56842,ok,5865192886,1,3.48217,ok,5865196886,1,4.78439,ok,5865200886,1
2026-09-06T08:10:27.302079+00:00,48.298372027,247795,5865207391,5865224019,15,True,15,1.25186,1.82631,1.9633550509418345,1.8740909491692401,1.2518598277900002,1.8263157139333335,0.23175469719373948,2.72214,ok,5865211888,1,4.57494,ok,5865215886,1,3.50169,ok,5865219886,1,4.76088,ok,5865223886,1
2026-09-06T08:10:27.324037+00:00,48.320334347,247796,5865229645,5865246020,15,True,15,1.2287,1.78435,1.9412781680837061,1.8342664673672056,1.2286938592300003,1.7843494240333342,0.21428095165575367,2.65661,ok,5865233888,1,4.56493,ok,5865237886,1,3.50947,ok,5865241886,1,4.78472,ok,5865245886,1
2026-09-06T08:10:27.346018+00:00,48.342315291,247797,5865251898,5865268019,15,True,15,1.23438,1.8239,1.9485477619353324,1.8721421357839654,1.2343759973133335,1.8239010987592599,0.23859450118795103,2.71242,ok,5865255888,1,4.59461,ok,5865259886,1,3.50558,ok,5865263886,1,4.76984,ok,5865267886,1
2026-09-06T08:10:27.369020+00:00,48.365317127,247798,5865274157,5865291020,15,True,15,1.24795,1.81054,1.9590098623105996,1.8589859905006283,1.2479473967000008,1.8105385130777785,0.22179810857484575,2.70719,ok,5865278888,1,4.56574,ok,5865282886,1,3.50437,ok,5865286886,1,4.77577,ok,5865290886,1
2026-09-06T08:10:27.391033+00:00,48.387329881,247799,5865296418,5865313020,15,True,15,1.21906,1.82219,1.9354265259099068,1.870744135461551,1.2190602505433332,1.822194566648149,0.2455122891124907,2.6976,ok,5865300888,1,4.59763,ok,5865304886,1,3.48985,ok,5865308886,1,4.78382,ok,5865312886,1
2026-09-06T08:10:27.413049+00:00,48.409346922,247800,5865318675,5865335020,15,True,15,1.21391,1.8496,1.9327326800229816,1.8971312942149687,1.2139127682666668,1.8496060200185198,0.2681026088277046,2.73428,ok,5865322888,1,4.62348,ok,5865326886,1,3.48127,ok,5865330886,1,4.78553,ok,5865334886,1
2026-09-06T08:10:27.435004+00:00,48.431301338,247801,5865340929,5865357020,15,True,15,1.21366,1.80202,1.92984484742386,1.8515815544165337,1.2136584770166674,1.80201730882963,0.2347123829555666,2.66514,ok,5865344888,1,4.59737,ok,5865348886,1,3.50774,ok,5865352886,1,4.77795,ok,5865356886,1
2026-09-06T08:10:27.457034+00:00,48.453331404,247802,5865363181,5865379020,15,True,15,1.24386,1.83154,1.9567869418085706,1.8791865122877691,1.2438617745433336,1.831539802703704,0.23962676300880656,2.74055,ok,5865366888,1,4.58667,ok,5865370886,1,3.4989,ok,5865374886,1,4.78253,ok,5865378886,1
2026-09-06T08:10:27.510023+00:00,48.506319968,247803,5865414978,5865432020,15,True,15,1.24955,1.82318,1.9610892575775682,1.8710711899897727,1.2495459493800007,1.823184353533334,0.23049116936666003,2.71816,ok,5865419888,1,4.56787,ok,5865423886,1,3.49317,ok,5865427886,1,4.77093,ok,5865431886,1
2026-09-06T08:10:27.532040+00:00,48.528337745,247804,5865437244,5865454020,15,True,15,1.23504,1.80631,1.9480075681397098,1.855241945217835,1.2350358779500006,1.8063129723000004,0.22554731226359104,2.67739,ok,5865441888,1,4.57196,ok,5865445886,1,3.49948,ok,5865449886,1,4.76723,ok,5865453886,1
2026-09-06T08:10:27.554087+00:00,48.550382852,247805,5865459500,5865476020,15,True,15,1.22719,1.84009,1.9434843745687924,1.8878191191884517,1.2271920258833338,1.840095080148149,0.254274683749212,2.7122,ok,5865463888,1,4.60311,ok,5865467886,1,3.48564,ok,5865471886,1,4.76117,ok,5865475886,1
2026-09-06T08:10:27.576008+00:00,48.572305682,247806,5865481753,5865498020,15,True,15,1.20034,1.80989,1.9190370665176766,1.8593624904222281,1.200338740693334,1.8098932282703706,0.24778867527662596,2.66616,ok,5865485888,1,4.61002,ok,5865489886,1,3.49523,ok,5865493886,1,4.78735,ok,5865497886,1
2026-09-06T08:10:27.598022+00:00,48.594318884,247807,5865504008,5865520019,15,True,15,1.23446,1.83379,1.949342220501161,1.8816880935741374,1.2344545743233342,1.8337893490703712,0.24589163878244005,2.70645,ok,5865507888,1,4.5984,ok,5865511886,1,3.49796,ok,5865515886,1,4.74987,ok,5865519886,1
2026-09-06T08:10:27.621024+00:00,48.617321296,247808,5865526272,5865543019,15,True,15,1.21635,1.83546,1.9339109678373378,1.88351016107837,1.2163456760033335,1.835463427081482,0.2564764543259686,2.70042,ok,5865530888,1,4.60019,ok,5865534886,1,3.47218,ok,5865538886,1,4.77773,ok,5865542886,1
2026-09-06T08:10:27.643068+00:00,48.639364226,247809,5865548529,5865565020,15,True,15,1.21309,1.81774,1.9302788995801243,1.8666560730757158,1.2130893704,1.817738550744445,0.24566505558459661,2.67862,ok,5865552888,1,4.60304,ok,5865556886,1,3.49417,ok,5865560886,1,4.77395,ok,5865564886,1
2026-09-06T08:10:27.665046+00:00,48.661342674,247810,5865570784,5865587020,15,True,15,1.21237,1.8521,1.931656153666155,1.8995833601791596,1.21236954465,1.8520952072555568,0.2707205676326918,2.73952,ok,5865574888,1,4.63268,ok,5865578886,1,3.48806,ok,5865582886,1,4.78351,ok,5865586886,1
2026-09-06T08:10:27.687034+00:00,48.683330467,247811,5865593037,5865609020,15,True,15,1.22261,1.80797,1.9377141799329454,1.8571122423038795,1.2226063843766664,1.8079759870296297,0.23358021613014113,2.67596,ok,5865596888,1,4.59082,ok,5865600886,1,3.50427,ok,5865604886,1,4.772,ok,5865608886,1
2026-09-06T08:10:27.710097+00:00,48.706392304,247812,5865615291,5865632019,15,True,15,1.21183,1.83622,1.9302379561468512,1.8843630185939761,1.2118308290500008,1.8362203487222226,0.2593996029776785,2.705,ok,5865619888,1,4.61337,ok,5865623886,1,3.48217,ok,5865627886,1,4.77894,ok,5865631886,1
2026-09-06T08:10:27.732038+00:00,48.728334368,247813,5865637554,5865654020,15,True,15,1.19842,1.82686,1.9185367106785298,1.8757160200143796,1.198418209466667,1.826857023140741,0.26020073035102576,2.67811,ok,5865641888,1,4.62405,ok,5865645886,1,3.48917,ok,5865649886,1,4.77521,ok,5865653886,1
2026-09-06T08:10:27.754034+00:00,48.750331505,247814,5865659812,5865676020,15,True,15,1.20812,1.83715,1.9271072266783886,1.8852993320653364,1.2081222786666665,1.8371533306407413,0.2620722635970451,2.71324,ok,5865663888,1,4.6189,ok,5865667886,1,3.48297,ok,5865671886,1,4.78981,ok,5865675886,1
2026-09-06T08:10:27.776012+00:00,48.772309409,247815,5865682066,5865698020,15,True,15,1.21604,1.81957,1.9326887967572426,1.8682672978726114,1.2160352237100003,1.819567173955556,0.2453393366623842,2.69468,ok,5865685888,1,4.59787,ok,5865689886,1,3.48922,ok,5865693886,1,4.78909,ok,5865697886,1
2026-09-06T08:10:27.799083+00:00,48.795376239,247816,5865704319,5865721020,15,True,15,1.20626,1.83582,1.9257568896878763,1.8841981680778181,1.2062512782400003,1.8358164772111114,0.2620547483472438,2.68823,ok,5865708888,1,4.62485,ok,5865712886,1,3.4899,ok,5865716886,1,4.76094,ok,5865720886,1
2026-09-06T08:10:27.827055+00:00,48.823352097,247817,5865732592,5865749020,15,True,15,1.23067,1.81456,1.9446700929856489,1.86316765651921,1.2306712935833333,1.814566661314815,0.23381867390681008,2.6949,ok,5865736888,1,4.57763,ok,5865740886,1,3.49003,ok,5865744886,1,4.78286,ok,5865748886,1
2026-09-06T08:10:27.849046+00:00,48.845342802,247818,5865754858,5865771020,15,True,15,1.22026,1.82178,1.9363339426475035,1.8702934963497035,1.2202575257200003,1.8217865641000006,0.2445912343794343,2.69845,ok,5865758887,1,4.59211,ok,5865762886,1,3.48482,ok,5865766886,1,4.78796,ok,5865770886,1
2026-09-06T08:10:27.871043+00:00,48.867340322,247819,5865777114,5865793020,15,True,15,1.20894,1.81345,1.9265722504972147,1.8626451371408779,1.2089370175500007,1.8134492529777781,0.24508748525527616,2.67138,ok,5865780888,1,4.60707,ok,5865784886,1,3.49906,ok,5865788886,1,4.77469,ok,5865792886,1
2026-09-06T08:10:27.894039+00:00,48.890336334,247820,5865799367,5865816020,15,True,15,1.24313,1.82654,1.955919940646069,1.8744289582655504,1.2431372708033335,1.8265433864481484,0.23617807292079596,2.73093,ok,5865803887,1,4.58474,ok,5865807886,1,3.50176,ok,5865811886,1,4.77959,ok,5865815886,1
2026-09-06T08:10:27.916025+00:00,48.912322655,247821,5865821627,5865838020,15,True,15,1.21751,1.81425,1.9338750967495701,1.863267422634436,1.2175071499799996,1.814252281388889,0.24075284757199655,2.66953,ok,5865825888,1,4.59764,ok,5865829886,1,3.49787,ok,5865833886,1,4.76299,ok,5865837886,1
2026-09-06T08:10:27.938653+00:00,48.934947265,247822,5865843885,5865860020,15,True,15,1.21296,1.82721,1.930716032864717,1.8757304531381505,1.2129656070833335,1.827211074814815,0.2523525162783593,2.70368,ok,5865847888,1,4.61557,ok,5865851886,1,3.49832,ok,5865855886,1,4.78143,ok,5865859886,1
2026-09-06T08:10:27.960033+00:00,48.956330177,247823,5865866148,5865882019,15,True,15,1.21062,1.82822,1.9286539700564633,1.8766835969024687,1.2106152572299995,1.828228608111112,0.25439531966809725,2.70032,ok,5865869888,1,4.60784,ok,5865873886,1,3.48343,ok,5865877886,1,4.78904,ok,5865881886,1
2026-09-06T08:10:27.983033+00:00,48.979330509,247824,5865888404,5865905019,15,True,15,1.20781,1.80831,1.9253295633883796,1.857741946180902,1.2078117575466671,1.808307474751853,0.24229847734980986,2.66711,ok,5865892888,1,4.60713,ok,5865896886,1,3.50414,ok,5865900886,1,4.77706,ok,5865904886,1
2026-09-06T08:10:28.024031+00:00,49.020328286,247825,5865929677,5865946020,15,True,15,1.23593,1.82116,1.949534864244264,1.8694058386069405,1.2359268910833332,1.821155487592593,0.235807179834024,2.69854,ok,5865933888,1,4.57544,ok,5865937886,1,3.48619,ok,5865941886,1,4.77186,ok,5865945886,1
2026-09-06T08:10:28.046045+00:00,49.042341935,247826,5865951943,5865968020,15,True,15,1.24276,1.81476,1.954878876010851,1.8631311245446593,1.2427571446999999,1.8147626681111124,0.2275845489594636,2.70701,ok,5865955888,1,4.57096,ok,5865959886,1,3.49834,ok,5865963886,1,4.77746,ok,5865967886,1
2026-09-06T08:10:28.068051+00:00,49.064348288,247827,5865974201,5865990020,15,True,15,1.2229,1.80745,1.9377653992153179,1.8565199509930794,1.2229021077433333,1.807446439537038,0.2330979767708649,2.675,ok,5865977888,1,4.57997,ok,5865981886,1,3.49115,ok,5865985886,1,4.78122,ok,5865989886,1
2026-09-06T08:10:28.091051+00:00,49.087347564,247828,5865996454,5866013020,15,True,15,1.24607,1.82806,1.9585180077805886,1.8758371879221496,1.2460727229133335,1.8280533655370381,0.2358807292918196,2.74069,ok,5866000888,1,4.58896,ok,5866004886,1,3.50953,ok,5866008886,1,4.77915,ok,5866012886,1
2026-09-06T08:10:28.113042+00:00,49.109339005,247829,5866018706,5866035020,15,True,15,1.22138,1.79547,1.9358337295840704,1.8450988526107928,1.221370981723334,1.7954692855703702,0.22588685235612493,2.6733,ok,5866022888,1,4.58627,ok,5866026886,1,3.5126,ok,5866030886,1,4.78775,ok,5866034886,1
2026-09-06T08:10:28.135057+00:00,49.131354031,247830,5866040959,5866057020,15,True,15,1.24282,1.83118,1.9559931258051284,1.8789100404952448,1.2428207248533336,1.8311788853925925,0.23983962671189274,2.74197,ok,5866044888,1,4.59509,ok,5866048886,1,3.50891,ok,5866052886,1,4.77859,ok,5866056886,1
2026-09-06T08:10:28.163036+00:00,49.159333697,247831,5866068585,5866085020,15,True,15,1.22457,1.8195,1.940126250054926,1.8681612711140232,1.2245688327600008,1.8195026159555556,0.2405552012945127,2.6951,ok,5866072888,1,4.60286,ok,5866076886,1,3.50806,ok,5866080886,1,4.76696,ok,5866084886,1
2026-09-06T08:10:28.185037+00:00,49.18133461,247832,5866090847,5866107020,15,True,15,1.244,1.80338,1.9552702471515535,1.8522050599480813,1.2439991011733333,1.8033812862481489,0.21864740788384784,2.69077,ok,5866094887,1,4.56231,ok,5866098886,1,3.50346,ok,5866102886,1,4.7755,ok,5866106886,1
2026-09-06T08:10:28.207076+00:00,49.203372324,247833,5866113102,5866129020,15,True,15,1.25227,1.82789,1.9635483200562767,1.8754771233834049,1.2522721570800004,1.8278922015555559,0.23281179765390053,2.73002,ok,5866116888,1,4.56406,ok,5866120886,1,3.48602,ok,5866124886,1,4.77796,ok,5866128886,1
2026-09-06T08:10:28.230047+00:00,49.226343791,247834,5866135355,5866152020,15,True,15,1.2144,1.81599,1.9311782951454035,1.8649037513011433,1.2144024346633333,1.8159879869703708,0.24374932036449984,2.68155,ok,5866139887,1,4.59719,ok,5866143886,1,3.4906,ok,5866147886,1,4.78177,ok,5866151886,1
2026-09-06T08:10:28.252055+00:00,49.248352832,247835,5866157617,5866174019,15,True,15,1.24003,1.82198,1.9531055554189596,1.8701468542385298,1.2400330588900002,1.8219795897000008,0.23429877322333598,2.70826,ok,5866161888,1,4.57985,ok,5866165886,1,3.49679,ok,5866169886,1,4.76926,ok,5866173886,1
2026-09-06T08:10:28.274045+00:00,49.270342545,247836,5866179876,5866196020,15,True,15,1.23343,1.81674,1.9471971135679327,1.8652238728841082,1.2334349065600003,1.8167318426777783,0.23388148165153683,2.69363,ok,5866183888,1,4.57751,ok,5866187886,1,3.49104,ok,5866191886,1,4.77372,ok,5866195886,1
2026-09-06T08:10:28.296141+00:00,49.292435716,247837,5866202135,5866218020,15,True,15,1.24006,1.83418,1.9538381038665356,1.8818357740736642,1.2400569607999998,1.834177492922223,0.24347020691365004,2.71056,ok,5866205888,1,4.57918,ok,5866209886,1,3.48021,ok,5866213886,1,4.76095,ok,5866217886,1
2026-09-06T08:10:28.319061+00:00,49.315358126,247838,5866224392,5866241019,15,True,15,1.2441,1.82233,1.9564822982294277,1.8703702608099668,1.2441029637399996,1.8223299737666676,0.23252486509392983,2.72014,ok,5866228888,1,4.57753,ok,5866232886,1,3.49912,ok,5866236886,1,4.77614,ok,5866240886,1
2026-09-06T08:10:28.341051+00:00,49.337348159,247839,5866246647,5866263019,15,True,15,1.23333,1.81208,1.946756405189969,1.8607304628035395,1.2333295854466666,1.8120805775296305,0.23061272219737114,2.6807,ok,5866250888,1,4.56597,ok,5866254886,1,3.48176,ok,5866258886,1,4.77482,ok,5866262886,1
2026-09-06T08:10:28.363054+00:00,49.359351504,247840,5866268900,5866285020,15,True,15,1.235,1.83286,1.9493371540470492,1.8805896251666663,1.2349958756300001,1.832854992833334,0.244994354947389,2.72353,ok,5866272888,1,4.58364,ok,5866276886,1,3.48052,ok,5866280886,1,4.78329,ok,5866284886,1
2026-09-06T08:10:28.386052+00:00,49.382349052,247841,5866291159,5866308019,15,True,15,1.23432,1.82123,1.9482114029309279,1.869522322622953,1.2343199783133332,1.8212321189259264,0.23669118494615368,2.68878,ok,5866295888,1,4.57319,ok,5866299886,1,3.48083,ok,5866303886,1,4.76629,ok,5866307886,1
2026-09-06T08:10:28.408048+00:00,49.404345517,247842,5866313419,5866330020,15,True,15,1.22856,1.81591,1.9431404146737277,1.8645679297887572,1.2285650181499994,1.8159032554444454,0.23586661168701314,2.69896,ok,5866317888,1,4.59236,ok,5866321886,1,3.50461,ok,5866325886,1,4.77646,ok,5866329886,1
2026-09-06T08:10:28.430050+00:00,49.42634723,247843,5866335676,5866352019,15,True,15,1.22573,1.8335,1.9417041601717455,1.8814558916499429,1.225724904286667,1.8335044735185184,0.2501522184407742,2.73121,ok,5866339888,1,4.60768,ok,5866343886,1,3.49806,ok,5866347886,1,4.78772,ok,5866351886,1
2026-09-06T08:10:28.452118+00:00,49.448414096,247844,5866357930,5866374019,15,True,15,1.22248,1.82125,1.9382418824952485,1.86976643150064,1.2224836577966667,1.8212495109296305,0.24298523566890437,2.69824,ok,5866361888,1,4.5932,ok,5866365886,1,3.49014,ok,5866369886,1,4.78253,ok,5866373886,1
2026-09-06T08:10:28.474054+00:00,49.470351744,247845,5866380184,5866396020,15,True,15,1.216,1.84266,1.9340038434195104,1.8904017777051907,1.2160002872000004,1.8426661524777788,0.26192309735758146,2.73796,ok,5866383888,1,4.61938,ok,5866387886,1,3.48779,ok,5866391886,1,4.79585,ok,5866395886,1
2026-09-06T08:10:28.526094+00:00,49.522391354,247846,5866431685,5866448019,15,True,15,1.23255,1.83349,1.947432011661343,1.8812985471731736,1.2325509993533341,1.8334876683481487,0.2466713124645057,2.71812,ok,5866435888,1,4.59035,ok,5866439886,1,3.48503,ok,5866443886,1,4.77521,ok,5866447886,1
2026-09-06T08:10:28.548055+00:00,49.544351946,247847,5866453951,5866470019,15,True,15,1.21566,1.83878,1.933633108511154,1.886752784964093,1.2156582371000004,1.8387801578888898,0.25922445649338915,2.70027,ok,5866457888,1,4.60682,ok,5866461886,1,3.47568,ok,5866465886,1,4.76948,ok,5866469886,1
2026-09-06T08:10:28.570059+00:00,49.566355675,247848,5866476207,5866492020,15,True,15,1.21492,1.85021,1.933688310605048,1.8977190370290953,1.2149252917899998,1.8502061677666677,0.26802037856547495,2.71037,ok,5866479888,1,4.61209,ok,5866483886,1,3.46681,ok,5866487886,1,4.7666,ok,5866491886,1
2026-09-06T08:10:28.593047+00:00,49.589344775,247849,5866498461,5866515020,15,True,15,1.23426,1.80315,1.946953942781149,1.8521220215502852,1.2342635127500001,1.8031497917333343,0.22380385338151704,2.67666,ok,5866502888,1,4.55985,ok,5866506886,1,3.48662,ok,5866510886,1,4.78259,ok,5866514886,1
2026-09-06T08:10:28.615065+00:00,49.611360824,247850,5866520717,5866537020,15,True,15,1.23204,1.83319,1.9468332150834524,1.8809438576075779,1.2320440328899998,1.833183544544445,0.24672892455801673,2.72066,ok,5866524888,1,4.58329,ok,5866528886,1,3.47539,ok,5866532886,1,4.78622,ok,5866536886,1
2026-09-06T08:10:28.637057+00:00,49.633354409,247851,5866542980,5866559020,15,True,15,1.21107,1.80581,1.9278290681924353,1.8552438086509784,1.211071010476667,1.805815699196297,0.23876725821149455,2.67128,ok,5866546888,1,4.59999,ok,5866550886,1,3.50261,ok,5866554886,1,4.78412,ok,5866558886,1
2026-09-06T08:10:28.660053+00:00,49.656350773,247852,5866565237,5866582020,15,True,15,1.24778,1.8416,1.9607619763997217,1.888785291281586,1.2477797143200002,1.841591376444445,0.24554788657132184,2.72189,ok,5866569888,1,4.57437,ok,5866573886,1,3.47539,ok,5866577886,1,4.75527,ok,5866581886,1
2026-09-06T08:10:28.682026+00:00,49.678323045,247853,5866587492,5866604020,15,True,15,1.24135,1.816,1.9538194106727578,1.8643619909320808,1.2413560077966668,1.815994827462964,0.22920405016045337,2.71638,ok,5866591888,1,4.58096,ok,5866595886,1,3.50782,ok,5866599886,1,4.78029,ok,5866603886,1
2026-09-06T08:10:28.704056+00:00,49.700353463,247854,5866609746,5866626020,15,True,15,1.2002,1.83159,1.9202302863502254,1.8801809211764717,1.2001980597700008,1.8315925515666667,0.2624769644669551,2.69978,ok,5866613888,1,4.62883,ok,5866617886,1,3.49195,ok,5866621886,1,4.78678,ok,5866625886,1
2026-09-06T08:10:28.726067+00:00,49.722364584,247855,5866632002,5866648020,15,True,15,1.24319,1.83344,1.956395231707132,1.8810516625359164,1.2431903549166667,1.8334415680074083,0.2413959509168431,2.73805,ok,5866635888,1,4.58945,ok,5866639886,1,3.49914,ok,5866643886,1,4.77661,ok,5866647886,1
2026-09-06T08:10:28.759037+00:00,49.755334209,247856,5866654265,5866681020,15,True,15,1.20835,1.81495,1.9260333541831542,1.864030254696378,1.2083580455500005,1.8149517400333341,0.24647960480340092,2.67801,ok,5866658888,1,4.60308,ok,5866662886,1,3.49104,ok,5866666886,1,4.78575,ok,5866680886,2
2026-09-06T08:10:28.776053+00:00,49.772350252,247857,5866681696,5866698020,15,True,15,1.22046,1.84128,1.93779054010225,1.889043435172226,1.2204599916933339,1.841283365481482,0.2585863056524252,2.72424,ok,5866685892,1,4.61268,ok,5866689886,1,3.4871,ok,5866693886,1,4.77864,ok,5866697886,1
2026-09-06T08:10:28.808056+00:00,49.804353034,247858,5866703949,5866730020,15,True,15,1.23499,1.81923,1.9485165060839378,1.8675219708222723,1.2349900534933336,1.8192285800703711,0.23490863881893648,2.71919,ok,5866707888,1,4.58211,ok,5866721886,2,3.49608,ok,5866725886,1,4.79264,ok,5866729886,1
2026-09-06T08:10:28.836063+00:00,49.832359965,247859,5866741596,5866758020,15,True,15,1.23607,1.80613,1.948716792436202,1.8549736665229934,1.236074201806667,1.8061303900629637,0.22489270489727964,2.67404,ok,5866745888,1,4.55943,ok,5866749886,1,3.48482,ok,5866753886,1,4.77346,ok,5866757886,1
2026-09-06T08:10:28.858040+00:00,49.854338222,247860,5866763862,5866780019,15,True,15,1.25484,1.82591,1.9655663610790608,1.8735162408575396,1.2548467297199999,1.8259150599222234,0.2300701327220462,2.72251,ok,5866767887,1,4.55461,ok,5866771886,1,3.4799,ok,5866775886,1,4.77488,ok,5866779886,1
2026-09-06T08:10:28.880073+00:00,49.876369279,247861,5866786117,5866802019,15,True,15,1.23501,1.80023,1.9475837562801528,1.849388031394561,1.2350064456066665,1.8002253062407418,0.2213022631040986,2.67802,ok,5866789888,1,4.57075,ok,5866793886,1,3.50568,ok,5866797886,1,4.7749,ok,5866801886,1
2026-09-06T08:10:28.903063+00:00,49.899359787,247862,5866808371,5866825020,15,True,15,1.2246,1.83,1.9405227487097803,1.878102748621252,1.2245953277,1.8299951398444443,0.24816959456100673,2.69446,ok,5866812887,1,4.58645,ok,5866816886,1,3.47297,ok,5866820886,1,4.77209,ok,5866824886,1
2026-09-06T08:10:28.925056+00:00,49.921353244,247863,5866830631,5866847019,15,True,15,1.24805,1.83566,1.9604552769521473,1.8830025903407916,1.2480561414266662,1.8356581244740746,0.24081504719310237,2.74522,ok,5866834888,1,4.57734,ok,5866838886,1,3.48736,ok,5866842886,1,4.78418,ok,5866846886,1
2026-09-06T08:10:28.947078+00:00,49.943374861,247864,5866852887,5866869020,15,True,15,1.21423,1.812,1.930897793122002,1.861133629598208,1.2142294882866662,1.8120019198407415,0.24108692209423155,2.66362,ok,5866856888,1,4.59349,ok,5866860886,1,3.49062,ok,5866864886,1,4.76938,ok,5866868886,1
2026-09-06T08:10:28.969057+00:00,49.96535427,247865,5866875150,5866891019,15,True,15,1.2361,1.83095,1.9502178199348434,1.8787685654122765,1.2361049619066664,1.8309483803518527,0.24299794332426417,2.71717,ok,5866878888,1,4.58229,ok,5866882886,1,3.4828,ok,5866886886,1,4.77682,ok,5866890886,1
2026-09-06T08:10:28.992068+00:00,49.988365482,247866,5866897407,5866914019,15,True,15,1.25075,1.8396,1.9631284965990075,1.8868115755936457,1.2507477195033332,1.839599877370372,0.2426260624392076,2.73789,ok,5866901888,1,4.57957,ok,5866905886,1,3.48906,ok,5866909886,1,4.76427,ok,5866913886,1
2026-09-06T08:10:29.030085+00:00,50.026382667,247867,5866935199,5866952019,15,True,15,1.23432,1.81602,1.947902134701728,1.8645281409237648,1.2343219466966673,1.8160240535407413,0.2329000603587441,2.68114,ok,5866939888,1,4.56915,ok,5866943886,1,3.48226,ok,5866947886,1,4.76647,ok,5866951886,1
2026-09-06T08:10:29.052070+00:00,50.048367707,247868,5866957465,5866974020,15,True,15,1.24354,1.8325,1.956747082772628,1.8801985997314032,1.2435441482666667,1.8325048041518526,0.24049078835585247,2.72808,ok,5866961888,1,4.58974,ok,5866965886,1,3.50123,ok,5866969886,1,4.76505,ok,5866973886,1
2026-09-06T08:10:29.074122+00:00,50.070417102,247869,5866979723,5866996019,15,True,15,1.21389,1.81509,1.9306125403199232,1.8640180278896918,1.2138922273966666,1.815094957551852,0.24344814004563575,2.67766,ok,5866983888,1,4.59067,ok,5866987886,1,3.48243,ok,5866991886,1,4.78558,ok,5866995886,1
2026-09-06T08:10:29.096060+00:00,50.092357469,247870,5867001976,5867018020,15,True,15,1.24445,1.82784,1.9570928821171294,1.875640816909522,1.2444485583433333,1.8278378426037036,0.2365156046119502,2.73346,ok,5867005888,1,4.584,ok,5867009886,1,3.501,ok,5867013886,1,4.77923,ok,5867017886,1
2026-09-06T08:10:29.119059+00:00,50.115356649,247871,5867024229,5867041020,15,True,15,1.25198,1.84405,1.964388864641594,1.8910278580001958,1.2519749956200006,1.8440404120222227,0.24558280513541378,2.73896,ok,5867028888,1,4.57601,ok,5867032886,1,3.48041,ok,5867036886,1,4.76215,ok,5867040886,1
2026-09-06T08:10:29.141070+00:00,50.137367706,247872,5867046483,5867063019,15,True,15,1.21206,1.81843,1.9295489578637433,1.8673816991375973,1.21205798937,1.8184262468888892,0.24669097692113479,2.68987,ok,5867050888,1,4.61662,ok,5867054886,1,3.50969,ok,5867058886,1,4.775,ok,5867062886,1
2026-09-06T08:10:29.169060+00:00,50.165357837,247873,5867074592,5867091019,15,True,15,1.23873,1.82103,1.9519143928563942,1.8692413043375355,1.2387360849466669,1.8210299928851852,0.23426460715948955,2.70263,ok,5867078888,1,4.57567,ok,5867082886,1,3.49068,ok,5867086886,1,4.7705,ok,5867090886,1
2026-09-06T08:10:29.191145+00:00,50.187437856,247874,5867096855,5867113019,15,True,15,1.23881,1.8289,1.9523946732467696,1.876757357296167,1.2388128539366665,1.8288962265962976,0.24010140274691202,2.72305,ok,5867100887,1,4.58375,ok,5867104886,1,3.49125,ok,5867108886,1,4.77838,ok,5867112886,1
2026-09-06T08:10:29.213192+00:00,50.209489042,247875,5867119111,5867135019,15,True,15,1.20096,1.82965,1.92091740280269,1.8783835212344988,1.2009648881333337,1.8296560332481488,0.2606625139378245,2.6738,ok,5867122888,1,4.6223,ok,5867126886,1,3.48689,ok,5867130886,1,4.76409,ok,5867134886,1
2026-09-06T08:10:29.236072+00:00,50.232369019,247876,5867141366,5867158020,15,True,15,1.23143,1.81423,1.9453180600458602,1.8628416238651109,1.2314254207633333,1.8142254202370376,0.23316072389346365,2.70414,ok,5867145887,1,4.58417,ok,5867149886,1,3.50012,ok,5867153886,1,4.78577,ok,5867157886,1
2026-09-06T08:10:29.258075+00:00,50.25437198,247877,5867163626,5867180019,15,True,15,1.22488,1.83309,1.9409469486537891,1.8810720853886571,1.2248799941400002,1.8330977783777784,0.25029341908679814,2.71831,ok,5867167888,1,4.59984,ok,5867171886,1,3.48704,ok,5867175886,1,4.78272,ok,5867179886,1
2026-09-06T08:10:29.280093+00:00,50.27639011,247878,5867185883,5867202019,15,True,15,1.21039,1.81766,1.927993830064008,1.8666316379029484,1.210388977970001,1.817661805666667,0.24713835672284204,2.67543,ok,5867189888,1,4.60413,ok,5867193886,1,3.49184,ok,5867197886,1,4.77505,ok,5867201886,1
2026-09-06T08:10:29.302094+00:00,50.298390895,247879,5867208143,5867224020,15,True,15,1.24448,1.83429,1.9575469195409652,1.8818465041453682,1.24447845883,1.834288320600001,0.24142458399838593,2.73364,ok,5867211888,1,4.58614,ok,5867215886,1,3.49555,ok,5867219886,1,4.77124,ok,5867223886,1
2026-09-06T08:10:29.325088+00:00,50.321384698,247880,5867230399,5867247019,15,True,15,1.21015,1.83078,1.9285854192801788,1.8792202124873603,1.2101540265400006,1.8307818186888891,0.25640468001279665,2.69657,ok,5867234888,1,4.61598,ok,5867238886,1,3.49024,ok,5867242886,1,4.77552,ok,5867246886,1
2026-09-06T08:10:29.347092+00:00,50.343389196,247881,5867252653,5867269019,15,True,15,1.22697,1.80608,1.941146584410401,1.8551479090119007,1.2269651930433338,1.8060771144925927,0.22985675836035563,2.69379,ok,5867256888,1,4.58855,ok,5867260886,1,3.50995,ok,5867264886,1,4.78688,ok,5867268886,1
2026-09-06T08:10:29.369078+00:00,50.365375004,247882,5867274905,5867291020,15,True,15,1.25337,1.83316,1.964823809762558,1.8805255382808435,1.253366339146667,1.833159346796297,0.23638859977837817,2.74447,ok,5867278888,1,4.57329,ok,5867282886,1,3.49288,ok,5867286886,1,4.77844,ok,5867290886,1
2026-09-06T08:10:29.392102+00:00,50.388399017,247883,5867297163,5867314020,15,True,15,1.20544,1.82195,1.924080622277099,1.8708415350570338,1.2054376983400008,1.8219520942555558,0.25288284126622695,2.68384,ok,5867301888,1,4.61475,ok,5867305886,1,3.49324,ok,5867309886,1,4.78056,ok,5867313886,1
2026-09-06T08:10:29.414076+00:00,50.410373657,247884,5867319423,5867336020,15,True,15,1.22651,1.81306,1.9410469790197094,1.8617940628398844,1.2265043651033338,1.813062203148148,0.2350235812487477,2.69961,ok,5867323888,1,4.58423,ok,5867327886,1,3.49466,ok,5867331886,1,4.79197,ok,5867335886,1
2026-09-06T08:10:29.436052+00:00,50.432349513,247885,5867341679,5867358020,15,True,15,1.23186,1.83426,1.9468302412166265,1.882029878922345,1.231856499716667,1.8342677058185188,0.24761593609351307,2.72238,ok,5867345888,1,4.58986,ok,5867349886,1,3.48238,ok,5867353886,1,4.78125,ok,5867357886,1
2026-09-06T08:10:29.458042+00:00,50.454339834,247886,5867363933,5867380020,15,True,15,1.21773,1.82235,1.934329354841533,1.8709241389651943,1.2177323903200008,1.8223496835000004,0.24634402084007262,2.69252,ok,5867367888,1,4.59698,ok,5867371886,1,3.48689,ok,5867375886,1,4.78135,ok,5867379886,1
2026-09-06T08:10:29.480074+00:00,50.476371756,247887,5867386185,5867402020,15,True,15,1.21746,1.84899,1.9354963623189978,1.896373316254404,1.217468704786667,1.8489829852296307,0.2658736279580785,2.7446,ok,5867389888,1,4.61376,ok,5867393886,1,3.47428,ok,5867397886,1,4.79986,ok,5867401886,1
2026-09-06T08:10:29.508071+00:00,50.504368159,247888,5867413584,5867430020,15,True,15,1.24374,1.82867,1.9564724167307423,1.8764163542393044,1.2437397267700003,1.8286684578333343,0.23750578878500717,2.70986,ok,5867417888,1,4.56637,ok,5867421886,1,3.47579,ok,5867425886,1,4.76992,ok,5867429886,1
2026-09-06T08:10:29.548085+00:00,50.544382037,247889,5867453187,5867470020,15,True,15,1.25608,1.81499,1.9659987773839147,1.8630361410258647,1.2560794628700003,1.8149878339444447,0.22108489801866646,2.72433,ok,5867457888,1,4.55793,ok,5867461886,1,3.50009,ok,5867465886,1,4.7815,ok,5867469886,1
2026-09-06T08:10:29.570047+00:00,50.566344741,247890,5867475441,5867492020,15,True,15,1.2348,1.80254,1.9473155390411943,1.8515018868487896,1.2347967434999996,1.802539046555556,0.2230958372354804,2.67805,ok,5867479888,1,4.55698,ok,5867483886,1,3.48442,ok,5867487886,1,4.78634,ok,5867491886,1
2026-09-06T08:10:29.592077+00:00,50.588374423,247891,5867497695,5867514020,15,True,15,1.2434,1.81887,1.955525188207498,1.8669935263988766,1.2433979854466672,1.8188719840851852,0.23032597318087292,2.70941,ok,5867501888,1,4.56288,ok,5867505886,1,3.48339,ok,5867509886,1,4.78269,ok,5867513886,1
2026-09-06T08:10:29.614074+00:00,50.610371048,247892,5867519960,5867536020,15,True,15,1.22866,1.83177,1.9441275449646376,1.8797579411990273,1.2286595410099996,1.8317653284555564,0.2473499711140429,2.718,ok,5867523888,1,4.59974,ok,5867527886,1,3.49404,ok,5867531886,1,4.77581,ok,5867535886,1
2026-09-06T08:10:29.637070+00:00,50.63336786,247893,5867542213,5867559020,15,True,15,1.23016,1.80706,1.9438183556344721,1.8559910211447743,1.230163042356667,1.8070603071185196,0.22878354983038018,2.68489,ok,5867546888,1,4.57449,ok,5867550886,1,3.49486,ok,5867554886,1,4.78273,ok,5867558886,1
2026-09-06T08:10:29.659079+00:00,50.655376421,247894,5867564470,5867581020,15,True,15,1.23965,1.82965,1.9531767948101677,1.8774764969719329,1.2396496177700005,1.8296469016888894,0.24024478419879325,2.73507,ok,5867568888,1,4.59176,ok,5867572886,1,3.50199,ok,5867576886,1,4.78196,ok,5867580886,1
2026-09-06T08:10:29.681074+00:00,50.67737119,247895,5867586723,5867603020,15,True,15,1.20002,1.8154,1.9191918610343734,1.8647041368366855,1.2000146335466673,1.8154084755518525,0.2515771024983907,2.67735,ok,5867590888,1,4.62229,ok,5867594886,1,3.50386,ok,5867598886,1,4.7835,ok,5867602886,1
2026-09-06T08:10:29.703081+00:00,50.699378247,247896,5867608976,5867625020,15,True,15,1.21773,1.83042,1.9350372246737628,1.8787659364089688,1.2177365903299997,1.83041739378889,0.25203444053014673,2.70906,ok,5867612888,1,4.61927,ok,5867616886,1,3.50589,ok,5867620886,1,4.77094,ok,5867624886,1
2026-09-06T08:10:29.726095+00:00,50.722392627,247897,5867631241,5867648020,15,True,15,1.23654,1.83832,1.9509747812777873,1.8858066939383626,1.236533616443334,1.8383183810148152,0.2483634568743919,2.73244,ok,5867635888,1,4.58756,ok,5867639886,1,3.48083,ok,5867643886,1,4.78134,ok,5867647886,1
2026-09-06T08:10:29.748084+00:00,50.744380964,247898,5867653495,5867670020,15,True,15,1.19772,1.81727,1.9171782949867688,1.8664407863874812,1.1977201834300009,1.8172683571444446,0.25421941025905687,2.66635,ok,5867657888,1,4.60711,ok,5867661886,1,3.47811,ok,5867665886,1,4.7889,ok,5867669886,1
2026-09-06T08:10:29.770104+00:00,50.76640159,247899,5867675752,5867692020,15,True,15,1.21618,1.84205,1.9343843392721287,1.8899342582672725,1.2161802052100004,1.8420508930333337,0.26132092655966493,2.73754,ok,5867679888,1,4.63476,ok,5867683886,1,3.50918,ok,5867687886,1,4.78071,ok,5867691886,1
2026-09-06T08:10:29.792137+00:00,50.788431591,247900,5867698006,5867714020,15,True,15,1.21244,1.83295,1.930513197881188,1.8812031076059959,1.21243536161,1.8329565478888898,0.2567464324199949,2.70389,ok,5867701888,1,4.60993,ok,5867705886,1,3.4827,ok,5867709886,1,4.78281,ok,5867713886,1
2026-09-06T08:10:29.815164+00:00,50.811458804,247901,5867720259,5867737020,15,True,15,1.19552,1.84211,1.9168094857608151,1.8903034869580495,1.1955180989333336,1.8421074766814822,0.27243808626759175,2.69377,ok,5867724888,1,4.62377,ok,5867728886,1,3.46489,ok,5867732886,1,4.78479,ok,5867736886,1
2026-09-06T08:10:29.843086+00:00,50.839382373,247902,5867748595,5867765019,15,True,15,1.22868,1.80052,1.9422016568095963,1.8497587312017503,1.228679862283333,1.8005198949037042,0.2250830448280288,2.66758,ok,5867752888,1,4.56813,ok,5867756886,1,3.49284,ok,5867760886,1,4.77869,ok,5867764886,1
2026-09-06T08:10:29.865137+00:00,50.861431575,247903,5867770855,5867787020,15,True,15,1.24168,1.81691,1.9539884766448976,1.8651537625705201,1.2416828750866664,1.8169064994296302,0.22974126812437526,2.70917,ok,5867774887,1,4.56654,ok,5867778886,1,3.48826,ok,5867782886,1,4.78436,ok,5867786886,1
2026-09-06T08:10:29.887099+00:00,50.883395783,247904,5867793111,5867809020,15,True,15,1.23563,1.82328,1.9495883758522254,1.8715345848922325,1.2356349350600009,1.8232843758111112,0.2374887816416929,2.6993,ok,5867796888,1,4.58641,ok,5867800886,1,3.49742,ok,5867804886,1,4.76078,ok,5867808886,1
2026-09-06T08:10:29.910104+00:00,50.906401459,247905,5867815365,5867832020,15,True,15,1.2383,1.80756,1.9505233797321155,1.8562292560560607,1.2383002386366664,1.8075604561740741,0.2247453632256386,2.69798,ok,5867819887,1,4.56139,ok,5867823886,1,3.48873,ok,5867827886,1,4.79248,ok,5867831886,1
2026-09-06T08:10:29.932084+00:00,50.928381828,247906,5867837626,5867854020,15,True,15,1.23768,1.82804,1.95132171504832,1.8759316857241146,1.2376785158566674,1.8280453933629635,0.24004352144524244,2.7286,ok,5867841888,1,4.58451,ok,5867845886,1,3.49172,ok,5867849886,1,4.78715,ok,5867853886,1
2026-09-06T08:10:29.954094+00:00,50.950391381,247907,5867859884,5867876020,15,True,15,1.22307,1.80994,1.9382194257528347,1.8589793885211172,1.2230683659000008,1.8099327307888893,0.23467203547545298,2.67494,ok,5867863888,1,4.58945,ok,5867867886,1,3.50062,ok,5867871886,1,4.76936,ok,5867875886,1
2026-09-06T08:10:29.976093+00:00,50.97239063,247908,5867882144,5867898019,15,True,15,1.22212,1.84056,1.9390846132202377,1.8882921261345014,1.2221142600033335,1.8405608499592598,0.2572179305113006,2.71453,ok,5867885888,1,4.60164,ok,5867889886,1,3.4758,ok,5867893886,1,4.77545,ok,5867897886,1
2026-09-06T08:10:29.999094+00:00,50.995390546,247909,5867904400,5867921019,15,True,15,1.21995,1.82532,1.9363149760119436,1.8737021125698075,1.219947537023334,1.8253195349148152,0.24726422105152177,2.69994,ok,5867908888,1,4.59493,ok,5867912886,1,3.48353,ok,5867916886,1,4.78426,ok,5867920886,1
2026-09-06T08:10:30.021090+00:00,51.017386883,247910,5867926654,5867943019,15,True,15,1.19657,1.8319,1.9172921184932332,1.8805937145315172,1.1965705857700006,1.8319013706222222,0.26469954787288025,2.67903,ok,5867930888,1,4.62702,ok,5867934886,1,3.48395,ok,5867938886,1,4.77248,ok,5867942886,1
2026-09-06T08:10:30.062107+00:00,51.058404212,247911,5867967676,5867984020,15,True,15,1.24687,1.82069,1.9587650754339252,1.8687674569389512,1.2468689720600001,1.8206888528555563,0.229903802110931,2.71047,ok,5867971888,1,4.5716,ok,5867975886,1,3.49743,ok,5867979886,1,4.76657,ok,5867983886,1
2026-09-06T08:10:30.094109+00:00,51.090406579,247912,5867989940,5868016020,15,True,15,1.23794,1.83317,1.952015400527541,1.8809171230611397,1.2379366590000003,1.8331652380555565,0.24373641506910712,2.75875,ok,5868003888,2,4.61195,ok,5868007886,1,3.5215,ok,5868011886,1,4.79,ok,5868015886,1
2026-09-06T08:10:30.111094+00:00,51.107391197,247913,5868016802,5868033020,15,True,15,1.21448,1.82307,1.931505343240049,1.8716171635287377,1.2144872692733337,1.8230734198148155,0.24867185924477594,2.68446,ok,5868020892,1,4.58815,ok,5868024886,1,3.46963,ok,5868028886,1,4.78687,ok,5868032886,1
2026-09-06T08:10:30.133095+00:00,51.129391918,247914,5868039057,5868055020,15,True,15,1.2461,1.83534,1.9588851891041263,1.8827883396116258,1.2460952934299998,1.8353458197333343,0.24148334170021085,2.74436,ok,5868042888,1,4.58527,ok,5868046886,1,3.49536,ok,5868050886,1,4.77999,ok,5868054886,1
2026-09-06T08:10:30.156093+00:00,51.15239001,247915,5868061310,5868078020,15,True,15,1.23872,1.84651,1.9532298746471939,1.8935886696048028,1.2387145116766665,1.8465126020518519,0.2536260770752327,2.74361,ok,5868065888,1,4.58659,ok,5868069886,1,3.47208,ok,5868073886,1,4.78279,ok,5868077886,1
2026-09-06T08:10:30.178094+00:00,51.174391595,247916,5868083565,5868100019,15,True,15,1.22583,1.81469,1.9406088489950835,1.8633823119074882,1.2258331114233334,1.8146901433592604,0.23653073440698785,2.7099,ok,5868087888,1,4.59278,ok,5868091886,1,3.50282,ok,5868095886,1,4.79527,ok,5868099886,1
2026-09-06T08:10:30.206115+00:00,51.202412254,247917,5868111584,5868128019,15,True,15,1.21029,1.82567,1.9283361742399177,1.8742884396386998,1.2102873294933336,1.8256693024925934,0.25275124200807986,2.68506,ok,5868115888,1,4.60618,ok,5868119886,1,3.48407,ok,5868123886,1,4.77655,ok,5868127886,1
2026-09-06T08:10:30.228111+00:00,51.224407567,247918,5868133844,5868150019,15,True,15,1.21985,1.83938,1.9371590134577026,1.8872295112228121,1.2198552119366664,1.8393839148629638,0.2574964805368577,2.71843,ok,5868137887,1,4.60963,ok,5868141886,1,3.48465,ok,5868145886,1,4.77802,ok,5868149886,1
2026-09-06T08:10:30.250110+00:00,51.246407552,247919,5868156097,5868172019,15,True,15,1.23871,1.81399,1.951367127677289,1.8624502846320048,1.2387031384266673,1.8139966627740745,0.22914445149456408,2.69944,ok,5868159888,1,4.56844,ok,5868163886,1,3.49023,ok,5868167886,1,4.78051,ok,5868171886,1
2026-09-06T08:10:30.273128+00:00,51.269425068,247920,5868178351,5868195019,15,True,15,1.2155,1.80888,1.931635588757201,1.8580426235260192,1.2155038352266665,1.8088777769185187,0.2382823168854671,2.6813,ok,5868182887,1,4.59356,ok,5868186886,1,3.49656,ok,5868190886,1,4.78936,ok,5868194886,1
2026-09-06T08:10:30.295156+00:00,51.29145107,247921,5868200611,5868217020,15,True,15,1.23062,1.83686,1.9460863012069411,1.8846064249506151,1.2306232939033335,1.8368606688370377,0.25014983875943425,2.72553,ok,5868204888,1,4.60139,ok,5868208886,1,3.49246,ok,5868212886,1,4.77389,ok,5868216886,1
2026-09-06T08:10:30.317118+00:00,51.313415246,247922,5868222868,5868239020,15,True,15,1.24719,1.82412,1.9590597134670535,1.8719697198480505,1.2471851356366663,1.82412193372963,0.2323741207102656,2.72578,ok,5868226888,1,4.56939,ok,5868230886,1,3.49057,ok,5868234886,1,4.78222,ok,5868238886,1
2026-09-06T08:10:30.339076+00:00,51.335373694,247923,5868245128,5868261020,15,True,15,1.23399,1.80596,1.9469017959214416,1.854824359458734,1.2339843775399997,1.8059546092666674,0.22592178440926258,2.68776,ok,5868248888,1,4.56741,ok,5868252886,1,3.49249,ok,5868256886,1,4.78577,ok,5868260886,1
2026-09-06T08:10:30.362751+00:00,51.359021916,247924,5868267386,5868284019,15,True,15,1.22304,1.84047,1.9401114844295229,1.8883121607407476,1.2230400713033334,1.8404756922481489,0.25663305206539594,2.71822,ok,5868271888,1,4.61774,ok,5868275886,1,3.49852,ok,5868279886,1,4.76223,ok,5868283886,1
2026-09-06T08:10:30.384099+00:00,51.380396796,247925,5868289641,5868306020,15,True,15,1.25535,1.82622,1.9663161612785638,1.8739455005546326,1.2553463785866672,1.8262191121185192,0.23002727913501309,2.71543,ok,5868293888,1,4.56849,ok,5868297886,1,3.49837,ok,5868301886,1,4.75217,ok,5868305886,1
2026-09-06T08:10:30.406104+00:00,51.402401773,247926,5868311895,5868328020,15,True,15,1.23378,1.80239,1.946623297121216,1.8514614191879242,1.2337775022700008,1.802389798877778,0.22350815913144675,2.67447,ok,5868315888,1,4.56671,ok,5868319886,1,3.49587,ok,5868323886,1,4.77532,ok,5868327886,1
2026-09-06T08:10:30.429116+00:00,51.425413625,247927,5868334153,5868351020,15,True,15,1.23007,1.82571,1.9449479429025422,1.873919702512105,1.2300696550233334,1.825708144192593,0.24216719491001965,2.71059,ok,5868338888,1,4.59382,ok,5868342886,1,3.49607,ok,5868346886,1,4.77584,ok,5868350886,1
2026-09-06T08:10:30.451106+00:00,51.44740353,247928,5868356413,5868373019,15,True,15,1.22824,1.82768,1.9434188721683465,1.8757880798199618,1.2282461950799997,1.8276746056888897,0.24457922895451945,2.71442,ok,5868360888,1,4.59152,ok,5868364886,1,3.4879,ok,5868368886,1,4.78436,ok,5868372886,1
2026-09-06T08:10:30.473107+00:00,51.469404827,247929,5868378671,5868395020,15,True,15,1.23836,1.83443,1.9521776594776734,1.8819888768745983,1.2383662083333333,1.8344274049592604,0.2445291473998831,2.73617,ok,5868382888,1,4.58137,ok,5868386886,1,3.48034,ok,5868390886,1,4.79136,ok,5868394886,1
2026-09-06T08:10:30.495116+00:00,51.491413036,247930,5868400925,5868417020,15,True,15,1.23107,1.84265,1.9467439898598446,1.8901279352161946,1.2310702003366665,1.8426597659629635,0.25431483165458035,2.74172,ok,5868404888,1,4.60608,ok,5868408886,1,3.49181,ok,5868412886,1,4.7815,ok,5868416886,1
2026-09-06T08:10:30.527100+00:00,51.523397578,247931,5868423178,5868449020,15,True,15,1.22231,1.85883,1.940330389347704,1.9058002847708668,1.222306454863334,1.8588260614925933,0.2708999094784168,2.76024,ok,5868426888,1,4.62657,ok,5868430886,1,3.48551,ok,5868444886,2,4.78614,ok,5868448886,1
2026-09-06T08:10:30.579113+00:00,51.575409828,247932,5868484701,5868501019,15,True,15,1.22302,1.83337,1.9394833599309516,1.8814091453032848,1.2230231175200004,1.833370393155556,0.25143767169912146,2.72178,ok,5868488888,1,4.60916,ok,5868492886,1,3.49632,ok,5868496886,1,4.78132,ok,5868500886,1
2026-09-06T08:10:30.602244+00:00,51.598541076,247933,5868506967,5868523020,15,True,15,1.20911,1.82403,1.9272006929112389,1.8727134587804593,1.2091112863833338,1.82402639375926,0.2522738424484562,2.68628,ok,5868510888,1,4.60567,ok,5868514886,1,3.48383,ok,5868518886,1,4.78242,ok,5868522886,1
2026-09-06T08:10:30.624105+00:00,51.620403009,247934,5868529223,5868546019,15,True,15,1.23363,1.82849,1.948201647047425,1.8765553299937592,1.2336330033433334,1.8284854408703712,0.24236495342565223,2.7169,ok,5868533888,1,4.59813,ok,5868537886,1,3.50325,ok,5868541886,1,4.76878,ok,5868545886,1
2026-09-06T08:10:30.646104+00:00,51.642401874,247935,5868551478,5868568020,15,True,15,1.24202,1.84158,1.9559640998846897,1.888914882306783,1.2420166666666668,1.8415827384407415,0.24821573392711915,2.73957,ok,5868555888,1,4.59537,ok,5868559886,1,3.49476,ok,5868563886,1,4.76744,ok,5868567886,1
2026-09-06T08:10:30.668104+00:00,51.664400803,247936,5868573734,5868590019,15,True,15,1.22884,1.81166,1.94315124636738,1.8605082935627424,1.2288412562099997,1.8116597010333344,0.23269679948032615,2.68726,ok,5868577888,1,4.58741,ok,5868581886,1,3.50397,ok,5868585886,1,4.77144,ok,5868589886,1
2026-09-06T08:10:30.690116+00:00,51.686413236,247937,5868595997,5868612019,15,True,15,1.24286,1.81864,1.9551851949889476,1.8668380082995502,1.24286129762,1.8186366985555567,0.23039850910001747,2.70513,ok,5868599888,1,4.56862,ok,5868603886,1,3.49044,ok,5868607886,1,4.7737,ok,5868611886,1
2026-09-06T08:10:30.713096+00:00,51.709393056,247938,5868618254,5868635020,15,True,15,1.23657,1.82709,1.9504831146461625,1.875107811543048,1.236568235946667,1.8270879459296303,0.2398583319877659,2.73354,ok,5868622888,1,4.5981,ok,5868626886,1,3.50919,ok,5868630886,1,4.78297,ok,5868634886,1
2026-09-06T08:10:30.735113+00:00,51.731410545,247939,5868640509,5868657020,15,True,15,1.21215,1.82368,1.9297294377144758,1.872319730498794,1.212147415736666,1.8236806703740753,0.25034682317626245,2.68345,ok,5868644888,1,4.59987,ok,5868648886,1,3.48097,ok,5868652886,1,4.7788,ok,5868656886,1
2026-09-06T08:10:30.757110+00:00,51.753407042,247940,5868662764,5868679020,15,True,15,1.24116,1.81438,1.9533462568425766,1.862712580615962,1.2411641856000004,1.8143771923666667,0.22816251364823148,2.70817,ok,5868666888,1,4.56353,ok,5868670886,1,3.48684,ok,5868674886,1,4.78956,ok,5868678886,1
2026-09-06T08:10:30.779089+00:00,51.775385683,247941,5868685020,5868701020,15,True,15,1.23976,1.82193,1.9527284776420946,1.8700418936592536,1.2397568536866668,1.8219346541296304,0.2344341958760538,2.71839,ok,5868688888,1,4.57768,ok,5868692886,1,3.49361,ok,5868696886,1,4.78347,ok,5868700886,1
2026-09-06T08:10:30.802123+00:00,51.798420384,247942,5868707283,5868724020,15,True,15,1.19192,1.8464,1.9139833814950358,1.8944690577243262,1.191913627450001,1.846402087744445,0.27745058426877106,2.68826,ok,5868711888,1,4.62181,ok,5868715886,1,3.45147,ok,5868719886,1,4.78398,ok,5868723886,1
2026-09-06T08:10:30.824113+00:00,51.82041048,247943,5868729539,5868746020,15,True,15,1.21909,1.83238,1.9360897858607244,1.8805271615192478,1.2190963246733342,1.8323852669814817,0.2527834973319345,2.71236,ok,5868733888,1,4.60685,ok,5868737886,1,3.48892,ok,5868741886,1,4.78198,ok,5868745886,1
2026-09-06T08:10:30.846695+00:00,51.842971024,247944,5868751793,5868768020,15,True,15,1.25721,1.84488,1.9688417877284505,1.8917365231319716,1.257204943866667,1.8448857587851857,0.24395013348808353,2.77496,ok,5868755888,1,4.59102,ok,5868759886,1,3.5065,ok,5868763886,1,4.77758,ok,5868767886,1
2026-09-06T08:10:30.868086+00:00,51.864383154,247945,5868774046,5868790020,15,True,15,1.22832,1.81118,1.9424981996293629,1.8599720037348833,1.2283208837966668,1.8111820422074076,0.23269444179208082,2.69677,ok,5868777888,1,4.5825,ok,5868781886,1,3.49741,ok,5868785886,1,4.7884,ok,5868789886,1
2026-09-06T08:10:30.896116+00:00,51.892412997,247946,5868801585,5868818019,15,True,15,1.20339,1.83334,1.9229679549909613,1.8817672929107032,1.2033902884266665,1.8333383186962968,0.2619346188429758,2.69318,ok,5868805888,1,4.61766,ok,5868809886,1,3.47946,ok,5868813886,1,4.78182,ok,5868817886,1
2026-09-06T08:10:30.918094+00:00,51.914391222,247947,5868823849,5868840019,15,True,15,1.23016,1.84214,1.9459924771839632,1.8896661403367923,1.2301627081866668,1.8421382237518527,0.2543581275118584,2.7295,ok,5868827887,1,4.6026,ok,5868831886,1,3.48659,ok,5868835886,1,4.77325,ok,5868839886,1
2026-09-06T08:10:30.940108+00:00,51.936405543,247948,5868846106,5868862019,15,True,15,1.24395,1.81155,1.9557162285144356,1.860035588117983,1.2439547207433337,1.8115484274925928,0.2245995197532161,2.71126,ok,5868849888,1,4.57352,ok,5868853886,1,3.50752,ok,5868857886,1,4.78035,ok,5868861886,1
2026-09-06T08:10:30.963163+00:00,51.959458484,247949,5868868359,5868885019,15,True,15,1.21092,1.81662,1.928392997061553,1.8656316296340312,1.2109182630666666,1.816621959574075,0.2461217692918148,2.6785,ok,5868872887,1,4.60628,ok,5868876886,1,3.49677,ok,5868880886,1,4.77629,ok,5868884886,1
2026-09-06T08:10:30.985140+00:00,51.981436709,247950,5868890620,5868907020,15,True,15,1.21417,1.83225,1.931941318202277,1.8804978351976416,1.2141669465866671,1.8322499954851852,0.2553075181238783,2.71032,ok,5868894888,1,4.61236,ok,5868898886,1,3.48931,ok,5868902886,1,4.78479,ok,5868906886,1
2026-09-06T08:10:31.007119+00:00,52.003415605,247951,5868912876,5868929020,15,True,15,1.23479,1.83927,1.94955386512068,1.886755624157392,1.2347843933766662,1.8392751536074083,0.24994600401537295,2.73046,ok,5868916888,1,4.58816,ok,5868920886,1,3.47787,ok,5868924886,1,4.78126,ok,5868928886,1
2026-09-06T08:10:31.029136+00:00,52.025432647,247952,5868935139,5868951020,15,True,15,1.22972,1.81263,1.9437424930655882,1.8613260125496598,1.2297198282233337,1.8126323218148155,0.23296004198537754,2.69121,ok,5868938888,1,4.57615,ok,5868942886,1,3.48922,ok,5868946886,1,4.78393,ok,5868950886,1
2026-09-06T08:10:31.052091+00:00,52.048388018,247953,5868957395,5868974020,15,True,15,1.2283,1.83349,1.944199900203274,1.8815502688342576,1.2282971522000001,1.8334914497777786,0.24875727118598315,2.71538,ok,5868961888,1,4.61488,ok,5868965886,1,3.51122,ok,5868969886,1,4.75732,ok,5868973886,1
2026-09-06T08:10:31.093142+00:00,52.089438692,247954,5868998674,5869015019,15,True,15,1.24915,1.82206,1.9607583093235477,1.8700355782757265,1.2491520309633333,1.8220629632925929,0.22981935431877265,2.73151,ok,5869002888,1,4.58048,ok,5869006886,1,3.51052,ok,5869010886,1,4.77597,ok,5869014886,1
2026-09-06T08:10:31.115126+00:00,52.111423317,247955,5869020940,5869037019,15,True,15,1.23395,1.8178,1.9477806942484814,1.8662808928460364,1.2339488770600002,1.8178015509222225,0.2343648906469576,2.70024,ok,5869024888,1,4.58589,ok,5869028886,1,3.50138,ok,5869032886,1,4.77106,ok,5869036886,1
2026-09-06T08:10:31.138175+00:00,52.13447165,247956,5869043199,5869060019,15,True,15,1.23252,1.81463,1.946295990477624,1.863219925514978,1.232519085206667,1.8146256443518527,0.2328527076469612,2.69673,ok,5869047888,1,4.5804,ok,5869051886,1,3.49623,ok,5869055886,1,4.77835,ok,5869059886,1
2026-09-06T08:10:31.160095+00:00,52.156391793,247957,5869065452,5869082019,15,True,15,1.25756,1.84159,1.9687178959613534,1.888455862275923,1.257568884576667,1.8415873044740745,0.24117046933080286,2.76668,ok,5869069888,1,4.57183,ok,5869073886,1,3.48612,ok,5869077886,1,4.78871,ok,5869081886,1
2026-09-06T08:10:31.182090+00:00,52.178387074,247958,5869087705,5869104019,15,True,15,1.24347,1.83538,1.9566536347380437,1.8828585672033527,1.243469040486667,1.83537687692963,0.24276089350711372,2.75427,ok,5869091888,1,4.59314,ok,5869095886,1,3.50189,ok,5869099886,1,4.78929,ok,5869103886,1
2026-09-06T08:10:31.204099+00:00,52.200395923,247959,5869109958,5869126020,15,True,15,1.20355,1.81755,1.9220466809516794,1.8665665863685694,1.2035512234499994,1.817546087111112,0.2510287006072569,2.68485,ok,5869113888,1,4.60716,ok,5869117886,1,3.48619,ok,5869121886,1,4.79708,ok,5869125886,1
2026-09-06T08:10:31.232130+00:00,52.228427687,247960,5869137587,5869154019,15,True,15,1.23261,1.82353,1.947142443149179,1.8718719045854166,1.2326051015833335,1.823530138603704,0.23921352244097896,2.69996,ok,5869141888,1,4.59596,ok,5869145886,1,3.5053,ok,5869149886,1,4.75845,ok,5869153886,1
2026-09-06T08:10:31.254095+00:00,52.250392631,247961,5869159850,5869176020,15,True,15,1.25077,1.81895,1.961791033936045,1.8669519422762375,1.2507691244200012,1.8189506538000004,0.22669046671628257,2.72499,ok,5869163887,1,4.56624,ok,5869167886,1,3.49824,ok,5869171886,1,4.7817,ok,5869175886,1
2026-09-06T08:10:31.276117+00:00,52.272414568,247962,5869182105,5869198020,15,True,15,1.24787,1.81732,1.9593783718117381,1.865505745565846,1.2478671209933336,1.817320487514815,0.2268796848298518,2.7058,ok,5869185888,1,4.56631,ok,5869189886,1,3.49628,ok,5869193886,1,4.76742,ok,5869197886,1
2026-09-06T08:10:31.299088+00:00,52.295385332,247963,5869204360,5869221020,15,True,15,1.21917,1.82442,1.9356438593751761,1.8728653989036184,1.2191744537066673,1.824414620118519,0.24702809605962275,2.70671,ok,5869208887,1,4.60197,ok,5869212886,1,3.49287,ok,5869216886,1,4.78761,ok,5869220886,1
2026-09-06T08:10:31.321099+00:00,52.317396581,247964,5869226619,5869243019,15,True,15,1.2473,1.82954,1.9594535237164838,1.8771532048100912,1.2472993723966672,1.8295426103962966,0.23645669505626687,2.73314,ok,5869230888,1,4.57161,ok,5869234886,1,3.48665,ok,5869238886,1,4.78316,ok,5869242886,1
2026-09-06T08:10:31.343109+00:00,52.339405878,247965,5869248878,5869265020,15,True,15,1.25356,1.81462,1.9639708562288989,1.8627896158330401,1.253556384613333,1.8146212071703707,0.22202564882478615,2.71829,ok,5869252888,1,4.56465,ok,5869256886,1,3.50571,ok,5869260886,1,4.77383,ok,5869264886,1
2026-09-06T08:10:31.365126+00:00,52.361423016,247966,5869271138,5869287019,15,True,15,1.24263,1.8263,1.9554806370526374,1.874203964151118,1.242631692703334,1.8262980167370375,0.23624275375082499,2.71914,ok,5869274888,1,4.57844,ok,5869278886,1,3.4931,ok,5869282886,1,4.77347,ok,5869286886,1
2026-09-06T08:10:31.388106+00:00,52.384403187,247967,5869293395,5869310020,15,True,15,1.25497,1.82592,1.965744279546972,1.8735530181247124,1.2549670486499995,1.8259180662777792,0.23000490188360398,2.7475,ok,5869297888,1,4.57404,ok,5869301886,1,3.50546,ok,5869305886,1,4.78467,ok,5869309886,1
2026-09-06T08:10:31.410127+00:00,52.406424805,247968,5869315649,5869332019,15,True,15,1.2327,1.8,1.9456255498969115,1.8492204559935113,1.232694364576667,1.8000028897074078,0.2224399797006398,2.67065,ok,5869319888,1,4.56945,ok,5869323886,1,3.50097,ok,5869327886,1,4.77294,ok,5869331886,1
2026-09-06T08:10:31.432109+00:00,52.428406005,247969,5869337903,5869354019,15,True,15,1.23694,1.80509,1.9494297547216348,1.8539751592226625,1.2369443946433332,1.8050856348370374,0.22366794558937253,2.69852,ok,5869341888,1,4.5754,ok,5869345886,1,3.50827,ok,5869349886,1,4.78488,ok,5869353886,1
2026-09-06T08:10:31.455113+00:00,52.451409665,247970,5869360161,5869377020,15,True,15,1.24764,1.82461,1.9595887992977363,1.8724889448342796,1.2476406329133336,1.8246152184925932,0.23250607551636243,2.7398,ok,5869364888,1,4.58413,ok,5869368886,1,3.50986,ok,5869372886,1,4.78272,ok,5869376886,1
2026-09-06T08:10:31.477152+00:00,52.473448595,247971,5869382421,5869399020,15,True,15,1.22759,1.82674,1.942811356318462,1.8749083601526733,1.2275870328866674,1.8267423144185186,0.24424120390756135,2.715,ok,5869386888,1,4.59295,ok,5869390886,1,3.49004,ok,5869394886,1,4.7859,ok,5869398886,1
2026-09-06T08:10:31.499112+00:00,52.495408739,247972,5869404678,5869421020,15,True,15,1.22518,1.8465,1.941741443907688,1.8937962170261413,1.2251832316033335,1.8465021248037048,0.2601719083015422,2.73013,ok,5869408888,1,4.58969,ok,5869412886,1,3.45667,ok,5869416886,1,4.79268,ok,5869420886,1
2026-09-06T08:10:31.521143+00:00,52.517440437,247973,5869426932,5869443019,15,True,15,1.23069,1.84649,1.9465248210749944,1.893745164323631,1.230696665603333,1.8464902926148157,0.2574337239743433,2.75076,ok,5869430888,1,4.60364,ok,5869434886,1,3.48311,ok,5869438886,1,4.7914,ok,5869442886,1
2026-09-06T08:10:31.543100+00:00,52.539396997,247974,5869449184,5869465019,15,True,15,1.19968,1.85449,1.9209452922417833,1.902045283060837,1.1996795573533332,1.8544894388370377,0.2790763371280038,2.70114,ok,5869452888,1,4.61549,ok,5869456886,1,3.44371,ok,5869460886,1,4.78075,ok,5869464886,1
2026-09-06T08:10:31.595151+00:00,52.591448,247975,5869500682,5869517020,15,True,15,1.23552,1.81625,1.9488043197868516,1.8646620795398219,1.2355240344066674,1.8162490342851851,0.2324571008397574,2.70508,ok,5869504888,1,4.57431,ok,5869508886,1,3.49046,ok,5869512886,1,4.7858,ok,5869516886,1
2026-09-06T08:10:31.617121+00:00,52.613418576,247976,5869522948,5869539019,15,True,15,1.24228,1.80184,1.9536082904951695,1.8507028909078478,1.242272947623334,1.8018373865259263,0.21849982925839243,2.69911,ok,5869526888,1,4.56251,ok,5869530886,1,3.50324,ok,5869534886,1,4.78977,ok,5869538886,1
2026-09-06T08:10:31.639141+00:00,52.635437858,247977,5869545203,5869561020,15,True,15,1.25642,1.82431,1.9667453585675403,1.8719203472084442,1.2564229735399999,1.8243085252666675,0.22809017143939805,2.75244,ok,5869548888,1,4.56759,ok,5869552886,1,3.50119,ok,5869556886,1,4.79497,ok,5869560886,1
2026-09-06T08:10:31.662140+00:00,52.658436974,247978,5869567457,5869584019,15,True,15,1.24893,1.82885,1.9608883056784197,1.8765081912713473,1.248924254476667,1.8288494329851859,0.23512826041827808,2.73533,ok,5869571888,1,4.57745,ok,5869575886,1,3.49752,ok,5869579886,1,4.77733,ok,5869583886,1
2026-09-06T08:10:31.684135+00:00,52.680432351,247979,5869589713,5869606019,15,True,15,1.2473,1.82795,1.9594479800263847,1.8756691611381484,1.247294607286667,1.827948620751852,0.23522383072235248,2.72173,ok,5869593888,1,4.57058,ok,5869597886,1,3.48735,ok,5869601886,1,4.77263,ok,5869605886,1
2026-09-06T08:10:31.706155+00:00,52.70245256,247980,5869611978,5869628020,15,True,15,1.24231,1.82353,1.954797321096421,1.871438472927335,1.2423106219366669,1.8235300228740747,0.23436820027353172,2.73378,ok,5869615888,1,4.57291,ok,5869619886,1,3.48896,ok,5869623886,1,4.79871,ok,5869627886,1
2026-09-06T08:10:31.729136+00:00,52.725433276,247981,5869634233,5869651020,15,True,15,1.21976,1.83689,1.9367886543982056,1.884775746507491,1.2197629373266672,1.8368943748074082,0.25574757629117956,2.71617,ok,5869638888,1,4.60002,ok,5869642886,1,3.47502,ok,5869646886,1,4.78724,ok,5869650886,1
2026-09-06T08:10:31.751119+00:00,52.747416108,247982,5869656487,5869673019,15,True,15,1.22609,1.80891,1.9403257201838786,1.8577693724928295,1.2260879600900008,1.8089175989888893,0.2323883384229272,2.6959,ok,5869660888,1,4.57552,ok,5869664886,1,3.48798,ok,5869668886,1,4.80087,ok,5869672886,1
2026-09-06T08:10:31.773134+00:00,52.76943091,247983,5869678741,5869695020,15,True,15,1.26817,1.82397,1.9765283563503053,1.8713277198786034,1.2681655288233336,1.823969470425926,0.2224457468833886,2.74258,ok,5869682888,1,4.54191,ok,5869686886,1,3.48495,ok,5869690886,1,4.78388,ok,5869694886,1
2026-09-06T08:10:31.795139+00:00,52.791436175,247984,5869700996,5869717020,15,True,15,1.24794,1.79147,1.9577525604846877,1.8406452029447404,1.2479384706333334,1.7914668889259262,0.20807754921546198,2.68757,ok,5869704888,1,4.54908,ok,5869708886,1,3.50718,ok,5869712886,1,4.78748,ok,5869716886,1
2026-09-06T08:10:31.818117+00:00,52.814414042,247985,5869723258,5869740020,15,True,15,1.20674,1.83505,1.9258451453405845,1.883324567355255,1.2067406453966667,1.835052865862964,0.26131914587043836,2.71036,ok,5869727888,1,4.62068,ok,5869731886,1,3.48606,ok,5869735886,1,4.78969,ok,5869739886,1
2026-09-06T08:10:31.840144+00:00,52.836441292,247986,5869745515,5869762020,15,True,15,1.22562,1.84914,1.9424343251831069,1.8963990078387691,1.2256165578100002,1.8491408978333346,0.26192395647929706,2.75624,ok,5869749888,1,4.61468,ok,5869753886,1,3.487,ok,5869757886,1,4.79519,ok,5869761886,1
2026-09-06T08:10:31.862127+00:00,52.858423581,247987,5869767769,5869784020,15,True,15,1.21506,1.81957,1.931861564016273,1.8682850540325966,1.2150634702533332,1.8195705991259268,0.24588417295026757,2.70606,ok,5869771888,1,4.6052,ok,5869775886,1,3.49748,ok,5869779886,1,4.7969,ok,5869783886,1
2026-09-06T08:10:31.884117+00:00,52.880413805,247988,5869790024,5869806019,15,True,15,1.22523,1.85765,1.942406553195741,1.9044664035500778,1.2252334447666668,1.8576515344074083,0.26864287048471613,2.76699,ok,5869793888,1,4.60814,ok,5869797886,1,3.46676,ok,5869801886,1,4.80666,ok,5869805886,1
2026-09-06T08:10:31.912142+00:00,52.908438881,247989,5869817589,5869834020,15,True,15,1.20959,1.84199,1.9285458274595337,1.889866115811149,1.209586138003333,1.8419861044481485,0.26478526468892716,2.72781,ok,5869821888,1,4.62035,ok,5869825886,1,3.48075,ok,5869829886,1,4.79736,ok,5869833886,1
2026-09-06T08:10:31.934119+00:00,52.930416561,247990,5869839854,5869856020,15,True,15,1.21799,1.81583,1.9341871891544047,1.86468410893735,1.2179925958933342,1.8158339155370378,0.2416316455218319,2.69367,ok,5869843887,1,4.59955,ok,5869847886,1,3.49904,ok,5869851886,1,4.78576,ok,5869855886,1
2026-09-06T08:10:31.956142+00:00,52.952439491,247991,5869862108,5869878020,15,True,15,1.23237,1.82873,1.9470888053218636,1.8767839235225008,1.2323671298866665,1.8287286259296307,0.24320263592576796,2.7073,ok,5869865888,1,4.59033,ok,5869869886,1,3.49088,ok,5869873886,1,4.7678,ok,5869877886,1
2026-09-06T08:10:31.979144+00:00,52.975440655,247992,5869884361,5869901020,15,True,15,1.21784,1.83381,1.9349835956446995,1.8818532567979238,1.2178409869300002,1.8338091160666672,0.25450898392625476,2.72771,ok,5869888887,1,4.60933,ok,5869892886,1,3.48856,ok,5869896886,1,4.79831,ok,5869900886,1
2026-09-06T08:10:32.001109+00:00,52.997406687,247993,5869906619,5869923020,15,True,15,1.22177,1.82593,1.937804768841897,1.8742209220495682,1.221759698206667,1.825933135207408,0.24674917416083256,2.71833,ok,5869910888,1,4.59912,ok,5869914886,1,3.49086,ok,5869918886,1,4.79668,ok,5869922886,1
2026-09-06T08:10:32.023150+00:00,53.019447601,247994,5869928876,5869945020,15,True,15,1.20779,1.81807,1.9256466592987682,1.8669885092496412,1.2077889718033339,1.8180715633370377,0.24895124661479062,2.68645,ok,5869932888,1,4.60283,ok,5869936886,1,3.48587,ok,5869940886,1,4.7937,ok,5869944886,1
2026-09-06T08:10:32.045110+00:00,53.041407809,247995,5869951141,5869967019,15,True,15,1.24165,1.82675,1.9545322431134418,1.8745845251473823,1.2416541618000005,1.8267504040555558,0.23709628968566313,2.73131,ok,5869954888,1,4.57771,ok,5869958886,1,3.49016,ok,5869962886,1,4.78966,ok,5869966886,1
2026-09-06T08:10:32.068122+00:00,53.064418989,247996,5869973397,5869990020,15,True,15,1.23251,1.81017,1.9461502568614015,1.859008320532388,1.2325099307733332,1.8101701981592608,0.229644785311722,2.69475,ok,5869977888,1,4.58731,ok,5869981886,1,3.51098,ok,5869985886,1,4.7737,ok,5869989886,1
2026-09-06T08:10:32.109140+00:00,53.105437407,247997,5870014943,5870031020,15,True,15,1.24849,1.82371,1.9601378596338217,1.8715554775674128,1.248494295023334,1.8237163973148147,0.23142531513765854,2.72738,ok,5870018888,1,4.56875,ok,5870022886,1,3.49213,ok,5870026886,1,4.7823,ok,5870030886,1
2026-09-06T08:10:32.132202+00:00,53.128496269,247998,5870037210,5870054019,15,True,15,1.20939,1.81738,1.926986563905811,1.8663129578346784,1.2093866840799998,1.817381677111112,0.2475598889245608,2.69208,ok,5870041888,1,4.60634,ok,5870045886,1,3.49368,ok,5870049886,1,4.79396,ok,5870053886,1
2026-09-06T08:10:32.154247+00:00,53.150543071,247999,5870059468,5870076019,15,True,15,1.2343,1.81869,1.9478605066539008,1.86699066432523,1.234301533616667,1.818682166240741,0.23488112762305244,2.71121,ok,5870063888,1,4.57566,ok,5870067886,1,3.48734,ok,5870071886,1,4.79171,ok,5870075886,1
2026-09-06T08:10:32.176147+00:00,53.172444269,248000,5870081722,5870098020,15,True,15,1.22446,1.83239,1.94040905354585,1.8803315454379768,1.2244647504533333,1.8323892692148154,0.25002035788834576,2.73155,ok,5870085888,1,4.59953,ok,5870089886,1,3.48695,ok,5870093886,1,4.79961,ok,5870097886,1
2026-09-06T08:10:32.198141+00:00,53.194437822,248001,5870103975,5870120020,15,True,15,1.21634,1.80986,1.932335708607108,1.8589408163101646,1.216338913076667,1.809861859807408,0.23849076401859004,2.69729,ok,5870107888,1,4.5981,ok,5870111886,1,3.50245,ok,5870115886,1,4.80028,ok,5870119886,1
2026-09-06T08:10:32.221142+00:00,53.217439466,248002,5870126228,5870143019,15,True,15,1.21904,1.82859,1.9355690082873427,1.8767644982102338,1.2190456334900004,1.8285845690444449,0.25013036392505394,2.72911,ok,5870130888,1,4.60213,ok,5870134886,1,3.48752,ok,5870138886,1,4.80919,ok,5870142886,1
2026-09-06T08:10:32.249166+00:00,53.245463038,248003,5870154575,5870171020,15,True,15,1.23631,1.81901,1.9495196865275783,1.867241423423351,1.236308595086667,1.8190091056518523,0.23408133013743843,2.71659,ok,5870158888,1,4.5733,ok,5870162886,1,3.4867,ok,5870166886,1,4.79556,ok,5870170886,1
2026-09-06T08:10:32.271176+00:00,53.267470095,248004,5870176838,5870193020,15,True,15,1.23658,1.83956,1.9510464298953518,1.8869865967268376,1.2365736642166665,1.8395677551407421,0.24930211765924862,2.74776,ok,5870180887,1,4.59435,ok,5870184886,1,3.48822,ok,5870188886,1,4.79111,ok,5870192886,1
2026-09-06T08:10:32.293152+00:00,53.289449567,248005,5870199092,5870215020,15,True,15,1.22073,1.81696,1.93659824465579,1.8657266573307716,1.2207267096299999,1.8169556644222236,0.2408868817224108,2.71384,ok,5870202888,1,4.61042,ok,5870206886,1,3.51577,ok,5870210886,1,4.79132,ok,5870214886,1
2026-09-06T08:10:32.316161+00:00,53.312453996,248006,5870221345,5870238020,15,True,15,1.22394,1.8044,1.9383195304136298,1.8535140805720578,1.2239368949600002,1.8043995966222233,0.2304649669921837,2.68411,ok,5870225887,1,4.57615,ok,5870229886,1,3.49155,ok,5870233886,1,4.79577,ok,5870237886,1
2026-09-06T08:10:32.338149+00:00,53.334445916,248007,5870243599,5870260019,15,True,15,1.22712,1.8251,1.94219868517262,1.873279613575223,1.2271228000100007,1.8250954435555555,0.24331509958999623,2.72703,ok,5870247888,1,4.5934,ok,5870251886,1,3.49209,ok,5870255886,1,4.80164,ok,5870259886,1
2026-09-06T08:10:32.360156+00:00,53.356453134,248008,5870265858,5870282020,15,True,15,1.21969,1.81512,1.9355287738868021,1.8639351606170034,1.2196959902900002,1.815111829222223,0.24019471894302238,2.70895,ok,5870269888,1,4.60351,ok,5870273886,1,3.5076,ok,5870277886,1,4.79631,ok,5870281886,1
2026-09-06T08:10:32.382137+00:00,53.378433822,248009,5870288120,5870304020,15,True,15,1.2019,1.8201,1.9208421724521454,1.8690604183738568,1.2018947659833332,1.820094418503705,0.2536892043749743,2.69733,ok,5870291888,1,4.61854,ok,5870295886,1,3.49557,ok,5870299886,1,4.8012,ok,5870303886,1
2026-09-06T08:10:32.405151+00:00,53.401448651,248010,5870310377,5870327020,15,True,15,1.25105,1.81866,1.9619543964139736,1.8666420250564328,1.2510507035,1.8186610519222226,0.22634248853203834,2.71773,ok,5870314888,1,4.55818,ok,5870318886,1,3.48849,ok,5870322886,1,4.78081,ok,5870326886,1
2026-09-06T08:10:32.427130+00:00,53.423426619,248011,5870332636,5870349019,15,True,15,1.24246,1.82909,1.9554210650270567,1.8768462935092622,1.2424592732833333,1.8290901229370382,0.23845325119776897,2.71623,ok,5870336888,1,4.57181,ok,5870340886,1,3.48055,ok,5870344886,1,4.77424,ok,5870348886,1
2026-09-06T08:10:32.449147+00:00,53.445444012,248012,5870354890,5870371020,15,True,15,1.23045,1.8113,1.944322159842661,1.8600463729792744,1.2304553240966667,1.811292796818519,0.23160036600985587,2.68773,ok,5870358888,1,4.57573,ok,5870362886,1,3.49145,ok,5870366886,1,4.78014,ok,5870370886,1
2026-09-06T08:10:32.472127+00:00,53.46842476,248013,5870377148,5870394019,15,True,15,1.23848,1.80707,1.9505812737563373,1.855727928939969,1.2384790126133332,1.8070726635148158,0.2243164867702242,2.71676,ok,5870381888,1,4.56852,ok,5870385886,1,3.49893,ok,5870389886,1,4.80697,ok,5870393886,1
2026-09-06T08:10:32.494153+00:00,53.490449866,248014,5870399407,5870416019,15,True,15,1.21887,1.82988,1.9356010788955673,1.8780567699094677,1.2188727364,1.829879088088889,0.25112847497881363,2.71853,ok,5870403888,1,4.60197,ok,5870407886,1,3.48539,ok,5870411886,1,4.79649,ok,5870415886,1
2026-09-06T08:10:32.516158+00:00,53.512454875,248015,5870421898,5870438020,15,True,15,1.21326,1.83673,1.931370243700237,1.8847775253437955,1.2132589770600002,1.8367312717555564,0.2590313387790192,2.7151,ok,5870425900,1,4.61149,ok,5870429886,1,3.48107,ok,5870433886,1,4.78873,ok,5870437886,1
2026-09-06T08:10:32.538118+00:00,53.534415787,248016,5870444157,5870460019,15,True,15,1.20463,1.82828,1.9234530153437566,1.8767668348964461,1.2046311153499998,1.8282760362666672,0.25778883880659426,2.70944,ok,5870447887,1,4.61073,ok,5870451886,1,3.4786,ok,5870455886,1,4.80897,ok,5870459886,1
2026-09-06T08:10:32.561155+00:00,53.5574526,248017,5870466412,5870483019,15,True,15,1.2461,1.82307,1.958004729171902,1.8709455701419915,1.2460922128000005,1.8230672963222223,0.23212703909246138,2.75551,ok,5870470888,1,4.58433,ok,5870474886,1,3.5099,ok,5870478886,1,4.80522,ok,5870482886,1
2026-09-06T08:10:32.614190+00:00,53.610487149,248018,5870518956,5870536020,15,True,15,1.22294,1.81629,1.9381634294065928,1.8649218237325864,1.2229383387333341,1.8162881883259256,0.23927061052739523,2.69412,ok,5870523888,1,4.58074,ok,5870527886,1,3.4808,ok,5870531886,1,4.79354,ok,5870535886,1
2026-09-06T08:10:32.636154+00:00,53.63245171,248019,5870541221,5870558019,15,True,15,1.23155,1.81871,1.9456550940880133,1.867120322177334,1.2315533053933339,1.8187089185370375,0.23632491792972143,2.71518,ok,5870545888,1,4.58785,ok,5870549886,1,3.49936,ok,5870553886,1,4.79026,ok,5870557886,1
2026-09-06T08:10:32.658136+00:00,53.654433326,248020,5870563477,5870580020,15,True,15,1.23681,1.83263,1.9508088537149353,1.880314134509844,1.2368112418500006,1.832625739155556,0.24392607012900064,2.74327,ok,5870567888,1,4.59058,ok,5870571886,1,3.49255,ok,5870575886,1,4.7956,ok,5870579886,1
2026-09-06T08:10:32.680157+00:00,53.6764544,248021,5870585732,5870602020,15,True,15,1.21057,1.8091,1.9275300961360466,1.8583663247674636,1.2105660614433327,1.8090961854259262,0.2412695908576431,2.68199,ok,5870589888,1,4.6024,ok,5870593886,1,3.50084,ok,5870597886,1,4.79175,ok,5870601886,1
2026-09-06T08:10:32.702162+00:00,53.698459377,248022,5870607988,5870624020,15,True,15,1.20775,1.82997,1.9263501790500723,1.8784083085009118,1.2077465113500006,1.8299652273777787,0.25719082561229967,2.7147,ok,5870611888,1,4.62015,ok,5870615886,1,3.49336,ok,5870619886,1,4.79779,ok,5870623886,1
2026-09-06T08:10:32.725133+00:00,53.721430204,248023,5870630252,5870647020,15,True,15,1.23856,1.82016,1.9515549407891444,1.8683389059139128,1.2385584261666664,1.8201635129962965,0.2337489634217594,2.72652,ok,5870634888,1,4.58063,ok,5870638886,1,3.49804,ok,5870642886,1,4.79406,ok,5870646886,1
2026-09-06T08:10:32.747162+00:00,53.743457646,248024,5870652507,5870669020,15,True,15,1.20588,1.81746,1.924108592877434,1.8664951539769232,1.20587647856,1.817464783644445,0.24960048360125672,2.67749,ok,5870656888,1,4.60651,ok,5870660886,1,3.48877,ok,5870664886,1,4.78469,ok,5870668886,1
2026-09-06T08:10:32.769124+00:00,53.765421918,248025,5870674762,5870691020,15,True,15,1.22705,1.82251,1.9421256262183233,1.8708686956623577,1.227047669193334,1.8225082313259264,0.24144914455258012,2.70101,ok,5870678888,1,4.587,ok,5870682886,1,3.4869,ok,5870686886,1,4.78088,ok,5870690886,1
2026-09-06T08:10:32.791156+00:00,53.7874532,248026,5870697016,5870713020,15,True,15,1.22832,1.84587,1.9446530952001158,1.8932721213451222,1.2283274148700003,1.845869882577778,0.25809052767964025,2.74002,ok,5870700888,1,4.60979,ok,5870704886,1,3.48864,ok,5870708886,1,4.77869,ok,5870712886,1
2026-09-06T08:10:32.814205+00:00,53.810500797,248027,5870719272,5870736019,15,True,15,1.22964,1.82083,1.9440042675009945,1.8691155971874218,1.2296405587233337,1.8208335994148148,0.23891308672292594,2.7222,ok,5870723888,1,4.58418,ok,5870727886,1,3.48907,ok,5870731886,1,4.80372,ok,5870735886,1
2026-09-06T08:10:32.836189+00:00,53.832484622,248028,5870741536,5870758020,15,True,15,1.22102,1.82283,1.9370489677129406,1.8712812196578044,1.2210162555600004,1.8228249272000008,0.24491329745739468,2.71206,ok,5870745888,1,4.59994,ok,5870749886,1,3.49488,ok,5870753886,1,4.79326,ok,5870757886,1
2026-09-06T08:10:32.858135+00:00,53.854431933,248029,5870763791,5870780019,15,True,15,1.21605,1.83642,1.9335778525782688,1.8843669305446407,1.2160430413333339,1.8364176366814815,0.2573591469216973,2.73831,ok,5870767888,1,4.61477,ok,5870771886,1,3.48981,ok,5870775886,1,4.80645,ok,5870779886,1
2026-09-06T08:10:32.880143+00:00,53.876440527,248030,5870786045,5870802020,15,True,15,1.21847,1.8282,1.9352020460578547,1.876467727394049,1.2184717462100008,1.8281945091222227,0.2501239181926768,2.71868,ok,5870789888,1,4.60504,ok,5870793886,1,3.49104,ok,5870797886,1,4.79613,ok,5870801886,1
2026-09-06T08:10:32.903230+00:00,53.899527101,248031,5870808298,5870825020,15,True,15,1.21193,1.82108,1.9290231824139665,1.8696496298477243,1.2119348824500003,1.8210756693333339,0.24875795042873688,2.71619,ok,5870812888,1,4.59734,ok,5870816886,1,3.48069,ok,5870820886,1,4.82094,ok,5870824886,1
2026-09-06T08:10:32.931165+00:00,53.927462126,248032,5870836589,5870853020,15,True,15,1.22223,1.80767,1.9371401423803865,1.8567146521756102,1.2222274234066661,1.8076707166740749,0.23365402706787525,2.68914,ok,5870840888,1,4.58483,ok,5870844886,1,3.49627,ok,5870848886,1,4.79361,ok,5870852886,1
2026-09-06T08:10:32.953145+00:00,53.949441918,248033,5870858854,5870875019,15,True,15,1.23879,1.81834,1.9516693566703212,1.8666026263944537,1.2387929595400002,1.8183449958,0.23228410849929207,2.70967,ok,5870862887,1,4.57202,ok,5870866886,1,3.48944,ok,5870870886,1,4.78438,ok,5870874886,1
2026-09-06T08:10:32.975139+00:00,53.971436335,248034,5870881109,5870897020,15,True,15,1.2554,1.81568,1.9653165226669544,1.8636469076847175,1.255397067733334,1.8156847547703705,0.2219733232215512,2.72866,ok,5870884888,1,4.5523,ok,5870888886,1,3.49088,ok,5870892886,1,4.79256,ok,5870896886,1
2026-09-06T08:10:32.998156+00:00,53.994453692,248035,5870903362,5870920020,15,True,15,1.20856,1.82849,1.9269267864292143,1.8769655848019446,1.208563997276667,1.8284888893629636,0.2557113892275334,2.70427,ok,5870907887,1,4.61174,ok,5870911886,1,3.48531,ok,5870915886,1,4.79378,ok,5870919886,1
2026-09-06T08:10:33.020149+00:00,54.016446445,248036,5870925621,5870942020,15,True,15,1.20494,1.81806,1.923240250126601,1.8670331867928343,1.2049374504066666,1.8180629235074084,0.25057978198514297,2.69473,ok,5870929888,1,4.6109,ok,5870933886,1,3.49245,ok,5870937886,1,4.80119,ok,5870941886,1
2026-09-06T08:10:33.042176+00:00,54.038473726,248037,5870947877,5870964020,15,True,15,1.2271,1.81329,1.9414112756957094,1.8619290479402508,1.227102965096667,1.8132908877962968,0.2348973977608576,2.72021,ok,5870951888,1,4.58644,ok,5870955886,1,3.49812,ok,5870959886,1,4.81165,ok,5870963886,1
2026-09-06T08:10:33.064134+00:00,54.060430926,248038,5870970141,5870986020,15,True,15,1.24202,1.80879,1.9537558259896726,1.8573558191630921,1.242018870846667,1.8087968529074083,0.2236460631058991,2.70826,ok,5870973888,1,4.56439,ok,5870977886,1,3.49638,ok,5870981886,1,4.7923,ok,5870985886,1
2026-09-06T08:10:33.087161+00:00,54.083458043,248039,5870992398,5871009020,15,True,15,1.21308,1.81061,1.9297069680863246,1.8597542321709173,1.2130820448300006,1.8106102229333334,0.24084318562798196,2.69084,ok,5870996888,1,4.60241,ok,5871000886,1,3.5025,ok,5871004886,1,4.79499,ok,5871008886,1
2026-09-06T08:10:33.128169+00:00,54.124466093,248040,5871033944,5871050020,15,True,15,1.23899,1.79993,1.9507742537393922,1.848959136371749,1.2389844754733328,1.7999283078703716,0.2189314919907833,2.69418,ok,5871037888,1,4.56681,ok,5871041886,1,3.5066,ok,5871045886,1,4.78878,ok,5871049886,1
2026-09-06T08:10:33.151180+00:00,54.147477529,248041,5871056210,5871073020,15,True,15,1.22219,1.8237,1.9380781061339196,1.872088432059652,1.2221916896699998,1.8236967240777784,0.24490452745303043,2.70951,ok,5871060888,1,4.59615,ok,5871064886,1,3.49045,ok,5871068886,1,4.79074,ok,5871072886,1
2026-09-06T08:10:33.173145+00:00,54.169441961,248042,5871078469,5871095019,15,True,15,1.21566,1.82099,1.93240397573499,1.8696143851557727,1.2156629433866668,1.8209923354962971,0.24655652885725682,2.72182,ok,5871082888,1,4.6108,ok,5871086886,1,3.50388,ok,5871090886,1,4.80676,ok,5871094886,1
2026-09-06T08:10:33.195158+00:00,54.191455674,248043,5871100722,5871117020,15,True,15,1.21593,1.81251,1.9319102515537259,1.8613710848510392,1.2159304205900006,1.812506292655556,0.24059891725410792,2.70519,ok,5871104888,1,4.58869,ok,5871108886,1,3.48609,ok,5871112886,1,4.81652,ok,5871116886,1
2026-09-06T08:10:33.217176+00:00,54.213473036,248044,5871122975,5871139019,15,True,15,1.21993,1.81734,1.935634615942302,1.8659626818069974,1.219930399966667,1.8173419931185195,0.2416832448063605,2.72398,ok,5871126888,1,4.59847,ok,5871130886,1,3.49845,ok,5871134886,1,4.81555,ok,5871138886,1
2026-09-06T08:10:33.240147+00:00,54.236444119,248045,5871145227,5871162020,15,True,15,1.21029,1.864,1.9302256144295042,1.9108521915838925,1.2102849731,1.8639952683000007,0.28075004656013086,2.74698,ok,5871149888,1,4.61571,ok,5871153886,1,3.44698,ok,5871157886,1,4.8016,ok,5871161886,1
2026-09-06T08:10:33.268173+00:00,54.264470443,248046,5871173570,5871190019,15,True,15,1.21738,1.80818,1.9329180776929098,1.8572214576674244,1.217378341256667,1.8081851352629639,0.23681675484107412,2.70283,ok,5871177888,1,4.58867,ok,5871181886,1,3.49371,ok,5871185886,1,4.81492,ok,5871189886,1
2026-09-06T08:10:33.290160+00:00,54.286456091,248047,5871195832,5871212020,15,True,15,1.22459,1.81157,1.9392587527464198,1.8603569308640584,1.2245881094633337,1.8115670144592595,0.23505647435088386,2.69589,ok,5871199887,1,4.57942,ok,5871203886,1,3.48753,ok,5871207886,1,4.79778,ok,5871211886,1
2026-09-06T08:10:33.312223+00:00,54.308516046,248048,5871218086,5871234020,15,True,15,1.20865,1.81204,1.9259836189557535,1.8611743187063678,1.2086449557766659,1.8120372619740752,0.24438802550364036,2.67875,ok,5871221888,1,4.59639,ok,5871225886,1,3.48639,ok,5871229886,1,4.79514,ok,5871233886,1
2026-09-06T08:10:33.335155+00:00,54.331452504,248049,5871240339,5871257020,15,True,15,1.23168,1.80747,1.9449913142035402,1.856293586999657,1.2316804465099997,1.807470367277779,0.22826946307735083,2.69371,ok,5871244887,1,4.56998,ok,5871248886,1,3.4906,ok,5871252886,1,4.79339,ok,5871256886,1
2026-09-06T08:10:33.357165+00:00,54.353461962,248050,5871262592,5871279019,15,True,15,1.24885,1.80734,1.9594148866324588,1.8558296338304454,1.2488453893733338,1.8073443951703716,0.2190171955946886,2.72358,ok,5871266888,1,4.56498,ok,5871270886,1,3.50876,ok,5871274886,1,4.79622,ok,5871278886,1
2026-09-06T08:10:33.379184+00:00,54.375481211,248051,5871284850,5871301020,15,True,15,1.24201,1.81084,1.953968636964573,1.859362768251165,1.242003980366667,1.8108383222740745,0.22511227057625552,2.70584,ok,5871288888,1,4.56903,ok,5871292886,1,3.49979,ok,5871296886,1,4.78325,ok,5871300886,1
2026-09-06T08:10:33.401158+00:00,54.397455212,248052,5871307110,5871323019,15,True,15,1.23467,1.82626,1.9485100596738218,1.874194657771473,1.2346667875800001,1.8262565913888893,0.24027269574482438,2.73463,ok,5871310888,1,4.58186,ok,5871314886,1,3.48623,ok,5871318886,1,4.80451,ok,5871322886,1
2026-09-06T08:10:33.424181+00:00,54.42047756,248053,5871329366,5871346019,15,True,15,1.25414,1.81134,1.9641310821069744,1.8595663781839518,1.2541369895933334,1.8113371795481488,0.21928763910823426,2.73408,ok,5871333888,1,4.56565,ok,5871337886,1,3.51205,ok,5871341886,1,4.79275,ok,5871345886,1
2026-09-06T08:10:33.446170+00:00,54.442467049,248054,5871351626,5871368020,15,True,15,1.23206,1.80619,1.9452441777993856,1.855069161950897,1.2320593132066664,1.8061962502296307,0.22716394856395075,2.68339,ok,5871355888,1,4.56414,ok,5871359886,1,3.48514,ok,5871363886,1,4.78778,ok,5871367886,1
2026-09-06T08:10:33.468148+00:00,54.464445049,248055,5871373879,5871390020,15,True,15,1.24164,1.81392,1.9536350940843885,1.8622321017781494,1.241632502626667,1.8139243806962968,0.2276047593611683,2.71222,ok,5871377888,1,4.56066,ok,5871381886,1,3.48434,ok,5871385886,1,4.79632,ok,5871389886,1
2026-09-06T08:10:33.491185+00:00,54.487482182,248056,5871396138,5871413020,15,True,15,1.22723,1.82253,1.9421688027102098,1.8708294666594956,1.2272292182666666,1.822525727396297,0.24139169049012518,2.714,ok,5871400888,1,4.5878,ok,5871404886,1,3.48819,ok,5871408886,1,4.79441,ok,5871412886,1
2026-09-06T08:10:33.513150+00:00,54.509447799,248057,5871418399,5871435020,15,True,15,1.21371,1.82822,1.9314182870802288,1.876686137783874,1.2137127432033337,1.828216301925927,0.2526531149004614,2.70826,ok,5871422888,1,4.61803,ok,5871426886,1,3.50134,ok,5871430886,1,4.78173,ok,5871434886,1
2026-09-06T08:10:33.535175+00:00,54.531471048,248058,5871440654,5871457020,15,True,15,1.21104,1.81534,1.928182812693691,1.864290323675832,1.2110382281066672,1.8153416659518522,0.24525033233059632,2.67807,ok,5871444888,1,4.59195,ok,5871448886,1,3.4797,ok,5871452886,1,4.79054,ok,5871456886,1
2026-09-06T08:10:33.557160+00:00,54.553456953,248059,5871462907,5871479019,15,True,15,1.23464,1.8382,1.9493855517358145,1.885734900013486,1.2346418176000005,1.8381999522222225,0.24919725549090696,2.7485,ok,5871466888,1,4.60014,ok,5871470886,1,3.49484,ok,5871474886,1,4.79172,ok,5871478886,1
2026-09-06T08:10:33.579220+00:00,54.575514828,248060,5871485161,5871501019,15,True,15,1.21304,1.82192,1.9302454932273472,1.870544929873387,1.2130420854533328,1.8219130501481484,0.24865412269783002,2.71354,ok,5871488888,1,4.60868,ok,5871492886,1,3.49616,ok,5871496886,1,4.80402,ok,5871500886,1
2026-09-06T08:10:33.632190+00:00,54.628486944,248061,5871536972,5871554020,15,True,15,1.22476,1.83336,1.9408583308964988,1.8813192685014555,1.2247622123000002,1.8333555578111118,0.2505447771016976,2.72618,ok,5871541888,1,4.60433,ok,5871545886,1,3.49246,ok,5871549886,1,4.78736,ok,5871553886,1
2026-09-06T08:10:33.654159+00:00,54.650456592,248062,5871559238,5871576020,15,True,15,1.22728,1.81935,1.9421098502570837,1.8678296953742528,1.2272730152266673,1.8193520617074077,0.23906377989015146,2.7048,ok,5871563888,1,4.5882,ok,5871567886,1,3.49287,ok,5871571886,1,4.78651,ok,5871575886,1
2026-09-06T08:10:33.676166+00:00,54.672463649,248063,5871581493,5871598019,15,True,15,1.21034,1.8389,1.9290784743377225,1.8869299922656875,1.2103370314200002,1.8388974868333345,0.26213690911535614,2.72414,ok,5871585888,1,4.62257,ok,5871589886,1,3.48876,ok,5871593886,1,4.79238,ok,5871597886,1
2026-09-06T08:10:33.698154+00:00,54.694451698,248064,5871603747,5871620020,15,True,15,1.21729,1.85034,1.9357259561425604,1.897815135736426,1.2172981170733335,1.8503386350037048,0.2669155558674032,2.73773,ok,5871607888,1,4.62718,ok,5871611886,1,3.49009,ok,5871615886,1,4.77813,ok,5871619886,1
2026-09-06T08:10:33.720178+00:00,54.716474755,248065,5871626003,5871642020,15,True,15,1.21311,1.81663,1.9301865074830011,1.8655753036213254,1.2131068610900004,1.8166321392111116,0.24490517696575534,2.68336,ok,5871629888,1,4.60342,ok,5871633886,1,3.49612,ok,5871637886,1,4.77991,ok,5871641886,1
2026-09-06T08:10:33.743156+00:00,54.739452975,248066,5871648266,5871665019,15,True,15,1.23093,1.82091,1.9454764527537929,1.869351768222767,1.2309202701699997,1.8209130246000014,0.23820400466347139,2.70603,ok,5871652888,1,4.59639,ok,5871656886,1,3.50682,ok,5871660886,1,4.77093,ok,5871664886,1
2026-09-06T08:10:33.775195+00:00,54.771490414,248067,5871670523,5871697019,15,True,15,1.23987,1.82308,1.9529851222135315,1.871190931411653,1.2398663441933335,1.8230878668814818,0.23521702529556893,2.73393,ok,5871674888,1,4.59242,ok,5871678886,1,3.51158,ok,5871682886,1,4.78574,ok,5871696886,2
2026-09-06T08:10:33.792156+00:00,54.788453272,248068,5871697696,5871714019,15,True,15,1.2308,1.82519,1.945644730438521,1.8734630351924635,1.2307953741233337,1.8251888901925932,0.24138431978081681,2.70264,ok,5871701892,1,4.59527,ok,5871705886,1,3.49968,ok,5871709886,1,4.76439,ok,5871713886,1
2026-09-06T08:10:33.824173+00:00,54.820470391,248069,5871719948,5871746020,15,True,15,1.24709,1.815,1.9585249124403228,1.8632712910406777,1.2470892842433332,1.8150043726259268,0.225552798183799,2.70455,ok,5871723888,1,4.56311,ok,5871737886,2,3.49397,ok,5871741886,1,4.77288,ok,5871745886,1
2026-09-06T08:10:33.841251+00:00,54.837545603,248070,5871747034,5871763019,15,True,15,1.2353,1.83355,1.9498047554228586,1.881330912732112,1.2353056714466668,1.8335526891629628,0.24533414565361628,2.73311,ok,5871750892,1,4.59878,ok,5871754886,1,3.49998,ok,5871758886,1,4.77838,ok,5871762886,1
2026-09-06T08:10:33.864195+00:00,54.860492526,248071,5871769297,5871786020,15,True,15,1.21445,1.82666,1.9318842961568992,1.875151873587798,1.2144470748499998,1.8266605366777782,0.2511669356556054,2.71562,ok,5871773888,1,4.61804,ok,5871777886,1,3.5044,ok,5871781886,1,4.78999,ok,5871785886,1
2026-09-06T08:10:33.886161+00:00,54.882458622,248072,5871791551,5871808019,15,True,15,1.21495,1.83367,1.9326274162506805,1.8818149124824681,1.21494357426,1.8336650456222228,0.2559206693806556,2.72158,ok,5871795888,1,4.61479,ok,5871799886,1,3.49181,ok,5871803886,1,4.79227,ok,5871807886,1
2026-09-06T08:10:33.908164+00:00,54.904460751,248073,5871813805,5871830020,15,True,15,1.22635,1.84482,1.9429373577811941,1.8923109084192802,1.2263518317066673,1.8448224907296298,0.258269902563571,2.75046,ok,5871817888,1,4.61914,ok,5871821886,1,3.49951,ok,5871825886,1,4.78677,ok,5871829886,1
2026-09-06T08:10:33.930191+00:00,54.926488417,248074,5871836058,5871852020,15,True,15,1.21379,1.83695,1.932040122332293,1.8850712175373716,1.2137913274099998,1.8369450621444452,0.2588542586380548,2.72816,ok,5871839888,1,4.63094,ok,5871843886,1,3.50728,ok,5871847886,1,4.78349,ok,5871851886,1
2026-09-06T08:10:33.958194+00:00,54.954491316,248075,5871863590,5871880020,15,True,15,1.24602,1.82758,1.958592708280996,1.8754513099734091,1.2460185915066666,1.8275763336740742,0.23551876971325464,2.702,ok,5871867888,1,4.57502,ok,5871871886,1,3.49182,ok,5871875886,1,4.74892,ok,5871879886,1
2026-09-06T08:10:33.980164+00:00,54.976460964,248076,5871885856,5871902020,15,True,15,1.23611,1.82451,1.9501684519577585,1.8727508817486003,1.23611562802,1.8245120546000009,0.23812972146028427,2.7074,ok,5871889887,1,4.59659,ok,5871893886,1,3.50987,ok,5871897886,1,4.75799,ok,5871901886,1
2026-09-06T08:10:34.002183+00:00,54.998480533,248077,5871908110,5871924020,15,True,15,1.22965,1.85836,1.9467337646727283,1.9053341073168282,1.2296480866500004,1.8583651707333337,0.2670218607251493,2.73291,ok,5871911888,1,4.61615,ok,5871915886,1,3.48282,ok,5871919886,1,4.74979,ok,5871923886,1
2026-09-06T08:10:34.025173+00:00,55.021470881,248078,5871930364,5871947020,15,True,15,1.23205,1.81901,1.9461764196930358,1.8674408448357835,1.2320501311133336,1.8190112262148153,0.23626106866148314,2.70236,ok,5871934887,1,4.58473,ok,5871938886,1,3.49559,ok,5871942886,1,4.77741,ok,5871946886,1
2026-09-06T08:10:34.047182+00:00,55.043478963,248079,5871952621,5871969020,15,True,15,1.2302,1.80996,1.9441260810962224,1.858822656921723,1.2301975602866666,1.8099618147185192,0.23077422482783927,2.68758,ok,5871956888,1,4.58211,ok,5871960886,1,3.50115,ok,5871964886,1,4.77565,ok,5871968886,1
2026-09-06T08:10:34.069194+00:00,55.065491076,248080,5871974877,5871991020,15,True,15,1.22092,1.82654,1.9374546813112714,1.8749665605157784,1.2209236370399998,1.826536699200001,0.24755208335459108,2.70519,ok,5871978888,1,4.61135,ok,5871982886,1,3.50499,ok,5871986886,1,4.77119,ok,5871990886,1
2026-09-06T08:10:34.091171+00:00,55.087468404,248081,5871997140,5872013020,15,True,15,1.22578,1.83631,1.9419497460107469,1.8841582946989506,1.2257802844700008,1.8363081455777779,0.2521893871689804,2.72632,ok,5872000888,1,4.60636,ok,5872004886,1,3.49279,ok,5872008886,1,4.78066,ok,5872012886,1
2026-09-06T08:10:34.130194+00:00,55.126491504,248082,5872036071,5872052020,15,True,15,1.23662,1.83096,1.9507659733142222,1.8788201266956448,1.2366227200000002,1.8309574261333348,0.24272527055584492,2.73166,ok,5872039888,1,4.59694,ok,5872043886,1,3.50278,ok,5872047886,1,4.77818,ok,5872051886,1
2026-09-06T08:10:34.153180+00:00,55.149476988,248083,5872058332,5872075020,15,True,15,1.25991,1.83007,1.9703266725540798,1.877523469707938,1.259904742686666,1.8300709813518528,0.23094853623143208,2.73074,ok,5872062888,1,4.56813,ok,5872066886,1,3.49946,ok,5872070886,1,4.75682,ok,5872074886,1
2026-09-06T08:10:34.175202+00:00,55.171499374,248084,5872080587,5872097020,15,True,15,1.23978,1.82327,1.9530714043013544,1.8714409579612696,1.2397734412833332,1.8232708086259264,0.23537009305587603,2.69497,ok,5872084888,1,4.57867,ok,5872088886,1,3.49321,ok,5872092886,1,4.75464,ok,5872096886,1
2026-09-06T08:10:34.197180+00:00,55.193477758,248085,5872102848,5872119019,15,True,15,1.23608,1.82941,1.9501983141674184,1.8773401263684608,1.2360793721933334,1.8294118870148157,0.24184217340396177,2.71815,ok,5872106888,1,4.58866,ok,5872110886,1,3.49312,ok,5872114886,1,4.77332,ok,5872118886,1
2026-09-06T08:10:34.219182+00:00,55.215479279,248086,5872125105,5872141020,15,True,15,1.23314,1.86404,1.9498477552543898,1.9106321554099341,1.2331402009433332,1.8640424823481487,0.2698774588887805,2.77101,ok,5872128888,1,4.62421,ok,5872132886,1,3.49118,ok,5872136886,1,4.77331,ok,5872140886,1
2026-09-06T08:10:34.242246+00:00,55.238539773,248087,5872147359,5872164020,15,True,15,1.23404,1.82207,1.948035962291617,1.8703301698175085,1.2340398159933335,1.8220635573259263,0.23744338597911885,2.71018,ok,5872151888,1,4.58673,ok,5872155886,1,3.49713,ok,5872159886,1,4.77731,ok,5872163886,1
2026-09-06T08:10:34.264168+00:00,55.260465388,248088,5872169619,5872186019,15,True,15,1.20949,1.82491,1.9276438931723006,1.8735834334696784,1.2094956684133333,1.8249083386037048,0.25265401468838117,2.69231,ok,5872173888,1,4.61263,ok,5872177886,1,3.49244,ok,5872181886,1,4.78086,ok,5872185886,1
2026-09-06T08:10:34.292252+00:00,55.288547905,248089,5872197594,5872214020,15,True,15,1.23611,1.81945,1.949767938728396,1.86785560055929,1.2361145914466674,1.8194553842185186,0.23442431117521575,2.68599,ok,5872201888,1,4.57858,ok,5872205886,1,3.49277,ok,5872209886,1,4.75587,ok,5872213886,1
2026-09-06T08:10:34.314188+00:00,55.310484368,248090,5872219859,5872236019,15,True,15,1.2417,1.82849,1.9549348528119768,1.8763742204220506,1.2416949593133335,1.828486797592593,0.2383388940800273,2.71827,ok,5872223887,1,4.58564,ok,5872227886,1,3.49838,ok,5872231886,1,4.76546,ok,5872235886,1
2026-09-06T08:10:34.336177+00:00,55.332473953,248091,5872242117,5872258020,15,True,15,1.26134,1.82147,1.97105762865031,1.8692636443357014,1.2613402373533333,1.8214686636814823,0.22353526515858382,2.73201,ok,5872245888,1,4.57,ok,5872249886,1,3.51498,ok,5872253886,1,4.7616,ok,5872257886,1
2026-09-06T08:10:34.359204+00:00,55.355501102,248092,5872264371,5872281020,15,True,15,1.22206,1.81473,1.937574741744836,1.8635648564154808,1.2220578147133334,1.8147339402592595,0.23859906928776883,2.68947,ok,5872268887,1,4.59396,ok,5872272886,1,3.49892,ok,5872276886,1,4.77894,ok,5872280886,1
2026-09-06T08:10:34.381170+00:00,55.377467454,248093,5872286628,5872303020,15,True,15,1.24806,1.80795,1.958794115164494,1.8564316886532737,1.24805800522,1.8079534276333336,0.21987070058676242,2.7074,ok,5872290888,1,4.55663,ok,5872294886,1,3.49598,ok,5872298886,1,4.7869,ok,5872302886,1
2026-09-06T08:10:34.403203+00:00,55.399500336,248094,5872308886,5872325019,15,True,15,1.24388,1.82409,1.956350884977923,1.8720345073196847,1.243883160986667,1.8240863696629628,0.2339643946152884,2.72062,ok,5872312888,1,4.57486,ok,5872316886,1,3.49305,ok,5872320886,1,4.77805,ok,5872324886,1
2026-09-06T08:10:34.425201+00:00,55.421498209,248095,5872331148,5872347019,15,True,15,1.23216,1.8242,1.9465985770483023,1.872424573976487,1.2321661590933337,1.8242036240481483,0.23998163424438176,2.71062,ok,5872334888,1,4.58988,ok,5872338886,1,3.49583,ok,5872342886,1,4.77669,ok,5872346886,1
2026-09-06T08:10:34.448205+00:00,55.444501517,248096,5872353405,5872370020,15,True,15,1.23501,1.81238,1.9483488373103277,1.8610546844286824,1.235013045466667,1.8123749326518523,0.2298822538712063,2.68631,ok,5872357888,1,4.57661,ok,5872361886,1,3.49773,ok,5872365886,1,4.76713,ok,5872369886,1
2026-09-06T08:10:34.470186+00:00,55.466483678,248097,5872375660,5872392020,15,True,15,1.25668,1.80892,1.9664483708396558,1.857352975721731,1.2566707563466668,1.8089179299851854,0.21614597628808205,2.71162,ok,5872379888,1,4.56908,ok,5872383886,1,3.5232,ok,5872387886,1,4.76084,ok,5872391886,1
2026-09-06T08:10:34.492314+00:00,55.48861077,248098,5872397913,5872414020,15,True,15,1.24049,1.84099,1.9546524839611605,1.888375626752406,1.2404908344166672,1.8409851763740748,0.24847404677821358,2.72427,ok,5872401888,1,4.58874,ok,5872405886,1,3.48462,ok,5872409886,1,4.76005,ok,5872413886,1
2026-09-06T08:10:34.515217+00:00,55.511513692,248099,5872420171,5872437020,15,True,15,1.24419,1.83735,1.9573526048695982,1.8847270883158624,1.2441913716133337,1.837353505270371,0.24394366588450678,2.73571,ok,5872424888,1,4.57933,ok,5872428886,1,3.48224,ok,5872432886,1,4.77786,ok,5872436886,1
2026-09-06T08:10:34.537173+00:00,55.533469708,248100,5872442435,5872459020,15,True,15,1.22234,1.82681,1.9384525649815632,1.8750973668287894,1.2223429804800008,1.8268072695222226,0.24704171227587157,2.69959,ok,5872446888,1,4.59353,ok,5872450886,1,3.4832,ok,5872454886,1,4.7788,ok,5872458886,1
2026-09-06T08:10:34.559206+00:00,55.555503582,248101,5872464691,5872481020,15,True,15,1.2264,1.84986,1.9432698795997516,1.8971403236119306,1.226395721386667,1.8498622853740747,0.26206802241205496,2.73207,ok,5872468888,1,4.60741,ok,5872472886,1,3.47756,ok,5872476886,1,4.77216,ok,5872480886,1
2026-09-06T08:10:34.581175+00:00,55.577472526,248102,5872486946,5872503019,15,True,15,1.21894,1.85352,1.9372358145939128,1.900801705756787,1.2189382872833332,1.853516390848149,0.26849634933810945,2.73419,ok,5872490888,1,4.61917,ok,5872494886,1,3.47771,ok,5872498886,1,4.7754,ok,5872502886,1
2026-09-06T08:10:34.603196+00:00,55.599493055,248103,5872509199,5872525020,15,True,15,1.19895,1.84246,1.9197639769877899,1.8906005609717331,1.1989461726133337,1.8424634598370375,0.27080047971268884,2.71414,ok,5872512888,1,4.6342,ok,5872516886,1,3.48326,ok,5872520886,1,4.79022,ok,5872524886,1
2026-09-06T08:10:34.654224+00:00,55.650521183,248104,5872559089,5872576020,15,True,15,1.20463,1.85122,1.9252220181282327,1.8989608318599227,1.2046303874900002,1.8512231406777782,0.2740358173643033,2.7208,ok,5872563888,1,4.63921,ok,5872567886,1,3.48677,ok,5872571886,1,4.7728,ok,5872575886,1
2026-09-06T08:10:34.676191+00:00,55.672487951,248105,5872581355,5872598020,15,True,15,1.25134,1.83182,1.9629233005493825,1.8792258304646525,1.2513454124866668,1.83182194572963,0.2363036585996777,2.73577,ok,5872585888,1,4.56354,ok,5872589886,1,3.47893,ok,5872593886,1,4.78327,ok,5872597886,1
2026-09-06T08:10:34.698217+00:00,55.694513825,248106,5872603617,5872620020,15,True,15,1.22678,1.81014,1.941098680356728,1.8589825718982205,1.2267769492,1.8101373768333346,0.23282260207035202,2.69082,ok,5872607888,1,4.57878,ok,5872611886,1,3.49167,ok,5872615886,1,4.78947,ok,5872619886,1
2026-09-06T08:10:34.720186+00:00,55.716483121,248107,5872625871,5872642019,15,True,15,1.22938,1.82769,1.9444406411611785,1.8758081261024109,1.2293825621333334,1.827686743348148,0.24398432161371847,2.70733,ok,5872629888,1,4.58977,ok,5872633886,1,3.48721,ok,5872637886,1,4.77561,ok,5872641886,1
2026-09-06T08:10:34.743222+00:00,55.739518974,248108,5872648127,5872665020,15,True,15,1.24694,1.82257,1.9590140104624179,1.8706047118521434,1.2469362551300012,1.822566531833333,0.23127361638409638,2.71896,ok,5872652888,1,4.58121,ok,5872656886,1,3.50767,ok,5872660886,1,4.7651,ok,5872664886,1
2026-09-06T08:10:34.765942+00:00,55.76221277,248109,5872670390,5872687019,15,True,15,1.25047,1.8163,1.9615239548620882,1.8644760900634614,1.25047482602,1.816293929277778,0.22480552034899198,2.70808,ok,5872674888,1,4.56517,ok,5872678886,1,3.49984,ok,5872682886,1,4.7666,ok,5872686886,1
2026-09-06T08:10:34.787184+00:00,55.783480991,248110,5872692647,5872709020,15,True,15,1.23298,1.82838,1.9476455014656184,1.876464511380215,1.2329807826766674,1.8283778159407411,0.24261720360444733,2.69505,ok,5872696888,1,4.58604,ok,5872700886,1,3.48657,ok,5872704886,1,4.75708,ok,5872708886,1
2026-09-06T08:10:34.809196+00:00,55.805493553,248111,5872714902,5872731019,15,True,15,1.22347,1.83096,1.9398008288415165,1.8791249815547277,1.2234726012000001,1.8309563905777781,0.24942042678150092,2.69989,ok,5872718888,1,4.60089,ok,5872722886,1,3.48917,ok,5872726886,1,4.76577,ok,5872730886,1
2026-09-06T08:10:34.831204+00:00,55.827500962,248112,5872737154,5872753019,15,True,15,1.22055,1.83541,1.9377859367773287,1.8835326828196883,1.2205484787966665,1.8354039551074075,0.2541548229299126,2.72188,ok,5872740888,1,4.62787,ok,5872744886,1,3.51483,ok,5872748886,1,4.7666,ok,5872752886,1
2026-09-06T08:10:34.854233+00:00,55.850529967,248113,5872759410,5872776020,15,True,15,1.24539,1.83093,1.9580345936286703,1.8785706676571994,1.2453898055433335,1.8309297259259263,0.23842226937217106,2.72887,ok,5872763888,1,4.5777,ok,5872767886,1,3.49011,ok,5872771886,1,4.77514,ok,5872775886,1
2026-09-06T08:10:34.876203+00:00,55.872500159,248114,5872781675,5872798019,15,True,15,1.20864,1.80455,1.9256303578831653,1.8540411281419502,1.2086362121299996,1.8045483268111118,0.23939025363313987,2.6774,ok,5872785888,1,4.60231,ok,5872789886,1,3.50381,ok,5872793886,1,4.795,ok,5872797886,1
2026-09-06T08:10:34.898209+00:00,55.894504496,248115,5872803932,5872820020,15,True,15,1.22072,1.83622,1.9376942618108288,1.8841734440182005,1.2207249481200007,1.836218529522222,0.2547230518182475,2.72261,ok,5872807888,1,4.61081,ok,5872811886,1,3.49154,ok,5872815886,1,4.7828,ok,5872819886,1
2026-09-06T08:10:34.920225+00:00,55.916521538,248116,5872826187,5872842019,15,True,15,1.23141,1.85231,1.9475785164126034,1.8993631316388184,1.2314108491500007,1.852311532088889,0.261541703194012,2.76022,ok,5872829888,1,4.61417,ok,5872833886,1,3.49054,ok,5872837886,1,4.78519,ok,5872841886,1
2026-09-06T08:10:34.943198+00:00,55.939495373,248117,5872848440,5872865020,15,True,15,1.22761,1.85686,1.9447691175761375,1.9038567184759405,1.2276074549233333,1.8568606494703712,0.2668404759710008,2.75201,ok,5872852888,1,4.62081,ok,5872856886,1,3.48801,ok,5872860886,1,4.77298,ok,5872864886,1
2026-09-06T08:10:34.971202+00:00,55.967499456,248118,5872876589,5872893020,15,True,15,1.21721,1.84982,1.9355845961521168,1.8973001955092883,1.2172102447166662,1.849817792118519,0.26657736571937196,2.74233,ok,5872880888,1,4.6279,ok,5872884886,1,3.49159,ok,5872888886,1,4.78338,ok,5872892886,1
2026-09-06T08:10:34.993225+00:00,55.989522034,248119,5872898855,5872915020,15,True,15,1.22098,1.82357,1.937140066736693,1.8720249483005478,1.2209791349599999,1.8235610048000006,0.24543785357415984,2.69307,ok,5872902887,1,4.59345,ok,5872906886,1,3.48533,ok,5872910886,1,4.77743,ok,5872914886,1
2026-09-06T08:10:35.015236+00:00,56.011532515,248120,5872921110,5872937019,15,True,15,1.2369,1.81179,1.9497373509360036,1.8603742171552997,1.2369001391066665,1.8117851373185194,0.2284917261890176,2.70302,ok,5872924888,1,4.57422,ok,5872928886,1,3.49806,ok,5872932886,1,4.78488,ok,5872936886,1
2026-09-06T08:10:35.038204+00:00,56.034501422,248121,5872943365,5872960020,15,True,15,1.22601,1.83896,1.9424163714435638,1.8867545637937346,1.2260145805800002,1.8389656472222227,0.254024363137518,2.72842,ok,5872947887,1,4.61369,ok,5872951886,1,3.49937,ok,5872955886,1,4.77299,ok,5872959886,1
2026-09-06T08:10:35.060225+00:00,56.056521408,248122,5872965626,5872982020,15,True,15,1.26063,1.82445,1.9704180113498202,1.8720335693687418,1.2606296908266674,1.8244513198074082,0.22622277465814772,2.7301,ok,5872969888,1,4.55626,ok,5872973886,1,3.49224,ok,5872977886,1,4.77124,ok,5872981886,1
2026-09-06T08:10:35.082231+00:00,56.078528433,248123,5872987882,5873004019,15,True,15,1.24364,1.81508,1.955830983966163,1.8635121698521917,1.2436377790400002,1.8150831956111115,0.2273280478677184,2.69719,ok,5872991888,1,4.57555,ok,5872995886,1,3.50518,ok,5872999886,1,4.75978,ok,5873003886,1
2026-09-06T08:10:35.114230+00:00,56.11052552,248124,5873010145,5873036020,15,True,15,1.19615,1.82495,1.9166478331395418,1.8739916969940829,1.196149044523333,1.8249458005370376,0.26016101217872784,2.68427,ok,5873023888,2,4.63864,ok,5873027886,1,3.5077,ok,5873031886,1,4.77453,ok,5873035886,1
2026-09-06T08:10:35.155193+00:00,56.151490464,248125,5873060949,5873077019,15,True,15,1.2351,1.82217,1.9490263332090454,1.8704595187435642,1.2350994632000003,1.8221746374111112,0.23695654244716935,2.70148,ok,5873064888,1,4.58576,ok,5873068886,1,3.49723,ok,5873072886,1,4.76605,ok,5873076886,1
2026-09-06T08:10:35.178195+00:00,56.174492588,248126,5873083212,5873100020,15,True,15,1.23336,1.81607,1.947044075260541,1.8645606766835585,1.2333589716000002,1.816063008355556,0.2334502940585145,2.70361,ok,5873087888,1,4.58059,ok,5873091886,1,3.49583,ok,5873095886,1,4.78283,ok,5873099886,1
2026-09-06T08:10:35.200221+00:00,56.196518174,248127,5873105468,5873122020,15,True,15,1.24642,1.82863,1.9586398558482074,1.8762815587960222,1.2464219999600001,1.8286258666777786,0.23618200142046394,2.72561,ok,5873109888,1,4.56707,ok,5873113886,1,3.48062,ok,5873117886,1,4.7816,ok,5873121886,1
2026-09-06T08:10:35.222184+00:00,56.218481646,248128,5873127731,5873144019,15,True,15,1.23872,1.82581,1.9522397215641667,1.8738466824659314,1.2387259866933336,1.8258084357925934,0.23781175458283377,2.72109,ok,5873131888,1,4.58911,ok,5873135886,1,3.50213,ok,5873139886,1,4.77409,ok,5873143886,1
2026-09-06T08:10:35.244205+00:00,56.240502112,248129,5873149988,5873166020,15,True,15,1.20384,1.80905,1.9218593972420595,1.8584531087691043,1.2038384196233334,1.809052334148149,0.24518722300552553,2.68013,ok,5873153888,1,4.60944,ok,5873157886,1,3.50055,ok,5873161886,1,4.79698,ok,5873165886,1
2026-09-06T08:10:35.267198+00:00,56.263494764,248130,5873172242,5873189019,15,True,15,1.24739,1.83252,1.9598275532699034,1.8800635330654132,1.2473940387433333,1.8325219541703714,0.23868448451944985,2.73785,ok,5873176888,1,4.58105,ok,5873180886,1,3.49532,ok,5873184886,1,4.77651,ok,5873188886,1
2026-09-06T08:10:35.289197+00:00,56.285494333,248131,5873194495,5873211020,15,True,15,1.22955,1.84766,1.9457160071066535,1.8949317658412617,1.2295451587466666,1.8476594798074084,0.2588697250991127,2.73586,ok,5873198888,1,4.60152,ok,5873202886,1,3.47714,ok,5873206886,1,4.77766,ok,5873210886,1
2026-09-06T08:10:35.317204+00:00,56.313501424,248132,5873222591,5873239020,15,True,15,1.21458,1.82768,1.932073156195347,1.876132695129947,1.2145769458199998,1.8276766828555562,0.2518112826960619,2.71151,ok,5873226888,1,4.6165,ok,5873230886,1,3.50125,ok,5873234886,1,4.78559,ok,5873238886,1
2026-09-06T08:10:35.339211+00:00,56.335508449,248133,5873244856,5873261020,15,True,15,1.22167,1.83139,1.9382733954614466,1.8795587205214894,1.2216670193033339,1.8313884754814824,0.250688343288978,2.72639,ok,5873248887,1,4.61672,ok,5873252886,1,3.50689,ok,5873256886,1,4.78398,ok,5873260886,1
2026-09-06T08:10:35.361204+00:00,56.357501266,248134,5873267110,5873283019,15,True,15,1.22387,1.81683,1.9391325382375866,1.865500841289695,1.2238660245166673,1.8168339451851858,0.23910573631307522,2.70109,ok,5873270888,1,4.59296,ok,5873274886,1,3.49749,ok,5873278886,1,4.78724,ok,5873282886,1
2026-09-06T08:10:35.384203+00:00,56.38050003,248135,5873289364,5873306020,15,True,15,1.20957,1.83043,1.9282261674340846,1.878967256893962,1.2095725840166673,1.8304315155740747,0.25643467436946327,2.69585,ok,5873293887,1,4.62531,ok,5873297886,1,3.50219,ok,5873301886,1,4.76722,ok,5873305886,1
2026-09-06T08:10:35.406232+00:00,56.402529136,248136,5873311623,5873328020,15,True,15,1.21913,1.83072,1.9360958150893057,1.8789744474780365,1.2191244338833334,1.830726376770371,0.25154985367162325,2.70946,ok,5873315888,1,4.61011,ok,5873319886,1,3.4954,ok,5873323886,1,4.77705,ok,5873327886,1
2026-09-06T08:10:35.428212+00:00,56.424508928,248137,5873333881,5873350019,15,True,15,1.23709,1.82107,1.9505817067238733,1.8693292616346175,1.2370908725233332,1.8210634465814823,0.2351234352656866,2.71611,ok,5873337888,1,4.58872,ok,5873341886,1,3.50538,ok,5873345886,1,4.77669,ok,5873349886,1
2026-09-06T08:10:35.450198+00:00,56.446495025,248138,5873356143,5873372020,15,True,15,1.24691,1.82362,1.9588702564426583,1.8715321613752534,1.2469126403033337,1.8236257154481488,0.2321197503154143,2.72012,ok,5873359888,1,4.57059,ok,5873363886,1,3.49239,ok,5873367886,1,4.77566,ok,5873371886,1
2026-09-06T08:10:35.473234+00:00,56.46953171,248139,5873378400,5873395019,15,True,15,1.21039,1.82588,1.9285362166681856,1.874533658826514,1.2103897719200003,1.825876981777778,0.2528119810140604,2.69284,ok,5873382888,1,4.61662,ok,5873386886,1,3.49774,ok,5873390886,1,4.77482,ok,5873394886,1
2026-09-06T08:10:35.495206+00:00,56.491503278,248140,5873400654,5873417020,15,True,15,1.21925,1.81069,1.9348739422753336,1.859693223198309,1.2192508665000006,1.8106870360222223,0.23738944426531228,2.68141,ok,5873404888,1,4.58734,ok,5873408886,1,3.49142,ok,5873412886,1,4.78592,ok,5873416886,1
2026-09-06T08:10:35.527619+00:00,56.52391596,248141,5873422906,5873449020,15,True,15,1.24056,1.80928,1.9526999189683871,1.8579087997675703,1.2405629937466671,1.8092741658074079,0.22472839893085356,2.69886,ok,5873426888,1,4.56912,ok,5873430886,1,3.49986,ok,5873444886,2,4.77976,ok,5873448886,1
2026-09-06T08:10:35.545196+00:00,56.541493394,248142,5873450035,5873467020,15,True,15,1.20402,1.84113,1.9239340937178364,1.889212316588591,1.2040222595233332,1.8411304357037048,0.2671098624942201,2.71828,ok,5873454888,1,4.62905,ok,5873458886,1,3.48542,ok,5873462886,1,4.79055,ok,5873466886,1
2026-09-06T08:10:35.567216+00:00,56.563513124,248143,5873472298,5873489019,15,True,15,1.21921,1.84614,1.9370456288035374,1.8937275116358387,1.2192154856066673,1.846136376018519,0.2628202596797911,2.7327,ok,5873476888,1,4.61959,ok,5873480886,1,3.4882,ok,5873484886,1,4.77966,ok,5873488886,1
2026-09-06T08:10:35.589222+00:00,56.585519445,248144,5873494554,5873511019,15,True,15,1.21426,1.82494,1.931616670893795,1.8735080703364382,1.2142579541033331,1.8249454606481488,0.25006129693356455,2.69784,ok,5873498888,1,4.60763,ok,5873502886,1,3.49261,ok,5873506886,1,4.78192,ok,5873510886,1
2026-09-06T08:10:35.611219+00:00,56.60751639,248145,5873516809,5873533020,15,True,15,1.23508,1.81245,1.9483077105196722,1.8610762044082,1.2350766557700004,1.8124476084222227,0.2299245456689156,2.71571,ok,5873520888,1,4.58791,ok,5873524886,1,3.5125,ok,5873528886,1,4.78933,ok,5873532886,1
2026-09-06T08:10:35.633215+00:00,56.629512887,248146,5873539062,5873555019,15,True,15,1.24504,1.84772,1.9586806918511093,1.8946464059471742,1.2450405535100002,1.8477176878888895,0.25163036438145214,2.76446,ok,5873542888,1,4.59428,ok,5873546886,1,3.48975,ok,5873550886,1,4.78506,ok,5873554886,1
2026-09-06T08:10:35.686234+00:00,56.682531436,248147,5873590952,5873608019,15,True,15,1.22933,1.81904,1.9438777626442358,1.8675184353044294,1.229329932900001,1.8190421262555558,0.2377285675489501,2.69908,ok,5873595888,1,4.58557,ok,5873599886,1,3.49276,ok,5873603886,1,4.77856,ok,5873607886,1
2026-09-06T08:10:35.708206+00:00,56.704503229,248148,5873613218,5873630020,15,True,15,1.21471,1.82634,1.9320793129434037,1.8748281270040184,1.2147061971833335,1.8263298537148156,0.25079262842500233,2.6997,ok,5873617888,1,4.6082,ok,5873621886,1,3.49222,ok,5873625886,1,4.78123,ok,5873629886,1
2026-09-06T08:10:35.730206+00:00,56.726503054,248149,5873635472,5873652020,15,True,15,1.22822,1.82522,1.9434085905524228,1.8735096088781016,1.2282167598166667,1.825218288207408,0.2427653394782358,2.73066,ok,5873639888,1,4.61101,ok,5873643886,1,3.51662,ok,5873647886,1,4.78647,ok,5873651886,1
2026-09-06T08:10:35.752205+00:00,56.748501855,248150,5873657726,5873674019,15,True,15,1.216,1.8265,1.9331315797652031,1.8749492924939435,1.2160019323033342,1.8265067808370374,0.25022575389206037,2.70749,ok,5873661888,1,4.60821,ok,5873665886,1,3.49386,ok,5873669886,1,4.78715,ok,5873673886,1
2026-09-06T08:10:35.774297+00:00,56.770590994,248151,5873679981,5873696019,15,True,15,1.22394,1.81368,1.939119770399237,1.8625296513055765,1.2239401288533331,1.8136810972259263,0.23681620993951036,2.68793,ok,5873683888,1,4.59219,ok,5873687886,1,3.50064,ok,5873691886,1,4.77596,ok,5873695886,1
2026-09-06T08:10:35.797217+00:00,56.793514236,248152,5873702243,5873719020,15,True,15,1.21821,1.8215,1.9349042759325545,1.870199153034499,1.2182159922466669,1.821495302018519,0.24541882861558512,2.70446,ok,5873706888,1,4.61651,ok,5873710886,1,3.51438,ok,5873714886,1,4.7758,ok,5873718886,1
2026-09-06T08:10:35.819224+00:00,56.815521101,248153,5873724500,5873741020,15,True,15,1.22469,1.84402,1.9417050322042835,1.8916770794100335,1.2246825089300004,1.8440183949888893,0.2584542191977028,2.71904,ok,5873728888,1,4.61584,ok,5873732886,1,3.4938,ok,5873736886,1,4.75821,ok,5873740886,1
2026-09-06T08:10:35.841240+00:00,56.837537055,248154,5873746755,5873763020,15,True,15,1.24161,1.84172,1.9556761695110618,1.8890784997715162,1.2416097538100002,1.8417222193444451,0.2485089746949371,2.73788,ok,5873750888,1,4.59763,ok,5873754886,1,3.49697,ok,5873758886,1,4.76404,ok,5873762886,1
2026-09-06T08:10:35.863198+00:00,56.859495599,248155,5873769007,5873785020,15,True,15,1.23431,1.80518,1.947323951569554,1.8541640079453974,1.23430683113,1.8051750212555564,0.22514341309336902,2.67596,ok,5873772888,1,4.57202,ok,5873776886,1,3.49998,ok,5873780886,1,4.76817,ok,5873784886,1
2026-09-06T08:10:35.886284+00:00,56.882578525,248156,5873791264,5873808020,15,True,15,1.20883,1.81626,1.926498074213091,1.8652736490458695,1.2088313766133332,1.8162639794259265,0.24710160818335414,2.69568,ok,5873795888,1,4.61196,ok,5873799886,1,3.50173,ok,5873803886,1,4.79481,ok,5873807886,1
2026-09-06T08:10:35.908244+00:00,56.904540365,248157,5873813528,5873830019,15,True,15,1.21841,1.83766,1.9358023882381734,1.8855834789774215,1.218408358826666,1.837655512651853,0.2569853503636168,2.73735,ok,5873817888,1,4.62065,ok,5873821886,1,3.49937,ok,5873825886,1,4.79361,ok,5873829886,1
2026-09-06T08:10:35.930233+00:00,56.926529534,248158,5873835784,5873852019,15,True,15,1.23629,1.83987,1.950827345569865,1.887283772052905,1.2362858325333344,1.8398692340925933,0.24967096326487473,2.74616,ok,5873839888,1,4.59404,ok,5873843886,1,3.48701,ok,5873847886,1,4.78989,ok,5873851886,1
2026-09-06T08:10:35.952240+00:00,56.948537615,248159,5873858038,5873874019,15,True,15,1.22642,1.82603,1.9417432316761587,1.8742223854332025,1.2264246153899996,1.8260265028222231,0.24434075459732993,2.71324,ok,5873861888,1,4.59062,ok,5873865886,1,3.48623,ok,5873869886,1,4.78924,ok,5873873886,1
2026-09-06T08:10:35.975425+00:00,56.971717856,248160,5873880292,5873897020,15,True,15,1.2077,1.834,1.9265603072622943,1.8822785983514345,1.2077002708866664,1.8339962072962963,0.2600560795544234,2.70979,ok,5873884888,1,4.61748,ok,5873888886,1,3.48456,ok,5873892886,1,4.79112,ok,5873896886,1
2026-09-06T08:10:36.003244+00:00,56.999541646,248161,5873908586,5873925019,15,True,15,1.23338,1.81909,1.9471201938546654,1.8674068082770146,1.2333746138100001,1.8190895672888896,0.23566066874365368,2.70947,ok,5873912888,1,4.5767,ok,5873916886,1,3.48685,ok,5873920886,1,4.7903,ok,5873924886,1
2026-09-06T08:10:36.025261+00:00,57.021556672,248162,5873930852,5873947020,15,True,15,1.22076,1.80177,1.9356116909242502,1.8511113001223438,1.2207613181366672,1.8017688577074082,0.23046654205942355,2.68607,ok,5873934887,1,4.58886,ok,5873938886,1,3.50704,ok,5873942886,1,4.79491,ok,5873946886,1
2026-09-06T08:10:36.047249+00:00,57.043546513,248163,5873953105,5873969020,15,True,15,1.22164,1.82508,1.937767342024637,1.8734637868696136,1.2216373591333334,1.8250836082037043,0.24617680431790295,2.72005,ok,5873956888,1,4.60731,ok,5873960886,1,3.50256,ok,5873964886,1,4.79182,ok,5873968886,1
2026-09-06T08:10:36.070255+00:00,57.066552029,248164,5873975359,5873992020,15,True,15,1.24707,1.82466,1.9589933457555138,1.8724846003194626,1.2470729624299997,1.8246585554111119,0.2328369919417394,2.73227,ok,5873979887,1,4.57312,ok,5873983886,1,3.4946,ok,5873987886,1,4.78579,ok,5873991886,1
2026-09-06T08:10:36.092225+00:00,57.088521677,248165,5873997620,5874014020,15,True,15,1.21865,1.8232,1.9351061338925992,1.8716933446825115,1.2186492696399998,1.8231929047111122,0.24645171566305948,2.70546,ok,5874001888,1,4.60064,ok,5874005886,1,3.49194,ok,5874009886,1,4.78972,ok,5874013886,1
2026-09-06T08:10:36.114252+00:00,57.110548703,248166,5874019876,5874036019,15,True,15,1.21771,1.82022,1.9341716759852026,1.868872181505083,1.2177154171433333,1.8202174418370383,0.24485744324351202,2.69163,ok,5874023888,1,4.5957,ok,5874027886,1,3.48793,ok,5874031886,1,4.78362,ok,5874035886,1
2026-09-06T08:10:36.136237+00:00,57.132534064,248167,5874042139,5874058020,15,True,15,1.20694,1.82337,1.9252275632381315,1.8720770237735596,1.2069419919366668,1.8233719769407413,0.25306824964454255,2.69332,ok,5874045888,1,4.6061,ok,5874049886,1,3.48213,ok,5874053886,1,4.79506,ok,5874057886,1
2026-09-06T08:10:36.159223+00:00,57.155519995,248168,5874064396,5874081019,15,True,15,1.23208,1.81206,1.9454601870903607,1.8606196758357807,1.2320790349100006,1.8120593719111118,0.23133357909083585,2.71388,ok,5874068888,1,4.57255,ok,5874072886,1,3.48862,ok,5874076886,1,4.80853,ok,5874080886,1
2026-09-06T08:10:36.198214+00:00,57.19451103,248169,5874104070,5874120020,15,True,15,1.19982,1.82202,1.9191230541733544,1.870908009566321,1.1998163031600009,1.8220206688888896,0.2562124094020758,2.68936,ok,5874107888,1,4.61128,ok,5874111886,1,3.4805,ok,5874115886,1,4.80176,ok,5874119886,1
2026-09-06T08:10:36.221238+00:00,57.217535747,248170,5874126335,5874143020,15,True,15,1.22564,1.81155,1.9402083991135348,1.8603466385368843,1.2256403046900004,1.8115454348222226,0.23444068274871505,2.68475,ok,5874130888,1,4.57547,ok,5874134886,1,3.48388,ok,5874138886,1,4.78687,ok,5874142886,1
2026-09-06T08:10:36.243228+00:00,57.239524852,248171,5874148592,5874165019,15,True,15,1.2315,1.82937,1.9462082592856236,1.877327289851468,1.2314951221433335,1.8293688505148158,0.24416003771664943,2.71756,ok,5874152888,1,4.58636,ok,5874156886,1,3.48358,ok,5874160886,1,4.78449,ok,5874164886,1
2026-09-06T08:10:36.265264+00:00,57.261560518,248172,5874170846,5874187020,15,True,15,1.22757,1.8352,1.9432296518168464,1.8829797444968437,1.2275686143900002,1.8351940420777784,0.25048415475196845,2.74483,ok,5874174888,1,4.60572,ok,5874178886,1,3.49594,ok,5874182886,1,4.79973,ok,5874186886,1
2026-09-06T08:10:36.287300+00:00,57.283594616,248173,5874193099,5874209019,15,True,15,1.2061,1.82081,1.9245584092290322,1.8697312345713633,1.2060979282333337,1.820812575370371,0.25173172491523993,2.6963,ok,5874196888,1,4.62069,ok,5874200886,1,3.50349,ok,5874204886,1,4.78853,ok,5874208886,1
2026-09-06T08:10:36.310362+00:00,57.306657414,248174,5874215352,5874232020,15,True,15,1.2147,1.81689,1.9313693661262672,1.8657142825187747,1.2146953767833333,1.816893353537037,0.24424060418907725,2.70234,ok,5874219888,1,4.60236,ok,5874223886,1,3.49666,ok,5874227886,1,4.79871,ok,5874231886,1
2026-09-06T08:10:36.338228+00:00,57.334525685,248175,5874243586,5874260019,15,True,15,1.19343,1.8219,1.913895144787279,1.8709915065880678,1.1934285994300002,1.8219006276333336,0.2597896757345706,2.68561,ok,5874247888,1,4.62638,ok,5874251886,1,3.4915,ok,5874255886,1,4.79645,ok,5874259886,1
2026-09-06T08:10:36.360221+00:00,57.356518438,248176,5874265848,5874282020,15,True,15,1.21654,1.82445,1.9333855491641836,1.872927845841997,1.2165387092300004,1.8244466758555564,0.2484939434107754,2.71299,ok,5874269887,1,4.60648,ok,5874273886,1,3.495,ok,5874277886,1,4.79585,ok,5874281886,1
2026-09-06T08:10:36.382227+00:00,57.378524343,248177,5874288103,5874304020,15,True,15,1.22464,1.82125,1.9398958187154396,1.86964690852309,1.22463673021,1.8212468958333339,0.2418619754146431,2.71264,ok,5874291888,1,4.5895,ok,5874295886,1,3.48836,ok,5874299886,1,4.79785,ok,5874303886,1
2026-09-06T08:10:36.405243+00:00,57.401540036,248178,5874310357,5874327019,15,True,15,1.21497,1.81267,1.9311024913619146,1.8615438341147015,1.2149687882500002,1.812670898233334,0.24126040279427674,2.7239,ok,5874314887,1,4.60045,ok,5874318886,1,3.49997,ok,5874322886,1,4.82822,ok,5874326886,1
2026-09-06T08:10:36.427224+00:00,57.423521588,248179,5874332617,5874349019,15,True,15,1.20353,1.80458,1.9212958481030198,1.8541509970996775,1.2035340792600007,1.804579697088889,0.24246579275867186,2.68055,ok,5874336888,1,4.60804,ok,5874340886,1,3.50402,ok,5874344886,1,4.80362,ok,5874348886,1
2026-09-06T08:10:36.449224+00:00,57.445520837,248180,5874354875,5874371020,15,True,15,1.22398,1.80952,1.9386335545852926,1.8584134727857924,1.2239751320299999,1.8095214640666675,0.23397257973739197,2.69024,ok,5874358888,1,4.57782,ok,5874362886,1,3.48719,ok,5874366886,1,4.79616,ok,5874370886,1
2026-09-06T08:10:36.471265+00:00,57.467562072,248181,5874377135,5874393019,15,True,15,1.2312,1.80954,1.9444579000225428,1.8581715834183714,1.2311906275166669,1.8095397731518528,0.23006002695743955,2.72592,ok,5874380888,1,4.57479,ok,5874384886,1,3.49353,ok,5874388886,1,4.8242,ok,5874392886,1
2026-09-06T08:10:36.494286+00:00,57.490580836,248182,5874399391,5874416019,15,True,15,1.20946,1.83401,1.9280080290942767,1.8822442130564387,1.2094566832966664,1.8340117337185189,0.25912182531145245,2.71784,ok,5874403888,1,4.61813,ok,5874407886,1,3.48792,ok,5874411886,1,4.79593,ok,5874415886,1
2026-09-06T08:10:36.516262+00:00,57.512558901,248183,5874421646,5874438020,15,True,15,1.20635,1.8237,1.9248118496827222,1.8724284732913694,1.2063593437366664,1.823699348940742,0.2536056827803565,2.70198,ok,5874425888,1,4.61516,ok,5874429886,1,3.49285,ok,5874433886,1,4.797,ok,5874437886,1
2026-09-06T08:10:36.538236+00:00,57.534532837,248184,5874443899,5874460019,15,True,15,1.22229,1.80094,1.9366840894455,1.8502094423542184,1.2222900975300002,1.800941044577778,0.2290786386717221,2.68627,ok,5874447888,1,4.57722,ok,5874451886,1,3.49505,ok,5874455886,1,4.80384,ok,5874459886,1
2026-09-06T08:10:36.561243+00:00,57.557540337,248185,5874466158,5874483020,15,True,15,1.19685,1.83386,1.917445674397907,1.8823654919949826,1.1968497956666664,1.8338525708296307,0.2659450838695171,2.70136,ok,5874470888,1,4.62772,ok,5874474886,1,3.48276,ok,5874478886,1,4.7945,ok,5874482886,1
2026-09-06T08:10:36.583265+00:00,57.579562403,248186,5874488419,5874505019,15,True,15,1.20259,1.82148,1.9213801731994216,1.8703091253958295,1.202594105143333,1.8214766757703709,0.2542640540839043,2.72401,ok,5874492888,1,4.62527,ok,5874496886,1,3.50368,ok,5874500886,1,4.82205,ok,5874504886,1
2026-09-06T08:10:36.605779+00:00,57.602058562,248187,5874510674,5874527019,15,True,15,1.22314,1.82836,1.9390252972099717,1.8764816968098894,1.2231381424,1.8283606602666675,0.24778704175931124,2.72663,ok,5874514888,1,4.59703,ok,5874518886,1,3.48695,ok,5874522886,1,4.80295,ok,5874526886,1
2026-09-06T08:10:36.627225+00:00,57.623522468,248188,5874532927,5874549019,15,True,15,1.19605,1.79678,1.914544546554924,1.8468260247199275,1.1960461004299996,1.796780050833334,0.24210646143271572,2.67061,ok,5874536888,1,4.61334,ok,5874540886,1,3.51032,ok,5874544886,1,4.81035,ok,5874548886,1
2026-09-06T08:10:36.649231+00:00,57.645528534,248189,5874555180,5874571020,15,True,15,1.23826,1.84101,1.9524870035455997,1.8883031946371236,1.23826288277,1.8410083971555555,0.24959976981139084,2.75475,ok,5874558888,1,4.59226,ok,5874562886,1,3.48603,ok,5874566886,1,4.79626,ok,5874570886,1
2026-09-06T08:10:36.699235+00:00,57.695531706,248190,5874604835,5874621019,15,True,15,1.21634,1.81981,1.9329589589912557,1.868493989269338,1.2163428512933336,1.8198114996148154,0.24534031986564986,2.71262,ok,5874608888,1,4.6078,ok,5874612886,1,3.50242,ok,5874616886,1,4.79892,ok,5874620886,1
2026-09-06T08:10:36.721278+00:00,57.717574988,248191,5874627100,5874643020,15,True,15,1.20036,1.8153,1.919313840237143,1.8645152641199918,1.2003568566066667,1.8152972896518529,0.25135562024323593,2.6801,ok,5874630888,1,4.61397,ok,5874634886,1,3.49351,ok,5874638886,1,4.79399,ok,5874642886,1
2026-09-06T08:10:36.744239+00:00,57.740536791,248192,5874649356,5874666019,15,True,15,1.22521,1.81362,1.939795004673834,1.8622602463581888,1.2252140836533332,1.81362057685926,0.23617861466161838,2.70853,ok,5874653888,1,4.57911,ok,5874657886,1,3.48537,ok,5874661886,1,4.80907,ok,5874665886,1
2026-09-06T08:10:36.766266+00:00,57.762563465,248193,5874671617,5874688019,15,True,15,1.22074,1.81078,1.9359308657550014,1.8596580084767946,1.2207369036333333,1.8107791302592597,0.23667339972386292,2.72315,ok,5874675888,1,4.59808,ok,5874679886,1,3.50752,ok,5874683886,1,4.81944,ok,5874687886,1
2026-09-06T08:10:36.788239+00:00,57.784536089,248194,5874693874,5874710019,15,True,15,1.21411,1.82377,1.931128833555019,1.8722448420396482,1.2141089765266668,1.823769540496297,0.2493955228516305,2.72041,ok,5874697888,1,4.60374,ok,5874701886,1,3.48878,ok,5874705886,1,4.81256,ok,5874709886,1
2026-09-06T08:10:36.810243+00:00,57.806540682,248195,5874716137,5874732019,15,True,15,1.22011,1.80343,1.9350055073270591,1.8526425966656141,1.220108222533334,1.8034293592037043,0.2320102561146559,2.6989,ok,5874719888,1,4.58774,ok,5874723886,1,3.50251,ok,5874727886,1,4.81017,ok,5874731886,1
2026-09-06T08:10:36.833233+00:00,57.82953071,248196,5874738394,5874755020,15,True,15,1.22666,1.81226,1.9411210626058062,1.8610205542918017,1.226660699313333,1.8122636029259265,0.23437870866555985,2.70071,ok,5874742888,1,4.58416,ok,5874746886,1,3.49582,ok,5874750886,1,4.7937,ok,5874754886,1
2026-09-06T08:10:36.855250+00:00,57.851547176,248197,5874760648,5874777019,15,True,15,1.23174,1.81405,1.9454174165788702,1.8625870569219334,1.231737598910001,1.814041654477778,0.2328994563843833,2.72039,ok,5874764888,1,4.58426,ok,5874768886,1,3.50092,ok,5874772886,1,4.80359,ok,5874776886,1
2026-09-06T08:10:36.877232+00:00,57.873529624,248198,5874782901,5874799020,15,True,15,1.22464,1.83588,1.9408584945483598,1.8837208713844393,1.224638710386667,1.8358805654962962,0.2524784784610698,2.74356,ok,5874786888,1,4.6118,ok,5874790886,1,3.49888,ok,5874794886,1,4.7979,ok,5874798886,1
2026-09-06T08:10:36.900260+00:00,57.896556997,248199,5874805158,5874822020,15,True,15,1.22616,1.78607,1.939161754399832,1.8359220083115981,1.2261638273,1.7860685956666673,0.21694204067367542,2.67715,ok,5874809888,1,4.57458,ok,5874813886,1,3.51622,ok,5874817886,1,4.80204,ok,5874821886,1
2026-09-06T08:10:36.922245+00:00,57.918542038,248200,5874827422,5874844019,15,True,15,1.21743,1.82941,1.934456108447683,1.8776827661019286,1.2174306331166667,1.8294118714629635,0.2515400131449244,2.70794,ok,5874831888,1,4.60336,ok,5874835886,1,3.48576,ok,5874839886,1,4.78661,ok,5874843886,1
2026-09-06T08:10:36.944269+00:00,57.940566247,248201,5874849677,5874866020,15,True,15,1.21506,1.87984,1.9354145377388194,1.9260576677640224,1.2150536843866668,1.8798358026185187,0.2905874068296369,2.75263,ok,5874853888,1,4.62541,ok,5874857886,1,3.44622,ok,5874861886,1,4.77388,ok,5874865886,1
2026-09-06T08:10:36.966238+00:00,57.962535704,248202,5874871931,5874888019,15,True,15,1.2055,1.85378,1.9258170626865891,1.9012547151897596,1.2055031820233335,1.8537774327481482,0.2755171245105484,2.74015,ok,5874875888,1,4.63197,ok,5874879886,1,3.47508,ok,5874883886,1,4.79767,ok,5874887886,1
2026-09-06T08:10:36.988248+00:00,57.984545353,248203,5874894184,5874910020,15,True,15,1.18575,1.85345,1.909343528272845,1.9014028283155247,1.1857552016766673,1.8534465592851859,0.28575509297826696,2.7115,ok,5874897888,1,4.64973,ok,5874901886,1,3.47081,ok,5874905886,1,4.7894,ok,5874909886,1
2026-09-06T08:10:37.016240+00:00,58.012536796,248204,5874921583,5874938019,15,True,15,1.24907,1.81166,1.9599740916646644,1.8600270850132843,1.2490654515599997,1.8116688837000008,0.2220731595146279,2.70489,ok,5874925888,1,4.56019,ok,5874929886,1,3.49728,ok,5874933886,1,4.77506,ok,5874937886,1
2026-09-06T08:10:37.038324+00:00,58.034617551,248205,5874943849,5874960019,15,True,15,1.25067,1.84001,1.9631200641640596,1.8872182795172439,1.2506748098699998,1.8400084070222227,0.2429772283236002,2.7367,ok,5874947887,1,4.58063,ok,5874951886,1,3.48982,ok,5874955886,1,4.76165,ok,5874959886,1
2026-09-06T08:10:37.060257+00:00,58.056554398,248206,5874966104,5874982019,15,True,15,1.24301,1.83413,1.9565878910615093,1.8818581644485173,1.24300949713,1.8341287343555552,0.24196179319458752,2.71643,ok,5874969888,1,4.59498,ok,5874973886,1,3.50525,ok,5874977886,1,4.74624,ok,5874981886,1
2026-09-06T08:10:37.083252+00:00,58.079549258,248207,5874988357,5875005020,15,True,15,1.23851,1.82084,1.9519072007218317,1.8691558206148475,1.2385083731533335,1.8208394010037043,0.23419979864414242,2.69595,ok,5874992887,1,4.5838,ok,5874996886,1,3.50125,ok,5875000886,1,4.75577,ok,5875004886,1
2026-09-06T08:10:37.105236+00:00,58.101533531,248208,5875010617,5875027020,15,True,15,1.26206,1.81359,1.9711576507582012,1.861673216616748,1.2620596435466662,1.813584978062964,0.21709136696143752,2.7068,ok,5875014888,1,4.55264,ok,5875018886,1,3.50355,ok,5875022886,1,4.75537,ok,5875026886,1
2026-09-06T08:10:37.127274+00:00,58.123571021,248209,5875032873,5875049020,15,True,15,1.26029,1.83087,1.9705289335998821,1.8782045966615701,1.26029272615,1.8308743367888893,0.23142687364382958,2.72091,ok,5875036888,1,4.5513,ok,5875040886,1,3.47698,ok,5875044886,1,4.76011,ok,5875048886,1
2026-09-06T08:10:37.149253+00:00,58.145550174,248210,5875055138,5875071020,15,True,15,1.24319,1.82443,1.9558435650269235,1.872397649063742,1.2431908690566669,1.824423657540741,0.23455234897553276,2.71918,ok,5875058888,1,4.57817,ok,5875062886,1,3.49596,ok,5875066886,1,4.77437,ok,5875070886,1
2026-09-06T08:10:37.172243+00:00,58.16854017,248211,5875077393,5875094020,15,True,15,1.25606,1.81456,1.9659695417098104,1.8626303919463805,1.2560583074033338,1.814557215781481,0.22076551960431456,2.72509,ok,5875081888,1,4.55931,ok,5875085886,1,3.50241,ok,5875089886,1,4.7815,ok,5875093886,1
2026-09-06T08:10:37.213267+00:00,58.209564508,248212,5875118672,5875135020,15,True,15,1.23007,1.82597,1.9450627681494337,1.8742181612444537,1.2300702481566677,1.825970634651852,0.24233756484227,2.70145,ok,5875122888,1,4.59432,ok,5875126886,1,3.49639,ok,5875130886,1,4.76474,ok,5875134886,1
2026-09-06T08:10:37.235263+00:00,58.231560333,248213,5875140938,5875157019,15,True,15,1.22986,1.81747,1.9444090636796145,1.8660882124156057,1.229861081463334,1.8174735344259256,0.2362742972451344,2.69558,ok,5875144888,1,4.59364,ok,5875148886,1,3.50612,ok,5875152886,1,4.76721,ok,5875156886,1
2026-09-06T08:10:37.257262+00:00,58.25355891,248214,5875163196,5875179020,15,True,15,1.22583,1.84075,1.9422761759935645,1.8884259844122115,1.2258291843966662,1.8407496971851858,0.2554676479660072,2.72081,ok,5875166888,1,4.60386,ok,5875170886,1,3.48383,ok,5875174886,1,4.7725,ok,5875178886,1
2026-09-06T08:10:37.280290+00:00,58.276587691,248215,5875185450,5875202020,15,True,15,1.24326,1.84676,1.957207704668019,1.893796988745986,1.243258883766666,1.8467539870851861,0.2516802457412725,2.7473,ok,5875189888,1,4.59135,ok,5875193886,1,3.48458,ok,5875197886,1,4.77272,ok,5875201886,1
2026-09-06T08:10:37.302267+00:00,58.298564731,248216,5875207703,5875224020,15,True,15,1.2313,1.81981,1.9456417172999456,1.868250049533913,1.2312968574600005,1.8198143522888899,0.23722857107361559,2.71172,ok,5875211888,1,4.59421,ok,5875215886,1,3.50591,ok,5875219886,1,4.77973,ok,5875223886,1
2026-09-06T08:10:37.324261+00:00,58.32055822,248217,5875229957,5875246019,15,True,15,1.21341,1.8192,1.930456806385729,1.8679702474137976,1.2134033912833333,1.8192012877370374,0.2465498824608217,2.68991,ok,5875233888,1,4.59872,ok,5875237886,1,3.48704,ok,5875241886,1,4.78875,ok,5875245886,1
2026-09-06T08:10:37.352402+00:00,58.348698851,248218,5875257582,5875274020,15,True,15,1.23468,1.81458,1.9480111726903968,1.863088025565308,1.2346821997700002,1.8145830513777785,0.23169387602213218,2.70905,ok,5875261888,1,4.57876,ok,5875265886,1,3.49723,ok,5875269886,1,4.78936,ok,5875273886,1
2026-09-06T08:10:37.374246+00:00,58.370542864,248219,5875279845,5875296019,15,True,15,1.25257,1.82773,1.9637655073774007,1.875306313865243,1.2525738370466672,1.8277337018185185,0.23255043187083932,2.72643,ok,5875283887,1,4.5599,ok,5875287886,1,3.48121,ok,5875291886,1,4.77735,ok,5875295886,1
2026-09-06T08:10:37.396258+00:00,58.392555873,248220,5875302098,5875318020,15,True,15,1.25585,1.82741,1.9665301141958618,1.874943595785606,1.2558482805833335,1.827408336648149,0.2307548877885551,2.74772,ok,5875305888,1,4.57023,ok,5875309886,1,3.49983,ok,5875313886,1,4.78532,ok,5875317886,1
2026-09-06T08:10:37.419292+00:00,58.415589614,248221,5875324351,5875341019,15,True,15,1.20643,1.82485,1.925009870284763,1.873563260988472,1.2064267734666674,1.8248481938407404,0.2543392987879421,2.68916,ok,5875328887,1,4.61182,ok,5875332886,1,3.48705,ok,5875336886,1,4.78457,ok,5875340886,1
2026-09-06T08:10:37.441259+00:00,58.437556062,248222,5875346611,5875363020,15,True,15,1.2373,1.79703,1.949166004648038,1.8462031270707882,1.2372966769900007,1.7970269946666673,0.21784786823585173,2.68522,ok,5875350888,1,4.56305,ok,5875354886,1,3.50302,ok,5875358886,1,4.78855,ok,5875362886,1
2026-09-06T08:10:37.463278+00:00,58.459575056,248223,5875368869,5875385020,15,True,15,1.24826,1.81903,1.9596863875932038,1.8670770344470031,1.2482629481766672,1.8190300249185194,0.22799003135223675,2.71418,ok,5875372888,1,4.56297,ok,5875376886,1,3.49028,ok,5875380886,1,4.77769,ok,5875384886,1
2026-09-06T08:10:37.485258+00:00,58.481555488,248224,5875391129,5875407020,15,True,15,1.25287,1.81819,1.9633917775844132,1.8661189814531938,1.25287866671,1.8181889356444445,0.2250997939590549,2.73194,ok,5875394888,1,4.55999,ok,5875398886,1,3.49408,ok,5875402886,1,4.79189,ok,5875406886,1
2026-09-06T08:10:37.508261+00:00,58.504558413,248225,5875413385,5875430020,15,True,15,1.23021,1.83033,1.945443734393517,1.8783898178483107,1.2302143959499992,1.8303240494888897,0.2454690077219077,2.71244,ok,5875417888,1,4.60022,ok,5875421886,1,3.49875,ok,5875425886,1,4.76712,ok,5875429886,1
2026-09-06T08:10:37.530258+00:00,58.526555614,248226,5875435873,5875452020,15,True,15,1.21701,1.83588,1.9346711042520592,1.8839877475369382,1.21700196283,1.8358845820444454,0.2563943583612328,2.70174,ok,5875439900,1,4.61101,ok,5875443886,1,3.4869,ok,5875447886,1,4.76701,ok,5875451886,1
2026-09-06T08:10:37.552292+00:00,58.548589776,248227,5875458133,5875474019,15,True,15,1.23385,1.84019,1.9491479474318358,1.8878111676498905,1.2338473602966673,1.8401947541629633,0.2510473702564434,2.7192,ok,5875461887,1,4.60221,ok,5875465886,1,3.49386,ok,5875469886,1,4.75595,ok,5875473886,1
2026-09-06T08:10:37.575266+00:00,58.571563131,248228,5875480390,5875497020,15,True,15,1.21728,1.85473,1.9361673594680113,1.902123258565428,1.2172788562533332,1.8547344240259265,0.2701910866197625,2.72363,ok,5875484888,1,4.63011,ok,5875488886,1,3.48828,ok,5875492886,1,4.75502,ok,5875496886,1
2026-09-06T08:10:37.597269+00:00,58.593566092,248229,5875502650,5875519020,15,True,15,1.22256,1.84896,1.9401587177460737,1.8964350863083845,1.2225590963766664,1.8489637888518529,0.26324239106348096,2.72372,ok,5875506888,1,4.6176,ok,5875510886,1,3.48671,ok,5875514886,1,4.76164,ok,5875518886,1
2026-09-06T08:10:37.619264+00:00,58.615561245,248230,5875524905,5875541019,15,True,15,1.20454,1.83802,1.9243413009197163,1.8863014361436863,1.2045389484999993,1.8380275138000008,0.2645809651806407,2.69804,ok,5875528888,1,4.62619,ok,5875532886,1,3.48637,ok,5875536886,1,4.77223,ok,5875540886,1
2026-09-06T08:10:37.641299+00:00,58.637595695,248231,5875547158,5875563019,15,True,15,1.23804,1.83177,1.9521101474274805,1.8796149066000367,1.2380438674666672,1.8317659023296298,0.2426102272770308,2.71382,ok,5875550888,1,4.59048,ok,5875554886,1,3.49529,ok,5875558886,1,4.76029,ok,5875562886,1
2026-09-06T08:10:37.664263+00:00,58.660560218,248232,5875569411,5875586020,15,True,15,1.22642,1.85618,1.9436479110560831,1.903186198871576,1.226417649433333,1.8561761649703707,0.2668913885927959,2.76009,ok,5875573888,1,4.62248,ok,5875577886,1,3.4894,ok,5875581886,1,4.78382,ok,5875585886,1
2026-09-06T08:10:37.717272+00:00,58.713569775,248233,5875621954,5875639020,15,True,15,1.23017,1.82982,1.945164975973556,1.877807746805974,1.2301697485000005,1.8298204896666677,0.24516339221261577,2.71579,ok,5875626888,1,4.58966,ok,5875630886,1,3.48544,ok,5875634886,1,4.78166,ok,5875638886,1
2026-09-06T08:10:37.739274+00:00,58.735571489,248234,5875644220,5875661020,15,True,15,1.22161,1.80983,1.936772159224115,1.858805081799037,1.2216092463266661,1.8098264123518528,0.2354782972292781,2.68511,ok,5875648888,1,4.58448,ok,5875652886,1,3.49215,ok,5875656886,1,4.78869,ok,5875660886,1
2026-09-06T08:10:37.761266+00:00,58.757563378,248235,5875666476,5875683019,15,True,15,1.21594,1.84361,1.9341764362031706,1.8913885014279905,1.2159406918700004,1.8436117256333338,0.26261394016753203,2.72903,ok,5875670888,1,4.62399,ok,5875674886,1,3.49259,ok,5875678886,1,4.78044,ok,5875682886,1
2026-09-06T08:10:37.783283+00:00,58.779579907,248236,5875688730,5875705020,15,True,15,1.24686,1.83325,1.9594035173374134,1.8807629348534527,1.2468641530533335,1.8332511816259265,0.2395019776427973,2.73147,ok,5875692888,1,4.57655,ok,5875696886,1,3.48772,ok,5875700886,1,4.77394,ok,5875704886,1
2026-09-06T08:10:37.805273+00:00,58.801570164,248237,5875710985,5875727019,15,True,15,1.24568,1.8161,1.9576087062738792,1.864447108398138,1.2456815324033332,1.8161014392814823,0.2270422657808683,2.69712,ok,5875714888,1,4.57264,ok,5875718886,1,3.50299,ok,5875722886,1,4.75724,ok,5875726886,1
2026-09-06T08:10:37.828894+00:00,58.825157712,248238,5875733251,5875750019,15,True,15,1.21576,1.8407,1.93382811005141,1.8885891194398658,1.2157584921233333,1.8406991445259264,0.26057451901291706,2.712,ok,5875737888,1,4.61318,ok,5875741886,1,3.48177,ok,5875745886,1,4.77462,ok,5875749886,1
2026-09-06T08:10:37.850265+00:00,58.846562193,248239,5875755507,5875772019,15,True,15,1.22851,1.836,1.9443042264647157,1.8838404709923555,1.2285127498900004,1.8359961884888891,0.2505557743106915,2.72015,ok,5875759888,1,4.60368,ok,5875763886,1,3.49357,ok,5875767886,1,4.77078,ok,5875771886,1
2026-09-06T08:10:37.872300+00:00,58.868597475,248240,5875777761,5875794020,15,True,15,1.23851,1.83208,1.9523669507496728,1.879832592699275,1.2385087682033338,1.8320780790814817,0.24264360974659374,2.7374,ok,5875781888,1,4.59469,ok,5875785886,1,3.50108,ok,5875789886,1,4.78191,ok,5875793886,1
2026-09-06T08:10:37.894301+00:00,58.890597748,248241,5875800014,5875816020,15,True,15,1.2353,1.8188,1.949030311370219,1.8672358551215968,1.2352946973766663,1.8187964367296303,0.23437089954918253,2.69185,ok,5875803888,1,4.58262,ok,5875807886,1,3.49774,ok,5875811886,1,4.76095,ok,5875815886,1
2026-09-06T08:10:37.917284+00:00,58.913580704,248242,5875822269,5875839020,15,True,15,1.21516,1.81439,1.9318703460554554,1.8634236137535376,1.2151590736933333,1.814385285837038,0.24217598877475108,2.68722,ok,5875826888,1,4.6087,ok,5875830886,1,3.50888,ok,5875834886,1,4.77698,ok,5875838886,1
2026-09-06T08:10:37.939290+00:00,58.935586897,248243,5875844533,5875861019,15,True,15,1.22703,1.84876,1.9438754571535188,1.8961421921179569,1.2270267248166669,1.8487650673518528,0.2609019532997959,2.75575,ok,5875848888,1,4.62912,ok,5875852886,1,3.50858,ok,5875856886,1,4.77809,ok,5875860886,1
2026-09-06T08:10:37.961303+00:00,58.957600258,248244,5875866790,5875883019,15,True,15,1.21736,1.84718,1.9355124930796153,1.894745481837237,1.2173611932000006,1.8471772430222222,0.2645411343515086,2.73683,ok,5875870888,1,4.62221,ok,5875874886,1,3.48767,ok,5875878886,1,4.78475,ok,5875882886,1
2026-09-06T08:10:37.983282+00:00,58.979579507,248245,5875889043,5875905019,15,True,15,1.2148,1.81991,1.9319253143907098,1.8687402512326106,1.21479859911,1.8199081499000003,0.24619197522629543,2.68717,ok,5875892888,1,4.61036,ok,5875896886,1,3.50346,ok,5875900886,1,4.77087,ok,5875904886,1
2026-09-06T08:10:38.006292+00:00,59.002589151,248246,5875911298,5875928020,15,True,15,1.2324,1.85876,1.9491027452115612,1.9056683796229608,1.232403373956667,1.8587567970185193,0.26604182747938515,2.7326,ok,5875915888,1,4.61406,ok,5875919886,1,3.4835,ok,5875923886,1,4.74529,ok,5875927886,1
2026-09-06T08:10:38.034287+00:00,59.030584722,248247,5875939582,5875956020,15,True,15,1.26844,1.83291,1.977942073676678,1.8802057049558392,1.2684367332500006,1.8329111728111114,0.22943256775956544,2.68868,ok,5875943888,1,4.54802,ok,5875947886,1,3.48176,ok,5875951886,1,4.70729,ok,5875955886,1
2026-09-06T08:10:38.056284+00:00,59.052581731,248248,5875961849,5875978019,15,True,15,1.26874,1.84656,1.9789972475118782,1.8932839471390743,1.2687402924600002,1.8465634012777792,0.24044053977472823,2.73246,ok,5875965887,1,4.57155,ok,5875969886,1,3.49534,ok,5875973886,1,4.7212,ok,5875977886,1
2026-09-06T08:10:38.078308+00:00,59.074605045,248249,5875984104,5876000019,15,True,15,1.25503,1.824,1.9659371775041263,1.8718387346887513,1.2550254109866663,1.824003990196297,0.2284593706824558,2.72532,ok,5875987888,1,4.57638,ok,5875991886,1,3.51105,ok,5875995886,1,4.75867,ok,5875999886,1
2026-09-06T08:10:38.101292+00:00,59.097589537,248250,5876006357,5876023019,15,True,15,1.21427,1.82737,1.9315835330981386,1.8757406089884312,1.214270157173334,1.8273667873481483,0.2518137466319709,2.71141,ok,5876010887,1,4.60415,ok,5876014886,1,3.48491,ok,5876018886,1,4.79829,ok,5876022886,1
2026-09-06T08:10:38.123300+00:00,59.119597106,248251,5876028617,5876045019,15,True,15,1.23802,1.81482,1.9506441042515583,1.8631620549404682,1.2380187229500004,1.8148219724666665,0.23014865641551246,2.72142,ok,5876032888,1,4.57046,ok,5876036886,1,3.49083,ok,5876040886,1,4.8041,ok,5876044886,1
2026-09-06T08:10:38.145306+00:00,59.141603299,248252,5876050872,5876067019,15,True,15,1.24253,1.81654,1.9546790949278987,1.8647892607182284,1.2425337684133335,1.8165457126370377,0.22903890112014164,2.71656,ok,5876054888,1,4.56964,ok,5876058886,1,3.494,ok,5876062886,1,4.78834,ok,5876066886,1
2026-09-06T08:10:38.167275+00:00,59.16357202,248253,5876073136,5876089019,15,True,15,1.23384,1.82186,1.9476329535778447,1.8700333720416402,1.2338377582233342,1.8218590346148151,0.23744695912242075,2.71275,ok,5876076888,1,4.57527,ok,5876080886,1,3.48206,ok,5876084886,1,4.79181,ok,5876088886,1
2026-09-06T08:10:38.190293+00:00,59.186590144,248254,5876095392,5876112019,15,True,15,1.20009,1.8005,1.9180889363407987,1.8502748650594985,1.2000903415366666,1.8004993783407417,0.2419647566887962,2.6911,ok,5876099888,1,4.61499,ok,5876103886,1,3.51348,ok,5876107886,1,4.81971,ok,5876111886,1
2026-09-06T08:10:38.231292+00:00,59.227589553,248255,5876136942,5876153019,15,True,15,1.21996,1.80063,1.9347414453834966,1.8499687366738415,1.2199610415900006,1.8006244866666672,0.2302055390908469,2.70228,ok,5876140888,1,4.59179,ok,5876144886,1,3.5112,ok,5876148886,1,4.81303,ok,5876152886,1
2026-09-06T08:10:38.254285+00:00,59.250582045,248256,5876159209,5876176019,15,True,15,1.21069,1.80631,1.9270060806446627,1.8554734890782312,1.210685158056667,1.8063081561074077,0.2394952256645261,2.70725,ok,5876163888,1,4.5899,ok,5876167886,1,3.48816,ok,5876171886,1,4.83433,ok,5876175886,1
2026-09-06T08:10:38.276311+00:00,59.272608655,248257,5876181465,5876198019,15,True,15,1.19476,1.82321,1.9147862918877538,1.8720689864849054,1.19476077852,1.82320360738889,0.25998142064344165,2.71759,ok,5876185888,1,4.62497,ok,5876189886,1,3.48986,ok,5876193886,1,4.82972,ok,5876197886,1
2026-09-06T08:10:38.298312+00:00,59.294609536,248258,5876203719,5876220019,15,True,15,1.21872,1.82191,1.934864070069628,1.8703612106999357,1.2187133753766672,1.821913584585186,0.2455698419890084,2.74156,ok,5876207888,1,4.6089,ok,5876211886,1,3.50455,ok,5876215886,1,4.82378,ok,5876219886,1
2026-09-06T08:10:38.320278+00:00,59.316575313,248259,5876225972,5876242019,15,True,15,1.19256,1.82431,1.9131203192389192,1.8732351837648855,1.192558082196667,1.824314735418519,0.26196613848127565,2.6984,ok,5876229888,1,4.62363,ok,5876233886,1,3.48349,ok,5876237886,1,4.81298,ok,5876241886,1
2026-09-06T08:10:38.343315+00:00,59.339612286,248260,5876248226,5876265020,15,True,15,1.18748,1.82871,1.9092655681521469,1.8776290792469257,1.187478006156667,1.8287150468407414,0.2678099845400725,2.69452,ok,5876252888,1,4.63675,ok,5876256886,1,3.48795,ok,5876260886,1,4.80244,ok,5876264886,1
2026-09-06T08:10:38.371298+00:00,59.367595024,248261,5876276585,5876293019,15,True,15,1.22242,1.7942,1.936368366972308,1.8437308032190383,1.2224164781799995,1.7941970980666673,0.2245227262205473,2.68175,ok,5876280888,1,4.57382,ok,5876284886,1,3.49946,ok,5876288886,1,4.80808,ok,5876292886,1
2026-09-06T08:10:38.393320+00:00,59.389616706,248262,5876298848,5876315020,15,True,15,1.23055,1.82365,1.9451788621376935,1.8719114345627283,1.2305500021366667,1.8236485645851859,0.240422878877318,2.71558,ok,5876302887,1,4.59332,ok,5876306886,1,3.49875,ok,5876310886,1,4.78292,ok,5876314886,1
2026-09-06T08:10:38.415284+00:00,59.411581138,248263,5876321103,5876337019,15,True,15,1.23977,1.82738,1.9528833047757015,1.875177697257005,1.2397712410133341,1.8273809141037043,0.23852740223249028,2.75211,ok,5876324888,1,4.58637,ok,5876328886,1,3.49801,ok,5876332886,1,4.80849,ok,5876336886,1
2026-09-06T08:10:38.438316+00:00,59.434613087,248264,5876343356,5876360020,15,True,15,1.23608,1.81358,1.9492124495815888,1.8621351771850043,1.2360784666,1.8135752165000005,0.23020503278822899,2.70053,ok,5876347887,1,4.57723,ok,5876351886,1,3.49852,ok,5876355886,1,4.77922,ok,5876359886,1
2026-09-06T08:10:38.460301+00:00,59.456598,248265,5876365616,5876382020,15,True,15,1.23516,1.80768,1.9480506970875422,1.8564866510647773,1.2351535621933332,1.8076814180370375,0.22648872510876372,2.70131,ok,5876369888,1,4.57748,ok,5876373886,1,3.5051,ok,5876377886,1,4.78734,ok,5876381886,1
2026-09-06T08:10:38.482314+00:00,59.478611681,248266,5876387873,5876404019,15,True,15,1.23486,1.7964,1.9466511244444553,1.8454430263826092,1.2348573745233338,1.796394201514815,0.21890704671543976,2.73099,ok,5876391888,1,4.5678,ok,5876395886,1,3.50654,ok,5876399886,1,4.84119,ok,5876403886,1
2026-09-06T08:10:38.504289+00:00,59.500586418,248267,5876410134,5876426020,15,True,15,1.23466,1.84478,1.9499646090610028,1.8921212348440206,1.2346585860799995,1.8447749630111119,0.2541757836364234,2.7382,ok,5876413888,1,4.60372,ok,5876417886,1,3.49111,ok,5876421886,1,4.77023,ok,5876425886,1
2026-09-06T08:10:38.527301+00:00,59.523598238,248268,5876432390,5876449019,15,True,15,1.27312,1.84169,1.982547943051934,1.8885912076035705,1.2731223689599998,1.8416829505777785,0.2346406538345098,2.70655,ok,5876436888,1,4.56025,ok,5876440886,1,3.49313,ok,5876444886,1,4.69759,ok,5876448886,1
2026-09-06T08:10:38.549296+00:00,59.545593199,248269,5876454644,5876471019,15,True,15,1.28323,1.86599,1.9929565471566646,1.9119211144925883,1.2832321164800005,1.865996824977778,0.2514057180877971,2.70035,ok,5876458888,1,4.56865,ok,5876462886,1,3.48725,ok,5876466886,1,4.63709,ok,5876470886,1
2026-09-06T08:10:38.571281+00:00,59.567578176,248270,5876476896,5876493020,15,True,15,1.29351,1.87859,2.002672167990841,1.9239467629690836,1.2935130492533338,1.8785937084148152,0.2591064904754688,2.7252,ok,5876480888,1,4.58794,ok,5876484886,1,3.51098,ok,5876488886,1,4.61266,ok,5876492886,1
2026-09-06T08:10:38.594323+00:00,59.590619789,248271,5876499153,5876516019,15,True,15,1.28824,1.86126,1.9967018951940114,1.907191976262707,1.2882424829300003,1.861260654633334,0.24560278996490176,2.73108,ok,5876503888,1,4.5696,ok,5876507886,1,3.50176,ok,5876511886,1,4.66585,ok,5876515886,1
2026-09-06T08:10:38.616305+00:00,59.61260227,248272,5876521414,5876538020,15,True,15,1.24506,1.84636,1.9595365028604759,1.8937785649520162,1.2450567148166667,1.8463565362962966,0.25044360426814266,2.6716,ok,5876525888,1,4.59473,ok,5876529886,1,3.49212,ok,5876533886,1,4.67921,ok,5876537886,1
2026-09-06T08:10:38.638327+00:00,59.634623567,248273,5876543669,5876560019,15,True,15,1.2631,1.8445,1.9744034062712752,1.8915456046348778,1.2630967934799997,1.844497425566668,0.24106869419735916,2.71899,ok,5876547888,1,4.58763,ok,5876551886,1,3.51096,ok,5876555886,1,4.70394,ok,5876559886,1
2026-09-06T08:10:38.660322+00:00,59.656619552,248274,5876565923,5876582019,15,True,15,1.25429,1.86876,1.9681463227738998,1.914852743629418,1.25428738513,1.8687673870888897,0.2645829356625022,2.76281,ok,5876569888,1,4.60533,ok,5876573886,1,3.49042,ok,5876577886,1,4.73313,ok,5876581886,1
2026-09-06T08:10:38.682297+00:00,59.678594449,248275,5876588175,5876604019,15,True,15,1.21581,1.84936,1.934566218698959,1.8969798513666654,1.2158075020833337,1.8493614581925935,0.2669080670729906,2.72658,ok,5876591888,1,4.63165,ok,5876595886,1,3.49514,ok,5876599886,1,4.76507,ok,5876603886,1
2026-09-06T08:10:38.734297+00:00,59.730594411,248276,5876639684,5876656020,15,True,15,1.24399,1.83191,1.9568115250636429,1.8794938324403299,1.2439851113166673,1.8319129738185185,0.23986862870663814,2.73344,ok,5876643888,1,4.57614,ok,5876647886,1,3.48478,ok,5876651886,1,4.78387,ok,5876655886,1
2026-09-06T08:10:38.756294+00:00,59.752590844,248277,5876661949,5876678020,15,True,15,1.23189,1.81469,1.9458085025248477,1.8633131875738997,1.2318898312833337,1.8146911810370379,0.23322716969219212,2.69436,ok,5876665888,1,4.58209,ok,5876669886,1,3.49746,ok,5876673886,1,4.77531,ok,5876677886,1
2026-09-06T08:10:38.789304+00:00,59.785601398,248278,5876684204,5876711019,15,True,15,1.23849,1.82718,1.9520875141079734,1.875145394901221,1.2384884080533334,1.827174646625927,0.23895936666318787,2.72098,ok,5876688888,1,4.5872,ok,5876692886,1,3.49753,ok,5876696886,1,4.77501,ok,5876710886,2
2026-09-06T08:10:38.807324+00:00,59.803620764,248279,5876712036,5876729020,15,True,15,1.2419,1.82324,1.9547516854593459,1.871323929563724,1.2418983427199999,1.8232447878222233,0.23430098721472034,2.71783,ok,5876716888,1,4.58309,ok,5876720886,1,3.50207,ok,5876724886,1,4.77193,ok,5876728886,1
2026-09-06T08:10:38.839301+00:00,59.835597786,248280,5876734300,5876761019,15,True,15,1.22421,1.83742,1.940829194833182,1.8853156051314928,1.224208274,1.8374155387555562,0.253784213111509,2.72319,ok,5876738888,1,4.61453,ok,5876752886,2,3.49989,ok,5876756886,1,4.77145,ok,5876760886,1
2026-09-06T08:10:38.856322+00:00,59.852618437,248281,5876761698,5876778019,15,True,15,1.25383,1.8058,1.9638298284479043,1.8543995584936903,1.2538299601233331,1.8058005727592603,0.21525361365672666,2.70527,ok,5876765892,1,4.56669,ok,5876769886,1,3.52005,ok,5876773886,1,4.76482,ok,5876777886,1
2026-09-06T08:10:38.878304+00:00,59.874601173,248282,5876783954,5876800019,15,True,15,1.22656,1.83238,1.9425503572763076,1.880462184446883,1.22656045239,1.8323814371444453,0.24885032556249675,2.70495,ok,5876787888,1,4.60377,ok,5876791886,1,3.49555,ok,5876795886,1,4.7609,ok,5876799886,1
2026-09-06T08:10:38.900358+00:00,59.89665316,248283,5876806207,5876822020,15,True,15,1.23168,1.84691,1.9477907535590855,1.8943269818545259,1.2316758936000003,1.8469110564000004,0.25721493915432475,2.73278,ok,5876809888,1,4.61654,ok,5876813886,1,3.501,ok,5876817886,1,4.75584,ok,5876821886,1
2026-09-06T08:10:38.923331+00:00,59.919627155,248284,5876828464,5876845019,15,True,15,1.25469,1.82788,1.9661626501133034,1.875701141790695,1.2546866994300006,1.827887164088889,0.2315915070229084,2.69768,ok,5876832888,1,4.57685,ok,5876836886,1,3.5062,ok,5876840886,1,4.72363,ok,5876844886,1
2026-09-06T08:10:38.945347+00:00,59.941644165,248285,5876850727,5876867020,15,True,15,1.23538,1.83156,1.950157951891231,1.879611490434736,1.235378477203333,1.8315579421703716,0.24372227131067026,2.69928,ok,5876854888,1,4.60346,ok,5876858886,1,3.50879,ok,5876862886,1,4.73696,ok,5876866886,1
2026-09-06T08:10:38.967320+00:00,59.963616565,248286,5876872983,5876889020,15,True,15,1.24566,1.87726,1.9615062149995144,1.9232227801177693,1.2456596091433334,1.877263534603704,0.2750781226342214,2.7694,ok,5876876888,1,4.62619,ok,5876880886,1,3.49469,ok,5876884886,1,4.73064,ok,5876888886,1
